<?xml version="1.0" encoding="utf-8"?>
<COLLADA xmlns="http://www.collada.org/2005/11/COLLADASchema" version="1.4.1">
  <asset>
    <contributor>
      <author>Mixamo</author>
      <authoring_tool>COLLADA Mixamo exporter</authoring_tool>
      <comments/>
    </contributor>
    <created>2025-11-06T08:43:59Z</created>
    <modified>2025-11-06T08:43:59Z</modified>
    <revision/>
    <title/>
    <unit meter="0.010000"/>
    <up_axis>Y_UP</up_axis>
  </asset>
  <library_animations>
    <animation id="mixamorig_Hips-anim" name="mixamorig_Hips">
      <source id="mixamorig_Hips-Matrix-animation-input">
        <float_array id="mixamorig_Hips-Matrix-animation-input-array" count="53">

0.000000 0.033333 0.066667 0.100000 0.133333 0.166667 0.200000 0.233333 0.266667 0.300000 0.333333 0.366667 0.400000 0.433333 0.466667 0.500000
0.533333 0.566667 0.600000 0.633333 0.666667 0.700000 0.733333 0.766667 0.800000 0.833333 0.866667 0.900000 0.933333 0.966667 1.000000 1.033333
1.066667 1.100000 1.133333 1.166667 1.200000 1.233333 1.266667 1.300000 1.333333 1.366667 1.400000 1.433333 1.466667 1.500000 1.533333 1.566667
1.600000 1.633333 1.666667 1.700000 1.733333</float_array>
        <technique_common>
          <accessor source="#mixamorig_Hips-Matrix-animation-input-array" count="53">
            <param name="TIME" type="float"/>
          </accessor>
        </technique_common>
      </source>
      <source id="mixamorig_Hips-Matrix-animation-output-transform">
        <float_array id="mixamorig_Hips-Matrix-animation-output-transform-array" count="848">

0.820470 0.029192 -0.570944 -0.112597 -0.010772 0.999308 0.035614 100.409531 0.571588 -0.023070 0.820216 -0.967682 0.000000 0.000000 0.000000 1.000000
0.823576 0.031701 -0.566320 -0.085607 -0.008564 0.999018 0.043469 99.667778 0.567142 -0.030950 0.823039 0.060480 0.000000 0.000000 0.000000 1.000000
0.820479 0.034711 -0.570622 0.018290 -0.003482 0.998440 0.055728 98.778252 0.571666 -0.043737 0.819320 1.677906 0.000000 0.000000 0.000000 1.000000
0.808381 0.039344 -0.587344 0.282336 0.001921 0.997582 0.069467 97.682259 0.588657 -0.057284 0.806351 4.273428 0.000000 0.000000 0.000000 1.000000
0.784247 0.042250 -0.619008 0.732313 0.007965 0.996911 0.078135 96.468018 0.620397 -0.066208 0.781488 7.906322 0.000000 0.000000 0.000000 1.000000
0.738024 0.033700 -0.673932 1.509282 0.017369 0.997472 0.068899 95.804596 0.674551 -0.062555 0.735573 12.531770 0.000000 0.000000 0.000000 1.000000
0.672809 0.017011 -0.739621 2.473389 0.023247 0.998756 0.044118 96.091812 0.739451 -0.046877 0.671576 17.444252 0.000000 0.000000 0.000000 1.000000
0.597054 -0.002165 -0.802198 3.675041 0.019192 0.999749 0.011586 97.059196 0.801971 -0.022313 0.596945 22.121225 0.000000 0.000000 0.000000 1.000000
0.520988 -0.017701 -0.853381 5.124172 0.001694 0.999804 -0.019704 98.111671 0.853562 0.008820 0.520916 26.274275 0.000000 0.000000 0.000000 1.000000
0.456216 -0.026148 -0.889485 6.787436 -0.027920 0.998655 -0.043678 98.626465 0.889431 0.044761 0.454872 30.290422 0.000000 0.000000 0.000000 1.000000
0.413614 -0.027750 -0.910029 8.648711 -0.061259 0.996422 -0.058227 98.060532 0.908389 0.079831 0.410434 35.281631 0.000000 0.000000 0.000000 1.000000
0.394180 -0.025315 -0.918685 10.623598 -0.086038 0.994214 -0.064313 96.339737 0.914997 0.104393 0.389721 41.104115 0.000000 0.000000 0.000000 1.000000
0.387286 -0.023871 -0.921651 12.556228 -0.092132 0.993659 -0.064451 94.317894 0.917345 0.109875 0.382631 46.303680 0.000000 0.000000 0.000000 1.000000
0.381825 -0.023672 -0.923931 14.327111 -0.088625 0.994128 -0.062096 92.506989 0.919976 0.105593 0.377485 50.575165 0.000000 0.000000 0.000000 1.000000
0.375875 -0.024306 -0.926352 15.557620 -0.087045 0.994310 -0.061408 91.357903 0.922573 0.103716 0.371620 53.973457 0.000000 0.000000 0.000000 1.000000
0.371049 -0.025819 -0.928254 16.032167 -0.092063 0.993666 -0.064439 90.817520 0.924038 0.109368 0.366322 56.630020 0.000000 0.000000 0.000000 1.000000
0.366763 -0.027005 -0.929923 16.096716 -0.098861 0.992787 -0.067822 90.618080 0.925047 0.116808 0.361447 58.534092 0.000000 0.000000 0.000000 1.000000
0.360565 -0.023878 -0.932428 15.966070 -0.102422 0.992614 -0.065025 90.537491 0.927094 0.118947 0.355456 59.633904 0.000000 0.000000 0.000000 1.000000
0.351106 -0.015306 -0.936211 15.596088 -0.101021 0.993411 -0.054127 90.583107 0.930870 0.113581 0.347246 59.974594 0.000000 0.000000 0.000000 1.000000
0.340606 -0.004587 -0.940195 14.895672 -0.095024 0.994700 -0.039278 90.813850 0.935392 0.102719 0.338364 59.539494 0.000000 0.000000 0.000000 1.000000
0.334512 0.005434 -0.942376 13.904543 -0.084267 0.996150 -0.024168 91.322311 0.938617 0.087495 0.333682 58.282608 0.000000 0.000000 0.000000 1.000000
0.338168 0.013355 -0.940991 12.752248 -0.067301 0.997682 -0.010027 92.248222 0.938676 0.066720 0.338283 56.192860 0.000000 0.000000 0.000000 1.000000
0.354778 0.016517 -0.934805 11.479406 -0.044333 0.999016 0.000826 93.658340 0.933899 0.041150 0.355161 53.217953 0.000000 0.000000 0.000000 1.000000
0.385869 0.010873 -0.922490 10.115440 -0.018523 0.999820 0.004037 95.579155 0.922368 0.015529 0.386001 49.385201 0.000000 0.000000 0.000000 1.000000
0.430713 -0.004913 -0.902476 8.839112 0.006058 0.999978 -0.002552 97.809059 0.902469 -0.004368 0.430733 44.952999 0.000000 0.000000 0.000000 1.000000
0.483867 -0.025923 -0.874758 7.858279 0.026716 0.999533 -0.014843 100.009438 0.874734 -0.016188 0.484333 40.478088 0.000000 0.000000 0.000000 1.000000
0.534971 -0.042872 -0.843782 7.268593 0.041458 0.998841 -0.024466 101.940643 0.843853 -0.021893 0.536128 36.456791 0.000000 0.000000 0.000000 1.000000
0.572733 -0.048135 -0.818328 7.067657 0.046919 0.998563 -0.025900 103.431503 0.818398 -0.023561 0.574168 32.951035 0.000000 0.000000 0.000000 1.000000
0.591496 -0.042960 -0.805163 7.190309 0.043858 0.998815 -0.021074 104.440880 0.805115 -0.022848 0.592679 30.253248 0.000000 0.000000 0.000000 1.000000
0.593576 -0.033248 -0.804091 7.461330 0.035135 0.999264 -0.015381 105.179955 0.804011 -0.019122 0.594307 27.985231 0.000000 0.000000 0.000000 1.000000
0.586433 -0.019348 -0.809766 7.725331 0.017899 0.999780 -0.010925 105.587830 0.809800 -0.008087 0.586651 25.935469 0.000000 0.000000 0.000000 1.000000
0.579714 -0.003825 -0.814811 7.733787 -0.003011 0.999972 -0.006837 105.847420 0.814815 0.006416 0.579686 23.788321 0.000000 0.000000 0.000000 1.000000
0.582086 0.012572 -0.813030 7.448741 -0.025103 0.999682 -0.002515 105.688858 0.812740 0.021873 0.582216 21.549026 0.000000 0.000000 0.000000 1.000000
0.595396 0.026756 -0.802987 6.949418 -0.040475 0.999175 0.003282 104.934425 0.802413 0.030547 0.595987 19.074425 0.000000 0.000000 0.000000 1.000000
0.615953 0.036100 -0.786956 6.275442 -0.042034 0.999033 0.012929 103.908516 0.786661 0.025116 0.616874 16.399014 0.000000 0.000000 0.000000 1.000000
0.641080 0.040619 -0.766398 5.354590 -0.032231 0.999142 0.025993 102.901718 0.766797 0.008038 0.641840 13.525815 0.000000 0.000000 0.000000 1.000000
0.670273 0.041729 -0.740941 4.238616 -0.019606 0.999065 0.038530 101.961739 0.741856 -0.011298 0.670464 10.498466 0.000000 0.000000 0.000000 1.000000
0.700348 0.040605 -0.712646 3.167629 -0.008844 0.998798 0.048219 101.190773 0.713747 -0.027467 0.699865 7.475348 0.000000 0.000000 0.000000 1.000000
0.724471 0.037845 -0.688266 2.324628 -0.000136 0.998500 0.054761 100.727585 0.689305 -0.039579 0.723389 4.675593 0.000000 0.000000 0.000000 1.000000
0.739573 0.031372 -0.672345 1.682969 0.008832 0.998375 0.056300 100.765541 0.673018 -0.047576 0.738094 2.167747 0.000000 0.000000 0.000000 1.000000
0.750343 0.018475 -0.660791 1.157231 0.021012 0.998438 0.051775 101.219604 0.660715 -0.052733 0.748782 -0.015596 0.000000 0.000000 0.000000 1.000000
0.763292 0.003070 -0.646046 0.734148 0.033689 0.998439 0.044548 101.914955 0.645175 -0.055767 0.761997 -1.748497 0.000000 0.000000 0.000000 1.000000
0.779045 -0.008305 -0.626914 0.408591 0.041780 0.998377 0.038693 102.650658 0.625575 -0.056336 0.778127 -2.987582 0.000000 0.000000 0.000000 1.000000
0.793029 -0.012985 -0.609045 0.159683 0.043058 0.998467 0.034778 103.289040 0.607660 -0.053804 0.792373 -3.830707 0.000000 0.000000 0.000000 1.000000
0.801406 -0.012336 -0.597994 -0.018901 0.038651 0.998766 0.031195 103.768372 0.596871 -0.048112 0.800894 -4.391142 0.000000 0.000000 0.000000 1.000000
0.803447 -0.008492 -0.595316 -0.119337 0.030591 0.999166 0.027034 104.011093 0.594590 -0.039932 0.803037 -4.660763 0.000000 0.000000 0.000000 1.000000
0.801069 -0.003453 -0.598561 -0.158562 0.021029 0.999528 0.022376 103.964172 0.598202 -0.030512 0.800764 -4.617958 0.000000 0.000000 0.000000 1.000000
0.796183 0.002209 -0.605051 -0.156945 0.011145 0.999770 0.018315 103.634445 0.604953 -0.021325 0.795976 -4.302980 0.000000 0.000000 0.000000 1.000000
0.792994 0.008259 -0.609174 -0.144405 0.002489 0.999856 0.016796 103.097946 0.609225 -0.014836 0.792859 -3.812360 0.000000 0.000000 0.000000 1.000000
0.795610 0.014533 -0.605635 -0.137611 -0.003652 0.999809 0.019193 102.457390 0.605798 -0.013058 0.795511 -3.225728 0.000000 0.000000 0.000000 1.000000
0.803784 0.020567 -0.594566 -0.133541 -0.007426 0.999671 0.024540 101.781609 0.594875 -0.015309 0.803672 -2.552714 0.000000 0.000000 0.000000 1.000000
0.813291 0.025590 -0.581293 -0.124695 -0.009839 0.999494 0.030235 101.095184 0.581773 -0.018870 0.813132 -1.798754 0.000000 0.000000 0.000000 1.000000
0.820470 0.029192 -0.570944 -0.112597 -0.010772 0.999308 0.035614 100.409523 0.571588 -0.023070 0.820216 -0.967678 0.000000 0.000000 0.000000 1.000000</float_array>
        <technique_common>
          <accessor source="#mixamorig_Hips-Matrix-animation-output-transform-array" count="53" stride="16">
            <param type="float4x4"/>
          </accessor>
        </technique_common>
      </source>
      <source id="mixamorig_Hips-Interpolations">
        <Name_array id="mixamorig_Hips-Interpolations-array" count="53">
 LINEAR LINEAR LINEAR LINEAR LINEAR LINEAR LINEAR LINEAR LINEAR LINEAR LINEAR
LINEAR LINEAR LINEAR LINEAR LINEAR LINEAR LINEAR LINEAR LINEAR LINEAR LINEAR LINEAR
LINEAR LINEAR LINEAR LINEAR LINEAR LINEAR LINEAR LINEAR LINEAR LINEAR LINEAR LINEAR
LINEAR LINEAR LINEAR LINEAR LINEAR LINEAR LINEAR LINEAR LINEAR LINEAR LINEAR LINEAR
LINEAR LINEAR LINEAR LINEAR LINEAR LINEAR</Name_array>
        <technique_common>
          <accessor source="#mixamorig_Hips-Interpolations-array" count="53">
            <param type="name"/>
          </accessor>
        </technique_common>
      </source>
      <sampler id="mixamorig_Hips-Matrix-animation-transform">
        <input semantic="INPUT" source="#mixamorig_Hips-Matrix-animation-input"/>
        <input semantic="OUTPUT" source="#mixamorig_Hips-Matrix-animation-output-transform"/>
        <input semantic="INTERPOLATION" source="#mixamorig_Hips-Interpolations"/>
      </sampler>
      <channel source="#mixamorig_Hips-Matrix-animation-transform" target="mixamorig_Hips/matrix"/>
    </animation>
    <animation id="mixamorig_Spine-anim" name="mixamorig_Spine">
      <source id="mixamorig_Spine-Matrix-animation-input">
        <float_array id="mixamorig_Spine-Matrix-animation-input-array" count="53">

0.000000 0.033333 0.066667 0.100000 0.133333 0.166667 0.200000 0.233333 0.266667 0.300000 0.333333 0.366667 0.400000 0.433333 0.466667 0.500000
0.533333 0.566667 0.600000 0.633333 0.666667 0.700000 0.733333 0.766667 0.800000 0.833333 0.866667 0.900000 0.933333 0.966667 1.000000 1.033333
1.066667 1.100000 1.133333 1.166667 1.200000 1.233333 1.266667 1.300000 1.333333 1.366667 1.400000 1.433333 1.466667 1.500000 1.533333 1.566667
1.600000 1.633333 1.666667 1.700000 1.733333</float_array>
        <technique_common>
          <accessor source="#mixamorig_Spine-Matrix-animation-input-array" count="53">
            <param name="TIME" type="float"/>
          </accessor>
        </technique_common>
      </source>
      <source id="mixamorig_Spine-Matrix-animation-output-transform">
        <float_array id="mixamorig_Spine-Matrix-animation-output-transform-array" count="848">

0.999012 -0.035612 0.026587 0.000000 0.037660 0.996005 -0.080963 13.214800 -0.023597 0.081884 0.996362 0.000000 0.000000 0.000000 0.000000 1.000000
0.998978 -0.035284 0.028232 0.000000 0.037582 0.995630 -0.085496 13.214800 -0.025092 0.086469 0.995938 0.000000 0.000000 0.000000 0.000000 1.000000
0.998830 -0.036742 0.031441 0.000000 0.039548 0.994803 -0.093827 13.214800 -0.027830 0.094961 0.995092 0.000000 0.000000 0.000000 0.000000 1.000000
0.998501 -0.040612 0.036700 0.000000 0.044255 0.993528 -0.104616 13.214800 -0.032214 0.106083 0.993835 0.000000 0.000000 0.000000 0.000000 1.000000
0.998097 -0.043760 0.043443 0.000000 0.048423 0.992432 -0.112841 13.214800 -0.038176 0.114730 0.992663 0.000000 0.000000 0.000000 0.000000 1.000000
0.998000 -0.039689 0.049210 0.000000 0.045133 0.992343 -0.114971 13.214800 -0.044270 0.116962 0.992149 -0.000000 0.000000 0.000000 0.000000 1.000000
0.998382 -0.026249 0.050442 0.000000 0.031805 0.993121 -0.112689 13.214800 -0.047137 0.114111 0.992349 0.000000 0.000000 0.000000 0.000000 1.000000
0.998915 -0.004927 0.046308 0.000000 0.010039 0.993790 -0.110820 13.214800 -0.045475 0.111164 0.992761 0.000000 0.000000 0.000000 0.000000 1.000000
0.999107 0.018044 0.038213 0.000000 -0.013687 0.993688 -0.111345 13.214800 -0.039981 0.110723 0.993047 0.000000 0.000000 0.000000 0.000000 1.000000
0.999130 0.031877 0.026897 -0.000000 -0.028698 0.993377 -0.111261 13.214800 -0.030266 0.110393 0.993427 0.000000 0.000000 0.000000 0.000000 1.000000
0.999402 0.031658 0.013885 0.000000 -0.029962 0.993606 -0.108852 13.214800 -0.017242 0.108371 0.993961 0.000000 0.000000 0.000000 0.000000 1.000000
0.999692 0.024765 0.001706 -0.000000 -0.024433 0.993778 -0.108668 13.214800 -0.004386 0.108593 0.994077 0.000000 0.000000 0.000000 0.000000 1.000000
0.999616 0.026548 -0.007933 0.000000 -0.027294 0.992751 -0.117047 13.214800 0.004769 0.117218 0.993095 -0.000000 0.000000 0.000000 0.000000 1.000000
0.999283 0.036079 -0.011487 0.000000 -0.037289 0.990387 -0.133201 13.214800 0.006571 0.133534 0.991023 0.000000 0.000000 0.000000 0.000000 1.000000
0.998922 0.045771 -0.007733 0.000000 -0.046413 0.987782 -0.148773 13.214800 0.000829 0.148972 0.988841 -0.000000 0.000000 0.000000 0.000000 1.000000
0.998820 0.048542 0.001441 0.000000 -0.047715 0.986455 -0.156938 13.214800 -0.009040 0.156684 0.987607 0.000000 0.000000 0.000000 0.000000 1.000000
0.998888 0.045814 0.011117 0.000000 -0.043476 0.986383 -0.158614 13.214800 -0.018232 0.157954 0.987278 0.000000 0.000000 0.000000 0.000000 1.000000
0.998918 0.043225 0.017141 0.000000 -0.039967 0.986532 -0.158609 13.214800 -0.023766 0.157752 0.987193 -0.000000 0.000000 0.000000 0.000000 1.000000
0.998884 0.043301 0.018857 0.000000 -0.039764 0.986489 -0.158927 13.214800 -0.025484 0.157999 0.987110 0.000000 0.000000 0.000000 0.000000 1.000000
0.998872 0.043766 0.018438 -0.000000 -0.040311 0.986605 -0.158070 13.214800 -0.025109 0.157149 0.987256 0.000000 0.000000 0.000000 0.000000 1.000000
0.998960 0.041803 0.018210 0.000000 -0.038490 0.987202 -0.154762 13.214800 -0.024447 0.153900 0.987784 0.000000 0.000000 0.000000 0.000000 1.000000
0.999099 0.037960 0.018968 -0.000000 -0.034705 0.988150 -0.149515 13.214800 -0.024419 0.148722 0.988578 0.000000 0.000000 0.000000 0.000000 1.000000
0.999188 0.034694 0.020483 0.000000 -0.031417 0.989225 -0.142994 13.214800 -0.025223 0.142234 0.989512 0.000000 0.000000 0.000000 0.000000 1.000000
0.999215 0.032656 0.022430 -0.000000 -0.029343 0.990438 -0.134798 13.214800 -0.026618 0.134034 0.990619 0.000000 0.000000 0.000000 0.000000 1.000000
0.999258 0.029934 0.024246 0.000000 -0.026691 0.991859 -0.124511 13.214800 -0.027776 0.123771 0.991922 -0.000000 0.000000 0.000000 0.000000 1.000000
0.999364 0.025476 0.024939 0.000000 -0.022484 0.993263 -0.113676 13.214800 -0.027667 0.113043 0.993205 0.000000 0.000000 0.000000 0.000000 1.000000
0.999496 0.020674 0.024087 0.000000 -0.018007 0.994193 -0.106095 13.214800 -0.026140 0.105608 0.994064 0.000000 0.000000 0.000000 0.000000 1.000000
0.999614 0.015221 0.023252 0.000000 -0.012702 0.994404 -0.104879 13.214800 -0.024718 0.104543 0.994213 0.000000 0.000000 0.000000 0.000000 1.000000
0.999686 0.009804 0.023060 0.000000 -0.007227 0.993987 -0.109257 13.214800 -0.023992 0.109056 0.993746 0.000000 0.000000 0.000000 0.000000 1.000000
0.999730 0.006076 0.022412 -0.000000 -0.003456 0.993343 -0.115139 13.214800 -0.022963 0.115031 0.993097 0.000000 0.000000 0.000000 0.000000 1.000000
0.999783 0.000853 0.020792 0.000000 0.001616 0.992961 -0.118433 13.214800 -0.020747 0.118441 0.992744 0.000000 0.000000 0.000000 0.000000 1.000000
0.999838 -0.001908 0.017898 0.000000 0.004003 0.993038 -0.117724 13.214800 -0.017549 0.117776 0.992885 0.000000 0.000000 0.000000 0.000000 1.000000
0.999876 -0.004206 0.015175 0.000000 0.005913 0.993429 -0.114294 13.214800 -0.014595 0.114370 0.993331 0.000000 0.000000 0.000000 0.000000 1.000000
0.999883 -0.005949 0.014060 0.000000 0.007474 0.993797 -0.110961 13.214800 -0.013313 0.111053 0.993725 -0.000000 0.000000 0.000000 0.000000 1.000000
0.999873 -0.004992 0.015140 0.000000 0.006620 0.993966 -0.109486 13.214800 -0.014502 0.109572 0.993873 0.000000 0.000000 0.000000 0.000000 1.000000
0.999840 -0.002113 0.017771 0.000000 0.004038 0.994038 -0.108964 13.214800 -0.017435 0.109018 0.993887 -0.000000 0.000000 0.000000 0.000000 1.000000
0.999780 -0.001451 0.020932 0.000000 0.003691 0.994213 -0.107359 13.214800 -0.020655 0.107412 0.994000 0.000000 0.000000 0.000000 0.000000 1.000000
0.999694 -0.005191 0.024168 0.000000 0.007680 0.994540 -0.104076 13.214800 -0.023496 0.104230 0.994276 -0.000000 0.000000 0.000000 0.000000 1.000000
0.999549 -0.011875 0.027565 0.000000 0.014577 0.994881 -0.099994 13.214800 -0.026236 0.100351 0.994606 0.000000 0.000000 0.000000 0.000000 1.000000
0.999366 -0.017919 0.030775 0.000000 0.020787 0.995204 -0.095582 13.214800 -0.028915 0.096161 0.994946 0.000000 0.000000 0.000000 0.000000 1.000000
0.999249 -0.020493 0.032872 0.000000 0.023392 0.995633 -0.090372 13.214800 -0.030876 0.091073 0.995365 -0.000000 0.000000 0.000000 0.000000 1.000000
0.999221 -0.021719 0.032946 0.000000 0.024428 0.996149 -0.084209 13.214800 -0.030990 0.084949 0.995903 0.000000 0.000000 0.000000 0.000000 1.000000
0.999217 -0.024228 0.031291 0.000000 0.026612 0.996587 -0.078136 13.214800 -0.029291 0.078907 0.996452 -0.000000 0.000000 0.000000 0.000000 1.000000
0.999181 -0.028101 0.029130 -0.000000 0.030181 0.996832 -0.073592 13.214800 -0.026970 0.074411 0.996863 0.000000 0.000000 0.000000 0.000000 1.000000
0.999115 -0.031779 0.027558 0.000000 0.033670 0.996900 -0.071112 13.214800 -0.025212 0.071977 0.997088 0.000000 0.000000 0.000000 0.000000 1.000000
0.999048 -0.034322 0.026926 -0.000000 0.036133 0.996897 -0.069940 13.214800 -0.024442 0.070847 0.997188 -0.000000 0.000000 0.000000 0.000000 1.000000
0.998986 -0.036017 0.027013 0.000000 0.037806 0.996906 -0.068913 13.214800 -0.024447 0.069864 0.997257 0.000000 0.000000 0.000000 0.000000 1.000000
0.998930 -0.037313 0.027342 0.000000 0.039095 0.996930 -0.067838 13.214800 -0.024727 0.068835 0.997322 -0.000000 0.000000 0.000000 0.000000 1.000000
0.998898 -0.038118 0.027385 0.000000 0.039903 0.996896 -0.067872 13.214800 -0.024713 0.068890 0.997318 0.000000 0.000000 0.000000 0.000000 1.000000
0.998912 -0.038104 0.026879 0.000000 0.039908 0.996738 -0.070142 13.214800 -0.024119 0.071138 0.997175 0.000000 0.000000 0.000000 0.000000 1.000000
0.998959 -0.037347 0.026179 -0.000000 0.039196 0.996482 -0.074080 13.214800 -0.023320 0.075029 0.996909 -0.000000 0.000000 0.000000 0.000000 1.000000
0.999001 -0.036371 0.025977 0.000000 0.038295 0.996228 -0.077865 13.214800 -0.023047 0.078782 0.996625 0.000000 0.000000 0.000000 0.000000 1.000000
0.999012 -0.035612 0.026587 0.000000 0.037660 0.996005 -0.080963 13.214800 -0.023597 0.081884 0.996362 0.000000 0.000000 0.000000 0.000000 1.000000</float_array>
        <technique_common>
          <accessor source="#mixamorig_Spine-Matrix-animation-output-transform-array" count="53" stride="16">
            <param type="float4x4"/>
          </accessor>
        </technique_common>
      </source>
      <source id="mixamorig_Spine-Interpolations">
        <Name_array id="mixamorig_Spine-Interpolations-array" count="53">
 LINEAR LINEAR LINEAR LINEAR LINEAR LINEAR LINEAR LINEAR LINEAR LINEAR LINEAR
LINEAR LINEAR LINEAR LINEAR LINEAR LINEAR LINEAR LINEAR LINEAR LINEAR LINEAR LINEAR
LINEAR LINEAR LINEAR LINEAR LINEAR LINEAR LINEAR LINEAR LINEAR LINEAR LINEAR LINEAR
LINEAR LINEAR LINEAR LINEAR LINEAR LINEAR LINEAR LINEAR LINEAR LINEAR LINEAR LINEAR
LINEAR LINEAR LINEAR LINEAR LINEAR LINEAR</Name_array>
        <technique_common>
          <accessor source="#mixamorig_Spine-Interpolations-array" count="53">
            <param type="name"/>
          </accessor>
        </technique_common>
      </source>
      <sampler id="mixamorig_Spine-Matrix-animation-transform">
        <input semantic="INPUT" source="#mixamorig_Spine-Matrix-animation-input"/>
        <input semantic="OUTPUT" source="#mixamorig_Spine-Matrix-animation-output-transform"/>
        <input semantic="INTERPOLATION" source="#mixamorig_Spine-Interpolations"/>
      </sampler>
      <channel source="#mixamorig_Spine-Matrix-animation-transform" target="mixamorig_Spine/matrix"/>
    </animation>
    <animation id="mixamorig_Spine1-anim" name="mixamorig_Spine1">
      <source id="mixamorig_Spine1-Matrix-animation-input">
        <float_array id="mixamorig_Spine1-Matrix-animation-input-array" count="53">

0.000000 0.033333 0.066667 0.100000 0.133333 0.166667 0.200000 0.233333 0.266667 0.300000 0.333333 0.366667 0.400000 0.433333 0.466667 0.500000
0.533333 0.566667 0.600000 0.633333 0.666667 0.700000 0.733333 0.766667 0.800000 0.833333 0.866667 0.900000 0.933333 0.966667 1.000000 1.033333
1.066667 1.100000 1.133333 1.166667 1.200000 1.233333 1.266667 1.300000 1.333333 1.366667 1.400000 1.433333 1.466667 1.500000 1.533333 1.566667
1.600000 1.633333 1.666667 1.700000 1.733333</float_array>
        <technique_common>
          <accessor source="#mixamorig_Spine1-Matrix-animation-input-array" count="53">
            <param name="TIME" type="float"/>
          </accessor>
        </technique_common>
      </source>
      <source id="mixamorig_Spine1-Matrix-animation-output-transform">
        <float_array id="mixamorig_Spine1-Matrix-animation-output-transform-array" count="848">

0.998518 -0.018292 0.051263 0.000000 0.024706 0.991540 -0.127431 9.224200 -0.048499 0.128508 0.990522 0.000000 0.000000 0.000000 0.000000 1.000000
0.998398 -0.016943 0.053988 -0.000000 0.023953 0.990964 -0.131973 9.224200 -0.051264 0.133055 0.989782 -0.000000 0.000000 0.000000 0.000000 1.000000
0.998100 -0.016695 0.059313 0.000000 0.024849 0.989908 -0.139515 9.224200 -0.056385 0.140723 0.988442 -0.000000 0.000000 0.000000 0.000000 1.000000
0.997559 -0.015063 0.068189 0.000000 0.025096 0.988553 -0.148774 9.224200 -0.065167 0.150122 0.986517 0.000000 0.000000 0.000000 0.000000 1.000000
0.996791 -0.008683 0.079581 0.000000 0.020948 0.987754 -0.154609 9.224200 -0.077264 0.155780 0.984765 0.000000 0.000000 0.000000 0.000000 1.000000
0.996027 0.003212 0.088992 0.000000 0.010531 0.988087 -0.153533 9.224200 -0.088425 0.153860 0.984128 0.000000 0.000000 0.000000 0.000000 1.000000
0.995769 0.017408 0.090224 0.000000 -0.003855 0.988940 -0.148264 9.224200 -0.091807 0.147289 0.984824 -0.000000 0.000000 0.000000 0.000000 1.000000
0.996382 0.029334 0.079768 -0.000000 -0.017479 0.989213 -0.145440 9.224200 -0.083173 0.143520 0.986146 -0.000000 0.000000 0.000000 0.000000 1.000000
0.997573 0.035864 0.059675 0.000000 -0.026606 0.988437 -0.149277 9.224200 -0.064339 0.147327 0.986993 0.000000 0.000000 0.000000 0.000000 1.000000
0.998753 0.034828 0.035762 0.000000 -0.028843 0.987330 -0.156038 9.224200 -0.040744 0.154812 0.987103 0.000000 0.000000 0.000000 0.000000 1.000000
0.999529 0.027966 0.012603 -0.000000 -0.025585 0.986720 -0.160403 9.224200 -0.016921 0.160006 0.986971 0.000000 0.000000 0.000000 0.000000 1.000000
0.999709 0.022632 -0.008367 -0.000000 -0.023696 0.986279 -0.163377 9.224200 0.004555 0.163527 0.986528 0.000000 0.000000 0.000000 0.000000 1.000000
0.999305 0.026901 -0.025793 0.000000 -0.030935 0.984691 -0.171544 9.224200 0.020783 0.172223 0.984839 0.000000 0.000000 0.000000 0.000000 1.000000
0.998542 0.040806 -0.035335 0.000000 -0.046741 0.981080 -0.187875 9.224200 0.027000 0.189252 0.981557 0.000000 0.000000 0.000000 0.000000 1.000000
0.997920 0.055801 -0.032277 0.000000 -0.061290 0.976459 -0.206813 9.224200 0.019976 0.208362 0.977848 0.000000 0.000000 0.000000 0.000000 1.000000
0.997790 0.064034 -0.017761 0.000000 -0.066376 0.973152 -0.220385 9.224200 0.003173 0.221077 0.975251 -0.000000 0.000000 0.000000 0.000000 1.000000
0.997858 0.065417 -0.000101 -0.000000 -0.063741 0.971947 -0.226397 9.224200 -0.014712 0.225918 0.974035 -0.000000 0.000000 0.000000 0.000000 1.000000
0.997818 0.064914 0.012066 0.000000 -0.060457 0.971733 -0.228211 9.224200 -0.026539 0.226984 0.973537 0.000000 0.000000 0.000000 0.000000 1.000000
0.997697 0.065688 0.016934 0.000000 -0.060093 0.971654 -0.228642 9.224200 -0.031473 0.227098 0.973363 -0.000000 0.000000 0.000000 0.000000 1.000000
0.997583 0.066867 0.018900 -0.000000 -0.060834 0.971877 -0.227494 9.224200 -0.033580 0.225795 0.973596 0.000000 0.000000 0.000000 0.000000 1.000000
0.997522 0.066654 0.022510 0.000000 -0.059940 0.972721 -0.224099 9.224200 -0.036833 0.222194 0.974306 0.000000 0.000000 0.000000 0.000000 1.000000
0.997441 0.065481 0.028693 -0.000000 -0.057650 0.974054 -0.218852 9.224200 -0.042279 0.216638 0.975336 0.000000 0.000000 0.000000 0.000000 1.000000
0.997207 0.065551 0.035808 0.000000 -0.056525 0.975655 -0.211904 9.224200 -0.048827 0.209288 0.976634 0.000000 0.000000 0.000000 0.000000 1.000000
0.996823 0.067642 0.042042 0.000000 -0.057800 0.977591 -0.202421 9.224200 -0.054792 0.199348 0.978396 0.000000 0.000000 0.000000 0.000000 1.000000
0.996541 0.069082 0.046182 0.000000 -0.059125 0.979985 -0.190088 9.224200 -0.058390 0.186700 0.980680 0.000000 0.000000 0.000000 0.000000 1.000000
0.996676 0.066198 0.047475 0.000000 -0.056833 0.982577 -0.176952 9.224200 -0.058362 0.173666 0.983074 0.000000 0.000000 0.000000 0.000000 1.000000
0.997195 0.059050 0.046001 0.000000 -0.050593 0.984625 -0.167195 9.224200 -0.055167 0.164399 0.984850 0.000000 0.000000 0.000000 0.000000 1.000000
0.997729 0.051776 0.043073 0.000000 -0.044050 0.985446 -0.164184 9.224200 -0.050946 0.161914 0.985489 0.000000 0.000000 0.000000 0.000000 1.000000
0.998056 0.047356 0.040510 0.000000 -0.039947 0.985085 -0.167369 9.224200 -0.047832 0.165425 0.985062 0.000000 0.000000 0.000000 0.000000 1.000000
0.998290 0.043505 0.039037 -0.000000 -0.036152 0.984346 -0.172499 9.224200 -0.045930 0.170793 0.984236 -0.000000 0.000000 0.000000 0.000000 1.000000
0.998689 0.034789 0.037544 0.000000 -0.027720 0.984239 -0.174658 9.224200 -0.043028 0.173389 0.983913 0.000000 0.000000 0.000000 0.000000 1.000000
0.999225 0.019080 0.034439 -0.000000 -0.012901 0.985106 -0.171465 9.224200 -0.037197 0.170888 0.984588 0.000000 0.000000 0.000000 0.000000 1.000000
0.999550 0.001612 0.029954 0.000000 0.003344 0.986342 -0.164674 9.224200 -0.029810 0.164700 0.985893 0.000000 0.000000 0.000000 0.000000 1.000000
0.999609 -0.008514 0.026651 0.000000 0.012642 0.987233 -0.158780 9.224200 -0.024959 0.159055 0.986954 -0.000000 0.000000 0.000000 0.000000 1.000000
0.999611 -0.006603 0.027103 0.000000 0.010774 0.987579 -0.156756 9.224200 -0.025731 0.156987 0.987265 -0.000000 0.000000 0.000000 0.000000 1.000000
0.999500 0.003228 0.031438 0.000000 0.001754 0.987572 -0.157159 9.224200 -0.031554 0.157136 0.987073 0.000000 0.000000 0.000000 0.000000 1.000000
0.999211 0.011955 0.037876 0.000000 -0.005886 0.987666 -0.156467 9.224200 -0.039280 0.156121 0.986957 0.000000 0.000000 0.000000 0.000000 1.000000
0.998890 0.013565 0.045103 0.000000 -0.006488 0.988127 -0.153504 9.224200 -0.046650 0.153041 0.987118 -0.000000 0.000000 0.000000 0.000000 1.000000
0.998559 0.009228 0.052857 -0.000000 -0.001208 0.988718 -0.149785 9.224200 -0.053643 0.149505 0.987305 -0.000000 0.000000 0.000000 0.000000 1.000000
0.998173 0.004384 0.060268 0.000000 0.004484 0.989241 -0.146229 9.224200 -0.060261 0.146232 0.987413 0.000000 0.000000 0.000000 0.000000 1.000000
0.997871 0.002659 0.065164 0.000000 0.006631 0.989855 -0.141929 9.224200 -0.064880 0.142059 0.987730 0.000000 0.000000 0.000000 0.000000 1.000000
0.997825 0.003072 0.065851 0.000000 0.005943 0.990653 -0.136274 9.224200 -0.065654 0.136368 0.988480 -0.000000 0.000000 0.000000 0.000000 1.000000
0.998013 0.002572 0.062963 0.000000 0.005670 0.991450 -0.130367 9.224200 -0.062760 0.130465 0.989465 -0.000000 0.000000 0.000000 0.000000 1.000000
0.998264 -0.000162 0.058891 0.000000 0.007581 0.992030 -0.125777 9.224200 -0.058401 0.126005 0.990309 0.000000 0.000000 0.000000 0.000000 1.000000
0.998437 -0.004103 0.055743 -0.000000 0.010934 0.992372 -0.122792 9.224200 -0.054814 0.123210 0.990866 0.000000 0.000000 0.000000 0.000000 1.000000
0.998492 -0.008072 0.054306 0.000000 0.014567 0.992632 -0.120290 9.224200 -0.052935 0.120900 0.991252 0.000000 0.000000 0.000000 0.000000 1.000000
0.998447 -0.012142 0.054371 0.000000 0.018451 0.992951 -0.117083 9.224200 -0.052566 0.117905 0.991633 0.000000 0.000000 0.000000 0.000000 1.000000
0.998343 -0.016695 0.055065 -0.000000 0.022869 0.993278 -0.113470 9.224200 -0.052800 0.114541 0.992014 0.000000 0.000000 0.000000 0.000000 1.000000
0.998263 -0.020969 0.055061 -0.000000 0.027018 0.993395 -0.111518 9.224200 -0.052359 0.112812 0.992236 0.000000 0.000000 0.000000 0.000000 1.000000
0.998289 -0.023363 0.053594 0.000000 0.029322 0.993135 -0.113242 9.224200 -0.050581 0.114619 0.992121 0.000000 0.000000 0.000000 0.000000 1.000000
0.998407 -0.023056 0.051502 0.000000 0.029016 0.992573 -0.118137 9.224200 -0.048396 0.119443 0.991661 0.000000 0.000000 0.000000 0.000000 1.000000
0.998509 -0.020810 0.050456 0.000000 0.026910 0.991992 -0.123404 9.224200 -0.047484 0.124578 0.991073 0.000000 0.000000 0.000000 0.000000 1.000000
0.998518 -0.018292 0.051263 -0.000000 0.024706 0.991540 -0.127431 9.224200 -0.048499 0.128508 0.990522 0.000000 0.000000 0.000000 0.000000 1.000000</float_array>
        <technique_common>
          <accessor source="#mixamorig_Spine1-Matrix-animation-output-transform-array" count="53" stride="16">
            <param type="float4x4"/>
          </accessor>
        </technique_common>
      </source>
      <source id="mixamorig_Spine1-Interpolations">
        <Name_array id="mixamorig_Spine1-Interpolations-array" count="53">
 LINEAR LINEAR LINEAR LINEAR LINEAR LINEAR LINEAR LINEAR LINEAR LINEAR LINEAR
LINEAR LINEAR LINEAR LINEAR LINEAR LINEAR LINEAR LINEAR LINEAR LINEAR LINEAR LINEAR
LINEAR LINEAR LINEAR LINEAR LINEAR LINEAR LINEAR LINEAR LINEAR LINEAR LINEAR LINEAR
LINEAR LINEAR LINEAR LINEAR LINEAR LINEAR LINEAR LINEAR LINEAR LINEAR LINEAR LINEAR
LINEAR LINEAR LINEAR LINEAR LINEAR LINEAR</Name_array>
        <technique_common>
          <accessor source="#mixamorig_Spine1-Interpolations-array" count="53">
            <param type="name"/>
          </accessor>
        </technique_common>
      </source>
      <sampler id="mixamorig_Spine1-Matrix-animation-transform">
        <input semantic="INPUT" source="#mixamorig_Spine1-Matrix-animation-input"/>
        <input semantic="OUTPUT" source="#mixamorig_Spine1-Matrix-animation-output-transform"/>
        <input semantic="INTERPOLATION" source="#mixamorig_Spine1-Interpolations"/>
      </sampler>
      <channel source="#mixamorig_Spine1-Matrix-animation-transform" target="mixamorig_Spine1/matrix"/>
    </animation>
    <animation id="mixamorig_Spine2-anim" name="mixamorig_Spine2">
      <source id="mixamorig_Spine2-Matrix-animation-input">
        <float_array id="mixamorig_Spine2-Matrix-animation-input-array" count="53">

0.000000 0.033333 0.066667 0.100000 0.133333 0.166667 0.200000 0.233333 0.266667 0.300000 0.333333 0.366667 0.400000 0.433333 0.466667 0.500000
0.533333 0.566667 0.600000 0.633333 0.666667 0.700000 0.733333 0.766667 0.800000 0.833333 0.866667 0.900000 0.933333 0.966667 1.000000 1.033333
1.066667 1.100000 1.133333 1.166667 1.200000 1.233333 1.266667 1.300000 1.333333 1.366667 1.400000 1.433333 1.466667 1.500000 1.533333 1.566667
1.600000 1.633333 1.666667 1.700000 1.733333</float_array>
        <technique_common>
          <accessor source="#mixamorig_Spine2-Matrix-animation-input-array" count="53">
            <param name="TIME" type="float"/>
          </accessor>
        </technique_common>
      </source>
      <source id="mixamorig_Spine2-Matrix-animation-output-transform">
        <float_array id="mixamorig_Spine2-Matrix-animation-output-transform-array" count="848">

0.998365 -0.018776 0.053991 -0.000000 0.025478 0.991669 -0.126269 11.063000 -0.051170 0.127438 0.990526 0.000000 0.000000 0.000000 0.000000 1.000000
0.998235 -0.017573 0.056733 0.000000 0.024879 0.991102 -0.130762 11.063000 -0.053930 0.131942 0.989789 0.000000 0.000000 0.000000 0.000000 1.000000
0.997920 -0.017684 0.061992 0.000000 0.026130 0.990059 -0.138204 11.063000 -0.058931 0.139537 0.988462 0.000000 0.000000 0.000000 0.000000 1.000000
0.997365 -0.016704 0.070594 -0.000000 0.026990 0.988712 -0.147376 11.063000 -0.067336 0.148893 0.986558 0.000000 0.000000 0.000000 0.000000 1.000000
0.996612 -0.011163 0.081488 0.000000 0.023598 0.987901 -0.153280 11.063000 -0.078791 0.154684 0.984817 0.000000 0.000000 0.000000 0.000000 1.000000
0.995918 0.000024 0.090261 0.000000 0.013804 0.988195 -0.152578 11.063000 -0.089199 0.153201 0.984161 0.000000 0.000000 0.000000 0.000000 1.000000
0.995778 0.013979 0.090728 -0.000000 -0.000401 0.988990 -0.147979 11.063000 -0.091798 0.147318 0.984820 -0.000000 0.000000 0.000000 0.000000 1.000000
0.996508 0.026250 0.079260 0.000000 -0.014455 0.989197 -0.145879 11.063000 -0.082233 0.144224 0.986122 0.000000 0.000000 0.000000 0.000000 1.000000
0.997761 0.033568 0.057852 0.000000 -0.024549 0.988365 -0.150107 11.063000 -0.062217 0.148351 0.986976 -0.000000 0.000000 0.000000 0.000000 1.000000
0.998896 0.033452 0.032993 -0.000000 -0.027883 0.987242 -0.156766 11.063000 -0.037816 0.155673 0.987085 0.000000 0.000000 0.000000 0.000000 1.000000
0.999575 0.027414 0.009870 0.000000 -0.025473 0.986670 -0.160728 11.063000 -0.014144 0.160409 0.986949 -0.000000 0.000000 0.000000 0.000000 1.000000
0.999686 0.022773 -0.010459 0.000000 -0.024176 0.986284 -0.163278 11.063000 0.006597 0.163480 0.986525 -0.000000 0.000000 0.000000 0.000000 1.000000
0.999235 0.027624 -0.027680 0.000000 -0.031963 0.984739 -0.171075 11.063000 0.022532 0.171829 0.984869 0.000000 0.000000 0.000000 0.000000 1.000000
0.998406 0.041864 -0.037865 0.000000 -0.048236 0.981155 -0.187105 11.063000 0.029318 0.188633 0.981610 0.000000 0.000000 0.000000 0.000000 1.000000
0.997753 0.056692 -0.035707 0.000000 -0.062858 0.976532 -0.205997 11.063000 0.023191 0.207779 0.977901 0.000000 0.000000 0.000000 0.000000 1.000000
0.997698 0.064255 -0.021672 0.000000 -0.067453 0.973189 -0.219894 11.063000 0.006961 0.220849 0.975283 0.000000 0.000000 0.000000 0.000000 1.000000
0.997888 0.064834 -0.004012 0.000000 -0.064057 0.971926 -0.226398 11.063000 -0.010779 0.226177 0.974027 0.000000 0.000000 0.000000 0.000000 1.000000
0.997929 0.063784 0.008332 -0.000000 -0.060197 0.971666 -0.228566 11.063000 -0.022675 0.227591 0.973493 -0.000000 0.000000 0.000000 0.000000 1.000000
0.997836 0.064360 0.013469 0.000000 -0.059573 0.971572 -0.229125 11.063000 -0.027832 0.227827 0.973304 0.000000 0.000000 0.000000 0.000000 1.000000
0.997722 0.065528 0.015996 0.000000 -0.060171 0.971803 -0.227989 11.063000 -0.030485 0.226507 0.973532 0.000000 0.000000 0.000000 0.000000 1.000000
0.997651 0.065324 0.020631 0.000000 -0.059044 0.972666 -0.224578 11.063000 -0.034737 0.222832 0.974238 -0.000000 0.000000 0.000000 0.000000 1.000000
0.997543 0.064133 0.028208 0.000000 -0.056421 0.974031 -0.219273 11.063000 -0.041538 0.217143 0.975256 0.000000 0.000000 0.000000 0.000000 1.000000
0.997261 0.064194 0.036750 0.000000 -0.054986 0.975679 -0.212194 11.063000 -0.049478 0.209592 0.976536 -0.000000 0.000000 0.000000 0.000000 1.000000
0.996824 0.066331 0.044062 0.000000 -0.056104 0.977668 -0.202526 11.063000 -0.056512 0.199411 0.978285 0.000000 0.000000 0.000000 0.000000 1.000000
0.996497 0.067906 0.048806 -0.000000 -0.057483 0.980102 -0.189989 11.063000 -0.060737 0.186518 0.980572 -0.000000 0.000000 0.000000 0.000000 1.000000
0.996598 0.065239 0.050371 0.000000 -0.055401 0.982712 -0.176655 11.063000 -0.061025 0.173263 0.982983 -0.000000 0.000000 0.000000 0.000000 1.000000
0.997099 0.058289 0.048950 0.000000 -0.049380 0.984758 -0.166771 11.063000 -0.057925 0.163870 0.984780 0.000000 0.000000 0.000000 0.000000 1.000000
0.997643 0.051072 0.045836 -0.000000 -0.042929 0.985564 -0.163771 11.063000 -0.053538 0.161417 0.985433 0.000000 0.000000 0.000000 0.000000 1.000000
0.997994 0.046556 0.042900 -0.000000 -0.038777 0.985182 -0.167073 11.063000 -0.050043 0.165074 0.985011 -0.000000 0.000000 0.000000 0.000000 1.000000
0.998248 0.042575 0.041079 0.000000 -0.034895 0.984426 -0.172304 11.063000 -0.047775 0.170568 0.984187 0.000000 0.000000 0.000000 0.000000 1.000000
0.998649 0.033832 0.039445 -0.000000 -0.026456 0.984309 -0.174457 11.063000 -0.044728 0.173178 0.983874 0.000000 0.000000 0.000000 0.000000 1.000000
0.999173 0.018245 0.036348 0.000000 -0.011762 0.985170 -0.171176 11.063000 -0.038932 0.170607 0.984570 -0.000000 0.000000 0.000000 0.000000 1.000000
0.999494 0.000973 0.031785 0.000000 0.004265 0.986399 -0.164313 11.063000 -0.031512 0.164366 0.985896 0.000000 0.000000 0.000000 0.000000 1.000000
0.999561 -0.009022 0.028208 0.000000 0.013381 0.987282 -0.158417 11.063000 -0.026420 0.158725 0.986969 -0.000000 0.000000 0.000000 0.000000 1.000000
0.999573 -0.007128 0.028354 0.000000 0.011480 0.987621 -0.156439 11.063000 -0.026888 0.156698 0.987281 0.000000 0.000000 0.000000 0.000000 1.000000
0.999464 0.002575 0.032627 -0.000000 0.002577 0.987616 -0.156867 11.063000 -0.032627 0.156867 0.987081 0.000000 0.000000 0.000000 0.000000 1.000000
0.999162 0.011159 0.039377 0.000000 -0.004879 0.987728 -0.156111 11.063000 -0.040636 0.155788 0.986954 0.000000 0.000000 0.000000 0.000000 1.000000
0.998805 0.012673 0.047211 0.000000 -0.005309 0.988220 -0.152949 11.063000 -0.048594 0.152516 0.987106 0.000000 0.000000 0.000000 0.000000 1.000000
0.998417 0.008286 0.055640 0.000000 0.000093 0.988849 -0.148922 11.063000 -0.056253 0.148691 0.987282 0.000000 0.000000 0.000000 0.000000 1.000000
0.997971 0.003439 0.063581 0.000000 0.005831 0.989408 -0.145047 11.063000 -0.063406 0.145123 0.987380 0.000000 0.000000 0.000000 0.000000 1.000000
0.997629 0.001787 0.068792 0.000000 0.007917 0.990046 -0.140520 11.063000 -0.068358 0.140732 0.987685 0.000000 0.000000 0.000000 0.000000 1.000000
0.997569 0.002358 0.069643 0.000000 0.007066 0.990852 -0.134768 11.063000 -0.069323 0.134932 0.988427 0.000000 0.000000 0.000000 0.000000 1.000000
0.997762 0.002054 0.066831 -0.000000 0.006590 0.991641 -0.128863 11.063000 -0.066537 0.129015 0.989408 0.000000 0.000000 0.000000 0.000000 1.000000
0.998030 -0.000522 0.062743 0.000000 0.008335 0.992206 -0.124327 11.063000 -0.062190 0.124605 0.990256 0.000000 0.000000 0.000000 0.000000 1.000000
0.998221 -0.004391 0.059463 0.000000 0.011598 0.992534 -0.121413 11.063000 -0.058486 0.121886 0.990819 0.000000 0.000000 0.000000 0.000000 1.000000
0.998293 -0.008360 0.057810 0.000000 0.015203 0.992782 -0.118969 11.063000 -0.056399 0.119645 0.991214 -0.000000 0.000000 0.000000 0.000000 1.000000
0.998258 -0.012467 0.057665 0.000000 0.019091 0.993091 -0.115784 11.063000 -0.055823 0.116683 0.991599 0.000000 0.000000 0.000000 0.000000 1.000000
0.998159 -0.017062 0.058206 0.000000 0.023521 0.993412 -0.112158 11.063000 -0.055909 0.113320 0.991984 0.000000 0.000000 0.000000 0.000000 1.000000
0.998083 -0.021367 0.058089 0.000000 0.027683 0.993524 -0.110201 11.063000 -0.055359 0.111597 0.992210 0.000000 0.000000 0.000000 0.000000 1.000000
0.998119 -0.023774 0.056510 0.000000 0.029997 0.993260 -0.111961 11.063000 -0.053467 0.113446 0.992104 0.000000 0.000000 0.000000 0.000000 1.000000
0.998248 -0.023471 0.054308 -0.000000 0.029702 0.992697 -0.116921 11.063000 -0.051167 0.118329 0.991655 0.000000 0.000000 0.000000 0.000000 1.000000
0.998358 -0.021242 0.053193 -0.000000 0.027622 0.992116 -0.122238 11.063000 -0.050177 0.123507 0.991074 -0.000000 0.000000 0.000000 0.000000 1.000000
0.998365 -0.018776 0.053991 -0.000000 0.025478 0.991669 -0.126269 11.063000 -0.051170 0.127438 0.990526 0.000000 0.000000 0.000000 0.000000 1.000000</float_array>
        <technique_common>
          <accessor source="#mixamorig_Spine2-Matrix-animation-output-transform-array" count="53" stride="16">
            <param type="float4x4"/>
          </accessor>
        </technique_common>
      </source>
      <source id="mixamorig_Spine2-Interpolations">
        <Name_array id="mixamorig_Spine2-Interpolations-array" count="53">
 LINEAR LINEAR LINEAR LINEAR LINEAR LINEAR LINEAR LINEAR LINEAR LINEAR LINEAR
LINEAR LINEAR LINEAR LINEAR LINEAR LINEAR LINEAR LINEAR LINEAR LINEAR LINEAR LINEAR
LINEAR LINEAR LINEAR LINEAR LINEAR LINEAR LINEAR LINEAR LINEAR LINEAR LINEAR LINEAR
LINEAR LINEAR LINEAR LINEAR LINEAR LINEAR LINEAR LINEAR LINEAR LINEAR LINEAR LINEAR
LINEAR LINEAR LINEAR LINEAR LINEAR LINEAR</Name_array>
        <technique_common>
          <accessor source="#mixamorig_Spine2-Interpolations-array" count="53">
            <param type="name"/>
          </accessor>
        </technique_common>
      </source>
      <sampler id="mixamorig_Spine2-Matrix-animation-transform">
        <input semantic="INPUT" source="#mixamorig_Spine2-Matrix-animation-input"/>
        <input semantic="OUTPUT" source="#mixamorig_Spine2-Matrix-animation-output-transform"/>
        <input semantic="INTERPOLATION" source="#mixamorig_Spine2-Interpolations"/>
      </sampler>
      <channel source="#mixamorig_Spine2-Matrix-animation-transform" target="mixamorig_Spine2/matrix"/>
    </animation>
    <animation id="mixamorig_Neck-anim" name="mixamorig_Neck">
      <source id="mixamorig_Neck-Matrix-animation-input">
        <float_array id="mixamorig_Neck-Matrix-animation-input-array" count="53">

0.000000 0.033333 0.066667 0.100000 0.133333 0.166667 0.200000 0.233333 0.266667 0.300000 0.333333 0.366667 0.400000 0.433333 0.466667 0.500000
0.533333 0.566667 0.600000 0.633333 0.666667 0.700000 0.733333 0.766667 0.800000 0.833333 0.866667 0.900000 0.933333 0.966667 1.000000 1.033333
1.066667 1.100000 1.133333 1.166667 1.200000 1.233333 1.266667 1.300000 1.333333 1.366667 1.400000 1.433333 1.466667 1.500000 1.533333 1.566667
1.600000 1.633333 1.666667 1.700000 1.733333</float_array>
        <technique_common>
          <accessor source="#mixamorig_Neck-Matrix-animation-input-array" count="53">
            <param name="TIME" type="float"/>
          </accessor>
        </technique_common>
      </source>
      <source id="mixamorig_Neck-Matrix-animation-output-transform">
        <float_array id="mixamorig_Neck-Matrix-animation-output-transform-array" count="848">

0.995577 0.086737 0.036096 -0.006000 -0.079517 0.982590 -0.167913 23.723499 -0.050031 0.164300 0.985141 -1.446200 0.000000 0.000000 0.000000 1.000000
0.995668 0.086147 0.034978 -0.006000 -0.079083 0.982500 -0.168640 23.723499 -0.048894 0.165143 0.985057 -1.446200 0.000000 0.000000 0.000000 1.000000
0.995669 0.086388 0.034359 -0.006000 -0.079366 0.982276 -0.169810 23.723499 -0.048420 0.166348 0.984878 -1.446200 0.000000 0.000000 0.000000 1.000000
0.995787 0.085170 0.033989 -0.006000 -0.078131 0.982035 -0.171765 23.723499 -0.048008 0.168386 0.984551 -1.446200 0.000000 0.000000 0.000000 1.000000
0.996229 0.079695 0.034302 -0.006000 -0.072629 0.982275 -0.172803 23.723499 -0.047466 0.169660 0.984359 -1.446200 0.000000 0.000000 0.000000 1.000000
0.996813 0.070480 0.037379 -0.006000 -0.063255 0.983749 -0.168040 23.723499 -0.048615 0.165140 0.985071 -1.446200 0.000000 0.000000 0.000000 1.000000
0.996915 0.063209 0.046521 -0.006000 -0.055466 0.986794 -0.152185 23.723499 -0.055526 0.149136 0.987257 -1.446200 0.000000 0.000000 0.000000 1.000000
0.995910 0.064436 0.063331 -0.006000 -0.056162 0.990602 -0.124717 23.723499 -0.070772 0.120650 0.990169 -1.446200 0.000000 0.000000 0.000000 1.000000
0.993583 0.074062 0.085487 -0.006000 -0.066295 0.993698 -0.090380 23.723499 -0.091642 0.084133 0.992232 -1.446200 0.000000 0.000000 0.000000 1.000000
0.990903 0.083714 0.105374 -0.006000 -0.077657 0.995153 -0.060327 23.723499 -0.109914 0.051595 0.992601 -1.446200 0.000000 0.000000 0.000000 1.000000
0.989232 0.087487 0.117329 -0.006000 -0.082997 0.995637 -0.042631 23.723499 -0.120547 0.032434 0.992178 -1.446200 0.000000 0.000000 0.000000 1.000000
0.988572 0.088476 0.122051 -0.006000 -0.084632 0.995749 -0.036337 23.723499 -0.124747 0.025592 0.991858 -1.446200 0.000000 0.000000 0.000000 1.000000
0.988026 0.092532 0.123458 -0.006000 -0.088982 0.995454 -0.033975 23.723499 -0.126041 0.022583 0.991768 -1.446200 0.000000 0.000000 0.000000 1.000000
0.987439 0.099591 0.122661 -0.006000 -0.096526 0.994857 -0.030702 23.723499 -0.125087 0.018477 0.991974 -1.446200 0.000000 0.000000 0.000000 1.000000
0.987403 0.105375 0.118030 -0.006000 -0.102660 0.994298 -0.028868 23.723499 -0.120399 0.016387 0.992590 -1.446200 0.000000 0.000000 0.000000 1.000000
0.988048 0.107784 0.110199 -0.006000 -0.104827 0.993966 -0.032299 23.723499 -0.113015 0.020361 0.993385 -1.446200 0.000000 0.000000 0.000000 1.000000
0.988832 0.107441 0.103286 -0.006000 -0.103879 0.993814 -0.039281 23.723499 -0.106867 0.028113 0.993876 -1.446200 0.000000 0.000000 0.000000 1.000000
0.989417 0.104746 0.100410 -0.006000 -0.100680 0.993912 -0.044747 23.723499 -0.104486 0.034164 0.993939 -1.446200 0.000000 0.000000 0.000000 1.000000
0.989880 0.100231 0.100453 -0.006000 -0.095860 0.994263 -0.047449 23.723499 -0.104633 0.037339 0.993810 -1.446200 0.000000 0.000000 0.000000 1.000000
0.990269 0.096509 0.100270 -0.006000 -0.091757 0.994476 -0.050981 23.723499 -0.104636 0.041284 0.993653 -1.446200 0.000000 0.000000 0.000000 1.000000
0.990432 0.096796 0.098360 -0.006000 -0.091348 0.994101 -0.058470 23.723499 -0.103439 0.048925 0.993432 -1.446200 0.000000 0.000000 0.000000 1.000000
0.990250 0.101624 0.095281 -0.006000 -0.095187 0.993007 -0.069834 23.723499 -0.101711 0.060083 0.992998 -1.446200 0.000000 0.000000 0.000000 1.000000
0.989843 0.108679 0.091647 -0.006000 -0.101059 0.991323 -0.084062 23.723499 -0.099987 0.073947 0.992237 -1.446200 0.000000 0.000000 0.000000 1.000000
0.989454 0.115661 0.087201 -0.006000 -0.106743 0.989164 -0.100804 23.723499 -0.097915 0.090433 0.991078 -1.446200 0.000000 0.000000 0.000000 1.000000
0.989163 0.121975 0.081727 -0.006000 -0.111851 0.986608 -0.118721 23.723499 -0.095114 0.108293 0.989559 -1.446200 0.000000 0.000000 0.000000 1.000000
0.988933 0.127490 0.075881 -0.006000 -0.116547 0.984049 -0.134404 23.723499 -0.091806 0.124073 0.988017 -1.446200 0.000000 0.000000 0.000000 1.000000
0.988871 0.130854 0.070788 -0.006000 -0.119653 0.982275 -0.144289 23.723499 -0.088414 0.134213 0.987000 -1.446200 0.000000 0.000000 0.000000 1.000000
0.989204 0.130215 0.067231 -0.006000 -0.119249 0.981894 -0.147184 23.723499 -0.085179 0.137578 0.986822 -1.446200 0.000000 0.000000 0.000000 1.000000
0.989943 0.125437 0.065405 -0.006000 -0.114956 0.982754 -0.144846 23.723499 -0.082446 0.135871 0.987290 -1.446200 0.000000 0.000000 0.000000 1.000000
0.990804 0.118612 0.065098 -0.006000 -0.108547 0.984057 -0.140886 23.723499 -0.080771 0.132524 0.987883 -1.446200 0.000000 0.000000 0.000000 1.000000
0.991541 0.111929 0.065715 -0.006000 -0.101984 0.985032 -0.138966 23.723499 -0.080286 0.131089 0.988114 -1.446200 0.000000 0.000000 0.000000 1.000000
0.992200 0.105614 0.066217 -0.006000 -0.095530 0.985478 -0.140384 23.723499 -0.080082 0.132964 0.987880 -1.446200 0.000000 0.000000 0.000000 1.000000
0.992984 0.098449 0.065495 -0.006000 -0.088334 0.985830 -0.142607 23.723499 -0.078607 0.135821 0.987610 -1.446200 0.000000 0.000000 0.000000 1.000000
0.993944 0.089987 0.063068 -0.006000 -0.080337 0.986648 -0.141678 23.723499 -0.074975 0.135753 0.987902 -1.446200 0.000000 0.000000 0.000000 1.000000
0.994892 0.081685 0.059316 -0.006000 -0.072922 0.987845 -0.137274 23.723499 -0.069808 0.132248 0.988756 -1.446200 0.000000 0.000000 0.000000 1.000000
0.995577 0.076093 0.055110 -0.006000 -0.068143 0.988633 -0.134021 23.723499 -0.064682 0.129673 0.989445 -1.446200 0.000000 0.000000 0.000000 1.000000
0.995823 0.075410 0.051472 -0.006000 -0.067798 0.988342 -0.136323 23.723499 -0.061152 0.132264 0.989326 -1.446200 0.000000 0.000000 0.000000 1.000000
0.995544 0.080316 0.049409 -0.006000 -0.072522 0.987033 -0.143200 23.723499 -0.060270 0.138978 0.988460 -1.446200 0.000000 0.000000 0.000000 1.000000
0.994786 0.089207 0.049420 -0.006000 -0.080912 0.985371 -0.149989 23.723499 -0.062078 0.145208 0.987452 -1.446200 0.000000 0.000000 0.000000 1.000000
0.993828 0.098610 0.050816 -0.006000 -0.089767 0.984004 -0.153878 23.723499 -0.065177 0.148366 0.986782 -1.446200 0.000000 0.000000 0.000000 1.000000
0.993083 0.105305 0.051925 -0.006000 -0.096099 0.983100 -0.155821 23.723499 -0.067456 0.149754 0.986420 -1.446200 0.000000 0.000000 0.000000 1.000000
0.992763 0.108550 0.051370 -0.006000 -0.099253 0.982456 -0.157890 23.723499 -0.067608 0.151648 0.986120 -1.446200 0.000000 0.000000 0.000000 1.000000
0.992725 0.109918 0.049135 -0.006000 -0.100752 0.981830 -0.160806 23.723499 -0.065917 0.154686 0.985762 -1.446200 0.000000 0.000000 0.000000 1.000000
0.992752 0.110907 0.046300 -0.006000 -0.101951 0.981141 -0.164220 23.723499 -0.063640 0.158309 0.985337 -1.446200 0.000000 0.000000 0.000000 1.000000
0.992813 0.111302 0.043983 -0.006000 -0.102483 0.980471 -0.167852 23.723499 -0.061807 0.162138 0.984831 -1.446200 0.000000 0.000000 0.000000 1.000000
0.993014 0.110007 0.042677 -0.006000 -0.101190 0.979969 -0.171527 23.723499 -0.060691 0.166010 0.984255 -1.446200 0.000000 0.000000 0.000000 1.000000
0.993385 0.106762 0.042288 -0.006000 -0.097869 0.979775 -0.174536 23.723499 -0.060066 0.169242 0.983742 -1.446200 0.000000 0.000000 0.000000 1.000000
0.993826 0.102527 0.042395 -0.006000 -0.093604 0.979985 -0.175693 23.723499 -0.059559 0.170640 0.983532 -1.446200 0.000000 0.000000 0.000000 1.000000
0.994243 0.098419 0.042375 -0.006000 -0.089636 0.980593 -0.174362 23.723499 -0.058713 0.169560 0.983769 -1.446200 0.000000 0.000000 0.000000 1.000000
0.994627 0.094795 0.041607 -0.006000 -0.086366 0.981411 -0.171389 23.723499 -0.057081 0.166875 0.984324 -1.446200 0.000000 0.000000 0.000000 1.000000
0.995004 0.091509 0.039927 -0.006000 -0.083554 0.982119 -0.168704 23.723499 -0.054651 0.164525 0.984858 -1.446200 0.000000 0.000000 0.000000 1.000000
0.995342 0.088662 0.037851 -0.006000 -0.081144 0.982503 -0.167640 23.723499 -0.052052 0.163788 0.985121 -1.446200 0.000000 0.000000 0.000000 1.000000
0.995577 0.086737 0.036096 -0.006000 -0.079517 0.982590 -0.167913 23.723499 -0.050031 0.164300 0.985141 -1.446200 0.000000 0.000000 0.000000 1.000000</float_array>
        <technique_common>
          <accessor source="#mixamorig_Neck-Matrix-animation-output-transform-array" count="53" stride="16">
            <param type="float4x4"/>
          </accessor>
        </technique_common>
      </source>
      <source id="mixamorig_Neck-Interpolations">
        <Name_array id="mixamorig_Neck-Interpolations-array" count="53">
 LINEAR LINEAR LINEAR LINEAR LINEAR LINEAR LINEAR LINEAR LINEAR LINEAR LINEAR
LINEAR LINEAR LINEAR LINEAR LINEAR LINEAR LINEAR LINEAR LINEAR LINEAR LINEAR LINEAR
LINEAR LINEAR LINEAR LINEAR LINEAR LINEAR LINEAR LINEAR LINEAR LINEAR LINEAR LINEAR
LINEAR LINEAR LINEAR LINEAR LINEAR LINEAR LINEAR LINEAR LINEAR LINEAR LINEAR LINEAR
LINEAR LINEAR LINEAR LINEAR LINEAR LINEAR</Name_array>
        <technique_common>
          <accessor source="#mixamorig_Neck-Interpolations-array" count="53">
            <param type="name"/>
          </accessor>
        </technique_common>
      </source>
      <sampler id="mixamorig_Neck-Matrix-animation-transform">
        <input semantic="INPUT" source="#mixamorig_Neck-Matrix-animation-input"/>
        <input semantic="OUTPUT" source="#mixamorig_Neck-Matrix-animation-output-transform"/>
        <input semantic="INTERPOLATION" source="#mixamorig_Neck-Interpolations"/>
      </sampler>
      <channel source="#mixamorig_Neck-Matrix-animation-transform" target="mixamorig_Neck/matrix"/>
    </animation>
    <animation id="mixamorig_Head-anim" name="mixamorig_Head">
      <source id="mixamorig_Head-Matrix-animation-input">
        <float_array id="mixamorig_Head-Matrix-animation-input-array" count="53">

0.000000 0.033333 0.066667 0.100000 0.133333 0.166667 0.200000 0.233333 0.266667 0.300000 0.333333 0.366667 0.400000 0.433333 0.466667 0.500000
0.533333 0.566667 0.600000 0.633333 0.666667 0.700000 0.733333 0.766667 0.800000 0.833333 0.866667 0.900000 0.933333 0.966667 1.000000 1.033333
1.066667 1.100000 1.133333 1.166667 1.200000 1.233333 1.266667 1.300000 1.333333 1.366667 1.400000 1.433333 1.466667 1.500000 1.533333 1.566667
1.600000 1.633333 1.666667 1.700000 1.733333</float_array>
        <technique_common>
          <accessor source="#mixamorig_Head-Matrix-animation-input-array" count="53">
            <param name="TIME" type="float"/>
          </accessor>
        </technique_common>
      </source>
      <source id="mixamorig_Head-Matrix-animation-output-transform">
        <float_array id="mixamorig_Head-Matrix-animation-output-transform-array" count="848">

0.957976 0.253393 0.134441 -0.000000 -0.199867 0.925819 -0.320799 10.037100 -0.205756 0.280447 0.937557 3.529500 0.000000 0.000000 0.000000 1.000000
0.960096 0.249328 0.126693 0.000000 -0.196395 0.923582 -0.329281 10.037100 -0.199110 0.291259 0.935694 3.529500 0.000000 0.000000 0.000000 1.000000
0.959847 0.252961 0.121261 0.000000 -0.198624 0.918094 -0.343003 10.037100 -0.198096 0.305145 0.931474 3.529500 0.000000 0.000000 0.000000 1.000000
0.956183 0.266749 0.120659 -0.000000 -0.208054 0.909069 -0.360979 10.037100 -0.205979 0.320059 0.924735 3.529500 0.000000 0.000000 0.000000 1.000000
0.947966 0.290542 0.130173 0.000000 -0.222914 0.897647 -0.380184 10.037100 -0.227309 0.331384 0.915705 3.529500 0.000000 0.000000 0.000000 1.000000
0.933395 0.322198 0.157994 0.000000 -0.239965 0.887773 -0.392780 10.037100 -0.266816 0.328705 0.905959 3.529500 0.000000 0.000000 0.000000 1.000000
0.910135 0.355984 0.211968 0.000000 -0.257035 0.886401 -0.385001 10.037100 -0.324943 0.295919 0.898245 3.529500 0.000000 0.000000 0.000000 1.000000
0.877413 0.381185 0.291283 0.000000 -0.274886 0.897085 -0.345942 10.037100 -0.393173 0.223464 0.891896 3.529500 0.000000 0.000000 0.000000 1.000000
0.835824 0.390666 0.385717 -0.000000 -0.298558 0.913060 -0.277819 10.037100 -0.460717 0.117049 0.879795 3.529500 0.000000 0.000000 0.000000 1.000000
0.795226 0.384520 0.468786 -0.000000 -0.323667 0.923015 -0.208047 10.037100 -0.512695 0.013714 0.858461 3.529500 0.000000 0.000000 0.000000 1.000000
0.770343 0.368569 0.520316 0.000000 -0.336198 0.928151 -0.159710 10.037100 -0.541796 -0.051898 0.838906 3.529500 0.000000 0.000000 0.000000 1.000000
0.766900 0.344985 0.541155 -0.000000 -0.329304 0.935292 -0.129570 10.037100 -0.550838 -0.078837 0.830880 3.529500 0.000000 0.000000 0.000000 1.000000
0.776640 0.315426 0.545286 0.000000 -0.314868 0.944098 -0.097662 10.037100 -0.545608 -0.095845 0.832542 3.529500 0.000000 0.000000 0.000000 1.000000
0.789761 0.291508 0.539723 -0.000000 -0.310273 0.948848 -0.058466 10.037100 -0.529159 -0.121288 0.839810 3.529500 0.000000 0.000000 0.000000 1.000000
0.804348 0.287578 0.519926 -0.000000 -0.318342 0.947451 -0.031559 10.037100 -0.501680 -0.140129 0.853628 3.529500 0.000000 0.000000 0.000000 1.000000
0.819817 0.302125 0.486437 0.000000 -0.327563 0.944204 -0.034384 10.037100 -0.469684 -0.131150 0.873039 3.529500 0.000000 0.000000 0.000000 1.000000
0.831524 0.318425 0.455163 0.000000 -0.329032 0.942519 -0.058271 10.037100 -0.447555 -0.101309 0.888499 3.529500 0.000000 0.000000 0.000000 1.000000
0.835741 0.325492 0.442258 0.000000 -0.324201 0.942512 -0.081020 10.037100 -0.443204 -0.075669 0.893221 3.529500 0.000000 0.000000 0.000000 1.000000
0.833573 0.326615 0.445510 0.000000 -0.319818 0.942915 -0.092879 10.037100 -0.450414 -0.065061 0.890446 3.529500 0.000000 0.000000 0.000000 1.000000
0.830912 0.327776 0.449609 -0.000000 -0.318557 0.942764 -0.098581 10.037100 -0.456187 -0.061314 0.887769 3.529500 0.000000 0.000000 0.000000 1.000000
0.833621 0.328475 0.444050 -0.000000 -0.316286 0.942971 -0.103771 10.037100 -0.452813 -0.053941 0.889973 3.529500 0.000000 0.000000 0.000000 1.000000
0.842855 0.324780 0.429085 0.000000 -0.308030 0.944973 -0.110198 10.037100 -0.441264 -0.039290 0.896517 3.529500 0.000000 0.000000 0.000000 1.000000
0.856354 0.315622 0.408707 0.000000 -0.292951 0.948715 -0.118827 10.037100 -0.425251 -0.017973 0.904897 3.529500 0.000000 0.000000 0.000000 1.000000
0.871927 0.303433 0.384280 0.000000 -0.274158 0.952817 -0.130298 10.037100 -0.405685 0.008257 0.913976 3.529500 0.000000 0.000000 0.000000 1.000000
0.888116 0.291272 0.355542 0.000000 -0.256043 0.955945 -0.143567 10.037100 -0.381696 0.036470 0.923568 3.529500 0.000000 0.000000 0.000000 1.000000
0.902856 0.282001 0.324541 0.000000 -0.242431 0.957315 -0.157401 10.037100 -0.355075 0.063431 0.932683 3.529500 0.000000 0.000000 0.000000 1.000000
0.913468 0.278610 0.296568 0.000000 -0.235898 0.956447 -0.171937 10.037100 -0.331555 0.087099 0.939407 3.529500 0.000000 0.000000 0.000000 1.000000
0.918297 0.282438 0.277417 -0.000000 -0.236806 0.953427 -0.186816 10.037100 -0.317260 0.105859 0.942412 3.529500 0.000000 0.000000 0.000000 1.000000
0.917739 0.291168 0.270142 0.000000 -0.242599 0.949458 -0.199186 10.037100 -0.314485 0.117264 0.941992 3.529500 0.000000 0.000000 0.000000 1.000000
0.913674 0.300408 0.273777 0.000000 -0.249268 0.946194 -0.206355 10.037100 -0.321037 0.120298 0.939395 3.529500 0.000000 0.000000 0.000000 1.000000
0.908153 0.307596 0.283976 0.000000 -0.254003 0.944066 -0.210291 10.037100 -0.332777 0.118845 0.935487 3.529500 0.000000 0.000000 0.000000 1.000000
0.902899 0.313284 0.294325 -0.000000 -0.256297 0.942044 -0.216485 10.037100 -0.345088 0.120029 0.930864 3.529500 0.000000 0.000000 0.000000 1.000000
0.899944 0.318012 0.298276 0.000000 -0.256764 0.939457 -0.226921 10.037100 -0.352381 0.127630 0.927113 3.529500 0.000000 0.000000 0.000000 1.000000
0.901655 0.318877 0.292124 0.000000 -0.254927 0.937570 -0.236591 10.037100 -0.349330 0.138853 0.926654 3.529500 0.000000 0.000000 0.000000 1.000000
0.909195 0.311200 0.276622 -0.000000 -0.248283 0.938536 -0.239803 10.037100 -0.334246 0.149347 0.930578 3.529500 0.000000 0.000000 0.000000 1.000000
0.920904 0.294424 0.255441 -0.000000 -0.234930 0.942172 -0.238999 10.037100 -0.311037 0.160085 0.936819 3.529500 0.000000 0.000000 0.000000 1.000000
0.932733 0.275234 0.232930 -0.000000 -0.217974 0.945013 -0.243799 10.037100 -0.287223 0.176627 0.941438 3.529500 0.000000 0.000000 0.000000 1.000000
0.940859 0.263101 0.213455 0.000000 -0.204888 0.943622 -0.259997 10.037100 -0.269826 0.200886 0.941721 3.529500 0.000000 0.000000 0.000000 1.000000
0.943894 0.262264 0.200705 0.000000 -0.200602 0.938088 -0.282401 10.037100 -0.262342 0.226294 0.938066 3.529500 0.000000 0.000000 0.000000 1.000000
0.943178 0.268775 0.195385 0.000000 -0.203307 0.931869 -0.300476 10.037100 -0.262833 0.243679 0.933563 3.529500 0.000000 0.000000 0.000000 1.000000
0.941633 0.275413 0.193582 0.000000 -0.208050 0.928182 -0.308535 10.037100 -0.264654 0.250252 0.931307 3.529500 0.000000 0.000000 0.000000 1.000000
0.941724 0.278213 0.189088 0.000000 -0.211889 0.927184 -0.308923 10.037100 -0.261266 0.250854 0.932101 3.529500 0.000000 0.000000 0.000000 1.000000
0.943876 0.277796 0.178682 0.000000 -0.214603 0.927004 -0.307585 10.037100 -0.251085 0.251977 0.934593 3.529500 0.000000 0.000000 0.000000 1.000000
0.946829 0.276182 0.165041 0.000000 -0.216460 0.926329 -0.308317 10.037100 -0.238034 0.256199 0.936857 3.529500 0.000000 0.000000 0.000000 1.000000
0.949218 0.274225 0.154223 0.000000 -0.216840 0.925397 -0.310840 10.037100 -0.227958 0.261613 0.937867 3.529500 0.000000 0.000000 0.000000 1.000000
0.950511 0.271792 0.150524 0.000000 -0.214915 0.925054 -0.313189 10.037100 -0.224365 0.265339 0.937686 3.529500 0.000000 0.000000 0.000000 1.000000
0.950802 0.269108 0.153478 -0.000000 -0.211123 0.925413 -0.314704 10.037100 -0.226720 0.266818 0.936700 3.529500 0.000000 0.000000 0.000000 1.000000
0.950415 0.267323 0.158903 -0.000000 -0.207523 0.925734 -0.316151 10.037100 -0.231617 0.267498 0.935306 3.529500 0.000000 0.000000 0.000000 1.000000
0.949902 0.267266 0.162033 0.000000 -0.206223 0.925517 -0.317633 10.037100 -0.234856 0.268306 0.934267 3.529500 0.000000 0.000000 0.000000 1.000000
0.950128 0.267679 0.160017 0.000000 -0.207088 0.925184 -0.318040 10.037100 -0.233178 0.269041 0.934476 3.529500 0.000000 0.000000 0.000000 1.000000
0.951798 0.265827 0.153023 -0.000000 -0.207451 0.925386 -0.317215 10.037100 -0.225930 0.270180 0.935926 3.529500 0.000000 0.000000 0.000000 1.000000
0.954758 0.260407 0.143618 0.000000 -0.204827 0.925953 -0.317266 10.037100 -0.215601 0.273495 0.937399 3.529500 0.000000 0.000000 0.000000 1.000000
0.957976 0.253393 0.134441 -0.000000 -0.199867 0.925819 -0.320799 10.037100 -0.205756 0.280447 0.937557 3.529500 0.000000 0.000000 0.000000 1.000000</float_array>
        <technique_common>
          <accessor source="#mixamorig_Head-Matrix-animation-output-transform-array" count="53" stride="16">
            <param type="float4x4"/>
          </accessor>
        </technique_common>
      </source>
      <source id="mixamorig_Head-Interpolations">
        <Name_array id="mixamorig_Head-Interpolations-array" count="53">
 LINEAR LINEAR LINEAR LINEAR LINEAR LINEAR LINEAR LINEAR LINEAR LINEAR LINEAR
LINEAR LINEAR LINEAR LINEAR LINEAR LINEAR LINEAR LINEAR LINEAR LINEAR LINEAR LINEAR
LINEAR LINEAR LINEAR LINEAR LINEAR LINEAR LINEAR LINEAR LINEAR LINEAR LINEAR LINEAR
LINEAR LINEAR LINEAR LINEAR LINEAR LINEAR LINEAR LINEAR LINEAR LINEAR LINEAR LINEAR
LINEAR LINEAR LINEAR LINEAR LINEAR LINEAR</Name_array>
        <technique_common>
          <accessor source="#mixamorig_Head-Interpolations-array" count="53">
            <param type="name"/>
          </accessor>
        </technique_common>
      </source>
      <sampler id="mixamorig_Head-Matrix-animation-transform">
        <input semantic="INPUT" source="#mixamorig_Head-Matrix-animation-input"/>
        <input semantic="OUTPUT" source="#mixamorig_Head-Matrix-animation-output-transform"/>
        <input semantic="INTERPOLATION" source="#mixamorig_Head-Interpolations"/>
      </sampler>
      <channel source="#mixamorig_Head-Matrix-animation-transform" target="mixamorig_Head/matrix"/>
    </animation>
    <animation id="mixamorig_LeftShoulder-anim" name="mixamorig_LeftShoulder">
      <source id="mixamorig_LeftShoulder-Matrix-animation-input">
        <float_array id="mixamorig_LeftShoulder-Matrix-animation-input-array" count="53">

0.000000 0.033333 0.066667 0.100000 0.133333 0.166667 0.200000 0.233333 0.266667 0.300000 0.333333 0.366667 0.400000 0.433333 0.466667 0.500000
0.533333 0.566667 0.600000 0.633333 0.666667 0.700000 0.733333 0.766667 0.800000 0.833333 0.866667 0.900000 0.933333 0.966667 1.000000 1.033333
1.066667 1.100000 1.133333 1.166667 1.200000 1.233333 1.266667 1.300000 1.333333 1.366667 1.400000 1.433333 1.466667 1.500000 1.533333 1.566667
1.600000 1.633333 1.666667 1.700000 1.733333</float_array>
        <technique_common>
          <accessor source="#mixamorig_LeftShoulder-Matrix-animation-input-array" count="53">
            <param name="TIME" type="float"/>
          </accessor>
        </technique_common>
      </source>
      <source id="mixamorig_LeftShoulder-Matrix-animation-output-transform">
        <float_array id="mixamorig_LeftShoulder-Matrix-animation-output-transform-array" count="848">

-0.161821 0.821084 -0.547389 11.304900 -0.002541 -0.555045 -0.831817 19.886000 -0.986817 -0.133214 0.091905 -3.966000 0.000000 0.000000 0.000000 1.000000
-0.159406 0.823367 -0.544662 11.304900 -0.001998 -0.551984 -0.833852 19.886000 -0.987211 -0.131833 0.089635 -3.966000 0.000000 0.000000 0.000000 1.000000
-0.168951 0.822573 -0.542982 11.304900 -0.004390 -0.551524 -0.834147 19.886000 -0.985615 -0.138546 0.096792 -3.966000 0.000000 0.000000 0.000000 1.000000
-0.187597 0.817398 -0.544673 11.304900 -0.008871 -0.555905 -0.831199 19.886000 -0.982206 -0.151098 0.111537 -3.966000 0.000000 0.000000 0.000000 1.000000
-0.203894 0.808687 -0.551772 11.304900 -0.012142 -0.565657 -0.824551 19.886000 -0.978918 -0.161422 0.125153 -3.966000 0.000000 0.000000 0.000000 1.000000
-0.203040 0.800540 -0.563835 11.304900 -0.010347 -0.577551 -0.816289 19.886000 -0.979116 -0.159905 0.125549 -3.966000 0.000000 0.000000 0.000000 1.000000
-0.176879 0.797780 -0.576421 11.304900 -0.002299 -0.585989 -0.810316 19.886000 -0.984230 -0.142003 0.105483 -3.966000 0.000000 0.000000 0.000000 1.000000
-0.128304 0.803315 -0.581570 11.304900 0.009771 -0.585364 -0.810711 19.886000 -0.991687 -0.109700 0.067256 -3.966000 0.000000 0.000000 0.000000 1.000000
-0.067124 0.819457 -0.569196 11.304900 0.023712 -0.569012 -0.821988 19.886000 -0.997463 -0.068672 0.018763 -3.966000 0.000000 0.000000 0.000000 1.000000
0.003811 0.847077 -0.531457 11.304900 0.038165 -0.531197 -0.846388 19.886000 -0.999264 -0.017058 -0.034353 -3.966000 0.000000 0.000000 0.000000 1.000000
0.082605 0.877709 -0.472020 11.304900 0.055019 -0.476933 -0.877216 19.886000 -0.995063 0.046492 -0.087687 -3.966000 0.000000 0.000000 0.000000 1.000000
0.155515 0.899490 -0.408329 11.304900 0.073695 -0.422771 -0.903235 19.886000 -0.985081 0.110374 -0.132035 -3.966000 0.000000 0.000000 0.000000 1.000000
0.197505 0.911534 -0.360692 11.304900 0.085872 -0.382612 -0.919910 19.886000 -0.976534 0.150713 -0.153843 -3.966000 0.000000 0.000000 0.000000 1.000000
0.195596 0.921177 -0.336415 11.304900 0.084570 -0.357607 -0.930035 19.886000 -0.977031 0.153460 -0.147851 -3.966000 0.000000 0.000000 0.000000 1.000000
0.166415 0.929906 -0.327995 11.304900 0.074589 -0.343552 -0.936167 19.886000 -0.983231 0.131327 -0.126533 -3.966000 0.000000 0.000000 0.000000 1.000000
0.140358 0.934459 -0.327241 11.304900 0.066505 -0.338664 -0.938554 19.886000 -0.987865 0.109971 -0.109681 -3.966000 0.000000 0.000000 0.000000 1.000000
0.125422 0.933894 -0.334830 11.304900 0.063021 -0.344313 -0.936737 19.886000 -0.990100 0.096386 -0.102039 -3.966000 0.000000 0.000000 0.000000 1.000000
0.098046 0.929117 -0.356552 11.304900 0.055675 -0.362838 -0.930188 19.886000 -0.993623 0.071350 -0.087304 -3.966000 0.000000 0.000000 0.000000 1.000000
0.035079 0.918776 -0.393219 11.304900 0.037559 -0.394395 -0.918173 19.886000 -0.998679 0.017440 -0.048343 -3.966000 0.000000 0.000000 0.000000 1.000000
-0.053294 0.899124 -0.434437 11.304900 0.014600 -0.434308 -0.900646 19.886000 -0.998472 -0.054342 0.010019 -3.966000 0.000000 0.000000 0.000000 1.000000
-0.130419 0.874645 -0.466890 11.304900 -0.002506 -0.471201 -0.882022 19.886000 -0.991456 -0.113863 0.063646 -3.966000 0.000000 0.000000 0.000000 1.000000
-0.172980 0.856927 -0.485545 11.304900 -0.011197 -0.494656 -0.869017 19.886000 -0.984862 -0.144886 0.095161 -3.966000 0.000000 0.000000 0.000000 1.000000
-0.191166 0.848099 -0.494149 11.304900 -0.015376 -0.505959 -0.862420 19.886000 -0.981437 -0.157268 0.109762 -3.966000 0.000000 0.000000 0.000000 1.000000
-0.207698 0.839979 -0.501296 11.304900 -0.019150 -0.515865 -0.856456 19.886000 -0.978005 -0.168285 0.123230 -3.966000 0.000000 0.000000 0.000000 1.000000
-0.230314 0.826031 -0.514420 11.304900 -0.023210 -0.533144 -0.845706 19.886000 -0.972839 -0.182838 0.141963 -3.966000 0.000000 0.000000 0.000000 1.000000
-0.249501 0.808325 -0.533254 11.304900 -0.025100 -0.555882 -0.830882 19.886000 -0.968049 -0.193921 0.158982 -3.966000 0.000000 0.000000 0.000000 1.000000
-0.255313 0.795082 -0.550145 11.304900 -0.023995 -0.574038 -0.818477 19.886000 -0.966561 -0.195767 0.165637 -3.966000 0.000000 0.000000 0.000000 1.000000
-0.249541 0.791786 -0.557498 11.304900 -0.021847 -0.580168 -0.814204 19.886000 -0.968118 -0.190998 0.162074 -3.966000 0.000000 0.000000 0.000000 1.000000
-0.241863 0.796544 -0.554094 11.304900 -0.020643 -0.575143 -0.817792 19.886000 -0.970091 -0.186356 0.155549 -3.966000 0.000000 0.000000 0.000000 1.000000
-0.238343 0.804458 -0.544096 11.304900 -0.021040 -0.564387 -0.825242 19.886000 -0.970953 -0.185243 0.151443 -3.966000 0.000000 0.000000 0.000000 1.000000
-0.237048 0.813042 -0.531762 11.304900 -0.022268 -0.551767 -0.833701 19.886000 -0.971243 -0.185786 0.148900 -3.966000 0.000000 0.000000 0.000000 1.000000
-0.233185 0.822289 -0.519101 11.304900 -0.022964 -0.538325 -0.842425 19.886000 -0.972161 -0.184520 0.144412 -3.966000 0.000000 0.000000 0.000000 1.000000
-0.224403 0.831622 -0.507985 11.304900 -0.022157 -0.525499 -0.850506 19.886000 -0.974245 -0.179600 0.136350 -3.966000 0.000000 0.000000 0.000000 1.000000
-0.211013 0.838899 -0.501720 11.304900 -0.019441 -0.516777 -0.855899 19.886000 -0.977290 -0.170852 0.125356 -3.966000 0.000000 0.000000 0.000000 1.000000
-0.194746 0.842629 -0.502046 11.304900 -0.015163 -0.514371 -0.857434 19.886000 -0.980737 -0.159369 0.112949 -3.966000 0.000000 0.000000 0.000000 1.000000
-0.179823 0.843547 -0.506056 11.304900 -0.010813 -0.516106 -0.856456 19.886000 -0.983640 -0.148538 0.101929 -3.966000 0.000000 0.000000 0.000000 1.000000
-0.173675 0.842467 -0.509987 11.304900 -0.008650 -0.519142 -0.854644 19.886000 -0.984765 -0.144019 0.097449 -3.966000 0.000000 0.000000 0.000000 1.000000
-0.182268 0.837352 -0.515383 11.304900 -0.010247 -0.525752 -0.850576 19.886000 -0.983195 -0.149752 0.104408 -3.966000 0.000000 0.000000 0.000000 1.000000
-0.202460 0.825134 -0.527413 11.304900 -0.014381 -0.541013 -0.840891 19.886000 -0.979185 -0.162662 0.121399 -3.966000 0.000000 0.000000 0.000000 1.000000
-0.221503 0.806972 -0.547478 11.304900 -0.017177 -0.564566 -0.825209 19.886000 -0.975008 -0.173383 0.138914 -3.966000 0.000000 0.000000 0.000000 1.000000
-0.227289 0.788902 -0.570940 11.304900 -0.016210 -0.589269 -0.807775 19.886000 -0.973692 -0.174344 0.146723 -3.966000 0.000000 0.000000 0.000000 1.000000
-0.218699 0.776032 -0.591562 11.304900 -0.012523 -0.608420 -0.793516 19.886000 -0.975712 -0.166133 0.142779 -3.966000 0.000000 0.000000 0.000000 1.000000
-0.203954 0.769261 -0.605508 11.304900 -0.008358 -0.619854 -0.784672 19.886000 -0.978945 -0.154976 0.132852 -3.966000 0.000000 0.000000 0.000000 1.000000
-0.190604 0.767974 -0.611462 11.304900 -0.005140 -0.623654 -0.781684 19.886000 -0.981654 -0.145849 0.122818 -3.966000 0.000000 0.000000 0.000000 1.000000
-0.180723 0.772047 -0.609330 11.304900 -0.003225 -0.619993 -0.784601 19.886000 -0.983529 -0.139830 0.114536 -3.966000 0.000000 0.000000 0.000000 1.000000
-0.174656 0.780627 -0.600097 11.304900 -0.002594 -0.609827 -0.792530 19.886000 -0.984626 -0.136864 0.108535 -3.966000 0.000000 0.000000 0.000000 1.000000
-0.174396 0.791030 -0.586393 11.304900 -0.003467 -0.596009 -0.802970 19.886000 -0.984669 -0.138002 0.106685 -3.966000 0.000000 0.000000 0.000000 1.000000
-0.180959 0.799878 -0.572231 11.304900 -0.005939 -0.582715 -0.812655 19.886000 -0.983473 -0.143659 0.110198 -3.966000 0.000000 0.000000 0.000000 1.000000
-0.190041 0.805487 -0.561316 11.304900 -0.008874 -0.573121 -0.819423 19.886000 -0.981736 -0.150742 0.116064 -3.966000 0.000000 0.000000 0.000000 1.000000
-0.193333 0.809056 -0.555023 11.304900 -0.010088 -0.567305 -0.823446 19.886000 -0.981081 -0.153601 0.117841 -3.966000 0.000000 0.000000 0.000000 1.000000
-0.186252 0.812789 -0.551983 11.304900 -0.008475 -0.563121 -0.826331 19.886000 -0.982465 -0.149227 0.111771 -3.966000 0.000000 0.000000 0.000000 1.000000
-0.172954 0.817150 -0.549866 11.304900 -0.005237 -0.559035 -0.829128 19.886000 -0.984916 -0.140521 0.100967 -3.966000 0.000000 0.000000 0.000000 1.000000
-0.161821 0.821084 -0.547389 11.304900 -0.002541 -0.555045 -0.831817 19.886000 -0.986817 -0.133214 0.091904 -3.966000 0.000000 0.000000 0.000000 1.000000</float_array>
        <technique_common>
          <accessor source="#mixamorig_LeftShoulder-Matrix-animation-output-transform-array" count="53" stride="16">
            <param type="float4x4"/>
          </accessor>
        </technique_common>
      </source>
      <source id="mixamorig_LeftShoulder-Interpolations">
        <Name_array id="mixamorig_LeftShoulder-Interpolations-array" count="53">
 LINEAR LINEAR LINEAR LINEAR LINEAR LINEAR LINEAR LINEAR LINEAR LINEAR LINEAR
LINEAR LINEAR LINEAR LINEAR LINEAR LINEAR LINEAR LINEAR LINEAR LINEAR LINEAR LINEAR
LINEAR LINEAR LINEAR LINEAR LINEAR LINEAR LINEAR LINEAR LINEAR LINEAR LINEAR LINEAR
LINEAR LINEAR LINEAR LINEAR LINEAR LINEAR LINEAR LINEAR LINEAR LINEAR LINEAR LINEAR
LINEAR LINEAR LINEAR LINEAR LINEAR LINEAR</Name_array>
        <technique_common>
          <accessor source="#mixamorig_LeftShoulder-Interpolations-array" count="53">
            <param type="name"/>
          </accessor>
        </technique_common>
      </source>
      <sampler id="mixamorig_LeftShoulder-Matrix-animation-transform">
        <input semantic="INPUT" source="#mixamorig_LeftShoulder-Matrix-animation-input"/>
        <input semantic="OUTPUT" source="#mixamorig_LeftShoulder-Matrix-animation-output-transform"/>
        <input semantic="INTERPOLATION" source="#mixamorig_LeftShoulder-Interpolations"/>
      </sampler>
      <channel source="#mixamorig_LeftShoulder-Matrix-animation-transform" target="mixamorig_LeftShoulder/matrix"/>
    </animation>
    <animation id="mixamorig_LeftArm-anim" name="mixamorig_LeftArm">
      <source id="mixamorig_LeftArm-Matrix-animation-input">
        <float_array id="mixamorig_LeftArm-Matrix-animation-input-array" count="53">

0.000000 0.033333 0.066667 0.100000 0.133333 0.166667 0.200000 0.233333 0.266667 0.300000 0.333333 0.366667 0.400000 0.433333 0.466667 0.500000
0.533333 0.566667 0.600000 0.633333 0.666667 0.700000 0.733333 0.766667 0.800000 0.833333 0.866667 0.900000 0.933333 0.966667 1.000000 1.033333
1.066667 1.100000 1.133333 1.166667 1.200000 1.233333 1.266667 1.300000 1.333333 1.366667 1.400000 1.433333 1.466667 1.500000 1.533333 1.566667
1.600000 1.633333 1.666667 1.700000 1.733333</float_array>
        <technique_common>
          <accessor source="#mixamorig_LeftArm-Matrix-animation-input-array" count="53">
            <param name="TIME" type="float"/>
          </accessor>
        </technique_common>
      </source>
      <source id="mixamorig_LeftArm-Matrix-animation-output-transform">
        <float_array id="mixamorig_LeftArm-Matrix-animation-output-transform-array" count="848">

0.823288 -0.539021 0.177914 0.000000 0.538215 0.641715 -0.546375 12.686800 0.180337 0.545580 0.818426 0.000000 0.000000 0.000000 0.000000 1.000000
0.817832 -0.543879 0.188005 0.000000 0.547167 0.633781 -0.546744 12.686800 0.178209 0.550015 0.815920 -0.000000 0.000000 0.000000 0.000000 1.000000
0.814847 -0.539343 0.212444 -0.000000 0.557824 0.629897 -0.540428 12.686800 0.157658 0.558873 0.814128 0.000000 0.000000 0.000000 0.000000 1.000000
0.822867 -0.508224 0.254162 -0.000000 0.558727 0.642175 -0.524820 12.686800 0.103509 0.573865 0.812382 0.000000 0.000000 0.000000 0.000000 1.000000
0.852679 -0.432957 0.292382 -0.000000 0.522129 0.687046 -0.505321 12.686800 0.017902 0.583538 0.811889 0.000000 0.000000 0.000000 0.000000 1.000000
0.905367 -0.317153 0.282353 -0.000000 0.419875 0.767865 -0.483826 12.686800 -0.063362 0.556594 0.828365 -0.000000 0.000000 0.000000 0.000000 1.000000
0.965363 -0.185170 0.183810 0.000000 0.248576 0.866788 -0.432307 12.686800 -0.079274 0.463024 0.882793 0.000000 0.000000 0.000000 0.000000 1.000000
0.997660 -0.068333 -0.002251 0.000000 0.064647 0.953545 -0.294231 12.686800 0.022252 0.293397 0.955732 -0.000000 0.000000 0.000000 0.000000 1.000000
0.975189 0.042001 -0.217355 -0.000000 -0.053974 0.997318 -0.049443 12.686800 0.214695 0.059948 0.974840 -0.000000 0.000000 0.000000 0.000000 1.000000
0.930979 0.134899 -0.339234 0.000000 -0.066073 0.976141 0.206841 12.686800 0.359043 -0.170150 0.917680 0.000000 0.000000 0.000000 0.000000 1.000000
0.928429 0.169885 -0.330392 -0.000000 -0.028088 0.918875 0.393547 12.686800 0.370447 -0.356100 0.857882 0.000000 0.000000 0.000000 0.000000 1.000000
0.952322 0.085033 -0.293006 0.000000 0.069334 0.874931 0.479259 12.686800 0.297113 -0.476724 0.827320 0.000000 0.000000 0.000000 0.000000 1.000000
0.924077 -0.101679 -0.368433 -0.000000 0.275844 0.844669 0.458743 12.686800 0.264559 -0.525544 0.808587 0.000000 0.000000 0.000000 0.000000 1.000000
0.804988 -0.266050 -0.530294 0.000000 0.500047 0.785275 0.365098 12.686800 0.319292 -0.559072 0.765174 0.000000 0.000000 0.000000 0.000000 1.000000
0.687695 -0.346570 -0.637938 0.000000 0.616694 0.742536 0.261399 12.686800 0.383099 -0.573175 0.724365 0.000000 0.000000 0.000000 0.000000 1.000000
0.669486 -0.373967 -0.641824 0.000000 0.603189 0.777961 0.175896 12.686800 0.433535 -0.504901 0.746407 0.000000 0.000000 0.000000 0.000000 1.000000
0.725039 -0.357944 -0.588383 -0.000000 0.488696 0.869368 0.073317 12.686800 0.485278 -0.340698 0.805251 0.000000 0.000000 0.000000 0.000000 1.000000
0.782408 -0.325551 -0.530899 0.000000 0.349082 0.935231 -0.059033 12.686800 0.515732 -0.139139 0.845376 0.000000 0.000000 0.000000 0.000000 1.000000
0.825602 -0.319067 -0.465379 0.000000 0.267083 0.947503 -0.175796 12.686800 0.497039 0.020843 0.867478 0.000000 0.000000 0.000000 0.000000 1.000000
0.865824 -0.334514 -0.372087 -0.000000 0.256096 0.935143 -0.244792 12.686800 0.429840 0.116657 0.895337 0.000000 0.000000 0.000000 0.000000 1.000000
0.901166 -0.340744 -0.267942 0.000000 0.266360 0.922950 -0.277879 12.686800 0.341983 0.179046 0.922491 0.000000 0.000000 0.000000 0.000000 1.000000
0.926748 -0.326932 -0.185080 -0.000000 0.262289 0.915762 -0.304277 12.686800 0.268967 0.233444 0.934431 0.000000 0.000000 0.000000 0.000000 1.000000
0.940360 -0.314346 -0.130035 0.000000 0.257308 0.907301 -0.332562 12.686800 0.222520 0.279269 0.934074 0.000000 0.000000 0.000000 0.000000 1.000000
0.940468 -0.328444 -0.087435 -0.000000 0.279956 0.894449 -0.348691 12.686800 0.192732 0.303454 0.933150 0.000000 0.000000 0.000000 0.000000 1.000000
0.927419 -0.371150 -0.046276 -0.000000 0.333573 0.876727 -0.346523 12.686800 0.169184 0.305935 0.936899 0.000000 0.000000 0.000000 0.000000 1.000000
0.906231 -0.422712 -0.007755 -0.000000 0.394649 0.852363 -0.343117 12.686800 0.151650 0.307882 0.939261 0.000000 0.000000 0.000000 0.000000 1.000000
0.884314 -0.466226 0.024945 0.000000 0.442948 0.820872 -0.360509 12.686800 0.147602 0.329853 0.932422 -0.000000 0.000000 0.000000 0.000000 1.000000
0.863904 -0.500590 0.055488 -0.000000 0.478645 0.781720 -0.399766 12.686800 0.156743 0.371918 0.914936 0.000000 0.000000 0.000000 0.000000 1.000000
0.843428 -0.529478 0.091001 -0.000000 0.510617 0.737383 -0.442196 12.686800 0.167030 0.419427 0.892290 0.000000 0.000000 0.000000 0.000000 1.000000
0.825453 -0.548869 0.131791 -0.000000 0.539015 0.697121 -0.472743 12.686800 0.167600 0.461265 0.871289 0.000000 0.000000 0.000000 0.000000 1.000000
0.817127 -0.551210 0.168733 0.000000 0.554291 0.670904 -0.492595 12.686800 0.158320 0.496039 0.853744 0.000000 0.000000 0.000000 0.000000 1.000000
0.821027 -0.538232 0.190319 -0.000000 0.551448 0.661441 -0.508331 12.686800 0.147716 0.522304 0.839868 0.000000 0.000000 0.000000 0.000000 1.000000
0.830193 -0.524567 0.188705 0.000000 0.538187 0.665881 -0.516679 12.686800 0.145378 0.530502 0.835125 0.000000 0.000000 0.000000 0.000000 1.000000
0.834778 -0.526282 0.161781 0.000000 0.527942 0.681707 -0.506510 12.686800 0.156280 0.508234 0.846920 -0.000000 0.000000 0.000000 0.000000 1.000000
0.830116 -0.545268 0.116576 -0.000000 0.528654 0.703168 -0.475479 12.686800 0.177291 0.456331 0.871969 0.000000 0.000000 0.000000 0.000000 1.000000
0.819348 -0.568757 0.072003 0.000000 0.537458 0.718338 -0.441735 12.686800 0.199517 0.400633 0.894252 0.000000 0.000000 0.000000 0.000000 1.000000
0.810332 -0.583667 0.051918 0.000000 0.544947 0.718067 -0.432912 12.686800 0.215396 0.379095 0.899940 -0.000000 0.000000 0.000000 0.000000 1.000000
0.809204 -0.583500 0.068679 0.000000 0.544869 0.701575 -0.459249 12.686800 0.219789 0.409047 0.885649 0.000000 0.000000 0.000000 0.000000 1.000000
0.818922 -0.562657 0.113070 0.000000 0.535115 0.677403 -0.504755 12.686800 0.207410 0.473860 0.855826 0.000000 0.000000 0.000000 0.000000 1.000000
0.841123 -0.515633 0.163202 0.000000 0.512352 0.663018 -0.545805 12.686800 0.173229 0.542706 0.821865 0.000000 0.000000 0.000000 0.000000 1.000000
0.872018 -0.445321 0.203157 -0.000000 0.475277 0.671117 -0.568958 12.686800 0.117027 0.592698 0.796878 0.000000 0.000000 0.000000 0.000000 1.000000
0.900679 -0.368395 0.230353 0.000000 0.431642 0.698131 -0.571226 12.686800 0.049620 0.613921 0.787806 0.000000 0.000000 0.000000 0.000000 1.000000
0.918789 -0.308160 0.246709 0.000000 0.394650 0.731141 -0.556493 12.686800 -0.008890 0.608663 0.793379 0.000000 0.000000 0.000000 0.000000 1.000000
0.927318 -0.278833 0.249666 0.000000 0.372156 0.757811 -0.535932 12.686800 -0.039764 0.589894 0.806501 0.000000 0.000000 0.000000 0.000000 1.000000
0.930905 -0.278909 0.235849 0.000000 0.363530 0.770233 -0.524010 12.686800 -0.035508 0.573542 0.818406 -0.000000 0.000000 0.000000 0.000000 1.000000
0.930902 -0.298802 0.210093 -0.000000 0.365257 0.766340 -0.528499 12.686800 -0.003086 0.568718 0.822527 0.000000 0.000000 0.000000 0.000000 1.000000
0.925434 -0.330574 0.185185 -0.000000 0.376639 0.749112 -0.544953 12.686800 0.041424 0.574066 0.817761 0.000000 0.000000 0.000000 0.000000 1.000000
0.912723 -0.370925 0.171324 0.000000 0.399832 0.724562 -0.561377 12.686800 0.084094 0.580882 0.809632 0.000000 0.000000 0.000000 0.000000 1.000000
0.892849 -0.417685 0.168406 0.000000 0.434249 0.699345 -0.567753 12.686800 0.119369 0.580048 0.805789 0.000000 0.000000 0.000000 0.000000 1.000000
0.868815 -0.465076 0.169896 0.000000 0.472970 0.678012 -0.562672 12.686800 0.146493 0.569214 0.809034 0.000000 0.000000 0.000000 0.000000 1.000000
0.846590 -0.503837 0.171564 0.000000 0.506019 0.661974 -0.552934 12.686800 0.165018 0.554923 0.815371 0.000000 0.000000 0.000000 0.000000 1.000000
0.831477 -0.527701 0.173716 0.000000 0.527107 0.650553 -0.546753 12.686800 0.175511 0.546180 0.819075 0.000000 0.000000 0.000000 0.000000 1.000000
0.823288 -0.539020 0.177914 -0.000000 0.538215 0.641716 -0.546376 12.686800 0.180337 0.545580 0.818426 0.000000 0.000000 0.000000 0.000000 1.000000</float_array>
        <technique_common>
          <accessor source="#mixamorig_LeftArm-Matrix-animation-output-transform-array" count="53" stride="16">
            <param type="float4x4"/>
          </accessor>
        </technique_common>
      </source>
      <source id="mixamorig_LeftArm-Interpolations">
        <Name_array id="mixamorig_LeftArm-Interpolations-array" count="53">
 LINEAR LINEAR LINEAR LINEAR LINEAR LINEAR LINEAR LINEAR LINEAR LINEAR LINEAR
LINEAR LINEAR LINEAR LINEAR LINEAR LINEAR LINEAR LINEAR LINEAR LINEAR LINEAR LINEAR
LINEAR LINEAR LINEAR LINEAR LINEAR LINEAR LINEAR LINEAR LINEAR LINEAR LINEAR LINEAR
LINEAR LINEAR LINEAR LINEAR LINEAR LINEAR LINEAR LINEAR LINEAR LINEAR LINEAR LINEAR
LINEAR LINEAR LINEAR LINEAR LINEAR LINEAR</Name_array>
        <technique_common>
          <accessor source="#mixamorig_LeftArm-Interpolations-array" count="53">
            <param type="name"/>
          </accessor>
        </technique_common>
      </source>
      <sampler id="mixamorig_LeftArm-Matrix-animation-transform">
        <input semantic="INPUT" source="#mixamorig_LeftArm-Matrix-animation-input"/>
        <input semantic="OUTPUT" source="#mixamorig_LeftArm-Matrix-animation-output-transform"/>
        <input semantic="INTERPOLATION" source="#mixamorig_LeftArm-Interpolations"/>
      </sampler>
      <channel source="#mixamorig_LeftArm-Matrix-animation-transform" target="mixamorig_LeftArm/matrix"/>
    </animation>
    <animation id="mixamorig_LeftForeArm-anim" name="mixamorig_LeftForeArm">
      <source id="mixamorig_LeftForeArm-Matrix-animation-input">
        <float_array id="mixamorig_LeftForeArm-Matrix-animation-input-array" count="53">

0.000000 0.033333 0.066667 0.100000 0.133333 0.166667 0.200000 0.233333 0.266667 0.300000 0.333333 0.366667 0.400000 0.433333 0.466667 0.500000
0.533333 0.566667 0.600000 0.633333 0.666667 0.700000 0.733333 0.766667 0.800000 0.833333 0.866667 0.900000 0.933333 0.966667 1.000000 1.033333
1.066667 1.100000 1.133333 1.166667 1.200000 1.233333 1.266667 1.300000 1.333333 1.366667 1.400000 1.433333 1.466667 1.500000 1.533333 1.566667
1.600000 1.633333 1.666667 1.700000 1.733333</float_array>
        <technique_common>
          <accessor source="#mixamorig_LeftForeArm-Matrix-animation-input-array" count="53">
            <param name="TIME" type="float"/>
          </accessor>
        </technique_common>
      </source>
      <source id="mixamorig_LeftForeArm-Matrix-animation-output-transform">
        <float_array id="mixamorig_LeftForeArm-Matrix-animation-output-transform-array" count="848">

-0.352956 -0.935640 -0.000000 0.000000 0.935640 -0.352956 -0.000000 30.736700 0.000000 -0.000000 1.000000 0.000000 0.000000 0.000000 0.000000 1.000000
-0.338981 -0.940793 -0.000000 0.000000 0.940793 -0.338981 0.000000 30.736700 -0.000000 0.000000 1.000000 0.000000 0.000000 0.000000 0.000000 1.000000
-0.331048 -0.943614 -0.000000 0.000000 0.943614 -0.331048 -0.000000 30.736700 0.000000 -0.000000 1.000000 0.000000 0.000000 0.000000 0.000000 1.000000
-0.343156 -0.939278 0.000000 0.000000 0.939278 -0.343156 -0.000000 30.736700 0.000000 0.000000 1.000000 0.000000 0.000000 0.000000 0.000000 1.000000
-0.393821 -0.919187 -0.000000 -0.000000 0.919187 -0.393821 -0.000000 30.736700 -0.000000 -0.000000 1.000000 -0.000000 0.000000 0.000000 0.000000 1.000000
-0.483449 -0.875372 -0.000000 0.000000 0.875372 -0.483449 0.000000 30.736700 -0.000000 0.000000 1.000000 -0.000000 0.000000 0.000000 0.000000 1.000000
-0.581715 -0.813393 -0.000000 0.000000 0.813393 -0.581715 -0.000000 30.736700 0.000000 -0.000000 1.000000 0.000000 0.000000 0.000000 0.000000 1.000000
-0.632422 -0.774624 0.000000 0.000000 0.774624 -0.632422 -0.000000 30.736700 0.000000 0.000000 1.000000 0.000000 0.000000 0.000000 0.000000 1.000000
-0.626120 -0.779727 -0.000000 -0.000000 0.779727 -0.626120 -0.000000 30.736700 0.000000 -0.000000 1.000000 0.000000 0.000000 0.000000 0.000000 1.000000
-0.496142 -0.868242 0.000000 -0.000000 0.868242 -0.496142 -0.000000 30.736700 0.000000 -0.000000 1.000000 0.000000 0.000000 0.000000 0.000000 1.000000
-0.124910 -0.992168 -0.000000 0.000000 0.992168 -0.124910 -0.000000 30.736700 0.000000 -0.000000 1.000000 -0.000000 0.000000 0.000000 0.000000 1.000000
0.478643 -0.878009 -0.000000 -0.000000 0.878009 0.478643 0.000000 30.736700 -0.000000 -0.000000 1.000000 0.000000 0.000000 0.000000 0.000000 1.000000
0.907539 -0.419967 0.000000 0.000000 0.419967 0.907539 -0.000000 30.736700 -0.000000 0.000000 1.000000 -0.000000 0.000000 0.000000 0.000000 1.000000
0.997570 -0.069670 -0.000000 -0.000000 0.069670 0.997570 -0.000000 30.736700 0.000000 0.000000 1.000000 0.000000 0.000000 0.000000 0.000000 1.000000
0.997068 -0.076522 -0.000000 -0.000000 0.076522 0.997068 -0.000000 30.736700 0.000000 0.000000 1.000000 0.000000 0.000000 0.000000 0.000000 1.000000
0.929428 -0.369004 -0.000000 -0.000000 0.369004 0.929428 -0.000000 30.736700 0.000000 0.000000 1.000000 0.000000 0.000000 0.000000 0.000000 1.000000
0.680817 -0.732453 0.000000 0.000000 0.732453 0.680817 -0.000000 30.736700 0.000000 0.000000 1.000000 0.000000 0.000000 0.000000 0.000000 1.000000
0.348609 -0.937268 -0.000000 0.000000 0.937268 0.348609 -0.000000 30.736700 0.000000 -0.000000 1.000000 0.000000 0.000000 0.000000 0.000000 1.000000
0.117775 -0.993040 -0.000000 0.000000 0.993040 0.117775 -0.000000 30.736700 0.000000 -0.000000 1.000000 0.000000 0.000000 0.000000 0.000000 1.000000
0.000175 -1.000000 -0.000000 -0.000000 1.000000 0.000175 0.000000 30.736700 -0.000000 -0.000000 1.000000 0.000000 0.000000 0.000000 0.000000 1.000000
-0.073253 -0.997313 -0.000000 0.000000 0.997313 -0.073253 -0.000000 30.736700 0.000000 -0.000000 1.000000 0.000000 0.000000 0.000000 0.000000 1.000000
-0.137124 -0.990554 -0.000000 0.000000 0.990554 -0.137124 0.000000 30.736700 -0.000000 -0.000000 1.000000 0.000000 0.000000 0.000000 0.000000 1.000000
-0.187118 -0.982337 -0.000000 0.000000 0.982337 -0.187118 -0.000000 30.736700 0.000000 -0.000000 1.000000 0.000000 0.000000 0.000000 0.000000 1.000000
-0.217149 -0.976139 0.000000 0.000000 0.976139 -0.217149 -0.000000 30.736700 0.000000 0.000000 1.000000 0.000000 0.000000 0.000000 0.000000 1.000000
-0.237752 -0.971326 -0.000000 -0.000000 0.971326 -0.237752 0.000000 30.736700 -0.000000 -0.000000 1.000000 0.000000 0.000000 0.000000 0.000000 1.000000
-0.266026 -0.963966 0.000000 0.000000 0.963966 -0.266026 -0.000000 30.736700 0.000000 0.000000 1.000000 -0.000000 0.000000 0.000000 0.000000 1.000000
-0.307554 -0.951531 -0.000000 0.000000 0.951531 -0.307554 -0.000000 30.736700 0.000000 -0.000000 1.000000 0.000000 0.000000 0.000000 0.000000 1.000000
-0.351706 -0.936110 0.000000 -0.000000 0.936110 -0.351706 -0.000000 30.736700 0.000000 0.000000 1.000000 0.000000 0.000000 0.000000 0.000000 1.000000
-0.383509 -0.923537 -0.000000 -0.000000 0.923537 -0.383509 0.000000 30.736700 -0.000000 -0.000000 1.000000 0.000000 0.000000 0.000000 0.000000 1.000000
-0.395737 -0.918364 -0.000000 0.000000 0.918364 -0.395737 -0.000000 30.736700 0.000000 -0.000000 1.000000 0.000000 0.000000 0.000000 0.000000 1.000000
-0.389142 -0.921178 -0.000000 -0.000000 0.921178 -0.389142 0.000000 30.736700 -0.000000 -0.000000 1.000000 0.000000 0.000000 0.000000 0.000000 1.000000
-0.366003 -0.930613 -0.000000 0.000000 0.930613 -0.366003 -0.000000 30.736700 0.000000 -0.000000 1.000000 0.000000 0.000000 0.000000 0.000000 1.000000
-0.327839 -0.944734 -0.000000 0.000000 0.944734 -0.327839 -0.000000 30.736700 -0.000000 -0.000000 1.000000 0.000000 0.000000 0.000000 0.000000 1.000000
-0.279975 -0.960007 -0.000000 -0.000000 0.960007 -0.279975 0.000000 30.736700 -0.000000 -0.000000 1.000000 -0.000000 0.000000 0.000000 0.000000 1.000000
-0.235322 -0.971917 0.000000 0.000000 0.971917 -0.235322 -0.000000 30.736700 0.000000 0.000000 1.000000 -0.000000 0.000000 0.000000 0.000000 1.000000
-0.208961 -0.977924 -0.000000 0.000000 0.977924 -0.208961 -0.000000 30.736700 0.000000 -0.000000 1.000000 0.000000 0.000000 0.000000 0.000000 1.000000
-0.207716 -0.978189 -0.000000 0.000000 0.978189 -0.207716 -0.000000 30.736700 0.000000 -0.000000 1.000000 0.000000 0.000000 0.000000 0.000000 1.000000
-0.228525 -0.973538 0.000000 0.000000 0.973538 -0.228525 0.000000 30.736700 -0.000000 0.000000 1.000000 0.000000 0.000000 0.000000 0.000000 1.000000
-0.266571 -0.963815 0.000000 0.000000 0.963815 -0.266571 0.000000 30.736700 -0.000000 0.000000 1.000000 0.000000 0.000000 0.000000 0.000000 1.000000
-0.318033 -0.948080 -0.000000 0.000000 0.948080 -0.318033 -0.000000 30.736700 0.000000 -0.000000 1.000000 -0.000000 0.000000 0.000000 0.000000 1.000000
-0.373452 -0.927650 -0.000000 -0.000000 0.927650 -0.373452 -0.000000 30.736700 0.000000 -0.000000 1.000000 0.000000 0.000000 0.000000 0.000000 1.000000
-0.417368 -0.908738 0.000000 -0.000000 0.908738 -0.417368 -0.000000 30.736700 0.000000 -0.000000 1.000000 0.000000 0.000000 0.000000 0.000000 1.000000
-0.440267 -0.897867 0.000000 0.000000 0.897867 -0.440267 -0.000000 30.736700 0.000000 -0.000000 1.000000 0.000000 0.000000 0.000000 0.000000 1.000000
-0.447170 -0.894449 0.000000 -0.000000 0.894449 -0.447170 0.000000 30.736700 -0.000000 0.000000 1.000000 0.000000 0.000000 0.000000 0.000000 1.000000
-0.451855 -0.892092 -0.000000 0.000000 0.892092 -0.451855 0.000000 30.736700 -0.000000 -0.000000 1.000000 0.000000 0.000000 0.000000 0.000000 1.000000
-0.463745 -0.885969 -0.000000 0.000000 0.885969 -0.463745 -0.000000 30.736700 0.000000 -0.000000 1.000000 0.000000 0.000000 0.000000 0.000000 1.000000
-0.480168 -0.877176 -0.000000 0.000000 0.877176 -0.480168 -0.000000 30.736700 -0.000000 -0.000000 1.000000 0.000000 0.000000 0.000000 0.000000 1.000000
-0.489093 -0.872232 -0.000000 -0.000000 0.872232 -0.489093 0.000000 30.736700 -0.000000 -0.000000 1.000000 0.000000 0.000000 0.000000 0.000000 1.000000
-0.478730 -0.877962 0.000000 0.000000 0.877962 -0.478730 -0.000000 30.736700 0.000000 0.000000 1.000000 -0.000000 0.000000 0.000000 0.000000 1.000000
-0.447481 -0.894293 0.000000 0.000000 0.894293 -0.447481 -0.000000 30.736700 0.000000 -0.000000 1.000000 -0.000000 0.000000 0.000000 0.000000 1.000000
-0.407170 -0.913353 0.000000 -0.000000 0.913353 -0.407170 -0.000000 30.736700 0.000000 0.000000 1.000000 -0.000000 0.000000 0.000000 0.000000 1.000000
-0.373833 -0.927496 -0.000000 -0.000000 0.927496 -0.373833 0.000000 30.736700 -0.000000 -0.000000 1.000000 0.000000 0.000000 0.000000 0.000000 1.000000
-0.352956 -0.935640 0.000000 0.000000 0.935640 -0.352956 -0.000000 30.736700 0.000000 -0.000000 1.000000 -0.000000 0.000000 0.000000 0.000000 1.000000</float_array>
        <technique_common>
          <accessor source="#mixamorig_LeftForeArm-Matrix-animation-output-transform-array" count="53" stride="16">
            <param type="float4x4"/>
          </accessor>
        </technique_common>
      </source>
      <source id="mixamorig_LeftForeArm-Interpolations">
        <Name_array id="mixamorig_LeftForeArm-Interpolations-array" count="53">
 LINEAR LINEAR LINEAR LINEAR LINEAR LINEAR LINEAR LINEAR LINEAR LINEAR LINEAR
LINEAR LINEAR LINEAR LINEAR LINEAR LINEAR LINEAR LINEAR LINEAR LINEAR LINEAR LINEAR
LINEAR LINEAR LINEAR LINEAR LINEAR LINEAR LINEAR LINEAR LINEAR LINEAR LINEAR LINEAR
LINEAR LINEAR LINEAR LINEAR LINEAR LINEAR LINEAR LINEAR LINEAR LINEAR LINEAR LINEAR
LINEAR LINEAR LINEAR LINEAR LINEAR LINEAR</Name_array>
        <technique_common>
          <accessor source="#mixamorig_LeftForeArm-Interpolations-array" count="53">
            <param type="name"/>
          </accessor>
        </technique_common>
      </source>
      <sampler id="mixamorig_LeftForeArm-Matrix-animation-transform">
        <input semantic="INPUT" source="#mixamorig_LeftForeArm-Matrix-animation-input"/>
        <input semantic="OUTPUT" source="#mixamorig_LeftForeArm-Matrix-animation-output-transform"/>
        <input semantic="INTERPOLATION" source="#mixamorig_LeftForeArm-Interpolations"/>
      </sampler>
      <channel source="#mixamorig_LeftForeArm-Matrix-animation-transform" target="mixamorig_LeftForeArm/matrix"/>
    </animation>
    <animation id="mixamorig_LeftHand-anim" name="mixamorig_LeftHand">
      <source id="mixamorig_LeftHand-Matrix-animation-input">
        <float_array id="mixamorig_LeftHand-Matrix-animation-input-array" count="53">

0.000000 0.033333 0.066667 0.100000 0.133333 0.166667 0.200000 0.233333 0.266667 0.300000 0.333333 0.366667 0.400000 0.433333 0.466667 0.500000
0.533333 0.566667 0.600000 0.633333 0.666667 0.700000 0.733333 0.766667 0.800000 0.833333 0.866667 0.900000 0.933333 0.966667 1.000000 1.033333
1.066667 1.100000 1.133333 1.166667 1.200000 1.233333 1.266667 1.300000 1.333333 1.366667 1.400000 1.433333 1.466667 1.500000 1.533333 1.566667
1.600000 1.633333 1.666667 1.700000 1.733333</float_array>
        <technique_common>
          <accessor source="#mixamorig_LeftHand-Matrix-animation-input-array" count="53">
            <param name="TIME" type="float"/>
          </accessor>
        </technique_common>
      </source>
      <source id="mixamorig_LeftHand-Matrix-animation-output-transform">
        <float_array id="mixamorig_LeftHand-Matrix-animation-output-transform-array" count="848">

0.971404 -0.119371 0.205245 0.000000 0.067331 0.967437 0.243991 26.713100 -0.227687 -0.223195 0.947810 0.000000 0.000000 0.000000 0.000000 1.000000
0.969636 -0.106955 0.219925 0.000000 0.051522 0.968450 0.243825 26.713100 -0.239065 -0.225090 0.944554 0.000000 0.000000 0.000000 0.000000 1.000000
0.964500 -0.104197 0.242658 0.000000 0.038369 0.964411 0.261610 26.713100 -0.261281 -0.243012 0.934172 -0.000000 0.000000 0.000000 0.000000 1.000000
0.953128 -0.107164 0.282954 0.000000 0.023882 0.958904 0.282723 26.713100 -0.301623 -0.262714 0.916518 0.000000 0.000000 0.000000 0.000000 1.000000
0.938063 -0.104817 0.330230 0.000000 0.011458 0.962003 0.272799 26.713100 -0.346276 -0.252119 0.903620 0.000000 0.000000 0.000000 0.000000 1.000000
0.932257 -0.090276 0.350354 -0.000000 0.015374 0.977380 0.210933 26.713100 -0.361471 -0.191257 0.912557 0.000000 0.000000 0.000000 0.000000 1.000000
0.947117 -0.072250 0.312648 0.000000 0.036525 0.992264 0.118655 26.713100 -0.318802 -0.100961 0.942429 0.000000 0.000000 0.000000 0.000000 1.000000
0.973054 -0.066853 0.220672 0.000000 0.058732 0.997340 0.043171 26.713100 -0.222971 -0.029047 0.974392 0.000000 0.000000 0.000000 0.000000 1.000000
0.993675 -0.061646 0.093859 0.000000 0.059352 0.997871 0.027045 26.713100 -0.095327 -0.021304 0.995218 0.000000 0.000000 0.000000 0.000000 1.000000
0.997637 -0.057180 -0.038086 -0.000000 0.059124 0.996894 0.052029 26.713100 0.034992 -0.054158 0.997919 0.000000 0.000000 0.000000 0.000000 1.000000
0.987812 -0.077079 -0.135227 0.000000 0.083808 0.995475 0.044785 26.713100 0.131163 -0.055573 0.989802 0.000000 0.000000 0.000000 0.000000 1.000000
0.979174 -0.134828 -0.151790 0.000000 0.128703 0.990446 -0.049526 26.713100 0.157017 0.028959 0.987171 0.000000 0.000000 0.000000 0.000000 1.000000
0.978235 -0.189698 -0.084088 0.000000 0.171504 0.967282 -0.186953 26.713100 0.116802 0.168463 0.978763 0.000000 0.000000 0.000000 0.000000 1.000000
0.982377 -0.186909 0.000854 -0.000000 0.179993 0.944773 -0.273872 26.713100 0.050383 0.269199 0.961766 -0.000000 0.000000 0.000000 0.000000 1.000000
0.991664 -0.125165 0.030599 0.000000 0.128760 0.953688 -0.271847 26.713100 0.004844 0.273521 0.961854 0.000000 0.000000 0.000000 0.000000 1.000000
0.998637 -0.051436 0.008813 0.000000 0.052153 0.977815 -0.202873 26.713100 0.001818 0.203056 0.979165 -0.000000 0.000000 0.000000 0.000000 1.000000
0.999974 -0.007052 -0.001475 0.000000 0.006811 0.992062 -0.125566 26.713100 0.002349 0.125553 0.992084 0.000000 0.000000 0.000000 0.000000 1.000000
0.999391 0.005466 0.034456 0.000000 -0.002708 0.996822 -0.079612 26.713100 -0.034781 0.079470 0.996230 0.000000 0.000000 0.000000 0.000000 1.000000
0.995830 0.007525 0.090916 -0.000000 -0.002969 0.998738 -0.050139 26.713100 -0.091179 0.049660 0.994596 0.000000 0.000000 0.000000 0.000000 1.000000
0.991789 0.011793 0.127337 0.000000 -0.010363 0.999876 -0.011889 26.713100 -0.127462 0.010472 0.991788 0.000000 0.000000 0.000000 0.000000 1.000000
0.990571 0.014812 0.136199 0.000000 -0.019832 0.999170 0.035576 26.713100 -0.135559 -0.037941 0.990043 0.000000 0.000000 0.000000 0.000000 1.000000
0.989967 0.014373 0.140563 0.000000 -0.025194 0.996827 0.075511 26.713100 -0.139032 -0.078295 0.987188 0.000000 0.000000 0.000000 0.000000 1.000000
0.987197 0.017579 0.158537 -0.000000 -0.033402 0.994655 0.097703 26.713100 -0.155972 -0.101747 0.982507 0.000000 0.000000 0.000000 0.000000 1.000000
0.982863 0.028668 0.182095 -0.000000 -0.048938 0.992965 0.107822 26.713100 -0.177723 -0.114886 0.977351 0.000000 0.000000 0.000000 0.000000 1.000000
0.980546 0.039646 0.192241 -0.000000 -0.063258 0.990963 0.118286 26.713100 -0.185814 -0.128145 0.974193 0.000000 0.000000 0.000000 0.000000 1.000000
0.981679 0.039312 0.186441 -0.000000 -0.065279 0.988658 0.135256 26.713100 -0.179010 -0.144948 0.973111 0.000000 0.000000 0.000000 0.000000 1.000000
0.982828 0.026018 0.182680 0.000000 -0.054979 0.986335 0.155309 26.713100 -0.176143 -0.162685 0.970828 -0.000000 0.000000 0.000000 0.000000 1.000000
0.980245 0.006986 0.197666 -0.000000 -0.042216 0.983737 0.174585 26.713100 -0.193231 -0.179480 0.964598 -0.000000 0.000000 0.000000 0.000000 1.000000
0.973495 -0.010078 0.228486 -0.000000 -0.034895 0.980787 0.191933 26.713100 -0.226030 -0.194819 0.954440 0.000000 0.000000 0.000000 0.000000 1.000000
0.965882 -0.020804 0.258147 0.000000 -0.033356 0.978474 0.203659 26.713100 -0.256827 -0.205321 0.944396 0.000000 0.000000 0.000000 0.000000 1.000000
0.962071 -0.024220 0.271721 0.000000 -0.033368 0.978123 0.205332 26.713100 -0.270750 -0.206611 0.940216 0.000000 0.000000 0.000000 0.000000 1.000000
0.964191 -0.023165 0.264196 0.000000 -0.030964 0.979532 0.198892 26.713100 -0.263396 -0.199950 0.943739 0.000000 0.000000 0.000000 0.000000 1.000000
0.970337 -0.022538 0.240705 0.000000 -0.024696 0.981196 0.191427 26.713100 -0.240493 -0.191693 0.951534 0.000000 0.000000 0.000000 0.000000 1.000000
0.976685 -0.024986 0.213219 0.000000 -0.015586 0.982330 0.186508 26.713100 -0.214111 -0.185483 0.959037 -0.000000 0.000000 0.000000 0.000000 1.000000
0.980888 -0.029480 0.192326 -0.000000 -0.006150 0.983264 0.182083 26.713100 -0.194475 -0.179786 0.964291 -0.000000 0.000000 0.000000 0.000000 1.000000
0.982947 -0.034449 0.180635 0.000000 0.001833 0.984083 0.177699 26.713100 -0.183882 -0.174338 0.967364 -0.000000 0.000000 0.000000 0.000000 1.000000
0.983617 -0.040959 0.175559 0.000000 0.009012 0.983801 0.179036 26.713100 -0.180048 -0.174521 0.968052 0.000000 0.000000 0.000000 0.000000 1.000000
0.983265 -0.052460 0.174467 0.000000 0.018083 0.981020 0.193063 26.713100 -0.181284 -0.186677 0.965551 0.000000 0.000000 0.000000 0.000000 1.000000
0.982107 -0.071753 0.174117 -0.000000 0.032263 0.975007 0.219818 26.713100 -0.185538 -0.210267 0.959877 0.000000 0.000000 0.000000 0.000000 1.000000
0.980511 -0.097580 0.170515 -0.000000 0.052955 0.967075 0.248921 26.713100 -0.189191 -0.235041 0.953395 0.000000 0.000000 0.000000 0.000000 1.000000
0.978798 -0.122801 0.163932 0.000000 0.076386 0.961455 0.264139 26.713100 -0.190049 -0.246017 0.950451 0.000000 0.000000 0.000000 0.000000 1.000000
0.977585 -0.135985 0.160732 0.000000 0.092152 0.962784 0.254077 26.713100 -0.189301 -0.233570 0.953735 0.000000 0.000000 0.000000 0.000000 1.000000
0.977551 -0.128494 0.166982 0.000000 0.089930 0.971155 0.220839 26.713100 -0.190542 -0.200865 0.960909 0.000000 0.000000 0.000000 0.000000 1.000000
0.977760 -0.104294 0.181955 0.000000 0.071190 0.981121 0.179817 26.713100 -0.197273 -0.162864 0.966726 0.000000 0.000000 0.000000 0.000000 1.000000
0.976602 -0.081114 0.199170 -0.000000 0.051032 0.987097 0.151775 26.713100 -0.208911 -0.138060 0.968140 0.000000 0.000000 0.000000 0.000000 1.000000
0.974292 -0.076771 0.211803 0.000000 0.044957 0.987491 0.151129 26.713100 -0.220756 -0.137722 0.965557 -0.000000 0.000000 0.000000 0.000000 1.000000
0.971843 -0.094780 0.215728 -0.000000 0.056493 0.982554 0.177188 26.713100 -0.228759 -0.160011 0.960243 -0.000000 0.000000 0.000000 0.000000 1.000000
0.969748 -0.124644 0.209885 -0.000000 0.078404 0.973295 0.215754 26.713100 -0.231173 -0.192771 0.953624 -0.000000 0.000000 0.000000 0.000000 1.000000
0.968625 -0.151289 0.197172 -0.000000 0.099776 0.963347 0.249011 26.713100 -0.227618 -0.221526 0.948217 0.000000 0.000000 0.000000 0.000000 1.000000
0.969105 -0.162894 0.185207 0.000000 0.110174 0.957704 0.265828 26.713100 -0.220675 -0.237210 0.946062 0.000000 0.000000 0.000000 0.000000 1.000000
0.970674 -0.156329 0.182627 -0.000000 0.104346 0.958375 0.265763 26.713100 -0.216572 -0.238913 0.946582 -0.000000 0.000000 0.000000 0.000000 1.000000
0.971712 -0.138354 0.191399 0.000000 0.086818 0.962953 0.255311 26.713100 -0.219632 -0.231472 0.947725 0.000000 0.000000 0.000000 0.000000 1.000000
0.971404 -0.119371 0.205245 0.000000 0.067331 0.967437 0.243991 26.713100 -0.227687 -0.223195 0.947809 0.000000 0.000000 0.000000 0.000000 1.000000</float_array>
        <technique_common>
          <accessor source="#mixamorig_LeftHand-Matrix-animation-output-transform-array" count="53" stride="16">
            <param type="float4x4"/>
          </accessor>
        </technique_common>
      </source>
      <source id="mixamorig_LeftHand-Interpolations">
        <Name_array id="mixamorig_LeftHand-Interpolations-array" count="53">
 LINEAR LINEAR LINEAR LINEAR LINEAR LINEAR LINEAR LINEAR LINEAR LINEAR LINEAR
LINEAR LINEAR LINEAR LINEAR LINEAR LINEAR LINEAR LINEAR LINEAR LINEAR LINEAR LINEAR
LINEAR LINEAR LINEAR LINEAR LINEAR LINEAR LINEAR LINEAR LINEAR LINEAR LINEAR LINEAR
LINEAR LINEAR LINEAR LINEAR LINEAR LINEAR LINEAR LINEAR LINEAR LINEAR LINEAR LINEAR
LINEAR LINEAR LINEAR LINEAR LINEAR LINEAR</Name_array>
        <technique_common>
          <accessor source="#mixamorig_LeftHand-Interpolations-array" count="53">
            <param type="name"/>
          </accessor>
        </technique_common>
      </source>
      <sampler id="mixamorig_LeftHand-Matrix-animation-transform">
        <input semantic="INPUT" source="#mixamorig_LeftHand-Matrix-animation-input"/>
        <input semantic="OUTPUT" source="#mixamorig_LeftHand-Matrix-animation-output-transform"/>
        <input semantic="INTERPOLATION" source="#mixamorig_LeftHand-Interpolations"/>
      </sampler>
      <channel source="#mixamorig_LeftHand-Matrix-animation-transform" target="mixamorig_LeftHand/matrix"/>
    </animation>
    <animation id="mixamorig_LeftHandThumb1-anim" name="mixamorig_LeftHandThumb1">
      <source id="mixamorig_LeftHandThumb1-Matrix-animation-input">
        <float_array id="mixamorig_LeftHandThumb1-Matrix-animation-input-array" count="53">

0.000000 0.033333 0.066667 0.100000 0.133333 0.166667 0.200000 0.233333 0.266667 0.300000 0.333333 0.366667 0.400000 0.433333 0.466667 0.500000
0.533333 0.566667 0.600000 0.633333 0.666667 0.700000 0.733333 0.766667 0.800000 0.833333 0.866667 0.900000 0.933333 0.966667 1.000000 1.033333
1.066667 1.100000 1.133333 1.166667 1.200000 1.233333 1.266667 1.300000 1.333333 1.366667 1.400000 1.433333 1.466667 1.500000 1.533333 1.566667
1.600000 1.633333 1.666667 1.700000 1.733333</float_array>
        <technique_common>
          <accessor source="#mixamorig_LeftHandThumb1-Matrix-animation-input-array" count="53">
            <param name="TIME" type="float"/>
          </accessor>
        </technique_common>
      </source>
      <source id="mixamorig_LeftHandThumb1-Matrix-animation-output-transform">
        <float_array id="mixamorig_LeftHandThumb1-Matrix-animation-output-transform-array" count="848">

0.931986 -0.219878 0.288193 -2.604400 0.342642 0.793845 -0.502401 4.344900 -0.118314 0.566977 0.815192 2.566800 0.000000 0.000000 0.000000 1.000000
0.931986 -0.219878 0.288193 -2.604400 0.342642 0.793845 -0.502400 4.344900 -0.118314 0.566977 0.815192 2.566800 0.000000 0.000000 0.000000 1.000000
0.931986 -0.219878 0.288193 -2.604400 0.342642 0.793845 -0.502400 4.344900 -0.118314 0.566977 0.815192 2.566800 0.000000 0.000000 0.000000 1.000000
0.931986 -0.219878 0.288193 -2.604400 0.342642 0.793845 -0.502400 4.344900 -0.118314 0.566977 0.815192 2.566800 0.000000 0.000000 0.000000 1.000000
0.931986 -0.219878 0.288193 -2.604400 0.342642 0.793845 -0.502401 4.344900 -0.118314 0.566978 0.815192 2.566800 0.000000 0.000000 0.000000 1.000000
0.931986 -0.219878 0.288193 -2.604400 0.342642 0.793845 -0.502400 4.344900 -0.118314 0.566977 0.815192 2.566800 0.000000 0.000000 0.000000 1.000000
0.931986 -0.219878 0.288193 -2.604400 0.342642 0.793845 -0.502401 4.344900 -0.118314 0.566977 0.815192 2.566800 0.000000 0.000000 0.000000 1.000000
0.931986 -0.219878 0.288193 -2.604400 0.342642 0.793845 -0.502400 4.344900 -0.118314 0.566977 0.815192 2.566800 0.000000 0.000000 0.000000 1.000000
0.931986 -0.219878 0.288193 -2.604400 0.342642 0.793845 -0.502400 4.344900 -0.118314 0.566977 0.815192 2.566800 0.000000 0.000000 0.000000 1.000000
0.931986 -0.219878 0.288193 -2.604400 0.342642 0.793845 -0.502400 4.344900 -0.118314 0.566977 0.815192 2.566800 0.000000 0.000000 0.000000 1.000000
0.931986 -0.219878 0.288193 -2.604400 0.342642 0.793845 -0.502400 4.344900 -0.118314 0.566977 0.815192 2.566800 0.000000 0.000000 0.000000 1.000000
0.931986 -0.219878 0.288193 -2.604400 0.342641 0.793846 -0.502400 4.344900 -0.118314 0.566977 0.815192 2.566800 0.000000 0.000000 0.000000 1.000000
0.931986 -0.219878 0.288193 -2.604400 0.342642 0.793845 -0.502400 4.344900 -0.118314 0.566977 0.815192 2.566800 0.000000 0.000000 0.000000 1.000000
0.931986 -0.219878 0.288193 -2.604400 0.342642 0.793845 -0.502400 4.344900 -0.118314 0.566977 0.815192 2.566800 0.000000 0.000000 0.000000 1.000000
0.931986 -0.219878 0.288193 -2.604400 0.342642 0.793845 -0.502400 4.344900 -0.118314 0.566977 0.815192 2.566800 0.000000 0.000000 0.000000 1.000000
0.931986 -0.219878 0.288193 -2.604400 0.342642 0.793845 -0.502401 4.344900 -0.118314 0.566978 0.815192 2.566800 0.000000 0.000000 0.000000 1.000000
0.931986 -0.219878 0.288193 -2.604400 0.342642 0.793845 -0.502400 4.344900 -0.118314 0.566977 0.815192 2.566800 0.000000 0.000000 0.000000 1.000000
0.931986 -0.219878 0.288193 -2.604400 0.342642 0.793845 -0.502400 4.344900 -0.118314 0.566977 0.815192 2.566800 0.000000 0.000000 0.000000 1.000000
0.931986 -0.219878 0.288193 -2.604400 0.342642 0.793845 -0.502400 4.344900 -0.118314 0.566977 0.815192 2.566800 0.000000 0.000000 0.000000 1.000000
0.931986 -0.219878 0.288193 -2.604400 0.342642 0.793845 -0.502400 4.344900 -0.118314 0.566977 0.815192 2.566800 0.000000 0.000000 0.000000 1.000000
0.931986 -0.219878 0.288193 -2.604400 0.342641 0.793845 -0.502400 4.344900 -0.118314 0.566977 0.815192 2.566800 0.000000 0.000000 0.000000 1.000000
0.931986 -0.219878 0.288193 -2.604400 0.342642 0.793845 -0.502401 4.344900 -0.118314 0.566977 0.815192 2.566800 0.000000 0.000000 0.000000 1.000000
0.931986 -0.219878 0.288193 -2.604400 0.342641 0.793846 -0.502400 4.344900 -0.118314 0.566977 0.815192 2.566800 0.000000 0.000000 0.000000 1.000000
0.931986 -0.219878 0.288193 -2.604400 0.342642 0.793845 -0.502400 4.344900 -0.118314 0.566977 0.815192 2.566800 0.000000 0.000000 0.000000 1.000000
0.931986 -0.219878 0.288193 -2.604400 0.342642 0.793845 -0.502400 4.344900 -0.118314 0.566977 0.815192 2.566800 0.000000 0.000000 0.000000 1.000000
0.931986 -0.219878 0.288193 -2.604400 0.342642 0.793845 -0.502400 4.344900 -0.118314 0.566977 0.815192 2.566800 0.000000 0.000000 0.000000 1.000000
0.931986 -0.219878 0.288193 -2.604400 0.342642 0.793846 -0.502400 4.344900 -0.118314 0.566977 0.815192 2.566800 0.000000 0.000000 0.000000 1.000000
0.931986 -0.219878 0.288193 -2.604400 0.342642 0.793845 -0.502400 4.344900 -0.118314 0.566977 0.815192 2.566800 0.000000 0.000000 0.000000 1.000000
0.931986 -0.219878 0.288193 -2.604400 0.342642 0.793845 -0.502400 4.344900 -0.118314 0.566977 0.815192 2.566800 0.000000 0.000000 0.000000 1.000000
0.931986 -0.219878 0.288193 -2.604400 0.342642 0.793845 -0.502400 4.344900 -0.118314 0.566977 0.815192 2.566800 0.000000 0.000000 0.000000 1.000000
0.931986 -0.219878 0.288193 -2.604400 0.342642 0.793846 -0.502400 4.344900 -0.118314 0.566977 0.815192 2.566800 0.000000 0.000000 0.000000 1.000000
0.931986 -0.219878 0.288193 -2.604400 0.342642 0.793845 -0.502400 4.344900 -0.118314 0.566977 0.815192 2.566800 0.000000 0.000000 0.000000 1.000000
0.931986 -0.219878 0.288193 -2.604400 0.342642 0.793846 -0.502400 4.344900 -0.118314 0.566977 0.815192 2.566800 0.000000 0.000000 0.000000 1.000000
0.931986 -0.219878 0.288193 -2.604400 0.342642 0.793845 -0.502401 4.344900 -0.118314 0.566977 0.815192 2.566800 0.000000 0.000000 0.000000 1.000000
0.931986 -0.219878 0.288193 -2.604400 0.342642 0.793845 -0.502400 4.344900 -0.118314 0.566977 0.815192 2.566800 0.000000 0.000000 0.000000 1.000000
0.931986 -0.219878 0.288193 -2.604400 0.342642 0.793845 -0.502400 4.344900 -0.118314 0.566977 0.815192 2.566800 0.000000 0.000000 0.000000 1.000000
0.931986 -0.219878 0.288193 -2.604400 0.342642 0.793845 -0.502400 4.344900 -0.118314 0.566977 0.815192 2.566800 0.000000 0.000000 0.000000 1.000000
0.931986 -0.219878 0.288193 -2.604400 0.342642 0.793845 -0.502400 4.344900 -0.118314 0.566977 0.815192 2.566800 0.000000 0.000000 0.000000 1.000000
0.931986 -0.219878 0.288193 -2.604400 0.342642 0.793845 -0.502400 4.344900 -0.118314 0.566977 0.815192 2.566800 0.000000 0.000000 0.000000 1.000000
0.931986 -0.219878 0.288193 -2.604400 0.342642 0.793845 -0.502400 4.344900 -0.118314 0.566977 0.815192 2.566800 0.000000 0.000000 0.000000 1.000000
0.931986 -0.219878 0.288193 -2.604400 0.342642 0.793845 -0.502400 4.344900 -0.118314 0.566977 0.815192 2.566800 0.000000 0.000000 0.000000 1.000000
0.931986 -0.219878 0.288193 -2.604400 0.342642 0.793845 -0.502400 4.344900 -0.118314 0.566977 0.815192 2.566800 0.000000 0.000000 0.000000 1.000000
0.931986 -0.219878 0.288193 -2.604400 0.342642 0.793845 -0.502400 4.344900 -0.118314 0.566977 0.815192 2.566800 0.000000 0.000000 0.000000 1.000000
0.931986 -0.219878 0.288193 -2.604400 0.342642 0.793845 -0.502400 4.344900 -0.118314 0.566977 0.815192 2.566800 0.000000 0.000000 0.000000 1.000000
0.931986 -0.219878 0.288193 -2.604400 0.342642 0.793845 -0.502401 4.344900 -0.118314 0.566978 0.815192 2.566800 0.000000 0.000000 0.000000 1.000000
0.931986 -0.219878 0.288193 -2.604400 0.342642 0.793845 -0.502400 4.344900 -0.118314 0.566977 0.815192 2.566800 0.000000 0.000000 0.000000 1.000000
0.931986 -0.219878 0.288193 -2.604400 0.342642 0.793845 -0.502400 4.344900 -0.118314 0.566977 0.815192 2.566800 0.000000 0.000000 0.000000 1.000000
0.931986 -0.219878 0.288193 -2.604400 0.342642 0.793845 -0.502400 4.344900 -0.118314 0.566977 0.815192 2.566800 0.000000 0.000000 0.000000 1.000000
0.931986 -0.219878 0.288193 -2.604400 0.342642 0.793845 -0.502400 4.344900 -0.118314 0.566977 0.815192 2.566800 0.000000 0.000000 0.000000 1.000000
0.931986 -0.219878 0.288193 -2.604400 0.342642 0.793845 -0.502401 4.344900 -0.118314 0.566977 0.815192 2.566800 0.000000 0.000000 0.000000 1.000000
0.931986 -0.219878 0.288193 -2.604400 0.342642 0.793845 -0.502401 4.344900 -0.118314 0.566977 0.815192 2.566800 0.000000 0.000000 0.000000 1.000000
0.931986 -0.219878 0.288193 -2.604400 0.342642 0.793845 -0.502400 4.344900 -0.118314 0.566977 0.815192 2.566800 0.000000 0.000000 0.000000 1.000000
0.931986 -0.219878 0.288193 -2.604400 0.342642 0.793845 -0.502400 4.344900 -0.118314 0.566977 0.815192 2.566800 0.000000 0.000000 0.000000 1.000000</float_array>
        <technique_common>
          <accessor source="#mixamorig_LeftHandThumb1-Matrix-animation-output-transform-array" count="53" stride="16">
            <param type="float4x4"/>
          </accessor>
        </technique_common>
      </source>
      <source id="mixamorig_LeftHandThumb1-Interpolations">
        <Name_array id="mixamorig_LeftHandThumb1-Interpolations-array" count="53">
 LINEAR LINEAR LINEAR LINEAR LINEAR LINEAR LINEAR LINEAR LINEAR LINEAR LINEAR
LINEAR LINEAR LINEAR LINEAR LINEAR LINEAR LINEAR LINEAR LINEAR LINEAR LINEAR LINEAR
LINEAR LINEAR LINEAR LINEAR LINEAR LINEAR LINEAR LINEAR LINEAR LINEAR LINEAR LINEAR
LINEAR LINEAR LINEAR LINEAR LINEAR LINEAR LINEAR LINEAR LINEAR LINEAR LINEAR LINEAR
LINEAR LINEAR LINEAR LINEAR LINEAR LINEAR</Name_array>
        <technique_common>
          <accessor source="#mixamorig_LeftHandThumb1-Interpolations-array" count="53">
            <param type="name"/>
          </accessor>
        </technique_common>
      </source>
      <sampler id="mixamorig_LeftHandThumb1-Matrix-animation-transform">
        <input semantic="INPUT" source="#mixamorig_LeftHandThumb1-Matrix-animation-input"/>
        <input semantic="OUTPUT" source="#mixamorig_LeftHandThumb1-Matrix-animation-output-transform"/>
        <input semantic="INTERPOLATION" source="#mixamorig_LeftHandThumb1-Interpolations"/>
      </sampler>
      <channel source="#mixamorig_LeftHandThumb1-Matrix-animation-transform" target="mixamorig_LeftHandThumb1/matrix"/>
    </animation>
    <animation id="mixamorig_LeftHandThumb2-anim" name="mixamorig_LeftHandThumb2">
      <source id="mixamorig_LeftHandThumb2-Matrix-animation-input">
        <float_array id="mixamorig_LeftHandThumb2-Matrix-animation-input-array" count="53">

0.000000 0.033333 0.066667 0.100000 0.133333 0.166667 0.200000 0.233333 0.266667 0.300000 0.333333 0.366667 0.400000 0.433333 0.466667 0.500000
0.533333 0.566667 0.600000 0.633333 0.666667 0.700000 0.733333 0.766667 0.800000 0.833333 0.866667 0.900000 0.933333 0.966667 1.000000 1.033333
1.066667 1.100000 1.133333 1.166667 1.200000 1.233333 1.266667 1.300000 1.333333 1.366667 1.400000 1.433333 1.466667 1.500000 1.533333 1.566667
1.600000 1.633333 1.666667 1.700000 1.733333</float_array>
        <technique_common>
          <accessor source="#mixamorig_LeftHandThumb2-Matrix-animation-input-array" count="53">
            <param name="TIME" type="float"/>
          </accessor>
        </technique_common>
      </source>
      <source id="mixamorig_LeftHandThumb2-Matrix-animation-output-transform">
        <float_array id="mixamorig_LeftHandThumb2-Matrix-animation-output-transform-array" count="848">

0.910471 0.413570 -0.001369 0.000000 -0.413499 0.910242 -0.021858 4.523200 -0.007794 0.020467 0.999760 0.000000 0.000000 0.000000 0.000000 1.000000
0.910471 0.413570 -0.001369 0.000000 -0.413499 0.910242 -0.021858 4.523200 -0.007794 0.020467 0.999760 0.000000 0.000000 0.000000 0.000000 1.000000
0.910471 0.413570 -0.001369 0.000000 -0.413499 0.910242 -0.021859 4.523200 -0.007794 0.020467 0.999760 0.000000 0.000000 0.000000 0.000000 1.000000
0.910471 0.413570 -0.001369 0.000000 -0.413499 0.910242 -0.021858 4.523200 -0.007794 0.020467 0.999760 0.000000 0.000000 0.000000 0.000000 1.000000
0.910471 0.413570 -0.001369 0.000000 -0.413499 0.910242 -0.021859 4.523200 -0.007794 0.020468 0.999760 -0.000000 0.000000 0.000000 0.000000 1.000000
0.910471 0.413570 -0.001368 0.000000 -0.413499 0.910242 -0.021859 4.523200 -0.007794 0.020468 0.999760 0.000000 0.000000 0.000000 0.000000 1.000000
0.910471 0.413570 -0.001369 0.000000 -0.413499 0.910242 -0.021858 4.523200 -0.007794 0.020468 0.999760 0.000000 0.000000 0.000000 0.000000 1.000000
0.910471 0.413570 -0.001369 0.000000 -0.413499 0.910242 -0.021859 4.523200 -0.007794 0.020468 0.999760 0.000000 0.000000 0.000000 0.000000 1.000000
0.910471 0.413570 -0.001369 0.000000 -0.413499 0.910242 -0.021859 4.523200 -0.007794 0.020468 0.999760 0.000000 0.000000 0.000000 0.000000 1.000000
0.910471 0.413570 -0.001368 -0.000000 -0.413499 0.910242 -0.021859 4.523200 -0.007795 0.020468 0.999760 0.000000 0.000000 0.000000 0.000000 1.000000
0.910471 0.413570 -0.001369 0.000000 -0.413499 0.910242 -0.021859 4.523200 -0.007794 0.020468 0.999760 0.000000 0.000000 0.000000 0.000000 1.000000
0.910471 0.413570 -0.001368 0.000000 -0.413499 0.910242 -0.021859 4.523200 -0.007795 0.020468 0.999760 0.000000 0.000000 0.000000 0.000000 1.000000
0.910471 0.413570 -0.001369 0.000000 -0.413499 0.910242 -0.021859 4.523200 -0.007794 0.020468 0.999760 0.000000 0.000000 0.000000 0.000000 1.000000
0.910471 0.413570 -0.001369 0.000000 -0.413499 0.910242 -0.021859 4.523200 -0.007794 0.020468 0.999760 0.000000 0.000000 0.000000 0.000000 1.000000
0.910471 0.413570 -0.001369 0.000000 -0.413499 0.910242 -0.021859 4.523200 -0.007794 0.020468 0.999760 0.000000 0.000000 0.000000 0.000000 1.000000
0.910471 0.413570 -0.001369 -0.000000 -0.413499 0.910242 -0.021859 4.523200 -0.007794 0.020468 0.999760 0.000000 0.000000 0.000000 0.000000 1.000000
0.910471 0.413570 -0.001369 0.000000 -0.413499 0.910242 -0.021859 4.523200 -0.007794 0.020468 0.999760 0.000000 0.000000 0.000000 0.000000 1.000000
0.910471 0.413570 -0.001369 0.000000 -0.413499 0.910242 -0.021859 4.523200 -0.007794 0.020468 0.999760 0.000000 0.000000 0.000000 0.000000 1.000000
0.910471 0.413570 -0.001369 0.000000 -0.413499 0.910242 -0.021859 4.523200 -0.007794 0.020468 0.999760 0.000000 0.000000 0.000000 0.000000 1.000000
0.910471 0.413570 -0.001369 0.000000 -0.413499 0.910242 -0.021859 4.523200 -0.007794 0.020468 0.999760 0.000000 0.000000 0.000000 0.000000 1.000000
0.910471 0.413570 -0.001369 -0.000000 -0.413499 0.910242 -0.021859 4.523200 -0.007794 0.020468 0.999760 0.000000 0.000000 0.000000 0.000000 1.000000
0.910471 0.413570 -0.001368 0.000000 -0.413499 0.910242 -0.021859 4.523200 -0.007795 0.020468 0.999760 0.000000 0.000000 0.000000 0.000000 1.000000
0.910471 0.413570 -0.001369 -0.000000 -0.413499 0.910242 -0.021859 4.523200 -0.007794 0.020468 0.999760 0.000000 0.000000 0.000000 0.000000 1.000000
0.910471 0.413570 -0.001369 0.000000 -0.413499 0.910242 -0.021858 4.523200 -0.007794 0.020467 0.999760 0.000000 0.000000 0.000000 0.000000 1.000000
0.910471 0.413570 -0.001369 -0.000000 -0.413499 0.910242 -0.021859 4.523200 -0.007794 0.020468 0.999760 0.000000 0.000000 0.000000 0.000000 1.000000
0.910471 0.413570 -0.001369 0.000000 -0.413499 0.910242 -0.021859 4.523200 -0.007794 0.020468 0.999760 0.000000 0.000000 0.000000 0.000000 1.000000
0.910471 0.413570 -0.001369 0.000000 -0.413499 0.910242 -0.021859 4.523200 -0.007794 0.020468 0.999760 0.000000 0.000000 0.000000 0.000000 1.000000
0.910471 0.413570 -0.001369 -0.000000 -0.413499 0.910242 -0.021858 4.523200 -0.007794 0.020467 0.999760 0.000000 0.000000 0.000000 0.000000 1.000000
0.910471 0.413570 -0.001369 0.000000 -0.413499 0.910242 -0.021859 4.523200 -0.007794 0.020468 0.999760 0.000000 0.000000 0.000000 0.000000 1.000000
0.910471 0.413570 -0.001369 -0.000000 -0.413499 0.910242 -0.021859 4.523200 -0.007794 0.020468 0.999760 0.000000 0.000000 0.000000 0.000000 1.000000
0.910471 0.413570 -0.001369 -0.000000 -0.413499 0.910242 -0.021859 4.523200 -0.007794 0.020467 0.999760 0.000000 0.000000 0.000000 0.000000 1.000000
0.910471 0.413570 -0.001368 -0.000000 -0.413499 0.910242 -0.021859 4.523200 -0.007795 0.020467 0.999760 0.000000 0.000000 0.000000 0.000000 1.000000
0.910471 0.413570 -0.001369 0.000000 -0.413499 0.910242 -0.021859 4.523200 -0.007794 0.020468 0.999760 0.000000 0.000000 0.000000 0.000000 1.000000
0.910471 0.413570 -0.001369 0.000000 -0.413499 0.910242 -0.021859 4.523200 -0.007794 0.020468 0.999760 0.000000 0.000000 0.000000 0.000000 1.000000
0.910471 0.413570 -0.001369 0.000000 -0.413499 0.910242 -0.021859 4.523200 -0.007794 0.020468 0.999760 0.000000 0.000000 0.000000 0.000000 1.000000
0.910471 0.413570 -0.001369 0.000000 -0.413499 0.910242 -0.021858 4.523200 -0.007794 0.020467 0.999760 0.000000 0.000000 0.000000 0.000000 1.000000
0.910471 0.413570 -0.001368 -0.000000 -0.413499 0.910242 -0.021859 4.523200 -0.007794 0.020468 0.999760 0.000000 0.000000 0.000000 0.000000 1.000000
0.910471 0.413570 -0.001369 -0.000000 -0.413499 0.910242 -0.021859 4.523200 -0.007794 0.020468 0.999760 0.000000 0.000000 0.000000 0.000000 1.000000
0.910471 0.413570 -0.001369 0.000000 -0.413499 0.910242 -0.021859 4.523200 -0.007794 0.020468 0.999760 -0.000000 0.000000 0.000000 0.000000 1.000000
0.910471 0.413570 -0.001369 -0.000000 -0.413499 0.910242 -0.021859 4.523200 -0.007794 0.020468 0.999760 0.000000 0.000000 0.000000 0.000000 1.000000
0.910471 0.413570 -0.001369 0.000000 -0.413499 0.910242 -0.021859 4.523200 -0.007794 0.020468 0.999760 0.000000 0.000000 0.000000 0.000000 1.000000
0.910471 0.413570 -0.001369 0.000000 -0.413499 0.910242 -0.021859 4.523200 -0.007794 0.020468 0.999760 0.000000 0.000000 0.000000 0.000000 1.000000
0.910471 0.413570 -0.001369 0.000000 -0.413499 0.910242 -0.021859 4.523200 -0.007794 0.020468 0.999760 0.000000 0.000000 0.000000 0.000000 1.000000
0.910471 0.413570 -0.001369 0.000000 -0.413499 0.910242 -0.021859 4.523200 -0.007794 0.020468 0.999760 -0.000000 0.000000 0.000000 0.000000 1.000000
0.910471 0.413570 -0.001369 0.000000 -0.413499 0.910242 -0.021859 4.523200 -0.007794 0.020468 0.999760 0.000000 0.000000 0.000000 0.000000 1.000000
0.910471 0.413570 -0.001369 0.000000 -0.413499 0.910242 -0.021859 4.523200 -0.007794 0.020468 0.999760 0.000000 0.000000 0.000000 0.000000 1.000000
0.910471 0.413570 -0.001369 0.000000 -0.413499 0.910242 -0.021858 4.523200 -0.007794 0.020467 0.999760 0.000000 0.000000 0.000000 0.000000 1.000000
0.910471 0.413570 -0.001369 0.000000 -0.413499 0.910242 -0.021858 4.523200 -0.007794 0.020467 0.999760 0.000000 0.000000 0.000000 0.000000 1.000000
0.910471 0.413570 -0.001369 0.000000 -0.413499 0.910242 -0.021859 4.523200 -0.007794 0.020468 0.999760 -0.000000 0.000000 0.000000 0.000000 1.000000
0.910471 0.413570 -0.001369 0.000000 -0.413499 0.910242 -0.021858 4.523200 -0.007794 0.020467 0.999760 -0.000000 0.000000 0.000000 0.000000 1.000000
0.910471 0.413570 -0.001369 0.000000 -0.413499 0.910242 -0.021859 4.523200 -0.007794 0.020468 0.999760 0.000000 0.000000 0.000000 0.000000 1.000000
0.910471 0.413570 -0.001369 0.000000 -0.413499 0.910242 -0.021859 4.523200 -0.007794 0.020467 0.999760 -0.000000 0.000000 0.000000 0.000000 1.000000
0.910471 0.413570 -0.001369 0.000000 -0.413499 0.910242 -0.021859 4.523200 -0.007794 0.020468 0.999760 0.000000 0.000000 0.000000 0.000000 1.000000</float_array>
        <technique_common>
          <accessor source="#mixamorig_LeftHandThumb2-Matrix-animation-output-transform-array" count="53" stride="16">
            <param type="float4x4"/>
          </accessor>
        </technique_common>
      </source>
      <source id="mixamorig_LeftHandThumb2-Interpolations">
        <Name_array id="mixamorig_LeftHandThumb2-Interpolations-array" count="53">
 LINEAR LINEAR LINEAR LINEAR LINEAR LINEAR LINEAR LINEAR LINEAR LINEAR LINEAR
LINEAR LINEAR LINEAR LINEAR LINEAR LINEAR LINEAR LINEAR LINEAR LINEAR LINEAR LINEAR
LINEAR LINEAR LINEAR LINEAR LINEAR LINEAR LINEAR LINEAR LINEAR LINEAR LINEAR LINEAR
LINEAR LINEAR LINEAR LINEAR LINEAR LINEAR LINEAR LINEAR LINEAR LINEAR LINEAR LINEAR
LINEAR LINEAR LINEAR LINEAR LINEAR LINEAR</Name_array>
        <technique_common>
          <accessor source="#mixamorig_LeftHandThumb2-Interpolations-array" count="53">
            <param type="name"/>
          </accessor>
        </technique_common>
      </source>
      <sampler id="mixamorig_LeftHandThumb2-Matrix-animation-transform">
        <input semantic="INPUT" source="#mixamorig_LeftHandThumb2-Matrix-animation-input"/>
        <input semantic="OUTPUT" source="#mixamorig_LeftHandThumb2-Matrix-animation-output-transform"/>
        <input semantic="INTERPOLATION" source="#mixamorig_LeftHandThumb2-Interpolations"/>
      </sampler>
      <channel source="#mixamorig_LeftHandThumb2-Matrix-animation-transform" target="mixamorig_LeftHandThumb2/matrix"/>
    </animation>
    <animation id="mixamorig_LeftHandThumb3-anim" name="mixamorig_LeftHandThumb3">
      <source id="mixamorig_LeftHandThumb3-Matrix-animation-input">
        <float_array id="mixamorig_LeftHandThumb3-Matrix-animation-input-array" count="53">

0.000000 0.033333 0.066667 0.100000 0.133333 0.166667 0.200000 0.233333 0.266667 0.300000 0.333333 0.366667 0.400000 0.433333 0.466667 0.500000
0.533333 0.566667 0.600000 0.633333 0.666667 0.700000 0.733333 0.766667 0.800000 0.833333 0.866667 0.900000 0.933333 0.966667 1.000000 1.033333
1.066667 1.100000 1.133333 1.166667 1.200000 1.233333 1.266667 1.300000 1.333333 1.366667 1.400000 1.433333 1.466667 1.500000 1.533333 1.566667
1.600000 1.633333 1.666667 1.700000 1.733333</float_array>
        <technique_common>
          <accessor source="#mixamorig_LeftHandThumb3-Matrix-animation-input-array" count="53">
            <param name="TIME" type="float"/>
          </accessor>
        </technique_common>
      </source>
      <source id="mixamorig_LeftHandThumb3-Matrix-animation-output-transform">
        <float_array id="mixamorig_LeftHandThumb3-Matrix-animation-output-transform-array" count="848">

0.615892 0.756996 -0.218252 0.000000 -0.747053 0.649128 0.143337 3.636400 0.250179 0.074766 0.965309 -0.000000 0.000000 0.000000 0.000000 1.000000
0.615892 0.756996 -0.218252 -0.000000 -0.747053 0.649128 0.143337 3.636400 0.250179 0.074766 0.965309 -0.000000 0.000000 0.000000 0.000000 1.000000
0.615892 0.756996 -0.218252 0.000000 -0.747053 0.649128 0.143337 3.636400 0.250179 0.074766 0.965309 0.000000 0.000000 0.000000 0.000000 1.000000
0.615892 0.756997 -0.218252 0.000000 -0.747053 0.649127 0.143337 3.636400 0.250179 0.074766 0.965309 -0.000000 0.000000 0.000000 0.000000 1.000000
0.615892 0.756996 -0.218252 -0.000000 -0.747053 0.649128 0.143337 3.636400 0.250179 0.074766 0.965309 0.000000 0.000000 0.000000 0.000000 1.000000
0.615892 0.756996 -0.218252 -0.000000 -0.747053 0.649128 0.143337 3.636400 0.250179 0.074766 0.965309 0.000000 0.000000 0.000000 0.000000 1.000000
0.615892 0.756996 -0.218252 -0.000000 -0.747053 0.649128 0.143337 3.636400 0.250179 0.074766 0.965309 0.000000 0.000000 0.000000 0.000000 1.000000
0.615892 0.756996 -0.218252 0.000000 -0.747053 0.649128 0.143337 3.636400 0.250179 0.074766 0.965309 0.000000 0.000000 0.000000 0.000000 1.000000
0.615892 0.756996 -0.218252 0.000000 -0.747053 0.649127 0.143337 3.636400 0.250179 0.074766 0.965309 0.000000 0.000000 0.000000 0.000000 1.000000
0.615891 0.756997 -0.218252 0.000000 -0.747053 0.649127 0.143337 3.636400 0.250179 0.074766 0.965308 0.000000 0.000000 0.000000 0.000000 1.000000
0.615892 0.756997 -0.218252 0.000000 -0.747053 0.649127 0.143337 3.636400 0.250179 0.074766 0.965309 -0.000000 0.000000 0.000000 0.000000 1.000000
0.615892 0.756996 -0.218252 0.000000 -0.747053 0.649128 0.143337 3.636400 0.250179 0.074766 0.965308 0.000000 0.000000 0.000000 0.000000 1.000000
0.615892 0.756996 -0.218252 0.000000 -0.747053 0.649128 0.143337 3.636400 0.250179 0.074766 0.965309 0.000000 0.000000 0.000000 0.000000 1.000000
0.615892 0.756996 -0.218252 -0.000000 -0.747053 0.649127 0.143337 3.636400 0.250179 0.074766 0.965309 0.000000 0.000000 0.000000 0.000000 1.000000
0.615892 0.756996 -0.218252 0.000000 -0.747053 0.649128 0.143337 3.636400 0.250179 0.074766 0.965309 0.000000 0.000000 0.000000 0.000000 1.000000
0.615892 0.756996 -0.218252 0.000000 -0.747053 0.649128 0.143337 3.636400 0.250179 0.074766 0.965309 0.000000 0.000000 0.000000 0.000000 1.000000
0.615892 0.756996 -0.218252 0.000000 -0.747053 0.649127 0.143337 3.636400 0.250179 0.074766 0.965309 0.000000 0.000000 0.000000 0.000000 1.000000
0.615892 0.756996 -0.218252 0.000000 -0.747053 0.649127 0.143337 3.636400 0.250179 0.074766 0.965309 0.000000 0.000000 0.000000 0.000000 1.000000
0.615892 0.756996 -0.218252 0.000000 -0.747053 0.649128 0.143337 3.636400 0.250179 0.074766 0.965309 0.000000 0.000000 0.000000 0.000000 1.000000
0.615892 0.756996 -0.218252 0.000000 -0.747053 0.649128 0.143337 3.636400 0.250179 0.074766 0.965309 0.000000 0.000000 0.000000 0.000000 1.000000
0.615892 0.756996 -0.218252 -0.000000 -0.747053 0.649128 0.143337 3.636400 0.250179 0.074766 0.965309 0.000000 0.000000 0.000000 0.000000 1.000000
0.615892 0.756996 -0.218252 -0.000000 -0.747053 0.649128 0.143337 3.636400 0.250179 0.074766 0.965309 0.000000 0.000000 0.000000 0.000000 1.000000
0.615892 0.756996 -0.218252 0.000000 -0.747053 0.649128 0.143337 3.636400 0.250179 0.074765 0.965309 0.000000 0.000000 0.000000 0.000000 1.000000
0.615892 0.756996 -0.218252 0.000000 -0.747053 0.649127 0.143337 3.636400 0.250179 0.074766 0.965309 0.000000 0.000000 0.000000 0.000000 1.000000
0.615892 0.756996 -0.218252 0.000000 -0.747053 0.649128 0.143337 3.636400 0.250179 0.074766 0.965309 0.000000 0.000000 0.000000 0.000000 1.000000
0.615892 0.756996 -0.218252 -0.000000 -0.747053 0.649128 0.143337 3.636400 0.250179 0.074766 0.965309 0.000000 0.000000 0.000000 0.000000 1.000000
0.615892 0.756996 -0.218252 0.000000 -0.747053 0.649127 0.143337 3.636400 0.250179 0.074766 0.965309 0.000000 0.000000 0.000000 0.000000 1.000000
0.615892 0.756996 -0.218252 -0.000000 -0.747053 0.649127 0.143337 3.636400 0.250179 0.074766 0.965309 0.000000 0.000000 0.000000 0.000000 1.000000
0.615892 0.756996 -0.218252 -0.000000 -0.747053 0.649128 0.143337 3.636400 0.250179 0.074766 0.965309 0.000000 0.000000 0.000000 0.000000 1.000000
0.615892 0.756996 -0.218252 0.000000 -0.747053 0.649127 0.143337 3.636400 0.250179 0.074766 0.965309 0.000000 0.000000 0.000000 0.000000 1.000000
0.615892 0.756996 -0.218252 0.000000 -0.747053 0.649128 0.143337 3.636400 0.250179 0.074766 0.965309 0.000000 0.000000 0.000000 0.000000 1.000000
0.615892 0.756996 -0.218252 0.000000 -0.747053 0.649127 0.143337 3.636400 0.250179 0.074766 0.965308 0.000000 0.000000 0.000000 0.000000 1.000000
0.615892 0.756996 -0.218252 0.000000 -0.747053 0.649127 0.143337 3.636400 0.250179 0.074766 0.965309 0.000000 0.000000 0.000000 0.000000 1.000000
0.615892 0.756996 -0.218252 0.000000 -0.747053 0.649128 0.143337 3.636400 0.250179 0.074766 0.965309 -0.000000 0.000000 0.000000 0.000000 1.000000
0.615892 0.756996 -0.218252 0.000000 -0.747053 0.649128 0.143337 3.636400 0.250179 0.074766 0.965309 -0.000000 0.000000 0.000000 0.000000 1.000000
0.615892 0.756996 -0.218252 0.000000 -0.747053 0.649128 0.143337 3.636400 0.250179 0.074766 0.965309 0.000000 0.000000 0.000000 0.000000 1.000000
0.615892 0.756996 -0.218252 0.000000 -0.747053 0.649128 0.143337 3.636400 0.250179 0.074766 0.965309 0.000000 0.000000 0.000000 0.000000 1.000000
0.615892 0.756996 -0.218252 -0.000000 -0.747053 0.649127 0.143337 3.636400 0.250179 0.074766 0.965309 0.000000 0.000000 0.000000 0.000000 1.000000
0.615892 0.756996 -0.218252 0.000000 -0.747053 0.649128 0.143337 3.636400 0.250179 0.074766 0.965309 0.000000 0.000000 0.000000 0.000000 1.000000
0.615892 0.756996 -0.218252 0.000000 -0.747053 0.649128 0.143337 3.636400 0.250179 0.074766 0.965309 0.000000 0.000000 0.000000 0.000000 1.000000
0.615892 0.756996 -0.218252 0.000000 -0.747053 0.649128 0.143337 3.636400 0.250179 0.074766 0.965309 0.000000 0.000000 0.000000 0.000000 1.000000
0.615892 0.756996 -0.218252 0.000000 -0.747053 0.649128 0.143337 3.636400 0.250179 0.074766 0.965309 -0.000000 0.000000 0.000000 0.000000 1.000000
0.615892 0.756996 -0.218252 -0.000000 -0.747053 0.649128 0.143337 3.636400 0.250179 0.074766 0.965309 -0.000000 0.000000 0.000000 0.000000 1.000000
0.615892 0.756996 -0.218252 0.000000 -0.747053 0.649128 0.143337 3.636400 0.250179 0.074766 0.965309 0.000000 0.000000 0.000000 0.000000 1.000000
0.615892 0.756996 -0.218252 0.000000 -0.747053 0.649127 0.143337 3.636400 0.250179 0.074766 0.965309 0.000000 0.000000 0.000000 0.000000 1.000000
0.615892 0.756996 -0.218252 0.000000 -0.747053 0.649128 0.143337 3.636400 0.250179 0.074766 0.965309 -0.000000 0.000000 0.000000 0.000000 1.000000
0.615892 0.756996 -0.218252 -0.000000 -0.747053 0.649128 0.143337 3.636400 0.250179 0.074766 0.965309 -0.000000 0.000000 0.000000 0.000000 1.000000
0.615892 0.756997 -0.218252 -0.000000 -0.747053 0.649127 0.143337 3.636400 0.250179 0.074766 0.965309 0.000000 0.000000 0.000000 0.000000 1.000000
0.615892 0.756996 -0.218252 0.000000 -0.747053 0.649128 0.143337 3.636400 0.250179 0.074766 0.965309 0.000000 0.000000 0.000000 0.000000 1.000000
0.615892 0.756996 -0.218252 0.000000 -0.747053 0.649127 0.143337 3.636400 0.250179 0.074766 0.965309 0.000000 0.000000 0.000000 0.000000 1.000000
0.615892 0.756996 -0.218252 -0.000000 -0.747053 0.649127 0.143337 3.636400 0.250179 0.074766 0.965309 0.000000 0.000000 0.000000 0.000000 1.000000
0.615892 0.756996 -0.218252 0.000000 -0.747053 0.649127 0.143337 3.636400 0.250179 0.074766 0.965309 0.000000 0.000000 0.000000 0.000000 1.000000
0.615892 0.756996 -0.218252 0.000000 -0.747053 0.649128 0.143337 3.636400 0.250179 0.074766 0.965309 0.000000 0.000000 0.000000 0.000000 1.000000</float_array>
        <technique_common>
          <accessor source="#mixamorig_LeftHandThumb3-Matrix-animation-output-transform-array" count="53" stride="16">
            <param type="float4x4"/>
          </accessor>
        </technique_common>
      </source>
      <source id="mixamorig_LeftHandThumb3-Interpolations">
        <Name_array id="mixamorig_LeftHandThumb3-Interpolations-array" count="53">
 LINEAR LINEAR LINEAR LINEAR LINEAR LINEAR LINEAR LINEAR LINEAR LINEAR LINEAR
LINEAR LINEAR LINEAR LINEAR LINEAR LINEAR LINEAR LINEAR LINEAR LINEAR LINEAR LINEAR
LINEAR LINEAR LINEAR LINEAR LINEAR LINEAR LINEAR LINEAR LINEAR LINEAR LINEAR LINEAR
LINEAR LINEAR LINEAR LINEAR LINEAR LINEAR LINEAR LINEAR LINEAR LINEAR LINEAR LINEAR
LINEAR LINEAR LINEAR LINEAR LINEAR LINEAR</Name_array>
        <technique_common>
          <accessor source="#mixamorig_LeftHandThumb3-Interpolations-array" count="53">
            <param type="name"/>
          </accessor>
        </technique_common>
      </source>
      <sampler id="mixamorig_LeftHandThumb3-Matrix-animation-transform">
        <input semantic="INPUT" source="#mixamorig_LeftHandThumb3-Matrix-animation-input"/>
        <input semantic="OUTPUT" source="#mixamorig_LeftHandThumb3-Matrix-animation-output-transform"/>
        <input semantic="INTERPOLATION" source="#mixamorig_LeftHandThumb3-Interpolations"/>
      </sampler>
      <channel source="#mixamorig_LeftHandThumb3-Matrix-animation-transform" target="mixamorig_LeftHandThumb3/matrix"/>
    </animation>
    <animation id="mixamorig_LeftHandIndex1-anim" name="mixamorig_LeftHandIndex1">
      <source id="mixamorig_LeftHandIndex1-Matrix-animation-input">
        <float_array id="mixamorig_LeftHandIndex1-Matrix-animation-input-array" count="53">

0.000000 0.033333 0.066667 0.100000 0.133333 0.166667 0.200000 0.233333 0.266667 0.300000 0.333333 0.366667 0.400000 0.433333 0.466667 0.500000
0.533333 0.566667 0.600000 0.633333 0.666667 0.700000 0.733333 0.766667 0.800000 0.833333 0.866667 0.900000 0.933333 0.966667 1.000000 1.033333
1.066667 1.100000 1.133333 1.166667 1.200000 1.233333 1.266667 1.300000 1.333333 1.366667 1.400000 1.433333 1.466667 1.500000 1.533333 1.566667
1.600000 1.633333 1.666667 1.700000 1.733333</float_array>
        <technique_common>
          <accessor source="#mixamorig_LeftHandIndex1-Matrix-animation-input-array" count="53">
            <param name="TIME" type="float"/>
          </accessor>
        </technique_common>
      </source>
      <source id="mixamorig_LeftHandIndex1-Matrix-animation-output-transform">
        <float_array id="mixamorig_LeftHandIndex1-Matrix-animation-output-transform-array" count="848">

0.988576 0.117294 -0.094654 -3.402400 -0.117294 0.204305 -0.971855 12.111600 -0.094654 0.971855 0.215729 0.315900 0.000000 0.000000 0.000000 1.000000
0.988576 0.117294 -0.094654 -3.402400 -0.117294 0.204305 -0.971855 12.111600 -0.094654 0.971855 0.215729 0.315900 0.000000 0.000000 0.000000 1.000000
0.988576 0.117294 -0.094654 -3.402400 -0.117294 0.204305 -0.971855 12.111600 -0.094654 0.971855 0.215729 0.315900 0.000000 0.000000 0.000000 1.000000
0.988576 0.117294 -0.094654 -3.402400 -0.117294 0.204306 -0.971855 12.111600 -0.094654 0.971855 0.215729 0.315900 0.000000 0.000000 0.000000 1.000000
0.988576 0.117294 -0.094654 -3.402400 -0.117294 0.204305 -0.971855 12.111600 -0.094654 0.971855 0.215729 0.315900 0.000000 0.000000 0.000000 1.000000
0.988576 0.117294 -0.094654 -3.402400 -0.117294 0.204305 -0.971855 12.111600 -0.094654 0.971855 0.215729 0.315900 0.000000 0.000000 0.000000 1.000000
0.988576 0.117294 -0.094654 -3.402400 -0.117294 0.204305 -0.971855 12.111600 -0.094654 0.971855 0.215729 0.315900 0.000000 0.000000 0.000000 1.000000
0.988576 0.117294 -0.094654 -3.402400 -0.117294 0.204306 -0.971855 12.111600 -0.094654 0.971855 0.215729 0.315900 0.000000 0.000000 0.000000 1.000000
0.988576 0.117294 -0.094654 -3.402400 -0.117294 0.204305 -0.971855 12.111600 -0.094654 0.971855 0.215729 0.315900 0.000000 0.000000 0.000000 1.000000
0.988576 0.117294 -0.094654 -3.402400 -0.117294 0.204306 -0.971855 12.111600 -0.094654 0.971855 0.215729 0.315900 0.000000 0.000000 0.000000 1.000000
0.988576 0.117294 -0.094654 -3.402400 -0.117294 0.204306 -0.971855 12.111600 -0.094654 0.971855 0.215729 0.315900 0.000000 0.000000 0.000000 1.000000
0.988576 0.117294 -0.094654 -3.402400 -0.117294 0.204306 -0.971855 12.111600 -0.094654 0.971855 0.215729 0.315900 0.000000 0.000000 0.000000 1.000000
0.988576 0.117294 -0.094654 -3.402400 -0.117294 0.204305 -0.971855 12.111600 -0.094654 0.971855 0.215729 0.315900 0.000000 0.000000 0.000000 1.000000
0.988576 0.117294 -0.094654 -3.402400 -0.117294 0.204305 -0.971855 12.111600 -0.094654 0.971855 0.215729 0.315900 0.000000 0.000000 0.000000 1.000000
0.988576 0.117294 -0.094654 -3.402400 -0.117294 0.204305 -0.971855 12.111600 -0.094654 0.971855 0.215729 0.315900 0.000000 0.000000 0.000000 1.000000
0.988576 0.117294 -0.094654 -3.402400 -0.117294 0.204305 -0.971855 12.111600 -0.094654 0.971855 0.215729 0.315900 0.000000 0.000000 0.000000 1.000000
0.988576 0.117294 -0.094654 -3.402400 -0.117294 0.204305 -0.971855 12.111600 -0.094654 0.971855 0.215729 0.315900 0.000000 0.000000 0.000000 1.000000
0.988576 0.117294 -0.094654 -3.402400 -0.117294 0.204305 -0.971855 12.111600 -0.094654 0.971855 0.215729 0.315900 0.000000 0.000000 0.000000 1.000000
0.988576 0.117294 -0.094654 -3.402400 -0.117294 0.204305 -0.971855 12.111600 -0.094654 0.971855 0.215729 0.315900 0.000000 0.000000 0.000000 1.000000
0.988576 0.117294 -0.094654 -3.402400 -0.117294 0.204306 -0.971855 12.111600 -0.094654 0.971855 0.215729 0.315900 0.000000 0.000000 0.000000 1.000000
0.988576 0.117294 -0.094654 -3.402400 -0.117294 0.204305 -0.971855 12.111600 -0.094654 0.971855 0.215729 0.315900 0.000000 0.000000 0.000000 1.000000
0.988576 0.117294 -0.094654 -3.402400 -0.117294 0.204305 -0.971855 12.111600 -0.094654 0.971855 0.215729 0.315900 0.000000 0.000000 0.000000 1.000000
0.988576 0.117294 -0.094654 -3.402400 -0.117294 0.204305 -0.971855 12.111600 -0.094654 0.971855 0.215729 0.315900 0.000000 0.000000 0.000000 1.000000
0.988576 0.117294 -0.094654 -3.402400 -0.117294 0.204305 -0.971855 12.111600 -0.094654 0.971855 0.215729 0.315900 0.000000 0.000000 0.000000 1.000000
0.988576 0.117294 -0.094654 -3.402400 -0.117294 0.204305 -0.971855 12.111600 -0.094654 0.971855 0.215729 0.315900 0.000000 0.000000 0.000000 1.000000
0.988576 0.117294 -0.094654 -3.402400 -0.117294 0.204305 -0.971855 12.111600 -0.094654 0.971855 0.215729 0.315900 0.000000 0.000000 0.000000 1.000000
0.988576 0.117294 -0.094654 -3.402400 -0.117294 0.204305 -0.971855 12.111600 -0.094654 0.971855 0.215729 0.315900 0.000000 0.000000 0.000000 1.000000
0.988576 0.117294 -0.094654 -3.402400 -0.117294 0.204305 -0.971855 12.111600 -0.094654 0.971855 0.215729 0.315900 0.000000 0.000000 0.000000 1.000000
0.988576 0.117294 -0.094654 -3.402400 -0.117294 0.204305 -0.971855 12.111600 -0.094654 0.971855 0.215729 0.315900 0.000000 0.000000 0.000000 1.000000
0.988576 0.117294 -0.094654 -3.402400 -0.117294 0.204305 -0.971855 12.111600 -0.094654 0.971855 0.215729 0.315900 0.000000 0.000000 0.000000 1.000000
0.988576 0.117294 -0.094654 -3.402400 -0.117294 0.204305 -0.971855 12.111600 -0.094654 0.971855 0.215729 0.315900 0.000000 0.000000 0.000000 1.000000
0.988576 0.117294 -0.094654 -3.402400 -0.117294 0.204305 -0.971855 12.111600 -0.094654 0.971855 0.215729 0.315900 0.000000 0.000000 0.000000 1.000000
0.988576 0.117294 -0.094654 -3.402400 -0.117294 0.204305 -0.971855 12.111600 -0.094654 0.971855 0.215729 0.315900 0.000000 0.000000 0.000000 1.000000
0.988576 0.117294 -0.094654 -3.402400 -0.117294 0.204305 -0.971855 12.111600 -0.094654 0.971855 0.215729 0.315900 0.000000 0.000000 0.000000 1.000000
0.988576 0.117294 -0.094654 -3.402400 -0.117294 0.204305 -0.971855 12.111600 -0.094654 0.971855 0.215729 0.315900 0.000000 0.000000 0.000000 1.000000
0.988576 0.117294 -0.094654 -3.402400 -0.117294 0.204305 -0.971855 12.111600 -0.094654 0.971855 0.215729 0.315900 0.000000 0.000000 0.000000 1.000000
0.988576 0.117294 -0.094654 -3.402400 -0.117294 0.204305 -0.971855 12.111600 -0.094654 0.971855 0.215729 0.315900 0.000000 0.000000 0.000000 1.000000
0.988576 0.117294 -0.094654 -3.402400 -0.117294 0.204305 -0.971855 12.111600 -0.094654 0.971855 0.215729 0.315900 0.000000 0.000000 0.000000 1.000000
0.988576 0.117294 -0.094654 -3.402400 -0.117294 0.204306 -0.971855 12.111600 -0.094654 0.971855 0.215729 0.315900 0.000000 0.000000 0.000000 1.000000
0.988576 0.117294 -0.094654 -3.402400 -0.117294 0.204305 -0.971855 12.111600 -0.094654 0.971855 0.215729 0.315900 0.000000 0.000000 0.000000 1.000000
0.988576 0.117294 -0.094654 -3.402400 -0.117294 0.204305 -0.971855 12.111600 -0.094654 0.971855 0.215729 0.315900 0.000000 0.000000 0.000000 1.000000
0.988576 0.117294 -0.094654 -3.402400 -0.117294 0.204305 -0.971855 12.111600 -0.094654 0.971855 0.215729 0.315900 0.000000 0.000000 0.000000 1.000000
0.988576 0.117294 -0.094654 -3.402400 -0.117294 0.204305 -0.971855 12.111600 -0.094654 0.971855 0.215729 0.315900 0.000000 0.000000 0.000000 1.000000
0.988576 0.117294 -0.094654 -3.402400 -0.117294 0.204305 -0.971855 12.111600 -0.094654 0.971855 0.215729 0.315900 0.000000 0.000000 0.000000 1.000000
0.988576 0.117294 -0.094654 -3.402400 -0.117294 0.204305 -0.971855 12.111600 -0.094654 0.971855 0.215729 0.315900 0.000000 0.000000 0.000000 1.000000
0.988576 0.117294 -0.094654 -3.402400 -0.117294 0.204306 -0.971855 12.111600 -0.094654 0.971855 0.215729 0.315900 0.000000 0.000000 0.000000 1.000000
0.988576 0.117294 -0.094654 -3.402400 -0.117294 0.204305 -0.971855 12.111600 -0.094654 0.971855 0.215729 0.315900 0.000000 0.000000 0.000000 1.000000
0.988576 0.117294 -0.094654 -3.402400 -0.117294 0.204305 -0.971855 12.111600 -0.094654 0.971855 0.215729 0.315900 0.000000 0.000000 0.000000 1.000000
0.988576 0.117294 -0.094654 -3.402400 -0.117294 0.204305 -0.971855 12.111600 -0.094654 0.971855 0.215729 0.315900 0.000000 0.000000 0.000000 1.000000
0.988576 0.117294 -0.094654 -3.402400 -0.117294 0.204305 -0.971855 12.111600 -0.094654 0.971855 0.215729 0.315900 0.000000 0.000000 0.000000 1.000000
0.988576 0.117294 -0.094654 -3.402400 -0.117294 0.204305 -0.971855 12.111600 -0.094654 0.971855 0.215729 0.315900 0.000000 0.000000 0.000000 1.000000
0.988576 0.117294 -0.094654 -3.402400 -0.117294 0.204305 -0.971855 12.111600 -0.094654 0.971855 0.215729 0.315900 0.000000 0.000000 0.000000 1.000000
0.988576 0.117294 -0.094654 -3.402400 -0.117294 0.204305 -0.971855 12.111600 -0.094654 0.971855 0.215729 0.315900 0.000000 0.000000 0.000000 1.000000</float_array>
        <technique_common>
          <accessor source="#mixamorig_LeftHandIndex1-Matrix-animation-output-transform-array" count="53" stride="16">
            <param type="float4x4"/>
          </accessor>
        </technique_common>
      </source>
      <source id="mixamorig_LeftHandIndex1-Interpolations">
        <Name_array id="mixamorig_LeftHandIndex1-Interpolations-array" count="53">
 LINEAR LINEAR LINEAR LINEAR LINEAR LINEAR LINEAR LINEAR LINEAR LINEAR LINEAR
LINEAR LINEAR LINEAR LINEAR LINEAR LINEAR LINEAR LINEAR LINEAR LINEAR LINEAR LINEAR
LINEAR LINEAR LINEAR LINEAR LINEAR LINEAR LINEAR LINEAR LINEAR LINEAR LINEAR LINEAR
LINEAR LINEAR LINEAR LINEAR LINEAR LINEAR LINEAR LINEAR LINEAR LINEAR LINEAR LINEAR
LINEAR LINEAR LINEAR LINEAR LINEAR LINEAR</Name_array>
        <technique_common>
          <accessor source="#mixamorig_LeftHandIndex1-Interpolations-array" count="53">
            <param type="name"/>
          </accessor>
        </technique_common>
      </source>
      <sampler id="mixamorig_LeftHandIndex1-Matrix-animation-transform">
        <input semantic="INPUT" source="#mixamorig_LeftHandIndex1-Matrix-animation-input"/>
        <input semantic="OUTPUT" source="#mixamorig_LeftHandIndex1-Matrix-animation-output-transform"/>
        <input semantic="INTERPOLATION" source="#mixamorig_LeftHandIndex1-Interpolations"/>
      </sampler>
      <channel source="#mixamorig_LeftHandIndex1-Matrix-animation-transform" target="mixamorig_LeftHandIndex1/matrix"/>
    </animation>
    <animation id="mixamorig_LeftHandIndex2-anim" name="mixamorig_LeftHandIndex2">
      <source id="mixamorig_LeftHandIndex2-Matrix-animation-input">
        <float_array id="mixamorig_LeftHandIndex2-Matrix-animation-input-array" count="53">

0.000000 0.033333 0.066667 0.100000 0.133333 0.166667 0.200000 0.233333 0.266667 0.300000 0.333333 0.366667 0.400000 0.433333 0.466667 0.500000
0.533333 0.566667 0.600000 0.633333 0.666667 0.700000 0.733333 0.766667 0.800000 0.833333 0.866667 0.900000 0.933333 0.966667 1.000000 1.033333
1.066667 1.100000 1.133333 1.166667 1.200000 1.233333 1.266667 1.300000 1.333333 1.366667 1.400000 1.433333 1.466667 1.500000 1.533333 1.566667
1.600000 1.633333 1.666667 1.700000 1.733333</float_array>
        <technique_common>
          <accessor source="#mixamorig_LeftHandIndex2-Matrix-animation-input-array" count="53">
            <param name="TIME" type="float"/>
          </accessor>
        </technique_common>
      </source>
      <source id="mixamorig_LeftHandIndex2-Matrix-animation-output-transform">
        <float_array id="mixamorig_LeftHandIndex2-Matrix-animation-output-transform-array" count="848">

0.982720 0.117312 -0.143176 0.000000 -0.117312 -0.203581 -0.972005 4.509100 -0.143175 0.972005 -0.186301 0.000000 0.000000 0.000000 0.000000 1.000000
0.982720 0.117312 -0.143175 0.000000 -0.117312 -0.203580 -0.972005 4.509100 -0.143176 0.972005 -0.186300 0.000000 0.000000 0.000000 0.000000 1.000000
0.982720 0.117312 -0.143175 0.000000 -0.117312 -0.203581 -0.972005 4.509100 -0.143176 0.972005 -0.186301 0.000000 0.000000 0.000000 0.000000 1.000000
0.982720 0.117312 -0.143176 -0.000000 -0.117312 -0.203580 -0.972005 4.509100 -0.143175 0.972005 -0.186300 0.000000 0.000000 0.000000 0.000000 1.000000
0.982720 0.117312 -0.143176 0.000000 -0.117312 -0.203580 -0.972005 4.509100 -0.143175 0.972005 -0.186300 0.000000 0.000000 0.000000 0.000000 1.000000
0.982720 0.117312 -0.143175 0.000000 -0.117312 -0.203580 -0.972005 4.509100 -0.143176 0.972005 -0.186300 0.000000 0.000000 0.000000 0.000000 1.000000
0.982720 0.117312 -0.143176 -0.000000 -0.117312 -0.203581 -0.972005 4.509100 -0.143176 0.972005 -0.186301 -0.000000 0.000000 0.000000 0.000000 1.000000
0.982720 0.117312 -0.143176 -0.000000 -0.117312 -0.203581 -0.972005 4.509100 -0.143175 0.972005 -0.186301 0.000000 0.000000 0.000000 0.000000 1.000000
0.982720 0.117312 -0.143175 -0.000000 -0.117312 -0.203580 -0.972005 4.509100 -0.143175 0.972005 -0.186300 -0.000000 0.000000 0.000000 0.000000 1.000000
0.982720 0.117312 -0.143175 0.000000 -0.117312 -0.203581 -0.972005 4.509100 -0.143175 0.972005 -0.186301 -0.000000 0.000000 0.000000 0.000000 1.000000
0.982720 0.117312 -0.143176 -0.000000 -0.117312 -0.203580 -0.972005 4.509100 -0.143175 0.972005 -0.186300 0.000000 0.000000 0.000000 0.000000 1.000000
0.982720 0.117312 -0.143175 0.000000 -0.117312 -0.203581 -0.972005 4.509100 -0.143175 0.972005 -0.186301 -0.000000 0.000000 0.000000 0.000000 1.000000
0.982720 0.117312 -0.143175 0.000000 -0.117312 -0.203581 -0.972005 4.509100 -0.143176 0.972005 -0.186301 0.000000 0.000000 0.000000 0.000000 1.000000
0.982720 0.117312 -0.143175 0.000000 -0.117312 -0.203581 -0.972005 4.509100 -0.143175 0.972005 -0.186301 0.000000 0.000000 0.000000 0.000000 1.000000
0.982720 0.117312 -0.143176 -0.000000 -0.117312 -0.203581 -0.972004 4.509100 -0.143176 0.972004 -0.186301 0.000000 0.000000 0.000000 0.000000 1.000000
0.982720 0.117312 -0.143176 0.000000 -0.117312 -0.203581 -0.972005 4.509100 -0.143176 0.972005 -0.186301 0.000000 0.000000 0.000000 0.000000 1.000000
0.982720 0.117312 -0.143176 -0.000000 -0.117312 -0.203580 -0.972005 4.509100 -0.143175 0.972005 -0.186300 0.000000 0.000000 0.000000 0.000000 1.000000
0.982720 0.117312 -0.143175 0.000000 -0.117312 -0.203580 -0.972005 4.509100 -0.143175 0.972005 -0.186300 0.000000 0.000000 0.000000 0.000000 1.000000
0.982720 0.117312 -0.143176 -0.000000 -0.117312 -0.203580 -0.972005 4.509100 -0.143176 0.972005 -0.186300 -0.000000 0.000000 0.000000 0.000000 1.000000
0.982720 0.117312 -0.143175 -0.000000 -0.117312 -0.203581 -0.972005 4.509100 -0.143175 0.972005 -0.186301 0.000000 0.000000 0.000000 0.000000 1.000000
0.982720 0.117312 -0.143176 0.000000 -0.117312 -0.203581 -0.972005 4.509100 -0.143176 0.972005 -0.186301 0.000000 0.000000 0.000000 0.000000 1.000000
0.982720 0.117312 -0.143176 0.000000 -0.117312 -0.203580 -0.972005 4.509100 -0.143176 0.972005 -0.186300 0.000000 0.000000 0.000000 0.000000 1.000000
0.982720 0.117312 -0.143175 -0.000000 -0.117312 -0.203581 -0.972005 4.509100 -0.143175 0.972005 -0.186301 -0.000000 0.000000 0.000000 0.000000 1.000000
0.982720 0.117312 -0.143176 0.000000 -0.117312 -0.203580 -0.972005 4.509100 -0.143175 0.972005 -0.186300 0.000000 0.000000 0.000000 0.000000 1.000000
0.982720 0.117312 -0.143176 0.000000 -0.117312 -0.203581 -0.972005 4.509100 -0.143176 0.972005 -0.186301 0.000000 0.000000 0.000000 0.000000 1.000000
0.982720 0.117312 -0.143176 0.000000 -0.117312 -0.203580 -0.972005 4.509100 -0.143176 0.972005 -0.186300 -0.000000 0.000000 0.000000 0.000000 1.000000
0.982720 0.117312 -0.143176 0.000000 -0.117312 -0.203581 -0.972005 4.509100 -0.143175 0.972005 -0.186301 0.000000 0.000000 0.000000 0.000000 1.000000
0.982720 0.117312 -0.143175 -0.000000 -0.117312 -0.203580 -0.972005 4.509100 -0.143176 0.972005 -0.186300 -0.000000 0.000000 0.000000 0.000000 1.000000
0.982720 0.117312 -0.143175 -0.000000 -0.117312 -0.203580 -0.972005 4.509100 -0.143176 0.972005 -0.186300 0.000000 0.000000 0.000000 0.000000 1.000000
0.982720 0.117312 -0.143176 -0.000000 -0.117312 -0.203580 -0.972005 4.509100 -0.143176 0.972005 -0.186300 0.000000 0.000000 0.000000 0.000000 1.000000
0.982720 0.117312 -0.143176 -0.000000 -0.117312 -0.203581 -0.972005 4.509100 -0.143176 0.972005 -0.186301 0.000000 0.000000 0.000000 0.000000 1.000000
0.982720 0.117312 -0.143175 0.000000 -0.117312 -0.203580 -0.972005 4.509100 -0.143176 0.972005 -0.186300 0.000000 0.000000 0.000000 0.000000 1.000000
0.982720 0.117312 -0.143175 -0.000000 -0.117312 -0.203581 -0.972005 4.509100 -0.143175 0.972005 -0.186301 -0.000000 0.000000 0.000000 0.000000 1.000000
0.982720 0.117312 -0.143175 -0.000000 -0.117312 -0.203581 -0.972005 4.509100 -0.143176 0.972005 -0.186301 0.000000 0.000000 0.000000 0.000000 1.000000
0.982720 0.117312 -0.143176 -0.000000 -0.117312 -0.203581 -0.972005 4.509100 -0.143176 0.972005 -0.186301 0.000000 0.000000 0.000000 0.000000 1.000000
0.982720 0.117312 -0.143175 0.000000 -0.117312 -0.203580 -0.972005 4.509100 -0.143176 0.972005 -0.186300 0.000000 0.000000 0.000000 0.000000 1.000000
0.982720 0.117312 -0.143175 -0.000000 -0.117312 -0.203580 -0.972005 4.509100 -0.143176 0.972005 -0.186300 -0.000000 0.000000 0.000000 0.000000 1.000000
0.982720 0.117312 -0.143176 0.000000 -0.117312 -0.203580 -0.972005 4.509100 -0.143176 0.972005 -0.186300 -0.000000 0.000000 0.000000 0.000000 1.000000
0.982720 0.117312 -0.143176 0.000000 -0.117312 -0.203580 -0.972005 4.509100 -0.143176 0.972005 -0.186300 0.000000 0.000000 0.000000 0.000000 1.000000
0.982720 0.117312 -0.143175 0.000000 -0.117312 -0.203581 -0.972005 4.509100 -0.143175 0.972005 -0.186301 0.000000 0.000000 0.000000 0.000000 1.000000
0.982720 0.117312 -0.143175 0.000000 -0.117312 -0.203581 -0.972005 4.509100 -0.143176 0.972005 -0.186301 0.000000 0.000000 0.000000 0.000000 1.000000
0.982720 0.117312 -0.143175 -0.000000 -0.117312 -0.203581 -0.972005 4.509100 -0.143176 0.972005 -0.186301 0.000000 0.000000 0.000000 0.000000 1.000000
0.982720 0.117312 -0.143176 0.000000 -0.117312 -0.203581 -0.972004 4.509100 -0.143175 0.972005 -0.186301 0.000000 0.000000 0.000000 0.000000 1.000000
0.982720 0.117312 -0.143176 0.000000 -0.117312 -0.203581 -0.972005 4.509100 -0.143175 0.972005 -0.186301 0.000000 0.000000 0.000000 0.000000 1.000000
0.982720 0.117312 -0.143175 0.000000 -0.117312 -0.203581 -0.972005 4.509100 -0.143176 0.972004 -0.186301 0.000000 0.000000 0.000000 0.000000 1.000000
0.982720 0.117312 -0.143176 -0.000000 -0.117312 -0.203580 -0.972005 4.509100 -0.143176 0.972005 -0.186300 0.000000 0.000000 0.000000 0.000000 1.000000
0.982720 0.117312 -0.143175 0.000000 -0.117312 -0.203581 -0.972005 4.509100 -0.143176 0.972005 -0.186301 0.000000 0.000000 0.000000 0.000000 1.000000
0.982720 0.117312 -0.143176 0.000000 -0.117312 -0.203581 -0.972005 4.509100 -0.143175 0.972005 -0.186301 0.000000 0.000000 0.000000 0.000000 1.000000
0.982720 0.117312 -0.143176 -0.000000 -0.117312 -0.203581 -0.972005 4.509100 -0.143175 0.972005 -0.186301 -0.000000 0.000000 0.000000 0.000000 1.000000
0.982720 0.117312 -0.143175 0.000000 -0.117312 -0.203581 -0.972005 4.509100 -0.143175 0.972005 -0.186301 0.000000 0.000000 0.000000 0.000000 1.000000
0.982720 0.117312 -0.143175 0.000000 -0.117312 -0.203581 -0.972005 4.509100 -0.143175 0.972005 -0.186301 0.000000 0.000000 0.000000 0.000000 1.000000
0.982720 0.117312 -0.143176 -0.000000 -0.117312 -0.203580 -0.972005 4.509100 -0.143175 0.972005 -0.186300 0.000000 0.000000 0.000000 0.000000 1.000000
0.982720 0.117312 -0.143175 0.000000 -0.117312 -0.203581 -0.972005 4.509100 -0.143175 0.972005 -0.186301 0.000000 0.000000 0.000000 0.000000 1.000000</float_array>
        <technique_common>
          <accessor source="#mixamorig_LeftHandIndex2-Matrix-animation-output-transform-array" count="53" stride="16">
            <param type="float4x4"/>
          </accessor>
        </technique_common>
      </source>
      <source id="mixamorig_LeftHandIndex2-Interpolations">
        <Name_array id="mixamorig_LeftHandIndex2-Interpolations-array" count="53">
 LINEAR LINEAR LINEAR LINEAR LINEAR LINEAR LINEAR LINEAR LINEAR LINEAR LINEAR
LINEAR LINEAR LINEAR LINEAR LINEAR LINEAR LINEAR LINEAR LINEAR LINEAR LINEAR LINEAR
LINEAR LINEAR LINEAR LINEAR LINEAR LINEAR LINEAR LINEAR LINEAR LINEAR LINEAR LINEAR
LINEAR LINEAR LINEAR LINEAR LINEAR LINEAR LINEAR LINEAR LINEAR LINEAR LINEAR LINEAR
LINEAR LINEAR LINEAR LINEAR LINEAR LINEAR</Name_array>
        <technique_common>
          <accessor source="#mixamorig_LeftHandIndex2-Interpolations-array" count="53">
            <param type="name"/>
          </accessor>
        </technique_common>
      </source>
      <sampler id="mixamorig_LeftHandIndex2-Matrix-animation-transform">
        <input semantic="INPUT" source="#mixamorig_LeftHandIndex2-Matrix-animation-input"/>
        <input semantic="OUTPUT" source="#mixamorig_LeftHandIndex2-Matrix-animation-output-transform"/>
        <input semantic="INTERPOLATION" source="#mixamorig_LeftHandIndex2-Interpolations"/>
      </sampler>
      <channel source="#mixamorig_LeftHandIndex2-Matrix-animation-transform" target="mixamorig_LeftHandIndex2/matrix"/>
    </animation>
    <animation id="mixamorig_LeftHandIndex3-anim" name="mixamorig_LeftHandIndex3">
      <source id="mixamorig_LeftHandIndex3-Matrix-animation-input">
        <float_array id="mixamorig_LeftHandIndex3-Matrix-animation-input-array" count="53">

0.000000 0.033333 0.066667 0.100000 0.133333 0.166667 0.200000 0.233333 0.266667 0.300000 0.333333 0.366667 0.400000 0.433333 0.466667 0.500000
0.533333 0.566667 0.600000 0.633333 0.666667 0.700000 0.733333 0.766667 0.800000 0.833333 0.866667 0.900000 0.933333 0.966667 1.000000 1.033333
1.066667 1.100000 1.133333 1.166667 1.200000 1.233333 1.266667 1.300000 1.333333 1.366667 1.400000 1.433333 1.466667 1.500000 1.533333 1.566667
1.600000 1.633333 1.666667 1.700000 1.733333</float_array>
        <technique_common>
          <accessor source="#mixamorig_LeftHandIndex3-Matrix-animation-input-array" count="53">
            <param name="TIME" type="float"/>
          </accessor>
        </technique_common>
      </source>
      <source id="mixamorig_LeftHandIndex3-Matrix-animation-output-transform">
        <float_array id="mixamorig_LeftHandIndex3-Matrix-animation-output-transform-array" count="848">

0.988498 0.117428 -0.095301 0.000000 -0.117428 0.198871 -0.972965 2.907200 -0.095301 0.972965 0.210373 0.000000 0.000000 0.000000 0.000000 1.000000
0.988498 0.117428 -0.095301 -0.000000 -0.117428 0.198871 -0.972965 2.907200 -0.095301 0.972965 0.210373 0.000000 0.000000 0.000000 0.000000 1.000000
0.988498 0.117428 -0.095300 0.000000 -0.117428 0.198872 -0.972965 2.907200 -0.095301 0.972965 0.210374 0.000000 0.000000 0.000000 0.000000 1.000000
0.988498 0.117428 -0.095300 0.000000 -0.117428 0.198871 -0.972965 2.907200 -0.095301 0.972965 0.210373 0.000000 0.000000 0.000000 0.000000 1.000000
0.988498 0.117428 -0.095301 0.000000 -0.117428 0.198871 -0.972965 2.907200 -0.095301 0.972965 0.210373 -0.000000 0.000000 0.000000 0.000000 1.000000
0.988498 0.117428 -0.095300 -0.000000 -0.117428 0.198871 -0.972965 2.907200 -0.095300 0.972965 0.210373 0.000000 0.000000 0.000000 0.000000 1.000000
0.988498 0.117428 -0.095301 -0.000000 -0.117428 0.198871 -0.972965 2.907200 -0.095301 0.972965 0.210373 0.000000 0.000000 0.000000 0.000000 1.000000
0.988498 0.117428 -0.095301 0.000000 -0.117428 0.198871 -0.972965 2.907200 -0.095301 0.972965 0.210373 0.000000 0.000000 0.000000 0.000000 1.000000
0.988498 0.117428 -0.095301 -0.000000 -0.117428 0.198871 -0.972965 2.907200 -0.095301 0.972965 0.210373 0.000000 0.000000 0.000000 0.000000 1.000000
0.988498 0.117428 -0.095301 -0.000000 -0.117428 0.198871 -0.972965 2.907200 -0.095301 0.972965 0.210373 0.000000 0.000000 0.000000 0.000000 1.000000
0.988498 0.117428 -0.095300 0.000000 -0.117427 0.198871 -0.972965 2.907200 -0.095301 0.972965 0.210373 0.000000 0.000000 0.000000 0.000000 1.000000
0.988498 0.117428 -0.095301 -0.000000 -0.117428 0.198871 -0.972965 2.907200 -0.095301 0.972965 0.210373 0.000000 0.000000 0.000000 0.000000 1.000000
0.988498 0.117428 -0.095300 0.000000 -0.117428 0.198871 -0.972965 2.907200 -0.095301 0.972965 0.210373 0.000000 0.000000 0.000000 0.000000 1.000000
0.988498 0.117428 -0.095301 0.000000 -0.117428 0.198871 -0.972965 2.907200 -0.095301 0.972965 0.210373 0.000000 0.000000 0.000000 0.000000 1.000000
0.988498 0.117428 -0.095300 -0.000000 -0.117428 0.198871 -0.972965 2.907200 -0.095301 0.972965 0.210373 0.000000 0.000000 0.000000 0.000000 1.000000
0.988498 0.117428 -0.095300 -0.000000 -0.117428 0.198871 -0.972965 2.907200 -0.095301 0.972965 0.210373 0.000000 0.000000 0.000000 0.000000 1.000000
0.988498 0.117428 -0.095300 0.000000 -0.117428 0.198871 -0.972965 2.907200 -0.095301 0.972965 0.210373 0.000000 0.000000 0.000000 0.000000 1.000000
0.988498 0.117428 -0.095301 0.000000 -0.117428 0.198871 -0.972965 2.907200 -0.095301 0.972965 0.210373 0.000000 0.000000 0.000000 0.000000 1.000000
0.988498 0.117428 -0.095300 -0.000000 -0.117428 0.198871 -0.972965 2.907200 -0.095301 0.972965 0.210373 0.000000 0.000000 0.000000 0.000000 1.000000
0.988498 0.117428 -0.095301 0.000000 -0.117428 0.198871 -0.972965 2.907200 -0.095301 0.972965 0.210373 -0.000000 0.000000 0.000000 0.000000 1.000000
0.988498 0.117428 -0.095301 -0.000000 -0.117428 0.198871 -0.972965 2.907200 -0.095301 0.972965 0.210373 0.000000 0.000000 0.000000 0.000000 1.000000
0.988498 0.117428 -0.095300 0.000000 -0.117428 0.198871 -0.972965 2.907200 -0.095301 0.972965 0.210373 0.000000 0.000000 0.000000 0.000000 1.000000
0.988498 0.117428 -0.095301 -0.000000 -0.117428 0.198871 -0.972965 2.907200 -0.095301 0.972965 0.210373 0.000000 0.000000 0.000000 0.000000 1.000000
0.988498 0.117428 -0.095301 0.000000 -0.117428 0.198871 -0.972965 2.907200 -0.095301 0.972965 0.210373 -0.000000 0.000000 0.000000 0.000000 1.000000
0.988498 0.117428 -0.095301 -0.000000 -0.117428 0.198871 -0.972965 2.907200 -0.095301 0.972965 0.210373 0.000000 0.000000 0.000000 0.000000 1.000000
0.988498 0.117428 -0.095301 0.000000 -0.117428 0.198871 -0.972965 2.907200 -0.095301 0.972965 0.210373 0.000000 0.000000 0.000000 0.000000 1.000000
0.988498 0.117428 -0.095300 -0.000000 -0.117428 0.198871 -0.972965 2.907200 -0.095301 0.972965 0.210373 0.000000 0.000000 0.000000 0.000000 1.000000
0.988498 0.117428 -0.095301 0.000000 -0.117428 0.198871 -0.972965 2.907200 -0.095301 0.972965 0.210373 -0.000000 0.000000 0.000000 0.000000 1.000000
0.988498 0.117428 -0.095301 0.000000 -0.117428 0.198871 -0.972965 2.907200 -0.095301 0.972965 0.210372 0.000000 0.000000 0.000000 0.000000 1.000000
0.988498 0.117428 -0.095301 0.000000 -0.117428 0.198871 -0.972965 2.907200 -0.095301 0.972965 0.210373 -0.000000 0.000000 0.000000 0.000000 1.000000
0.988498 0.117428 -0.095301 -0.000000 -0.117428 0.198871 -0.972965 2.907200 -0.095301 0.972965 0.210373 0.000000 0.000000 0.000000 0.000000 1.000000
0.988498 0.117428 -0.095301 0.000000 -0.117428 0.198871 -0.972965 2.907200 -0.095301 0.972965 0.210373 0.000000 0.000000 0.000000 0.000000 1.000000
0.988498 0.117428 -0.095301 0.000000 -0.117428 0.198871 -0.972965 2.907200 -0.095301 0.972965 0.210373 -0.000000 0.000000 0.000000 0.000000 1.000000
0.988498 0.117428 -0.095301 0.000000 -0.117428 0.198871 -0.972965 2.907200 -0.095301 0.972965 0.210373 0.000000 0.000000 0.000000 0.000000 1.000000
0.988498 0.117428 -0.095301 0.000000 -0.117428 0.198871 -0.972965 2.907200 -0.095301 0.972965 0.210373 0.000000 0.000000 0.000000 0.000000 1.000000
0.988498 0.117428 -0.095301 0.000000 -0.117428 0.198871 -0.972965 2.907200 -0.095301 0.972965 0.210373 0.000000 0.000000 0.000000 0.000000 1.000000
0.988498 0.117428 -0.095301 0.000000 -0.117428 0.198871 -0.972965 2.907200 -0.095301 0.972965 0.210373 0.000000 0.000000 0.000000 0.000000 1.000000
0.988498 0.117428 -0.095301 -0.000000 -0.117428 0.198871 -0.972965 2.907200 -0.095301 0.972965 0.210373 0.000000 0.000000 0.000000 0.000000 1.000000
0.988498 0.117428 -0.095300 -0.000000 -0.117428 0.198871 -0.972965 2.907200 -0.095301 0.972965 0.210373 0.000000 0.000000 0.000000 0.000000 1.000000
0.988498 0.117428 -0.095300 -0.000000 -0.117428 0.198871 -0.972965 2.907200 -0.095301 0.972965 0.210373 0.000000 0.000000 0.000000 0.000000 1.000000
0.988498 0.117428 -0.095301 -0.000000 -0.117428 0.198871 -0.972965 2.907200 -0.095301 0.972965 0.210373 -0.000000 0.000000 0.000000 0.000000 1.000000
0.988498 0.117428 -0.095301 0.000000 -0.117428 0.198871 -0.972965 2.907200 -0.095301 0.972965 0.210373 0.000000 0.000000 0.000000 0.000000 1.000000
0.988498 0.117428 -0.095301 0.000000 -0.117428 0.198871 -0.972965 2.907200 -0.095301 0.972965 0.210373 0.000000 0.000000 0.000000 0.000000 1.000000
0.988498 0.117428 -0.095301 0.000000 -0.117428 0.198871 -0.972965 2.907200 -0.095301 0.972965 0.210373 0.000000 0.000000 0.000000 0.000000 1.000000
0.988498 0.117428 -0.095301 0.000000 -0.117428 0.198871 -0.972965 2.907200 -0.095301 0.972965 0.210373 0.000000 0.000000 0.000000 0.000000 1.000000
0.988498 0.117428 -0.095301 -0.000000 -0.117428 0.198871 -0.972965 2.907200 -0.095301 0.972965 0.210373 0.000000 0.000000 0.000000 0.000000 1.000000
0.988498 0.117428 -0.095301 0.000000 -0.117428 0.198871 -0.972965 2.907200 -0.095301 0.972965 0.210373 0.000000 0.000000 0.000000 0.000000 1.000000
0.988498 0.117428 -0.095301 0.000000 -0.117428 0.198871 -0.972965 2.907200 -0.095301 0.972965 0.210373 -0.000000 0.000000 0.000000 0.000000 1.000000
0.988498 0.117428 -0.095301 0.000000 -0.117428 0.198871 -0.972965 2.907200 -0.095301 0.972965 0.210373 0.000000 0.000000 0.000000 0.000000 1.000000
0.988498 0.117428 -0.095301 0.000000 -0.117428 0.198871 -0.972965 2.907200 -0.095301 0.972965 0.210373 0.000000 0.000000 0.000000 0.000000 1.000000
0.988498 0.117428 -0.095301 -0.000000 -0.117428 0.198871 -0.972965 2.907200 -0.095301 0.972965 0.210373 0.000000 0.000000 0.000000 0.000000 1.000000
0.988498 0.117428 -0.095301 0.000000 -0.117428 0.198871 -0.972965 2.907200 -0.095301 0.972965 0.210373 0.000000 0.000000 0.000000 0.000000 1.000000
0.988498 0.117428 -0.095301 -0.000000 -0.117428 0.198871 -0.972965 2.907200 -0.095301 0.972965 0.210373 0.000000 0.000000 0.000000 0.000000 1.000000</float_array>
        <technique_common>
          <accessor source="#mixamorig_LeftHandIndex3-Matrix-animation-output-transform-array" count="53" stride="16">
            <param type="float4x4"/>
          </accessor>
        </technique_common>
      </source>
      <source id="mixamorig_LeftHandIndex3-Interpolations">
        <Name_array id="mixamorig_LeftHandIndex3-Interpolations-array" count="53">
 LINEAR LINEAR LINEAR LINEAR LINEAR LINEAR LINEAR LINEAR LINEAR LINEAR LINEAR
LINEAR LINEAR LINEAR LINEAR LINEAR LINEAR LINEAR LINEAR LINEAR LINEAR LINEAR LINEAR
LINEAR LINEAR LINEAR LINEAR LINEAR LINEAR LINEAR LINEAR LINEAR LINEAR LINEAR LINEAR
LINEAR LINEAR LINEAR LINEAR LINEAR LINEAR LINEAR LINEAR LINEAR LINEAR LINEAR LINEAR
LINEAR LINEAR LINEAR LINEAR LINEAR LINEAR</Name_array>
        <technique_common>
          <accessor source="#mixamorig_LeftHandIndex3-Interpolations-array" count="53">
            <param type="name"/>
          </accessor>
        </technique_common>
      </source>
      <sampler id="mixamorig_LeftHandIndex3-Matrix-animation-transform">
        <input semantic="INPUT" source="#mixamorig_LeftHandIndex3-Matrix-animation-input"/>
        <input semantic="OUTPUT" source="#mixamorig_LeftHandIndex3-Matrix-animation-output-transform"/>
        <input semantic="INTERPOLATION" source="#mixamorig_LeftHandIndex3-Interpolations"/>
      </sampler>
      <channel source="#mixamorig_LeftHandIndex3-Matrix-animation-transform" target="mixamorig_LeftHandIndex3/matrix"/>
    </animation>
    <animation id="mixamorig_LeftHandMiddle1-anim" name="mixamorig_LeftHandMiddle1">
      <source id="mixamorig_LeftHandMiddle1-Matrix-animation-input">
        <float_array id="mixamorig_LeftHandMiddle1-Matrix-animation-input-array" count="53">

0.000000 0.033333 0.066667 0.100000 0.133333 0.166667 0.200000 0.233333 0.266667 0.300000 0.333333 0.366667 0.400000 0.433333 0.466667 0.500000
0.533333 0.566667 0.600000 0.633333 0.666667 0.700000 0.733333 0.766667 0.800000 0.833333 0.866667 0.900000 0.933333 0.966667 1.000000 1.033333
1.066667 1.100000 1.133333 1.166667 1.200000 1.233333 1.266667 1.300000 1.333333 1.366667 1.400000 1.433333 1.466667 1.500000 1.533333 1.566667
1.600000 1.633333 1.666667 1.700000 1.733333</float_array>
        <technique_common>
          <accessor source="#mixamorig_LeftHandMiddle1-Matrix-animation-input-array" count="53">
            <param name="TIME" type="float"/>
          </accessor>
        </technique_common>
      </source>
      <source id="mixamorig_LeftHandMiddle1-Matrix-animation-output-transform">
        <float_array id="mixamorig_LeftHandMiddle1-Matrix-animation-output-transform-array" count="848">

0.988580 0.117287 -0.094622 -0.000000 -0.117287 0.204580 -0.971798 13.093800 -0.094622 0.971798 0.216000 0.000000 0.000000 0.000000 0.000000 1.000000
0.988580 0.117287 -0.094622 0.000000 -0.117287 0.204580 -0.971798 13.093800 -0.094622 0.971798 0.216000 0.000000 0.000000 0.000000 0.000000 1.000000
0.988580 0.117287 -0.094622 -0.000000 -0.117287 0.204580 -0.971798 13.093800 -0.094622 0.971798 0.216000 0.000000 0.000000 0.000000 0.000000 1.000000
0.988580 0.117287 -0.094621 0.000000 -0.117287 0.204580 -0.971798 13.093800 -0.094622 0.971798 0.216000 0.000000 0.000000 0.000000 0.000000 1.000000
0.988580 0.117287 -0.094621 0.000000 -0.117287 0.204580 -0.971798 13.093800 -0.094622 0.971798 0.216000 0.000000 0.000000 0.000000 0.000000 1.000000
0.988580 0.117287 -0.094622 -0.000000 -0.117287 0.204580 -0.971798 13.093800 -0.094622 0.971798 0.216000 0.000000 0.000000 0.000000 0.000000 1.000000
0.988580 0.117287 -0.094622 0.000000 -0.117287 0.204580 -0.971798 13.093800 -0.094621 0.971798 0.216000 0.000000 0.000000 0.000000 0.000000 1.000000
0.988580 0.117287 -0.094622 0.000000 -0.117287 0.204580 -0.971798 13.093800 -0.094621 0.971798 0.216000 0.000000 0.000000 0.000000 0.000000 1.000000
0.988580 0.117287 -0.094621 0.000000 -0.117287 0.204580 -0.971798 13.093800 -0.094621 0.971798 0.216000 0.000000 0.000000 0.000000 0.000000 1.000000
0.988580 0.117287 -0.094621 -0.000000 -0.117287 0.204580 -0.971798 13.093800 -0.094622 0.971798 0.216000 0.000000 0.000000 0.000000 0.000000 1.000000
0.988580 0.117287 -0.094621 -0.000000 -0.117287 0.204580 -0.971798 13.093800 -0.094621 0.971798 0.216000 0.000000 0.000000 0.000000 0.000000 1.000000
0.988580 0.117287 -0.094622 0.000000 -0.117287 0.204580 -0.971798 13.093800 -0.094622 0.971798 0.216000 0.000000 0.000000 0.000000 0.000000 1.000000
0.988580 0.117287 -0.094621 0.000000 -0.117287 0.204580 -0.971798 13.093800 -0.094621 0.971798 0.216000 0.000000 0.000000 0.000000 0.000000 1.000000
0.988580 0.117287 -0.094622 0.000000 -0.117287 0.204580 -0.971798 13.093800 -0.094621 0.971798 0.216000 0.000000 0.000000 0.000000 0.000000 1.000000
0.988580 0.117287 -0.094622 -0.000000 -0.117287 0.204580 -0.971798 13.093800 -0.094622 0.971798 0.216000 0.000000 0.000000 0.000000 0.000000 1.000000
0.988580 0.117287 -0.094622 0.000000 -0.117287 0.204580 -0.971798 13.093800 -0.094622 0.971798 0.216000 0.000000 0.000000 0.000000 0.000000 1.000000
0.988580 0.117287 -0.094621 -0.000000 -0.117287 0.204580 -0.971798 13.093800 -0.094622 0.971798 0.216000 0.000000 0.000000 0.000000 0.000000 1.000000
0.988580 0.117287 -0.094621 -0.000000 -0.117287 0.204580 -0.971798 13.093800 -0.094622 0.971798 0.216000 0.000000 0.000000 0.000000 0.000000 1.000000
0.988580 0.117287 -0.094622 0.000000 -0.117287 0.204580 -0.971798 13.093800 -0.094622 0.971798 0.216000 0.000000 0.000000 0.000000 0.000000 1.000000
0.988580 0.117287 -0.094621 0.000000 -0.117287 0.204580 -0.971798 13.093800 -0.094621 0.971798 0.216000 -0.000000 0.000000 0.000000 0.000000 1.000000
0.988580 0.117287 -0.094621 0.000000 -0.117287 0.204580 -0.971798 13.093800 -0.094621 0.971798 0.216000 0.000000 0.000000 0.000000 0.000000 1.000000
0.988580 0.117287 -0.094621 0.000000 -0.117287 0.204580 -0.971798 13.093800 -0.094622 0.971798 0.216000 0.000000 0.000000 0.000000 0.000000 1.000000
0.988580 0.117287 -0.094622 0.000000 -0.117287 0.204580 -0.971798 13.093800 -0.094622 0.971798 0.216000 0.000000 0.000000 0.000000 0.000000 1.000000
0.988580 0.117287 -0.094622 0.000000 -0.117287 0.204580 -0.971798 13.093800 -0.094622 0.971798 0.216000 -0.000000 0.000000 0.000000 0.000000 1.000000
0.988580 0.117287 -0.094622 0.000000 -0.117287 0.204580 -0.971798 13.093800 -0.094621 0.971798 0.216000 0.000000 0.000000 0.000000 0.000000 1.000000
0.988580 0.117287 -0.094622 0.000000 -0.117287 0.204580 -0.971798 13.093800 -0.094621 0.971798 0.216000 0.000000 0.000000 0.000000 0.000000 1.000000
0.988580 0.117287 -0.094622 -0.000000 -0.117287 0.204580 -0.971798 13.093800 -0.094622 0.971798 0.216000 -0.000000 0.000000 0.000000 0.000000 1.000000
0.988580 0.117287 -0.094622 0.000000 -0.117287 0.204581 -0.971798 13.093800 -0.094622 0.971798 0.216001 0.000000 0.000000 0.000000 0.000000 1.000000
0.988580 0.117287 -0.094622 -0.000000 -0.117287 0.204580 -0.971798 13.093800 -0.094622 0.971798 0.216000 -0.000000 0.000000 0.000000 0.000000 1.000000
0.988580 0.117287 -0.094622 0.000000 -0.117287 0.204580 -0.971798 13.093800 -0.094622 0.971798 0.216000 0.000000 0.000000 0.000000 0.000000 1.000000
0.988580 0.117287 -0.094621 0.000000 -0.117287 0.204580 -0.971798 13.093800 -0.094622 0.971798 0.216000 0.000000 0.000000 0.000000 0.000000 1.000000
0.988580 0.117287 -0.094621 0.000000 -0.117287 0.204580 -0.971798 13.093800 -0.094622 0.971798 0.216000 0.000000 0.000000 0.000000 0.000000 1.000000
0.988580 0.117287 -0.094621 -0.000000 -0.117287 0.204580 -0.971798 13.093800 -0.094621 0.971798 0.216000 0.000000 0.000000 0.000000 0.000000 1.000000
0.988580 0.117287 -0.094621 -0.000000 -0.117287 0.204580 -0.971798 13.093800 -0.094621 0.971798 0.216000 0.000000 0.000000 0.000000 0.000000 1.000000
0.988580 0.117287 -0.094621 -0.000000 -0.117287 0.204580 -0.971798 13.093800 -0.094621 0.971798 0.216000 -0.000000 0.000000 0.000000 0.000000 1.000000
0.988580 0.117287 -0.094621 0.000000 -0.117287 0.204580 -0.971798 13.093800 -0.094621 0.971798 0.216000 0.000000 0.000000 0.000000 0.000000 1.000000
0.988580 0.117287 -0.094621 -0.000000 -0.117287 0.204580 -0.971798 13.093800 -0.094621 0.971798 0.216000 0.000000 0.000000 0.000000 0.000000 1.000000
0.988580 0.117287 -0.094622 0.000000 -0.117287 0.204580 -0.971798 13.093800 -0.094622 0.971798 0.216000 0.000000 0.000000 0.000000 0.000000 1.000000
0.988580 0.117287 -0.094622 -0.000000 -0.117287 0.204580 -0.971798 13.093800 -0.094621 0.971798 0.216000 -0.000000 0.000000 0.000000 0.000000 1.000000
0.988580 0.117287 -0.094621 0.000000 -0.117287 0.204580 -0.971798 13.093800 -0.094622 0.971798 0.216000 0.000000 0.000000 0.000000 0.000000 1.000000
0.988580 0.117287 -0.094622 0.000000 -0.117287 0.204580 -0.971798 13.093800 -0.094621 0.971798 0.216000 0.000000 0.000000 0.000000 0.000000 1.000000
0.988580 0.117287 -0.094622 -0.000000 -0.117287 0.204580 -0.971798 13.093800 -0.094622 0.971798 0.216000 0.000000 0.000000 0.000000 0.000000 1.000000
0.988580 0.117287 -0.094622 -0.000000 -0.117287 0.204580 -0.971798 13.093800 -0.094622 0.971798 0.216000 0.000000 0.000000 0.000000 0.000000 1.000000
0.988580 0.117287 -0.094621 0.000000 -0.117287 0.204581 -0.971798 13.093800 -0.094622 0.971798 0.216001 0.000000 0.000000 0.000000 0.000000 1.000000
0.988580 0.117287 -0.094622 0.000000 -0.117287 0.204580 -0.971798 13.093800 -0.094622 0.971798 0.216000 0.000000 0.000000 0.000000 0.000000 1.000000
0.988580 0.117287 -0.094622 -0.000000 -0.117287 0.204580 -0.971798 13.093800 -0.094621 0.971798 0.216000 0.000000 0.000000 0.000000 0.000000 1.000000
0.988580 0.117287 -0.094621 0.000000 -0.117287 0.204581 -0.971798 13.093800 -0.094622 0.971798 0.216001 0.000000 0.000000 0.000000 0.000000 1.000000
0.988580 0.117287 -0.094622 0.000000 -0.117287 0.204581 -0.971798 13.093800 -0.094621 0.971798 0.216001 0.000000 0.000000 0.000000 0.000000 1.000000
0.988580 0.117287 -0.094621 0.000000 -0.117287 0.204580 -0.971798 13.093800 -0.094622 0.971798 0.216000 0.000000 0.000000 0.000000 0.000000 1.000000
0.988580 0.117287 -0.094621 -0.000000 -0.117287 0.204580 -0.971798 13.093800 -0.094622 0.971798 0.216000 0.000000 0.000000 0.000000 0.000000 1.000000
0.988580 0.117287 -0.094622 0.000000 -0.117287 0.204580 -0.971798 13.093800 -0.094621 0.971798 0.216000 0.000000 0.000000 0.000000 0.000000 1.000000
0.988580 0.117287 -0.094622 0.000000 -0.117287 0.204580 -0.971798 13.093800 -0.094621 0.971798 0.216000 0.000000 0.000000 0.000000 0.000000 1.000000
0.988580 0.117287 -0.094622 -0.000000 -0.117287 0.204580 -0.971798 13.093800 -0.094622 0.971798 0.216000 -0.000000 0.000000 0.000000 0.000000 1.000000</float_array>
        <technique_common>
          <accessor source="#mixamorig_LeftHandMiddle1-Matrix-animation-output-transform-array" count="53" stride="16">
            <param type="float4x4"/>
          </accessor>
        </technique_common>
      </source>
      <source id="mixamorig_LeftHandMiddle1-Interpolations">
        <Name_array id="mixamorig_LeftHandMiddle1-Interpolations-array" count="53">
 LINEAR LINEAR LINEAR LINEAR LINEAR LINEAR LINEAR LINEAR LINEAR LINEAR LINEAR
LINEAR LINEAR LINEAR LINEAR LINEAR LINEAR LINEAR LINEAR LINEAR LINEAR LINEAR LINEAR
LINEAR LINEAR LINEAR LINEAR LINEAR LINEAR LINEAR LINEAR LINEAR LINEAR LINEAR LINEAR
LINEAR LINEAR LINEAR LINEAR LINEAR LINEAR LINEAR LINEAR LINEAR LINEAR LINEAR LINEAR
LINEAR LINEAR LINEAR LINEAR LINEAR LINEAR</Name_array>
        <technique_common>
          <accessor source="#mixamorig_LeftHandMiddle1-Interpolations-array" count="53">
            <param type="name"/>
          </accessor>
        </technique_common>
      </source>
      <sampler id="mixamorig_LeftHandMiddle1-Matrix-animation-transform">
        <input semantic="INPUT" source="#mixamorig_LeftHandMiddle1-Matrix-animation-input"/>
        <input semantic="OUTPUT" source="#mixamorig_LeftHandMiddle1-Matrix-animation-output-transform"/>
        <input semantic="INTERPOLATION" source="#mixamorig_LeftHandMiddle1-Interpolations"/>
      </sampler>
      <channel source="#mixamorig_LeftHandMiddle1-Matrix-animation-transform" target="mixamorig_LeftHandMiddle1/matrix"/>
    </animation>
    <animation id="mixamorig_LeftHandMiddle2-anim" name="mixamorig_LeftHandMiddle2">
      <source id="mixamorig_LeftHandMiddle2-Matrix-animation-input">
        <float_array id="mixamorig_LeftHandMiddle2-Matrix-animation-input-array" count="53">

0.000000 0.033333 0.066667 0.100000 0.133333 0.166667 0.200000 0.233333 0.266667 0.300000 0.333333 0.366667 0.400000 0.433333 0.466667 0.500000
0.533333 0.566667 0.600000 0.633333 0.666667 0.700000 0.733333 0.766667 0.800000 0.833333 0.866667 0.900000 0.933333 0.966667 1.000000 1.033333
1.066667 1.100000 1.133333 1.166667 1.200000 1.233333 1.266667 1.300000 1.333333 1.366667 1.400000 1.433333 1.466667 1.500000 1.533333 1.566667
1.600000 1.633333 1.666667 1.700000 1.733333</float_array>
        <technique_common>
          <accessor source="#mixamorig_LeftHandMiddle2-Matrix-animation-input-array" count="53">
            <param name="TIME" type="float"/>
          </accessor>
        </technique_common>
      </source>
      <source id="mixamorig_LeftHandMiddle2-Matrix-animation-output-transform">
        <float_array id="mixamorig_LeftHandMiddle2-Matrix-animation-output-transform-array" count="848">

0.982716 0.117305 -0.143208 0.000000 -0.117305 -0.203855 -0.971948 3.620200 -0.143208 0.971948 -0.186572 0.000000 0.000000 0.000000 0.000000 1.000000
0.982716 0.117305 -0.143208 0.000000 -0.117305 -0.203855 -0.971948 3.620200 -0.143208 0.971948 -0.186572 0.000000 0.000000 0.000000 0.000000 1.000000
0.982716 0.117305 -0.143208 0.000000 -0.117305 -0.203855 -0.971948 3.620200 -0.143208 0.971948 -0.186572 0.000000 0.000000 0.000000 0.000000 1.000000
0.982716 0.117305 -0.143208 0.000000 -0.117305 -0.203855 -0.971948 3.620200 -0.143208 0.971948 -0.186572 0.000000 0.000000 0.000000 0.000000 1.000000
0.982716 0.117305 -0.143208 0.000000 -0.117305 -0.203855 -0.971948 3.620200 -0.143208 0.971948 -0.186571 0.000000 0.000000 0.000000 0.000000 1.000000
0.982716 0.117305 -0.143208 0.000000 -0.117305 -0.203855 -0.971948 3.620200 -0.143208 0.971948 -0.186571 0.000000 0.000000 0.000000 0.000000 1.000000
0.982716 0.117305 -0.143208 0.000000 -0.117305 -0.203855 -0.971948 3.620200 -0.143208 0.971948 -0.186571 0.000000 0.000000 0.000000 0.000000 1.000000
0.982716 0.117305 -0.143208 0.000000 -0.117305 -0.203855 -0.971948 3.620200 -0.143208 0.971948 -0.186571 0.000000 0.000000 0.000000 0.000000 1.000000
0.982716 0.117305 -0.143208 0.000000 -0.117305 -0.203855 -0.971948 3.620200 -0.143208 0.971948 -0.186572 0.000000 0.000000 0.000000 0.000000 1.000000
0.982716 0.117305 -0.143208 0.000000 -0.117305 -0.203855 -0.971948 3.620200 -0.143208 0.971948 -0.186571 0.000000 0.000000 0.000000 0.000000 1.000000
0.982716 0.117305 -0.143208 -0.000000 -0.117305 -0.203855 -0.971948 3.620200 -0.143208 0.971948 -0.186572 0.000000 0.000000 0.000000 0.000000 1.000000
0.982716 0.117305 -0.143208 0.000000 -0.117305 -0.203855 -0.971948 3.620200 -0.143208 0.971948 -0.186571 0.000000 0.000000 0.000000 0.000000 1.000000
0.982716 0.117305 -0.143208 0.000000 -0.117305 -0.203855 -0.971948 3.620200 -0.143208 0.971948 -0.186571 0.000000 0.000000 0.000000 0.000000 1.000000
0.982716 0.117305 -0.143208 -0.000000 -0.117305 -0.203855 -0.971948 3.620200 -0.143208 0.971948 -0.186571 0.000000 0.000000 0.000000 0.000000 1.000000
0.982716 0.117305 -0.143208 0.000000 -0.117305 -0.203855 -0.971948 3.620200 -0.143208 0.971948 -0.186572 0.000000 0.000000 0.000000 0.000000 1.000000
0.982716 0.117305 -0.143208 0.000000 -0.117305 -0.203855 -0.971948 3.620200 -0.143208 0.971948 -0.186572 0.000000 0.000000 0.000000 0.000000 1.000000
0.982716 0.117305 -0.143208 -0.000000 -0.117305 -0.203855 -0.971948 3.620200 -0.143208 0.971948 -0.186571 0.000000 0.000000 0.000000 0.000000 1.000000
0.982716 0.117305 -0.143208 -0.000000 -0.117305 -0.203855 -0.971948 3.620200 -0.143208 0.971948 -0.186572 0.000000 0.000000 0.000000 0.000000 1.000000
0.982716 0.117305 -0.143208 -0.000000 -0.117305 -0.203855 -0.971948 3.620200 -0.143208 0.971948 -0.186571 0.000000 0.000000 0.000000 0.000000 1.000000
0.982716 0.117305 -0.143208 -0.000000 -0.117305 -0.203855 -0.971948 3.620200 -0.143208 0.971948 -0.186571 0.000000 0.000000 0.000000 0.000000 1.000000
0.982716 0.117305 -0.143208 0.000000 -0.117305 -0.203855 -0.971948 3.620200 -0.143208 0.971948 -0.186572 0.000000 0.000000 0.000000 0.000000 1.000000
0.982716 0.117305 -0.143208 0.000000 -0.117305 -0.203855 -0.971948 3.620200 -0.143208 0.971948 -0.186571 0.000000 0.000000 0.000000 0.000000 1.000000
0.982716 0.117305 -0.143208 -0.000000 -0.117305 -0.203855 -0.971948 3.620200 -0.143208 0.971948 -0.186571 -0.000000 0.000000 0.000000 0.000000 1.000000
0.982716 0.117305 -0.143208 0.000000 -0.117305 -0.203855 -0.971948 3.620200 -0.143208 0.971948 -0.186572 -0.000000 0.000000 0.000000 0.000000 1.000000
0.982716 0.117305 -0.143208 -0.000000 -0.117305 -0.203855 -0.971948 3.620200 -0.143208 0.971948 -0.186571 0.000000 0.000000 0.000000 0.000000 1.000000
0.982716 0.117305 -0.143208 0.000000 -0.117305 -0.203855 -0.971948 3.620200 -0.143209 0.971948 -0.186571 0.000000 0.000000 0.000000 0.000000 1.000000
0.982716 0.117305 -0.143208 0.000000 -0.117305 -0.203855 -0.971948 3.620200 -0.143208 0.971948 -0.186571 0.000000 0.000000 0.000000 0.000000 1.000000
0.982716 0.117305 -0.143208 0.000000 -0.117305 -0.203855 -0.971948 3.620200 -0.143208 0.971948 -0.186571 0.000000 0.000000 0.000000 0.000000 1.000000
0.982716 0.117305 -0.143208 0.000000 -0.117305 -0.203855 -0.971948 3.620200 -0.143208 0.971948 -0.186571 -0.000000 0.000000 0.000000 0.000000 1.000000
0.982716 0.117305 -0.143208 -0.000000 -0.117305 -0.203855 -0.971948 3.620200 -0.143208 0.971948 -0.186571 -0.000000 0.000000 0.000000 0.000000 1.000000
0.982716 0.117305 -0.143208 0.000000 -0.117305 -0.203856 -0.971948 3.620200 -0.143208 0.971948 -0.186572 0.000000 0.000000 0.000000 0.000000 1.000000
0.982716 0.117305 -0.143208 -0.000000 -0.117305 -0.203855 -0.971948 3.620200 -0.143208 0.971948 -0.186571 0.000000 0.000000 0.000000 0.000000 1.000000
0.982716 0.117305 -0.143208 0.000000 -0.117305 -0.203855 -0.971948 3.620200 -0.143208 0.971948 -0.186571 0.000000 0.000000 0.000000 0.000000 1.000000
0.982716 0.117305 -0.143208 0.000000 -0.117305 -0.203855 -0.971948 3.620200 -0.143208 0.971948 -0.186572 0.000000 0.000000 0.000000 0.000000 1.000000
0.982716 0.117305 -0.143208 -0.000000 -0.117305 -0.203855 -0.971948 3.620200 -0.143208 0.971948 -0.186571 -0.000000 0.000000 0.000000 0.000000 1.000000
0.982716 0.117305 -0.143208 -0.000000 -0.117305 -0.203855 -0.971948 3.620200 -0.143208 0.971948 -0.186571 -0.000000 0.000000 0.000000 0.000000 1.000000
0.982716 0.117305 -0.143208 0.000000 -0.117305 -0.203855 -0.971948 3.620200 -0.143208 0.971948 -0.186571 -0.000000 0.000000 0.000000 0.000000 1.000000
0.982716 0.117305 -0.143208 0.000000 -0.117305 -0.203855 -0.971948 3.620200 -0.143208 0.971948 -0.186571 0.000000 0.000000 0.000000 0.000000 1.000000
0.982716 0.117305 -0.143208 0.000000 -0.117305 -0.203855 -0.971948 3.620200 -0.143208 0.971948 -0.186571 -0.000000 0.000000 0.000000 0.000000 1.000000
0.982716 0.117305 -0.143208 0.000000 -0.117305 -0.203855 -0.971948 3.620200 -0.143208 0.971948 -0.186571 0.000000 0.000000 0.000000 0.000000 1.000000
0.982716 0.117305 -0.143208 -0.000000 -0.117305 -0.203855 -0.971948 3.620200 -0.143208 0.971948 -0.186571 0.000000 0.000000 0.000000 0.000000 1.000000
0.982716 0.117305 -0.143208 -0.000000 -0.117305 -0.203855 -0.971948 3.620200 -0.143208 0.971948 -0.186571 -0.000000 0.000000 0.000000 0.000000 1.000000
0.982716 0.117305 -0.143208 0.000000 -0.117305 -0.203856 -0.971948 3.620200 -0.143208 0.971948 -0.186572 0.000000 0.000000 0.000000 0.000000 1.000000
0.982716 0.117305 -0.143208 0.000000 -0.117305 -0.203855 -0.971948 3.620200 -0.143208 0.971948 -0.186571 0.000000 0.000000 0.000000 0.000000 1.000000
0.982716 0.117305 -0.143208 0.000000 -0.117305 -0.203855 -0.971948 3.620200 -0.143208 0.971948 -0.186571 0.000000 0.000000 0.000000 0.000000 1.000000
0.982716 0.117305 -0.143208 0.000000 -0.117305 -0.203856 -0.971948 3.620200 -0.143208 0.971948 -0.186572 0.000000 0.000000 0.000000 0.000000 1.000000
0.982716 0.117305 -0.143208 -0.000000 -0.117305 -0.203855 -0.971948 3.620200 -0.143208 0.971948 -0.186571 0.000000 0.000000 0.000000 0.000000 1.000000
0.982716 0.117305 -0.143208 -0.000000 -0.117305 -0.203855 -0.971948 3.620200 -0.143208 0.971948 -0.186571 0.000000 0.000000 0.000000 0.000000 1.000000
0.982716 0.117305 -0.143208 0.000000 -0.117305 -0.203855 -0.971948 3.620200 -0.143208 0.971948 -0.186571 0.000000 0.000000 0.000000 0.000000 1.000000
0.982716 0.117305 -0.143208 0.000000 -0.117305 -0.203855 -0.971948 3.620200 -0.143208 0.971948 -0.186572 0.000000 0.000000 0.000000 0.000000 1.000000
0.982716 0.117305 -0.143208 -0.000000 -0.117305 -0.203855 -0.971948 3.620200 -0.143208 0.971948 -0.186571 0.000000 0.000000 0.000000 0.000000 1.000000
0.982716 0.117305 -0.143208 -0.000000 -0.117305 -0.203856 -0.971948 3.620200 -0.143208 0.971948 -0.186572 0.000000 0.000000 0.000000 0.000000 1.000000
0.982716 0.117305 -0.143208 0.000000 -0.117305 -0.203856 -0.971948 3.620200 -0.143208 0.971948 -0.186572 0.000000 0.000000 0.000000 0.000000 1.000000</float_array>
        <technique_common>
          <accessor source="#mixamorig_LeftHandMiddle2-Matrix-animation-output-transform-array" count="53" stride="16">
            <param type="float4x4"/>
          </accessor>
        </technique_common>
      </source>
      <source id="mixamorig_LeftHandMiddle2-Interpolations">
        <Name_array id="mixamorig_LeftHandMiddle2-Interpolations-array" count="53">
 LINEAR LINEAR LINEAR LINEAR LINEAR LINEAR LINEAR LINEAR LINEAR LINEAR LINEAR
LINEAR LINEAR LINEAR LINEAR LINEAR LINEAR LINEAR LINEAR LINEAR LINEAR LINEAR LINEAR
LINEAR LINEAR LINEAR LINEAR LINEAR LINEAR LINEAR LINEAR LINEAR LINEAR LINEAR LINEAR
LINEAR LINEAR LINEAR LINEAR LINEAR LINEAR LINEAR LINEAR LINEAR LINEAR LINEAR LINEAR
LINEAR LINEAR LINEAR LINEAR LINEAR LINEAR</Name_array>
        <technique_common>
          <accessor source="#mixamorig_LeftHandMiddle2-Interpolations-array" count="53">
            <param type="name"/>
          </accessor>
        </technique_common>
      </source>
      <sampler id="mixamorig_LeftHandMiddle2-Matrix-animation-transform">
        <input semantic="INPUT" source="#mixamorig_LeftHandMiddle2-Matrix-animation-input"/>
        <input semantic="OUTPUT" source="#mixamorig_LeftHandMiddle2-Matrix-animation-output-transform"/>
        <input semantic="INTERPOLATION" source="#mixamorig_LeftHandMiddle2-Interpolations"/>
      </sampler>
      <channel source="#mixamorig_LeftHandMiddle2-Matrix-animation-transform" target="mixamorig_LeftHandMiddle2/matrix"/>
    </animation>
    <animation id="mixamorig_LeftHandMiddle3-anim" name="mixamorig_LeftHandMiddle3">
      <source id="mixamorig_LeftHandMiddle3-Matrix-animation-input">
        <float_array id="mixamorig_LeftHandMiddle3-Matrix-animation-input-array" count="53">

0.000000 0.033333 0.066667 0.100000 0.133333 0.166667 0.200000 0.233333 0.266667 0.300000 0.333333 0.366667 0.400000 0.433333 0.466667 0.500000
0.533333 0.566667 0.600000 0.633333 0.666667 0.700000 0.733333 0.766667 0.800000 0.833333 0.866667 0.900000 0.933333 0.966667 1.000000 1.033333
1.066667 1.100000 1.133333 1.166667 1.200000 1.233333 1.266667 1.300000 1.333333 1.366667 1.400000 1.433333 1.466667 1.500000 1.533333 1.566667
1.600000 1.633333 1.666667 1.700000 1.733333</float_array>
        <technique_common>
          <accessor source="#mixamorig_LeftHandMiddle3-Matrix-animation-input-array" count="53">
            <param name="TIME" type="float"/>
          </accessor>
        </technique_common>
      </source>
      <source id="mixamorig_LeftHandMiddle3-Matrix-animation-output-transform">
        <float_array id="mixamorig_LeftHandMiddle3-Matrix-animation-output-transform-array" count="848">

0.988498 0.117428 -0.095301 0.000000 -0.117428 0.198871 -0.972965 2.832500 -0.095301 0.972965 0.210373 0.000000 0.000000 0.000000 0.000000 1.000000
0.988498 0.117428 -0.095301 -0.000000 -0.117428 0.198871 -0.972965 2.832500 -0.095301 0.972965 0.210373 0.000000 0.000000 0.000000 0.000000 1.000000
0.988498 0.117428 -0.095300 0.000000 -0.117428 0.198872 -0.972965 2.832500 -0.095301 0.972965 0.210374 0.000000 0.000000 0.000000 0.000000 1.000000
0.988498 0.117428 -0.095301 0.000000 -0.117428 0.198871 -0.972965 2.832500 -0.095301 0.972965 0.210373 0.000000 0.000000 0.000000 0.000000 1.000000
0.988498 0.117428 -0.095301 0.000000 -0.117428 0.198871 -0.972965 2.832500 -0.095301 0.972965 0.210373 0.000000 0.000000 0.000000 0.000000 1.000000
0.988498 0.117428 -0.095301 0.000000 -0.117428 0.198871 -0.972965 2.832500 -0.095300 0.972965 0.210373 -0.000000 0.000000 0.000000 0.000000 1.000000
0.988498 0.117427 -0.095301 0.000000 -0.117428 0.198871 -0.972965 2.832500 -0.095300 0.972965 0.210373 -0.000000 0.000000 0.000000 0.000000 1.000000
0.988498 0.117428 -0.095301 0.000000 -0.117428 0.198871 -0.972965 2.832500 -0.095301 0.972965 0.210373 0.000000 0.000000 0.000000 0.000000 1.000000
0.988498 0.117428 -0.095300 0.000000 -0.117428 0.198871 -0.972965 2.832500 -0.095301 0.972965 0.210373 0.000000 0.000000 0.000000 0.000000 1.000000
0.988498 0.117428 -0.095301 0.000000 -0.117428 0.198871 -0.972965 2.832500 -0.095301 0.972965 0.210373 0.000000 0.000000 0.000000 0.000000 1.000000
0.988498 0.117428 -0.095301 0.000000 -0.117428 0.198871 -0.972965 2.832500 -0.095301 0.972965 0.210373 0.000000 0.000000 0.000000 0.000000 1.000000
0.988498 0.117428 -0.095301 0.000000 -0.117428 0.198871 -0.972965 2.832500 -0.095301 0.972965 0.210373 0.000000 0.000000 0.000000 0.000000 1.000000
0.988498 0.117428 -0.095301 0.000000 -0.117428 0.198871 -0.972965 2.832500 -0.095301 0.972965 0.210373 0.000000 0.000000 0.000000 0.000000 1.000000
0.988498 0.117428 -0.095301 0.000000 -0.117428 0.198871 -0.972965 2.832500 -0.095301 0.972965 0.210373 0.000000 0.000000 0.000000 0.000000 1.000000
0.988498 0.117428 -0.095301 0.000000 -0.117428 0.198871 -0.972965 2.832500 -0.095301 0.972965 0.210373 -0.000000 0.000000 0.000000 0.000000 1.000000
0.988498 0.117428 -0.095301 0.000000 -0.117428 0.198871 -0.972965 2.832500 -0.095301 0.972965 0.210373 0.000000 0.000000 0.000000 0.000000 1.000000
0.988498 0.117428 -0.095301 0.000000 -0.117428 0.198871 -0.972965 2.832500 -0.095301 0.972965 0.210373 0.000000 0.000000 0.000000 0.000000 1.000000
0.988498 0.117428 -0.095301 0.000000 -0.117428 0.198871 -0.972965 2.832500 -0.095300 0.972965 0.210373 -0.000000 0.000000 0.000000 0.000000 1.000000
0.988498 0.117428 -0.095301 0.000000 -0.117428 0.198871 -0.972965 2.832500 -0.095301 0.972965 0.210373 0.000000 0.000000 0.000000 0.000000 1.000000
0.988498 0.117428 -0.095301 -0.000000 -0.117428 0.198871 -0.972965 2.832500 -0.095301 0.972965 0.210373 0.000000 0.000000 0.000000 0.000000 1.000000
0.988498 0.117428 -0.095300 -0.000000 -0.117428 0.198871 -0.972965 2.832500 -0.095301 0.972965 0.210373 0.000000 0.000000 0.000000 0.000000 1.000000
0.988498 0.117428 -0.095301 0.000000 -0.117428 0.198871 -0.972965 2.832500 -0.095301 0.972965 0.210373 0.000000 0.000000 0.000000 0.000000 1.000000
0.988498 0.117428 -0.095300 0.000000 -0.117428 0.198871 -0.972965 2.832500 -0.095301 0.972965 0.210373 -0.000000 0.000000 0.000000 0.000000 1.000000
0.988498 0.117428 -0.095301 -0.000000 -0.117428 0.198871 -0.972965 2.832500 -0.095301 0.972965 0.210373 0.000000 0.000000 0.000000 0.000000 1.000000
0.988498 0.117428 -0.095301 -0.000000 -0.117428 0.198871 -0.972965 2.832500 -0.095301 0.972965 0.210373 0.000000 0.000000 0.000000 0.000000 1.000000
0.988498 0.117428 -0.095300 0.000000 -0.117428 0.198871 -0.972965 2.832500 -0.095301 0.972965 0.210373 0.000000 0.000000 0.000000 0.000000 1.000000
0.988498 0.117428 -0.095301 0.000000 -0.117428 0.198871 -0.972965 2.832500 -0.095301 0.972965 0.210373 0.000000 0.000000 0.000000 0.000000 1.000000
0.988498 0.117428 -0.095301 -0.000000 -0.117428 0.198871 -0.972965 2.832500 -0.095300 0.972965 0.210373 0.000000 0.000000 0.000000 0.000000 1.000000
0.988498 0.117428 -0.095301 0.000000 -0.117428 0.198871 -0.972965 2.832500 -0.095300 0.972965 0.210373 0.000000 0.000000 0.000000 0.000000 1.000000
0.988498 0.117428 -0.095301 0.000000 -0.117428 0.198871 -0.972965 2.832500 -0.095301 0.972965 0.210373 -0.000000 0.000000 0.000000 0.000000 1.000000
0.988498 0.117428 -0.095301 -0.000000 -0.117428 0.198871 -0.972965 2.832500 -0.095301 0.972965 0.210373 -0.000000 0.000000 0.000000 0.000000 1.000000
0.988498 0.117428 -0.095301 0.000000 -0.117428 0.198871 -0.972965 2.832500 -0.095301 0.972965 0.210373 0.000000 0.000000 0.000000 0.000000 1.000000
0.988498 0.117428 -0.095301 -0.000000 -0.117428 0.198871 -0.972965 2.832500 -0.095301 0.972965 0.210373 -0.000000 0.000000 0.000000 0.000000 1.000000
0.988498 0.117428 -0.095301 0.000000 -0.117428 0.198871 -0.972965 2.832500 -0.095301 0.972965 0.210373 0.000000 0.000000 0.000000 0.000000 1.000000
0.988498 0.117428 -0.095301 0.000000 -0.117428 0.198871 -0.972965 2.832500 -0.095300 0.972965 0.210373 0.000000 0.000000 0.000000 0.000000 1.000000
0.988498 0.117428 -0.095300 0.000000 -0.117428 0.198871 -0.972965 2.832500 -0.095301 0.972965 0.210373 0.000000 0.000000 0.000000 0.000000 1.000000
0.988498 0.117428 -0.095301 0.000000 -0.117428 0.198871 -0.972965 2.832500 -0.095301 0.972965 0.210373 -0.000000 0.000000 0.000000 0.000000 1.000000
0.988498 0.117428 -0.095301 -0.000000 -0.117428 0.198871 -0.972965 2.832500 -0.095301 0.972965 0.210373 0.000000 0.000000 0.000000 0.000000 1.000000
0.988498 0.117428 -0.095301 0.000000 -0.117428 0.198871 -0.972965 2.832500 -0.095301 0.972965 0.210373 0.000000 0.000000 0.000000 0.000000 1.000000
0.988498 0.117428 -0.095301 -0.000000 -0.117428 0.198871 -0.972965 2.832500 -0.095301 0.972965 0.210373 0.000000 0.000000 0.000000 0.000000 1.000000
0.988498 0.117428 -0.095301 0.000000 -0.117428 0.198871 -0.972965 2.832500 -0.095301 0.972965 0.210373 0.000000 0.000000 0.000000 0.000000 1.000000
0.988498 0.117428 -0.095301 0.000000 -0.117428 0.198871 -0.972965 2.832500 -0.095301 0.972965 0.210373 -0.000000 0.000000 0.000000 0.000000 1.000000
0.988498 0.117428 -0.095301 0.000000 -0.117428 0.198871 -0.972965 2.832500 -0.095301 0.972965 0.210373 0.000000 0.000000 0.000000 0.000000 1.000000
0.988498 0.117428 -0.095301 0.000000 -0.117428 0.198871 -0.972965 2.832500 -0.095301 0.972965 0.210373 0.000000 0.000000 0.000000 0.000000 1.000000
0.988498 0.117428 -0.095301 -0.000000 -0.117428 0.198871 -0.972965 2.832500 -0.095301 0.972965 0.210373 0.000000 0.000000 0.000000 0.000000 1.000000
0.988498 0.117428 -0.095301 -0.000000 -0.117428 0.198871 -0.972965 2.832500 -0.095301 0.972965 0.210373 0.000000 0.000000 0.000000 0.000000 1.000000
0.988498 0.117428 -0.095301 0.000000 -0.117428 0.198871 -0.972965 2.832500 -0.095301 0.972965 0.210373 0.000000 0.000000 0.000000 0.000000 1.000000
0.988498 0.117428 -0.095301 0.000000 -0.117428 0.198871 -0.972965 2.832500 -0.095301 0.972965 0.210373 0.000000 0.000000 0.000000 0.000000 1.000000
0.988498 0.117428 -0.095301 0.000000 -0.117428 0.198871 -0.972965 2.832500 -0.095301 0.972965 0.210373 0.000000 0.000000 0.000000 0.000000 1.000000
0.988498 0.117428 -0.095301 0.000000 -0.117428 0.198871 -0.972965 2.832500 -0.095301 0.972965 0.210373 0.000000 0.000000 0.000000 0.000000 1.000000
0.988498 0.117428 -0.095301 0.000000 -0.117428 0.198871 -0.972965 2.832500 -0.095301 0.972965 0.210373 -0.000000 0.000000 0.000000 0.000000 1.000000
0.988498 0.117428 -0.095301 -0.000000 -0.117428 0.198871 -0.972965 2.832500 -0.095301 0.972965 0.210373 0.000000 0.000000 0.000000 0.000000 1.000000
0.988498 0.117428 -0.095301 0.000000 -0.117428 0.198871 -0.972965 2.832500 -0.095301 0.972965 0.210373 0.000000 0.000000 0.000000 0.000000 1.000000</float_array>
        <technique_common>
          <accessor source="#mixamorig_LeftHandMiddle3-Matrix-animation-output-transform-array" count="53" stride="16">
            <param type="float4x4"/>
          </accessor>
        </technique_common>
      </source>
      <source id="mixamorig_LeftHandMiddle3-Interpolations">
        <Name_array id="mixamorig_LeftHandMiddle3-Interpolations-array" count="53">
 LINEAR LINEAR LINEAR LINEAR LINEAR LINEAR LINEAR LINEAR LINEAR LINEAR LINEAR
LINEAR LINEAR LINEAR LINEAR LINEAR LINEAR LINEAR LINEAR LINEAR LINEAR LINEAR LINEAR
LINEAR LINEAR LINEAR LINEAR LINEAR LINEAR LINEAR LINEAR LINEAR LINEAR LINEAR LINEAR
LINEAR LINEAR LINEAR LINEAR LINEAR LINEAR LINEAR LINEAR LINEAR LINEAR LINEAR LINEAR
LINEAR LINEAR LINEAR LINEAR LINEAR LINEAR</Name_array>
        <technique_common>
          <accessor source="#mixamorig_LeftHandMiddle3-Interpolations-array" count="53">
            <param type="name"/>
          </accessor>
        </technique_common>
      </source>
      <sampler id="mixamorig_LeftHandMiddle3-Matrix-animation-transform">
        <input semantic="INPUT" source="#mixamorig_LeftHandMiddle3-Matrix-animation-input"/>
        <input semantic="OUTPUT" source="#mixamorig_LeftHandMiddle3-Matrix-animation-output-transform"/>
        <input semantic="INTERPOLATION" source="#mixamorig_LeftHandMiddle3-Interpolations"/>
      </sampler>
      <channel source="#mixamorig_LeftHandMiddle3-Matrix-animation-transform" target="mixamorig_LeftHandMiddle3/matrix"/>
    </animation>
    <animation id="mixamorig_LeftHandRing1-anim" name="mixamorig_LeftHandRing1">
      <source id="mixamorig_LeftHandRing1-Matrix-animation-input">
        <float_array id="mixamorig_LeftHandRing1-Matrix-animation-input-array" count="53">

0.000000 0.033333 0.066667 0.100000 0.133333 0.166667 0.200000 0.233333 0.266667 0.300000 0.333333 0.366667 0.400000 0.433333 0.466667 0.500000
0.533333 0.566667 0.600000 0.633333 0.666667 0.700000 0.733333 0.766667 0.800000 0.833333 0.866667 0.900000 0.933333 0.966667 1.000000 1.033333
1.066667 1.100000 1.133333 1.166667 1.200000 1.233333 1.266667 1.300000 1.333333 1.366667 1.400000 1.433333 1.466667 1.500000 1.533333 1.566667
1.600000 1.633333 1.666667 1.700000 1.733333</float_array>
        <technique_common>
          <accessor source="#mixamorig_LeftHandRing1-Matrix-animation-input-array" count="53">
            <param name="TIME" type="float"/>
          </accessor>
        </technique_common>
      </source>
      <source id="mixamorig_LeftHandRing1-Matrix-animation-output-transform">
        <float_array id="mixamorig_LeftHandRing1-Matrix-animation-output-transform-array" count="848">

0.988576 0.117294 -0.094654 3.523100 -0.117294 0.204305 -0.971855 12.918800 -0.094654 0.971855 0.215729 -0.015900 0.000000 0.000000 0.000000 1.000000
0.988576 0.117294 -0.094654 3.523100 -0.117294 0.204305 -0.971855 12.918800 -0.094654 0.971855 0.215729 -0.015900 0.000000 0.000000 0.000000 1.000000
0.988576 0.117294 -0.094654 3.523100 -0.117294 0.204305 -0.971855 12.918800 -0.094654 0.971855 0.215729 -0.015900 0.000000 0.000000 0.000000 1.000000
0.988576 0.117294 -0.094654 3.523100 -0.117294 0.204306 -0.971855 12.918800 -0.094654 0.971855 0.215729 -0.015900 0.000000 0.000000 0.000000 1.000000
0.988576 0.117294 -0.094654 3.523100 -0.117294 0.204305 -0.971855 12.918800 -0.094654 0.971855 0.215729 -0.015900 0.000000 0.000000 0.000000 1.000000
0.988576 0.117294 -0.094654 3.523100 -0.117294 0.204305 -0.971855 12.918800 -0.094654 0.971855 0.215729 -0.015900 0.000000 0.000000 0.000000 1.000000
0.988576 0.117294 -0.094654 3.523100 -0.117294 0.204305 -0.971855 12.918800 -0.094654 0.971855 0.215729 -0.015900 0.000000 0.000000 0.000000 1.000000
0.988576 0.117294 -0.094654 3.523100 -0.117294 0.204306 -0.971855 12.918800 -0.094654 0.971855 0.215730 -0.015900 0.000000 0.000000 0.000000 1.000000
0.988576 0.117294 -0.094654 3.523100 -0.117294 0.204305 -0.971855 12.918800 -0.094654 0.971855 0.215729 -0.015900 0.000000 0.000000 0.000000 1.000000
0.988576 0.117294 -0.094654 3.523100 -0.117294 0.204306 -0.971855 12.918800 -0.094654 0.971855 0.215729 -0.015900 0.000000 0.000000 0.000000 1.000000
0.988576 0.117294 -0.094654 3.523100 -0.117294 0.204306 -0.971855 12.918800 -0.094654 0.971855 0.215730 -0.015900 0.000000 0.000000 0.000000 1.000000
0.988576 0.117294 -0.094654 3.523100 -0.117294 0.204306 -0.971855 12.918800 -0.094654 0.971855 0.215729 -0.015900 0.000000 0.000000 0.000000 1.000000
0.988576 0.117294 -0.094654 3.523100 -0.117294 0.204306 -0.971855 12.918800 -0.094654 0.971855 0.215730 -0.015900 0.000000 0.000000 0.000000 1.000000
0.988576 0.117294 -0.094654 3.523100 -0.117294 0.204305 -0.971855 12.918800 -0.094654 0.971855 0.215729 -0.015900 0.000000 0.000000 0.000000 1.000000
0.988576 0.117294 -0.094654 3.523100 -0.117294 0.204305 -0.971855 12.918800 -0.094654 0.971855 0.215729 -0.015900 0.000000 0.000000 0.000000 1.000000
0.988576 0.117294 -0.094654 3.523100 -0.117294 0.204305 -0.971855 12.918800 -0.094654 0.971855 0.215729 -0.015900 0.000000 0.000000 0.000000 1.000000
0.988576 0.117294 -0.094654 3.523100 -0.117294 0.204305 -0.971855 12.918800 -0.094654 0.971855 0.215729 -0.015900 0.000000 0.000000 0.000000 1.000000
0.988576 0.117294 -0.094654 3.523100 -0.117294 0.204305 -0.971855 12.918800 -0.094654 0.971855 0.215729 -0.015900 0.000000 0.000000 0.000000 1.000000
0.988576 0.117294 -0.094654 3.523100 -0.117294 0.204305 -0.971855 12.918800 -0.094654 0.971855 0.215729 -0.015900 0.000000 0.000000 0.000000 1.000000
0.988576 0.117294 -0.094654 3.523100 -0.117294 0.204306 -0.971855 12.918800 -0.094654 0.971855 0.215730 -0.015900 0.000000 0.000000 0.000000 1.000000
0.988576 0.117294 -0.094654 3.523100 -0.117294 0.204305 -0.971855 12.918800 -0.094654 0.971855 0.215729 -0.015900 0.000000 0.000000 0.000000 1.000000
0.988576 0.117294 -0.094654 3.523100 -0.117294 0.204306 -0.971855 12.918800 -0.094654 0.971855 0.215729 -0.015900 0.000000 0.000000 0.000000 1.000000
0.988576 0.117294 -0.094654 3.523100 -0.117294 0.204305 -0.971855 12.918800 -0.094654 0.971855 0.215729 -0.015900 0.000000 0.000000 0.000000 1.000000
0.988576 0.117294 -0.094654 3.523100 -0.117294 0.204306 -0.971855 12.918800 -0.094654 0.971855 0.215729 -0.015900 0.000000 0.000000 0.000000 1.000000
0.988576 0.117294 -0.094654 3.523100 -0.117294 0.204305 -0.971855 12.918800 -0.094654 0.971855 0.215729 -0.015900 0.000000 0.000000 0.000000 1.000000
0.988576 0.117294 -0.094654 3.523100 -0.117294 0.204305 -0.971855 12.918800 -0.094654 0.971855 0.215729 -0.015900 0.000000 0.000000 0.000000 1.000000
0.988576 0.117294 -0.094654 3.523100 -0.117294 0.204306 -0.971855 12.918800 -0.094654 0.971855 0.215729 -0.015900 0.000000 0.000000 0.000000 1.000000
0.988576 0.117294 -0.094654 3.523100 -0.117294 0.204306 -0.971855 12.918800 -0.094654 0.971855 0.215730 -0.015900 0.000000 0.000000 0.000000 1.000000
0.988576 0.117294 -0.094654 3.523100 -0.117294 0.204305 -0.971855 12.918800 -0.094654 0.971855 0.215729 -0.015900 0.000000 0.000000 0.000000 1.000000
0.988576 0.117294 -0.094654 3.523100 -0.117294 0.204305 -0.971855 12.918800 -0.094654 0.971855 0.215729 -0.015900 0.000000 0.000000 0.000000 1.000000
0.988576 0.117294 -0.094654 3.523100 -0.117294 0.204306 -0.971855 12.918800 -0.094654 0.971855 0.215730 -0.015900 0.000000 0.000000 0.000000 1.000000
0.988576 0.117294 -0.094654 3.523100 -0.117294 0.204305 -0.971855 12.918800 -0.094654 0.971855 0.215729 -0.015900 0.000000 0.000000 0.000000 1.000000
0.988576 0.117294 -0.094654 3.523100 -0.117294 0.204305 -0.971855 12.918800 -0.094654 0.971855 0.215729 -0.015900 0.000000 0.000000 0.000000 1.000000
0.988576 0.117294 -0.094654 3.523100 -0.117294 0.204305 -0.971855 12.918800 -0.094654 0.971855 0.215729 -0.015900 0.000000 0.000000 0.000000 1.000000
0.988576 0.117294 -0.094654 3.523100 -0.117294 0.204305 -0.971855 12.918800 -0.094654 0.971855 0.215729 -0.015900 0.000000 0.000000 0.000000 1.000000
0.988576 0.117294 -0.094654 3.523100 -0.117294 0.204305 -0.971855 12.918800 -0.094654 0.971855 0.215729 -0.015900 0.000000 0.000000 0.000000 1.000000
0.988576 0.117294 -0.094654 3.523100 -0.117294 0.204305 -0.971855 12.918800 -0.094654 0.971855 0.215729 -0.015900 0.000000 0.000000 0.000000 1.000000
0.988576 0.117294 -0.094654 3.523100 -0.117294 0.204305 -0.971855 12.918800 -0.094654 0.971855 0.215729 -0.015900 0.000000 0.000000 0.000000 1.000000
0.988576 0.117294 -0.094654 3.523100 -0.117294 0.204306 -0.971855 12.918800 -0.094654 0.971855 0.215730 -0.015900 0.000000 0.000000 0.000000 1.000000
0.988576 0.117294 -0.094654 3.523100 -0.117294 0.204305 -0.971855 12.918800 -0.094654 0.971855 0.215729 -0.015900 0.000000 0.000000 0.000000 1.000000
0.988576 0.117294 -0.094654 3.523100 -0.117294 0.204305 -0.971855 12.918800 -0.094654 0.971855 0.215729 -0.015900 0.000000 0.000000 0.000000 1.000000
0.988576 0.117294 -0.094654 3.523100 -0.117294 0.204305 -0.971855 12.918800 -0.094654 0.971855 0.215729 -0.015900 0.000000 0.000000 0.000000 1.000000
0.988576 0.117294 -0.094654 3.523100 -0.117294 0.204305 -0.971855 12.918800 -0.094654 0.971855 0.215729 -0.015900 0.000000 0.000000 0.000000 1.000000
0.988576 0.117294 -0.094654 3.523100 -0.117294 0.204305 -0.971855 12.918800 -0.094654 0.971855 0.215729 -0.015900 0.000000 0.000000 0.000000 1.000000
0.988576 0.117294 -0.094654 3.523100 -0.117294 0.204305 -0.971855 12.918800 -0.094654 0.971855 0.215729 -0.015900 0.000000 0.000000 0.000000 1.000000
0.988576 0.117294 -0.094654 3.523100 -0.117294 0.204306 -0.971855 12.918800 -0.094654 0.971855 0.215730 -0.015900 0.000000 0.000000 0.000000 1.000000
0.988576 0.117294 -0.094654 3.523100 -0.117294 0.204306 -0.971855 12.918800 -0.094654 0.971855 0.215730 -0.015900 0.000000 0.000000 0.000000 1.000000
0.988576 0.117294 -0.094654 3.523100 -0.117294 0.204305 -0.971855 12.918800 -0.094654 0.971855 0.215729 -0.015900 0.000000 0.000000 0.000000 1.000000
0.988576 0.117294 -0.094654 3.523100 -0.117294 0.204306 -0.971855 12.918800 -0.094654 0.971855 0.215729 -0.015900 0.000000 0.000000 0.000000 1.000000
0.988576 0.117294 -0.094654 3.523100 -0.117294 0.204305 -0.971855 12.918800 -0.094654 0.971855 0.215729 -0.015900 0.000000 0.000000 0.000000 1.000000
0.988576 0.117294 -0.094654 3.523100 -0.117294 0.204305 -0.971855 12.918800 -0.094654 0.971855 0.215729 -0.015900 0.000000 0.000000 0.000000 1.000000
0.988576 0.117294 -0.094654 3.523100 -0.117294 0.204305 -0.971855 12.918800 -0.094654 0.971855 0.215729 -0.015900 0.000000 0.000000 0.000000 1.000000
0.988576 0.117294 -0.094654 3.523100 -0.117294 0.204305 -0.971855 12.918800 -0.094654 0.971855 0.215729 -0.015900 0.000000 0.000000 0.000000 1.000000</float_array>
        <technique_common>
          <accessor source="#mixamorig_LeftHandRing1-Matrix-animation-output-transform-array" count="53" stride="16">
            <param type="float4x4"/>
          </accessor>
        </technique_common>
      </source>
      <source id="mixamorig_LeftHandRing1-Interpolations">
        <Name_array id="mixamorig_LeftHandRing1-Interpolations-array" count="53">
 LINEAR LINEAR LINEAR LINEAR LINEAR LINEAR LINEAR LINEAR LINEAR LINEAR LINEAR
LINEAR LINEAR LINEAR LINEAR LINEAR LINEAR LINEAR LINEAR LINEAR LINEAR LINEAR LINEAR
LINEAR LINEAR LINEAR LINEAR LINEAR LINEAR LINEAR LINEAR LINEAR LINEAR LINEAR LINEAR
LINEAR LINEAR LINEAR LINEAR LINEAR LINEAR LINEAR LINEAR LINEAR LINEAR LINEAR LINEAR
LINEAR LINEAR LINEAR LINEAR LINEAR LINEAR</Name_array>
        <technique_common>
          <accessor source="#mixamorig_LeftHandRing1-Interpolations-array" count="53">
            <param type="name"/>
          </accessor>
        </technique_common>
      </source>
      <sampler id="mixamorig_LeftHandRing1-Matrix-animation-transform">
        <input semantic="INPUT" source="#mixamorig_LeftHandRing1-Matrix-animation-input"/>
        <input semantic="OUTPUT" source="#mixamorig_LeftHandRing1-Matrix-animation-output-transform"/>
        <input semantic="INTERPOLATION" source="#mixamorig_LeftHandRing1-Interpolations"/>
      </sampler>
      <channel source="#mixamorig_LeftHandRing1-Matrix-animation-transform" target="mixamorig_LeftHandRing1/matrix"/>
    </animation>
    <animation id="mixamorig_LeftHandRing2-anim" name="mixamorig_LeftHandRing2">
      <source id="mixamorig_LeftHandRing2-Matrix-animation-input">
        <float_array id="mixamorig_LeftHandRing2-Matrix-animation-input-array" count="53">

0.000000 0.033333 0.066667 0.100000 0.133333 0.166667 0.200000 0.233333 0.266667 0.300000 0.333333 0.366667 0.400000 0.433333 0.466667 0.500000
0.533333 0.566667 0.600000 0.633333 0.666667 0.700000 0.733333 0.766667 0.800000 0.833333 0.866667 0.900000 0.933333 0.966667 1.000000 1.033333
1.066667 1.100000 1.133333 1.166667 1.200000 1.233333 1.266667 1.300000 1.333333 1.366667 1.400000 1.433333 1.466667 1.500000 1.533333 1.566667
1.600000 1.633333 1.666667 1.700000 1.733333</float_array>
        <technique_common>
          <accessor source="#mixamorig_LeftHandRing2-Matrix-animation-input-array" count="53">
            <param name="TIME" type="float"/>
          </accessor>
        </technique_common>
      </source>
      <source id="mixamorig_LeftHandRing2-Matrix-animation-output-transform">
        <float_array id="mixamorig_LeftHandRing2-Matrix-animation-output-transform-array" count="848">

0.982720 0.117312 -0.143176 0.000000 -0.117312 -0.203580 -0.972005 2.936000 -0.143175 0.972005 -0.186300 0.000000 0.000000 0.000000 0.000000 1.000000
0.982720 0.117312 -0.143175 0.000000 -0.117312 -0.203580 -0.972005 2.936000 -0.143175 0.972005 -0.186300 0.000000 0.000000 0.000000 0.000000 1.000000
0.982720 0.117312 -0.143175 -0.000000 -0.117312 -0.203580 -0.972005 2.936000 -0.143175 0.972005 -0.186300 -0.000000 0.000000 0.000000 0.000000 1.000000
0.982720 0.117312 -0.143176 -0.000000 -0.117312 -0.203580 -0.972005 2.936000 -0.143175 0.972005 -0.186300 -0.000000 0.000000 0.000000 0.000000 1.000000
0.982720 0.117312 -0.143176 0.000000 -0.117312 -0.203580 -0.972005 2.936000 -0.143175 0.972005 -0.186300 0.000000 0.000000 0.000000 0.000000 1.000000
0.982720 0.117312 -0.143175 0.000000 -0.117312 -0.203580 -0.972005 2.936000 -0.143175 0.972005 -0.186300 0.000000 0.000000 0.000000 0.000000 1.000000
0.982720 0.117312 -0.143175 0.000000 -0.117312 -0.203580 -0.972005 2.936000 -0.143176 0.972005 -0.186300 0.000000 0.000000 0.000000 0.000000 1.000000
0.982720 0.117312 -0.143175 0.000000 -0.117312 -0.203580 -0.972005 2.936000 -0.143176 0.972005 -0.186300 -0.000000 0.000000 0.000000 0.000000 1.000000
0.982720 0.117312 -0.143175 -0.000000 -0.117312 -0.203580 -0.972005 2.936000 -0.143175 0.972005 -0.186300 0.000000 0.000000 0.000000 0.000000 1.000000
0.982720 0.117312 -0.143176 -0.000000 -0.117312 -0.203580 -0.972005 2.936000 -0.143176 0.972005 -0.186300 0.000000 0.000000 0.000000 0.000000 1.000000
0.982720 0.117312 -0.143175 0.000000 -0.117312 -0.203580 -0.972005 2.936000 -0.143175 0.972005 -0.186300 -0.000000 0.000000 0.000000 0.000000 1.000000
0.982720 0.117312 -0.143175 0.000000 -0.117312 -0.203580 -0.972005 2.936000 -0.143175 0.972005 -0.186300 -0.000000 0.000000 0.000000 0.000000 1.000000
0.982720 0.117312 -0.143175 -0.000000 -0.117312 -0.203580 -0.972005 2.936000 -0.143175 0.972005 -0.186300 0.000000 0.000000 0.000000 0.000000 1.000000
0.982720 0.117312 -0.143175 -0.000000 -0.117312 -0.203580 -0.972005 2.936000 -0.143175 0.972005 -0.186300 0.000000 0.000000 0.000000 0.000000 1.000000
0.982720 0.117312 -0.143175 0.000000 -0.117312 -0.203580 -0.972005 2.936000 -0.143175 0.972005 -0.186300 0.000000 0.000000 0.000000 0.000000 1.000000
0.982720 0.117312 -0.143175 0.000000 -0.117312 -0.203580 -0.972005 2.936000 -0.143175 0.972005 -0.186300 -0.000000 0.000000 0.000000 0.000000 1.000000
0.982720 0.117312 -0.143175 0.000000 -0.117312 -0.203580 -0.972005 2.936000 -0.143175 0.972005 -0.186300 -0.000000 0.000000 0.000000 0.000000 1.000000
0.982720 0.117312 -0.143175 0.000000 -0.117312 -0.203580 -0.972005 2.936000 -0.143175 0.972005 -0.186300 0.000000 0.000000 0.000000 0.000000 1.000000
0.982720 0.117312 -0.143175 0.000000 -0.117312 -0.203580 -0.972005 2.936000 -0.143175 0.972005 -0.186300 -0.000000 0.000000 0.000000 0.000000 1.000000
0.982720 0.117312 -0.143175 0.000000 -0.117312 -0.203580 -0.972005 2.936000 -0.143175 0.972005 -0.186300 0.000000 0.000000 0.000000 0.000000 1.000000
0.982720 0.117312 -0.143175 0.000000 -0.117312 -0.203581 -0.972005 2.936000 -0.143176 0.972005 -0.186301 0.000000 0.000000 0.000000 0.000000 1.000000
0.982720 0.117312 -0.143175 0.000000 -0.117312 -0.203580 -0.972005 2.936000 -0.143176 0.972005 -0.186300 0.000000 0.000000 0.000000 0.000000 1.000000
0.982720 0.117312 -0.143176 0.000000 -0.117312 -0.203580 -0.972005 2.936000 -0.143175 0.972005 -0.186300 0.000000 0.000000 0.000000 0.000000 1.000000
0.982720 0.117312 -0.143175 0.000000 -0.117312 -0.203580 -0.972005 2.936000 -0.143175 0.972005 -0.186300 0.000000 0.000000 0.000000 0.000000 1.000000
0.982720 0.117312 -0.143175 0.000000 -0.117312 -0.203580 -0.972005 2.936000 -0.143176 0.972005 -0.186300 0.000000 0.000000 0.000000 0.000000 1.000000
0.982720 0.117312 -0.143175 0.000000 -0.117312 -0.203580 -0.972005 2.936000 -0.143175 0.972005 -0.186300 0.000000 0.000000 0.000000 0.000000 1.000000
0.982720 0.117312 -0.143176 -0.000000 -0.117312 -0.203580 -0.972005 2.936000 -0.143175 0.972005 -0.186300 0.000000 0.000000 0.000000 0.000000 1.000000
0.982720 0.117312 -0.143175 0.000000 -0.117312 -0.203580 -0.972005 2.936000 -0.143176 0.972005 -0.186300 -0.000000 0.000000 0.000000 0.000000 1.000000
0.982720 0.117312 -0.143175 0.000000 -0.117312 -0.203580 -0.972005 2.936000 -0.143175 0.972005 -0.186300 -0.000000 0.000000 0.000000 0.000000 1.000000
0.982720 0.117312 -0.143175 0.000000 -0.117312 -0.203580 -0.972005 2.936000 -0.143175 0.972005 -0.186300 0.000000 0.000000 0.000000 0.000000 1.000000
0.982720 0.117312 -0.143175 -0.000000 -0.117312 -0.203580 -0.972005 2.936000 -0.143175 0.972005 -0.186300 0.000000 0.000000 0.000000 0.000000 1.000000
0.982720 0.117312 -0.143175 0.000000 -0.117312 -0.203580 -0.972005 2.936000 -0.143176 0.972005 -0.186300 -0.000000 0.000000 0.000000 0.000000 1.000000
0.982720 0.117312 -0.143175 -0.000000 -0.117312 -0.203580 -0.972005 2.936000 -0.143175 0.972005 -0.186300 0.000000 0.000000 0.000000 0.000000 1.000000
0.982720 0.117312 -0.143175 0.000000 -0.117312 -0.203580 -0.972005 2.936000 -0.143175 0.972005 -0.186300 0.000000 0.000000 0.000000 0.000000 1.000000
0.982720 0.117312 -0.143175 0.000000 -0.117312 -0.203580 -0.972005 2.936000 -0.143176 0.972005 -0.186300 0.000000 0.000000 0.000000 0.000000 1.000000
0.982720 0.117312 -0.143176 0.000000 -0.117312 -0.203580 -0.972005 2.936000 -0.143176 0.972005 -0.186300 0.000000 0.000000 0.000000 0.000000 1.000000
0.982720 0.117312 -0.143175 0.000000 -0.117312 -0.203580 -0.972005 2.936000 -0.143175 0.972005 -0.186300 0.000000 0.000000 0.000000 0.000000 1.000000
0.982720 0.117312 -0.143175 0.000000 -0.117312 -0.203580 -0.972005 2.936000 -0.143176 0.972005 -0.186300 0.000000 0.000000 0.000000 0.000000 1.000000
0.982720 0.117312 -0.143176 -0.000000 -0.117312 -0.203580 -0.972005 2.936000 -0.143175 0.972005 -0.186300 0.000000 0.000000 0.000000 0.000000 1.000000
0.982720 0.117312 -0.143176 0.000000 -0.117312 -0.203580 -0.972005 2.936000 -0.143175 0.972005 -0.186300 0.000000 0.000000 0.000000 0.000000 1.000000
0.982720 0.117312 -0.143175 0.000000 -0.117312 -0.203580 -0.972005 2.936000 -0.143176 0.972005 -0.186300 -0.000000 0.000000 0.000000 0.000000 1.000000
0.982720 0.117312 -0.143175 -0.000000 -0.117312 -0.203580 -0.972005 2.936000 -0.143175 0.972005 -0.186300 -0.000000 0.000000 0.000000 0.000000 1.000000
0.982720 0.117311 -0.143176 -0.000000 -0.117313 -0.203580 -0.972004 2.936000 -0.143175 0.972005 -0.186301 0.000000 0.000000 0.000000 0.000000 1.000000
0.982720 0.117312 -0.143175 -0.000000 -0.117312 -0.203580 -0.972005 2.936000 -0.143175 0.972005 -0.186300 -0.000000 0.000000 0.000000 0.000000 1.000000
0.982720 0.117312 -0.143175 0.000000 -0.117312 -0.203580 -0.972005 2.936000 -0.143176 0.972005 -0.186300 -0.000000 0.000000 0.000000 0.000000 1.000000
0.982720 0.117312 -0.143175 0.000000 -0.117312 -0.203580 -0.972005 2.936000 -0.143176 0.972005 -0.186300 0.000000 0.000000 0.000000 0.000000 1.000000
0.982720 0.117312 -0.143175 0.000000 -0.117312 -0.203580 -0.972005 2.936000 -0.143175 0.972005 -0.186300 0.000000 0.000000 0.000000 0.000000 1.000000
0.982720 0.117312 -0.143176 0.000000 -0.117312 -0.203580 -0.972005 2.936000 -0.143175 0.972005 -0.186300 -0.000000 0.000000 0.000000 0.000000 1.000000
0.982720 0.117312 -0.143175 0.000000 -0.117312 -0.203581 -0.972005 2.936000 -0.143175 0.972005 -0.186301 -0.000000 0.000000 0.000000 0.000000 1.000000
0.982720 0.117312 -0.143175 0.000000 -0.117312 -0.203580 -0.972005 2.936000 -0.143176 0.972005 -0.186300 0.000000 0.000000 0.000000 0.000000 1.000000
0.982720 0.117312 -0.143175 -0.000000 -0.117312 -0.203580 -0.972005 2.936000 -0.143175 0.972005 -0.186300 -0.000000 0.000000 0.000000 0.000000 1.000000
0.982720 0.117312 -0.143176 -0.000000 -0.117312 -0.203580 -0.972005 2.936000 -0.143175 0.972005 -0.186300 -0.000000 0.000000 0.000000 0.000000 1.000000
0.982720 0.117312 -0.143175 0.000000 -0.117312 -0.203580 -0.972005 2.936000 -0.143175 0.972005 -0.186300 -0.000000 0.000000 0.000000 0.000000 1.000000</float_array>
        <technique_common>
          <accessor source="#mixamorig_LeftHandRing2-Matrix-animation-output-transform-array" count="53" stride="16">
            <param type="float4x4"/>
          </accessor>
        </technique_common>
      </source>
      <source id="mixamorig_LeftHandRing2-Interpolations">
        <Name_array id="mixamorig_LeftHandRing2-Interpolations-array" count="53">
 LINEAR LINEAR LINEAR LINEAR LINEAR LINEAR LINEAR LINEAR LINEAR LINEAR LINEAR
LINEAR LINEAR LINEAR LINEAR LINEAR LINEAR LINEAR LINEAR LINEAR LINEAR LINEAR LINEAR
LINEAR LINEAR LINEAR LINEAR LINEAR LINEAR LINEAR LINEAR LINEAR LINEAR LINEAR LINEAR
LINEAR LINEAR LINEAR LINEAR LINEAR LINEAR LINEAR LINEAR LINEAR LINEAR LINEAR LINEAR
LINEAR LINEAR LINEAR LINEAR LINEAR LINEAR</Name_array>
        <technique_common>
          <accessor source="#mixamorig_LeftHandRing2-Interpolations-array" count="53">
            <param type="name"/>
          </accessor>
        </technique_common>
      </source>
      <sampler id="mixamorig_LeftHandRing2-Matrix-animation-transform">
        <input semantic="INPUT" source="#mixamorig_LeftHandRing2-Matrix-animation-input"/>
        <input semantic="OUTPUT" source="#mixamorig_LeftHandRing2-Matrix-animation-output-transform"/>
        <input semantic="INTERPOLATION" source="#mixamorig_LeftHandRing2-Interpolations"/>
      </sampler>
      <channel source="#mixamorig_LeftHandRing2-Matrix-animation-transform" target="mixamorig_LeftHandRing2/matrix"/>
    </animation>
    <animation id="mixamorig_LeftHandRing3-anim" name="mixamorig_LeftHandRing3">
      <source id="mixamorig_LeftHandRing3-Matrix-animation-input">
        <float_array id="mixamorig_LeftHandRing3-Matrix-animation-input-array" count="53">

0.000000 0.033333 0.066667 0.100000 0.133333 0.166667 0.200000 0.233333 0.266667 0.300000 0.333333 0.366667 0.400000 0.433333 0.466667 0.500000
0.533333 0.566667 0.600000 0.633333 0.666667 0.700000 0.733333 0.766667 0.800000 0.833333 0.866667 0.900000 0.933333 0.966667 1.000000 1.033333
1.066667 1.100000 1.133333 1.166667 1.200000 1.233333 1.266667 1.300000 1.333333 1.366667 1.400000 1.433333 1.466667 1.500000 1.533333 1.566667
1.600000 1.633333 1.666667 1.700000 1.733333</float_array>
        <technique_common>
          <accessor source="#mixamorig_LeftHandRing3-Matrix-animation-input-array" count="53">
            <param name="TIME" type="float"/>
          </accessor>
        </technique_common>
      </source>
      <source id="mixamorig_LeftHandRing3-Matrix-animation-output-transform">
        <float_array id="mixamorig_LeftHandRing3-Matrix-animation-output-transform-array" count="848">

0.988498 0.117428 -0.095301 0.000000 -0.117428 0.198871 -0.972965 3.435600 -0.095301 0.972965 0.210373 -0.000000 0.000000 0.000000 0.000000 1.000000
0.988498 0.117428 -0.095301 0.000000 -0.117428 0.198871 -0.972965 3.435600 -0.095301 0.972965 0.210373 0.000000 0.000000 0.000000 0.000000 1.000000
0.988498 0.117428 -0.095301 0.000000 -0.117428 0.198871 -0.972965 3.435600 -0.095301 0.972965 0.210373 -0.000000 0.000000 0.000000 0.000000 1.000000
0.988498 0.117428 -0.095301 -0.000000 -0.117428 0.198871 -0.972965 3.435600 -0.095301 0.972965 0.210373 0.000000 0.000000 0.000000 0.000000 1.000000
0.988498 0.117428 -0.095301 0.000000 -0.117428 0.198871 -0.972965 3.435600 -0.095301 0.972965 0.210373 0.000000 0.000000 0.000000 0.000000 1.000000
0.988498 0.117428 -0.095301 0.000000 -0.117428 0.198871 -0.972965 3.435600 -0.095301 0.972965 0.210373 0.000000 0.000000 0.000000 0.000000 1.000000
0.988498 0.117428 -0.095301 0.000000 -0.117428 0.198871 -0.972965 3.435600 -0.095300 0.972965 0.210373 0.000000 0.000000 0.000000 0.000000 1.000000
0.988498 0.117428 -0.095300 0.000000 -0.117428 0.198871 -0.972965 3.435600 -0.095300 0.972965 0.210373 0.000000 0.000000 0.000000 0.000000 1.000000
0.988498 0.117428 -0.095301 0.000000 -0.117428 0.198871 -0.972965 3.435600 -0.095301 0.972965 0.210373 0.000000 0.000000 0.000000 0.000000 1.000000
0.988498 0.117428 -0.095301 0.000000 -0.117428 0.198871 -0.972965 3.435600 -0.095301 0.972965 0.210373 0.000000 0.000000 0.000000 0.000000 1.000000
0.988498 0.117428 -0.095301 -0.000000 -0.117428 0.198871 -0.972965 3.435600 -0.095300 0.972965 0.210373 0.000000 0.000000 0.000000 0.000000 1.000000
0.988498 0.117428 -0.095301 0.000000 -0.117428 0.198871 -0.972965 3.435600 -0.095301 0.972965 0.210373 -0.000000 0.000000 0.000000 0.000000 1.000000
0.988498 0.117428 -0.095301 -0.000000 -0.117428 0.198871 -0.972965 3.435600 -0.095301 0.972965 0.210373 0.000000 0.000000 0.000000 0.000000 1.000000
0.988498 0.117428 -0.095301 0.000000 -0.117428 0.198871 -0.972965 3.435600 -0.095301 0.972965 0.210373 0.000000 0.000000 0.000000 0.000000 1.000000
0.988498 0.117428 -0.095300 0.000000 -0.117428 0.198872 -0.972965 3.435600 -0.095300 0.972965 0.210373 0.000000 0.000000 0.000000 0.000000 1.000000
0.988498 0.117428 -0.095301 0.000000 -0.117428 0.198871 -0.972965 3.435600 -0.095301 0.972965 0.210373 0.000000 0.000000 0.000000 0.000000 1.000000
0.988498 0.117428 -0.095300 -0.000000 -0.117428 0.198871 -0.972965 3.435600 -0.095301 0.972965 0.210373 0.000000 0.000000 0.000000 0.000000 1.000000
0.988498 0.117428 -0.095301 -0.000000 -0.117428 0.198871 -0.972965 3.435600 -0.095300 0.972965 0.210373 0.000000 0.000000 0.000000 0.000000 1.000000
0.988498 0.117428 -0.095301 0.000000 -0.117428 0.198871 -0.972965 3.435600 -0.095301 0.972965 0.210373 0.000000 0.000000 0.000000 0.000000 1.000000
0.988498 0.117428 -0.095301 -0.000000 -0.117428 0.198872 -0.972965 3.435600 -0.095301 0.972965 0.210373 0.000000 0.000000 0.000000 0.000000 1.000000
0.988498 0.117428 -0.095301 -0.000000 -0.117428 0.198871 -0.972965 3.435600 -0.095301 0.972965 0.210373 0.000000 0.000000 0.000000 0.000000 1.000000
0.988498 0.117428 -0.095301 0.000000 -0.117428 0.198871 -0.972965 3.435600 -0.095301 0.972965 0.210373 0.000000 0.000000 0.000000 0.000000 1.000000
0.988498 0.117428 -0.095301 0.000000 -0.117428 0.198871 -0.972965 3.435600 -0.095301 0.972965 0.210373 0.000000 0.000000 0.000000 0.000000 1.000000
0.988498 0.117428 -0.095301 0.000000 -0.117428 0.198871 -0.972965 3.435600 -0.095301 0.972965 0.210373 0.000000 0.000000 0.000000 0.000000 1.000000
0.988498 0.117428 -0.095301 0.000000 -0.117428 0.198871 -0.972965 3.435600 -0.095301 0.972965 0.210373 0.000000 0.000000 0.000000 0.000000 1.000000
0.988498 0.117428 -0.095301 -0.000000 -0.117428 0.198871 -0.972965 3.435600 -0.095301 0.972965 0.210373 0.000000 0.000000 0.000000 0.000000 1.000000
0.988498 0.117428 -0.095301 0.000000 -0.117428 0.198871 -0.972965 3.435600 -0.095301 0.972965 0.210373 -0.000000 0.000000 0.000000 0.000000 1.000000
0.988498 0.117428 -0.095301 0.000000 -0.117428 0.198871 -0.972965 3.435600 -0.095301 0.972965 0.210373 0.000000 0.000000 0.000000 0.000000 1.000000
0.988498 0.117428 -0.095301 -0.000000 -0.117428 0.198871 -0.972965 3.435600 -0.095301 0.972965 0.210373 0.000000 0.000000 0.000000 0.000000 1.000000
0.988498 0.117428 -0.095301 -0.000000 -0.117428 0.198871 -0.972965 3.435600 -0.095301 0.972965 0.210373 0.000000 0.000000 0.000000 0.000000 1.000000
0.988498 0.117428 -0.095301 -0.000000 -0.117428 0.198871 -0.972965 3.435600 -0.095301 0.972965 0.210373 0.000000 0.000000 0.000000 0.000000 1.000000
0.988498 0.117428 -0.095301 0.000000 -0.117428 0.198871 -0.972965 3.435600 -0.095301 0.972965 0.210373 0.000000 0.000000 0.000000 0.000000 1.000000
0.988498 0.117428 -0.095301 0.000000 -0.117428 0.198871 -0.972965 3.435600 -0.095301 0.972965 0.210373 0.000000 0.000000 0.000000 0.000000 1.000000
0.988498 0.117428 -0.095301 -0.000000 -0.117428 0.198871 -0.972965 3.435600 -0.095301 0.972965 0.210373 0.000000 0.000000 0.000000 0.000000 1.000000
0.988498 0.117428 -0.095301 0.000000 -0.117428 0.198871 -0.972965 3.435600 -0.095301 0.972965 0.210373 0.000000 0.000000 0.000000 0.000000 1.000000
0.988498 0.117428 -0.095301 0.000000 -0.117428 0.198871 -0.972965 3.435600 -0.095301 0.972965 0.210373 -0.000000 0.000000 0.000000 0.000000 1.000000
0.988498 0.117428 -0.095301 -0.000000 -0.117428 0.198871 -0.972965 3.435600 -0.095301 0.972965 0.210373 0.000000 0.000000 0.000000 0.000000 1.000000
0.988498 0.117428 -0.095301 0.000000 -0.117428 0.198871 -0.972965 3.435600 -0.095301 0.972965 0.210373 0.000000 0.000000 0.000000 0.000000 1.000000
0.988498 0.117428 -0.095301 -0.000000 -0.117428 0.198871 -0.972965 3.435600 -0.095301 0.972965 0.210373 -0.000000 0.000000 0.000000 0.000000 1.000000
0.988498 0.117428 -0.095301 -0.000000 -0.117428 0.198871 -0.972965 3.435600 -0.095301 0.972965 0.210373 0.000000 0.000000 0.000000 0.000000 1.000000
0.988498 0.117428 -0.095301 0.000000 -0.117428 0.198871 -0.972965 3.435600 -0.095301 0.972965 0.210373 -0.000000 0.000000 0.000000 0.000000 1.000000
0.988498 0.117428 -0.095301 0.000000 -0.117428 0.198871 -0.972965 3.435600 -0.095300 0.972965 0.210373 0.000000 0.000000 0.000000 0.000000 1.000000
0.988498 0.117428 -0.095301 0.000000 -0.117428 0.198871 -0.972965 3.435600 -0.095301 0.972965 0.210373 -0.000000 0.000000 0.000000 0.000000 1.000000
0.988498 0.117428 -0.095301 0.000000 -0.117428 0.198871 -0.972965 3.435600 -0.095301 0.972965 0.210373 -0.000000 0.000000 0.000000 0.000000 1.000000
0.988498 0.117428 -0.095301 0.000000 -0.117428 0.198871 -0.972965 3.435600 -0.095301 0.972965 0.210373 0.000000 0.000000 0.000000 0.000000 1.000000
0.988498 0.117428 -0.095301 -0.000000 -0.117428 0.198871 -0.972965 3.435600 -0.095301 0.972965 0.210373 0.000000 0.000000 0.000000 0.000000 1.000000
0.988498 0.117428 -0.095301 -0.000000 -0.117428 0.198871 -0.972965 3.435600 -0.095301 0.972965 0.210373 0.000000 0.000000 0.000000 0.000000 1.000000
0.988498 0.117428 -0.095301 -0.000000 -0.117428 0.198871 -0.972965 3.435600 -0.095301 0.972965 0.210373 0.000000 0.000000 0.000000 0.000000 1.000000
0.988498 0.117428 -0.095301 0.000000 -0.117428 0.198871 -0.972965 3.435600 -0.095301 0.972965 0.210373 0.000000 0.000000 0.000000 0.000000 1.000000
0.988498 0.117428 -0.095301 0.000000 -0.117428 0.198871 -0.972965 3.435600 -0.095301 0.972965 0.210373 -0.000000 0.000000 0.000000 0.000000 1.000000
0.988498 0.117428 -0.095301 0.000000 -0.117428 0.198871 -0.972965 3.435600 -0.095301 0.972965 0.210373 0.000000 0.000000 0.000000 0.000000 1.000000
0.988498 0.117428 -0.095301 -0.000000 -0.117428 0.198871 -0.972965 3.435600 -0.095301 0.972965 0.210373 -0.000000 0.000000 0.000000 0.000000 1.000000
0.988498 0.117428 -0.095301 -0.000000 -0.117428 0.198871 -0.972965 3.435600 -0.095301 0.972965 0.210373 0.000000 0.000000 0.000000 0.000000 1.000000</float_array>
        <technique_common>
          <accessor source="#mixamorig_LeftHandRing3-Matrix-animation-output-transform-array" count="53" stride="16">
            <param type="float4x4"/>
          </accessor>
        </technique_common>
      </source>
      <source id="mixamorig_LeftHandRing3-Interpolations">
        <Name_array id="mixamorig_LeftHandRing3-Interpolations-array" count="53">
 LINEAR LINEAR LINEAR LINEAR LINEAR LINEAR LINEAR LINEAR LINEAR LINEAR LINEAR
LINEAR LINEAR LINEAR LINEAR LINEAR LINEAR LINEAR LINEAR LINEAR LINEAR LINEAR LINEAR
LINEAR LINEAR LINEAR LINEAR LINEAR LINEAR LINEAR LINEAR LINEAR LINEAR LINEAR LINEAR
LINEAR LINEAR LINEAR LINEAR LINEAR LINEAR LINEAR LINEAR LINEAR LINEAR LINEAR LINEAR
LINEAR LINEAR LINEAR LINEAR LINEAR LINEAR</Name_array>
        <technique_common>
          <accessor source="#mixamorig_LeftHandRing3-Interpolations-array" count="53">
            <param type="name"/>
          </accessor>
        </technique_common>
      </source>
      <sampler id="mixamorig_LeftHandRing3-Matrix-animation-transform">
        <input semantic="INPUT" source="#mixamorig_LeftHandRing3-Matrix-animation-input"/>
        <input semantic="OUTPUT" source="#mixamorig_LeftHandRing3-Matrix-animation-output-transform"/>
        <input semantic="INTERPOLATION" source="#mixamorig_LeftHandRing3-Interpolations"/>
      </sampler>
      <channel source="#mixamorig_LeftHandRing3-Matrix-animation-transform" target="mixamorig_LeftHandRing3/matrix"/>
    </animation>
    <animation id="mixamorig_LeftHandPinky1-anim" name="mixamorig_LeftHandPinky1">
      <source id="mixamorig_LeftHandPinky1-Matrix-animation-input">
        <float_array id="mixamorig_LeftHandPinky1-Matrix-animation-input-array" count="53">

0.000000 0.033333 0.066667 0.100000 0.133333 0.166667 0.200000 0.233333 0.266667 0.300000 0.333333 0.366667 0.400000 0.433333 0.466667 0.500000
0.533333 0.566667 0.600000 0.633333 0.666667 0.700000 0.733333 0.766667 0.800000 0.833333 0.866667 0.900000 0.933333 0.966667 1.000000 1.033333
1.066667 1.100000 1.133333 1.166667 1.200000 1.233333 1.266667 1.300000 1.333333 1.366667 1.400000 1.433333 1.466667 1.500000 1.533333 1.566667
1.600000 1.633333 1.666667 1.700000 1.733333</float_array>
        <technique_common>
          <accessor source="#mixamorig_LeftHandPinky1-Matrix-animation-input-array" count="53">
            <param name="TIME" type="float"/>
          </accessor>
        </technique_common>
      </source>
      <source id="mixamorig_LeftHandPinky1-Matrix-animation-output-transform">
        <float_array id="mixamorig_LeftHandPinky1-Matrix-animation-output-transform-array" count="848">

0.983489 0.154773 -0.093781 6.518400 -0.125005 0.206301 -0.970471 11.479300 -0.130856 0.966170 0.222242 0.316100 0.000000 0.000000 0.000000 1.000000
0.983489 0.154773 -0.093781 6.518400 -0.125005 0.206301 -0.970471 11.479300 -0.130856 0.966170 0.222242 0.316100 0.000000 0.000000 0.000000 1.000000
0.983489 0.154773 -0.093781 6.518400 -0.125005 0.206301 -0.970471 11.479300 -0.130856 0.966170 0.222242 0.316100 0.000000 0.000000 0.000000 1.000000
0.983489 0.154773 -0.093781 6.518400 -0.125005 0.206301 -0.970471 11.479300 -0.130855 0.966170 0.222242 0.316100 0.000000 0.000000 0.000000 1.000000
0.983489 0.154773 -0.093781 6.518400 -0.125005 0.206301 -0.970471 11.479300 -0.130856 0.966170 0.222242 0.316100 0.000000 0.000000 0.000000 1.000000
0.983489 0.154773 -0.093781 6.518400 -0.125005 0.206301 -0.970471 11.479300 -0.130856 0.966170 0.222242 0.316100 0.000000 0.000000 0.000000 1.000000
0.983489 0.154773 -0.093781 6.518400 -0.125005 0.206301 -0.970471 11.479300 -0.130855 0.966170 0.222242 0.316100 0.000000 0.000000 0.000000 1.000000
0.983489 0.154773 -0.093781 6.518400 -0.125005 0.206301 -0.970471 11.479300 -0.130856 0.966170 0.222242 0.316100 0.000000 0.000000 0.000000 1.000000
0.983489 0.154773 -0.093781 6.518400 -0.125005 0.206301 -0.970471 11.479300 -0.130856 0.966170 0.222242 0.316100 0.000000 0.000000 0.000000 1.000000
0.983489 0.154773 -0.093781 6.518400 -0.125005 0.206301 -0.970471 11.479300 -0.130856 0.966170 0.222242 0.316100 0.000000 0.000000 0.000000 1.000000
0.983489 0.154773 -0.093781 6.518400 -0.125005 0.206301 -0.970471 11.479300 -0.130856 0.966170 0.222242 0.316100 0.000000 0.000000 0.000000 1.000000
0.983489 0.154773 -0.093781 6.518400 -0.125005 0.206301 -0.970471 11.479300 -0.130856 0.966170 0.222242 0.316100 0.000000 0.000000 0.000000 1.000000
0.983489 0.154773 -0.093781 6.518400 -0.125005 0.206300 -0.970471 11.479300 -0.130856 0.966171 0.222241 0.316100 0.000000 0.000000 0.000000 1.000000
0.983489 0.154773 -0.093781 6.518400 -0.125005 0.206301 -0.970471 11.479300 -0.130856 0.966170 0.222242 0.316100 0.000000 0.000000 0.000000 1.000000
0.983489 0.154773 -0.093781 6.518400 -0.125005 0.206300 -0.970471 11.479300 -0.130856 0.966171 0.222242 0.316100 0.000000 0.000000 0.000000 1.000000
0.983489 0.154773 -0.093781 6.518400 -0.125005 0.206300 -0.970471 11.479300 -0.130856 0.966171 0.222241 0.316100 0.000000 0.000000 0.000000 1.000000
0.983489 0.154773 -0.093781 6.518400 -0.125005 0.206300 -0.970471 11.479300 -0.130856 0.966171 0.222241 0.316100 0.000000 0.000000 0.000000 1.000000
0.983489 0.154773 -0.093781 6.518400 -0.125005 0.206301 -0.970471 11.479300 -0.130856 0.966170 0.222242 0.316100 0.000000 0.000000 0.000000 1.000000
0.983489 0.154773 -0.093781 6.518400 -0.125005 0.206301 -0.970471 11.479300 -0.130856 0.966170 0.222242 0.316100 0.000000 0.000000 0.000000 1.000000
0.983489 0.154773 -0.093781 6.518400 -0.125005 0.206301 -0.970471 11.479300 -0.130856 0.966170 0.222242 0.316100 0.000000 0.000000 0.000000 1.000000
0.983489 0.154773 -0.093781 6.518400 -0.125005 0.206301 -0.970471 11.479300 -0.130856 0.966170 0.222242 0.316100 0.000000 0.000000 0.000000 1.000000
0.983489 0.154773 -0.093781 6.518400 -0.125005 0.206301 -0.970471 11.479300 -0.130856 0.966170 0.222242 0.316100 0.000000 0.000000 0.000000 1.000000
0.983489 0.154773 -0.093781 6.518400 -0.125006 0.206301 -0.970471 11.479300 -0.130856 0.966170 0.222242 0.316100 0.000000 0.000000 0.000000 1.000000
0.983489 0.154773 -0.093781 6.518400 -0.125005 0.206301 -0.970471 11.479300 -0.130855 0.966170 0.222242 0.316100 0.000000 0.000000 0.000000 1.000000
0.983489 0.154773 -0.093781 6.518400 -0.125005 0.206300 -0.970471 11.479300 -0.130855 0.966171 0.222242 0.316100 0.000000 0.000000 0.000000 1.000000
0.983489 0.154773 -0.093781 6.518400 -0.125005 0.206301 -0.970471 11.479300 -0.130855 0.966171 0.222242 0.316100 0.000000 0.000000 0.000000 1.000000
0.983489 0.154773 -0.093781 6.518400 -0.125005 0.206301 -0.970471 11.479300 -0.130856 0.966170 0.222242 0.316100 0.000000 0.000000 0.000000 1.000000
0.983489 0.154773 -0.093781 6.518400 -0.125005 0.206301 -0.970471 11.479300 -0.130856 0.966170 0.222242 0.316100 0.000000 0.000000 0.000000 1.000000
0.983489 0.154773 -0.093781 6.518400 -0.125005 0.206301 -0.970471 11.479300 -0.130855 0.966171 0.222242 0.316100 0.000000 0.000000 0.000000 1.000000
0.983489 0.154773 -0.093781 6.518400 -0.125005 0.206300 -0.970471 11.479300 -0.130856 0.966170 0.222242 0.316100 0.000000 0.000000 0.000000 1.000000
0.983489 0.154773 -0.093781 6.518400 -0.125005 0.206300 -0.970471 11.479300 -0.130856 0.966171 0.222242 0.316100 0.000000 0.000000 0.000000 1.000000
0.983489 0.154773 -0.093781 6.518400 -0.125005 0.206301 -0.970471 11.479300 -0.130856 0.966170 0.222242 0.316100 0.000000 0.000000 0.000000 1.000000
0.983489 0.154773 -0.093781 6.518400 -0.125005 0.206301 -0.970471 11.479300 -0.130856 0.966170 0.222242 0.316100 0.000000 0.000000 0.000000 1.000000
0.983489 0.154773 -0.093781 6.518400 -0.125005 0.206301 -0.970471 11.479300 -0.130856 0.966170 0.222242 0.316100 0.000000 0.000000 0.000000 1.000000
0.983489 0.154773 -0.093781 6.518400 -0.125005 0.206301 -0.970471 11.479300 -0.130856 0.966170 0.222242 0.316100 0.000000 0.000000 0.000000 1.000000
0.983489 0.154773 -0.093781 6.518400 -0.125005 0.206301 -0.970471 11.479300 -0.130856 0.966170 0.222242 0.316100 0.000000 0.000000 0.000000 1.000000
0.983489 0.154773 -0.093781 6.518400 -0.125005 0.206301 -0.970471 11.479300 -0.130855 0.966170 0.222242 0.316100 0.000000 0.000000 0.000000 1.000000
0.983489 0.154773 -0.093781 6.518400 -0.125005 0.206301 -0.970471 11.479300 -0.130856 0.966170 0.222242 0.316100 0.000000 0.000000 0.000000 1.000000
0.983489 0.154773 -0.093781 6.518400 -0.125005 0.206301 -0.970471 11.479300 -0.130855 0.966170 0.222242 0.316100 0.000000 0.000000 0.000000 1.000000
0.983489 0.154773 -0.093781 6.518400 -0.125005 0.206301 -0.970471 11.479300 -0.130855 0.966170 0.222242 0.316100 0.000000 0.000000 0.000000 1.000000
0.983489 0.154773 -0.093781 6.518400 -0.125005 0.206301 -0.970471 11.479300 -0.130855 0.966170 0.222242 0.316100 0.000000 0.000000 0.000000 1.000000
0.983489 0.154773 -0.093781 6.518400 -0.125005 0.206301 -0.970471 11.479300 -0.130856 0.966170 0.222242 0.316100 0.000000 0.000000 0.000000 1.000000
0.983489 0.154773 -0.093781 6.518400 -0.125005 0.206301 -0.970471 11.479300 -0.130856 0.966170 0.222242 0.316100 0.000000 0.000000 0.000000 1.000000
0.983489 0.154773 -0.093781 6.518400 -0.125005 0.206301 -0.970471 11.479300 -0.130856 0.966170 0.222242 0.316100 0.000000 0.000000 0.000000 1.000000
0.983489 0.154773 -0.093781 6.518400 -0.125005 0.206300 -0.970471 11.479300 -0.130856 0.966171 0.222241 0.316100 0.000000 0.000000 0.000000 1.000000
0.983489 0.154773 -0.093781 6.518400 -0.125005 0.206301 -0.970471 11.479300 -0.130855 0.966170 0.222242 0.316100 0.000000 0.000000 0.000000 1.000000
0.983489 0.154773 -0.093781 6.518400 -0.125005 0.206300 -0.970471 11.479300 -0.130856 0.966170 0.222242 0.316100 0.000000 0.000000 0.000000 1.000000
0.983489 0.154773 -0.093781 6.518400 -0.125006 0.206301 -0.970471 11.479300 -0.130856 0.966170 0.222242 0.316100 0.000000 0.000000 0.000000 1.000000
0.983489 0.154773 -0.093781 6.518400 -0.125005 0.206300 -0.970471 11.479300 -0.130856 0.966170 0.222242 0.316100 0.000000 0.000000 0.000000 1.000000
0.983489 0.154773 -0.093781 6.518400 -0.125005 0.206301 -0.970471 11.479300 -0.130856 0.966170 0.222242 0.316100 0.000000 0.000000 0.000000 1.000000
0.983489 0.154773 -0.093781 6.518400 -0.125005 0.206300 -0.970471 11.479300 -0.130856 0.966171 0.222242 0.316100 0.000000 0.000000 0.000000 1.000000
0.983489 0.154773 -0.093781 6.518400 -0.125005 0.206301 -0.970471 11.479300 -0.130855 0.966170 0.222242 0.316100 0.000000 0.000000 0.000000 1.000000
0.983489 0.154773 -0.093781 6.518400 -0.125005 0.206301 -0.970471 11.479300 -0.130855 0.966170 0.222242 0.316100 0.000000 0.000000 0.000000 1.000000</float_array>
        <technique_common>
          <accessor source="#mixamorig_LeftHandPinky1-Matrix-animation-output-transform-array" count="53" stride="16">
            <param type="float4x4"/>
          </accessor>
        </technique_common>
      </source>
      <source id="mixamorig_LeftHandPinky1-Interpolations">
        <Name_array id="mixamorig_LeftHandPinky1-Interpolations-array" count="53">
 LINEAR LINEAR LINEAR LINEAR LINEAR LINEAR LINEAR LINEAR LINEAR LINEAR LINEAR
LINEAR LINEAR LINEAR LINEAR LINEAR LINEAR LINEAR LINEAR LINEAR LINEAR LINEAR LINEAR
LINEAR LINEAR LINEAR LINEAR LINEAR LINEAR LINEAR LINEAR LINEAR LINEAR LINEAR LINEAR
LINEAR LINEAR LINEAR LINEAR LINEAR LINEAR LINEAR LINEAR LINEAR LINEAR LINEAR LINEAR
LINEAR LINEAR LINEAR LINEAR LINEAR LINEAR</Name_array>
        <technique_common>
          <accessor source="#mixamorig_LeftHandPinky1-Interpolations-array" count="53">
            <param type="name"/>
          </accessor>
        </technique_common>
      </source>
      <sampler id="mixamorig_LeftHandPinky1-Matrix-animation-transform">
        <input semantic="INPUT" source="#mixamorig_LeftHandPinky1-Matrix-animation-input"/>
        <input semantic="OUTPUT" source="#mixamorig_LeftHandPinky1-Matrix-animation-output-transform"/>
        <input semantic="INTERPOLATION" source="#mixamorig_LeftHandPinky1-Interpolations"/>
      </sampler>
      <channel source="#mixamorig_LeftHandPinky1-Matrix-animation-transform" target="mixamorig_LeftHandPinky1/matrix"/>
    </animation>
    <animation id="mixamorig_LeftHandPinky2-anim" name="mixamorig_LeftHandPinky2">
      <source id="mixamorig_LeftHandPinky2-Matrix-animation-input">
        <float_array id="mixamorig_LeftHandPinky2-Matrix-animation-input-array" count="53">

0.000000 0.033333 0.066667 0.100000 0.133333 0.166667 0.200000 0.233333 0.266667 0.300000 0.333333 0.366667 0.400000 0.433333 0.466667 0.500000
0.533333 0.566667 0.600000 0.633333 0.666667 0.700000 0.733333 0.766667 0.800000 0.833333 0.866667 0.900000 0.933333 0.966667 1.000000 1.033333
1.066667 1.100000 1.133333 1.166667 1.200000 1.233333 1.266667 1.300000 1.333333 1.366667 1.400000 1.433333 1.466667 1.500000 1.533333 1.566667
1.600000 1.633333 1.666667 1.700000 1.733333</float_array>
        <technique_common>
          <accessor source="#mixamorig_LeftHandPinky2-Matrix-animation-input-array" count="53">
            <param name="TIME" type="float"/>
          </accessor>
        </technique_common>
      </source>
      <source id="mixamorig_LeftHandPinky2-Matrix-animation-output-transform">
        <float_array id="mixamorig_LeftHandPinky2-Matrix-animation-output-transform-array" count="848">

0.988530 0.131660 -0.073985 0.000000 -0.046292 -0.202153 -0.978259 2.474700 -0.143753 0.970464 -0.193740 0.000000 0.000000 0.000000 0.000000 1.000000
0.988530 0.131660 -0.073985 -0.000000 -0.046292 -0.202153 -0.978259 2.474700 -0.143754 0.970464 -0.193740 0.000000 0.000000 0.000000 0.000000 1.000000
0.988530 0.131660 -0.073985 0.000000 -0.046292 -0.202153 -0.978259 2.474700 -0.143754 0.970464 -0.193740 0.000000 0.000000 0.000000 0.000000 1.000000
0.988530 0.131659 -0.073985 0.000000 -0.046292 -0.202153 -0.978259 2.474700 -0.143753 0.970464 -0.193740 -0.000000 0.000000 0.000000 0.000000 1.000000
0.988530 0.131660 -0.073985 0.000000 -0.046292 -0.202153 -0.978259 2.474700 -0.143754 0.970464 -0.193740 0.000000 0.000000 0.000000 0.000000 1.000000
0.988530 0.131659 -0.073985 -0.000000 -0.046292 -0.202153 -0.978259 2.474700 -0.143753 0.970464 -0.193740 0.000000 0.000000 0.000000 0.000000 1.000000
0.988530 0.131660 -0.073985 -0.000000 -0.046292 -0.202153 -0.978259 2.474700 -0.143753 0.970464 -0.193740 0.000000 0.000000 0.000000 0.000000 1.000000
0.988530 0.131660 -0.073985 0.000000 -0.046292 -0.202153 -0.978259 2.474700 -0.143754 0.970464 -0.193739 0.000000 0.000000 0.000000 0.000000 1.000000
0.988530 0.131660 -0.073985 -0.000000 -0.046292 -0.202153 -0.978259 2.474700 -0.143754 0.970464 -0.193739 0.000000 0.000000 0.000000 0.000000 1.000000
0.988530 0.131660 -0.073985 -0.000000 -0.046292 -0.202153 -0.978259 2.474700 -0.143754 0.970464 -0.193739 0.000000 0.000000 0.000000 0.000000 1.000000
0.988530 0.131660 -0.073985 0.000000 -0.046292 -0.202153 -0.978259 2.474700 -0.143754 0.970464 -0.193739 0.000000 0.000000 0.000000 0.000000 1.000000
0.988530 0.131660 -0.073985 -0.000000 -0.046292 -0.202153 -0.978259 2.474700 -0.143754 0.970464 -0.193739 0.000000 0.000000 0.000000 0.000000 1.000000
0.988530 0.131660 -0.073985 -0.000000 -0.046292 -0.202153 -0.978259 2.474700 -0.143754 0.970464 -0.193740 0.000000 0.000000 0.000000 0.000000 1.000000
0.988530 0.131660 -0.073985 0.000000 -0.046292 -0.202153 -0.978259 2.474700 -0.143754 0.970464 -0.193739 0.000000 0.000000 0.000000 0.000000 1.000000
0.988530 0.131660 -0.073985 -0.000000 -0.046292 -0.202153 -0.978259 2.474700 -0.143754 0.970464 -0.193739 -0.000000 0.000000 0.000000 0.000000 1.000000
0.988530 0.131660 -0.073985 0.000000 -0.046292 -0.202153 -0.978259 2.474700 -0.143754 0.970464 -0.193740 0.000000 0.000000 0.000000 0.000000 1.000000
0.988530 0.131660 -0.073985 -0.000000 -0.046292 -0.202153 -0.978259 2.474700 -0.143754 0.970464 -0.193739 0.000000 0.000000 0.000000 0.000000 1.000000
0.988530 0.131660 -0.073985 0.000000 -0.046292 -0.202153 -0.978259 2.474700 -0.143754 0.970464 -0.193740 -0.000000 0.000000 0.000000 0.000000 1.000000
0.988530 0.131660 -0.073985 0.000000 -0.046292 -0.202153 -0.978259 2.474700 -0.143754 0.970464 -0.193740 0.000000 0.000000 0.000000 0.000000 1.000000
0.988530 0.131660 -0.073985 0.000000 -0.046292 -0.202153 -0.978259 2.474700 -0.143754 0.970464 -0.193740 0.000000 0.000000 0.000000 0.000000 1.000000
0.988530 0.131660 -0.073985 0.000000 -0.046292 -0.202153 -0.978259 2.474700 -0.143753 0.970464 -0.193740 0.000000 0.000000 0.000000 0.000000 1.000000
0.988530 0.131660 -0.073985 0.000000 -0.046292 -0.202153 -0.978259 2.474700 -0.143754 0.970464 -0.193740 0.000000 0.000000 0.000000 0.000000 1.000000
0.988530 0.131660 -0.073985 -0.000000 -0.046292 -0.202153 -0.978259 2.474700 -0.143754 0.970464 -0.193740 0.000000 0.000000 0.000000 0.000000 1.000000
0.988530 0.131660 -0.073985 -0.000000 -0.046292 -0.202153 -0.978259 2.474700 -0.143754 0.970464 -0.193740 -0.000000 0.000000 0.000000 0.000000 1.000000
0.988530 0.131660 -0.073985 -0.000000 -0.046292 -0.202153 -0.978259 2.474700 -0.143754 0.970464 -0.193740 0.000000 0.000000 0.000000 0.000000 1.000000
0.988530 0.131660 -0.073985 -0.000000 -0.046292 -0.202153 -0.978259 2.474700 -0.143754 0.970464 -0.193739 0.000000 0.000000 0.000000 0.000000 1.000000
0.988530 0.131660 -0.073985 -0.000000 -0.046292 -0.202153 -0.978259 2.474700 -0.143754 0.970464 -0.193740 -0.000000 0.000000 0.000000 0.000000 1.000000
0.988530 0.131660 -0.073985 -0.000000 -0.046292 -0.202153 -0.978259 2.474700 -0.143754 0.970464 -0.193740 0.000000 0.000000 0.000000 0.000000 1.000000
0.988530 0.131660 -0.073985 0.000000 -0.046292 -0.202153 -0.978259 2.474700 -0.143754 0.970464 -0.193740 0.000000 0.000000 0.000000 0.000000 1.000000
0.988530 0.131660 -0.073985 0.000000 -0.046292 -0.202153 -0.978259 2.474700 -0.143754 0.970464 -0.193739 0.000000 0.000000 0.000000 0.000000 1.000000
0.988530 0.131660 -0.073985 0.000000 -0.046292 -0.202152 -0.978259 2.474700 -0.143753 0.970464 -0.193739 0.000000 0.000000 0.000000 0.000000 1.000000
0.988530 0.131660 -0.073985 -0.000000 -0.046292 -0.202153 -0.978259 2.474700 -0.143754 0.970464 -0.193740 0.000000 0.000000 0.000000 0.000000 1.000000
0.988530 0.131660 -0.073985 0.000000 -0.046292 -0.202153 -0.978259 2.474700 -0.143753 0.970464 -0.193740 0.000000 0.000000 0.000000 0.000000 1.000000
0.988530 0.131660 -0.073985 0.000000 -0.046292 -0.202153 -0.978259 2.474700 -0.143754 0.970464 -0.193739 0.000000 0.000000 0.000000 0.000000 1.000000
0.988530 0.131660 -0.073985 0.000000 -0.046292 -0.202153 -0.978259 2.474700 -0.143754 0.970464 -0.193740 0.000000 0.000000 0.000000 0.000000 1.000000
0.988530 0.131660 -0.073985 0.000000 -0.046292 -0.202153 -0.978259 2.474700 -0.143753 0.970464 -0.193740 0.000000 0.000000 0.000000 0.000000 1.000000
0.988530 0.131660 -0.073985 0.000000 -0.046292 -0.202153 -0.978259 2.474700 -0.143754 0.970464 -0.193740 -0.000000 0.000000 0.000000 0.000000 1.000000
0.988530 0.131660 -0.073985 0.000000 -0.046292 -0.202153 -0.978259 2.474700 -0.143754 0.970464 -0.193740 -0.000000 0.000000 0.000000 0.000000 1.000000
0.988530 0.131660 -0.073985 0.000000 -0.046292 -0.202153 -0.978259 2.474700 -0.143754 0.970464 -0.193740 0.000000 0.000000 0.000000 0.000000 1.000000
0.988530 0.131659 -0.073985 -0.000000 -0.046292 -0.202153 -0.978259 2.474700 -0.143753 0.970464 -0.193740 0.000000 0.000000 0.000000 0.000000 1.000000
0.988530 0.131660 -0.073985 0.000000 -0.046292 -0.202153 -0.978259 2.474700 -0.143753 0.970464 -0.193739 -0.000000 0.000000 0.000000 0.000000 1.000000
0.988530 0.131660 -0.073985 -0.000000 -0.046292 -0.202153 -0.978259 2.474700 -0.143754 0.970464 -0.193740 0.000000 0.000000 0.000000 0.000000 1.000000
0.988530 0.131659 -0.073985 -0.000000 -0.046292 -0.202153 -0.978259 2.474700 -0.143753 0.970464 -0.193739 -0.000000 0.000000 0.000000 0.000000 1.000000
0.988530 0.131660 -0.073985 -0.000000 -0.046292 -0.202153 -0.978259 2.474700 -0.143754 0.970464 -0.193740 0.000000 0.000000 0.000000 0.000000 1.000000
0.988530 0.131660 -0.073985 0.000000 -0.046292 -0.202153 -0.978259 2.474700 -0.143754 0.970464 -0.193739 0.000000 0.000000 0.000000 0.000000 1.000000
0.988530 0.131659 -0.073985 0.000000 -0.046292 -0.202153 -0.978259 2.474700 -0.143753 0.970464 -0.193740 0.000000 0.000000 0.000000 0.000000 1.000000
0.988530 0.131660 -0.073985 -0.000000 -0.046292 -0.202153 -0.978259 2.474700 -0.143754 0.970464 -0.193740 0.000000 0.000000 0.000000 0.000000 1.000000
0.988530 0.131660 -0.073985 0.000000 -0.046292 -0.202153 -0.978259 2.474700 -0.143754 0.970464 -0.193740 0.000000 0.000000 0.000000 0.000000 1.000000
0.988530 0.131660 -0.073985 -0.000000 -0.046292 -0.202153 -0.978259 2.474700 -0.143754 0.970464 -0.193740 -0.000000 0.000000 0.000000 0.000000 1.000000
0.988530 0.131660 -0.073985 0.000000 -0.046292 -0.202153 -0.978259 2.474700 -0.143754 0.970464 -0.193740 0.000000 0.000000 0.000000 0.000000 1.000000
0.988530 0.131660 -0.073985 -0.000000 -0.046292 -0.202153 -0.978259 2.474700 -0.143754 0.970464 -0.193740 0.000000 0.000000 0.000000 0.000000 1.000000
0.988530 0.131660 -0.073985 0.000000 -0.046292 -0.202153 -0.978259 2.474700 -0.143754 0.970464 -0.193740 0.000000 0.000000 0.000000 0.000000 1.000000
0.988530 0.131660 -0.073985 0.000000 -0.046292 -0.202153 -0.978259 2.474700 -0.143754 0.970464 -0.193740 0.000000 0.000000 0.000000 0.000000 1.000000</float_array>
        <technique_common>
          <accessor source="#mixamorig_LeftHandPinky2-Matrix-animation-output-transform-array" count="53" stride="16">
            <param type="float4x4"/>
          </accessor>
        </technique_common>
      </source>
      <source id="mixamorig_LeftHandPinky2-Interpolations">
        <Name_array id="mixamorig_LeftHandPinky2-Interpolations-array" count="53">
 LINEAR LINEAR LINEAR LINEAR LINEAR LINEAR LINEAR LINEAR LINEAR LINEAR LINEAR
LINEAR LINEAR LINEAR LINEAR LINEAR LINEAR LINEAR LINEAR LINEAR LINEAR LINEAR LINEAR
LINEAR LINEAR LINEAR LINEAR LINEAR LINEAR LINEAR LINEAR LINEAR LINEAR LINEAR LINEAR
LINEAR LINEAR LINEAR LINEAR LINEAR LINEAR LINEAR LINEAR LINEAR LINEAR LINEAR LINEAR
LINEAR LINEAR LINEAR LINEAR LINEAR LINEAR</Name_array>
        <technique_common>
          <accessor source="#mixamorig_LeftHandPinky2-Interpolations-array" count="53">
            <param type="name"/>
          </accessor>
        </technique_common>
      </source>
      <sampler id="mixamorig_LeftHandPinky2-Matrix-animation-transform">
        <input semantic="INPUT" source="#mixamorig_LeftHandPinky2-Matrix-animation-input"/>
        <input semantic="OUTPUT" source="#mixamorig_LeftHandPinky2-Matrix-animation-output-transform"/>
        <input semantic="INTERPOLATION" source="#mixamorig_LeftHandPinky2-Interpolations"/>
      </sampler>
      <channel source="#mixamorig_LeftHandPinky2-Matrix-animation-transform" target="mixamorig_LeftHandPinky2/matrix"/>
    </animation>
    <animation id="mixamorig_LeftHandPinky3-anim" name="mixamorig_LeftHandPinky3">
      <source id="mixamorig_LeftHandPinky3-Matrix-animation-input">
        <float_array id="mixamorig_LeftHandPinky3-Matrix-animation-input-array" count="53">

0.000000 0.033333 0.066667 0.100000 0.133333 0.166667 0.200000 0.233333 0.266667 0.300000 0.333333 0.366667 0.400000 0.433333 0.466667 0.500000
0.533333 0.566667 0.600000 0.633333 0.666667 0.700000 0.733333 0.766667 0.800000 0.833333 0.866667 0.900000 0.933333 0.966667 1.000000 1.033333
1.066667 1.100000 1.133333 1.166667 1.200000 1.233333 1.266667 1.300000 1.333333 1.366667 1.400000 1.433333 1.466667 1.500000 1.533333 1.566667
1.600000 1.633333 1.666667 1.700000 1.733333</float_array>
        <technique_common>
          <accessor source="#mixamorig_LeftHandPinky3-Matrix-animation-input-array" count="53">
            <param name="TIME" type="float"/>
          </accessor>
        </technique_common>
      </source>
      <source id="mixamorig_LeftHandPinky3-Matrix-animation-output-transform">
        <float_array id="mixamorig_LeftHandPinky3-Matrix-animation-output-transform-array" count="848">

0.988508 0.117411 -0.095218 0.000000 -0.117411 0.199569 -0.972824 2.073800 -0.095218 0.972824 0.211061 0.000000 0.000000 0.000000 0.000000 1.000000
0.988508 0.117411 -0.095218 0.000000 -0.117411 0.199569 -0.972824 2.073800 -0.095218 0.972824 0.211061 0.000000 0.000000 0.000000 0.000000 1.000000
0.988508 0.117411 -0.095218 0.000000 -0.117411 0.199569 -0.972824 2.073800 -0.095217 0.972824 0.211061 -0.000000 0.000000 0.000000 0.000000 1.000000
0.988508 0.117411 -0.095218 0.000000 -0.117411 0.199569 -0.972824 2.073800 -0.095218 0.972824 0.211061 -0.000000 0.000000 0.000000 0.000000 1.000000
0.988508 0.117411 -0.095218 0.000000 -0.117411 0.199569 -0.972824 2.073800 -0.095218 0.972824 0.211061 -0.000000 0.000000 0.000000 0.000000 1.000000
0.988508 0.117411 -0.095218 -0.000000 -0.117411 0.199569 -0.972824 2.073800 -0.095218 0.972824 0.211061 0.000000 0.000000 0.000000 0.000000 1.000000
0.988508 0.117411 -0.095218 0.000000 -0.117411 0.199569 -0.972824 2.073800 -0.095218 0.972824 0.211061 0.000000 0.000000 0.000000 0.000000 1.000000
0.988508 0.117411 -0.095218 0.000000 -0.117411 0.199569 -0.972824 2.073800 -0.095218 0.972824 0.211061 -0.000000 0.000000 0.000000 0.000000 1.000000
0.988508 0.117411 -0.095218 0.000000 -0.117411 0.199569 -0.972824 2.073800 -0.095218 0.972824 0.211061 0.000000 0.000000 0.000000 0.000000 1.000000
0.988508 0.117411 -0.095218 0.000000 -0.117411 0.199569 -0.972824 2.073800 -0.095218 0.972824 0.211061 0.000000 0.000000 0.000000 0.000000 1.000000
0.988508 0.117411 -0.095218 0.000000 -0.117411 0.199569 -0.972824 2.073800 -0.095218 0.972824 0.211061 0.000000 0.000000 0.000000 0.000000 1.000000
0.988508 0.117411 -0.095218 0.000000 -0.117411 0.199569 -0.972824 2.073800 -0.095218 0.972824 0.211061 0.000000 0.000000 0.000000 0.000000 1.000000
0.988508 0.117411 -0.095218 0.000000 -0.117411 0.199569 -0.972824 2.073800 -0.095217 0.972824 0.211061 0.000000 0.000000 0.000000 0.000000 1.000000
0.988508 0.117411 -0.095218 0.000000 -0.117411 0.199569 -0.972824 2.073800 -0.095218 0.972824 0.211061 0.000000 0.000000 0.000000 0.000000 1.000000
0.988508 0.117411 -0.095218 0.000000 -0.117411 0.199569 -0.972824 2.073800 -0.095218 0.972824 0.211061 0.000000 0.000000 0.000000 0.000000 1.000000
0.988508 0.117411 -0.095218 -0.000000 -0.117411 0.199569 -0.972824 2.073800 -0.095218 0.972824 0.211061 0.000000 0.000000 0.000000 0.000000 1.000000
0.988508 0.117411 -0.095217 0.000000 -0.117411 0.199569 -0.972824 2.073800 -0.095217 0.972824 0.211061 0.000000 0.000000 0.000000 0.000000 1.000000
0.988508 0.117411 -0.095218 0.000000 -0.117411 0.199569 -0.972824 2.073800 -0.095218 0.972824 0.211061 0.000000 0.000000 0.000000 0.000000 1.000000
0.988508 0.117411 -0.095218 0.000000 -0.117411 0.199569 -0.972824 2.073800 -0.095218 0.972824 0.211061 -0.000000 0.000000 0.000000 0.000000 1.000000
0.988508 0.117411 -0.095217 0.000000 -0.117411 0.199569 -0.972824 2.073800 -0.095218 0.972824 0.211061 0.000000 0.000000 0.000000 0.000000 1.000000
0.988508 0.117411 -0.095217 -0.000000 -0.117410 0.199569 -0.972824 2.073800 -0.095217 0.972824 0.211061 0.000000 0.000000 0.000000 0.000000 1.000000
0.988508 0.117411 -0.095218 0.000000 -0.117411 0.199569 -0.972824 2.073800 -0.095218 0.972824 0.211061 0.000000 0.000000 0.000000 0.000000 1.000000
0.988508 0.117411 -0.095218 0.000000 -0.117411 0.199569 -0.972824 2.073800 -0.095218 0.972824 0.211061 0.000000 0.000000 0.000000 0.000000 1.000000
0.988508 0.117411 -0.095218 0.000000 -0.117411 0.199569 -0.972824 2.073800 -0.095218 0.972824 0.211061 0.000000 0.000000 0.000000 0.000000 1.000000
0.988508 0.117411 -0.095218 0.000000 -0.117411 0.199569 -0.972824 2.073800 -0.095218 0.972824 0.211061 0.000000 0.000000 0.000000 0.000000 1.000000
0.988508 0.117411 -0.095218 0.000000 -0.117411 0.199569 -0.972824 2.073800 -0.095218 0.972824 0.211061 0.000000 0.000000 0.000000 0.000000 1.000000
0.988508 0.117411 -0.095217 0.000000 -0.117411 0.199569 -0.972824 2.073800 -0.095218 0.972824 0.211061 0.000000 0.000000 0.000000 0.000000 1.000000
0.988508 0.117411 -0.095218 0.000000 -0.117411 0.199569 -0.972824 2.073800 -0.095217 0.972824 0.211061 0.000000 0.000000 0.000000 0.000000 1.000000
0.988508 0.117411 -0.095218 0.000000 -0.117411 0.199569 -0.972824 2.073800 -0.095218 0.972824 0.211061 0.000000 0.000000 0.000000 0.000000 1.000000
0.988508 0.117411 -0.095217 0.000000 -0.117411 0.199569 -0.972824 2.073800 -0.095218 0.972824 0.211061 0.000000 0.000000 0.000000 0.000000 1.000000
0.988508 0.117411 -0.095218 0.000000 -0.117411 0.199569 -0.972824 2.073800 -0.095218 0.972824 0.211061 0.000000 0.000000 0.000000 0.000000 1.000000
0.988508 0.117411 -0.095217 0.000000 -0.117411 0.199569 -0.972824 2.073800 -0.095218 0.972824 0.211061 0.000000 0.000000 0.000000 0.000000 1.000000
0.988508 0.117411 -0.095218 -0.000000 -0.117411 0.199569 -0.972824 2.073800 -0.095218 0.972824 0.211061 -0.000000 0.000000 0.000000 0.000000 1.000000
0.988508 0.117411 -0.095218 0.000000 -0.117411 0.199569 -0.972824 2.073800 -0.095218 0.972824 0.211061 0.000000 0.000000 0.000000 0.000000 1.000000
0.988508 0.117411 -0.095218 0.000000 -0.117411 0.199569 -0.972824 2.073800 -0.095218 0.972824 0.211061 -0.000000 0.000000 0.000000 0.000000 1.000000
0.988508 0.117411 -0.095217 0.000000 -0.117411 0.199569 -0.972824 2.073800 -0.095218 0.972824 0.211061 -0.000000 0.000000 0.000000 0.000000 1.000000
0.988508 0.117411 -0.095218 0.000000 -0.117411 0.199569 -0.972824 2.073800 -0.095218 0.972824 0.211061 0.000000 0.000000 0.000000 0.000000 1.000000
0.988508 0.117411 -0.095218 -0.000000 -0.117411 0.199569 -0.972824 2.073800 -0.095218 0.972824 0.211061 0.000000 0.000000 0.000000 0.000000 1.000000
0.988508 0.117411 -0.095218 -0.000000 -0.117411 0.199569 -0.972824 2.073800 -0.095218 0.972824 0.211061 0.000000 0.000000 0.000000 0.000000 1.000000
0.988508 0.117411 -0.095218 -0.000000 -0.117411 0.199569 -0.972824 2.073800 -0.095218 0.972824 0.211061 -0.000000 0.000000 0.000000 0.000000 1.000000
0.988508 0.117411 -0.095218 0.000000 -0.117411 0.199569 -0.972824 2.073800 -0.095218 0.972824 0.211061 0.000000 0.000000 0.000000 0.000000 1.000000
0.988508 0.117411 -0.095218 -0.000000 -0.117411 0.199569 -0.972824 2.073800 -0.095218 0.972824 0.211061 0.000000 0.000000 0.000000 0.000000 1.000000
0.988508 0.117411 -0.095218 0.000000 -0.117411 0.199569 -0.972824 2.073800 -0.095218 0.972824 0.211061 0.000000 0.000000 0.000000 0.000000 1.000000
0.988508 0.117411 -0.095218 0.000000 -0.117411 0.199569 -0.972824 2.073800 -0.095218 0.972824 0.211061 0.000000 0.000000 0.000000 0.000000 1.000000
0.988508 0.117410 -0.095217 0.000000 -0.117411 0.199569 -0.972824 2.073800 -0.095217 0.972824 0.211061 0.000000 0.000000 0.000000 0.000000 1.000000
0.988508 0.117411 -0.095218 0.000000 -0.117411 0.199569 -0.972824 2.073800 -0.095218 0.972824 0.211061 -0.000000 0.000000 0.000000 0.000000 1.000000
0.988508 0.117411 -0.095218 0.000000 -0.117411 0.199569 -0.972824 2.073800 -0.095218 0.972824 0.211061 -0.000000 0.000000 0.000000 0.000000 1.000000
0.988508 0.117411 -0.095218 -0.000000 -0.117411 0.199569 -0.972824 2.073800 -0.095218 0.972824 0.211061 0.000000 0.000000 0.000000 0.000000 1.000000
0.988508 0.117411 -0.095218 -0.000000 -0.117411 0.199569 -0.972824 2.073800 -0.095218 0.972824 0.211061 0.000000 0.000000 0.000000 0.000000 1.000000
0.988508 0.117411 -0.095218 0.000000 -0.117411 0.199569 -0.972824 2.073800 -0.095218 0.972824 0.211061 0.000000 0.000000 0.000000 0.000000 1.000000
0.988508 0.117411 -0.095218 0.000000 -0.117411 0.199569 -0.972824 2.073800 -0.095218 0.972824 0.211061 0.000000 0.000000 0.000000 0.000000 1.000000
0.988508 0.117411 -0.095218 0.000000 -0.117411 0.199569 -0.972824 2.073800 -0.095218 0.972824 0.211061 0.000000 0.000000 0.000000 0.000000 1.000000
0.988508 0.117411 -0.095218 -0.000000 -0.117411 0.199569 -0.972824 2.073800 -0.095218 0.972824 0.211061 0.000000 0.000000 0.000000 0.000000 1.000000</float_array>
        <technique_common>
          <accessor source="#mixamorig_LeftHandPinky3-Matrix-animation-output-transform-array" count="53" stride="16">
            <param type="float4x4"/>
          </accessor>
        </technique_common>
      </source>
      <source id="mixamorig_LeftHandPinky3-Interpolations">
        <Name_array id="mixamorig_LeftHandPinky3-Interpolations-array" count="53">
 LINEAR LINEAR LINEAR LINEAR LINEAR LINEAR LINEAR LINEAR LINEAR LINEAR LINEAR
LINEAR LINEAR LINEAR LINEAR LINEAR LINEAR LINEAR LINEAR LINEAR LINEAR LINEAR LINEAR
LINEAR LINEAR LINEAR LINEAR LINEAR LINEAR LINEAR LINEAR LINEAR LINEAR LINEAR LINEAR
LINEAR LINEAR LINEAR LINEAR LINEAR LINEAR LINEAR LINEAR LINEAR LINEAR LINEAR LINEAR
LINEAR LINEAR LINEAR LINEAR LINEAR LINEAR</Name_array>
        <technique_common>
          <accessor source="#mixamorig_LeftHandPinky3-Interpolations-array" count="53">
            <param type="name"/>
          </accessor>
        </technique_common>
      </source>
      <sampler id="mixamorig_LeftHandPinky3-Matrix-animation-transform">
        <input semantic="INPUT" source="#mixamorig_LeftHandPinky3-Matrix-animation-input"/>
        <input semantic="OUTPUT" source="#mixamorig_LeftHandPinky3-Matrix-animation-output-transform"/>
        <input semantic="INTERPOLATION" source="#mixamorig_LeftHandPinky3-Interpolations"/>
      </sampler>
      <channel source="#mixamorig_LeftHandPinky3-Matrix-animation-transform" target="mixamorig_LeftHandPinky3/matrix"/>
    </animation>
    <animation id="mixamorig_RightShoulder-anim" name="mixamorig_RightShoulder">
      <source id="mixamorig_RightShoulder-Matrix-animation-input">
        <float_array id="mixamorig_RightShoulder-Matrix-animation-input-array" count="53">

0.000000 0.033333 0.066667 0.100000 0.133333 0.166667 0.200000 0.233333 0.266667 0.300000 0.333333 0.366667 0.400000 0.433333 0.466667 0.500000
0.533333 0.566667 0.600000 0.633333 0.666667 0.700000 0.733333 0.766667 0.800000 0.833333 0.866667 0.900000 0.933333 0.966667 1.000000 1.033333
1.066667 1.100000 1.133333 1.166667 1.200000 1.233333 1.266667 1.300000 1.333333 1.366667 1.400000 1.433333 1.466667 1.500000 1.533333 1.566667
1.600000 1.633333 1.666667 1.700000 1.733333</float_array>
        <technique_common>
          <accessor source="#mixamorig_RightShoulder-Matrix-animation-input-array" count="53">
            <param name="TIME" type="float"/>
          </accessor>
        </technique_common>
      </source>
      <source id="mixamorig_RightShoulder-Matrix-animation-output-transform">
        <float_array id="mixamorig_RightShoulder-Matrix-animation-output-transform-array" count="848">

0.288124 -0.849392 0.442173 -11.278600 -0.071959 -0.479654 -0.874502 19.886000 0.954885 0.220147 -0.199322 -3.966000 0.000000 0.000000 0.000000 1.000000
0.296985 -0.847656 0.439634 -11.278600 -0.073307 -0.479288 -0.874591 19.886000 0.952064 0.227513 -0.204480 -3.966000 0.000000 0.000000 0.000000 1.000000
0.303032 -0.846842 0.437069 -11.278600 -0.074388 -0.478255 -0.875065 19.886000 0.950073 0.232660 -0.207921 -3.966000 0.000000 0.000000 0.000000 1.000000
0.308195 -0.843901 0.439143 -11.278600 -0.074863 -0.481696 -0.873135 19.886000 0.948373 0.236220 -0.211633 -3.966000 0.000000 0.000000 0.000000 1.000000
0.314746 -0.837861 0.446009 -11.278600 -0.074827 -0.490331 -0.868318 19.886000 0.946222 0.239926 -0.217024 -3.966000 0.000000 0.000000 0.000000 1.000000
0.318374 -0.833997 0.450652 -11.278600 -0.074533 -0.495939 -0.865153 19.886000 0.945031 0.241854 -0.220054 -3.966000 0.000000 0.000000 0.000000 1.000000
0.309070 -0.840716 0.444603 -11.278600 -0.074177 -0.487377 -0.870035 19.886000 0.948142 0.235922 -0.212996 -3.966000 0.000000 0.000000 0.000000 1.000000
0.281121 -0.859827 0.426226 -11.278600 -0.072738 -0.461950 -0.883918 19.886000 0.956912 0.217485 -0.192407 -3.966000 0.000000 0.000000 0.000000 1.000000
0.239799 -0.882925 0.403659 -11.278600 -0.068163 -0.430077 -0.900216 19.886000 0.968427 0.188356 -0.163314 -3.966000 0.000000 0.000000 0.000000 1.000000
0.191691 -0.901646 0.387672 -11.278600 -0.060143 -0.405046 -0.912316 19.886000 0.979611 0.151567 -0.131872 -3.966000 0.000000 0.000000 0.000000 1.000000
0.140416 -0.914137 0.380312 -11.278600 -0.050212 -0.390198 -0.919361 19.886000 0.988819 0.109997 -0.100690 -3.966000 0.000000 0.000000 0.000000 1.000000
0.092180 -0.922117 0.375770 -11.278600 -0.040319 -0.380524 -0.923892 19.886000 0.994926 0.070014 -0.072255 -3.966000 0.000000 0.000000 0.000000 1.000000
0.060562 -0.925952 0.372753 -11.278600 -0.033379 -0.375109 -0.926380 19.886000 0.997606 0.043661 -0.053625 -3.966000 0.000000 0.000000 0.000000 1.000000
0.057401 -0.923925 0.378243 -11.278600 -0.032778 -0.380408 -0.924238 19.886000 0.997813 0.040654 -0.052120 -3.966000 0.000000 0.000000 0.000000 1.000000
0.080263 -0.914859 0.395717 -11.278600 -0.038050 -0.399520 -0.915934 19.886000 0.996047 0.058459 -0.066877 -3.966000 0.000000 0.000000 0.000000 1.000000
0.111839 -0.901742 0.417557 -11.278600 -0.044211 -0.424292 -0.904446 19.886000 0.992742 0.082692 -0.087319 -3.966000 0.000000 0.000000 0.000000 1.000000
0.132462 -0.891718 0.432774 -11.278600 -0.047553 -0.441836 -0.895835 19.886000 0.990047 0.098084 -0.100930 -3.966000 0.000000 0.000000 0.000000 1.000000
0.135195 -0.889428 0.436624 -11.278600 -0.047996 -0.446031 -0.893730 19.886000 0.989656 0.099871 -0.102990 -3.966000 0.000000 0.000000 0.000000 1.000000
0.129010 -0.892966 0.431240 -11.278600 -0.047138 -0.439905 -0.896806 19.886000 0.990522 0.095369 -0.098845 -3.966000 0.000000 0.000000 0.000000 1.000000
0.127740 -0.898219 0.420576 -11.278600 -0.047084 -0.429064 -0.902046 19.886000 0.990689 0.095425 -0.097101 -3.966000 0.000000 0.000000 0.000000 1.000000
0.138087 -0.903041 0.406754 -11.278600 -0.049225 -0.416439 -0.907830 19.886000 0.989196 0.105338 -0.101957 -3.966000 0.000000 0.000000 0.000000 1.000000
0.158548 -0.906400 0.391538 -11.278600 -0.053591 -0.403870 -0.913245 19.886000 0.985896 0.123810 -0.112608 -3.966000 0.000000 0.000000 0.000000 1.000000
0.185154 -0.906784 0.378762 -11.278600 -0.059457 -0.395057 -0.916730 19.886000 0.980909 0.147216 -0.127061 -3.966000 0.000000 0.000000 0.000000 1.000000
0.213791 -0.903358 0.371803 -11.278600 -0.065637 -0.393026 -0.917182 19.886000 0.974672 0.171681 -0.143320 -3.966000 0.000000 0.000000 0.000000 1.000000
0.239159 -0.898191 0.368857 -11.278600 -0.070809 -0.395002 -0.915947 19.886000 0.968395 0.192939 -0.158069 -3.966000 0.000000 0.000000 0.000000 1.000000
0.256008 -0.895520 0.364011 -11.278600 -0.074424 -0.393702 -0.916221 19.886000 0.963805 0.207469 -0.167439 -3.966000 0.000000 0.000000 0.000000 1.000000
0.262164 -0.897617 0.354337 -11.278600 -0.076547 -0.385365 -0.919584 19.886000 0.961983 0.213958 -0.169738 -3.966000 0.000000 0.000000 0.000000 1.000000
0.259574 -0.902374 0.344009 -11.278600 -0.077031 -0.374431 -0.924050 19.886000 0.962646 0.213360 -0.166704 -3.966000 0.000000 0.000000 0.000000 1.000000
0.253465 -0.905623 0.340004 -11.278600 -0.076094 -0.369059 -0.926286 19.886000 0.964347 0.208909 -0.162456 -3.966000 0.000000 0.000000 0.000000 1.000000
0.250445 -0.904637 0.344832 -11.278600 -0.075028 -0.373248 -0.924693 19.886000 0.965219 0.205712 -0.161351 -3.966000 0.000000 0.000000 0.000000 1.000000
0.253990 -0.899578 0.355315 -11.278600 -0.074921 -0.384557 -0.920056 19.886000 0.964301 0.207065 -0.165071 -3.966000 0.000000 0.000000 0.000000 1.000000
0.259393 -0.892927 0.367962 -11.278600 -0.074935 -0.398463 -0.914118 19.886000 0.962860 0.209543 -0.170270 -3.966000 0.000000 0.000000 0.000000 1.000000
0.256060 -0.887429 0.383278 -11.278600 -0.072903 -0.413096 -0.907765 19.886000 0.963908 0.204501 -0.170473 -3.966000 0.000000 0.000000 0.000000 1.000000
0.239131 -0.883266 0.403307 -11.278600 -0.068054 -0.429583 -0.900460 19.886000 0.968599 0.187881 -0.162837 -3.966000 0.000000 0.000000 0.000000 1.000000
0.218505 -0.877993 0.425892 -11.278600 -0.062863 -0.448197 -0.891722 19.886000 0.973809 0.168073 -0.153127 -3.966000 0.000000 0.000000 0.000000 1.000000
0.211952 -0.870701 0.443797 -11.278600 -0.060729 -0.464971 -0.883241 19.886000 0.975391 0.160253 -0.151428 -3.966000 0.000000 0.000000 0.000000 1.000000
0.226994 -0.863713 0.449971 -11.278600 -0.062525 -0.474003 -0.878301 19.886000 0.971887 0.171235 -0.161599 -3.966000 0.000000 0.000000 0.000000 1.000000
0.253388 -0.859844 0.443241 -11.278600 -0.066843 -0.472662 -0.878705 19.886000 0.965053 0.193026 -0.177241 -3.966000 0.000000 0.000000 0.000000 1.000000
0.274838 -0.860460 0.429037 -11.278600 -0.071501 -0.463276 -0.883325 19.886000 0.958828 0.212095 -0.188850 -3.966000 0.000000 0.000000 0.000000 1.000000
0.282739 -0.864942 0.414648 -11.278600 -0.074494 -0.450782 -0.889520 19.886000 0.956300 0.220613 -0.191887 -3.966000 0.000000 0.000000 0.000000 1.000000
0.277683 -0.871536 0.404126 -11.278600 -0.075065 -0.439068 -0.895313 19.886000 0.957736 0.218278 -0.187343 -3.966000 0.000000 0.000000 0.000000 1.000000
0.264441 -0.878932 0.396925 -11.278600 -0.073875 -0.428829 -0.900360 19.886000 0.961568 0.208770 -0.178331 -3.966000 0.000000 0.000000 0.000000 1.000000
0.249169 -0.886254 0.390472 -11.278600 -0.072182 -0.419062 -0.905084 19.886000 0.965766 0.197334 -0.168389 -3.966000 0.000000 0.000000 0.000000 1.000000
0.238136 -0.892036 0.384139 -11.278600 -0.071079 -0.410463 -0.909103 19.886000 0.968627 0.189186 -0.161151 -3.966000 0.000000 0.000000 0.000000 1.000000
0.235164 -0.894423 0.380401 -11.278600 -0.071079 -0.406155 -0.911036 19.886000 0.969353 0.187204 -0.159088 -3.966000 0.000000 0.000000 0.000000 1.000000
0.239747 -0.892513 0.382024 -11.278600 -0.071891 -0.408741 -0.909814 19.886000 0.968170 0.190661 -0.162158 -3.966000 0.000000 0.000000 0.000000 1.000000
0.248244 -0.887072 0.389202 -11.278600 -0.072725 -0.417711 -0.905665 19.886000 0.965964 0.196521 -0.168206 -3.966000 0.000000 0.000000 0.000000 1.000000
0.256689 -0.879905 0.399848 -11.278600 -0.072976 -0.430174 -0.899791 19.886000 0.963735 0.201787 -0.174633 -3.966000 0.000000 0.000000 0.000000 1.000000
0.262821 -0.872571 0.411759 -11.278600 -0.072530 -0.443422 -0.893373 19.886000 0.962115 0.204933 -0.179829 -3.966000 0.000000 0.000000 0.000000 1.000000
0.266896 -0.865628 0.423620 -11.278600 -0.071666 -0.456175 -0.886999 19.886000 0.961057 0.206377 -0.183788 -3.966000 0.000000 0.000000 0.000000 1.000000
0.271318 -0.859084 0.434006 -11.278600 -0.070966 -0.467549 -0.881114 19.886000 0.959870 0.208263 -0.187820 -3.966000 0.000000 0.000000 0.000000 1.000000
0.278518 -0.853361 0.440684 -11.278600 -0.071022 -0.475884 -0.876636 19.886000 0.957801 0.212860 -0.193150 -3.966000 0.000000 0.000000 0.000000 1.000000
0.288124 -0.849392 0.442173 -11.278600 -0.071959 -0.479654 -0.874502 19.886000 0.954886 0.220147 -0.199322 -3.966000 0.000000 0.000000 0.000000 1.000000</float_array>
        <technique_common>
          <accessor source="#mixamorig_RightShoulder-Matrix-animation-output-transform-array" count="53" stride="16">
            <param type="float4x4"/>
          </accessor>
        </technique_common>
      </source>
      <source id="mixamorig_RightShoulder-Interpolations">
        <Name_array id="mixamorig_RightShoulder-Interpolations-array" count="53">
 LINEAR LINEAR LINEAR LINEAR LINEAR LINEAR LINEAR LINEAR LINEAR LINEAR LINEAR
LINEAR LINEAR LINEAR LINEAR LINEAR LINEAR LINEAR LINEAR LINEAR LINEAR LINEAR LINEAR
LINEAR LINEAR LINEAR LINEAR LINEAR LINEAR LINEAR LINEAR LINEAR LINEAR LINEAR LINEAR
LINEAR LINEAR LINEAR LINEAR LINEAR LINEAR LINEAR LINEAR LINEAR LINEAR LINEAR LINEAR
LINEAR LINEAR LINEAR LINEAR LINEAR LINEAR</Name_array>
        <technique_common>
          <accessor source="#mixamorig_RightShoulder-Interpolations-array" count="53">
            <param type="name"/>
          </accessor>
        </technique_common>
      </source>
      <sampler id="mixamorig_RightShoulder-Matrix-animation-transform">
        <input semantic="INPUT" source="#mixamorig_RightShoulder-Matrix-animation-input"/>
        <input semantic="OUTPUT" source="#mixamorig_RightShoulder-Matrix-animation-output-transform"/>
        <input semantic="INTERPOLATION" source="#mixamorig_RightShoulder-Interpolations"/>
      </sampler>
      <channel source="#mixamorig_RightShoulder-Matrix-animation-transform" target="mixamorig_RightShoulder/matrix"/>
    </animation>
    <animation id="mixamorig_RightArm-anim" name="mixamorig_RightArm">
      <source id="mixamorig_RightArm-Matrix-animation-input">
        <float_array id="mixamorig_RightArm-Matrix-animation-input-array" count="53">

0.000000 0.033333 0.066667 0.100000 0.133333 0.166667 0.200000 0.233333 0.266667 0.300000 0.333333 0.366667 0.400000 0.433333 0.466667 0.500000
0.533333 0.566667 0.600000 0.633333 0.666667 0.700000 0.733333 0.766667 0.800000 0.833333 0.866667 0.900000 0.933333 0.966667 1.000000 1.033333
1.066667 1.100000 1.133333 1.166667 1.200000 1.233333 1.266667 1.300000 1.333333 1.366667 1.400000 1.433333 1.466667 1.500000 1.533333 1.566667
1.600000 1.633333 1.666667 1.700000 1.733333</float_array>
        <technique_common>
          <accessor source="#mixamorig_RightArm-Matrix-animation-input-array" count="53">
            <param name="TIME" type="float"/>
          </accessor>
        </technique_common>
      </source>
      <source id="mixamorig_RightArm-Matrix-animation-output-transform">
        <float_array id="mixamorig_RightArm-Matrix-animation-output-transform-array" count="848">

0.822485 0.516230 -0.238800 0.000000 -0.563658 0.683495 -0.463815 12.686800 -0.076216 0.516082 0.853141 0.000000 0.000000 0.000000 0.000000 1.000000
0.823692 0.519790 -0.226604 0.000000 -0.560344 0.684931 -0.465709 12.686800 -0.086862 0.510577 0.855433 -0.000000 0.000000 0.000000 0.000000 1.000000
0.816823 0.537066 -0.210620 0.000000 -0.568178 0.685750 -0.454885 12.686800 -0.099871 0.491230 0.865285 0.000000 0.000000 0.000000 0.000000 1.000000
0.801653 0.563740 -0.198871 0.000000 -0.587928 0.683341 -0.432880 12.686800 -0.108135 0.463941 0.879241 -0.000000 0.000000 0.000000 0.000000 1.000000
0.779101 0.592076 -0.206029 0.000000 -0.618398 0.671908 -0.407582 12.686800 -0.102887 0.444956 0.889623 0.000000 0.000000 0.000000 0.000000 1.000000
0.743128 0.623539 -0.242817 0.000000 -0.663960 0.642002 -0.383394 12.686800 -0.083172 0.446131 0.891094 0.000000 0.000000 0.000000 0.000000 1.000000
0.681694 0.665607 -0.303744 0.000000 -0.729365 0.585554 -0.353768 12.686800 -0.057612 0.462702 0.884640 0.000000 0.000000 0.000000 0.000000 1.000000
0.594292 0.715446 -0.367360 0.000000 -0.803432 0.507547 -0.311277 12.686800 -0.036249 0.480138 0.876444 0.000000 0.000000 0.000000 0.000000 1.000000
0.500287 0.761144 -0.412763 -0.000000 -0.865619 0.428418 -0.259156 12.686800 -0.020420 0.486948 0.873192 0.000000 0.000000 0.000000 0.000000 1.000000
0.434880 0.787361 -0.436969 -0.000000 -0.900486 0.379138 -0.213025 12.686800 -0.002056 0.486125 0.873887 0.000000 0.000000 0.000000 0.000000 1.000000
0.415876 0.789210 -0.451879 0.000000 -0.909167 0.372543 -0.186082 12.686800 0.021487 0.488221 0.872456 -0.000000 0.000000 0.000000 0.000000 1.000000
0.430717 0.771491 -0.468278 0.000000 -0.901468 0.392431 -0.182628 12.686800 0.042871 0.500798 0.864502 0.000000 0.000000 0.000000 0.000000 1.000000
0.454718 0.746337 -0.486017 0.000000 -0.889230 0.411088 -0.200690 12.686800 0.050013 0.523438 0.850594 0.000000 0.000000 0.000000 0.000000 1.000000
0.476952 0.724012 -0.498320 0.000000 -0.878167 0.416156 -0.235875 12.686800 0.036602 0.550109 0.834290 0.000000 0.000000 0.000000 0.000000 1.000000
0.501148 0.705830 -0.500654 0.000000 -0.865298 0.415761 -0.280004 12.686800 0.010517 0.573538 0.819111 -0.000000 0.000000 0.000000 0.000000 1.000000
0.527541 0.691200 -0.493905 0.000000 -0.849429 0.420247 -0.319159 12.686800 -0.013041 0.587907 0.808823 -0.000000 0.000000 0.000000 0.000000 1.000000
0.545046 0.685982 -0.482030 0.000000 -0.837952 0.426784 -0.340136 12.686800 -0.027605 0.589308 0.807437 -0.000000 0.000000 0.000000 0.000000 1.000000
0.544409 0.695414 -0.469061 0.000000 -0.837952 0.425435 -0.341822 12.686800 -0.038153 0.579141 0.814334 0.000000 0.000000 0.000000 0.000000 1.000000
0.532389 0.712153 -0.457603 0.000000 -0.845024 0.415206 -0.336955 12.686800 -0.049965 0.566076 0.822837 0.000000 0.000000 0.000000 0.000000 1.000000
0.527203 0.721762 -0.448460 0.000000 -0.847419 0.407603 -0.340207 12.686800 -0.062755 0.559392 0.826525 0.000000 0.000000 0.000000 0.000000 1.000000
0.539807 0.717186 -0.440741 0.000000 -0.838582 0.412500 -0.355842 12.686800 -0.073400 0.561683 0.824090 0.000000 0.000000 0.000000 0.000000 1.000000
0.565276 0.702293 -0.432721 0.000000 -0.820987 0.427930 -0.377963 12.686800 -0.080266 0.568912 0.818472 0.000000 0.000000 0.000000 0.000000 1.000000
0.593244 0.684717 -0.423347 -0.000000 -0.800637 0.447026 -0.398933 12.686800 -0.083909 0.575612 0.813406 0.000000 0.000000 0.000000 0.000000 1.000000
0.619182 0.667914 -0.412922 -0.000000 -0.780800 0.467789 -0.414156 12.686800 -0.083460 0.578847 0.811154 0.000000 0.000000 0.000000 0.000000 1.000000
0.644357 0.650635 -0.401843 -0.000000 -0.760972 0.493543 -0.421114 12.686800 -0.075664 0.577140 0.813133 -0.000000 0.000000 0.000000 0.000000 1.000000
0.670033 0.632465 -0.388645 0.000000 -0.739909 0.526736 -0.418431 12.686800 -0.059930 0.567924 0.820896 -0.000000 0.000000 0.000000 0.000000 1.000000
0.693920 0.617444 -0.370456 0.000000 -0.718786 0.563482 -0.407229 12.686800 -0.042696 0.548863 0.834821 0.000000 0.000000 0.000000 0.000000 1.000000
0.711493 0.611257 -0.346615 -0.000000 -0.701909 0.594935 -0.391632 12.686800 -0.033174 0.521936 0.852339 -0.000000 0.000000 0.000000 0.000000 1.000000
0.720023 0.615218 -0.321052 0.000000 -0.693087 0.614461 -0.376919 12.686800 -0.034613 0.493907 0.868825 0.000000 0.000000 0.000000 0.000000 1.000000
0.721624 0.623971 -0.299864 -0.000000 -0.690988 0.622696 -0.367131 12.686800 -0.042355 0.472133 0.880509 0.000000 0.000000 0.000000 0.000000 1.000000
0.721927 0.629443 -0.287442 0.000000 -0.690215 0.625477 -0.363841 12.686800 -0.049229 0.461064 0.886000 0.000000 0.000000 0.000000 0.000000 1.000000
0.723916 0.628033 -0.285518 0.000000 -0.687954 0.626198 -0.366873 12.686800 -0.051617 0.462008 0.885372 0.000000 0.000000 0.000000 0.000000 1.000000
0.723896 0.624228 -0.293792 0.000000 -0.687942 0.620979 -0.375660 12.686800 -0.052059 0.474050 0.878957 0.000000 0.000000 0.000000 0.000000 1.000000
0.716913 0.624854 -0.309183 0.000000 -0.694857 0.604388 -0.389729 12.686800 -0.056657 0.494240 0.867477 0.000000 0.000000 0.000000 0.000000 1.000000
0.706090 0.629234 -0.324809 0.000000 -0.704779 0.579946 -0.408594 12.686800 -0.068730 0.517423 0.852965 0.000000 0.000000 0.000000 0.000000 1.000000
0.702838 0.629020 -0.332194 -0.000000 -0.706354 0.561878 -0.430532 12.686800 -0.084160 0.537241 0.839220 -0.000000 0.000000 0.000000 0.000000 1.000000
0.715304 0.617547 -0.327072 -0.000000 -0.692512 0.563711 -0.450174 12.686800 -0.093629 0.548512 0.830884 -0.000000 0.000000 0.000000 0.000000 1.000000
0.739318 0.595752 -0.313829 0.000000 -0.667295 0.585827 -0.459918 12.686800 -0.090148 0.549442 0.830654 -0.000000 0.000000 0.000000 0.000000 1.000000
0.763813 0.569657 -0.303447 0.000000 -0.641251 0.616305 -0.457127 12.686800 -0.073389 0.543745 0.836035 0.000000 0.000000 0.000000 0.000000 1.000000
0.781545 0.543811 -0.305707 0.000000 -0.622041 0.642029 -0.448178 12.686800 -0.047452 0.540434 0.840047 0.000000 0.000000 0.000000 0.000000 1.000000
0.791860 0.518943 -0.321956 -0.000000 -0.610440 0.657145 -0.442179 12.686800 -0.017894 0.546680 0.837151 0.000000 0.000000 0.000000 0.000000 1.000000
0.797302 0.495696 -0.344375 -0.000000 -0.603508 0.663519 -0.442176 12.686800 0.009314 0.560381 0.828182 0.000000 0.000000 0.000000 0.000000 1.000000
0.800764 0.477355 -0.361813 -0.000000 -0.598288 0.666457 -0.444845 12.686800 0.028783 0.572684 0.819271 -0.000000 0.000000 0.000000 0.000000 1.000000
0.804070 0.467967 -0.366712 -0.000000 -0.593387 0.669976 -0.446121 12.686800 0.036919 0.576314 0.816394 0.000000 0.000000 0.000000 0.000000 1.000000
0.807321 0.469045 -0.358092 -0.000000 -0.589183 0.674736 -0.444516 12.686800 0.033120 0.569849 0.821082 0.000000 0.000000 0.000000 0.000000 1.000000
0.809684 0.478301 -0.340059 0.000000 -0.586513 0.679606 -0.440611 12.686800 0.020361 0.556205 0.830796 0.000000 0.000000 0.000000 0.000000 1.000000
0.810767 0.491285 -0.318269 0.000000 -0.585357 0.683873 -0.435517 12.686800 0.003693 0.539404 0.842039 0.000000 0.000000 0.000000 0.000000 1.000000
0.810789 0.504306 -0.297148 0.000000 -0.585195 0.687124 -0.430589 12.686800 -0.012971 0.523007 0.852230 -0.000000 0.000000 0.000000 0.000000 1.000000
0.810183 0.515447 -0.279139 0.000000 -0.585478 0.688321 -0.428287 12.686800 -0.028622 0.510420 0.859449 0.000000 0.000000 0.000000 0.000000 1.000000
0.810041 0.522985 -0.265180 -0.000000 -0.584752 0.686867 -0.431601 12.686800 -0.043577 0.504679 0.862206 0.000000 0.000000 0.000000 0.000000 1.000000
0.812140 0.524770 -0.255040 0.000000 -0.580672 0.684249 -0.441161 12.686800 -0.056997 0.506379 0.860425 0.000000 0.000000 0.000000 0.000000 1.000000
0.817082 0.520835 -0.247199 0.000000 -0.572558 0.682895 -0.453687 12.686800 -0.067485 0.512236 0.856189 0.000000 0.000000 0.000000 0.000000 1.000000
0.822485 0.516230 -0.238801 -0.000000 -0.563658 0.683495 -0.463815 12.686800 -0.076216 0.516083 0.853141 0.000000 0.000000 0.000000 0.000000 1.000000</float_array>
        <technique_common>
          <accessor source="#mixamorig_RightArm-Matrix-animation-output-transform-array" count="53" stride="16">
            <param type="float4x4"/>
          </accessor>
        </technique_common>
      </source>
      <source id="mixamorig_RightArm-Interpolations">
        <Name_array id="mixamorig_RightArm-Interpolations-array" count="53">
 LINEAR LINEAR LINEAR LINEAR LINEAR LINEAR LINEAR LINEAR LINEAR LINEAR LINEAR
LINEAR LINEAR LINEAR LINEAR LINEAR LINEAR LINEAR LINEAR LINEAR LINEAR LINEAR LINEAR
LINEAR LINEAR LINEAR LINEAR LINEAR LINEAR LINEAR LINEAR LINEAR LINEAR LINEAR LINEAR
LINEAR LINEAR LINEAR LINEAR LINEAR LINEAR LINEAR LINEAR LINEAR LINEAR LINEAR LINEAR
LINEAR LINEAR LINEAR LINEAR LINEAR LINEAR</Name_array>
        <technique_common>
          <accessor source="#mixamorig_RightArm-Interpolations-array" count="53">
            <param type="name"/>
          </accessor>
        </technique_common>
      </source>
      <sampler id="mixamorig_RightArm-Matrix-animation-transform">
        <input semantic="INPUT" source="#mixamorig_RightArm-Matrix-animation-input"/>
        <input semantic="OUTPUT" source="#mixamorig_RightArm-Matrix-animation-output-transform"/>
        <input semantic="INTERPOLATION" source="#mixamorig_RightArm-Interpolations"/>
      </sampler>
      <channel source="#mixamorig_RightArm-Matrix-animation-transform" target="mixamorig_RightArm/matrix"/>
    </animation>
    <animation id="mixamorig_RightForeArm-anim" name="mixamorig_RightForeArm">
      <source id="mixamorig_RightForeArm-Matrix-animation-input">
        <float_array id="mixamorig_RightForeArm-Matrix-animation-input-array" count="53">

0.000000 0.033333 0.066667 0.100000 0.133333 0.166667 0.200000 0.233333 0.266667 0.300000 0.333333 0.366667 0.400000 0.433333 0.466667 0.500000
0.533333 0.566667 0.600000 0.633333 0.666667 0.700000 0.733333 0.766667 0.800000 0.833333 0.866667 0.900000 0.933333 0.966667 1.000000 1.033333
1.066667 1.100000 1.133333 1.166667 1.200000 1.233333 1.266667 1.300000 1.333333 1.366667 1.400000 1.433333 1.466667 1.500000 1.533333 1.566667
1.600000 1.633333 1.666667 1.700000 1.733333</float_array>
        <technique_common>
          <accessor source="#mixamorig_RightForeArm-Matrix-animation-input-array" count="53">
            <param name="TIME" type="float"/>
          </accessor>
        </technique_common>
      </source>
      <source id="mixamorig_RightForeArm-Matrix-animation-output-transform">
        <float_array id="mixamorig_RightForeArm-Matrix-animation-output-transform-array" count="848">

-0.599468 0.800399 -0.000000 -0.000000 -0.800399 -0.599468 0.000000 30.736700 0.000000 0.000000 1.000000 0.000000 0.000000 0.000000 0.000000 1.000000
-0.594971 0.803747 0.000000 0.000000 -0.803747 -0.594971 0.000000 30.736700 0.000000 -0.000000 1.000000 0.000000 0.000000 0.000000 0.000000 1.000000
-0.588099 0.808789 0.000000 -0.000000 -0.808789 -0.588099 -0.000000 30.736700 0.000000 -0.000000 1.000000 0.000000 0.000000 0.000000 0.000000 1.000000
-0.580406 0.814327 0.000000 0.000000 -0.814327 -0.580406 0.000000 30.736700 0.000000 0.000000 1.000000 0.000000 0.000000 0.000000 0.000000 1.000000
-0.574366 0.818599 0.000000 0.000000 -0.818599 -0.574366 -0.000000 30.736700 -0.000000 -0.000000 1.000000 0.000000 0.000000 0.000000 0.000000 1.000000
-0.569068 0.822290 0.000000 0.000000 -0.822290 -0.569068 -0.000000 30.736700 0.000000 -0.000000 1.000000 0.000000 0.000000 0.000000 0.000000 1.000000
-0.561818 0.827261 0.000000 0.000000 -0.827261 -0.561818 -0.000000 30.736700 -0.000000 -0.000000 1.000000 -0.000000 0.000000 0.000000 0.000000 1.000000
-0.552976 0.833197 0.000000 0.000000 -0.833197 -0.552976 -0.000000 30.736700 0.000000 -0.000000 1.000000 0.000000 0.000000 0.000000 0.000000 1.000000
-0.549005 0.835819 -0.000000 0.000000 -0.835819 -0.549005 0.000000 30.736700 0.000000 0.000000 1.000000 0.000000 0.000000 0.000000 0.000000 1.000000
-0.554082 0.832462 0.000000 0.000000 -0.832462 -0.554082 0.000000 30.736700 0.000000 -0.000000 1.000000 0.000000 0.000000 0.000000 0.000000 1.000000
-0.562513 0.826789 0.000000 -0.000000 -0.826789 -0.562513 -0.000000 30.736700 -0.000000 -0.000000 1.000000 0.000000 0.000000 0.000000 0.000000 1.000000
-0.561942 0.827177 0.000000 0.000000 -0.827177 -0.561942 0.000000 30.736700 0.000000 -0.000000 1.000000 0.000000 0.000000 0.000000 0.000000 1.000000
-0.546113 0.837711 0.000000 0.000000 -0.837711 -0.546113 0.000000 30.736700 0.000000 -0.000000 1.000000 -0.000000 0.000000 0.000000 0.000000 1.000000
-0.522820 0.852443 0.000000 -0.000000 -0.852443 -0.522820 -0.000000 30.736700 -0.000000 -0.000000 1.000000 0.000000 0.000000 0.000000 0.000000 1.000000
-0.506917 0.861995 -0.000000 0.000000 -0.861995 -0.506917 0.000000 30.736700 0.000000 0.000000 1.000000 0.000000 0.000000 0.000000 0.000000 1.000000
-0.504771 0.863253 0.000000 -0.000000 -0.863253 -0.504771 -0.000000 30.736700 -0.000000 -0.000000 1.000000 0.000000 0.000000 0.000000 0.000000 1.000000
-0.508869 0.860844 0.000000 0.000000 -0.860844 -0.508869 0.000000 30.736700 0.000000 0.000000 1.000000 0.000000 0.000000 0.000000 0.000000 1.000000
-0.508771 0.860902 0.000000 0.000000 -0.860902 -0.508771 0.000000 30.736700 0.000000 -0.000000 1.000000 0.000000 0.000000 0.000000 0.000000 1.000000
-0.503522 0.863982 -0.000000 0.000000 -0.863982 -0.503522 0.000000 30.736700 -0.000000 0.000000 1.000000 0.000000 0.000000 0.000000 0.000000 1.000000
-0.501268 0.865292 0.000000 -0.000000 -0.865292 -0.501268 0.000000 30.736700 0.000000 -0.000000 1.000000 0.000000 0.000000 0.000000 0.000000 1.000000
-0.508431 0.861103 0.000000 0.000000 -0.861103 -0.508431 0.000000 30.736700 0.000000 -0.000000 1.000000 0.000000 0.000000 0.000000 0.000000 1.000000
-0.522731 0.852498 -0.000000 0.000000 -0.852498 -0.522731 0.000000 30.736700 0.000000 0.000000 1.000000 -0.000000 0.000000 0.000000 0.000000 1.000000
-0.537766 0.843094 0.000000 0.000000 -0.843094 -0.537766 -0.000000 30.736700 -0.000000 -0.000000 1.000000 -0.000000 0.000000 0.000000 0.000000 1.000000
-0.550972 0.834524 0.000000 0.000000 -0.834524 -0.550972 0.000000 30.736700 0.000000 -0.000000 1.000000 0.000000 0.000000 0.000000 0.000000 1.000000
-0.564657 0.825326 0.000000 -0.000000 -0.825326 -0.564657 0.000000 30.736700 0.000000 -0.000000 1.000000 0.000000 0.000000 0.000000 0.000000 1.000000
-0.580380 0.814346 0.000000 0.000000 -0.814346 -0.580380 -0.000000 30.736700 -0.000000 -0.000000 1.000000 0.000000 0.000000 0.000000 0.000000 1.000000
-0.594583 0.804034 0.000000 0.000000 -0.804034 -0.594583 0.000000 30.736700 0.000000 0.000000 1.000000 -0.000000 0.000000 0.000000 0.000000 1.000000
-0.601396 0.798951 -0.000000 0.000000 -0.798951 -0.601396 -0.000000 30.736700 -0.000000 -0.000000 1.000000 0.000000 0.000000 0.000000 0.000000 1.000000
-0.598996 0.800752 0.000000 0.000000 -0.800752 -0.598996 -0.000000 30.736700 0.000000 -0.000000 1.000000 0.000000 0.000000 0.000000 0.000000 1.000000
-0.591895 0.806015 0.000000 0.000000 -0.806015 -0.591895 0.000000 30.736700 0.000000 -0.000000 1.000000 0.000000 0.000000 0.000000 0.000000 1.000000
-0.587114 0.809504 0.000000 0.000000 -0.809504 -0.587114 0.000000 30.736700 0.000000 -0.000000 1.000000 0.000000 0.000000 0.000000 0.000000 1.000000
-0.588159 0.808745 0.000000 0.000000 -0.808745 -0.588159 -0.000000 30.736700 -0.000000 -0.000000 1.000000 0.000000 0.000000 0.000000 0.000000 1.000000
-0.592479 0.805586 0.000000 0.000000 -0.805586 -0.592479 0.000000 30.736700 0.000000 0.000000 1.000000 0.000000 0.000000 0.000000 0.000000 1.000000
-0.594781 0.803888 0.000000 0.000000 -0.803888 -0.594781 -0.000000 30.736700 0.000000 -0.000000 1.000000 0.000000 0.000000 0.000000 0.000000 1.000000
-0.592487 0.805580 0.000000 0.000000 -0.805580 -0.592487 0.000000 30.736700 0.000000 -0.000000 1.000000 0.000000 0.000000 0.000000 0.000000 1.000000
-0.587521 0.809209 0.000000 0.000000 -0.809209 -0.587521 -0.000000 30.736700 0.000000 -0.000000 1.000000 0.000000 0.000000 0.000000 0.000000 1.000000
-0.583560 0.812070 0.000000 0.000000 -0.812070 -0.583560 -0.000000 30.736700 -0.000000 -0.000000 1.000000 0.000000 0.000000 0.000000 0.000000 1.000000
-0.582982 0.812485 0.000000 0.000000 -0.812485 -0.582982 -0.000000 30.736700 0.000000 -0.000000 1.000000 0.000000 0.000000 0.000000 0.000000 1.000000
-0.586174 0.810185 0.000000 -0.000000 -0.810185 -0.586174 -0.000000 30.736700 0.000000 -0.000000 1.000000 -0.000000 0.000000 0.000000 0.000000 1.000000
-0.591971 0.805959 0.000000 0.000000 -0.805959 -0.591971 -0.000000 30.736700 -0.000000 -0.000000 1.000000 -0.000000 0.000000 0.000000 0.000000 1.000000
-0.598625 0.801030 0.000000 -0.000000 -0.801030 -0.598625 0.000000 30.736700 0.000000 -0.000000 1.000000 0.000000 0.000000 0.000000 0.000000 1.000000
-0.605268 0.796022 0.000000 0.000000 -0.796022 -0.605268 0.000000 30.736700 0.000000 -0.000000 1.000000 -0.000000 0.000000 0.000000 0.000000 1.000000
-0.612046 0.790822 0.000000 0.000000 -0.790822 -0.612046 -0.000000 30.736700 0.000000 -0.000000 1.000000 0.000000 0.000000 0.000000 0.000000 1.000000
-0.618481 0.785800 0.000000 0.000000 -0.785800 -0.618481 0.000000 30.736700 0.000000 -0.000000 1.000000 -0.000000 0.000000 0.000000 0.000000 1.000000
-0.623094 0.782147 0.000000 0.000000 -0.782147 -0.623094 0.000000 30.736700 0.000000 -0.000000 1.000000 0.000000 0.000000 0.000000 0.000000 1.000000
-0.625338 0.780354 0.000000 0.000000 -0.780354 -0.625338 0.000000 30.736700 0.000000 0.000000 1.000000 -0.000000 0.000000 0.000000 0.000000 1.000000
-0.626358 0.779536 -0.000000 0.000000 -0.779536 -0.626358 0.000000 30.736700 0.000000 0.000000 1.000000 0.000000 0.000000 0.000000 0.000000 1.000000
-0.626681 0.779276 -0.000000 0.000000 -0.779276 -0.626681 -0.000000 30.736700 -0.000000 0.000000 1.000000 0.000000 0.000000 0.000000 0.000000 1.000000
-0.624592 0.780951 -0.000000 0.000000 -0.780951 -0.624592 -0.000000 30.736700 -0.000000 -0.000000 1.000000 0.000000 0.000000 0.000000 0.000000 1.000000
-0.618569 0.785731 0.000000 -0.000000 -0.785731 -0.618569 -0.000000 30.736700 0.000000 -0.000000 1.000000 0.000000 0.000000 0.000000 0.000000 1.000000
-0.610397 0.792096 0.000000 0.000000 -0.792096 -0.610397 0.000000 30.736700 0.000000 0.000000 1.000000 0.000000 0.000000 0.000000 0.000000 1.000000
-0.603715 0.797200 0.000000 0.000000 -0.797200 -0.603715 0.000000 30.736700 0.000000 0.000000 1.000000 0.000000 0.000000 0.000000 0.000000 1.000000
-0.599468 0.800399 0.000000 0.000000 -0.800399 -0.599468 -0.000000 30.736700 0.000000 -0.000000 1.000000 0.000000 0.000000 0.000000 0.000000 1.000000</float_array>
        <technique_common>
          <accessor source="#mixamorig_RightForeArm-Matrix-animation-output-transform-array" count="53" stride="16">
            <param type="float4x4"/>
          </accessor>
        </technique_common>
      </source>
      <source id="mixamorig_RightForeArm-Interpolations">
        <Name_array id="mixamorig_RightForeArm-Interpolations-array" count="53">
 LINEAR LINEAR LINEAR LINEAR LINEAR LINEAR LINEAR LINEAR LINEAR LINEAR LINEAR
LINEAR LINEAR LINEAR LINEAR LINEAR LINEAR LINEAR LINEAR LINEAR LINEAR LINEAR LINEAR
LINEAR LINEAR LINEAR LINEAR LINEAR LINEAR LINEAR LINEAR LINEAR LINEAR LINEAR LINEAR
LINEAR LINEAR LINEAR LINEAR LINEAR LINEAR LINEAR LINEAR LINEAR LINEAR LINEAR LINEAR
LINEAR LINEAR LINEAR LINEAR LINEAR LINEAR</Name_array>
        <technique_common>
          <accessor source="#mixamorig_RightForeArm-Interpolations-array" count="53">
            <param type="name"/>
          </accessor>
        </technique_common>
      </source>
      <sampler id="mixamorig_RightForeArm-Matrix-animation-transform">
        <input semantic="INPUT" source="#mixamorig_RightForeArm-Matrix-animation-input"/>
        <input semantic="OUTPUT" source="#mixamorig_RightForeArm-Matrix-animation-output-transform"/>
        <input semantic="INTERPOLATION" source="#mixamorig_RightForeArm-Interpolations"/>
      </sampler>
      <channel source="#mixamorig_RightForeArm-Matrix-animation-transform" target="mixamorig_RightForeArm/matrix"/>
    </animation>
    <animation id="mixamorig_RightHand-anim" name="mixamorig_RightHand">
      <source id="mixamorig_RightHand-Matrix-animation-input">
        <float_array id="mixamorig_RightHand-Matrix-animation-input-array" count="53">

0.000000 0.033333 0.066667 0.100000 0.133333 0.166667 0.200000 0.233333 0.266667 0.300000 0.333333 0.366667 0.400000 0.433333 0.466667 0.500000
0.533333 0.566667 0.600000 0.633333 0.666667 0.700000 0.733333 0.766667 0.800000 0.833333 0.866667 0.900000 0.933333 0.966667 1.000000 1.033333
1.066667 1.100000 1.133333 1.166667 1.200000 1.233333 1.266667 1.300000 1.333333 1.366667 1.400000 1.433333 1.466667 1.500000 1.533333 1.566667
1.600000 1.633333 1.666667 1.700000 1.733333</float_array>
        <technique_common>
          <accessor source="#mixamorig_RightHand-Matrix-animation-input-array" count="53">
            <param name="TIME" type="float"/>
          </accessor>
        </technique_common>
      </source>
      <source id="mixamorig_RightHand-Matrix-animation-output-transform">
        <float_array id="mixamorig_RightHand-Matrix-animation-output-transform-array" count="848">

0.993850 0.107052 -0.028336 0.000000 -0.098889 0.973121 0.207984 26.713100 0.049839 -0.203902 0.977722 0.000000 0.000000 0.000000 0.000000 1.000000
0.994041 0.108182 -0.013410 0.000000 -0.102976 0.972242 0.210100 26.713100 0.035767 -0.207467 0.977588 0.000000 0.000000 0.000000 0.000000 1.000000
0.993524 0.113616 0.001227 0.000000 -0.111378 0.971705 0.208289 26.713100 0.022473 -0.207076 0.978067 0.000000 0.000000 0.000000 0.000000 1.000000
0.992590 0.121324 0.006688 0.000000 -0.120134 0.971620 0.203772 26.713100 0.018225 -0.203066 0.978996 0.000000 0.000000 0.000000 0.000000 1.000000
0.992014 0.126111 -0.002021 0.000000 -0.123103 0.971586 0.202156 26.713100 0.027458 -0.200293 0.979351 -0.000000 0.000000 0.000000 0.000000 1.000000
0.991744 0.126587 -0.020465 0.000000 -0.119630 0.970832 0.207785 26.713100 0.046171 -0.203621 0.977960 0.000000 0.000000 0.000000 0.000000 1.000000
0.991005 0.127710 -0.039986 -0.000000 -0.115964 0.968647 0.219718 26.713100 0.066793 -0.213104 0.974744 0.000000 0.000000 0.000000 0.000000 1.000000
0.989400 0.134416 -0.054963 -0.000000 -0.118209 0.965308 0.232826 26.713100 0.084352 -0.223861 0.970964 0.000000 0.000000 0.000000 0.000000 1.000000
0.987711 0.143179 -0.062671 0.000000 -0.123995 0.961948 0.243477 26.713100 0.095147 -0.232714 0.967880 0.000000 0.000000 0.000000 0.000000 1.000000
0.987852 0.144639 -0.056814 -0.000000 -0.125838 0.959078 0.253642 26.713100 0.091175 -0.243412 0.965628 0.000000 0.000000 0.000000 0.000000 1.000000
0.989847 0.137294 -0.036796 0.000000 -0.122783 0.956323 0.265273 26.713100 0.071609 -0.258062 0.963471 -0.000000 0.000000 0.000000 0.000000 1.000000
0.991152 0.131846 -0.015291 0.000000 -0.122688 0.954020 0.273484 26.713100 0.050645 -0.269188 0.961755 0.000000 0.000000 0.000000 0.000000 1.000000
0.990332 0.138411 -0.009254 -0.000000 -0.130748 0.953626 0.271112 26.713100 0.046350 -0.267281 0.962503 0.000000 0.000000 0.000000 0.000000 1.000000
0.987988 0.153159 -0.020542 0.000000 -0.142500 0.954408 0.262295 26.713100 0.059778 -0.256217 0.964769 0.000000 0.000000 0.000000 0.000000 1.000000
0.985930 0.163576 -0.034422 -0.000000 -0.149222 0.954075 0.259758 26.713100 0.075331 -0.250967 0.965060 -0.000000 0.000000 0.000000 0.000000 1.000000
0.985688 0.163747 -0.040078 0.000000 -0.147391 0.952477 0.266577 26.713100 0.081825 -0.256855 0.962980 0.000000 0.000000 0.000000 0.000000 1.000000
0.986411 0.158558 -0.043051 0.000000 -0.141183 0.952031 0.271486 26.713100 0.084032 -0.261719 0.961479 0.000000 0.000000 0.000000 0.000000 1.000000
0.986527 0.154827 -0.052844 -0.000000 -0.135691 0.954827 0.264374 26.713100 0.091389 -0.253641 0.962971 -0.000000 0.000000 0.000000 0.000000 1.000000
0.985858 0.153637 -0.066937 0.000000 -0.132555 0.959268 0.249466 26.713100 0.102538 -0.237065 0.966067 -0.000000 0.000000 0.000000 0.000000 1.000000
0.985683 0.151473 -0.074059 -0.000000 -0.129954 0.962359 0.238698 26.713100 0.107427 -0.225656 0.968266 -0.000000 0.000000 0.000000 0.000000 1.000000
0.987117 0.144900 -0.067849 0.000000 -0.125119 0.963390 0.237119 26.713100 0.099724 -0.225575 0.969108 0.000000 0.000000 0.000000 0.000000 1.000000
0.989697 0.133312 -0.052221 -0.000000 -0.117138 0.963662 0.240072 26.713100 0.082328 -0.231482 0.969349 0.000000 0.000000 0.000000 0.000000 1.000000
0.992129 0.119694 -0.036786 0.000000 -0.107419 0.964511 0.241205 26.713100 0.064351 -0.235355 0.969777 0.000000 0.000000 0.000000 0.000000 1.000000
0.993606 0.109017 -0.029359 0.000000 -0.098919 0.965951 0.239068 26.713100 0.054422 -0.234635 0.970559 0.000000 0.000000 0.000000 0.000000 1.000000
0.994104 0.104104 -0.030338 0.000000 -0.094030 0.966962 0.236944 26.713100 0.054002 -0.232694 0.971049 0.000000 0.000000 0.000000 0.000000 1.000000
0.994083 0.103412 -0.033226 0.000000 -0.092640 0.966909 0.237709 26.713100 0.056709 -0.233225 0.970768 0.000000 0.000000 0.000000 0.000000 1.000000
0.994092 0.103788 -0.031769 0.000000 -0.093263 0.966489 0.239168 26.713100 0.055527 -0.234792 0.970458 0.000000 0.000000 0.000000 0.000000 1.000000
0.994259 0.103824 -0.025885 0.000000 -0.094842 0.967097 0.236068 26.713100 0.049543 -0.232258 0.971392 0.000000 0.000000 0.000000 0.000000 1.000000
0.994412 0.103710 -0.019702 0.000000 -0.096570 0.969084 0.227047 26.713100 0.042640 -0.223876 0.973684 0.000000 0.000000 0.000000 0.000000 1.000000
0.994510 0.103406 -0.016024 -0.000000 -0.097488 0.971248 0.217195 26.713100 0.038022 -0.214440 0.975997 0.000000 0.000000 0.000000 0.000000 1.000000
0.994661 0.102058 -0.015313 0.000000 -0.096514 0.972457 0.212162 26.713100 0.036544 -0.209551 0.977115 0.000000 0.000000 0.000000 0.000000 1.000000
0.994880 0.099373 -0.018411 0.000000 -0.093254 0.972860 0.211772 26.713100 0.038956 -0.208971 0.977146 0.000000 0.000000 0.000000 0.000000 1.000000
0.994941 0.096961 -0.026270 -0.000000 -0.089250 0.973220 0.211844 26.713100 0.046107 -0.208428 0.976950 0.000000 0.000000 0.000000 0.000000 1.000000
0.994602 0.097154 -0.036446 0.000000 -0.087393 0.973663 0.210576 26.713100 0.055944 -0.206254 0.976898 0.000000 0.000000 0.000000 0.000000 1.000000
0.994035 0.100263 -0.042926 -0.000000 -0.089140 0.973642 0.209940 26.713100 0.062844 -0.204861 0.976771 -0.000000 0.000000 0.000000 0.000000 1.000000
0.993693 0.104196 -0.041430 0.000000 -0.093219 0.972986 0.211207 26.713100 0.062318 -0.206013 0.976563 -0.000000 0.000000 0.000000 0.000000 1.000000
0.993647 0.107189 -0.034300 0.000000 -0.097551 0.972285 0.212475 26.713100 0.056125 -0.207779 0.976564 0.000000 0.000000 0.000000 0.000000 1.000000
0.993603 0.109280 -0.028486 -0.000000 -0.100847 0.972115 0.211715 26.713100 0.050828 -0.207488 0.976916 0.000000 0.000000 0.000000 0.000000 1.000000
0.993456 0.110645 -0.028340 -0.000000 -0.102292 0.972291 0.210206 26.713100 0.050813 -0.205931 0.977246 0.000000 0.000000 0.000000 0.000000 1.000000
0.993334 0.110604 -0.032462 0.000000 -0.101338 0.972145 0.211341 26.713100 0.054933 -0.206643 0.976873 -0.000000 0.000000 0.000000 0.000000 1.000000
0.993308 0.109046 -0.038047 0.000000 -0.098349 0.971352 0.216342 26.713100 0.060549 -0.211152 0.975576 -0.000000 0.000000 0.000000 0.000000 1.000000
0.993237 0.107215 -0.044552 0.000000 -0.094755 0.970300 0.222576 26.713100 0.067093 -0.216849 0.973897 -0.000000 0.000000 0.000000 0.000000 1.000000
0.992997 0.106400 -0.051334 0.000000 -0.092175 0.969600 0.226670 26.713100 0.073891 -0.220351 0.972618 0.000000 0.000000 0.000000 0.000000 1.000000
0.992712 0.106907 -0.055614 0.000000 -0.091623 0.969360 0.227918 26.713100 0.078276 -0.221162 0.972091 -0.000000 0.000000 0.000000 0.000000 1.000000
0.992570 0.108268 -0.055519 0.000000 -0.092995 0.969290 0.227659 26.713100 0.078462 -0.220804 0.972157 0.000000 0.000000 0.000000 0.000000 1.000000
0.992605 0.109343 -0.052713 0.000000 -0.094740 0.969341 0.226719 26.713100 0.075887 -0.220049 0.972533 0.000000 0.000000 0.000000 0.000000 1.000000
0.992800 0.108783 -0.050136 0.000000 -0.094902 0.969758 0.224864 26.713100 0.073081 -0.218487 0.973100 0.000000 0.000000 0.000000 0.000000 1.000000
0.993090 0.106698 -0.048860 0.000000 -0.093380 0.970641 0.221667 26.713100 0.071076 -0.215573 0.973897 0.000000 0.000000 0.000000 0.000000 1.000000
0.993289 0.105138 -0.048193 0.000000 -0.092342 0.971818 0.216892 26.713100 0.069638 -0.210987 0.975005 -0.000000 0.000000 0.000000 0.000000 1.000000
0.993284 0.105670 -0.047126 0.000000 -0.093497 0.972989 0.211071 26.713100 0.068157 -0.205247 0.976334 0.000000 0.000000 0.000000 0.000000 1.000000
0.993236 0.107244 -0.044509 0.000000 -0.095891 0.973756 0.206409 26.713100 0.065477 -0.200745 0.977453 -0.000000 0.000000 0.000000 0.000000 1.000000
0.993427 0.107707 -0.038757 0.000000 -0.097561 0.973786 0.205482 26.713100 0.059872 -0.200351 0.977893 -0.000000 0.000000 0.000000 0.000000 1.000000
0.993850 0.107052 -0.028336 0.000000 -0.098889 0.973121 0.207983 26.713100 0.049839 -0.203902 0.977722 0.000000 0.000000 0.000000 0.000000 1.000000</float_array>
        <technique_common>
          <accessor source="#mixamorig_RightHand-Matrix-animation-output-transform-array" count="53" stride="16">
            <param type="float4x4"/>
          </accessor>
        </technique_common>
      </source>
      <source id="mixamorig_RightHand-Interpolations">
        <Name_array id="mixamorig_RightHand-Interpolations-array" count="53">
 LINEAR LINEAR LINEAR LINEAR LINEAR LINEAR LINEAR LINEAR LINEAR LINEAR LINEAR
LINEAR LINEAR LINEAR LINEAR LINEAR LINEAR LINEAR LINEAR LINEAR LINEAR LINEAR LINEAR
LINEAR LINEAR LINEAR LINEAR LINEAR LINEAR LINEAR LINEAR LINEAR LINEAR LINEAR LINEAR
LINEAR LINEAR LINEAR LINEAR LINEAR LINEAR LINEAR LINEAR LINEAR LINEAR LINEAR LINEAR
LINEAR LINEAR LINEAR LINEAR LINEAR LINEAR</Name_array>
        <technique_common>
          <accessor source="#mixamorig_RightHand-Interpolations-array" count="53">
            <param type="name"/>
          </accessor>
        </technique_common>
      </source>
      <sampler id="mixamorig_RightHand-Matrix-animation-transform">
        <input semantic="INPUT" source="#mixamorig_RightHand-Matrix-animation-input"/>
        <input semantic="OUTPUT" source="#mixamorig_RightHand-Matrix-animation-output-transform"/>
        <input semantic="INTERPOLATION" source="#mixamorig_RightHand-Interpolations"/>
      </sampler>
      <channel source="#mixamorig_RightHand-Matrix-animation-transform" target="mixamorig_RightHand/matrix"/>
    </animation>
    <animation id="mixamorig_RightHandThumb1-anim" name="mixamorig_RightHandThumb1">
      <source id="mixamorig_RightHandThumb1-Matrix-animation-input">
        <float_array id="mixamorig_RightHandThumb1-Matrix-animation-input-array" count="53">

0.000000 0.033333 0.066667 0.100000 0.133333 0.166667 0.200000 0.233333 0.266667 0.300000 0.333333 0.366667 0.400000 0.433333 0.466667 0.500000
0.533333 0.566667 0.600000 0.633333 0.666667 0.700000 0.733333 0.766667 0.800000 0.833333 0.866667 0.900000 0.933333 0.966667 1.000000 1.033333
1.066667 1.100000 1.133333 1.166667 1.200000 1.233333 1.266667 1.300000 1.333333 1.366667 1.400000 1.433333 1.466667 1.500000 1.533333 1.566667
1.600000 1.633333 1.666667 1.700000 1.733333</float_array>
        <technique_common>
          <accessor source="#mixamorig_RightHandThumb1-Matrix-animation-input-array" count="53">
            <param name="TIME" type="float"/>
          </accessor>
        </technique_common>
      </source>
      <source id="mixamorig_RightHandThumb1-Matrix-animation-output-transform">
        <float_array id="mixamorig_RightHandThumb1-Matrix-animation-output-transform-array" count="848">

0.967910 0.236058 -0.086185 2.712200 -0.245530 0.815273 -0.524447 6.800000 -0.053535 0.528779 0.847070 2.789800 0.000000 0.000000 0.000000 1.000000
0.967910 0.236058 -0.086185 2.712200 -0.245530 0.815273 -0.524447 6.800000 -0.053535 0.528779 0.847070 2.789800 0.000000 0.000000 0.000000 1.000000
0.967910 0.236058 -0.086185 2.712200 -0.245530 0.815273 -0.524447 6.800000 -0.053535 0.528779 0.847070 2.789800 0.000000 0.000000 0.000000 1.000000
0.967909 0.236058 -0.086185 2.712200 -0.245530 0.815273 -0.524447 6.800000 -0.053535 0.528779 0.847070 2.789800 0.000000 0.000000 0.000000 1.000000
0.967909 0.236058 -0.086185 2.712200 -0.245531 0.815273 -0.524447 6.800000 -0.053535 0.528779 0.847070 2.789800 0.000000 0.000000 0.000000 1.000000
0.967910 0.236058 -0.086185 2.712200 -0.245530 0.815273 -0.524448 6.800000 -0.053536 0.528779 0.847070 2.789800 0.000000 0.000000 0.000000 1.000000
0.967909 0.236058 -0.086185 2.712200 -0.245530 0.815273 -0.524448 6.800000 -0.053535 0.528779 0.847070 2.789800 0.000000 0.000000 0.000000 1.000000
0.967910 0.236058 -0.086185 2.712200 -0.245530 0.815273 -0.524448 6.800000 -0.053536 0.528779 0.847070 2.789800 0.000000 0.000000 0.000000 1.000000
0.967910 0.236058 -0.086185 2.712200 -0.245530 0.815273 -0.524448 6.800000 -0.053535 0.528779 0.847070 2.789800 0.000000 0.000000 0.000000 1.000000
0.967909 0.236058 -0.086185 2.712200 -0.245531 0.815273 -0.524448 6.800000 -0.053536 0.528779 0.847070 2.789800 0.000000 0.000000 0.000000 1.000000
0.967910 0.236058 -0.086185 2.712200 -0.245530 0.815273 -0.524448 6.800000 -0.053535 0.528779 0.847070 2.789800 0.000000 0.000000 0.000000 1.000000
0.967909 0.236058 -0.086185 2.712200 -0.245531 0.815273 -0.524447 6.800000 -0.053535 0.528778 0.847070 2.789800 0.000000 0.000000 0.000000 1.000000
0.967910 0.236058 -0.086185 2.712200 -0.245530 0.815273 -0.524447 6.800000 -0.053535 0.528779 0.847070 2.789800 0.000000 0.000000 0.000000 1.000000
0.967909 0.236058 -0.086185 2.712200 -0.245530 0.815273 -0.524448 6.800000 -0.053536 0.528779 0.847070 2.789800 0.000000 0.000000 0.000000 1.000000
0.967910 0.236058 -0.086185 2.712200 -0.245530 0.815273 -0.524447 6.800000 -0.053535 0.528779 0.847070 2.789800 0.000000 0.000000 0.000000 1.000000
0.967910 0.236058 -0.086185 2.712200 -0.245530 0.815273 -0.524448 6.800000 -0.053536 0.528779 0.847070 2.789800 0.000000 0.000000 0.000000 1.000000
0.967910 0.236058 -0.086185 2.712200 -0.245530 0.815273 -0.524447 6.800000 -0.053535 0.528779 0.847070 2.789800 0.000000 0.000000 0.000000 1.000000
0.967909 0.236058 -0.086185 2.712200 -0.245530 0.815273 -0.524447 6.800000 -0.053535 0.528779 0.847070 2.789800 0.000000 0.000000 0.000000 1.000000
0.967909 0.236058 -0.086185 2.712200 -0.245530 0.815273 -0.524447 6.800000 -0.053535 0.528779 0.847070 2.789800 0.000000 0.000000 0.000000 1.000000
0.967909 0.236058 -0.086185 2.712200 -0.245530 0.815273 -0.524447 6.800000 -0.053535 0.528779 0.847070 2.789800 0.000000 0.000000 0.000000 1.000000
0.967910 0.236058 -0.086185 2.712200 -0.245530 0.815273 -0.524447 6.800000 -0.053535 0.528779 0.847070 2.789800 0.000000 0.000000 0.000000 1.000000
0.967909 0.236058 -0.086186 2.712200 -0.245530 0.815273 -0.524448 6.800000 -0.053535 0.528779 0.847070 2.789800 0.000000 0.000000 0.000000 1.000000
0.967909 0.236058 -0.086185 2.712200 -0.245530 0.815273 -0.524447 6.800000 -0.053536 0.528779 0.847070 2.789800 0.000000 0.000000 0.000000 1.000000
0.967909 0.236058 -0.086185 2.712200 -0.245530 0.815273 -0.524448 6.800000 -0.053535 0.528779 0.847070 2.789800 0.000000 0.000000 0.000000 1.000000
0.967910 0.236058 -0.086185 2.712200 -0.245530 0.815273 -0.524447 6.800000 -0.053535 0.528779 0.847070 2.789800 0.000000 0.000000 0.000000 1.000000
0.967910 0.236058 -0.086185 2.712200 -0.245530 0.815273 -0.524447 6.800000 -0.053535 0.528779 0.847070 2.789800 0.000000 0.000000 0.000000 1.000000
0.967909 0.236058 -0.086185 2.712200 -0.245531 0.815273 -0.524448 6.800000 -0.053535 0.528779 0.847070 2.789800 0.000000 0.000000 0.000000 1.000000
0.967910 0.236058 -0.086185 2.712200 -0.245530 0.815273 -0.524448 6.800000 -0.053536 0.528779 0.847070 2.789800 0.000000 0.000000 0.000000 1.000000
0.967910 0.236058 -0.086185 2.712200 -0.245530 0.815273 -0.524448 6.800000 -0.053535 0.528779 0.847070 2.789800 0.000000 0.000000 0.000000 1.000000
0.967909 0.236058 -0.086185 2.712200 -0.245530 0.815273 -0.524448 6.800000 -0.053536 0.528779 0.847070 2.789800 0.000000 0.000000 0.000000 1.000000
0.967910 0.236058 -0.086185 2.712200 -0.245530 0.815273 -0.524448 6.800000 -0.053536 0.528779 0.847070 2.789800 0.000000 0.000000 0.000000 1.000000
0.967909 0.236058 -0.086185 2.712200 -0.245531 0.815273 -0.524448 6.800000 -0.053536 0.528779 0.847069 2.789800 0.000000 0.000000 0.000000 1.000000
0.967909 0.236058 -0.086185 2.712200 -0.245530 0.815273 -0.524448 6.800000 -0.053535 0.528779 0.847070 2.789800 0.000000 0.000000 0.000000 1.000000
0.967910 0.236058 -0.086185 2.712200 -0.245530 0.815273 -0.524448 6.800000 -0.053535 0.528779 0.847070 2.789800 0.000000 0.000000 0.000000 1.000000
0.967910 0.236058 -0.086185 2.712200 -0.245530 0.815273 -0.524447 6.800000 -0.053535 0.528779 0.847070 2.789800 0.000000 0.000000 0.000000 1.000000
0.967910 0.236058 -0.086185 2.712200 -0.245530 0.815273 -0.524447 6.800000 -0.053535 0.528779 0.847070 2.789800 0.000000 0.000000 0.000000 1.000000
0.967909 0.236058 -0.086185 2.712200 -0.245530 0.815273 -0.524447 6.800000 -0.053536 0.528779 0.847070 2.789800 0.000000 0.000000 0.000000 1.000000
0.967910 0.236058 -0.086185 2.712200 -0.245530 0.815273 -0.524447 6.800000 -0.053535 0.528779 0.847070 2.789800 0.000000 0.000000 0.000000 1.000000
0.967910 0.236058 -0.086185 2.712200 -0.245530 0.815273 -0.524448 6.800000 -0.053535 0.528779 0.847070 2.789800 0.000000 0.000000 0.000000 1.000000
0.967909 0.236058 -0.086185 2.712200 -0.245530 0.815273 -0.524447 6.800000 -0.053535 0.528779 0.847070 2.789800 0.000000 0.000000 0.000000 1.000000
0.967910 0.236058 -0.086185 2.712200 -0.245530 0.815273 -0.524448 6.800000 -0.053535 0.528779 0.847070 2.789800 0.000000 0.000000 0.000000 1.000000
0.967909 0.236058 -0.086185 2.712200 -0.245530 0.815273 -0.524447 6.800000 -0.053535 0.528779 0.847070 2.789800 0.000000 0.000000 0.000000 1.000000
0.967910 0.236058 -0.086185 2.712200 -0.245530 0.815273 -0.524448 6.800000 -0.053535 0.528779 0.847069 2.789800 0.000000 0.000000 0.000000 1.000000
0.967909 0.236058 -0.086185 2.712200 -0.245530 0.815273 -0.524448 6.800000 -0.053535 0.528779 0.847070 2.789800 0.000000 0.000000 0.000000 1.000000
0.967909 0.236058 -0.086185 2.712200 -0.245530 0.815273 -0.524448 6.800000 -0.053536 0.528779 0.847070 2.789800 0.000000 0.000000 0.000000 1.000000
0.967909 0.236058 -0.086185 2.712200 -0.245530 0.815273 -0.524447 6.800000 -0.053535 0.528779 0.847070 2.789800 0.000000 0.000000 0.000000 1.000000
0.967910 0.236058 -0.086185 2.712200 -0.245530 0.815273 -0.524448 6.800000 -0.053535 0.528779 0.847070 2.789800 0.000000 0.000000 0.000000 1.000000
0.967909 0.236058 -0.086185 2.712200 -0.245530 0.815273 -0.524447 6.800000 -0.053535 0.528779 0.847070 2.789800 0.000000 0.000000 0.000000 1.000000
0.967909 0.236058 -0.086185 2.712200 -0.245530 0.815273 -0.524448 6.800000 -0.053536 0.528779 0.847069 2.789800 0.000000 0.000000 0.000000 1.000000
0.967909 0.236058 -0.086185 2.712200 -0.245530 0.815273 -0.524447 6.800000 -0.053536 0.528779 0.847070 2.789800 0.000000 0.000000 0.000000 1.000000
0.967910 0.236058 -0.086185 2.712200 -0.245530 0.815273 -0.524448 6.800000 -0.053535 0.528779 0.847070 2.789800 0.000000 0.000000 0.000000 1.000000
0.967910 0.236058 -0.086185 2.712200 -0.245530 0.815273 -0.524447 6.800000 -0.053535 0.528779 0.847070 2.789800 0.000000 0.000000 0.000000 1.000000
0.967910 0.236058 -0.086185 2.712200 -0.245530 0.815273 -0.524447 6.800000 -0.053535 0.528779 0.847070 2.789800 0.000000 0.000000 0.000000 1.000000</float_array>
        <technique_common>
          <accessor source="#mixamorig_RightHandThumb1-Matrix-animation-output-transform-array" count="53" stride="16">
            <param type="float4x4"/>
          </accessor>
        </technique_common>
      </source>
      <source id="mixamorig_RightHandThumb1-Interpolations">
        <Name_array id="mixamorig_RightHandThumb1-Interpolations-array" count="53">
 LINEAR LINEAR LINEAR LINEAR LINEAR LINEAR LINEAR LINEAR LINEAR LINEAR LINEAR
LINEAR LINEAR LINEAR LINEAR LINEAR LINEAR LINEAR LINEAR LINEAR LINEAR LINEAR LINEAR
LINEAR LINEAR LINEAR LINEAR LINEAR LINEAR LINEAR LINEAR LINEAR LINEAR LINEAR LINEAR
LINEAR LINEAR LINEAR LINEAR LINEAR LINEAR LINEAR LINEAR LINEAR LINEAR LINEAR LINEAR
LINEAR LINEAR LINEAR LINEAR LINEAR LINEAR</Name_array>
        <technique_common>
          <accessor source="#mixamorig_RightHandThumb1-Interpolations-array" count="53">
            <param type="name"/>
          </accessor>
        </technique_common>
      </source>
      <sampler id="mixamorig_RightHandThumb1-Matrix-animation-transform">
        <input semantic="INPUT" source="#mixamorig_RightHandThumb1-Matrix-animation-input"/>
        <input semantic="OUTPUT" source="#mixamorig_RightHandThumb1-Matrix-animation-output-transform"/>
        <input semantic="INTERPOLATION" source="#mixamorig_RightHandThumb1-Interpolations"/>
      </sampler>
      <channel source="#mixamorig_RightHandThumb1-Matrix-animation-transform" target="mixamorig_RightHandThumb1/matrix"/>
    </animation>
    <animation id="mixamorig_RightHandThumb2-anim" name="mixamorig_RightHandThumb2">
      <source id="mixamorig_RightHandThumb2-Matrix-animation-input">
        <float_array id="mixamorig_RightHandThumb2-Matrix-animation-input-array" count="53">

0.000000 0.033333 0.066667 0.100000 0.133333 0.166667 0.200000 0.233333 0.266667 0.300000 0.333333 0.366667 0.400000 0.433333 0.466667 0.500000
0.533333 0.566667 0.600000 0.633333 0.666667 0.700000 0.733333 0.766667 0.800000 0.833333 0.866667 0.900000 0.933333 0.966667 1.000000 1.033333
1.066667 1.100000 1.133333 1.166667 1.200000 1.233333 1.266667 1.300000 1.333333 1.366667 1.400000 1.433333 1.466667 1.500000 1.533333 1.566667
1.600000 1.633333 1.666667 1.700000 1.733333</float_array>
        <technique_common>
          <accessor source="#mixamorig_RightHandThumb2-Matrix-animation-input-array" count="53">
            <param name="TIME" type="float"/>
          </accessor>
        </technique_common>
      </source>
      <source id="mixamorig_RightHandThumb2-Matrix-animation-output-transform">
        <float_array id="mixamorig_RightHandThumb2-Matrix-animation-output-transform-array" count="848">

0.896915 -0.439556 -0.048305 0.000000 0.429622 0.892055 -0.140227 4.523200 0.104729 0.105018 0.988940 0.000000 0.000000 0.000000 0.000000 1.000000
0.896915 -0.439556 -0.048305 0.000000 0.429621 0.892055 -0.140226 4.523200 0.104728 0.105018 0.988940 0.000000 0.000000 0.000000 0.000000 1.000000
0.896915 -0.439556 -0.048305 0.000000 0.429622 0.892055 -0.140227 4.523200 0.104729 0.105019 0.988940 0.000000 0.000000 0.000000 0.000000 1.000000
0.896915 -0.439556 -0.048306 -0.000000 0.429622 0.892055 -0.140227 4.523200 0.104729 0.105018 0.988940 0.000000 0.000000 0.000000 0.000000 1.000000
0.896915 -0.439556 -0.048306 0.000000 0.429622 0.892055 -0.140227 4.523200 0.104729 0.105018 0.988940 0.000000 0.000000 0.000000 0.000000 1.000000
0.896915 -0.439556 -0.048305 0.000000 0.429622 0.892055 -0.140227 4.523200 0.104729 0.105018 0.988940 -0.000000 0.000000 0.000000 0.000000 1.000000
0.896915 -0.439556 -0.048305 -0.000000 0.429622 0.892055 -0.140227 4.523200 0.104728 0.105019 0.988940 0.000000 0.000000 0.000000 0.000000 1.000000
0.896915 -0.439556 -0.048305 0.000000 0.429621 0.892055 -0.140227 4.523200 0.104729 0.105019 0.988940 0.000000 0.000000 0.000000 0.000000 1.000000
0.896915 -0.439556 -0.048305 0.000000 0.429621 0.892055 -0.140227 4.523200 0.104728 0.105019 0.988940 0.000000 0.000000 0.000000 0.000000 1.000000
0.896915 -0.439556 -0.048305 -0.000000 0.429622 0.892055 -0.140227 4.523200 0.104729 0.105019 0.988940 -0.000000 0.000000 0.000000 0.000000 1.000000
0.896915 -0.439556 -0.048305 0.000000 0.429622 0.892055 -0.140227 4.523200 0.104729 0.105019 0.988940 0.000000 0.000000 0.000000 0.000000 1.000000
0.896915 -0.439556 -0.048305 0.000000 0.429621 0.892055 -0.140227 4.523200 0.104729 0.105019 0.988940 0.000000 0.000000 0.000000 0.000000 1.000000
0.896915 -0.439556 -0.048306 0.000000 0.429621 0.892055 -0.140227 4.523200 0.104729 0.105019 0.988940 0.000000 0.000000 0.000000 0.000000 1.000000
0.896915 -0.439556 -0.048305 0.000000 0.429622 0.892055 -0.140227 4.523200 0.104729 0.105019 0.988940 0.000000 0.000000 0.000000 0.000000 1.000000
0.896915 -0.439556 -0.048305 0.000000 0.429622 0.892055 -0.140227 4.523200 0.104729 0.105018 0.988940 0.000000 0.000000 0.000000 0.000000 1.000000
0.896915 -0.439556 -0.048305 0.000000 0.429622 0.892055 -0.140227 4.523200 0.104729 0.105019 0.988940 -0.000000 0.000000 0.000000 0.000000 1.000000
0.896916 -0.439556 -0.048305 0.000000 0.429621 0.892055 -0.140227 4.523200 0.104729 0.105019 0.988940 -0.000000 0.000000 0.000000 0.000000 1.000000
0.896915 -0.439556 -0.048305 -0.000000 0.429622 0.892055 -0.140227 4.523200 0.104729 0.105019 0.988940 0.000000 0.000000 0.000000 0.000000 1.000000
0.896915 -0.439556 -0.048305 0.000000 0.429622 0.892055 -0.140227 4.523200 0.104729 0.105019 0.988940 0.000000 0.000000 0.000000 0.000000 1.000000
0.896915 -0.439556 -0.048305 -0.000000 0.429622 0.892055 -0.140227 4.523200 0.104729 0.105019 0.988940 0.000000 0.000000 0.000000 0.000000 1.000000
0.896915 -0.439556 -0.048305 -0.000000 0.429622 0.892055 -0.140227 4.523200 0.104728 0.105019 0.988940 0.000000 0.000000 0.000000 0.000000 1.000000
0.896915 -0.439556 -0.048305 -0.000000 0.429622 0.892055 -0.140227 4.523200 0.104728 0.105019 0.988940 -0.000000 0.000000 0.000000 0.000000 1.000000
0.896915 -0.439556 -0.048306 0.000000 0.429622 0.892055 -0.140227 4.523200 0.104729 0.105018 0.988940 -0.000000 0.000000 0.000000 0.000000 1.000000
0.896915 -0.439556 -0.048306 -0.000000 0.429621 0.892055 -0.140227 4.523200 0.104729 0.105019 0.988940 0.000000 0.000000 0.000000 0.000000 1.000000
0.896915 -0.439556 -0.048305 -0.000000 0.429622 0.892055 -0.140227 4.523200 0.104729 0.105019 0.988940 0.000000 0.000000 0.000000 0.000000 1.000000
0.896915 -0.439556 -0.048305 -0.000000 0.429622 0.892055 -0.140227 4.523200 0.104728 0.105019 0.988940 0.000000 0.000000 0.000000 0.000000 1.000000
0.896915 -0.439556 -0.048306 0.000000 0.429622 0.892055 -0.140227 4.523200 0.104729 0.105018 0.988940 0.000000 0.000000 0.000000 0.000000 1.000000
0.896915 -0.439556 -0.048306 0.000000 0.429622 0.892055 -0.140227 4.523200 0.104729 0.105018 0.988940 0.000000 0.000000 0.000000 0.000000 1.000000
0.896915 -0.439556 -0.048306 -0.000000 0.429622 0.892055 -0.140227 4.523200 0.104729 0.105019 0.988940 0.000000 0.000000 0.000000 0.000000 1.000000
0.896915 -0.439556 -0.048305 0.000000 0.429622 0.892055 -0.140227 4.523200 0.104728 0.105018 0.988940 0.000000 0.000000 0.000000 0.000000 1.000000
0.896915 -0.439556 -0.048306 0.000000 0.429622 0.892055 -0.140226 4.523200 0.104728 0.105018 0.988940 0.000000 0.000000 0.000000 0.000000 1.000000
0.896915 -0.439556 -0.048305 0.000000 0.429622 0.892055 -0.140227 4.523200 0.104729 0.105019 0.988940 -0.000000 0.000000 0.000000 0.000000 1.000000
0.896915 -0.439556 -0.048306 0.000000 0.429622 0.892055 -0.140227 4.523200 0.104729 0.105018 0.988940 0.000000 0.000000 0.000000 0.000000 1.000000
0.896915 -0.439556 -0.048306 0.000000 0.429621 0.892055 -0.140227 4.523200 0.104729 0.105018 0.988940 0.000000 0.000000 0.000000 0.000000 1.000000
0.896915 -0.439556 -0.048305 -0.000000 0.429621 0.892055 -0.140227 4.523200 0.104729 0.105019 0.988940 0.000000 0.000000 0.000000 0.000000 1.000000
0.896915 -0.439556 -0.048305 0.000000 0.429622 0.892055 -0.140227 4.523200 0.104729 0.105019 0.988940 -0.000000 0.000000 0.000000 0.000000 1.000000
0.896915 -0.439556 -0.048305 0.000000 0.429622 0.892055 -0.140227 4.523200 0.104729 0.105019 0.988940 0.000000 0.000000 0.000000 0.000000 1.000000
0.896915 -0.439556 -0.048305 0.000000 0.429622 0.892055 -0.140227 4.523200 0.104728 0.105019 0.988940 0.000000 0.000000 0.000000 0.000000 1.000000
0.896915 -0.439556 -0.048305 0.000000 0.429622 0.892055 -0.140227 4.523200 0.104729 0.105019 0.988940 -0.000000 0.000000 0.000000 0.000000 1.000000
0.896915 -0.439556 -0.048305 -0.000000 0.429622 0.892055 -0.140227 4.523200 0.104729 0.105019 0.988940 0.000000 0.000000 0.000000 0.000000 1.000000
0.896915 -0.439556 -0.048306 0.000000 0.429622 0.892055 -0.140227 4.523200 0.104729 0.105019 0.988940 0.000000 0.000000 0.000000 0.000000 1.000000
0.896915 -0.439556 -0.048305 -0.000000 0.429622 0.892055 -0.140227 4.523200 0.104728 0.105019 0.988940 0.000000 0.000000 0.000000 0.000000 1.000000
0.896915 -0.439556 -0.048305 -0.000000 0.429622 0.892055 -0.140227 4.523200 0.104729 0.105019 0.988940 0.000000 0.000000 0.000000 0.000000 1.000000
0.896915 -0.439556 -0.048305 0.000000 0.429622 0.892055 -0.140227 4.523200 0.104728 0.105019 0.988940 0.000000 0.000000 0.000000 0.000000 1.000000
0.896915 -0.439556 -0.048306 0.000000 0.429622 0.892055 -0.140227 4.523200 0.104729 0.105018 0.988940 0.000000 0.000000 0.000000 0.000000 1.000000
0.896915 -0.439556 -0.048305 0.000000 0.429621 0.892055 -0.140227 4.523200 0.104729 0.105019 0.988940 -0.000000 0.000000 0.000000 0.000000 1.000000
0.896915 -0.439556 -0.048305 0.000000 0.429622 0.892055 -0.140227 4.523200 0.104729 0.105018 0.988940 0.000000 0.000000 0.000000 0.000000 1.000000
0.896915 -0.439556 -0.048305 0.000000 0.429622 0.892055 -0.140227 4.523200 0.104728 0.105019 0.988940 0.000000 0.000000 0.000000 0.000000 1.000000
0.896915 -0.439556 -0.048306 0.000000 0.429622 0.892055 -0.140227 4.523200 0.104729 0.105019 0.988940 0.000000 0.000000 0.000000 0.000000 1.000000
0.896915 -0.439556 -0.048305 0.000000 0.429621 0.892055 -0.140227 4.523200 0.104729 0.105019 0.988940 0.000000 0.000000 0.000000 0.000000 1.000000
0.896915 -0.439556 -0.048305 0.000000 0.429622 0.892055 -0.140227 4.523200 0.104729 0.105019 0.988940 -0.000000 0.000000 0.000000 0.000000 1.000000
0.896915 -0.439556 -0.048306 0.000000 0.429622 0.892055 -0.140227 4.523200 0.104729 0.105018 0.988940 0.000000 0.000000 0.000000 0.000000 1.000000
0.896915 -0.439556 -0.048305 -0.000000 0.429622 0.892055 -0.140227 4.523200 0.104729 0.105019 0.988940 0.000000 0.000000 0.000000 0.000000 1.000000</float_array>
        <technique_common>
          <accessor source="#mixamorig_RightHandThumb2-Matrix-animation-output-transform-array" count="53" stride="16">
            <param type="float4x4"/>
          </accessor>
        </technique_common>
      </source>
      <source id="mixamorig_RightHandThumb2-Interpolations">
        <Name_array id="mixamorig_RightHandThumb2-Interpolations-array" count="53">
 LINEAR LINEAR LINEAR LINEAR LINEAR LINEAR LINEAR LINEAR LINEAR LINEAR LINEAR
LINEAR LINEAR LINEAR LINEAR LINEAR LINEAR LINEAR LINEAR LINEAR LINEAR LINEAR LINEAR
LINEAR LINEAR LINEAR LINEAR LINEAR LINEAR LINEAR LINEAR LINEAR LINEAR LINEAR LINEAR
LINEAR LINEAR LINEAR LINEAR LINEAR LINEAR LINEAR LINEAR LINEAR LINEAR LINEAR LINEAR
LINEAR LINEAR LINEAR LINEAR LINEAR LINEAR</Name_array>
        <technique_common>
          <accessor source="#mixamorig_RightHandThumb2-Interpolations-array" count="53">
            <param type="name"/>
          </accessor>
        </technique_common>
      </source>
      <sampler id="mixamorig_RightHandThumb2-Matrix-animation-transform">
        <input semantic="INPUT" source="#mixamorig_RightHandThumb2-Matrix-animation-input"/>
        <input semantic="OUTPUT" source="#mixamorig_RightHandThumb2-Matrix-animation-output-transform"/>
        <input semantic="INTERPOLATION" source="#mixamorig_RightHandThumb2-Interpolations"/>
      </sampler>
      <channel source="#mixamorig_RightHandThumb2-Matrix-animation-transform" target="mixamorig_RightHandThumb2/matrix"/>
    </animation>
    <animation id="mixamorig_RightHandThumb3-anim" name="mixamorig_RightHandThumb3">
      <source id="mixamorig_RightHandThumb3-Matrix-animation-input">
        <float_array id="mixamorig_RightHandThumb3-Matrix-animation-input-array" count="53">

0.000000 0.033333 0.066667 0.100000 0.133333 0.166667 0.200000 0.233333 0.266667 0.300000 0.333333 0.366667 0.400000 0.433333 0.466667 0.500000
0.533333 0.566667 0.600000 0.633333 0.666667 0.700000 0.733333 0.766667 0.800000 0.833333 0.866667 0.900000 0.933333 0.966667 1.000000 1.033333
1.066667 1.100000 1.133333 1.166667 1.200000 1.233333 1.266667 1.300000 1.333333 1.366667 1.400000 1.433333 1.466667 1.500000 1.533333 1.566667
1.600000 1.633333 1.666667 1.700000 1.733333</float_array>
        <technique_common>
          <accessor source="#mixamorig_RightHandThumb3-Matrix-animation-input-array" count="53">
            <param name="TIME" type="float"/>
          </accessor>
        </technique_common>
      </source>
      <source id="mixamorig_RightHandThumb3-Matrix-animation-output-transform">
        <float_array id="mixamorig_RightHandThumb3-Matrix-animation-output-transform-array" count="848">

0.479491 -0.877532 -0.005118 0.000000 0.876504 0.478629 0.051533 3.636400 -0.042772 -0.029195 0.998658 0.000000 0.000000 0.000000 0.000000 1.000000
0.479491 -0.877532 -0.005118 0.000000 0.876504 0.478629 0.051533 3.636400 -0.042772 -0.029195 0.998658 -0.000000 0.000000 0.000000 0.000000 1.000000
0.479491 -0.877532 -0.005118 0.000000 0.876504 0.478629 0.051533 3.636400 -0.042772 -0.029195 0.998658 -0.000000 0.000000 0.000000 0.000000 1.000000
0.479491 -0.877532 -0.005118 -0.000000 0.876504 0.478629 0.051533 3.636400 -0.042772 -0.029195 0.998658 0.000000 0.000000 0.000000 0.000000 1.000000
0.479491 -0.877532 -0.005117 -0.000000 0.876504 0.478629 0.051533 3.636400 -0.042772 -0.029195 0.998658 -0.000000 0.000000 0.000000 0.000000 1.000000
0.479491 -0.877532 -0.005118 0.000000 0.876504 0.478629 0.051533 3.636400 -0.042772 -0.029195 0.998658 0.000000 0.000000 0.000000 0.000000 1.000000
0.479491 -0.877532 -0.005118 0.000000 0.876504 0.478629 0.051533 3.636400 -0.042772 -0.029195 0.998658 -0.000000 0.000000 0.000000 0.000000 1.000000
0.479491 -0.877532 -0.005118 0.000000 0.876504 0.478629 0.051533 3.636400 -0.042772 -0.029196 0.998658 -0.000000 0.000000 0.000000 0.000000 1.000000
0.479491 -0.877532 -0.005118 -0.000000 0.876504 0.478629 0.051533 3.636400 -0.042772 -0.029195 0.998658 0.000000 0.000000 0.000000 0.000000 1.000000
0.479491 -0.877532 -0.005117 0.000000 0.876504 0.478629 0.051533 3.636400 -0.042772 -0.029195 0.998658 -0.000000 0.000000 0.000000 0.000000 1.000000
0.479491 -0.877532 -0.005118 0.000000 0.876504 0.478629 0.051533 3.636400 -0.042772 -0.029195 0.998658 0.000000 0.000000 0.000000 0.000000 1.000000
0.479491 -0.877532 -0.005118 0.000000 0.876504 0.478629 0.051533 3.636400 -0.042772 -0.029195 0.998658 -0.000000 0.000000 0.000000 0.000000 1.000000
0.479491 -0.877532 -0.005117 0.000000 0.876504 0.478629 0.051533 3.636400 -0.042772 -0.029195 0.998658 0.000000 0.000000 0.000000 0.000000 1.000000
0.479491 -0.877532 -0.005118 0.000000 0.876504 0.478629 0.051533 3.636400 -0.042772 -0.029195 0.998658 0.000000 0.000000 0.000000 0.000000 1.000000
0.479491 -0.877532 -0.005118 0.000000 0.876504 0.478629 0.051533 3.636400 -0.042772 -0.029195 0.998658 -0.000000 0.000000 0.000000 0.000000 1.000000
0.479491 -0.877532 -0.005117 -0.000000 0.876504 0.478629 0.051533 3.636400 -0.042772 -0.029195 0.998658 0.000000 0.000000 0.000000 0.000000 1.000000
0.479491 -0.877532 -0.005118 0.000000 0.876504 0.478629 0.051533 3.636400 -0.042772 -0.029195 0.998658 -0.000000 0.000000 0.000000 0.000000 1.000000
0.479491 -0.877532 -0.005117 0.000000 0.876504 0.478629 0.051533 3.636400 -0.042772 -0.029195 0.998658 -0.000000 0.000000 0.000000 0.000000 1.000000
0.479491 -0.877532 -0.005118 0.000000 0.876504 0.478629 0.051533 3.636400 -0.042772 -0.029195 0.998658 0.000000 0.000000 0.000000 0.000000 1.000000
0.479491 -0.877532 -0.005118 -0.000000 0.876504 0.478629 0.051533 3.636400 -0.042772 -0.029195 0.998658 0.000000 0.000000 0.000000 0.000000 1.000000
0.479491 -0.877532 -0.005117 0.000000 0.876504 0.478628 0.051533 3.636400 -0.042772 -0.029195 0.998658 0.000000 0.000000 0.000000 0.000000 1.000000
0.479491 -0.877532 -0.005118 0.000000 0.876504 0.478629 0.051533 3.636400 -0.042772 -0.029195 0.998658 0.000000 0.000000 0.000000 0.000000 1.000000
0.479491 -0.877532 -0.005118 0.000000 0.876504 0.478629 0.051533 3.636400 -0.042772 -0.029195 0.998658 -0.000000 0.000000 0.000000 0.000000 1.000000
0.479491 -0.877532 -0.005117 0.000000 0.876504 0.478629 0.051533 3.636400 -0.042772 -0.029195 0.998658 -0.000000 0.000000 0.000000 0.000000 1.000000
0.479491 -0.877532 -0.005117 0.000000 0.876504 0.478629 0.051533 3.636400 -0.042773 -0.029195 0.998658 0.000000 0.000000 0.000000 0.000000 1.000000
0.479491 -0.877532 -0.005118 0.000000 0.876504 0.478629 0.051533 3.636400 -0.042772 -0.029195 0.998658 0.000000 0.000000 0.000000 0.000000 1.000000
0.479491 -0.877532 -0.005118 0.000000 0.876504 0.478629 0.051533 3.636400 -0.042772 -0.029195 0.998658 -0.000000 0.000000 0.000000 0.000000 1.000000
0.479491 -0.877532 -0.005117 0.000000 0.876504 0.478628 0.051533 3.636400 -0.042772 -0.029195 0.998658 0.000000 0.000000 0.000000 0.000000 1.000000
0.479491 -0.877532 -0.005118 0.000000 0.876504 0.478629 0.051533 3.636400 -0.042772 -0.029195 0.998658 -0.000000 0.000000 0.000000 0.000000 1.000000
0.479491 -0.877532 -0.005118 0.000000 0.876504 0.478629 0.051533 3.636400 -0.042772 -0.029195 0.998658 0.000000 0.000000 0.000000 0.000000 1.000000
0.479491 -0.877532 -0.005118 0.000000 0.876504 0.478629 0.051533 3.636400 -0.042772 -0.029195 0.998658 0.000000 0.000000 0.000000 0.000000 1.000000
0.479491 -0.877532 -0.005117 0.000000 0.876504 0.478629 0.051533 3.636400 -0.042772 -0.029195 0.998658 0.000000 0.000000 0.000000 0.000000 1.000000
0.479491 -0.877532 -0.005117 -0.000000 0.876504 0.478629 0.051533 3.636400 -0.042772 -0.029195 0.998658 0.000000 0.000000 0.000000 0.000000 1.000000
0.479491 -0.877532 -0.005117 0.000000 0.876504 0.478629 0.051533 3.636400 -0.042772 -0.029195 0.998658 0.000000 0.000000 0.000000 0.000000 1.000000
0.479491 -0.877532 -0.005118 0.000000 0.876504 0.478629 0.051533 3.636400 -0.042772 -0.029195 0.998658 0.000000 0.000000 0.000000 0.000000 1.000000
0.479491 -0.877532 -0.005118 0.000000 0.876504 0.478628 0.051533 3.636400 -0.042772 -0.029195 0.998658 0.000000 0.000000 0.000000 0.000000 1.000000
0.479491 -0.877532 -0.005118 0.000000 0.876504 0.478629 0.051533 3.636400 -0.042772 -0.029195 0.998658 0.000000 0.000000 0.000000 0.000000 1.000000
0.479491 -0.877532 -0.005118 0.000000 0.876504 0.478629 0.051533 3.636400 -0.042772 -0.029195 0.998658 0.000000 0.000000 0.000000 0.000000 1.000000
0.479491 -0.877532 -0.005117 0.000000 0.876504 0.478629 0.051533 3.636400 -0.042772 -0.029195 0.998658 0.000000 0.000000 0.000000 0.000000 1.000000
0.479491 -0.877532 -0.005117 0.000000 0.876504 0.478629 0.051533 3.636400 -0.042772 -0.029195 0.998658 -0.000000 0.000000 0.000000 0.000000 1.000000
0.479491 -0.877532 -0.005117 -0.000000 0.876504 0.478629 0.051533 3.636400 -0.042772 -0.029195 0.998658 0.000000 0.000000 0.000000 0.000000 1.000000
0.479491 -0.877532 -0.005118 -0.000000 0.876504 0.478629 0.051533 3.636400 -0.042772 -0.029195 0.998658 0.000000 0.000000 0.000000 0.000000 1.000000
0.479491 -0.877532 -0.005118 -0.000000 0.876504 0.478629 0.051533 3.636400 -0.042772 -0.029195 0.998658 0.000000 0.000000 0.000000 0.000000 1.000000
0.479491 -0.877532 -0.005118 0.000000 0.876504 0.478629 0.051533 3.636400 -0.042772 -0.029195 0.998658 0.000000 0.000000 0.000000 0.000000 1.000000
0.479491 -0.877532 -0.005118 0.000000 0.876504 0.478629 0.051533 3.636400 -0.042772 -0.029195 0.998658 -0.000000 0.000000 0.000000 0.000000 1.000000
0.479491 -0.877532 -0.005118 0.000000 0.876504 0.478629 0.051533 3.636400 -0.042772 -0.029195 0.998658 -0.000000 0.000000 0.000000 0.000000 1.000000
0.479491 -0.877532 -0.005118 0.000000 0.876504 0.478629 0.051533 3.636400 -0.042772 -0.029195 0.998658 -0.000000 0.000000 0.000000 0.000000 1.000000
0.479491 -0.877532 -0.005118 0.000000 0.876504 0.478629 0.051533 3.636400 -0.042772 -0.029196 0.998658 -0.000000 0.000000 0.000000 0.000000 1.000000
0.479491 -0.877532 -0.005118 -0.000000 0.876504 0.478629 0.051533 3.636400 -0.042772 -0.029195 0.998658 0.000000 0.000000 0.000000 0.000000 1.000000
0.479491 -0.877532 -0.005118 0.000000 0.876504 0.478629 0.051533 3.636400 -0.042772 -0.029195 0.998658 -0.000000 0.000000 0.000000 0.000000 1.000000
0.479491 -0.877532 -0.005118 0.000000 0.876504 0.478629 0.051533 3.636400 -0.042772 -0.029195 0.998658 0.000000 0.000000 0.000000 0.000000 1.000000
0.479491 -0.877532 -0.005118 -0.000000 0.876504 0.478629 0.051533 3.636400 -0.042772 -0.029195 0.998658 0.000000 0.000000 0.000000 0.000000 1.000000
0.479491 -0.877532 -0.005117 -0.000000 0.876504 0.478629 0.051533 3.636400 -0.042772 -0.029195 0.998658 0.000000 0.000000 0.000000 0.000000 1.000000</float_array>
        <technique_common>
          <accessor source="#mixamorig_RightHandThumb3-Matrix-animation-output-transform-array" count="53" stride="16">
            <param type="float4x4"/>
          </accessor>
        </technique_common>
      </source>
      <source id="mixamorig_RightHandThumb3-Interpolations">
        <Name_array id="mixamorig_RightHandThumb3-Interpolations-array" count="53">
 LINEAR LINEAR LINEAR LINEAR LINEAR LINEAR LINEAR LINEAR LINEAR LINEAR LINEAR
LINEAR LINEAR LINEAR LINEAR LINEAR LINEAR LINEAR LINEAR LINEAR LINEAR LINEAR LINEAR
LINEAR LINEAR LINEAR LINEAR LINEAR LINEAR LINEAR LINEAR LINEAR LINEAR LINEAR LINEAR
LINEAR LINEAR LINEAR LINEAR LINEAR LINEAR LINEAR LINEAR LINEAR LINEAR LINEAR LINEAR
LINEAR LINEAR LINEAR LINEAR LINEAR LINEAR</Name_array>
        <technique_common>
          <accessor source="#mixamorig_RightHandThumb3-Interpolations-array" count="53">
            <param type="name"/>
          </accessor>
        </technique_common>
      </source>
      <sampler id="mixamorig_RightHandThumb3-Matrix-animation-transform">
        <input semantic="INPUT" source="#mixamorig_RightHandThumb3-Matrix-animation-input"/>
        <input semantic="OUTPUT" source="#mixamorig_RightHandThumb3-Matrix-animation-output-transform"/>
        <input semantic="INTERPOLATION" source="#mixamorig_RightHandThumb3-Interpolations"/>
      </sampler>
      <channel source="#mixamorig_RightHandThumb3-Matrix-animation-transform" target="mixamorig_RightHandThumb3/matrix"/>
    </animation>
    <animation id="mixamorig_RightHandIndex1-anim" name="mixamorig_RightHandIndex1">
      <source id="mixamorig_RightHandIndex1-Matrix-animation-input">
        <float_array id="mixamorig_RightHandIndex1-Matrix-animation-input-array" count="53">

0.000000 0.033333 0.066667 0.100000 0.133333 0.166667 0.200000 0.233333 0.266667 0.300000 0.333333 0.366667 0.400000 0.433333 0.466667 0.500000
0.533333 0.566667 0.600000 0.633333 0.666667 0.700000 0.733333 0.766667 0.800000 0.833333 0.866667 0.900000 0.933333 0.966667 1.000000 1.033333
1.066667 1.100000 1.133333 1.166667 1.200000 1.233333 1.266667 1.300000 1.333333 1.366667 1.400000 1.433333 1.466667 1.500000 1.533333 1.566667
1.600000 1.633333 1.666667 1.700000 1.733333</float_array>
        <technique_common>
          <accessor source="#mixamorig_RightHandIndex1-Matrix-animation-input-array" count="53">
            <param name="TIME" type="float"/>
          </accessor>
        </technique_common>
      </source>
      <source id="mixamorig_RightHandIndex1-Matrix-animation-output-transform">
        <float_array id="mixamorig_RightHandIndex1-Matrix-animation-output-transform-array" count="848">

0.988132 -0.118791 0.097389 3.526400 0.118793 0.189002 -0.974765 14.497500 0.097387 0.974765 0.200871 1.249000 0.000000 0.000000 0.000000 1.000000
0.988132 -0.118792 0.097389 3.526400 0.118793 0.189002 -0.974765 14.497500 0.097387 0.974765 0.200871 1.249000 0.000000 0.000000 0.000000 1.000000
0.988132 -0.118792 0.097389 3.526400 0.118793 0.189002 -0.974765 14.497500 0.097387 0.974765 0.200871 1.249000 0.000000 0.000000 0.000000 1.000000
0.988132 -0.118792 0.097389 3.526400 0.118793 0.189002 -0.974765 14.497500 0.097387 0.974765 0.200871 1.249000 0.000000 0.000000 0.000000 1.000000
0.988132 -0.118792 0.097389 3.526400 0.118793 0.189002 -0.974765 14.497500 0.097387 0.974765 0.200871 1.249000 0.000000 0.000000 0.000000 1.000000
0.988132 -0.118791 0.097389 3.526400 0.118793 0.189002 -0.974765 14.497500 0.097387 0.974765 0.200870 1.249000 0.000000 0.000000 0.000000 1.000000
0.988132 -0.118791 0.097389 3.526400 0.118793 0.189002 -0.974765 14.497500 0.097387 0.974765 0.200870 1.249000 0.000000 0.000000 0.000000 1.000000
0.988132 -0.118791 0.097389 3.526400 0.118793 0.189002 -0.974765 14.497500 0.097387 0.974765 0.200871 1.249000 0.000000 0.000000 0.000000 1.000000
0.988132 -0.118791 0.097389 3.526400 0.118793 0.189002 -0.974765 14.497500 0.097387 0.974765 0.200871 1.249000 0.000000 0.000000 0.000000 1.000000
0.988132 -0.118791 0.097389 3.526400 0.118793 0.189002 -0.974765 14.497500 0.097387 0.974765 0.200870 1.249000 0.000000 0.000000 0.000000 1.000000
0.988132 -0.118791 0.097389 3.526400 0.118793 0.189002 -0.974765 14.497500 0.097387 0.974765 0.200870 1.249000 0.000000 0.000000 0.000000 1.000000
0.988132 -0.118791 0.097389 3.526400 0.118793 0.189002 -0.974765 14.497500 0.097387 0.974765 0.200871 1.249000 0.000000 0.000000 0.000000 1.000000
0.988132 -0.118791 0.097389 3.526400 0.118793 0.189002 -0.974765 14.497500 0.097387 0.974765 0.200871 1.249000 0.000000 0.000000 0.000000 1.000000
0.988132 -0.118791 0.097389 3.526400 0.118793 0.189002 -0.974765 14.497500 0.097387 0.974765 0.200871 1.249000 0.000000 0.000000 0.000000 1.000000
0.988132 -0.118792 0.097389 3.526400 0.118793 0.189002 -0.974765 14.497500 0.097387 0.974765 0.200871 1.249000 0.000000 0.000000 0.000000 1.000000
0.988132 -0.118791 0.097389 3.526400 0.118793 0.189002 -0.974765 14.497500 0.097387 0.974765 0.200871 1.249000 0.000000 0.000000 0.000000 1.000000
0.988132 -0.118792 0.097389 3.526400 0.118793 0.189002 -0.974765 14.497500 0.097387 0.974765 0.200871 1.249000 0.000000 0.000000 0.000000 1.000000
0.988132 -0.118792 0.097389 3.526400 0.118793 0.189002 -0.974765 14.497500 0.097387 0.974765 0.200871 1.249000 0.000000 0.000000 0.000000 1.000000
0.988132 -0.118792 0.097389 3.526400 0.118793 0.189002 -0.974765 14.497500 0.097387 0.974765 0.200871 1.249000 0.000000 0.000000 0.000000 1.000000
0.988132 -0.118791 0.097389 3.526400 0.118793 0.189002 -0.974765 14.497500 0.097387 0.974765 0.200871 1.249000 0.000000 0.000000 0.000000 1.000000
0.988132 -0.118792 0.097389 3.526400 0.118793 0.189002 -0.974765 14.497500 0.097387 0.974765 0.200871 1.249000 0.000000 0.000000 0.000000 1.000000
0.988132 -0.118791 0.097389 3.526400 0.118793 0.189002 -0.974765 14.497500 0.097387 0.974765 0.200871 1.249000 0.000000 0.000000 0.000000 1.000000
0.988132 -0.118792 0.097389 3.526400 0.118793 0.189002 -0.974765 14.497500 0.097387 0.974765 0.200871 1.249000 0.000000 0.000000 0.000000 1.000000
0.988132 -0.118792 0.097389 3.526400 0.118793 0.189002 -0.974765 14.497500 0.097387 0.974765 0.200871 1.249000 0.000000 0.000000 0.000000 1.000000
0.988132 -0.118791 0.097389 3.526400 0.118793 0.189002 -0.974765 14.497500 0.097387 0.974765 0.200871 1.249000 0.000000 0.000000 0.000000 1.000000
0.988132 -0.118792 0.097389 3.526400 0.118793 0.189002 -0.974765 14.497500 0.097387 0.974765 0.200871 1.249000 0.000000 0.000000 0.000000 1.000000
0.988132 -0.118792 0.097389 3.526400 0.118793 0.189002 -0.974765 14.497500 0.097387 0.974765 0.200871 1.249000 0.000000 0.000000 0.000000 1.000000
0.988132 -0.118792 0.097389 3.526400 0.118793 0.189002 -0.974765 14.497500 0.097387 0.974765 0.200871 1.249000 0.000000 0.000000 0.000000 1.000000
0.988132 -0.118792 0.097389 3.526400 0.118793 0.189002 -0.974765 14.497500 0.097387 0.974765 0.200871 1.249000 0.000000 0.000000 0.000000 1.000000
0.988132 -0.118791 0.097389 3.526400 0.118793 0.189002 -0.974765 14.497500 0.097387 0.974765 0.200871 1.249000 0.000000 0.000000 0.000000 1.000000
0.988132 -0.118791 0.097389 3.526400 0.118793 0.189002 -0.974765 14.497500 0.097387 0.974765 0.200871 1.249000 0.000000 0.000000 0.000000 1.000000
0.988132 -0.118792 0.097389 3.526400 0.118793 0.189002 -0.974765 14.497500 0.097387 0.974765 0.200871 1.249000 0.000000 0.000000 0.000000 1.000000
0.988132 -0.118791 0.097389 3.526400 0.118793 0.189002 -0.974765 14.497500 0.097387 0.974765 0.200871 1.249000 0.000000 0.000000 0.000000 1.000000
0.988132 -0.118792 0.097389 3.526400 0.118793 0.189002 -0.974765 14.497500 0.097387 0.974765 0.200871 1.249000 0.000000 0.000000 0.000000 1.000000
0.988132 -0.118792 0.097389 3.526400 0.118793 0.189002 -0.974765 14.497500 0.097387 0.974765 0.200871 1.249000 0.000000 0.000000 0.000000 1.000000
0.988132 -0.118792 0.097389 3.526400 0.118793 0.189002 -0.974765 14.497500 0.097387 0.974765 0.200871 1.249000 0.000000 0.000000 0.000000 1.000000
0.988132 -0.118791 0.097389 3.526400 0.118793 0.189002 -0.974765 14.497500 0.097387 0.974765 0.200871 1.249000 0.000000 0.000000 0.000000 1.000000
0.988132 -0.118792 0.097389 3.526400 0.118793 0.189002 -0.974765 14.497500 0.097387 0.974765 0.200871 1.249000 0.000000 0.000000 0.000000 1.000000
0.988132 -0.118792 0.097389 3.526400 0.118793 0.189002 -0.974765 14.497500 0.097387 0.974765 0.200871 1.249000 0.000000 0.000000 0.000000 1.000000
0.988132 -0.118791 0.097389 3.526400 0.118793 0.189002 -0.974765 14.497500 0.097387 0.974765 0.200871 1.249000 0.000000 0.000000 0.000000 1.000000
0.988132 -0.118792 0.097389 3.526400 0.118793 0.189002 -0.974765 14.497500 0.097387 0.974765 0.200871 1.249000 0.000000 0.000000 0.000000 1.000000
0.988132 -0.118791 0.097389 3.526400 0.118793 0.189002 -0.974765 14.497500 0.097387 0.974765 0.200871 1.249000 0.000000 0.000000 0.000000 1.000000
0.988132 -0.118792 0.097389 3.526400 0.118793 0.189002 -0.974765 14.497500 0.097387 0.974765 0.200871 1.249000 0.000000 0.000000 0.000000 1.000000
0.988132 -0.118791 0.097389 3.526400 0.118793 0.189002 -0.974765 14.497500 0.097387 0.974765 0.200870 1.249000 0.000000 0.000000 0.000000 1.000000
0.988132 -0.118791 0.097389 3.526400 0.118793 0.189002 -0.974765 14.497500 0.097387 0.974765 0.200871 1.249000 0.000000 0.000000 0.000000 1.000000
0.988132 -0.118792 0.097389 3.526400 0.118793 0.189002 -0.974765 14.497500 0.097387 0.974765 0.200870 1.249000 0.000000 0.000000 0.000000 1.000000
0.988132 -0.118792 0.097389 3.526400 0.118793 0.189002 -0.974765 14.497500 0.097387 0.974765 0.200870 1.249000 0.000000 0.000000 0.000000 1.000000
0.988132 -0.118792 0.097389 3.526400 0.118793 0.189002 -0.974765 14.497500 0.097387 0.974765 0.200871 1.249000 0.000000 0.000000 0.000000 1.000000
0.988132 -0.118791 0.097389 3.526400 0.118793 0.189002 -0.974765 14.497500 0.097387 0.974765 0.200871 1.249000 0.000000 0.000000 0.000000 1.000000
0.988132 -0.118792 0.097389 3.526400 0.118793 0.189002 -0.974765 14.497500 0.097387 0.974765 0.200870 1.249000 0.000000 0.000000 0.000000 1.000000
0.988132 -0.118792 0.097389 3.526400 0.118793 0.189002 -0.974765 14.497500 0.097387 0.974765 0.200871 1.249000 0.000000 0.000000 0.000000 1.000000
0.988132 -0.118792 0.097389 3.526400 0.118793 0.189002 -0.974765 14.497500 0.097387 0.974765 0.200871 1.249000 0.000000 0.000000 0.000000 1.000000
0.988132 -0.118792 0.097389 3.526400 0.118793 0.189002 -0.974765 14.497500 0.097387 0.974765 0.200871 1.249000 0.000000 0.000000 0.000000 1.000000</float_array>
        <technique_common>
          <accessor source="#mixamorig_RightHandIndex1-Matrix-animation-output-transform-array" count="53" stride="16">
            <param type="float4x4"/>
          </accessor>
        </technique_common>
      </source>
      <source id="mixamorig_RightHandIndex1-Interpolations">
        <Name_array id="mixamorig_RightHandIndex1-Interpolations-array" count="53">
 LINEAR LINEAR LINEAR LINEAR LINEAR LINEAR LINEAR LINEAR LINEAR LINEAR LINEAR
LINEAR LINEAR LINEAR LINEAR LINEAR LINEAR LINEAR LINEAR LINEAR LINEAR LINEAR LINEAR
LINEAR LINEAR LINEAR LINEAR LINEAR LINEAR LINEAR LINEAR LINEAR LINEAR LINEAR LINEAR
LINEAR LINEAR LINEAR LINEAR LINEAR LINEAR LINEAR LINEAR LINEAR LINEAR LINEAR LINEAR
LINEAR LINEAR LINEAR LINEAR LINEAR LINEAR</Name_array>
        <technique_common>
          <accessor source="#mixamorig_RightHandIndex1-Interpolations-array" count="53">
            <param type="name"/>
          </accessor>
        </technique_common>
      </source>
      <sampler id="mixamorig_RightHandIndex1-Matrix-animation-transform">
        <input semantic="INPUT" source="#mixamorig_RightHandIndex1-Matrix-animation-input"/>
        <input semantic="OUTPUT" source="#mixamorig_RightHandIndex1-Matrix-animation-output-transform"/>
        <input semantic="INTERPOLATION" source="#mixamorig_RightHandIndex1-Interpolations"/>
      </sampler>
      <channel source="#mixamorig_RightHandIndex1-Matrix-animation-transform" target="mixamorig_RightHandIndex1/matrix"/>
    </animation>
    <animation id="mixamorig_RightHandIndex2-anim" name="mixamorig_RightHandIndex2">
      <source id="mixamorig_RightHandIndex2-Matrix-animation-input">
        <float_array id="mixamorig_RightHandIndex2-Matrix-animation-input-array" count="53">

0.000000 0.033333 0.066667 0.100000 0.133333 0.166667 0.200000 0.233333 0.266667 0.300000 0.333333 0.366667 0.400000 0.433333 0.466667 0.500000
0.533333 0.566667 0.600000 0.633333 0.666667 0.700000 0.733333 0.766667 0.800000 0.833333 0.866667 0.900000 0.933333 0.966667 1.000000 1.033333
1.066667 1.100000 1.133333 1.166667 1.200000 1.233333 1.266667 1.300000 1.333333 1.366667 1.400000 1.433333 1.466667 1.500000 1.533333 1.566667
1.600000 1.633333 1.666667 1.700000 1.733333</float_array>
        <technique_common>
          <accessor source="#mixamorig_RightHandIndex2-Matrix-animation-input-array" count="53">
            <param name="TIME" type="float"/>
          </accessor>
        </technique_common>
      </source>
      <source id="mixamorig_RightHandIndex2-Matrix-animation-output-transform">
        <float_array id="mixamorig_RightHandIndex2-Matrix-animation-output-transform-array" count="848">

0.985221 -0.120966 0.121275 -0.000000 0.120967 -0.009909 -0.992607 4.509100 0.121273 0.992607 0.004870 0.000000 0.000000 0.000000 0.000000 1.000000
0.985221 -0.120966 0.121275 -0.000000 0.120967 -0.009909 -0.992607 4.509100 0.121273 0.992607 0.004870 0.000000 0.000000 0.000000 0.000000 1.000000
0.985221 -0.120966 0.121275 0.000000 0.120968 -0.009909 -0.992607 4.509100 0.121273 0.992607 0.004871 0.000000 0.000000 0.000000 0.000000 1.000000
0.985221 -0.120966 0.121275 0.000000 0.120967 -0.009909 -0.992607 4.509100 0.121273 0.992607 0.004870 -0.000000 0.000000 0.000000 0.000000 1.000000
0.985221 -0.120966 0.121275 0.000000 0.120968 -0.009909 -0.992607 4.509100 0.121273 0.992607 0.004870 0.000000 0.000000 0.000000 0.000000 1.000000
0.985221 -0.120966 0.121275 0.000000 0.120968 -0.009909 -0.992607 4.509100 0.121273 0.992607 0.004870 0.000000 0.000000 0.000000 0.000000 1.000000
0.985221 -0.120966 0.121275 -0.000000 0.120968 -0.009909 -0.992607 4.509100 0.121273 0.992607 0.004870 0.000000 0.000000 0.000000 0.000000 1.000000
0.985221 -0.120966 0.121275 0.000000 0.120968 -0.009909 -0.992607 4.509100 0.121273 0.992607 0.004870 0.000000 0.000000 0.000000 0.000000 1.000000
0.985221 -0.120965 0.121275 -0.000000 0.120968 -0.009909 -0.992607 4.509100 0.121273 0.992607 0.004870 0.000000 0.000000 0.000000 0.000000 1.000000
0.985221 -0.120965 0.121275 -0.000000 0.120968 -0.009909 -0.992607 4.509100 0.121273 0.992607 0.004870 0.000000 0.000000 0.000000 0.000000 1.000000
0.985221 -0.120966 0.121275 0.000000 0.120967 -0.009909 -0.992607 4.509100 0.121273 0.992607 0.004870 0.000000 0.000000 0.000000 0.000000 1.000000
0.985221 -0.120966 0.121275 0.000000 0.120968 -0.009909 -0.992607 4.509100 0.121273 0.992607 0.004870 0.000000 0.000000 0.000000 0.000000 1.000000
0.985221 -0.120966 0.121275 0.000000 0.120968 -0.009909 -0.992607 4.509100 0.121273 0.992607 0.004870 0.000000 0.000000 0.000000 0.000000 1.000000
0.985221 -0.120966 0.121275 -0.000000 0.120967 -0.009909 -0.992607 4.509100 0.121273 0.992607 0.004870 -0.000000 0.000000 0.000000 0.000000 1.000000
0.985221 -0.120966 0.121275 0.000000 0.120967 -0.009909 -0.992607 4.509100 0.121273 0.992607 0.004870 -0.000000 0.000000 0.000000 0.000000 1.000000
0.985221 -0.120966 0.121275 0.000000 0.120967 -0.009909 -0.992607 4.509100 0.121273 0.992607 0.004871 0.000000 0.000000 0.000000 0.000000 1.000000
0.985221 -0.120966 0.121275 -0.000000 0.120967 -0.009909 -0.992607 4.509100 0.121273 0.992607 0.004870 0.000000 0.000000 0.000000 0.000000 1.000000
0.985221 -0.120966 0.121275 0.000000 0.120967 -0.009909 -0.992607 4.509100 0.121273 0.992607 0.004870 0.000000 0.000000 0.000000 0.000000 1.000000
0.985221 -0.120966 0.121275 0.000000 0.120968 -0.009909 -0.992607 4.509100 0.121273 0.992607 0.004870 0.000000 0.000000 0.000000 0.000000 1.000000
0.985221 -0.120966 0.121275 -0.000000 0.120968 -0.009909 -0.992607 4.509100 0.121273 0.992607 0.004870 0.000000 0.000000 0.000000 0.000000 1.000000
0.985221 -0.120965 0.121275 -0.000000 0.120967 -0.009909 -0.992607 4.509100 0.121273 0.992607 0.004871 0.000000 0.000000 0.000000 0.000000 1.000000
0.985221 -0.120966 0.121275 0.000000 0.120968 -0.009909 -0.992607 4.509100 0.121273 0.992607 0.004870 0.000000 0.000000 0.000000 0.000000 1.000000
0.985221 -0.120965 0.121275 0.000000 0.120967 -0.009909 -0.992607 4.509100 0.121273 0.992607 0.004870 0.000000 0.000000 0.000000 0.000000 1.000000
0.985221 -0.120965 0.121275 -0.000000 0.120967 -0.009909 -0.992607 4.509100 0.121273 0.992607 0.004870 0.000000 0.000000 0.000000 0.000000 1.000000
0.985221 -0.120966 0.121275 0.000000 0.120968 -0.009909 -0.992607 4.509100 0.121273 0.992607 0.004870 0.000000 0.000000 0.000000 0.000000 1.000000
0.985221 -0.120966 0.121275 -0.000000 0.120967 -0.009909 -0.992607 4.509100 0.121273 0.992607 0.004870 0.000000 0.000000 0.000000 0.000000 1.000000
0.985221 -0.120966 0.121275 0.000000 0.120968 -0.009909 -0.992607 4.509100 0.121273 0.992607 0.004870 0.000000 0.000000 0.000000 0.000000 1.000000
0.985221 -0.120966 0.121275 0.000000 0.120967 -0.009909 -0.992607 4.509100 0.121273 0.992607 0.004870 0.000000 0.000000 0.000000 0.000000 1.000000
0.985221 -0.120966 0.121275 -0.000000 0.120968 -0.009909 -0.992607 4.509100 0.121273 0.992607 0.004870 0.000000 0.000000 0.000000 0.000000 1.000000
0.985221 -0.120966 0.121275 0.000000 0.120967 -0.009909 -0.992607 4.509100 0.121273 0.992607 0.004870 0.000000 0.000000 0.000000 0.000000 1.000000
0.985221 -0.120966 0.121275 0.000000 0.120968 -0.009909 -0.992607 4.509100 0.121273 0.992607 0.004870 0.000000 0.000000 0.000000 0.000000 1.000000
0.985221 -0.120966 0.121275 -0.000000 0.120968 -0.009909 -0.992607 4.509100 0.121273 0.992607 0.004870 0.000000 0.000000 0.000000 0.000000 1.000000
0.985221 -0.120965 0.121275 0.000000 0.120968 -0.009909 -0.992607 4.509100 0.121273 0.992607 0.004870 -0.000000 0.000000 0.000000 0.000000 1.000000
0.985221 -0.120966 0.121275 0.000000 0.120967 -0.009909 -0.992607 4.509100 0.121273 0.992607 0.004870 0.000000 0.000000 0.000000 0.000000 1.000000
0.985221 -0.120966 0.121275 -0.000000 0.120967 -0.009909 -0.992607 4.509100 0.121273 0.992607 0.004870 0.000000 0.000000 0.000000 0.000000 1.000000
0.985221 -0.120966 0.121275 -0.000000 0.120967 -0.009910 -0.992607 4.509100 0.121273 0.992607 0.004870 -0.000000 0.000000 0.000000 0.000000 1.000000
0.985221 -0.120966 0.121275 0.000000 0.120967 -0.009909 -0.992607 4.509100 0.121273 0.992607 0.004870 0.000000 0.000000 0.000000 0.000000 1.000000
0.985221 -0.120966 0.121275 0.000000 0.120967 -0.009909 -0.992607 4.509100 0.121273 0.992607 0.004870 0.000000 0.000000 0.000000 0.000000 1.000000
0.985221 -0.120966 0.121275 0.000000 0.120968 -0.009909 -0.992607 4.509100 0.121273 0.992607 0.004870 0.000000 0.000000 0.000000 0.000000 1.000000
0.985221 -0.120966 0.121275 0.000000 0.120967 -0.009909 -0.992607 4.509100 0.121273 0.992607 0.004871 0.000000 0.000000 0.000000 0.000000 1.000000
0.985221 -0.120966 0.121275 0.000000 0.120967 -0.009909 -0.992607 4.509100 0.121273 0.992607 0.004871 0.000000 0.000000 0.000000 0.000000 1.000000
0.985221 -0.120966 0.121275 0.000000 0.120968 -0.009909 -0.992607 4.509100 0.121273 0.992607 0.004870 0.000000 0.000000 0.000000 0.000000 1.000000
0.985221 -0.120965 0.121275 0.000000 0.120968 -0.009909 -0.992607 4.509100 0.121273 0.992607 0.004870 0.000000 0.000000 0.000000 0.000000 1.000000
0.985221 -0.120966 0.121275 0.000000 0.120968 -0.009909 -0.992607 4.509100 0.121273 0.992607 0.004870 0.000000 0.000000 0.000000 0.000000 1.000000
0.985221 -0.120966 0.121275 0.000000 0.120967 -0.009909 -0.992607 4.509100 0.121273 0.992607 0.004870 -0.000000 0.000000 0.000000 0.000000 1.000000
0.985221 -0.120966 0.121275 0.000000 0.120968 -0.009909 -0.992607 4.509100 0.121273 0.992607 0.004870 0.000000 0.000000 0.000000 0.000000 1.000000
0.985221 -0.120965 0.121275 -0.000000 0.120967 -0.009909 -0.992607 4.509100 0.121273 0.992607 0.004871 0.000000 0.000000 0.000000 0.000000 1.000000
0.985221 -0.120966 0.121275 0.000000 0.120967 -0.009909 -0.992607 4.509100 0.121273 0.992607 0.004870 0.000000 0.000000 0.000000 0.000000 1.000000
0.985221 -0.120966 0.121275 0.000000 0.120967 -0.009909 -0.992607 4.509100 0.121273 0.992607 0.004870 0.000000 0.000000 0.000000 0.000000 1.000000
0.985221 -0.120966 0.121275 0.000000 0.120967 -0.009909 -0.992607 4.509100 0.121273 0.992607 0.004870 -0.000000 0.000000 0.000000 0.000000 1.000000
0.985221 -0.120966 0.121275 0.000000 0.120967 -0.009910 -0.992607 4.509100 0.121273 0.992607 0.004870 0.000000 0.000000 0.000000 0.000000 1.000000
0.985221 -0.120966 0.121274 0.000000 0.120967 -0.009909 -0.992607 4.509100 0.121273 0.992607 0.004870 0.000000 0.000000 0.000000 0.000000 1.000000
0.985221 -0.120966 0.121275 0.000000 0.120968 -0.009909 -0.992607 4.509100 0.121273 0.992607 0.004870 0.000000 0.000000 0.000000 0.000000 1.000000</float_array>
        <technique_common>
          <accessor source="#mixamorig_RightHandIndex2-Matrix-animation-output-transform-array" count="53" stride="16">
            <param type="float4x4"/>
          </accessor>
        </technique_common>
      </source>
      <source id="mixamorig_RightHandIndex2-Interpolations">
        <Name_array id="mixamorig_RightHandIndex2-Interpolations-array" count="53">
 LINEAR LINEAR LINEAR LINEAR LINEAR LINEAR LINEAR LINEAR LINEAR LINEAR LINEAR
LINEAR LINEAR LINEAR LINEAR LINEAR LINEAR LINEAR LINEAR LINEAR LINEAR LINEAR LINEAR
LINEAR LINEAR LINEAR LINEAR LINEAR LINEAR LINEAR LINEAR LINEAR LINEAR LINEAR LINEAR
LINEAR LINEAR LINEAR LINEAR LINEAR LINEAR LINEAR LINEAR LINEAR LINEAR LINEAR LINEAR
LINEAR LINEAR LINEAR LINEAR LINEAR LINEAR</Name_array>
        <technique_common>
          <accessor source="#mixamorig_RightHandIndex2-Interpolations-array" count="53">
            <param type="name"/>
          </accessor>
        </technique_common>
      </source>
      <sampler id="mixamorig_RightHandIndex2-Matrix-animation-transform">
        <input semantic="INPUT" source="#mixamorig_RightHandIndex2-Matrix-animation-input"/>
        <input semantic="OUTPUT" source="#mixamorig_RightHandIndex2-Matrix-animation-output-transform"/>
        <input semantic="INTERPOLATION" source="#mixamorig_RightHandIndex2-Interpolations"/>
      </sampler>
      <channel source="#mixamorig_RightHandIndex2-Matrix-animation-transform" target="mixamorig_RightHandIndex2/matrix"/>
    </animation>
    <animation id="mixamorig_RightHandIndex3-anim" name="mixamorig_RightHandIndex3">
      <source id="mixamorig_RightHandIndex3-Matrix-animation-input">
        <float_array id="mixamorig_RightHandIndex3-Matrix-animation-input-array" count="53">

0.000000 0.033333 0.066667 0.100000 0.133333 0.166667 0.200000 0.233333 0.266667 0.300000 0.333333 0.366667 0.400000 0.433333 0.466667 0.500000
0.533333 0.566667 0.600000 0.633333 0.666667 0.700000 0.733333 0.766667 0.800000 0.833333 0.866667 0.900000 0.933333 0.966667 1.000000 1.033333
1.066667 1.100000 1.133333 1.166667 1.200000 1.233333 1.266667 1.300000 1.333333 1.366667 1.400000 1.433333 1.466667 1.500000 1.533333 1.566667
1.600000 1.633333 1.666667 1.700000 1.733333</float_array>
        <technique_common>
          <accessor source="#mixamorig_RightHandIndex3-Matrix-animation-input-array" count="53">
            <param name="TIME" type="float"/>
          </accessor>
        </technique_common>
      </source>
      <source id="mixamorig_RightHandIndex3-Matrix-animation-output-transform">
        <float_array id="mixamorig_RightHandIndex3-Matrix-animation-output-transform-array" count="848">

0.991766 -0.108787 0.067563 0.000000 0.108789 0.437374 -0.892675 2.907200 0.067561 0.892675 0.445608 0.000000 0.000000 0.000000 0.000000 1.000000
0.991766 -0.108787 0.067563 0.000000 0.108789 0.437374 -0.892675 2.907200 0.067561 0.892675 0.445608 -0.000000 0.000000 0.000000 0.000000 1.000000
0.991766 -0.108788 0.067563 -0.000000 0.108789 0.437374 -0.892675 2.907200 0.067562 0.892675 0.445608 -0.000000 0.000000 0.000000 0.000000 1.000000
0.991766 -0.108788 0.067563 0.000000 0.108789 0.437374 -0.892675 2.907200 0.067561 0.892675 0.445608 0.000000 0.000000 0.000000 0.000000 1.000000
0.991766 -0.108788 0.067563 0.000000 0.108789 0.437375 -0.892675 2.907200 0.067562 0.892675 0.445608 -0.000000 0.000000 0.000000 0.000000 1.000000
0.991766 -0.108788 0.067563 0.000000 0.108789 0.437374 -0.892675 2.907200 0.067561 0.892675 0.445608 0.000000 0.000000 0.000000 0.000000 1.000000
0.991766 -0.108788 0.067563 0.000000 0.108789 0.437374 -0.892675 2.907200 0.067562 0.892675 0.445608 0.000000 0.000000 0.000000 0.000000 1.000000
0.991766 -0.108788 0.067563 0.000000 0.108789 0.437375 -0.892675 2.907200 0.067561 0.892675 0.445608 0.000000 0.000000 0.000000 0.000000 1.000000
0.991766 -0.108788 0.067563 -0.000000 0.108789 0.437374 -0.892675 2.907200 0.067561 0.892675 0.445608 -0.000000 0.000000 0.000000 0.000000 1.000000
0.991766 -0.108788 0.067563 0.000000 0.108789 0.437374 -0.892675 2.907200 0.067562 0.892675 0.445608 -0.000000 0.000000 0.000000 0.000000 1.000000
0.991766 -0.108788 0.067563 0.000000 0.108789 0.437374 -0.892675 2.907200 0.067561 0.892675 0.445608 0.000000 0.000000 0.000000 0.000000 1.000000
0.991766 -0.108788 0.067563 0.000000 0.108789 0.437375 -0.892675 2.907200 0.067561 0.892675 0.445608 0.000000 0.000000 0.000000 0.000000 1.000000
0.991766 -0.108788 0.067563 0.000000 0.108789 0.437374 -0.892675 2.907200 0.067562 0.892675 0.445608 0.000000 0.000000 0.000000 0.000000 1.000000
0.991766 -0.108787 0.067563 0.000000 0.108788 0.437374 -0.892675 2.907200 0.067561 0.892675 0.445608 0.000000 0.000000 0.000000 0.000000 1.000000
0.991766 -0.108788 0.067563 0.000000 0.108789 0.437374 -0.892675 2.907200 0.067561 0.892675 0.445608 0.000000 0.000000 0.000000 0.000000 1.000000
0.991766 -0.108787 0.067563 0.000000 0.108788 0.437375 -0.892675 2.907200 0.067561 0.892675 0.445608 0.000000 0.000000 0.000000 0.000000 1.000000
0.991766 -0.108787 0.067563 0.000000 0.108788 0.437375 -0.892675 2.907200 0.067562 0.892675 0.445608 0.000000 0.000000 0.000000 0.000000 1.000000
0.991766 -0.108788 0.067563 -0.000000 0.108789 0.437374 -0.892675 2.907200 0.067562 0.892675 0.445608 -0.000000 0.000000 0.000000 0.000000 1.000000
0.991766 -0.108787 0.067563 0.000000 0.108789 0.437375 -0.892675 2.907200 0.067561 0.892675 0.445608 -0.000000 0.000000 0.000000 0.000000 1.000000
0.991766 -0.108788 0.067563 0.000000 0.108789 0.437374 -0.892675 2.907200 0.067561 0.892675 0.445608 0.000000 0.000000 0.000000 0.000000 1.000000
0.991766 -0.108787 0.067563 0.000000 0.108789 0.437374 -0.892675 2.907200 0.067561 0.892675 0.445608 0.000000 0.000000 0.000000 0.000000 1.000000
0.991766 -0.108788 0.067563 0.000000 0.108789 0.437375 -0.892675 2.907200 0.067562 0.892675 0.445608 -0.000000 0.000000 0.000000 0.000000 1.000000
0.991766 -0.108788 0.067563 0.000000 0.108789 0.437375 -0.892675 2.907200 0.067562 0.892675 0.445608 0.000000 0.000000 0.000000 0.000000 1.000000
0.991766 -0.108788 0.067563 -0.000000 0.108789 0.437374 -0.892675 2.907200 0.067561 0.892675 0.445608 -0.000000 0.000000 0.000000 0.000000 1.000000
0.991766 -0.108788 0.067563 -0.000000 0.108789 0.437374 -0.892675 2.907200 0.067561 0.892675 0.445608 0.000000 0.000000 0.000000 0.000000 1.000000
0.991766 -0.108787 0.067563 -0.000000 0.108789 0.437375 -0.892675 2.907200 0.067561 0.892675 0.445608 0.000000 0.000000 0.000000 0.000000 1.000000
0.991766 -0.108787 0.067563 -0.000000 0.108789 0.437374 -0.892675 2.907200 0.067561 0.892675 0.445608 0.000000 0.000000 0.000000 0.000000 1.000000
0.991766 -0.108787 0.067563 -0.000000 0.108789 0.437374 -0.892675 2.907200 0.067561 0.892675 0.445608 -0.000000 0.000000 0.000000 0.000000 1.000000
0.991766 -0.108788 0.067563 -0.000000 0.108789 0.437374 -0.892675 2.907200 0.067562 0.892675 0.445608 -0.000000 0.000000 0.000000 0.000000 1.000000
0.991766 -0.108787 0.067563 -0.000000 0.108789 0.437375 -0.892675 2.907200 0.067561 0.892675 0.445608 -0.000000 0.000000 0.000000 0.000000 1.000000
0.991766 -0.108788 0.067563 0.000000 0.108789 0.437374 -0.892675 2.907200 0.067562 0.892675 0.445608 0.000000 0.000000 0.000000 0.000000 1.000000
0.991766 -0.108788 0.067563 0.000000 0.108789 0.437375 -0.892675 2.907200 0.067562 0.892675 0.445608 0.000000 0.000000 0.000000 0.000000 1.000000
0.991766 -0.108788 0.067563 -0.000000 0.108789 0.437374 -0.892675 2.907200 0.067561 0.892675 0.445608 -0.000000 0.000000 0.000000 0.000000 1.000000
0.991766 -0.108788 0.067563 0.000000 0.108789 0.437374 -0.892675 2.907200 0.067562 0.892675 0.445608 0.000000 0.000000 0.000000 0.000000 1.000000
0.991766 -0.108787 0.067563 0.000000 0.108788 0.437374 -0.892675 2.907200 0.067561 0.892675 0.445608 0.000000 0.000000 0.000000 0.000000 1.000000
0.991766 -0.108787 0.067563 -0.000000 0.108789 0.437374 -0.892675 2.907200 0.067561 0.892675 0.445608 -0.000000 0.000000 0.000000 0.000000 1.000000
0.991766 -0.108788 0.067563 -0.000000 0.108789 0.437375 -0.892675 2.907200 0.067562 0.892675 0.445608 0.000000 0.000000 0.000000 0.000000 1.000000
0.991766 -0.108787 0.067563 0.000000 0.108789 0.437374 -0.892675 2.907200 0.067561 0.892675 0.445608 0.000000 0.000000 0.000000 0.000000 1.000000
0.991766 -0.108788 0.067563 0.000000 0.108789 0.437374 -0.892675 2.907200 0.067562 0.892675 0.445608 -0.000000 0.000000 0.000000 0.000000 1.000000
0.991766 -0.108787 0.067563 0.000000 0.108788 0.437374 -0.892675 2.907200 0.067561 0.892675 0.445608 0.000000 0.000000 0.000000 0.000000 1.000000
0.991766 -0.108787 0.067563 0.000000 0.108789 0.437374 -0.892675 2.907200 0.067561 0.892675 0.445608 0.000000 0.000000 0.000000 0.000000 1.000000
0.991766 -0.108788 0.067563 0.000000 0.108789 0.437374 -0.892675 2.907200 0.067562 0.892675 0.445608 0.000000 0.000000 0.000000 0.000000 1.000000
0.991766 -0.108788 0.067563 -0.000000 0.108789 0.437375 -0.892675 2.907200 0.067562 0.892675 0.445608 -0.000000 0.000000 0.000000 0.000000 1.000000
0.991766 -0.108788 0.067563 0.000000 0.108789 0.437374 -0.892675 2.907200 0.067562 0.892675 0.445608 0.000000 0.000000 0.000000 0.000000 1.000000
0.991766 -0.108787 0.067563 0.000000 0.108789 0.437374 -0.892675 2.907200 0.067561 0.892675 0.445608 0.000000 0.000000 0.000000 0.000000 1.000000
0.991766 -0.108788 0.067563 0.000000 0.108789 0.437374 -0.892675 2.907200 0.067562 0.892675 0.445608 -0.000000 0.000000 0.000000 0.000000 1.000000
0.991766 -0.108787 0.067563 0.000000 0.108789 0.437374 -0.892675 2.907200 0.067561 0.892675 0.445608 -0.000000 0.000000 0.000000 0.000000 1.000000
0.991766 -0.108788 0.067563 0.000000 0.108789 0.437374 -0.892675 2.907200 0.067561 0.892675 0.445608 0.000000 0.000000 0.000000 0.000000 1.000000
0.991766 -0.108787 0.067563 0.000000 0.108789 0.437375 -0.892675 2.907200 0.067561 0.892675 0.445608 0.000000 0.000000 0.000000 0.000000 1.000000
0.991766 -0.108787 0.067563 -0.000000 0.108789 0.437375 -0.892675 2.907200 0.067561 0.892675 0.445608 0.000000 0.000000 0.000000 0.000000 1.000000
0.991766 -0.108787 0.067563 0.000000 0.108789 0.437375 -0.892675 2.907200 0.067561 0.892675 0.445608 0.000000 0.000000 0.000000 0.000000 1.000000
0.991766 -0.108787 0.067563 0.000000 0.108789 0.437375 -0.892675 2.907200 0.067561 0.892675 0.445608 0.000000 0.000000 0.000000 0.000000 1.000000
0.991766 -0.108787 0.067563 0.000000 0.108788 0.437374 -0.892675 2.907200 0.067561 0.892675 0.445608 0.000000 0.000000 0.000000 0.000000 1.000000</float_array>
        <technique_common>
          <accessor source="#mixamorig_RightHandIndex3-Matrix-animation-output-transform-array" count="53" stride="16">
            <param type="float4x4"/>
          </accessor>
        </technique_common>
      </source>
      <source id="mixamorig_RightHandIndex3-Interpolations">
        <Name_array id="mixamorig_RightHandIndex3-Interpolations-array" count="53">
 LINEAR LINEAR LINEAR LINEAR LINEAR LINEAR LINEAR LINEAR LINEAR LINEAR LINEAR
LINEAR LINEAR LINEAR LINEAR LINEAR LINEAR LINEAR LINEAR LINEAR LINEAR LINEAR LINEAR
LINEAR LINEAR LINEAR LINEAR LINEAR LINEAR LINEAR LINEAR LINEAR LINEAR LINEAR LINEAR
LINEAR LINEAR LINEAR LINEAR LINEAR LINEAR LINEAR LINEAR LINEAR LINEAR LINEAR LINEAR
LINEAR LINEAR LINEAR LINEAR LINEAR LINEAR</Name_array>
        <technique_common>
          <accessor source="#mixamorig_RightHandIndex3-Interpolations-array" count="53">
            <param type="name"/>
          </accessor>
        </technique_common>
      </source>
      <sampler id="mixamorig_RightHandIndex3-Matrix-animation-transform">
        <input semantic="INPUT" source="#mixamorig_RightHandIndex3-Matrix-animation-input"/>
        <input semantic="OUTPUT" source="#mixamorig_RightHandIndex3-Matrix-animation-output-transform"/>
        <input semantic="INTERPOLATION" source="#mixamorig_RightHandIndex3-Interpolations"/>
      </sampler>
      <channel source="#mixamorig_RightHandIndex3-Matrix-animation-transform" target="mixamorig_RightHandIndex3/matrix"/>
    </animation>
    <animation id="mixamorig_RightHandMiddle1-anim" name="mixamorig_RightHandMiddle1">
      <source id="mixamorig_RightHandMiddle1-Matrix-animation-input">
        <float_array id="mixamorig_RightHandMiddle1-Matrix-animation-input-array" count="53">

0.000000 0.033333 0.066667 0.100000 0.133333 0.166667 0.200000 0.233333 0.266667 0.300000 0.333333 0.366667 0.400000 0.433333 0.466667 0.500000
0.533333 0.566667 0.600000 0.633333 0.666667 0.700000 0.733333 0.766667 0.800000 0.833333 0.866667 0.900000 0.933333 0.966667 1.000000 1.033333
1.066667 1.100000 1.133333 1.166667 1.200000 1.233333 1.266667 1.300000 1.333333 1.366667 1.400000 1.433333 1.466667 1.500000 1.533333 1.566667
1.600000 1.633333 1.666667 1.700000 1.733333</float_array>
        <technique_common>
          <accessor source="#mixamorig_RightHandMiddle1-Matrix-animation-input-array" count="53">
            <param name="TIME" type="float"/>
          </accessor>
        </technique_common>
      </source>
      <source id="mixamorig_RightHandMiddle1-Matrix-animation-output-transform">
        <float_array id="mixamorig_RightHandMiddle1-Matrix-animation-output-transform-array" count="848">

0.988132 -0.118791 0.097389 0.000000 0.118793 0.189002 -0.974765 15.099700 0.097387 0.974765 0.200871 0.000000 0.000000 0.000000 0.000000 1.000000
0.988132 -0.118792 0.097389 -0.000000 0.118793 0.189002 -0.974765 15.099700 0.097387 0.974765 0.200870 0.000000 0.000000 0.000000 0.000000 1.000000
0.988132 -0.118792 0.097389 0.000000 0.118793 0.189002 -0.974765 15.099700 0.097387 0.974765 0.200871 0.000000 0.000000 0.000000 0.000000 1.000000
0.988132 -0.118792 0.097389 0.000000 0.118793 0.189002 -0.974765 15.099700 0.097387 0.974765 0.200871 0.000000 0.000000 0.000000 0.000000 1.000000
0.988132 -0.118792 0.097389 0.000000 0.118793 0.189002 -0.974765 15.099700 0.097387 0.974765 0.200871 -0.000000 0.000000 0.000000 0.000000 1.000000
0.988132 -0.118791 0.097389 -0.000000 0.118793 0.189002 -0.974765 15.099700 0.097387 0.974765 0.200870 -0.000000 0.000000 0.000000 0.000000 1.000000
0.988132 -0.118791 0.097389 0.000000 0.118793 0.189002 -0.974765 15.099700 0.097387 0.974765 0.200870 -0.000000 0.000000 0.000000 0.000000 1.000000
0.988132 -0.118791 0.097389 -0.000000 0.118793 0.189002 -0.974765 15.099700 0.097387 0.974765 0.200870 0.000000 0.000000 0.000000 0.000000 1.000000
0.988132 -0.118791 0.097389 0.000000 0.118793 0.189002 -0.974765 15.099700 0.097387 0.974765 0.200871 0.000000 0.000000 0.000000 0.000000 1.000000
0.988132 -0.118791 0.097389 0.000000 0.118793 0.189002 -0.974765 15.099700 0.097387 0.974765 0.200870 0.000000 0.000000 0.000000 0.000000 1.000000
0.988132 -0.118791 0.097389 0.000000 0.118793 0.189002 -0.974765 15.099700 0.097387 0.974765 0.200870 -0.000000 0.000000 0.000000 0.000000 1.000000
0.988132 -0.118791 0.097389 -0.000000 0.118793 0.189002 -0.974765 15.099700 0.097387 0.974765 0.200871 0.000000 0.000000 0.000000 0.000000 1.000000
0.988132 -0.118791 0.097389 0.000000 0.118793 0.189002 -0.974765 15.099700 0.097387 0.974765 0.200870 -0.000000 0.000000 0.000000 0.000000 1.000000
0.988132 -0.118791 0.097389 0.000000 0.118793 0.189002 -0.974765 15.099700 0.097387 0.974765 0.200871 -0.000000 0.000000 0.000000 0.000000 1.000000
0.988132 -0.118792 0.097389 0.000000 0.118793 0.189002 -0.974765 15.099700 0.097387 0.974765 0.200871 -0.000000 0.000000 0.000000 0.000000 1.000000
0.988132 -0.118791 0.097389 -0.000000 0.118793 0.189002 -0.974765 15.099700 0.097387 0.974765 0.200871 0.000000 0.000000 0.000000 0.000000 1.000000
0.988132 -0.118792 0.097389 -0.000000 0.118793 0.189002 -0.974765 15.099700 0.097387 0.974765 0.200871 0.000000 0.000000 0.000000 0.000000 1.000000
0.988132 -0.118792 0.097389 0.000000 0.118793 0.189002 -0.974765 15.099700 0.097387 0.974765 0.200871 0.000000 0.000000 0.000000 0.000000 1.000000
0.988132 -0.118792 0.097389 0.000000 0.118793 0.189002 -0.974765 15.099700 0.097387 0.974765 0.200871 -0.000000 0.000000 0.000000 0.000000 1.000000
0.988132 -0.118791 0.097389 -0.000000 0.118793 0.189002 -0.974765 15.099700 0.097387 0.974765 0.200871 0.000000 0.000000 0.000000 0.000000 1.000000
0.988132 -0.118792 0.097389 0.000000 0.118793 0.189002 -0.974765 15.099700 0.097387 0.974765 0.200871 0.000000 0.000000 0.000000 0.000000 1.000000
0.988132 -0.118791 0.097389 -0.000000 0.118793 0.189002 -0.974765 15.099700 0.097387 0.974765 0.200871 0.000000 0.000000 0.000000 0.000000 1.000000
0.988132 -0.118792 0.097389 0.000000 0.118793 0.189002 -0.974765 15.099700 0.097387 0.974765 0.200871 0.000000 0.000000 0.000000 0.000000 1.000000
0.988132 -0.118792 0.097389 0.000000 0.118793 0.189002 -0.974765 15.099700 0.097387 0.974765 0.200871 0.000000 0.000000 0.000000 0.000000 1.000000
0.988132 -0.118791 0.097389 0.000000 0.118793 0.189002 -0.974765 15.099700 0.097387 0.974765 0.200871 0.000000 0.000000 0.000000 0.000000 1.000000
0.988132 -0.118792 0.097389 0.000000 0.118793 0.189002 -0.974765 15.099700 0.097387 0.974765 0.200871 0.000000 0.000000 0.000000 0.000000 1.000000
0.988132 -0.118792 0.097389 -0.000000 0.118793 0.189002 -0.974765 15.099700 0.097387 0.974765 0.200871 0.000000 0.000000 0.000000 0.000000 1.000000
0.988132 -0.118792 0.097389 -0.000000 0.118793 0.189002 -0.974765 15.099700 0.097387 0.974765 0.200871 0.000000 0.000000 0.000000 0.000000 1.000000
0.988132 -0.118792 0.097389 -0.000000 0.118793 0.189002 -0.974765 15.099700 0.097387 0.974765 0.200871 -0.000000 0.000000 0.000000 0.000000 1.000000
0.988132 -0.118791 0.097389 0.000000 0.118793 0.189002 -0.974765 15.099700 0.097387 0.974765 0.200871 0.000000 0.000000 0.000000 0.000000 1.000000
0.988132 -0.118791 0.097389 0.000000 0.118793 0.189002 -0.974765 15.099700 0.097387 0.974765 0.200871 -0.000000 0.000000 0.000000 0.000000 1.000000
0.988132 -0.118792 0.097389 0.000000 0.118793 0.189002 -0.974765 15.099700 0.097387 0.974765 0.200870 -0.000000 0.000000 0.000000 0.000000 1.000000
0.988132 -0.118791 0.097389 0.000000 0.118793 0.189002 -0.974765 15.099700 0.097387 0.974765 0.200871 -0.000000 0.000000 0.000000 0.000000 1.000000
0.988132 -0.118792 0.097389 0.000000 0.118793 0.189002 -0.974765 15.099700 0.097387 0.974765 0.200870 0.000000 0.000000 0.000000 0.000000 1.000000
0.988132 -0.118792 0.097389 0.000000 0.118793 0.189002 -0.974765 15.099700 0.097387 0.974765 0.200871 -0.000000 0.000000 0.000000 0.000000 1.000000
0.988132 -0.118792 0.097389 0.000000 0.118793 0.189002 -0.974765 15.099700 0.097387 0.974765 0.200870 0.000000 0.000000 0.000000 0.000000 1.000000
0.988132 -0.118791 0.097389 0.000000 0.118793 0.189002 -0.974765 15.099700 0.097387 0.974765 0.200871 0.000000 0.000000 0.000000 0.000000 1.000000
0.988132 -0.118792 0.097389 -0.000000 0.118793 0.189002 -0.974765 15.099700 0.097387 0.974765 0.200871 -0.000000 0.000000 0.000000 0.000000 1.000000
0.988132 -0.118792 0.097389 -0.000000 0.118793 0.189002 -0.974765 15.099700 0.097387 0.974765 0.200870 -0.000000 0.000000 0.000000 0.000000 1.000000
0.988132 -0.118791 0.097389 -0.000000 0.118793 0.189002 -0.974765 15.099700 0.097387 0.974765 0.200871 0.000000 0.000000 0.000000 0.000000 1.000000
0.988132 -0.118792 0.097389 0.000000 0.118793 0.189002 -0.974765 15.099700 0.097387 0.974765 0.200871 -0.000000 0.000000 0.000000 0.000000 1.000000
0.988132 -0.118791 0.097389 -0.000000 0.118793 0.189002 -0.974765 15.099700 0.097387 0.974765 0.200870 -0.000000 0.000000 0.000000 0.000000 1.000000
0.988132 -0.118792 0.097389 0.000000 0.118793 0.189002 -0.974765 15.099700 0.097387 0.974765 0.200870 -0.000000 0.000000 0.000000 0.000000 1.000000
0.988132 -0.118791 0.097389 -0.000000 0.118793 0.189002 -0.974765 15.099700 0.097387 0.974765 0.200870 0.000000 0.000000 0.000000 0.000000 1.000000
0.988132 -0.118791 0.097389 0.000000 0.118793 0.189002 -0.974765 15.099700 0.097387 0.974765 0.200871 0.000000 0.000000 0.000000 0.000000 1.000000
0.988132 -0.118792 0.097389 0.000000 0.118793 0.189002 -0.974765 15.099700 0.097387 0.974765 0.200870 0.000000 0.000000 0.000000 0.000000 1.000000
0.988132 -0.118792 0.097389 -0.000000 0.118793 0.189002 -0.974765 15.099700 0.097387 0.974765 0.200870 0.000000 0.000000 0.000000 0.000000 1.000000
0.988132 -0.118792 0.097389 -0.000000 0.118793 0.189002 -0.974765 15.099700 0.097387 0.974765 0.200871 -0.000000 0.000000 0.000000 0.000000 1.000000
0.988132 -0.118791 0.097389 -0.000000 0.118793 0.189002 -0.974765 15.099700 0.097387 0.974765 0.200870 0.000000 0.000000 0.000000 0.000000 1.000000
0.988132 -0.118792 0.097389 -0.000000 0.118793 0.189002 -0.974765 15.099700 0.097387 0.974765 0.200870 0.000000 0.000000 0.000000 0.000000 1.000000
0.988132 -0.118792 0.097389 0.000000 0.118793 0.189002 -0.974765 15.099700 0.097387 0.974765 0.200871 0.000000 0.000000 0.000000 0.000000 1.000000
0.988132 -0.118792 0.097389 -0.000000 0.118793 0.189002 -0.974765 15.099700 0.097387 0.974765 0.200871 0.000000 0.000000 0.000000 0.000000 1.000000
0.988132 -0.118792 0.097389 0.000000 0.118793 0.189002 -0.974765 15.099700 0.097387 0.974765 0.200871 0.000000 0.000000 0.000000 0.000000 1.000000</float_array>
        <technique_common>
          <accessor source="#mixamorig_RightHandMiddle1-Matrix-animation-output-transform-array" count="53" stride="16">
            <param type="float4x4"/>
          </accessor>
        </technique_common>
      </source>
      <source id="mixamorig_RightHandMiddle1-Interpolations">
        <Name_array id="mixamorig_RightHandMiddle1-Interpolations-array" count="53">
 LINEAR LINEAR LINEAR LINEAR LINEAR LINEAR LINEAR LINEAR LINEAR LINEAR LINEAR
LINEAR LINEAR LINEAR LINEAR LINEAR LINEAR LINEAR LINEAR LINEAR LINEAR LINEAR LINEAR
LINEAR LINEAR LINEAR LINEAR LINEAR LINEAR LINEAR LINEAR LINEAR LINEAR LINEAR LINEAR
LINEAR LINEAR LINEAR LINEAR LINEAR LINEAR LINEAR LINEAR LINEAR LINEAR LINEAR LINEAR
LINEAR LINEAR LINEAR LINEAR LINEAR LINEAR</Name_array>
        <technique_common>
          <accessor source="#mixamorig_RightHandMiddle1-Interpolations-array" count="53">
            <param type="name"/>
          </accessor>
        </technique_common>
      </source>
      <sampler id="mixamorig_RightHandMiddle1-Matrix-animation-transform">
        <input semantic="INPUT" source="#mixamorig_RightHandMiddle1-Matrix-animation-input"/>
        <input semantic="OUTPUT" source="#mixamorig_RightHandMiddle1-Matrix-animation-output-transform"/>
        <input semantic="INTERPOLATION" source="#mixamorig_RightHandMiddle1-Interpolations"/>
      </sampler>
      <channel source="#mixamorig_RightHandMiddle1-Matrix-animation-transform" target="mixamorig_RightHandMiddle1/matrix"/>
    </animation>
    <animation id="mixamorig_RightHandMiddle2-anim" name="mixamorig_RightHandMiddle2">
      <source id="mixamorig_RightHandMiddle2-Matrix-animation-input">
        <float_array id="mixamorig_RightHandMiddle2-Matrix-animation-input-array" count="53">

0.000000 0.033333 0.066667 0.100000 0.133333 0.166667 0.200000 0.233333 0.266667 0.300000 0.333333 0.366667 0.400000 0.433333 0.466667 0.500000
0.533333 0.566667 0.600000 0.633333 0.666667 0.700000 0.733333 0.766667 0.800000 0.833333 0.866667 0.900000 0.933333 0.966667 1.000000 1.033333
1.066667 1.100000 1.133333 1.166667 1.200000 1.233333 1.266667 1.300000 1.333333 1.366667 1.400000 1.433333 1.466667 1.500000 1.533333 1.566667
1.600000 1.633333 1.666667 1.700000 1.733333</float_array>
        <technique_common>
          <accessor source="#mixamorig_RightHandMiddle2-Matrix-animation-input-array" count="53">
            <param name="TIME" type="float"/>
          </accessor>
        </technique_common>
      </source>
      <source id="mixamorig_RightHandMiddle2-Matrix-animation-output-transform">
        <float_array id="mixamorig_RightHandMiddle2-Matrix-animation-output-transform-array" count="848">

0.985221 -0.120966 0.121275 0.000000 0.120967 -0.009909 -0.992607 3.620200 0.121273 0.992607 0.004870 -0.000000 0.000000 0.000000 0.000000 1.000000
0.985221 -0.120966 0.121275 -0.000000 0.120968 -0.009909 -0.992607 3.620200 0.121273 0.992607 0.004870 0.000000 0.000000 0.000000 0.000000 1.000000
0.985221 -0.120966 0.121275 0.000000 0.120968 -0.009909 -0.992607 3.620200 0.121273 0.992607 0.004871 0.000000 0.000000 0.000000 0.000000 1.000000
0.985221 -0.120966 0.121275 0.000000 0.120967 -0.009909 -0.992607 3.620200 0.121273 0.992607 0.004870 0.000000 0.000000 0.000000 0.000000 1.000000
0.985221 -0.120966 0.121275 0.000000 0.120968 -0.009909 -0.992607 3.620200 0.121273 0.992607 0.004870 0.000000 0.000000 0.000000 0.000000 1.000000
0.985221 -0.120966 0.121275 0.000000 0.120968 -0.009909 -0.992607 3.620200 0.121273 0.992607 0.004870 0.000000 0.000000 0.000000 0.000000 1.000000
0.985221 -0.120966 0.121275 0.000000 0.120968 -0.009909 -0.992607 3.620200 0.121273 0.992607 0.004871 0.000000 0.000000 0.000000 0.000000 1.000000
0.985221 -0.120966 0.121275 0.000000 0.120968 -0.009909 -0.992607 3.620200 0.121273 0.992607 0.004870 0.000000 0.000000 0.000000 0.000000 1.000000
0.985221 -0.120966 0.121275 0.000000 0.120968 -0.009909 -0.992607 3.620200 0.121273 0.992607 0.004870 0.000000 0.000000 0.000000 0.000000 1.000000
0.985221 -0.120965 0.121275 -0.000000 0.120968 -0.009909 -0.992607 3.620200 0.121273 0.992607 0.004870 0.000000 0.000000 0.000000 0.000000 1.000000
0.985221 -0.120966 0.121275 -0.000000 0.120967 -0.009909 -0.992607 3.620200 0.121273 0.992607 0.004870 0.000000 0.000000 0.000000 0.000000 1.000000
0.985221 -0.120966 0.121275 0.000000 0.120968 -0.009909 -0.992607 3.620200 0.121273 0.992607 0.004870 0.000000 0.000000 0.000000 0.000000 1.000000
0.985221 -0.120966 0.121275 0.000000 0.120968 -0.009909 -0.992607 3.620200 0.121273 0.992607 0.004870 0.000000 0.000000 0.000000 0.000000 1.000000
0.985221 -0.120966 0.121275 0.000000 0.120967 -0.009909 -0.992607 3.620200 0.121273 0.992607 0.004870 0.000000 0.000000 0.000000 0.000000 1.000000
0.985221 -0.120966 0.121275 0.000000 0.120967 -0.009909 -0.992607 3.620200 0.121273 0.992607 0.004871 0.000000 0.000000 0.000000 0.000000 1.000000
0.985221 -0.120966 0.121275 0.000000 0.120967 -0.009909 -0.992607 3.620200 0.121273 0.992607 0.004871 0.000000 0.000000 0.000000 0.000000 1.000000
0.985221 -0.120966 0.121275 0.000000 0.120967 -0.009909 -0.992607 3.620200 0.121273 0.992607 0.004870 0.000000 0.000000 0.000000 0.000000 1.000000
0.985221 -0.120966 0.121275 0.000000 0.120967 -0.009909 -0.992607 3.620200 0.121273 0.992607 0.004871 0.000000 0.000000 0.000000 0.000000 1.000000
0.985221 -0.120966 0.121275 0.000000 0.120968 -0.009909 -0.992607 3.620200 0.121273 0.992607 0.004870 0.000000 0.000000 0.000000 0.000000 1.000000
0.985221 -0.120966 0.121275 0.000000 0.120968 -0.009909 -0.992607 3.620200 0.121273 0.992607 0.004870 -0.000000 0.000000 0.000000 0.000000 1.000000
0.985221 -0.120965 0.121275 0.000000 0.120967 -0.009909 -0.992607 3.620200 0.121273 0.992607 0.004871 0.000000 0.000000 0.000000 0.000000 1.000000
0.985221 -0.120966 0.121275 0.000000 0.120968 -0.009909 -0.992607 3.620200 0.121273 0.992607 0.004870 -0.000000 0.000000 0.000000 0.000000 1.000000
0.985221 -0.120965 0.121275 0.000000 0.120967 -0.009909 -0.992607 3.620200 0.121273 0.992607 0.004871 0.000000 0.000000 0.000000 0.000000 1.000000
0.985221 -0.120965 0.121275 -0.000000 0.120967 -0.009909 -0.992607 3.620200 0.121273 0.992607 0.004870 0.000000 0.000000 0.000000 0.000000 1.000000
0.985221 -0.120966 0.121275 0.000000 0.120968 -0.009909 -0.992607 3.620200 0.121273 0.992607 0.004870 0.000000 0.000000 0.000000 0.000000 1.000000
0.985221 -0.120966 0.121275 0.000000 0.120967 -0.009909 -0.992607 3.620200 0.121273 0.992607 0.004870 0.000000 0.000000 0.000000 0.000000 1.000000
0.985221 -0.120966 0.121275 0.000000 0.120968 -0.009909 -0.992607 3.620200 0.121273 0.992607 0.004870 0.000000 0.000000 0.000000 0.000000 1.000000
0.985221 -0.120966 0.121275 0.000000 0.120967 -0.009909 -0.992607 3.620200 0.121273 0.992607 0.004870 0.000000 0.000000 0.000000 0.000000 1.000000
0.985221 -0.120966 0.121275 -0.000000 0.120968 -0.009909 -0.992607 3.620200 0.121273 0.992607 0.004870 0.000000 0.000000 0.000000 0.000000 1.000000
0.985221 -0.120966 0.121275 0.000000 0.120967 -0.009909 -0.992607 3.620200 0.121273 0.992607 0.004870 0.000000 0.000000 0.000000 0.000000 1.000000
0.985221 -0.120966 0.121275 -0.000000 0.120968 -0.009909 -0.992607 3.620200 0.121273 0.992607 0.004871 0.000000 0.000000 0.000000 0.000000 1.000000
0.985221 -0.120966 0.121275 -0.000000 0.120968 -0.009909 -0.992607 3.620200 0.121273 0.992607 0.004870 0.000000 0.000000 0.000000 0.000000 1.000000
0.985221 -0.120965 0.121275 0.000000 0.120968 -0.009909 -0.992607 3.620200 0.121273 0.992607 0.004870 0.000000 0.000000 0.000000 0.000000 1.000000
0.985221 -0.120966 0.121275 0.000000 0.120967 -0.009909 -0.992607 3.620200 0.121273 0.992607 0.004871 0.000000 0.000000 0.000000 0.000000 1.000000
0.985221 -0.120966 0.121275 0.000000 0.120967 -0.009909 -0.992607 3.620200 0.121273 0.992607 0.004870 0.000000 0.000000 0.000000 0.000000 1.000000
0.985221 -0.120966 0.121275 0.000000 0.120967 -0.009910 -0.992607 3.620200 0.121273 0.992607 0.004870 0.000000 0.000000 0.000000 0.000000 1.000000
0.985221 -0.120966 0.121275 0.000000 0.120967 -0.009909 -0.992607 3.620200 0.121273 0.992607 0.004870 0.000000 0.000000 0.000000 0.000000 1.000000
0.985221 -0.120966 0.121275 -0.000000 0.120967 -0.009909 -0.992607 3.620200 0.121273 0.992607 0.004870 0.000000 0.000000 0.000000 0.000000 1.000000
0.985221 -0.120966 0.121275 -0.000000 0.120968 -0.009909 -0.992607 3.620200 0.121273 0.992607 0.004871 0.000000 0.000000 0.000000 0.000000 1.000000
0.985221 -0.120966 0.121275 0.000000 0.120967 -0.009909 -0.992607 3.620200 0.121273 0.992607 0.004871 0.000000 0.000000 0.000000 0.000000 1.000000
0.985221 -0.120966 0.121275 0.000000 0.120967 -0.009909 -0.992607 3.620200 0.121273 0.992607 0.004871 -0.000000 0.000000 0.000000 0.000000 1.000000
0.985221 -0.120966 0.121275 0.000000 0.120968 -0.009909 -0.992607 3.620200 0.121273 0.992607 0.004870 0.000000 0.000000 0.000000 0.000000 1.000000
0.985221 -0.120965 0.121275 0.000000 0.120968 -0.009909 -0.992607 3.620200 0.121273 0.992607 0.004870 0.000000 0.000000 0.000000 0.000000 1.000000
0.985221 -0.120966 0.121275 0.000000 0.120968 -0.009909 -0.992607 3.620200 0.121273 0.992607 0.004870 0.000000 0.000000 0.000000 0.000000 1.000000
0.985221 -0.120966 0.121275 0.000000 0.120967 -0.009909 -0.992607 3.620200 0.121273 0.992607 0.004870 -0.000000 0.000000 0.000000 0.000000 1.000000
0.985221 -0.120966 0.121275 0.000000 0.120968 -0.009909 -0.992607 3.620200 0.121273 0.992607 0.004870 0.000000 0.000000 0.000000 0.000000 1.000000
0.985221 -0.120965 0.121275 0.000000 0.120967 -0.009909 -0.992607 3.620200 0.121273 0.992607 0.004871 0.000000 0.000000 0.000000 0.000000 1.000000
0.985221 -0.120966 0.121275 -0.000000 0.120967 -0.009909 -0.992607 3.620200 0.121273 0.992607 0.004870 -0.000000 0.000000 0.000000 0.000000 1.000000
0.985221 -0.120966 0.121275 0.000000 0.120967 -0.009909 -0.992607 3.620200 0.121273 0.992607 0.004870 0.000000 0.000000 0.000000 0.000000 1.000000
0.985221 -0.120966 0.121275 0.000000 0.120967 -0.009909 -0.992607 3.620200 0.121273 0.992607 0.004870 0.000000 0.000000 0.000000 0.000000 1.000000
0.985221 -0.120966 0.121275 0.000000 0.120967 -0.009910 -0.992607 3.620200 0.121273 0.992607 0.004870 -0.000000 0.000000 0.000000 0.000000 1.000000
0.985221 -0.120966 0.121274 0.000000 0.120967 -0.009909 -0.992607 3.620200 0.121273 0.992607 0.004870 0.000000 0.000000 0.000000 0.000000 1.000000
0.985221 -0.120966 0.121275 0.000000 0.120968 -0.009909 -0.992607 3.620200 0.121273 0.992607 0.004871 0.000000 0.000000 0.000000 0.000000 1.000000</float_array>
        <technique_common>
          <accessor source="#mixamorig_RightHandMiddle2-Matrix-animation-output-transform-array" count="53" stride="16">
            <param type="float4x4"/>
          </accessor>
        </technique_common>
      </source>
      <source id="mixamorig_RightHandMiddle2-Interpolations">
        <Name_array id="mixamorig_RightHandMiddle2-Interpolations-array" count="53">
 LINEAR LINEAR LINEAR LINEAR LINEAR LINEAR LINEAR LINEAR LINEAR LINEAR LINEAR
LINEAR LINEAR LINEAR LINEAR LINEAR LINEAR LINEAR LINEAR LINEAR LINEAR LINEAR LINEAR
LINEAR LINEAR LINEAR LINEAR LINEAR LINEAR LINEAR LINEAR LINEAR LINEAR LINEAR LINEAR
LINEAR LINEAR LINEAR LINEAR LINEAR LINEAR LINEAR LINEAR LINEAR LINEAR LINEAR LINEAR
LINEAR LINEAR LINEAR LINEAR LINEAR LINEAR</Name_array>
        <technique_common>
          <accessor source="#mixamorig_RightHandMiddle2-Interpolations-array" count="53">
            <param type="name"/>
          </accessor>
        </technique_common>
      </source>
      <sampler id="mixamorig_RightHandMiddle2-Matrix-animation-transform">
        <input semantic="INPUT" source="#mixamorig_RightHandMiddle2-Matrix-animation-input"/>
        <input semantic="OUTPUT" source="#mixamorig_RightHandMiddle2-Matrix-animation-output-transform"/>
        <input semantic="INTERPOLATION" source="#mixamorig_RightHandMiddle2-Interpolations"/>
      </sampler>
      <channel source="#mixamorig_RightHandMiddle2-Matrix-animation-transform" target="mixamorig_RightHandMiddle2/matrix"/>
    </animation>
    <animation id="mixamorig_RightHandMiddle3-anim" name="mixamorig_RightHandMiddle3">
      <source id="mixamorig_RightHandMiddle3-Matrix-animation-input">
        <float_array id="mixamorig_RightHandMiddle3-Matrix-animation-input-array" count="53">

0.000000 0.033333 0.066667 0.100000 0.133333 0.166667 0.200000 0.233333 0.266667 0.300000 0.333333 0.366667 0.400000 0.433333 0.466667 0.500000
0.533333 0.566667 0.600000 0.633333 0.666667 0.700000 0.733333 0.766667 0.800000 0.833333 0.866667 0.900000 0.933333 0.966667 1.000000 1.033333
1.066667 1.100000 1.133333 1.166667 1.200000 1.233333 1.266667 1.300000 1.333333 1.366667 1.400000 1.433333 1.466667 1.500000 1.533333 1.566667
1.600000 1.633333 1.666667 1.700000 1.733333</float_array>
        <technique_common>
          <accessor source="#mixamorig_RightHandMiddle3-Matrix-animation-input-array" count="53">
            <param name="TIME" type="float"/>
          </accessor>
        </technique_common>
      </source>
      <source id="mixamorig_RightHandMiddle3-Matrix-animation-output-transform">
        <float_array id="mixamorig_RightHandMiddle3-Matrix-animation-output-transform-array" count="848">

0.991766 -0.108787 0.067563 -0.000000 0.108789 0.437374 -0.892675 2.832500 0.067561 0.892675 0.445608 0.000000 0.000000 0.000000 0.000000 1.000000
0.991766 -0.108787 0.067563 0.000000 0.108789 0.437374 -0.892675 2.832500 0.067561 0.892675 0.445608 -0.000000 0.000000 0.000000 0.000000 1.000000
0.991766 -0.108788 0.067563 -0.000000 0.108789 0.437374 -0.892675 2.832500 0.067562 0.892675 0.445608 0.000000 0.000000 0.000000 0.000000 1.000000
0.991766 -0.108788 0.067563 -0.000000 0.108789 0.437374 -0.892675 2.832500 0.067561 0.892675 0.445608 0.000000 0.000000 0.000000 0.000000 1.000000
0.991766 -0.108788 0.067563 0.000000 0.108789 0.437375 -0.892675 2.832500 0.067562 0.892675 0.445608 0.000000 0.000000 0.000000 0.000000 1.000000
0.991766 -0.108788 0.067563 0.000000 0.108789 0.437375 -0.892675 2.832500 0.067561 0.892675 0.445608 0.000000 0.000000 0.000000 0.000000 1.000000
0.991766 -0.108788 0.067563 0.000000 0.108789 0.437374 -0.892675 2.832500 0.067562 0.892675 0.445608 0.000000 0.000000 0.000000 0.000000 1.000000
0.991766 -0.108788 0.067563 0.000000 0.108789 0.437375 -0.892675 2.832500 0.067561 0.892675 0.445608 -0.000000 0.000000 0.000000 0.000000 1.000000
0.991766 -0.108788 0.067563 0.000000 0.108789 0.437374 -0.892675 2.832500 0.067561 0.892675 0.445608 0.000000 0.000000 0.000000 0.000000 1.000000
0.991766 -0.108788 0.067563 -0.000000 0.108789 0.437375 -0.892675 2.832500 0.067562 0.892675 0.445608 0.000000 0.000000 0.000000 0.000000 1.000000
0.991766 -0.108788 0.067563 -0.000000 0.108789 0.437374 -0.892675 2.832500 0.067561 0.892675 0.445608 0.000000 0.000000 0.000000 0.000000 1.000000
0.991766 -0.108788 0.067563 0.000000 0.108789 0.437375 -0.892675 2.832500 0.067561 0.892675 0.445608 0.000000 0.000000 0.000000 0.000000 1.000000
0.991766 -0.108788 0.067563 -0.000000 0.108789 0.437374 -0.892675 2.832500 0.067562 0.892675 0.445608 -0.000000 0.000000 0.000000 0.000000 1.000000
0.991766 -0.108787 0.067563 0.000000 0.108788 0.437374 -0.892675 2.832500 0.067561 0.892675 0.445608 0.000000 0.000000 0.000000 0.000000 1.000000
0.991766 -0.108788 0.067563 0.000000 0.108789 0.437374 -0.892675 2.832500 0.067561 0.892675 0.445608 0.000000 0.000000 0.000000 0.000000 1.000000
0.991766 -0.108787 0.067563 0.000000 0.108788 0.437375 -0.892675 2.832500 0.067561 0.892675 0.445608 0.000000 0.000000 0.000000 0.000000 1.000000
0.991766 -0.108787 0.067563 0.000000 0.108788 0.437375 -0.892675 2.832500 0.067562 0.892675 0.445608 0.000000 0.000000 0.000000 0.000000 1.000000
0.991766 -0.108788 0.067563 0.000000 0.108789 0.437374 -0.892675 2.832500 0.067562 0.892675 0.445608 0.000000 0.000000 0.000000 0.000000 1.000000
0.991766 -0.108787 0.067563 -0.000000 0.108789 0.437375 -0.892675 2.832500 0.067561 0.892675 0.445608 -0.000000 0.000000 0.000000 0.000000 1.000000
0.991766 -0.108788 0.067563 0.000000 0.108789 0.437374 -0.892675 2.832500 0.067561 0.892675 0.445608 0.000000 0.000000 0.000000 0.000000 1.000000
0.991766 -0.108787 0.067563 -0.000000 0.108789 0.437374 -0.892675 2.832500 0.067561 0.892675 0.445608 -0.000000 0.000000 0.000000 0.000000 1.000000
0.991766 -0.108788 0.067563 0.000000 0.108789 0.437375 -0.892675 2.832500 0.067562 0.892675 0.445608 0.000000 0.000000 0.000000 0.000000 1.000000
0.991766 -0.108788 0.067563 0.000000 0.108789 0.437375 -0.892675 2.832500 0.067562 0.892675 0.445608 0.000000 0.000000 0.000000 0.000000 1.000000
0.991766 -0.108788 0.067563 -0.000000 0.108789 0.437374 -0.892675 2.832500 0.067561 0.892675 0.445608 -0.000000 0.000000 0.000000 0.000000 1.000000
0.991766 -0.108788 0.067563 0.000000 0.108789 0.437374 -0.892675 2.832500 0.067561 0.892675 0.445608 0.000000 0.000000 0.000000 0.000000 1.000000
0.991766 -0.108787 0.067563 -0.000000 0.108789 0.437375 -0.892675 2.832500 0.067561 0.892675 0.445608 -0.000000 0.000000 0.000000 0.000000 1.000000
0.991766 -0.108787 0.067563 0.000000 0.108789 0.437374 -0.892675 2.832500 0.067561 0.892675 0.445608 -0.000000 0.000000 0.000000 0.000000 1.000000
0.991766 -0.108787 0.067563 0.000000 0.108789 0.437374 -0.892675 2.832500 0.067561 0.892675 0.445608 0.000000 0.000000 0.000000 0.000000 1.000000
0.991766 -0.108788 0.067563 -0.000000 0.108789 0.437375 -0.892675 2.832500 0.067562 0.892675 0.445608 0.000000 0.000000 0.000000 0.000000 1.000000
0.991766 -0.108787 0.067563 0.000000 0.108789 0.437375 -0.892675 2.832500 0.067561 0.892675 0.445608 0.000000 0.000000 0.000000 0.000000 1.000000
0.991766 -0.108788 0.067563 -0.000000 0.108789 0.437374 -0.892675 2.832500 0.067562 0.892675 0.445608 -0.000000 0.000000 0.000000 0.000000 1.000000
0.991766 -0.108788 0.067563 0.000000 0.108789 0.437375 -0.892675 2.832500 0.067562 0.892675 0.445608 -0.000000 0.000000 0.000000 0.000000 1.000000
0.991766 -0.108788 0.067563 -0.000000 0.108789 0.437374 -0.892675 2.832500 0.067561 0.892675 0.445608 0.000000 0.000000 0.000000 0.000000 1.000000
0.991766 -0.108788 0.067563 0.000000 0.108789 0.437374 -0.892675 2.832500 0.067562 0.892675 0.445608 0.000000 0.000000 0.000000 0.000000 1.000000
0.991766 -0.108787 0.067563 0.000000 0.108788 0.437374 -0.892675 2.832500 0.067561 0.892675 0.445608 0.000000 0.000000 0.000000 0.000000 1.000000
0.991766 -0.108787 0.067563 0.000000 0.108789 0.437374 -0.892675 2.832500 0.067561 0.892675 0.445608 0.000000 0.000000 0.000000 0.000000 1.000000
0.991766 -0.108788 0.067563 -0.000000 0.108789 0.437375 -0.892675 2.832500 0.067562 0.892675 0.445608 0.000000 0.000000 0.000000 0.000000 1.000000
0.991766 -0.108787 0.067563 0.000000 0.108789 0.437374 -0.892675 2.832500 0.067561 0.892675 0.445608 0.000000 0.000000 0.000000 0.000000 1.000000
0.991766 -0.108788 0.067563 -0.000000 0.108789 0.437374 -0.892675 2.832500 0.067562 0.892675 0.445608 -0.000000 0.000000 0.000000 0.000000 1.000000
0.991766 -0.108787 0.067563 0.000000 0.108788 0.437374 -0.892675 2.832500 0.067561 0.892675 0.445608 0.000000 0.000000 0.000000 0.000000 1.000000
0.991766 -0.108787 0.067563 0.000000 0.108789 0.437374 -0.892675 2.832500 0.067561 0.892675 0.445608 -0.000000 0.000000 0.000000 0.000000 1.000000
0.991766 -0.108788 0.067563 0.000000 0.108789 0.437374 -0.892675 2.832500 0.067562 0.892675 0.445608 0.000000 0.000000 0.000000 0.000000 1.000000
0.991766 -0.108788 0.067563 -0.000000 0.108789 0.437375 -0.892675 2.832500 0.067562 0.892675 0.445608 -0.000000 0.000000 0.000000 0.000000 1.000000
0.991766 -0.108788 0.067563 0.000000 0.108789 0.437374 -0.892675 2.832500 0.067562 0.892675 0.445608 0.000000 0.000000 0.000000 0.000000 1.000000
0.991766 -0.108787 0.067563 -0.000000 0.108789 0.437374 -0.892675 2.832500 0.067561 0.892675 0.445608 0.000000 0.000000 0.000000 0.000000 1.000000
0.991766 -0.108788 0.067563 0.000000 0.108789 0.437375 -0.892675 2.832500 0.067562 0.892675 0.445608 0.000000 0.000000 0.000000 0.000000 1.000000
0.991766 -0.108787 0.067563 0.000000 0.108789 0.437374 -0.892675 2.832500 0.067561 0.892675 0.445608 0.000000 0.000000 0.000000 0.000000 1.000000
0.991766 -0.108788 0.067563 -0.000000 0.108789 0.437374 -0.892675 2.832500 0.067561 0.892675 0.445608 0.000000 0.000000 0.000000 0.000000 1.000000
0.991766 -0.108787 0.067563 0.000000 0.108789 0.437375 -0.892675 2.832500 0.067561 0.892675 0.445608 0.000000 0.000000 0.000000 0.000000 1.000000
0.991766 -0.108787 0.067563 0.000000 0.108789 0.437375 -0.892675 2.832500 0.067561 0.892675 0.445608 0.000000 0.000000 0.000000 0.000000 1.000000
0.991766 -0.108787 0.067563 0.000000 0.108789 0.437375 -0.892675 2.832500 0.067561 0.892675 0.445608 -0.000000 0.000000 0.000000 0.000000 1.000000
0.991766 -0.108787 0.067563 0.000000 0.108789 0.437375 -0.892675 2.832500 0.067561 0.892675 0.445608 0.000000 0.000000 0.000000 0.000000 1.000000
0.991766 -0.108787 0.067563 -0.000000 0.108788 0.437374 -0.892675 2.832500 0.067561 0.892675 0.445608 -0.000000 0.000000 0.000000 0.000000 1.000000</float_array>
        <technique_common>
          <accessor source="#mixamorig_RightHandMiddle3-Matrix-animation-output-transform-array" count="53" stride="16">
            <param type="float4x4"/>
          </accessor>
        </technique_common>
      </source>
      <source id="mixamorig_RightHandMiddle3-Interpolations">
        <Name_array id="mixamorig_RightHandMiddle3-Interpolations-array" count="53">
 LINEAR LINEAR LINEAR LINEAR LINEAR LINEAR LINEAR LINEAR LINEAR LINEAR LINEAR
LINEAR LINEAR LINEAR LINEAR LINEAR LINEAR LINEAR LINEAR LINEAR LINEAR LINEAR LINEAR
LINEAR LINEAR LINEAR LINEAR LINEAR LINEAR LINEAR LINEAR LINEAR LINEAR LINEAR LINEAR
LINEAR LINEAR LINEAR LINEAR LINEAR LINEAR LINEAR LINEAR LINEAR LINEAR LINEAR LINEAR
LINEAR LINEAR LINEAR LINEAR LINEAR LINEAR</Name_array>
        <technique_common>
          <accessor source="#mixamorig_RightHandMiddle3-Interpolations-array" count="53">
            <param type="name"/>
          </accessor>
        </technique_common>
      </source>
      <sampler id="mixamorig_RightHandMiddle3-Matrix-animation-transform">
        <input semantic="INPUT" source="#mixamorig_RightHandMiddle3-Matrix-animation-input"/>
        <input semantic="OUTPUT" source="#mixamorig_RightHandMiddle3-Matrix-animation-output-transform"/>
        <input semantic="INTERPOLATION" source="#mixamorig_RightHandMiddle3-Interpolations"/>
      </sampler>
      <channel source="#mixamorig_RightHandMiddle3-Matrix-animation-transform" target="mixamorig_RightHandMiddle3/matrix"/>
    </animation>
    <animation id="mixamorig_RightHandRing1-anim" name="mixamorig_RightHandRing1">
      <source id="mixamorig_RightHandRing1-Matrix-animation-input">
        <float_array id="mixamorig_RightHandRing1-Matrix-animation-input-array" count="53">

0.000000 0.033333 0.066667 0.100000 0.133333 0.166667 0.200000 0.233333 0.266667 0.300000 0.333333 0.366667 0.400000 0.433333 0.466667 0.500000
0.533333 0.566667 0.600000 0.633333 0.666667 0.700000 0.733333 0.766667 0.800000 0.833333 0.866667 0.900000 0.933333 0.966667 1.000000 1.033333
1.066667 1.100000 1.133333 1.166667 1.200000 1.233333 1.266667 1.300000 1.333333 1.366667 1.400000 1.433333 1.466667 1.500000 1.533333 1.566667
1.600000 1.633333 1.666667 1.700000 1.733333</float_array>
        <technique_common>
          <accessor source="#mixamorig_RightHandRing1-Matrix-animation-input-array" count="53">
            <param name="TIME" type="float"/>
          </accessor>
        </technique_common>
      </source>
      <source id="mixamorig_RightHandRing1-Matrix-animation-output-transform">
        <float_array id="mixamorig_RightHandRing1-Matrix-animation-output-transform-array" count="848">

0.988132 -0.118791 0.097389 -3.512100 0.118793 0.189002 -0.974765 15.621700 0.097387 0.974765 0.200871 0.773000 0.000000 0.000000 0.000000 1.000000
0.988132 -0.118792 0.097389 -3.512100 0.118793 0.189002 -0.974765 15.621700 0.097387 0.974765 0.200871 0.773000 0.000000 0.000000 0.000000 1.000000
0.988132 -0.118792 0.097389 -3.512100 0.118793 0.189002 -0.974765 15.621700 0.097387 0.974765 0.200871 0.773000 0.000000 0.000000 0.000000 1.000000
0.988132 -0.118792 0.097389 -3.512100 0.118793 0.189002 -0.974765 15.621700 0.097387 0.974765 0.200871 0.773000 0.000000 0.000000 0.000000 1.000000
0.988132 -0.118792 0.097389 -3.512100 0.118793 0.189002 -0.974765 15.621700 0.097387 0.974765 0.200871 0.773000 0.000000 0.000000 0.000000 1.000000
0.988132 -0.118791 0.097389 -3.512100 0.118793 0.189002 -0.974765 15.621700 0.097387 0.974765 0.200870 0.773000 0.000000 0.000000 0.000000 1.000000
0.988132 -0.118791 0.097389 -3.512100 0.118793 0.189002 -0.974765 15.621700 0.097387 0.974765 0.200871 0.773000 0.000000 0.000000 0.000000 1.000000
0.988132 -0.118791 0.097389 -3.512100 0.118793 0.189002 -0.974765 15.621700 0.097387 0.974765 0.200871 0.773000 0.000000 0.000000 0.000000 1.000000
0.988132 -0.118791 0.097389 -3.512100 0.118793 0.189002 -0.974765 15.621700 0.097387 0.974765 0.200871 0.773000 0.000000 0.000000 0.000000 1.000000
0.988132 -0.118791 0.097389 -3.512100 0.118793 0.189002 -0.974765 15.621700 0.097387 0.974765 0.200870 0.773000 0.000000 0.000000 0.000000 1.000000
0.988132 -0.118791 0.097389 -3.512100 0.118793 0.189002 -0.974765 15.621700 0.097387 0.974765 0.200870 0.773000 0.000000 0.000000 0.000000 1.000000
0.988132 -0.118791 0.097389 -3.512100 0.118793 0.189002 -0.974765 15.621700 0.097387 0.974765 0.200871 0.773000 0.000000 0.000000 0.000000 1.000000
0.988132 -0.118791 0.097389 -3.512100 0.118793 0.189002 -0.974765 15.621700 0.097387 0.974765 0.200871 0.773000 0.000000 0.000000 0.000000 1.000000
0.988132 -0.118791 0.097389 -3.512100 0.118793 0.189002 -0.974765 15.621700 0.097387 0.974765 0.200871 0.773000 0.000000 0.000000 0.000000 1.000000
0.988132 -0.118792 0.097389 -3.512100 0.118793 0.189002 -0.974765 15.621700 0.097387 0.974765 0.200871 0.773000 0.000000 0.000000 0.000000 1.000000
0.988132 -0.118791 0.097389 -3.512100 0.118793 0.189002 -0.974765 15.621700 0.097387 0.974765 0.200871 0.773000 0.000000 0.000000 0.000000 1.000000
0.988132 -0.118792 0.097389 -3.512100 0.118793 0.189002 -0.974765 15.621700 0.097387 0.974765 0.200871 0.773000 0.000000 0.000000 0.000000 1.000000
0.988132 -0.118792 0.097389 -3.512100 0.118793 0.189002 -0.974765 15.621700 0.097387 0.974765 0.200871 0.773000 0.000000 0.000000 0.000000 1.000000
0.988132 -0.118792 0.097389 -3.512100 0.118793 0.189002 -0.974765 15.621700 0.097387 0.974765 0.200871 0.773000 0.000000 0.000000 0.000000 1.000000
0.988132 -0.118791 0.097389 -3.512100 0.118793 0.189002 -0.974765 15.621700 0.097387 0.974765 0.200871 0.773000 0.000000 0.000000 0.000000 1.000000
0.988132 -0.118792 0.097389 -3.512100 0.118793 0.189002 -0.974765 15.621700 0.097387 0.974765 0.200871 0.773000 0.000000 0.000000 0.000000 1.000000
0.988132 -0.118791 0.097389 -3.512100 0.118793 0.189002 -0.974765 15.621700 0.097387 0.974765 0.200871 0.773000 0.000000 0.000000 0.000000 1.000000
0.988132 -0.118792 0.097389 -3.512100 0.118793 0.189003 -0.974765 15.621700 0.097387 0.974765 0.200871 0.773000 0.000000 0.000000 0.000000 1.000000
0.988132 -0.118792 0.097389 -3.512100 0.118793 0.189002 -0.974765 15.621700 0.097387 0.974765 0.200871 0.773000 0.000000 0.000000 0.000000 1.000000
0.988132 -0.118791 0.097389 -3.512100 0.118793 0.189002 -0.974765 15.621700 0.097387 0.974765 0.200871 0.773000 0.000000 0.000000 0.000000 1.000000
0.988132 -0.118792 0.097389 -3.512100 0.118793 0.189002 -0.974765 15.621700 0.097387 0.974765 0.200871 0.773000 0.000000 0.000000 0.000000 1.000000
0.988132 -0.118792 0.097389 -3.512100 0.118793 0.189002 -0.974765 15.621700 0.097387 0.974765 0.200871 0.773000 0.000000 0.000000 0.000000 1.000000
0.988132 -0.118792 0.097389 -3.512100 0.118793 0.189002 -0.974765 15.621700 0.097387 0.974765 0.200871 0.773000 0.000000 0.000000 0.000000 1.000000
0.988132 -0.118792 0.097389 -3.512100 0.118793 0.189002 -0.974765 15.621700 0.097387 0.974765 0.200871 0.773000 0.000000 0.000000 0.000000 1.000000
0.988132 -0.118791 0.097389 -3.512100 0.118793 0.189002 -0.974765 15.621700 0.097387 0.974765 0.200871 0.773000 0.000000 0.000000 0.000000 1.000000
0.988132 -0.118791 0.097389 -3.512100 0.118793 0.189002 -0.974765 15.621700 0.097387 0.974765 0.200871 0.773000 0.000000 0.000000 0.000000 1.000000
0.988132 -0.118792 0.097389 -3.512100 0.118793 0.189002 -0.974765 15.621700 0.097387 0.974765 0.200871 0.773000 0.000000 0.000000 0.000000 1.000000
0.988132 -0.118791 0.097389 -3.512100 0.118793 0.189002 -0.974765 15.621700 0.097387 0.974765 0.200871 0.773000 0.000000 0.000000 0.000000 1.000000
0.988132 -0.118792 0.097389 -3.512100 0.118793 0.189002 -0.974765 15.621700 0.097387 0.974765 0.200871 0.773000 0.000000 0.000000 0.000000 1.000000
0.988132 -0.118792 0.097389 -3.512100 0.118793 0.189002 -0.974765 15.621700 0.097387 0.974765 0.200871 0.773000 0.000000 0.000000 0.000000 1.000000
0.988132 -0.118792 0.097389 -3.512100 0.118793 0.189002 -0.974765 15.621700 0.097387 0.974765 0.200871 0.773000 0.000000 0.000000 0.000000 1.000000
0.988132 -0.118791 0.097389 -3.512100 0.118793 0.189002 -0.974765 15.621700 0.097387 0.974765 0.200871 0.773000 0.000000 0.000000 0.000000 1.000000
0.988132 -0.118792 0.097389 -3.512100 0.118793 0.189002 -0.974765 15.621700 0.097387 0.974765 0.200871 0.773000 0.000000 0.000000 0.000000 1.000000
0.988132 -0.118792 0.097389 -3.512100 0.118793 0.189002 -0.974765 15.621700 0.097387 0.974765 0.200871 0.773000 0.000000 0.000000 0.000000 1.000000
0.988132 -0.118791 0.097389 -3.512100 0.118793 0.189002 -0.974765 15.621700 0.097387 0.974765 0.200871 0.773000 0.000000 0.000000 0.000000 1.000000
0.988132 -0.118792 0.097389 -3.512100 0.118793 0.189002 -0.974765 15.621700 0.097387 0.974765 0.200871 0.773000 0.000000 0.000000 0.000000 1.000000
0.988132 -0.118791 0.097389 -3.512100 0.118793 0.189002 -0.974765 15.621700 0.097387 0.974765 0.200871 0.773000 0.000000 0.000000 0.000000 1.000000
0.988132 -0.118792 0.097389 -3.512100 0.118793 0.189002 -0.974765 15.621700 0.097387 0.974765 0.200871 0.773000 0.000000 0.000000 0.000000 1.000000
0.988132 -0.118791 0.097389 -3.512100 0.118793 0.189002 -0.974765 15.621700 0.097387 0.974765 0.200870 0.773000 0.000000 0.000000 0.000000 1.000000
0.988132 -0.118791 0.097389 -3.512100 0.118793 0.189002 -0.974765 15.621700 0.097387 0.974765 0.200871 0.773000 0.000000 0.000000 0.000000 1.000000
0.988132 -0.118792 0.097389 -3.512100 0.118793 0.189002 -0.974765 15.621700 0.097387 0.974765 0.200870 0.773000 0.000000 0.000000 0.000000 1.000000
0.988132 -0.118792 0.097389 -3.512100 0.118793 0.189002 -0.974765 15.621700 0.097387 0.974765 0.200870 0.773000 0.000000 0.000000 0.000000 1.000000
0.988132 -0.118792 0.097389 -3.512100 0.118793 0.189002 -0.974765 15.621700 0.097387 0.974765 0.200871 0.773000 0.000000 0.000000 0.000000 1.000000
0.988132 -0.118791 0.097389 -3.512100 0.118793 0.189002 -0.974765 15.621700 0.097387 0.974765 0.200871 0.773000 0.000000 0.000000 0.000000 1.000000
0.988132 -0.118792 0.097389 -3.512100 0.118793 0.189002 -0.974765 15.621700 0.097387 0.974765 0.200870 0.773000 0.000000 0.000000 0.000000 1.000000
0.988132 -0.118792 0.097389 -3.512100 0.118793 0.189002 -0.974765 15.621700 0.097387 0.974765 0.200871 0.773000 0.000000 0.000000 0.000000 1.000000
0.988132 -0.118792 0.097389 -3.512100 0.118793 0.189002 -0.974765 15.621700 0.097387 0.974765 0.200871 0.773000 0.000000 0.000000 0.000000 1.000000
0.988132 -0.118792 0.097389 -3.512100 0.118793 0.189002 -0.974765 15.621700 0.097387 0.974765 0.200871 0.773000 0.000000 0.000000 0.000000 1.000000</float_array>
        <technique_common>
          <accessor source="#mixamorig_RightHandRing1-Matrix-animation-output-transform-array" count="53" stride="16">
            <param type="float4x4"/>
          </accessor>
        </technique_common>
      </source>
      <source id="mixamorig_RightHandRing1-Interpolations">
        <Name_array id="mixamorig_RightHandRing1-Interpolations-array" count="53">
 LINEAR LINEAR LINEAR LINEAR LINEAR LINEAR LINEAR LINEAR LINEAR LINEAR LINEAR
LINEAR LINEAR LINEAR LINEAR LINEAR LINEAR LINEAR LINEAR LINEAR LINEAR LINEAR LINEAR
LINEAR LINEAR LINEAR LINEAR LINEAR LINEAR LINEAR LINEAR LINEAR LINEAR LINEAR LINEAR
LINEAR LINEAR LINEAR LINEAR LINEAR LINEAR LINEAR LINEAR LINEAR LINEAR LINEAR LINEAR
LINEAR LINEAR LINEAR LINEAR LINEAR LINEAR</Name_array>
        <technique_common>
          <accessor source="#mixamorig_RightHandRing1-Interpolations-array" count="53">
            <param type="name"/>
          </accessor>
        </technique_common>
      </source>
      <sampler id="mixamorig_RightHandRing1-Matrix-animation-transform">
        <input semantic="INPUT" source="#mixamorig_RightHandRing1-Matrix-animation-input"/>
        <input semantic="OUTPUT" source="#mixamorig_RightHandRing1-Matrix-animation-output-transform"/>
        <input semantic="INTERPOLATION" source="#mixamorig_RightHandRing1-Interpolations"/>
      </sampler>
      <channel source="#mixamorig_RightHandRing1-Matrix-animation-transform" target="mixamorig_RightHandRing1/matrix"/>
    </animation>
    <animation id="mixamorig_RightHandRing2-anim" name="mixamorig_RightHandRing2">
      <source id="mixamorig_RightHandRing2-Matrix-animation-input">
        <float_array id="mixamorig_RightHandRing2-Matrix-animation-input-array" count="53">

0.000000 0.033333 0.066667 0.100000 0.133333 0.166667 0.200000 0.233333 0.266667 0.300000 0.333333 0.366667 0.400000 0.433333 0.466667 0.500000
0.533333 0.566667 0.600000 0.633333 0.666667 0.700000 0.733333 0.766667 0.800000 0.833333 0.866667 0.900000 0.933333 0.966667 1.000000 1.033333
1.066667 1.100000 1.133333 1.166667 1.200000 1.233333 1.266667 1.300000 1.333333 1.366667 1.400000 1.433333 1.466667 1.500000 1.533333 1.566667
1.600000 1.633333 1.666667 1.700000 1.733333</float_array>
        <technique_common>
          <accessor source="#mixamorig_RightHandRing2-Matrix-animation-input-array" count="53">
            <param name="TIME" type="float"/>
          </accessor>
        </technique_common>
      </source>
      <source id="mixamorig_RightHandRing2-Matrix-animation-output-transform">
        <float_array id="mixamorig_RightHandRing2-Matrix-animation-output-transform-array" count="848">

0.985221 -0.120966 0.121275 0.000000 0.120967 -0.009909 -0.992607 2.936000 0.121273 0.992607 0.004870 0.000000 0.000000 0.000000 0.000000 1.000000
0.985221 -0.120966 0.121275 -0.000000 0.120968 -0.009909 -0.992607 2.936000 0.121273 0.992607 0.004870 0.000000 0.000000 0.000000 0.000000 1.000000
0.985221 -0.120966 0.121275 -0.000000 0.120968 -0.009909 -0.992607 2.936000 0.121273 0.992607 0.004871 0.000000 0.000000 0.000000 0.000000 1.000000
0.985221 -0.120966 0.121275 0.000000 0.120967 -0.009909 -0.992607 2.936000 0.121273 0.992607 0.004870 0.000000 0.000000 0.000000 0.000000 1.000000
0.985221 -0.120966 0.121275 0.000000 0.120968 -0.009909 -0.992607 2.936000 0.121273 0.992607 0.004870 0.000000 0.000000 0.000000 0.000000 1.000000
0.985221 -0.120966 0.121275 -0.000000 0.120968 -0.009909 -0.992607 2.936000 0.121273 0.992607 0.004870 0.000000 0.000000 0.000000 0.000000 1.000000
0.985221 -0.120966 0.121275 -0.000000 0.120968 -0.009909 -0.992607 2.936000 0.121273 0.992607 0.004871 0.000000 0.000000 0.000000 0.000000 1.000000
0.985221 -0.120966 0.121275 -0.000000 0.120968 -0.009909 -0.992607 2.936000 0.121273 0.992607 0.004870 0.000000 0.000000 0.000000 0.000000 1.000000
0.985221 -0.120966 0.121275 -0.000000 0.120968 -0.009909 -0.992607 2.936000 0.121273 0.992607 0.004870 -0.000000 0.000000 0.000000 0.000000 1.000000
0.985221 -0.120966 0.121275 0.000000 0.120968 -0.009909 -0.992607 2.936000 0.121273 0.992607 0.004870 0.000000 0.000000 0.000000 0.000000 1.000000
0.985221 -0.120966 0.121275 0.000000 0.120967 -0.009909 -0.992607 2.936000 0.121273 0.992607 0.004871 0.000000 0.000000 0.000000 0.000000 1.000000
0.985221 -0.120966 0.121275 0.000000 0.120968 -0.009909 -0.992607 2.936000 0.121273 0.992607 0.004870 0.000000 0.000000 0.000000 0.000000 1.000000
0.985221 -0.120966 0.121275 -0.000000 0.120968 -0.009909 -0.992607 2.936000 0.121273 0.992607 0.004870 -0.000000 0.000000 0.000000 0.000000 1.000000
0.985221 -0.120966 0.121275 0.000000 0.120967 -0.009909 -0.992607 2.936000 0.121273 0.992607 0.004870 0.000000 0.000000 0.000000 0.000000 1.000000
0.985221 -0.120966 0.121275 -0.000000 0.120967 -0.009909 -0.992607 2.936000 0.121273 0.992607 0.004871 0.000000 0.000000 0.000000 0.000000 1.000000
0.985221 -0.120966 0.121275 0.000000 0.120967 -0.009909 -0.992607 2.936000 0.121273 0.992607 0.004871 0.000000 0.000000 0.000000 0.000000 1.000000
0.985221 -0.120966 0.121275 0.000000 0.120967 -0.009909 -0.992607 2.936000 0.121273 0.992607 0.004870 0.000000 0.000000 0.000000 0.000000 1.000000
0.985221 -0.120966 0.121275 -0.000000 0.120967 -0.009909 -0.992607 2.936000 0.121273 0.992607 0.004871 0.000000 0.000000 0.000000 0.000000 1.000000
0.985221 -0.120966 0.121275 0.000000 0.120968 -0.009909 -0.992607 2.936000 0.121273 0.992607 0.004870 0.000000 0.000000 0.000000 0.000000 1.000000
0.985221 -0.120966 0.121275 0.000000 0.120968 -0.009909 -0.992607 2.936000 0.121273 0.992607 0.004870 0.000000 0.000000 0.000000 0.000000 1.000000
0.985221 -0.120965 0.121275 0.000000 0.120967 -0.009909 -0.992607 2.936000 0.121273 0.992607 0.004871 0.000000 0.000000 0.000000 0.000000 1.000000
0.985221 -0.120966 0.121275 -0.000000 0.120968 -0.009909 -0.992607 2.936000 0.121273 0.992607 0.004870 0.000000 0.000000 0.000000 0.000000 1.000000
0.985221 -0.120965 0.121275 0.000000 0.120967 -0.009909 -0.992607 2.936000 0.121273 0.992607 0.004871 0.000000 0.000000 0.000000 0.000000 1.000000
0.985221 -0.120965 0.121275 -0.000000 0.120967 -0.009909 -0.992607 2.936000 0.121273 0.992607 0.004870 0.000000 0.000000 0.000000 0.000000 1.000000
0.985221 -0.120966 0.121275 -0.000000 0.120968 -0.009909 -0.992607 2.936000 0.121273 0.992607 0.004870 0.000000 0.000000 0.000000 0.000000 1.000000
0.985221 -0.120966 0.121275 -0.000000 0.120967 -0.009909 -0.992607 2.936000 0.121273 0.992607 0.004870 0.000000 0.000000 0.000000 0.000000 1.000000
0.985221 -0.120966 0.121275 0.000000 0.120968 -0.009909 -0.992607 2.936000 0.121273 0.992607 0.004870 0.000000 0.000000 0.000000 0.000000 1.000000
0.985221 -0.120966 0.121275 0.000000 0.120967 -0.009909 -0.992607 2.936000 0.121273 0.992607 0.004870 -0.000000 0.000000 0.000000 0.000000 1.000000
0.985221 -0.120966 0.121275 0.000000 0.120968 -0.009909 -0.992607 2.936000 0.121273 0.992607 0.004870 -0.000000 0.000000 0.000000 0.000000 1.000000
0.985221 -0.120966 0.121275 -0.000000 0.120967 -0.009909 -0.992607 2.936000 0.121273 0.992607 0.004870 0.000000 0.000000 0.000000 0.000000 1.000000
0.985221 -0.120966 0.121275 0.000000 0.120968 -0.009909 -0.992607 2.936000 0.121273 0.992607 0.004871 0.000000 0.000000 0.000000 0.000000 1.000000
0.985221 -0.120966 0.121275 0.000000 0.120968 -0.009909 -0.992607 2.936000 0.121273 0.992607 0.004870 0.000000 0.000000 0.000000 0.000000 1.000000
0.985221 -0.120965 0.121275 0.000000 0.120968 -0.009909 -0.992607 2.936000 0.121273 0.992607 0.004870 0.000000 0.000000 0.000000 0.000000 1.000000
0.985221 -0.120966 0.121275 0.000000 0.120967 -0.009909 -0.992607 2.936000 0.121273 0.992607 0.004870 0.000000 0.000000 0.000000 0.000000 1.000000
0.985221 -0.120966 0.121275 -0.000000 0.120967 -0.009909 -0.992607 2.936000 0.121273 0.992607 0.004870 0.000000 0.000000 0.000000 0.000000 1.000000
0.985221 -0.120966 0.121275 0.000000 0.120967 -0.009910 -0.992607 2.936000 0.121273 0.992607 0.004870 0.000000 0.000000 0.000000 0.000000 1.000000
0.985221 -0.120966 0.121275 0.000000 0.120967 -0.009909 -0.992607 2.936000 0.121273 0.992607 0.004870 -0.000000 0.000000 0.000000 0.000000 1.000000
0.985221 -0.120966 0.121275 -0.000000 0.120967 -0.009909 -0.992607 2.936000 0.121273 0.992607 0.004870 0.000000 0.000000 0.000000 0.000000 1.000000
0.985221 -0.120966 0.121275 0.000000 0.120968 -0.009909 -0.992607 2.936000 0.121273 0.992607 0.004871 0.000000 0.000000 0.000000 0.000000 1.000000
0.985221 -0.120966 0.121275 -0.000000 0.120967 -0.009909 -0.992607 2.936000 0.121273 0.992607 0.004871 0.000000 0.000000 0.000000 0.000000 1.000000
0.985221 -0.120966 0.121275 0.000000 0.120967 -0.009909 -0.992607 2.936000 0.121273 0.992607 0.004871 -0.000000 0.000000 0.000000 0.000000 1.000000
0.985221 -0.120966 0.121275 0.000000 0.120968 -0.009909 -0.992607 2.936000 0.121273 0.992607 0.004870 0.000000 0.000000 0.000000 0.000000 1.000000
0.985221 -0.120965 0.121275 0.000000 0.120968 -0.009909 -0.992607 2.936000 0.121273 0.992607 0.004870 0.000000 0.000000 0.000000 0.000000 1.000000
0.985221 -0.120966 0.121275 -0.000000 0.120968 -0.009909 -0.992607 2.936000 0.121273 0.992607 0.004870 0.000000 0.000000 0.000000 0.000000 1.000000
0.985221 -0.120966 0.121275 0.000000 0.120967 -0.009909 -0.992607 2.936000 0.121273 0.992607 0.004870 0.000000 0.000000 0.000000 0.000000 1.000000
0.985221 -0.120966 0.121275 0.000000 0.120968 -0.009909 -0.992607 2.936000 0.121273 0.992607 0.004870 0.000000 0.000000 0.000000 0.000000 1.000000
0.985221 -0.120965 0.121275 0.000000 0.120967 -0.009909 -0.992607 2.936000 0.121273 0.992607 0.004871 -0.000000 0.000000 0.000000 0.000000 1.000000
0.985221 -0.120966 0.121275 0.000000 0.120967 -0.009909 -0.992607 2.936000 0.121273 0.992607 0.004870 -0.000000 0.000000 0.000000 0.000000 1.000000
0.985221 -0.120966 0.121275 -0.000000 0.120967 -0.009909 -0.992607 2.936000 0.121273 0.992607 0.004870 -0.000000 0.000000 0.000000 0.000000 1.000000
0.985221 -0.120966 0.121275 -0.000000 0.120967 -0.009909 -0.992607 2.936000 0.121273 0.992607 0.004870 0.000000 0.000000 0.000000 0.000000 1.000000
0.985221 -0.120966 0.121275 0.000000 0.120967 -0.009910 -0.992607 2.936000 0.121273 0.992607 0.004870 -0.000000 0.000000 0.000000 0.000000 1.000000
0.985221 -0.120966 0.121274 0.000000 0.120967 -0.009909 -0.992607 2.936000 0.121273 0.992607 0.004870 0.000000 0.000000 0.000000 0.000000 1.000000
0.985221 -0.120966 0.121275 0.000000 0.120968 -0.009909 -0.992607 2.936000 0.121273 0.992607 0.004871 -0.000000 0.000000 0.000000 0.000000 1.000000</float_array>
        <technique_common>
          <accessor source="#mixamorig_RightHandRing2-Matrix-animation-output-transform-array" count="53" stride="16">
            <param type="float4x4"/>
          </accessor>
        </technique_common>
      </source>
      <source id="mixamorig_RightHandRing2-Interpolations">
        <Name_array id="mixamorig_RightHandRing2-Interpolations-array" count="53">
 LINEAR LINEAR LINEAR LINEAR LINEAR LINEAR LINEAR LINEAR LINEAR LINEAR LINEAR
LINEAR LINEAR LINEAR LINEAR LINEAR LINEAR LINEAR LINEAR LINEAR LINEAR LINEAR LINEAR
LINEAR LINEAR LINEAR LINEAR LINEAR LINEAR LINEAR LINEAR LINEAR LINEAR LINEAR LINEAR
LINEAR LINEAR LINEAR LINEAR LINEAR LINEAR LINEAR LINEAR LINEAR LINEAR LINEAR LINEAR
LINEAR LINEAR LINEAR LINEAR LINEAR LINEAR</Name_array>
        <technique_common>
          <accessor source="#mixamorig_RightHandRing2-Interpolations-array" count="53">
            <param type="name"/>
          </accessor>
        </technique_common>
      </source>
      <sampler id="mixamorig_RightHandRing2-Matrix-animation-transform">
        <input semantic="INPUT" source="#mixamorig_RightHandRing2-Matrix-animation-input"/>
        <input semantic="OUTPUT" source="#mixamorig_RightHandRing2-Matrix-animation-output-transform"/>
        <input semantic="INTERPOLATION" source="#mixamorig_RightHandRing2-Interpolations"/>
      </sampler>
      <channel source="#mixamorig_RightHandRing2-Matrix-animation-transform" target="mixamorig_RightHandRing2/matrix"/>
    </animation>
    <animation id="mixamorig_RightHandRing3-anim" name="mixamorig_RightHandRing3">
      <source id="mixamorig_RightHandRing3-Matrix-animation-input">
        <float_array id="mixamorig_RightHandRing3-Matrix-animation-input-array" count="53">

0.000000 0.033333 0.066667 0.100000 0.133333 0.166667 0.200000 0.233333 0.266667 0.300000 0.333333 0.366667 0.400000 0.433333 0.466667 0.500000
0.533333 0.566667 0.600000 0.633333 0.666667 0.700000 0.733333 0.766667 0.800000 0.833333 0.866667 0.900000 0.933333 0.966667 1.000000 1.033333
1.066667 1.100000 1.133333 1.166667 1.200000 1.233333 1.266667 1.300000 1.333333 1.366667 1.400000 1.433333 1.466667 1.500000 1.533333 1.566667
1.600000 1.633333 1.666667 1.700000 1.733333</float_array>
        <technique_common>
          <accessor source="#mixamorig_RightHandRing3-Matrix-animation-input-array" count="53">
            <param name="TIME" type="float"/>
          </accessor>
        </technique_common>
      </source>
      <source id="mixamorig_RightHandRing3-Matrix-animation-output-transform">
        <float_array id="mixamorig_RightHandRing3-Matrix-animation-output-transform-array" count="848">

0.991766 -0.108787 0.067563 -0.000000 0.108789 0.437374 -0.892675 3.435600 0.067561 0.892675 0.445608 0.000000 0.000000 0.000000 0.000000 1.000000
0.991766 -0.108787 0.067563 0.000000 0.108789 0.437374 -0.892675 3.435600 0.067561 0.892675 0.445608 0.000000 0.000000 0.000000 0.000000 1.000000
0.991766 -0.108788 0.067563 0.000000 0.108789 0.437374 -0.892675 3.435600 0.067562 0.892675 0.445608 0.000000 0.000000 0.000000 0.000000 1.000000
0.991766 -0.108788 0.067563 0.000000 0.108789 0.437374 -0.892675 3.435600 0.067562 0.892675 0.445608 0.000000 0.000000 0.000000 0.000000 1.000000
0.991766 -0.108788 0.067563 0.000000 0.108789 0.437375 -0.892675 3.435600 0.067562 0.892675 0.445608 0.000000 0.000000 0.000000 0.000000 1.000000
0.991766 -0.108788 0.067563 -0.000000 0.108789 0.437374 -0.892675 3.435600 0.067561 0.892675 0.445608 0.000000 0.000000 0.000000 0.000000 1.000000
0.991766 -0.108788 0.067563 0.000000 0.108789 0.437374 -0.892675 3.435600 0.067562 0.892675 0.445608 0.000000 0.000000 0.000000 0.000000 1.000000
0.991766 -0.108788 0.067563 0.000000 0.108789 0.437375 -0.892675 3.435600 0.067561 0.892675 0.445608 0.000000 0.000000 0.000000 0.000000 1.000000
0.991766 -0.108788 0.067563 -0.000000 0.108789 0.437374 -0.892675 3.435600 0.067561 0.892675 0.445608 0.000000 0.000000 0.000000 0.000000 1.000000
0.991766 -0.108788 0.067563 -0.000000 0.108789 0.437374 -0.892675 3.435600 0.067562 0.892675 0.445608 0.000000 0.000000 0.000000 0.000000 1.000000
0.991766 -0.108788 0.067563 0.000000 0.108789 0.437374 -0.892675 3.435600 0.067561 0.892675 0.445608 0.000000 0.000000 0.000000 0.000000 1.000000
0.991766 -0.108788 0.067563 -0.000000 0.108789 0.437375 -0.892675 3.435600 0.067561 0.892675 0.445608 -0.000000 0.000000 0.000000 0.000000 1.000000
0.991766 -0.108788 0.067563 0.000000 0.108789 0.437374 -0.892675 3.435600 0.067562 0.892675 0.445608 0.000000 0.000000 0.000000 0.000000 1.000000
0.991766 -0.108787 0.067563 -0.000000 0.108788 0.437374 -0.892675 3.435600 0.067561 0.892675 0.445608 0.000000 0.000000 0.000000 0.000000 1.000000
0.991766 -0.108788 0.067563 -0.000000 0.108789 0.437374 -0.892675 3.435600 0.067561 0.892675 0.445608 -0.000000 0.000000 0.000000 0.000000 1.000000
0.991766 -0.108787 0.067563 0.000000 0.108788 0.437375 -0.892675 3.435600 0.067561 0.892675 0.445608 0.000000 0.000000 0.000000 0.000000 1.000000
0.991766 -0.108787 0.067563 -0.000000 0.108788 0.437375 -0.892675 3.435600 0.067562 0.892675 0.445608 0.000000 0.000000 0.000000 0.000000 1.000000
0.991766 -0.108788 0.067563 0.000000 0.108789 0.437374 -0.892675 3.435600 0.067562 0.892675 0.445608 0.000000 0.000000 0.000000 0.000000 1.000000
0.991766 -0.108787 0.067563 -0.000000 0.108789 0.437375 -0.892675 3.435600 0.067561 0.892675 0.445608 -0.000000 0.000000 0.000000 0.000000 1.000000
0.991766 -0.108788 0.067563 -0.000000 0.108789 0.437374 -0.892675 3.435600 0.067561 0.892675 0.445608 0.000000 0.000000 0.000000 0.000000 1.000000
0.991766 -0.108787 0.067563 0.000000 0.108789 0.437374 -0.892675 3.435600 0.067561 0.892675 0.445608 0.000000 0.000000 0.000000 0.000000 1.000000
0.991766 -0.108788 0.067563 0.000000 0.108789 0.437375 -0.892675 3.435600 0.067562 0.892675 0.445608 0.000000 0.000000 0.000000 0.000000 1.000000
0.991766 -0.108788 0.067563 -0.000000 0.108789 0.437375 -0.892675 3.435600 0.067562 0.892675 0.445608 -0.000000 0.000000 0.000000 0.000000 1.000000
0.991766 -0.108788 0.067563 -0.000000 0.108789 0.437374 -0.892675 3.435600 0.067561 0.892675 0.445608 0.000000 0.000000 0.000000 0.000000 1.000000
0.991766 -0.108788 0.067563 0.000000 0.108789 0.437374 -0.892675 3.435600 0.067561 0.892675 0.445608 0.000000 0.000000 0.000000 0.000000 1.000000
0.991766 -0.108787 0.067563 -0.000000 0.108789 0.437375 -0.892675 3.435600 0.067561 0.892675 0.445608 0.000000 0.000000 0.000000 0.000000 1.000000
0.991766 -0.108787 0.067563 -0.000000 0.108789 0.437374 -0.892675 3.435600 0.067561 0.892675 0.445608 -0.000000 0.000000 0.000000 0.000000 1.000000
0.991766 -0.108787 0.067563 0.000000 0.108789 0.437374 -0.892675 3.435600 0.067561 0.892675 0.445608 -0.000000 0.000000 0.000000 0.000000 1.000000
0.991766 -0.108788 0.067563 0.000000 0.108789 0.437375 -0.892675 3.435600 0.067562 0.892675 0.445608 0.000000 0.000000 0.000000 0.000000 1.000000
0.991766 -0.108787 0.067563 -0.000000 0.108789 0.437375 -0.892675 3.435600 0.067561 0.892675 0.445608 0.000000 0.000000 0.000000 0.000000 1.000000
0.991766 -0.108788 0.067563 0.000000 0.108789 0.437374 -0.892675 3.435600 0.067562 0.892675 0.445608 -0.000000 0.000000 0.000000 0.000000 1.000000
0.991766 -0.108788 0.067563 -0.000000 0.108789 0.437375 -0.892675 3.435600 0.067562 0.892675 0.445608 0.000000 0.000000 0.000000 0.000000 1.000000
0.991766 -0.108788 0.067563 0.000000 0.108789 0.437374 -0.892675 3.435600 0.067561 0.892675 0.445608 0.000000 0.000000 0.000000 0.000000 1.000000
0.991766 -0.108788 0.067563 0.000000 0.108789 0.437375 -0.892675 3.435600 0.067562 0.892675 0.445608 0.000000 0.000000 0.000000 0.000000 1.000000
0.991766 -0.108787 0.067563 0.000000 0.108788 0.437374 -0.892675 3.435600 0.067561 0.892675 0.445608 0.000000 0.000000 0.000000 0.000000 1.000000
0.991766 -0.108787 0.067563 -0.000000 0.108789 0.437374 -0.892675 3.435600 0.067561 0.892675 0.445608 0.000000 0.000000 0.000000 0.000000 1.000000
0.991766 -0.108788 0.067563 0.000000 0.108789 0.437375 -0.892675 3.435600 0.067562 0.892675 0.445608 0.000000 0.000000 0.000000 0.000000 1.000000
0.991766 -0.108787 0.067563 0.000000 0.108789 0.437374 -0.892675 3.435600 0.067561 0.892675 0.445608 0.000000 0.000000 0.000000 0.000000 1.000000
0.991766 -0.108788 0.067563 0.000000 0.108789 0.437374 -0.892675 3.435600 0.067562 0.892675 0.445608 0.000000 0.000000 0.000000 0.000000 1.000000
0.991766 -0.108787 0.067563 0.000000 0.108788 0.437374 -0.892675 3.435600 0.067561 0.892675 0.445608 0.000000 0.000000 0.000000 0.000000 1.000000
0.991766 -0.108787 0.067563 0.000000 0.108789 0.437374 -0.892675 3.435600 0.067561 0.892675 0.445608 0.000000 0.000000 0.000000 0.000000 1.000000
0.991766 -0.108788 0.067563 0.000000 0.108789 0.437374 -0.892675 3.435600 0.067562 0.892675 0.445608 0.000000 0.000000 0.000000 0.000000 1.000000
0.991766 -0.108788 0.067563 0.000000 0.108789 0.437375 -0.892675 3.435600 0.067562 0.892675 0.445608 0.000000 0.000000 0.000000 0.000000 1.000000
0.991766 -0.108788 0.067563 0.000000 0.108789 0.437374 -0.892675 3.435600 0.067562 0.892675 0.445608 0.000000 0.000000 0.000000 0.000000 1.000000
0.991766 -0.108787 0.067563 -0.000000 0.108789 0.437374 -0.892675 3.435600 0.067561 0.892675 0.445608 -0.000000 0.000000 0.000000 0.000000 1.000000
0.991766 -0.108788 0.067563 0.000000 0.108789 0.437375 -0.892675 3.435600 0.067562 0.892675 0.445608 -0.000000 0.000000 0.000000 0.000000 1.000000
0.991766 -0.108787 0.067563 -0.000000 0.108789 0.437374 -0.892675 3.435600 0.067561 0.892675 0.445608 0.000000 0.000000 0.000000 0.000000 1.000000
0.991766 -0.108788 0.067563 0.000000 0.108789 0.437374 -0.892675 3.435600 0.067561 0.892675 0.445608 0.000000 0.000000 0.000000 0.000000 1.000000
0.991766 -0.108787 0.067563 0.000000 0.108789 0.437375 -0.892675 3.435600 0.067561 0.892675 0.445608 -0.000000 0.000000 0.000000 0.000000 1.000000
0.991766 -0.108787 0.067563 -0.000000 0.108789 0.437375 -0.892675 3.435600 0.067561 0.892675 0.445608 0.000000 0.000000 0.000000 0.000000 1.000000
0.991766 -0.108787 0.067563 0.000000 0.108789 0.437375 -0.892675 3.435600 0.067561 0.892675 0.445608 0.000000 0.000000 0.000000 0.000000 1.000000
0.991766 -0.108787 0.067563 0.000000 0.108789 0.437375 -0.892675 3.435600 0.067561 0.892675 0.445608 -0.000000 0.000000 0.000000 0.000000 1.000000
0.991766 -0.108787 0.067563 0.000000 0.108788 0.437374 -0.892675 3.435600 0.067561 0.892675 0.445608 0.000000 0.000000 0.000000 0.000000 1.000000</float_array>
        <technique_common>
          <accessor source="#mixamorig_RightHandRing3-Matrix-animation-output-transform-array" count="53" stride="16">
            <param type="float4x4"/>
          </accessor>
        </technique_common>
      </source>
      <source id="mixamorig_RightHandRing3-Interpolations">
        <Name_array id="mixamorig_RightHandRing3-Interpolations-array" count="53">
 LINEAR LINEAR LINEAR LINEAR LINEAR LINEAR LINEAR LINEAR LINEAR LINEAR LINEAR
LINEAR LINEAR LINEAR LINEAR LINEAR LINEAR LINEAR LINEAR LINEAR LINEAR LINEAR LINEAR
LINEAR LINEAR LINEAR LINEAR LINEAR LINEAR LINEAR LINEAR LINEAR LINEAR LINEAR LINEAR
LINEAR LINEAR LINEAR LINEAR LINEAR LINEAR LINEAR LINEAR LINEAR LINEAR LINEAR LINEAR
LINEAR LINEAR LINEAR LINEAR LINEAR LINEAR</Name_array>
        <technique_common>
          <accessor source="#mixamorig_RightHandRing3-Interpolations-array" count="53">
            <param type="name"/>
          </accessor>
        </technique_common>
      </source>
      <sampler id="mixamorig_RightHandRing3-Matrix-animation-transform">
        <input semantic="INPUT" source="#mixamorig_RightHandRing3-Matrix-animation-input"/>
        <input semantic="OUTPUT" source="#mixamorig_RightHandRing3-Matrix-animation-output-transform"/>
        <input semantic="INTERPOLATION" source="#mixamorig_RightHandRing3-Interpolations"/>
      </sampler>
      <channel source="#mixamorig_RightHandRing3-Matrix-animation-transform" target="mixamorig_RightHandRing3/matrix"/>
    </animation>
    <animation id="mixamorig_RightHandPinky1-anim" name="mixamorig_RightHandPinky1">
      <source id="mixamorig_RightHandPinky1-Matrix-animation-input">
        <float_array id="mixamorig_RightHandPinky1-Matrix-animation-input-array" count="53">

0.000000 0.033333 0.066667 0.100000 0.133333 0.166667 0.200000 0.233333 0.266667 0.300000 0.333333 0.366667 0.400000 0.433333 0.466667 0.500000
0.533333 0.566667 0.600000 0.633333 0.666667 0.700000 0.733333 0.766667 0.800000 0.833333 0.866667 0.900000 0.933333 0.966667 1.000000 1.033333
1.066667 1.100000 1.133333 1.166667 1.200000 1.233333 1.266667 1.300000 1.333333 1.366667 1.400000 1.433333 1.466667 1.500000 1.533333 1.566667
1.600000 1.633333 1.666667 1.700000 1.733333</float_array>
        <technique_common>
          <accessor source="#mixamorig_RightHandPinky1-Matrix-animation-input-array" count="53">
            <param name="TIME" type="float"/>
          </accessor>
        </technique_common>
      </source>
      <source id="mixamorig_RightHandPinky1-Matrix-animation-output-transform">
        <float_array id="mixamorig_RightHandPinky1-Matrix-animation-output-transform-array" count="848">

0.988132 -0.118791 0.097389 -6.433200 0.118793 0.189002 -0.974765 14.089700 0.097387 0.974765 0.200871 1.001200 0.000000 0.000000 0.000000 1.000000
0.988132 -0.118792 0.097389 -6.433200 0.118793 0.189002 -0.974765 14.089700 0.097387 0.974765 0.200870 1.001200 0.000000 0.000000 0.000000 1.000000
0.988132 -0.118792 0.097389 -6.433200 0.118793 0.189002 -0.974765 14.089700 0.097387 0.974765 0.200871 1.001200 0.000000 0.000000 0.000000 1.000000
0.988132 -0.118792 0.097389 -6.433200 0.118793 0.189002 -0.974765 14.089700 0.097387 0.974765 0.200871 1.001200 0.000000 0.000000 0.000000 1.000000
0.988132 -0.118792 0.097389 -6.433200 0.118793 0.189002 -0.974765 14.089700 0.097387 0.974765 0.200871 1.001200 0.000000 0.000000 0.000000 1.000000
0.988132 -0.118791 0.097389 -6.433200 0.118793 0.189002 -0.974765 14.089700 0.097387 0.974765 0.200870 1.001200 0.000000 0.000000 0.000000 1.000000
0.988132 -0.118791 0.097389 -6.433200 0.118793 0.189002 -0.974765 14.089700 0.097387 0.974765 0.200870 1.001200 0.000000 0.000000 0.000000 1.000000
0.988132 -0.118791 0.097389 -6.433200 0.118793 0.189002 -0.974765 14.089700 0.097387 0.974765 0.200870 1.001200 0.000000 0.000000 0.000000 1.000000
0.988132 -0.118791 0.097389 -6.433200 0.118793 0.189002 -0.974765 14.089700 0.097387 0.974765 0.200871 1.001200 0.000000 0.000000 0.000000 1.000000
0.988132 -0.118791 0.097389 -6.433200 0.118793 0.189002 -0.974765 14.089700 0.097387 0.974765 0.200870 1.001200 0.000000 0.000000 0.000000 1.000000
0.988132 -0.118791 0.097389 -6.433200 0.118793 0.189002 -0.974765 14.089700 0.097387 0.974765 0.200870 1.001200 0.000000 0.000000 0.000000 1.000000
0.988132 -0.118791 0.097389 -6.433200 0.118793 0.189002 -0.974765 14.089700 0.097387 0.974765 0.200871 1.001200 0.000000 0.000000 0.000000 1.000000
0.988132 -0.118791 0.097389 -6.433200 0.118793 0.189002 -0.974765 14.089700 0.097387 0.974765 0.200870 1.001200 0.000000 0.000000 0.000000 1.000000
0.988132 -0.118791 0.097389 -6.433200 0.118793 0.189002 -0.974765 14.089700 0.097387 0.974765 0.200871 1.001200 0.000000 0.000000 0.000000 1.000000
0.988132 -0.118792 0.097389 -6.433200 0.118793 0.189002 -0.974765 14.089700 0.097387 0.974765 0.200871 1.001200 0.000000 0.000000 0.000000 1.000000
0.988132 -0.118791 0.097389 -6.433200 0.118793 0.189002 -0.974765 14.089700 0.097387 0.974765 0.200871 1.001200 0.000000 0.000000 0.000000 1.000000
0.988132 -0.118792 0.097389 -6.433200 0.118793 0.189002 -0.974765 14.089700 0.097387 0.974765 0.200871 1.001200 0.000000 0.000000 0.000000 1.000000
0.988132 -0.118792 0.097389 -6.433200 0.118793 0.189002 -0.974765 14.089700 0.097387 0.974765 0.200871 1.001200 0.000000 0.000000 0.000000 1.000000
0.988132 -0.118792 0.097389 -6.433200 0.118793 0.189002 -0.974765 14.089700 0.097387 0.974765 0.200871 1.001200 0.000000 0.000000 0.000000 1.000000
0.988132 -0.118791 0.097389 -6.433200 0.118793 0.189002 -0.974765 14.089700 0.097387 0.974765 0.200871 1.001200 0.000000 0.000000 0.000000 1.000000
0.988132 -0.118792 0.097389 -6.433200 0.118793 0.189002 -0.974765 14.089700 0.097387 0.974765 0.200871 1.001200 0.000000 0.000000 0.000000 1.000000
0.988132 -0.118791 0.097389 -6.433200 0.118793 0.189002 -0.974765 14.089700 0.097387 0.974765 0.200871 1.001200 0.000000 0.000000 0.000000 1.000000
0.988132 -0.118792 0.097389 -6.433200 0.118793 0.189002 -0.974765 14.089700 0.097387 0.974765 0.200871 1.001200 0.000000 0.000000 0.000000 1.000000
0.988132 -0.118792 0.097389 -6.433200 0.118793 0.189002 -0.974765 14.089700 0.097387 0.974765 0.200871 1.001200 0.000000 0.000000 0.000000 1.000000
0.988132 -0.118791 0.097389 -6.433200 0.118793 0.189002 -0.974765 14.089700 0.097387 0.974765 0.200871 1.001200 0.000000 0.000000 0.000000 1.000000
0.988132 -0.118792 0.097389 -6.433200 0.118793 0.189002 -0.974765 14.089700 0.097387 0.974765 0.200871 1.001200 0.000000 0.000000 0.000000 1.000000
0.988132 -0.118792 0.097389 -6.433200 0.118793 0.189002 -0.974765 14.089700 0.097387 0.974765 0.200871 1.001200 0.000000 0.000000 0.000000 1.000000
0.988132 -0.118792 0.097389 -6.433200 0.118793 0.189002 -0.974765 14.089700 0.097387 0.974765 0.200871 1.001200 0.000000 0.000000 0.000000 1.000000
0.988132 -0.118792 0.097389 -6.433200 0.118793 0.189002 -0.974765 14.089700 0.097387 0.974765 0.200871 1.001200 0.000000 0.000000 0.000000 1.000000
0.988132 -0.118791 0.097389 -6.433200 0.118793 0.189002 -0.974765 14.089700 0.097387 0.974765 0.200871 1.001200 0.000000 0.000000 0.000000 1.000000
0.988132 -0.118791 0.097389 -6.433200 0.118793 0.189002 -0.974765 14.089700 0.097387 0.974765 0.200871 1.001200 0.000000 0.000000 0.000000 1.000000
0.988132 -0.118792 0.097389 -6.433200 0.118793 0.189002 -0.974765 14.089700 0.097387 0.974765 0.200870 1.001200 0.000000 0.000000 0.000000 1.000000
0.988132 -0.118791 0.097389 -6.433200 0.118793 0.189002 -0.974765 14.089700 0.097387 0.974765 0.200871 1.001200 0.000000 0.000000 0.000000 1.000000
0.988132 -0.118792 0.097389 -6.433200 0.118793 0.189002 -0.974765 14.089700 0.097387 0.974765 0.200870 1.001200 0.000000 0.000000 0.000000 1.000000
0.988132 -0.118792 0.097389 -6.433200 0.118793 0.189002 -0.974765 14.089700 0.097387 0.974765 0.200871 1.001200 0.000000 0.000000 0.000000 1.000000
0.988132 -0.118792 0.097389 -6.433200 0.118793 0.189002 -0.974765 14.089700 0.097387 0.974765 0.200870 1.001200 0.000000 0.000000 0.000000 1.000000
0.988132 -0.118791 0.097389 -6.433200 0.118793 0.189002 -0.974765 14.089700 0.097387 0.974765 0.200871 1.001200 0.000000 0.000000 0.000000 1.000000
0.988132 -0.118792 0.097389 -6.433200 0.118793 0.189002 -0.974765 14.089700 0.097387 0.974765 0.200871 1.001200 0.000000 0.000000 0.000000 1.000000
0.988132 -0.118792 0.097389 -6.433200 0.118793 0.189002 -0.974765 14.089700 0.097387 0.974765 0.200870 1.001200 0.000000 0.000000 0.000000 1.000000
0.988132 -0.118791 0.097389 -6.433200 0.118793 0.189002 -0.974765 14.089700 0.097387 0.974765 0.200871 1.001200 0.000000 0.000000 0.000000 1.000000
0.988132 -0.118792 0.097389 -6.433200 0.118793 0.189002 -0.974765 14.089700 0.097387 0.974765 0.200871 1.001200 0.000000 0.000000 0.000000 1.000000
0.988132 -0.118791 0.097389 -6.433200 0.118793 0.189002 -0.974765 14.089700 0.097387 0.974765 0.200870 1.001200 0.000000 0.000000 0.000000 1.000000
0.988132 -0.118792 0.097389 -6.433200 0.118793 0.189002 -0.974765 14.089700 0.097387 0.974765 0.200870 1.001200 0.000000 0.000000 0.000000 1.000000
0.988132 -0.118791 0.097389 -6.433200 0.118793 0.189002 -0.974765 14.089700 0.097387 0.974765 0.200870 1.001200 0.000000 0.000000 0.000000 1.000000
0.988132 -0.118791 0.097389 -6.433200 0.118793 0.189002 -0.974765 14.089700 0.097387 0.974765 0.200871 1.001200 0.000000 0.000000 0.000000 1.000000
0.988132 -0.118792 0.097389 -6.433200 0.118793 0.189002 -0.974765 14.089700 0.097387 0.974765 0.200870 1.001200 0.000000 0.000000 0.000000 1.000000
0.988132 -0.118792 0.097389 -6.433200 0.118793 0.189002 -0.974765 14.089700 0.097387 0.974765 0.200870 1.001200 0.000000 0.000000 0.000000 1.000000
0.988132 -0.118792 0.097389 -6.433200 0.118793 0.189002 -0.974765 14.089700 0.097387 0.974765 0.200871 1.001200 0.000000 0.000000 0.000000 1.000000
0.988132 -0.118791 0.097389 -6.433200 0.118793 0.189002 -0.974765 14.089700 0.097387 0.974765 0.200870 1.001200 0.000000 0.000000 0.000000 1.000000
0.988132 -0.118792 0.097389 -6.433200 0.118793 0.189002 -0.974765 14.089700 0.097387 0.974765 0.200870 1.001200 0.000000 0.000000 0.000000 1.000000
0.988132 -0.118792 0.097389 -6.433200 0.118793 0.189002 -0.974765 14.089700 0.097387 0.974765 0.200871 1.001200 0.000000 0.000000 0.000000 1.000000
0.988132 -0.118792 0.097389 -6.433200 0.118793 0.189002 -0.974765 14.089700 0.097387 0.974765 0.200871 1.001200 0.000000 0.000000 0.000000 1.000000
0.988132 -0.118792 0.097389 -6.433200 0.118793 0.189002 -0.974765 14.089700 0.097387 0.974765 0.200871 1.001200 0.000000 0.000000 0.000000 1.000000</float_array>
        <technique_common>
          <accessor source="#mixamorig_RightHandPinky1-Matrix-animation-output-transform-array" count="53" stride="16">
            <param type="float4x4"/>
          </accessor>
        </technique_common>
      </source>
      <source id="mixamorig_RightHandPinky1-Interpolations">
        <Name_array id="mixamorig_RightHandPinky1-Interpolations-array" count="53">
 LINEAR LINEAR LINEAR LINEAR LINEAR LINEAR LINEAR LINEAR LINEAR LINEAR LINEAR
LINEAR LINEAR LINEAR LINEAR LINEAR LINEAR LINEAR LINEAR LINEAR LINEAR LINEAR LINEAR
LINEAR LINEAR LINEAR LINEAR LINEAR LINEAR LINEAR LINEAR LINEAR LINEAR LINEAR LINEAR
LINEAR LINEAR LINEAR LINEAR LINEAR LINEAR LINEAR LINEAR LINEAR LINEAR LINEAR LINEAR
LINEAR LINEAR LINEAR LINEAR LINEAR LINEAR</Name_array>
        <technique_common>
          <accessor source="#mixamorig_RightHandPinky1-Interpolations-array" count="53">
            <param type="name"/>
          </accessor>
        </technique_common>
      </source>
      <sampler id="mixamorig_RightHandPinky1-Matrix-animation-transform">
        <input semantic="INPUT" source="#mixamorig_RightHandPinky1-Matrix-animation-input"/>
        <input semantic="OUTPUT" source="#mixamorig_RightHandPinky1-Matrix-animation-output-transform"/>
        <input semantic="INTERPOLATION" source="#mixamorig_RightHandPinky1-Interpolations"/>
      </sampler>
      <channel source="#mixamorig_RightHandPinky1-Matrix-animation-transform" target="mixamorig_RightHandPinky1/matrix"/>
    </animation>
    <animation id="mixamorig_RightHandPinky2-anim" name="mixamorig_RightHandPinky2">
      <source id="mixamorig_RightHandPinky2-Matrix-animation-input">
        <float_array id="mixamorig_RightHandPinky2-Matrix-animation-input-array" count="53">

0.000000 0.033333 0.066667 0.100000 0.133333 0.166667 0.200000 0.233333 0.266667 0.300000 0.333333 0.366667 0.400000 0.433333 0.466667 0.500000
0.533333 0.566667 0.600000 0.633333 0.666667 0.700000 0.733333 0.766667 0.800000 0.833333 0.866667 0.900000 0.933333 0.966667 1.000000 1.033333
1.066667 1.100000 1.133333 1.166667 1.200000 1.233333 1.266667 1.300000 1.333333 1.366667 1.400000 1.433333 1.466667 1.500000 1.533333 1.566667
1.600000 1.633333 1.666667 1.700000 1.733333</float_array>
        <technique_common>
          <accessor source="#mixamorig_RightHandPinky2-Matrix-animation-input-array" count="53">
            <param name="TIME" type="float"/>
          </accessor>
        </technique_common>
      </source>
      <source id="mixamorig_RightHandPinky2-Matrix-animation-output-transform">
        <float_array id="mixamorig_RightHandPinky2-Matrix-animation-output-transform-array" count="848">

0.985221 -0.120966 0.121275 0.000000 0.120967 -0.009909 -0.992607 2.474700 0.121273 0.992607 0.004871 0.000000 0.000000 0.000000 0.000000 1.000000
0.985221 -0.120966 0.121275 0.000000 0.120967 -0.009909 -0.992607 2.474700 0.121273 0.992607 0.004870 -0.000000 0.000000 0.000000 0.000000 1.000000
0.985221 -0.120966 0.121275 0.000000 0.120968 -0.009909 -0.992607 2.474700 0.121273 0.992607 0.004871 0.000000 0.000000 0.000000 0.000000 1.000000
0.985221 -0.120966 0.121275 0.000000 0.120967 -0.009909 -0.992607 2.474700 0.121273 0.992607 0.004870 0.000000 0.000000 0.000000 0.000000 1.000000
0.985221 -0.120966 0.121275 -0.000000 0.120968 -0.009909 -0.992607 2.474700 0.121273 0.992607 0.004870 0.000000 0.000000 0.000000 0.000000 1.000000
0.985221 -0.120966 0.121275 -0.000000 0.120968 -0.009909 -0.992607 2.474700 0.121273 0.992607 0.004870 0.000000 0.000000 0.000000 0.000000 1.000000
0.985221 -0.120966 0.121275 0.000000 0.120968 -0.009909 -0.992607 2.474700 0.121273 0.992607 0.004871 0.000000 0.000000 0.000000 0.000000 1.000000
0.985221 -0.120966 0.121275 0.000000 0.120968 -0.009909 -0.992607 2.474700 0.121273 0.992607 0.004870 0.000000 0.000000 0.000000 0.000000 1.000000
0.985221 -0.120966 0.121275 -0.000000 0.120968 -0.009909 -0.992607 2.474700 0.121273 0.992607 0.004870 0.000000 0.000000 0.000000 0.000000 1.000000
0.985221 -0.120966 0.121275 0.000000 0.120968 -0.009909 -0.992607 2.474700 0.121273 0.992607 0.004870 0.000000 0.000000 0.000000 0.000000 1.000000
0.985221 -0.120966 0.121275 0.000000 0.120967 -0.009909 -0.992607 2.474700 0.121273 0.992607 0.004871 -0.000000 0.000000 0.000000 0.000000 1.000000
0.985221 -0.120966 0.121275 0.000000 0.120968 -0.009909 -0.992607 2.474700 0.121273 0.992607 0.004870 0.000000 0.000000 0.000000 0.000000 1.000000
0.985221 -0.120966 0.121275 0.000000 0.120968 -0.009909 -0.992607 2.474700 0.121273 0.992607 0.004870 0.000000 0.000000 0.000000 0.000000 1.000000
0.985221 -0.120966 0.121275 0.000000 0.120967 -0.009909 -0.992607 2.474700 0.121273 0.992607 0.004871 0.000000 0.000000 0.000000 0.000000 1.000000
0.985221 -0.120966 0.121275 0.000000 0.120967 -0.009909 -0.992607 2.474700 0.121273 0.992607 0.004871 0.000000 0.000000 0.000000 0.000000 1.000000
0.985221 -0.120966 0.121275 0.000000 0.120967 -0.009909 -0.992607 2.474700 0.121273 0.992607 0.004871 -0.000000 0.000000 0.000000 0.000000 1.000000
0.985221 -0.120966 0.121275 0.000000 0.120967 -0.009909 -0.992607 2.474700 0.121273 0.992607 0.004870 0.000000 0.000000 0.000000 0.000000 1.000000
0.985221 -0.120966 0.121275 0.000000 0.120967 -0.009909 -0.992607 2.474700 0.121273 0.992607 0.004871 0.000000 0.000000 0.000000 0.000000 1.000000
0.985221 -0.120966 0.121275 0.000000 0.120968 -0.009909 -0.992607 2.474700 0.121273 0.992607 0.004870 0.000000 0.000000 0.000000 0.000000 1.000000
0.985221 -0.120966 0.121275 0.000000 0.120968 -0.009909 -0.992607 2.474700 0.121273 0.992607 0.004870 0.000000 0.000000 0.000000 0.000000 1.000000
0.985221 -0.120965 0.121275 0.000000 0.120967 -0.009909 -0.992607 2.474700 0.121273 0.992607 0.004871 0.000000 0.000000 0.000000 0.000000 1.000000
0.985221 -0.120966 0.121275 0.000000 0.120968 -0.009909 -0.992607 2.474700 0.121273 0.992607 0.004870 0.000000 0.000000 0.000000 0.000000 1.000000
0.985221 -0.120965 0.121275 0.000000 0.120967 -0.009909 -0.992607 2.474700 0.121273 0.992607 0.004871 0.000000 0.000000 0.000000 0.000000 1.000000
0.985221 -0.120965 0.121275 0.000000 0.120967 -0.009909 -0.992607 2.474700 0.121273 0.992607 0.004870 0.000000 0.000000 0.000000 0.000000 1.000000
0.985221 -0.120966 0.121275 0.000000 0.120968 -0.009909 -0.992607 2.474700 0.121273 0.992607 0.004870 0.000000 0.000000 0.000000 0.000000 1.000000
0.985221 -0.120966 0.121275 -0.000000 0.120967 -0.009909 -0.992607 2.474700 0.121273 0.992607 0.004870 0.000000 0.000000 0.000000 0.000000 1.000000
0.985221 -0.120966 0.121275 -0.000000 0.120968 -0.009909 -0.992607 2.474700 0.121273 0.992607 0.004870 0.000000 0.000000 0.000000 0.000000 1.000000
0.985221 -0.120966 0.121275 0.000000 0.120967 -0.009909 -0.992607 2.474700 0.121273 0.992607 0.004870 -0.000000 0.000000 0.000000 0.000000 1.000000
0.985221 -0.120966 0.121275 0.000000 0.120968 -0.009909 -0.992607 2.474700 0.121273 0.992607 0.004870 -0.000000 0.000000 0.000000 0.000000 1.000000
0.985221 -0.120966 0.121275 -0.000000 0.120967 -0.009909 -0.992607 2.474700 0.121273 0.992607 0.004870 0.000000 0.000000 0.000000 0.000000 1.000000
0.985221 -0.120966 0.121275 0.000000 0.120968 -0.009909 -0.992607 2.474700 0.121273 0.992607 0.004871 -0.000000 0.000000 0.000000 0.000000 1.000000
0.985221 -0.120966 0.121275 0.000000 0.120968 -0.009909 -0.992607 2.474700 0.121273 0.992607 0.004870 0.000000 0.000000 0.000000 0.000000 1.000000
0.985221 -0.120965 0.121275 -0.000000 0.120968 -0.009909 -0.992607 2.474700 0.121273 0.992607 0.004870 0.000000 0.000000 0.000000 0.000000 1.000000
0.985221 -0.120966 0.121275 0.000000 0.120967 -0.009909 -0.992607 2.474700 0.121273 0.992607 0.004870 0.000000 0.000000 0.000000 0.000000 1.000000
0.985221 -0.120966 0.121275 0.000000 0.120967 -0.009909 -0.992607 2.474700 0.121273 0.992607 0.004870 0.000000 0.000000 0.000000 0.000000 1.000000
0.985221 -0.120966 0.121275 0.000000 0.120967 -0.009910 -0.992607 2.474700 0.121273 0.992607 0.004870 0.000000 0.000000 0.000000 0.000000 1.000000
0.985221 -0.120966 0.121275 0.000000 0.120967 -0.009909 -0.992607 2.474700 0.121273 0.992607 0.004870 0.000000 0.000000 0.000000 0.000000 1.000000
0.985221 -0.120966 0.121275 0.000000 0.120967 -0.009909 -0.992607 2.474700 0.121273 0.992607 0.004870 0.000000 0.000000 0.000000 0.000000 1.000000
0.985221 -0.120966 0.121275 0.000000 0.120968 -0.009909 -0.992607 2.474700 0.121273 0.992607 0.004871 0.000000 0.000000 0.000000 0.000000 1.000000
0.985221 -0.120966 0.121275 0.000000 0.120967 -0.009909 -0.992607 2.474700 0.121273 0.992607 0.004871 0.000000 0.000000 0.000000 0.000000 1.000000
0.985221 -0.120966 0.121275 -0.000000 0.120967 -0.009909 -0.992607 2.474700 0.121273 0.992607 0.004871 0.000000 0.000000 0.000000 0.000000 1.000000
0.985221 -0.120966 0.121275 0.000000 0.120967 -0.009909 -0.992607 2.474700 0.121273 0.992607 0.004870 0.000000 0.000000 0.000000 0.000000 1.000000
0.985221 -0.120965 0.121275 -0.000000 0.120968 -0.009909 -0.992607 2.474700 0.121273 0.992607 0.004870 0.000000 0.000000 0.000000 0.000000 1.000000
0.985221 -0.120966 0.121275 -0.000000 0.120968 -0.009909 -0.992607 2.474700 0.121273 0.992607 0.004870 0.000000 0.000000 0.000000 0.000000 1.000000
0.985221 -0.120966 0.121275 0.000000 0.120967 -0.009909 -0.992607 2.474700 0.121273 0.992607 0.004870 0.000000 0.000000 0.000000 0.000000 1.000000
0.985221 -0.120966 0.121275 0.000000 0.120968 -0.009909 -0.992607 2.474700 0.121273 0.992607 0.004870 -0.000000 0.000000 0.000000 0.000000 1.000000
0.985221 -0.120965 0.121275 0.000000 0.120967 -0.009909 -0.992607 2.474700 0.121273 0.992607 0.004871 0.000000 0.000000 0.000000 0.000000 1.000000
0.985221 -0.120966 0.121275 0.000000 0.120967 -0.009909 -0.992607 2.474700 0.121273 0.992607 0.004870 0.000000 0.000000 0.000000 0.000000 1.000000
0.985221 -0.120966 0.121275 0.000000 0.120967 -0.009909 -0.992607 2.474700 0.121273 0.992607 0.004870 -0.000000 0.000000 0.000000 0.000000 1.000000
0.985221 -0.120966 0.121275 -0.000000 0.120967 -0.009909 -0.992607 2.474700 0.121273 0.992607 0.004870 0.000000 0.000000 0.000000 0.000000 1.000000
0.985221 -0.120966 0.121275 0.000000 0.120967 -0.009910 -0.992607 2.474700 0.121273 0.992607 0.004870 0.000000 0.000000 0.000000 0.000000 1.000000
0.985221 -0.120966 0.121274 0.000000 0.120967 -0.009909 -0.992607 2.474700 0.121273 0.992607 0.004870 0.000000 0.000000 0.000000 0.000000 1.000000
0.985221 -0.120966 0.121275 0.000000 0.120968 -0.009909 -0.992607 2.474700 0.121273 0.992607 0.004871 0.000000 0.000000 0.000000 0.000000 1.000000</float_array>
        <technique_common>
          <accessor source="#mixamorig_RightHandPinky2-Matrix-animation-output-transform-array" count="53" stride="16">
            <param type="float4x4"/>
          </accessor>
        </technique_common>
      </source>
      <source id="mixamorig_RightHandPinky2-Interpolations">
        <Name_array id="mixamorig_RightHandPinky2-Interpolations-array" count="53">
 LINEAR LINEAR LINEAR LINEAR LINEAR LINEAR LINEAR LINEAR LINEAR LINEAR LINEAR
LINEAR LINEAR LINEAR LINEAR LINEAR LINEAR LINEAR LINEAR LINEAR LINEAR LINEAR LINEAR
LINEAR LINEAR LINEAR LINEAR LINEAR LINEAR LINEAR LINEAR LINEAR LINEAR LINEAR LINEAR
LINEAR LINEAR LINEAR LINEAR LINEAR LINEAR LINEAR LINEAR LINEAR LINEAR LINEAR LINEAR
LINEAR LINEAR LINEAR LINEAR LINEAR LINEAR</Name_array>
        <technique_common>
          <accessor source="#mixamorig_RightHandPinky2-Interpolations-array" count="53">
            <param type="name"/>
          </accessor>
        </technique_common>
      </source>
      <sampler id="mixamorig_RightHandPinky2-Matrix-animation-transform">
        <input semantic="INPUT" source="#mixamorig_RightHandPinky2-Matrix-animation-input"/>
        <input semantic="OUTPUT" source="#mixamorig_RightHandPinky2-Matrix-animation-output-transform"/>
        <input semantic="INTERPOLATION" source="#mixamorig_RightHandPinky2-Interpolations"/>
      </sampler>
      <channel source="#mixamorig_RightHandPinky2-Matrix-animation-transform" target="mixamorig_RightHandPinky2/matrix"/>
    </animation>
    <animation id="mixamorig_RightHandPinky3-anim" name="mixamorig_RightHandPinky3">
      <source id="mixamorig_RightHandPinky3-Matrix-animation-input">
        <float_array id="mixamorig_RightHandPinky3-Matrix-animation-input-array" count="53">

0.000000 0.033333 0.066667 0.100000 0.133333 0.166667 0.200000 0.233333 0.266667 0.300000 0.333333 0.366667 0.400000 0.433333 0.466667 0.500000
0.533333 0.566667 0.600000 0.633333 0.666667 0.700000 0.733333 0.766667 0.800000 0.833333 0.866667 0.900000 0.933333 0.966667 1.000000 1.033333
1.066667 1.100000 1.133333 1.166667 1.200000 1.233333 1.266667 1.300000 1.333333 1.366667 1.400000 1.433333 1.466667 1.500000 1.533333 1.566667
1.600000 1.633333 1.666667 1.700000 1.733333</float_array>
        <technique_common>
          <accessor source="#mixamorig_RightHandPinky3-Matrix-animation-input-array" count="53">
            <param name="TIME" type="float"/>
          </accessor>
        </technique_common>
      </source>
      <source id="mixamorig_RightHandPinky3-Matrix-animation-output-transform">
        <float_array id="mixamorig_RightHandPinky3-Matrix-animation-output-transform-array" count="848">

0.991766 -0.108787 0.067563 0.000000 0.108789 0.437374 -0.892675 2.073800 0.067561 0.892675 0.445608 0.000000 0.000000 0.000000 0.000000 1.000000
0.991766 -0.108787 0.067563 0.000000 0.108789 0.437374 -0.892675 2.073800 0.067561 0.892675 0.445608 0.000000 0.000000 0.000000 0.000000 1.000000
0.991766 -0.108788 0.067563 0.000000 0.108789 0.437374 -0.892675 2.073800 0.067562 0.892675 0.445608 0.000000 0.000000 0.000000 0.000000 1.000000
0.991766 -0.108788 0.067563 -0.000000 0.108789 0.437374 -0.892675 2.073800 0.067562 0.892675 0.445608 0.000000 0.000000 0.000000 0.000000 1.000000
0.991766 -0.108788 0.067563 0.000000 0.108789 0.437375 -0.892675 2.073800 0.067562 0.892675 0.445608 0.000000 0.000000 0.000000 0.000000 1.000000
0.991766 -0.108788 0.067563 0.000000 0.108789 0.437374 -0.892675 2.073800 0.067561 0.892675 0.445608 0.000000 0.000000 0.000000 0.000000 1.000000
0.991766 -0.108788 0.067563 0.000000 0.108789 0.437374 -0.892675 2.073800 0.067562 0.892675 0.445608 0.000000 0.000000 0.000000 0.000000 1.000000
0.991766 -0.108788 0.067563 0.000000 0.108789 0.437375 -0.892675 2.073800 0.067561 0.892675 0.445608 0.000000 0.000000 0.000000 0.000000 1.000000
0.991766 -0.108788 0.067563 0.000000 0.108789 0.437374 -0.892675 2.073800 0.067561 0.892675 0.445608 0.000000 0.000000 0.000000 0.000000 1.000000
0.991766 -0.108788 0.067563 0.000000 0.108789 0.437374 -0.892675 2.073800 0.067562 0.892675 0.445608 -0.000000 0.000000 0.000000 0.000000 1.000000
0.991766 -0.108788 0.067563 0.000000 0.108789 0.437374 -0.892675 2.073800 0.067561 0.892675 0.445608 0.000000 0.000000 0.000000 0.000000 1.000000
0.991766 -0.108788 0.067563 0.000000 0.108789 0.437375 -0.892675 2.073800 0.067561 0.892675 0.445608 0.000000 0.000000 0.000000 0.000000 1.000000
0.991766 -0.108788 0.067563 -0.000000 0.108789 0.437374 -0.892675 2.073800 0.067562 0.892675 0.445608 0.000000 0.000000 0.000000 0.000000 1.000000
0.991766 -0.108787 0.067563 0.000000 0.108788 0.437374 -0.892675 2.073800 0.067561 0.892675 0.445608 0.000000 0.000000 0.000000 0.000000 1.000000
0.991766 -0.108788 0.067563 -0.000000 0.108789 0.437374 -0.892675 2.073800 0.067561 0.892675 0.445608 -0.000000 0.000000 0.000000 0.000000 1.000000
0.991766 -0.108787 0.067563 0.000000 0.108788 0.437375 -0.892675 2.073800 0.067561 0.892675 0.445608 0.000000 0.000000 0.000000 0.000000 1.000000
0.991766 -0.108787 0.067563 0.000000 0.108788 0.437375 -0.892675 2.073800 0.067562 0.892675 0.445608 0.000000 0.000000 0.000000 0.000000 1.000000
0.991766 -0.108788 0.067563 -0.000000 0.108789 0.437374 -0.892675 2.073800 0.067562 0.892675 0.445608 -0.000000 0.000000 0.000000 0.000000 1.000000
0.991766 -0.108787 0.067563 -0.000000 0.108789 0.437375 -0.892675 2.073800 0.067561 0.892675 0.445608 0.000000 0.000000 0.000000 0.000000 1.000000
0.991766 -0.108788 0.067563 -0.000000 0.108789 0.437374 -0.892675 2.073800 0.067561 0.892675 0.445608 0.000000 0.000000 0.000000 0.000000 1.000000
0.991766 -0.108787 0.067563 0.000000 0.108789 0.437374 -0.892675 2.073800 0.067561 0.892675 0.445608 0.000000 0.000000 0.000000 0.000000 1.000000
0.991766 -0.108788 0.067563 0.000000 0.108789 0.437375 -0.892675 2.073800 0.067562 0.892675 0.445608 0.000000 0.000000 0.000000 0.000000 1.000000
0.991766 -0.108788 0.067563 -0.000000 0.108789 0.437375 -0.892675 2.073800 0.067562 0.892675 0.445608 0.000000 0.000000 0.000000 0.000000 1.000000
0.991766 -0.108788 0.067563 -0.000000 0.108789 0.437374 -0.892675 2.073800 0.067561 0.892675 0.445608 0.000000 0.000000 0.000000 0.000000 1.000000
0.991766 -0.108788 0.067563 -0.000000 0.108789 0.437374 -0.892675 2.073800 0.067561 0.892675 0.445608 0.000000 0.000000 0.000000 0.000000 1.000000
0.991766 -0.108787 0.067563 -0.000000 0.108789 0.437375 -0.892675 2.073800 0.067561 0.892675 0.445608 -0.000000 0.000000 0.000000 0.000000 1.000000
0.991766 -0.108787 0.067563 0.000000 0.108789 0.437374 -0.892675 2.073800 0.067561 0.892675 0.445608 0.000000 0.000000 0.000000 0.000000 1.000000
0.991766 -0.108787 0.067563 -0.000000 0.108789 0.437374 -0.892675 2.073800 0.067561 0.892675 0.445608 -0.000000 0.000000 0.000000 0.000000 1.000000
0.991766 -0.108788 0.067563 0.000000 0.108789 0.437375 -0.892675 2.073800 0.067562 0.892675 0.445608 0.000000 0.000000 0.000000 0.000000 1.000000
0.991766 -0.108787 0.067563 -0.000000 0.108789 0.437375 -0.892675 2.073800 0.067561 0.892675 0.445608 0.000000 0.000000 0.000000 0.000000 1.000000
0.991766 -0.108788 0.067563 -0.000000 0.108789 0.437374 -0.892675 2.073800 0.067562 0.892675 0.445608 0.000000 0.000000 0.000000 0.000000 1.000000
0.991766 -0.108788 0.067563 0.000000 0.108789 0.437375 -0.892675 2.073800 0.067562 0.892675 0.445608 0.000000 0.000000 0.000000 0.000000 1.000000
0.991766 -0.108788 0.067563 -0.000000 0.108789 0.437374 -0.892675 2.073800 0.067561 0.892675 0.445608 -0.000000 0.000000 0.000000 0.000000 1.000000
0.991766 -0.108788 0.067563 -0.000000 0.108789 0.437375 -0.892675 2.073800 0.067562 0.892675 0.445608 0.000000 0.000000 0.000000 0.000000 1.000000
0.991766 -0.108787 0.067563 -0.000000 0.108788 0.437374 -0.892675 2.073800 0.067561 0.892675 0.445608 0.000000 0.000000 0.000000 0.000000 1.000000
0.991766 -0.108787 0.067563 0.000000 0.108789 0.437374 -0.892675 2.073800 0.067561 0.892675 0.445608 0.000000 0.000000 0.000000 0.000000 1.000000
0.991766 -0.108788 0.067563 0.000000 0.108789 0.437375 -0.892675 2.073800 0.067562 0.892675 0.445608 -0.000000 0.000000 0.000000 0.000000 1.000000
0.991766 -0.108787 0.067563 0.000000 0.108789 0.437374 -0.892675 2.073800 0.067561 0.892675 0.445608 -0.000000 0.000000 0.000000 0.000000 1.000000
0.991766 -0.108788 0.067563 -0.000000 0.108789 0.437374 -0.892675 2.073800 0.067562 0.892675 0.445608 0.000000 0.000000 0.000000 0.000000 1.000000
0.991766 -0.108787 0.067563 0.000000 0.108788 0.437374 -0.892675 2.073800 0.067561 0.892675 0.445608 0.000000 0.000000 0.000000 0.000000 1.000000
0.991766 -0.108787 0.067563 0.000000 0.108789 0.437374 -0.892675 2.073800 0.067561 0.892675 0.445608 -0.000000 0.000000 0.000000 0.000000 1.000000
0.991766 -0.108788 0.067563 0.000000 0.108789 0.437374 -0.892675 2.073800 0.067562 0.892675 0.445608 0.000000 0.000000 0.000000 0.000000 1.000000
0.991766 -0.108788 0.067563 -0.000000 0.108789 0.437375 -0.892675 2.073800 0.067562 0.892675 0.445608 0.000000 0.000000 0.000000 0.000000 1.000000
0.991766 -0.108788 0.067563 0.000000 0.108789 0.437374 -0.892675 2.073800 0.067562 0.892675 0.445608 0.000000 0.000000 0.000000 0.000000 1.000000
0.991766 -0.108787 0.067563 -0.000000 0.108789 0.437374 -0.892675 2.073800 0.067561 0.892675 0.445608 0.000000 0.000000 0.000000 0.000000 1.000000
0.991766 -0.108788 0.067563 0.000000 0.108789 0.437375 -0.892675 2.073800 0.067562 0.892675 0.445608 0.000000 0.000000 0.000000 0.000000 1.000000
0.991766 -0.108787 0.067563 0.000000 0.108789 0.437374 -0.892675 2.073800 0.067561 0.892675 0.445608 0.000000 0.000000 0.000000 0.000000 1.000000
0.991766 -0.108788 0.067563 0.000000 0.108789 0.437374 -0.892675 2.073800 0.067561 0.892675 0.445608 0.000000 0.000000 0.000000 0.000000 1.000000
0.991766 -0.108787 0.067563 -0.000000 0.108789 0.437375 -0.892675 2.073800 0.067561 0.892675 0.445608 -0.000000 0.000000 0.000000 0.000000 1.000000
0.991766 -0.108787 0.067563 0.000000 0.108789 0.437375 -0.892675 2.073800 0.067561 0.892675 0.445608 -0.000000 0.000000 0.000000 0.000000 1.000000
0.991766 -0.108787 0.067563 0.000000 0.108789 0.437375 -0.892675 2.073800 0.067561 0.892675 0.445608 0.000000 0.000000 0.000000 0.000000 1.000000
0.991766 -0.108787 0.067563 -0.000000 0.108789 0.437375 -0.892675 2.073800 0.067561 0.892675 0.445608 0.000000 0.000000 0.000000 0.000000 1.000000
0.991766 -0.108787 0.067563 -0.000000 0.108788 0.437374 -0.892675 2.073800 0.067561 0.892675 0.445608 -0.000000 0.000000 0.000000 0.000000 1.000000</float_array>
        <technique_common>
          <accessor source="#mixamorig_RightHandPinky3-Matrix-animation-output-transform-array" count="53" stride="16">
            <param type="float4x4"/>
          </accessor>
        </technique_common>
      </source>
      <source id="mixamorig_RightHandPinky3-Interpolations">
        <Name_array id="mixamorig_RightHandPinky3-Interpolations-array" count="53">
 LINEAR LINEAR LINEAR LINEAR LINEAR LINEAR LINEAR LINEAR LINEAR LINEAR LINEAR
LINEAR LINEAR LINEAR LINEAR LINEAR LINEAR LINEAR LINEAR LINEAR LINEAR LINEAR LINEAR
LINEAR LINEAR LINEAR LINEAR LINEAR LINEAR LINEAR LINEAR LINEAR LINEAR LINEAR LINEAR
LINEAR LINEAR LINEAR LINEAR LINEAR LINEAR LINEAR LINEAR LINEAR LINEAR LINEAR LINEAR
LINEAR LINEAR LINEAR LINEAR LINEAR LINEAR</Name_array>
        <technique_common>
          <accessor source="#mixamorig_RightHandPinky3-Interpolations-array" count="53">
            <param type="name"/>
          </accessor>
        </technique_common>
      </source>
      <sampler id="mixamorig_RightHandPinky3-Matrix-animation-transform">
        <input semantic="INPUT" source="#mixamorig_RightHandPinky3-Matrix-animation-input"/>
        <input semantic="OUTPUT" source="#mixamorig_RightHandPinky3-Matrix-animation-output-transform"/>
        <input semantic="INTERPOLATION" source="#mixamorig_RightHandPinky3-Interpolations"/>
      </sampler>
      <channel source="#mixamorig_RightHandPinky3-Matrix-animation-transform" target="mixamorig_RightHandPinky3/matrix"/>
    </animation>
    <animation id="mixamorig_LeftUpLeg-anim" name="mixamorig_LeftUpLeg">
      <source id="mixamorig_LeftUpLeg-Matrix-animation-input">
        <float_array id="mixamorig_LeftUpLeg-Matrix-animation-input-array" count="53">

0.000000 0.033333 0.066667 0.100000 0.133333 0.166667 0.200000 0.233333 0.266667 0.300000 0.333333 0.366667 0.400000 0.433333 0.466667 0.500000
0.533333 0.566667 0.600000 0.633333 0.666667 0.700000 0.733333 0.766667 0.800000 0.833333 0.866667 0.900000 0.933333 0.966667 1.000000 1.033333
1.066667 1.100000 1.133333 1.166667 1.200000 1.233333 1.266667 1.300000 1.333333 1.366667 1.400000 1.433333 1.466667 1.500000 1.533333 1.566667
1.600000 1.633333 1.666667 1.700000 1.733333</float_array>
        <technique_common>
          <accessor source="#mixamorig_LeftUpLeg-Matrix-animation-input-array" count="53">
            <param name="TIME" type="float"/>
          </accessor>
        </technique_common>
      </source>
      <source id="mixamorig_LeftUpLeg-Matrix-animation-output-transform">
        <float_array id="mixamorig_LeftUpLeg-Matrix-animation-output-transform-array" count="848">

-0.936350 0.349670 0.031295 9.418100 -0.260087 -0.750804 0.607165 -4.875100 0.235804 0.560379 0.793959 1.897700 0.000000 0.000000 0.000000 1.000000
-0.937646 0.346216 0.030893 9.418100 -0.255440 -0.746613 0.614263 -4.875100 0.235732 0.568071 0.788496 1.897700 0.000000 0.000000 0.000000 1.000000
-0.936858 0.349009 0.022117 9.418100 -0.257172 -0.730434 0.632715 -4.875100 0.236979 0.587077 0.774068 1.897700 0.000000 0.000000 0.000000 1.000000
-0.933418 0.358756 -0.005075 9.418100 -0.269804 -0.692515 0.669050 -4.875100 0.236511 0.625873 0.743200 1.897700 0.000000 0.000000 0.000000 1.000000
-0.923610 0.380287 -0.048239 9.418100 -0.300013 -0.638776 0.708489 -4.875100 0.238615 0.668840 0.704071 1.897700 0.000000 0.000000 0.000000 1.000000
-0.911197 0.403709 -0.082088 9.418100 -0.328315 -0.591243 0.736642 -4.875100 0.248855 0.698177 0.671283 1.897700 0.000000 0.000000 0.000000 1.000000
-0.896312 0.431599 -0.101718 9.418100 -0.353999 -0.558330 0.750302 -4.875100 0.267038 0.708513 0.653223 1.897700 0.000000 0.000000 0.000000 1.000000
-0.880320 0.462224 -0.106705 9.418100 -0.376091 -0.542944 0.750845 -4.875100 0.289124 0.701114 0.651802 1.897700 0.000000 0.000000 0.000000 1.000000
-0.863703 0.494419 -0.097809 9.418100 -0.395266 -0.544084 0.740093 -4.875100 0.312700 0.677881 0.665354 1.897700 0.000000 0.000000 0.000000 1.000000
-0.844364 0.530494 -0.075003 9.418100 -0.418364 -0.565389 0.710849 -4.875100 0.334695 0.631594 0.699334 1.897700 0.000000 0.000000 0.000000 1.000000
-0.808350 0.585979 -0.056558 9.418100 -0.470073 -0.584639 0.661233 -4.875100 0.354403 0.561094 0.748045 1.897700 0.000000 0.000000 0.000000 1.000000
-0.783395 0.619695 -0.047647 9.418100 -0.507229 -0.593149 0.625214 -4.875100 0.359180 0.513958 0.778997 1.897700 0.000000 0.000000 0.000000 1.000000
-0.784497 0.616854 -0.063677 9.418100 -0.512432 -0.586995 0.626778 -4.875100 0.349252 0.524335 0.776592 1.897700 0.000000 0.000000 0.000000 1.000000
-0.797864 0.595378 -0.094539 9.418100 -0.500807 -0.567327 0.653707 -4.875100 0.335568 0.568915 0.750820 1.897700 0.000000 0.000000 0.000000 1.000000
-0.817459 0.563654 -0.118554 9.418100 -0.479135 -0.551210 0.683079 -4.875100 0.319672 0.615193 0.720658 1.897700 0.000000 0.000000 0.000000 1.000000
-0.828432 0.542335 -0.139908 9.418100 -0.470554 -0.538452 0.699034 -4.875100 0.303777 0.644936 0.701268 1.897700 0.000000 0.000000 0.000000 1.000000
-0.833076 0.531562 -0.153056 9.418100 -0.469306 -0.532733 0.704235 -4.875100 0.292806 0.658512 0.693273 1.897700 0.000000 0.000000 0.000000 1.000000
-0.833703 0.530402 -0.153667 9.418100 -0.469240 -0.533746 0.703512 -4.875100 0.291125 0.658626 0.693871 1.897700 0.000000 0.000000 0.000000 1.000000
-0.831606 0.536650 -0.142959 9.418100 -0.469726 -0.542334 0.696586 -4.875100 0.296291 0.646437 0.703087 1.897700 0.000000 0.000000 0.000000 1.000000
-0.827588 0.546894 -0.126508 9.418100 -0.473168 -0.558400 0.681396 -4.875100 0.302009 0.623775 0.720899 1.897700 0.000000 0.000000 0.000000 1.000000
-0.823575 0.556959 -0.107339 9.418100 -0.479174 -0.581918 0.657087 -4.875100 0.303508 0.592594 0.746133 1.897700 0.000000 0.000000 0.000000 1.000000
-0.821868 0.563627 -0.082808 9.418100 -0.482997 -0.612337 0.625905 -4.875100 0.302071 0.554407 0.775491 1.897700 0.000000 0.000000 0.000000 1.000000
-0.822914 0.565839 -0.051357 9.418100 -0.480323 -0.644555 0.594844 -4.875100 0.303483 0.514173 0.802199 1.897700 0.000000 0.000000 0.000000 1.000000
-0.827536 0.561199 -0.015508 9.418100 -0.466991 -0.672760 0.573858 -4.875100 0.311615 0.482130 0.818808 1.897700 0.000000 0.000000 0.000000 1.000000
-0.838045 0.545136 0.022503 9.418100 -0.438317 -0.697245 0.567211 -4.875100 0.324897 0.465485 0.823265 1.897700 0.000000 0.000000 0.000000 1.000000
-0.856137 0.513275 0.059820 9.418100 -0.392470 -0.721168 0.570863 -4.875100 0.336150 0.465259 0.818863 1.897700 0.000000 0.000000 0.000000 1.000000
-0.880687 0.467204 0.078167 9.418100 -0.336307 -0.732892 0.591411 -4.875100 0.333598 0.494560 0.802573 1.897700 0.000000 0.000000 0.000000 1.000000
-0.901814 0.425078 0.077723 9.418100 -0.292499 -0.732864 0.614292 -4.875100 0.318082 0.531243 0.785242 1.897700 0.000000 0.000000 0.000000 1.000000
-0.917215 0.392701 0.067098 9.418100 -0.266149 -0.729323 0.630280 -4.875100 0.296448 0.560245 0.773463 1.897700 0.000000 0.000000 0.000000 1.000000
-0.926744 0.370600 0.061659 9.418100 -0.251712 -0.734328 0.630400 -4.875100 0.278904 0.568699 0.773818 1.897700 0.000000 0.000000 0.000000 1.000000
-0.931433 0.356790 0.071650 9.418100 -0.242087 -0.754494 0.610028 -4.875100 0.271711 0.550854 0.789134 1.897700 0.000000 0.000000 0.000000 1.000000
-0.935136 0.340388 0.098264 9.418100 -0.224575 -0.784022 0.578685 -4.875100 0.274018 0.519082 0.809610 1.897700 0.000000 0.000000 0.000000 1.000000
-0.936084 0.330647 0.120077 9.418100 -0.216055 -0.809775 0.545514 -4.875100 0.277608 0.484704 0.829455 1.897700 0.000000 0.000000 0.000000 1.000000
-0.933929 0.338396 0.115176 9.418100 -0.230114 -0.815717 0.530710 -4.875100 0.273541 0.469141 0.839691 1.897700 0.000000 0.000000 0.000000 1.000000
-0.932675 0.345849 0.102493 9.418100 -0.243396 -0.813096 0.528804 -4.875100 0.266223 0.468256 0.842533 1.897700 0.000000 0.000000 0.000000 1.000000
-0.930978 0.354374 0.087745 9.418100 -0.254507 -0.802306 0.539936 -4.875100 0.261738 0.480336 0.837120 1.897700 0.000000 0.000000 0.000000 1.000000
-0.928989 0.362449 0.074905 9.418100 -0.264855 -0.792407 0.549493 -4.875100 0.258518 0.490634 0.832134 1.897700 0.000000 0.000000 0.000000 1.000000
-0.928800 0.366244 0.056536 9.418100 -0.275138 -0.783714 0.556858 -4.875100 0.248254 0.501654 0.828681 1.897700 0.000000 0.000000 0.000000 1.000000
-0.931260 0.362244 0.039179 9.418100 -0.280056 -0.780431 0.559013 -4.875100 0.233075 0.509614 0.828233 1.897700 0.000000 0.000000 0.000000 1.000000
-0.933644 0.356925 0.030229 9.418100 -0.279309 -0.778248 0.562420 -4.875100 0.224268 0.516656 0.826299 1.897700 0.000000 0.000000 0.000000 1.000000
-0.936085 0.350047 0.034820 9.418100 -0.268970 -0.776021 0.570480 -4.875100 0.226716 0.524652 0.820573 1.897700 0.000000 0.000000 0.000000 1.000000
-0.939330 0.339995 0.045409 9.418100 -0.251698 -0.773136 0.582159 -4.875100 0.233038 0.535411 0.811806 1.897700 0.000000 0.000000 0.000000 1.000000
-0.942220 0.331052 0.051245 9.418100 -0.237786 -0.768687 0.593783 -4.875100 0.235965 0.547288 0.802992 1.897700 0.000000 0.000000 0.000000 1.000000
-0.943650 0.327130 0.050104 9.418100 -0.232590 -0.763258 0.602776 -4.875100 0.235429 0.557156 0.796336 1.897700 0.000000 0.000000 0.000000 1.000000
-0.943323 0.328603 0.046488 9.418100 -0.234237 -0.758464 0.608166 -4.875100 0.235104 0.562808 0.792447 1.897700 0.000000 0.000000 0.000000 1.000000
-0.941535 0.333969 0.044464 9.418100 -0.239647 -0.756615 0.608360 -4.875100 0.236816 0.562137 0.792415 1.897700 0.000000 0.000000 0.000000 1.000000
-0.938778 0.341257 0.047331 9.418100 -0.246186 -0.760568 0.600774 -4.875100 0.241017 0.552341 0.798017 1.897700 0.000000 0.000000 0.000000 1.000000
-0.935111 0.350060 0.054999 9.418100 -0.253481 -0.769267 0.586495 -4.875100 0.247617 0.534497 0.808084 1.897700 0.000000 0.000000 0.000000 1.000000
-0.931757 0.357656 0.062544 9.418100 -0.259904 -0.777289 0.572950 -4.875100 0.253534 0.517595 0.817200 1.897700 0.000000 0.000000 0.000000 1.000000
-0.931187 0.359196 0.062207 9.418100 -0.261897 -0.777877 0.571242 -4.875100 0.253577 0.515641 0.818421 1.897700 0.000000 0.000000 0.000000 1.000000
-0.933350 0.355320 0.051038 9.418100 -0.260702 -0.768703 0.584064 -4.875100 0.246762 0.531831 0.810102 1.897700 0.000000 0.000000 0.000000 1.000000
-0.935189 0.351993 0.039026 9.418100 -0.260843 -0.759139 0.596379 -4.875100 0.239547 0.547548 0.801753 1.897700 0.000000 0.000000 0.000000 1.000000
-0.936350 0.349670 0.031296 9.418100 -0.260087 -0.750804 0.607164 -4.875100 0.235804 0.560379 0.793960 1.897700 0.000000 0.000000 0.000000 1.000000</float_array>
        <technique_common>
          <accessor source="#mixamorig_LeftUpLeg-Matrix-animation-output-transform-array" count="53" stride="16">
            <param type="float4x4"/>
          </accessor>
        </technique_common>
      </source>
      <source id="mixamorig_LeftUpLeg-Interpolations">
        <Name_array id="mixamorig_LeftUpLeg-Interpolations-array" count="53">
 LINEAR LINEAR LINEAR LINEAR LINEAR LINEAR LINEAR LINEAR LINEAR LINEAR LINEAR
LINEAR LINEAR LINEAR LINEAR LINEAR LINEAR LINEAR LINEAR LINEAR LINEAR LINEAR LINEAR
LINEAR LINEAR LINEAR LINEAR LINEAR LINEAR LINEAR LINEAR LINEAR LINEAR LINEAR LINEAR
LINEAR LINEAR LINEAR LINEAR LINEAR LINEAR LINEAR LINEAR LINEAR LINEAR LINEAR LINEAR
LINEAR LINEAR LINEAR LINEAR LINEAR LINEAR</Name_array>
        <technique_common>
          <accessor source="#mixamorig_LeftUpLeg-Interpolations-array" count="53">
            <param type="name"/>
          </accessor>
        </technique_common>
      </source>
      <sampler id="mixamorig_LeftUpLeg-Matrix-animation-transform">
        <input semantic="INPUT" source="#mixamorig_LeftUpLeg-Matrix-animation-input"/>
        <input semantic="OUTPUT" source="#mixamorig_LeftUpLeg-Matrix-animation-output-transform"/>
        <input semantic="INTERPOLATION" source="#mixamorig_LeftUpLeg-Interpolations"/>
      </sampler>
      <channel source="#mixamorig_LeftUpLeg-Matrix-animation-transform" target="mixamorig_LeftUpLeg/matrix"/>
    </animation>
    <animation id="mixamorig_LeftLeg-anim" name="mixamorig_LeftLeg">
      <source id="mixamorig_LeftLeg-Matrix-animation-input">
        <float_array id="mixamorig_LeftLeg-Matrix-animation-input-array" count="53">

0.000000 0.033333 0.066667 0.100000 0.133333 0.166667 0.200000 0.233333 0.266667 0.300000 0.333333 0.366667 0.400000 0.433333 0.466667 0.500000
0.533333 0.566667 0.600000 0.633333 0.666667 0.700000 0.733333 0.766667 0.800000 0.833333 0.866667 0.900000 0.933333 0.966667 1.000000 1.033333
1.066667 1.100000 1.133333 1.166667 1.200000 1.233333 1.266667 1.300000 1.333333 1.366667 1.400000 1.433333 1.466667 1.500000 1.533333 1.566667
1.600000 1.633333 1.666667 1.700000 1.733333</float_array>
        <technique_common>
          <accessor source="#mixamorig_LeftLeg-Matrix-animation-input-array" count="53">
            <param name="TIME" type="float"/>
          </accessor>
        </technique_common>
      </source>
      <source id="mixamorig_LeftLeg-Matrix-animation-output-transform">
        <float_array id="mixamorig_LeftLeg-Matrix-animation-output-transform-array" count="848">

0.974260 -0.188367 0.123832 0.000000 0.006812 0.573678 0.819053 48.478100 -0.225322 -0.797127 0.560195 -0.000000 0.000000 0.000000 0.000000 1.000000
0.974002 -0.187258 0.127495 0.000000 -0.006459 0.539607 0.841892 48.478100 -0.226448 -0.820828 0.524368 0.000000 0.000000 0.000000 0.000000 1.000000
0.978414 -0.166712 0.122121 -0.000000 -0.030488 0.468029 0.883187 48.478100 -0.204394 -0.867846 0.452843 0.000000 0.000000 0.000000 0.000000 1.000000
0.983206 -0.135825 0.121893 0.000000 -0.067996 0.347182 0.935330 48.478100 -0.169361 -0.927910 0.332115 0.000000 0.000000 0.000000 0.000000 1.000000
0.985449 -0.103959 0.134472 0.000000 -0.108947 0.220924 0.969187 48.478100 -0.130463 -0.969735 0.206384 0.000000 0.000000 0.000000 0.000000 1.000000
0.987829 -0.079682 0.133583 0.000000 -0.123858 0.116544 0.985432 48.478100 -0.094089 -0.989984 0.105257 0.000000 0.000000 0.000000 0.000000 1.000000
0.989308 -0.072495 0.126551 0.000000 -0.122488 0.058003 0.990774 48.478100 -0.079166 -0.995681 0.048503 0.000000 0.000000 0.000000 0.000000 1.000000
0.988696 -0.089276 0.120460 0.000000 -0.113908 0.075180 0.990643 48.478100 -0.097497 -0.993166 0.064161 0.000000 0.000000 0.000000 0.000000 1.000000
0.984350 -0.130684 0.118224 -0.000000 -0.092060 0.190714 0.977319 48.478100 -0.150267 -0.972908 0.175698 -0.000000 0.000000 0.000000 0.000000 1.000000
0.975328 -0.185771 0.119263 0.000000 -0.036997 0.395052 0.917914 48.478100 -0.217637 -0.899679 0.378432 0.000000 0.000000 0.000000 0.000000 1.000000
0.974989 -0.184000 0.124663 -0.000000 0.011269 0.601106 0.799090 48.478100 -0.221968 -0.777699 0.588145 0.000000 0.000000 0.000000 0.000000 1.000000
0.976033 -0.186441 0.112251 -0.000000 0.052072 0.700894 0.711362 48.478100 -0.211303 -0.688467 0.693804 0.000000 0.000000 0.000000 0.000000 1.000000
0.977288 -0.186236 0.101113 0.000000 0.051724 0.672340 0.738433 48.478100 -0.205505 -0.716432 0.666703 0.000000 0.000000 0.000000 0.000000 1.000000
0.975025 -0.183911 0.124509 -0.000000 0.006328 0.583393 0.812166 48.478100 -0.222004 -0.791094 0.569987 -0.000000 0.000000 0.000000 0.000000 1.000000
0.976109 -0.185754 0.112725 0.000000 -0.010395 0.478281 0.878145 48.478100 -0.217033 -0.858337 0.464923 0.000000 0.000000 0.000000 0.000000 1.000000
0.976170 -0.186570 0.110832 0.000000 -0.025114 0.410168 0.911664 48.478100 -0.215549 -0.892723 0.395709 0.000000 0.000000 0.000000 0.000000 1.000000
0.976167 -0.186836 0.110413 0.000000 -0.033505 0.372919 0.927259 48.478100 -0.214421 -0.908858 0.357771 -0.000000 0.000000 0.000000 0.000000 1.000000
0.976179 -0.186883 0.110220 0.000000 -0.037975 0.352996 0.934854 48.478100 -0.213616 -0.916771 0.337491 0.000000 0.000000 0.000000 0.000000 1.000000
0.976197 -0.186909 0.110017 0.000000 -0.039320 0.346335 0.937287 48.478100 -0.213290 -0.919303 0.330741 -0.000000 0.000000 0.000000 0.000000 1.000000
0.976222 -0.186914 0.109790 0.000000 -0.036672 0.356774 0.933471 48.478100 -0.213649 -0.915301 0.341436 -0.000000 0.000000 0.000000 0.000000 1.000000
0.976218 -0.186913 0.109829 0.000000 -0.028724 0.390624 0.920102 48.478100 -0.214881 -0.901375 0.375965 0.000000 0.000000 0.000000 0.000000 1.000000
0.976206 -0.186947 0.109879 0.000000 -0.013735 0.452389 0.891715 48.478100 -0.216411 -0.872006 0.439057 0.000000 0.000000 0.000000 0.000000 1.000000
0.976199 -0.187162 0.109571 0.000000 0.009111 0.540172 0.841506 48.478100 -0.216685 -0.820479 0.529020 0.000000 0.000000 0.000000 0.000000 1.000000
0.976160 -0.187494 0.109354 0.000000 0.038470 0.645283 0.762974 48.478100 -0.213617 -0.740578 0.637112 0.000000 0.000000 0.000000 0.000000 1.000000
0.975833 -0.186143 0.114461 0.000000 0.066706 0.752551 0.655147 48.478100 -0.208089 -0.631678 0.746781 0.000000 0.000000 0.000000 0.000000 1.000000
0.975279 -0.180311 0.127746 0.000000 0.082184 0.832592 0.547756 48.478100 -0.205127 -0.523717 0.826828 0.000000 0.000000 0.000000 0.000000 1.000000
0.975179 -0.179210 0.130035 0.000000 0.084410 0.843834 0.529923 48.478100 -0.204695 -0.505794 0.838017 0.000000 0.000000 0.000000 0.000000 1.000000
0.974389 -0.180651 0.133908 0.000000 0.065892 0.798729 0.598073 48.478100 -0.214998 -0.573932 0.790176 0.000000 0.000000 0.000000 0.000000 1.000000
0.975465 -0.172169 0.137209 0.000000 0.024145 0.703141 0.710640 48.478100 -0.218828 -0.689891 0.690047 0.000000 0.000000 0.000000 0.000000 1.000000
0.980169 -0.140781 0.139463 -0.000000 -0.029194 0.593509 0.804298 48.478100 -0.196002 -0.792419 0.577629 0.000000 0.000000 0.000000 0.000000 1.000000
0.983089 -0.116804 0.141044 0.000000 -0.059619 0.524089 0.849574 48.478100 -0.173153 -0.843616 0.508262 0.000000 0.000000 0.000000 0.000000 1.000000
0.984666 -0.112246 0.133543 0.000000 -0.059645 0.502759 0.862367 48.478100 -0.163937 -0.857108 0.488354 0.000000 0.000000 0.000000 0.000000 1.000000
0.983440 -0.129396 0.126897 0.000000 -0.038477 0.535151 0.843879 48.478100 -0.177103 -0.834787 0.521310 0.000000 0.000000 0.000000 0.000000 1.000000
0.978862 -0.157513 0.130458 0.000000 -0.018567 0.566792 0.823652 48.478100 -0.203678 -0.808663 0.551887 -0.000000 0.000000 0.000000 0.000000 1.000000
0.975413 -0.177601 0.130486 0.000000 -0.002662 0.582547 0.812793 48.478100 -0.220367 -0.793156 0.567751 -0.000000 0.000000 0.000000 0.000000 1.000000
0.974112 -0.186007 0.128479 0.000000 0.004632 0.584629 0.811287 48.478100 -0.226018 -0.789690 0.570356 0.000000 0.000000 0.000000 0.000000 1.000000
0.974045 -0.188158 0.125830 -0.000000 0.011226 0.595368 0.803375 48.478100 -0.226077 -0.781111 0.582027 0.000000 0.000000 0.000000 0.000000 1.000000
0.974244 -0.187467 0.125321 0.000000 0.016817 0.614610 0.788651 48.478100 -0.224870 -0.766231 0.601933 0.000000 0.000000 0.000000 0.000000 1.000000
0.974340 -0.186150 0.126531 -0.000000 0.020523 0.633290 0.773642 48.478100 -0.224145 -0.751194 0.620860 0.000000 0.000000 0.000000 0.000000 1.000000
0.973969 -0.185172 0.130750 0.000000 0.022808 0.653930 0.756211 48.478100 -0.225530 -0.733544 0.641131 0.000000 0.000000 0.000000 0.000000 1.000000
0.973679 -0.184490 0.133836 0.000000 0.026741 0.675614 0.736771 48.478100 -0.226348 -0.713800 0.662764 -0.000000 0.000000 0.000000 0.000000 1.000000
0.973923 -0.184331 0.132269 0.000000 0.033225 0.692595 0.720561 48.478100 -0.224431 -0.697377 0.680659 0.000000 0.000000 0.000000 0.000000 1.000000
0.973989 -0.184086 0.132127 0.000000 0.036139 0.701832 0.711425 48.478100 -0.223695 -0.688145 0.690230 0.000000 0.000000 0.000000 0.000000 1.000000
0.973970 -0.183776 0.132699 0.000000 0.035258 0.701105 0.712186 48.478100 -0.223919 -0.688969 0.689335 0.000000 0.000000 0.000000 0.000000 1.000000
0.973989 -0.183477 0.132971 0.000000 0.032086 0.692583 0.720625 48.478100 -0.224311 -0.697614 0.680455 0.000000 0.000000 0.000000 0.000000 1.000000
0.974273 -0.183140 0.131347 0.000000 0.029628 0.681826 0.730914 48.478100 -0.223415 -0.708219 0.669710 -0.000000 0.000000 0.000000 0.000000 1.000000
0.974455 -0.183008 0.130177 0.000000 0.029217 0.678014 0.734468 48.478100 -0.222675 -0.711903 0.666041 0.000000 0.000000 0.000000 0.000000 1.000000
0.974224 -0.183290 0.131502 0.000000 0.029938 0.682838 0.729956 48.478100 -0.223588 -0.707204 0.670724 -0.000000 0.000000 0.000000 0.000000 1.000000
0.973625 -0.184121 0.134735 0.000000 0.029485 0.687136 0.725931 48.478100 -0.226240 -0.702812 0.674441 0.000000 0.000000 0.000000 0.000000 1.000000
0.973272 -0.186440 0.134094 0.000000 0.027287 0.673637 0.738559 48.478100 -0.228028 -0.715160 0.660719 0.000000 0.000000 0.000000 0.000000 1.000000
0.973201 -0.189249 0.130634 0.000000 0.021078 0.639102 0.768833 48.478100 -0.228989 -0.745476 0.625963 0.000000 0.000000 0.000000 0.000000 1.000000
0.973672 -0.189075 0.127332 0.000000 0.013706 0.606135 0.795244 48.478100 -0.227541 -0.772561 0.592768 -0.000000 0.000000 0.000000 0.000000 1.000000
0.974261 -0.188367 0.123832 0.000000 0.006813 0.573679 0.819052 48.478100 -0.225322 -0.797126 0.560196 0.000000 0.000000 0.000000 0.000000 1.000000</float_array>
        <technique_common>
          <accessor source="#mixamorig_LeftLeg-Matrix-animation-output-transform-array" count="53" stride="16">
            <param type="float4x4"/>
          </accessor>
        </technique_common>
      </source>
      <source id="mixamorig_LeftLeg-Interpolations">
        <Name_array id="mixamorig_LeftLeg-Interpolations-array" count="53">
 LINEAR LINEAR LINEAR LINEAR LINEAR LINEAR LINEAR LINEAR LINEAR LINEAR LINEAR
LINEAR LINEAR LINEAR LINEAR LINEAR LINEAR LINEAR LINEAR LINEAR LINEAR LINEAR LINEAR
LINEAR LINEAR LINEAR LINEAR LINEAR LINEAR LINEAR LINEAR LINEAR LINEAR LINEAR LINEAR
LINEAR LINEAR LINEAR LINEAR LINEAR LINEAR LINEAR LINEAR LINEAR LINEAR LINEAR LINEAR
LINEAR LINEAR LINEAR LINEAR LINEAR LINEAR</Name_array>
        <technique_common>
          <accessor source="#mixamorig_LeftLeg-Interpolations-array" count="53">
            <param type="name"/>
          </accessor>
        </technique_common>
      </source>
      <sampler id="mixamorig_LeftLeg-Matrix-animation-transform">
        <input semantic="INPUT" source="#mixamorig_LeftLeg-Matrix-animation-input"/>
        <input semantic="OUTPUT" source="#mixamorig_LeftLeg-Matrix-animation-output-transform"/>
        <input semantic="INTERPOLATION" source="#mixamorig_LeftLeg-Interpolations"/>
      </sampler>
      <channel source="#mixamorig_LeftLeg-Matrix-animation-transform" target="mixamorig_LeftLeg/matrix"/>
    </animation>
    <animation id="mixamorig_LeftFoot-anim" name="mixamorig_LeftFoot">
      <source id="mixamorig_LeftFoot-Matrix-animation-input">
        <float_array id="mixamorig_LeftFoot-Matrix-animation-input-array" count="53">

0.000000 0.033333 0.066667 0.100000 0.133333 0.166667 0.200000 0.233333 0.266667 0.300000 0.333333 0.366667 0.400000 0.433333 0.466667 0.500000
0.533333 0.566667 0.600000 0.633333 0.666667 0.700000 0.733333 0.766667 0.800000 0.833333 0.866667 0.900000 0.933333 0.966667 1.000000 1.033333
1.066667 1.100000 1.133333 1.166667 1.200000 1.233333 1.266667 1.300000 1.333333 1.366667 1.400000 1.433333 1.466667 1.500000 1.533333 1.566667
1.600000 1.633333 1.666667 1.700000 1.733333</float_array>
        <technique_common>
          <accessor source="#mixamorig_LeftFoot-Matrix-animation-input-array" count="53">
            <param name="TIME" type="float"/>
          </accessor>
        </technique_common>
      </source>
      <source id="mixamorig_LeftFoot-Matrix-animation-output-transform">
        <float_array id="mixamorig_LeftFoot-Matrix-animation-output-transform-array" count="848">

0.916656 0.354609 -0.184378 -0.000000 -0.303421 0.317149 -0.898528 51.588001 -0.260150 0.879585 0.398312 0.000000 0.000000 0.000000 0.000000 1.000000
0.921682 0.343061 -0.181142 0.000000 -0.291997 0.306040 -0.906133 51.588001 -0.255422 0.888059 0.382244 -0.000000 0.000000 0.000000 0.000000 1.000000
0.931855 0.325178 -0.160955 0.000000 -0.269283 0.322511 -0.907454 51.588001 -0.243174 0.888958 0.388098 -0.000000 0.000000 0.000000 0.000000 1.000000
0.926808 0.339461 -0.160602 0.000000 -0.293873 0.389338 -0.872957 51.588001 -0.233806 0.856261 0.460600 0.000000 0.000000 0.000000 0.000000 1.000000
0.878927 0.437444 -0.190080 -0.000000 -0.411905 0.495248 -0.764894 51.588001 -0.240462 0.750581 0.615472 -0.000000 0.000000 0.000000 0.000000 1.000000
0.841779 0.513468 -0.166610 -0.000000 -0.473575 0.554280 -0.684471 51.588001 -0.259106 0.655076 0.709747 0.000000 0.000000 0.000000 0.000000 1.000000
0.851844 0.503552 -0.144214 0.000000 -0.449676 0.561846 -0.694349 51.588001 -0.268615 0.656327 0.705040 -0.000000 0.000000 0.000000 0.000000 1.000000
0.899156 0.398834 -0.180139 0.000000 -0.389942 0.543304 -0.743482 51.588001 -0.198656 0.738750 0.644037 -0.000000 0.000000 0.000000 0.000000 1.000000
0.940555 0.246826 -0.233309 0.000000 -0.334487 0.553930 -0.762417 51.588001 -0.058948 0.795134 0.603562 0.000000 0.000000 0.000000 0.000000 1.000000
0.953645 0.170868 -0.247721 0.000000 -0.299868 0.608803 -0.734464 51.588001 0.025317 0.774702 0.631820 0.000000 0.000000 0.000000 0.000000 1.000000
0.948980 0.237855 -0.207030 0.000000 -0.313129 0.633257 -0.707768 51.588001 -0.037243 0.736485 0.675428 0.000000 0.000000 0.000000 0.000000 1.000000
0.883252 0.409246 -0.228874 0.000000 -0.431158 0.516984 -0.739480 51.588001 -0.184305 0.751828 0.633077 -0.000000 0.000000 0.000000 0.000000 1.000000
0.874196 0.434848 -0.216076 0.000000 -0.381002 0.338406 -0.860418 51.588001 -0.301030 0.834499 0.461511 0.000000 0.000000 0.000000 0.000000 1.000000
0.864118 0.436719 -0.250152 0.000000 -0.384047 0.250933 -0.888561 51.588001 -0.325280 0.863892 0.384557 0.000000 0.000000 0.000000 0.000000 1.000000
0.877426 0.404283 -0.258223 0.000000 -0.362741 0.206910 -0.908629 51.588001 -0.313915 0.890923 0.328198 0.000000 0.000000 0.000000 0.000000 1.000000
0.880702 0.387081 -0.273007 0.000000 -0.368540 0.197891 -0.908305 51.588001 -0.297561 0.900560 0.316938 0.000000 0.000000 0.000000 0.000000 1.000000
0.881371 0.380857 -0.279525 0.000000 -0.369869 0.188187 -0.909826 51.588001 -0.293910 0.905281 0.306730 0.000000 0.000000 0.000000 0.000000 1.000000
0.881282 0.382422 -0.277660 -0.000000 -0.366211 0.181246 -0.912710 51.588001 -0.298715 0.906037 0.299776 0.000000 0.000000 0.000000 0.000000 1.000000
0.880607 0.387111 -0.273270 0.000000 -0.364573 0.185123 -0.912588 51.588001 -0.302684 0.903258 0.304151 0.000000 0.000000 0.000000 0.000000 1.000000
0.879651 0.390780 -0.271119 0.000000 -0.368043 0.198206 -0.908437 51.588001 -0.301261 0.898891 0.318176 0.000000 0.000000 0.000000 0.000000 1.000000
0.878107 0.395160 -0.269771 -0.000000 -0.374968 0.218127 -0.901010 51.588001 -0.297198 0.892339 0.339711 0.000000 0.000000 0.000000 0.000000 1.000000
0.874992 0.408653 -0.259600 0.000000 -0.380980 0.250328 -0.890051 51.588001 -0.298737 0.877689 0.374723 0.000000 0.000000 0.000000 0.000000 1.000000
0.868394 0.439011 -0.230564 0.000000 -0.387687 0.311174 -0.867681 51.588001 -0.309176 0.842876 0.440421 -0.000000 0.000000 0.000000 0.000000 1.000000
0.858768 0.478634 -0.182829 0.000000 -0.408001 0.422983 -0.809086 51.588001 -0.309923 0.769412 0.558528 -0.000000 0.000000 0.000000 0.000000 1.000000
0.855741 0.498428 -0.138838 0.000000 -0.447263 0.577701 -0.682802 51.588001 -0.260121 0.646399 0.717291 0.000000 0.000000 0.000000 0.000000 1.000000
0.881872 0.457416 -0.114336 -0.000000 -0.439941 0.711089 -0.548456 51.588001 -0.169569 0.533969 0.828326 -0.000000 0.000000 0.000000 0.000000 1.000000
0.922071 0.373416 -0.101715 0.000000 -0.365418 0.753419 -0.546654 51.588001 -0.127495 0.541222 0.831158 -0.000000 0.000000 0.000000 0.000000 1.000000
0.916206 0.366487 -0.162029 0.000000 -0.384957 0.692777 -0.609809 51.588001 -0.111237 0.621085 0.775809 -0.000000 0.000000 0.000000 0.000000 1.000000
0.880787 0.407627 -0.240945 0.000000 -0.453657 0.580633 -0.676063 51.588001 -0.135681 0.704774 0.696337 0.000000 0.000000 0.000000 0.000000 1.000000
0.875625 0.410369 -0.254712 0.000000 -0.450098 0.502012 -0.738509 51.588001 -0.175193 0.761302 0.624281 -0.000000 0.000000 0.000000 0.000000 1.000000
0.874248 0.396453 -0.280206 0.000000 -0.452812 0.457746 -0.765134 51.588001 -0.175077 0.795798 0.579702 0.000000 0.000000 0.000000 0.000000 1.000000
0.932441 0.266806 -0.243656 0.000000 -0.339964 0.419418 -0.841732 51.588001 -0.122385 0.867700 0.481787 -0.000000 0.000000 0.000000 0.000000 1.000000
0.972237 0.131293 -0.193696 0.000000 -0.229445 0.372367 -0.899276 51.588001 -0.045943 0.918752 0.392153 0.000000 0.000000 0.000000 0.000000 1.000000
0.967858 0.104083 -0.228949 0.000000 -0.250531 0.319262 -0.913951 51.588001 -0.022032 0.941933 0.335077 0.000000 0.000000 0.000000 0.000000 1.000000
0.959381 0.124360 -0.253225 0.000000 -0.279278 0.291705 -0.914829 51.588001 -0.039901 0.948390 0.314587 0.000000 0.000000 0.000000 0.000000 1.000000
0.952179 0.170835 -0.253318 -0.000000 -0.295737 0.306984 -0.904600 51.588001 -0.076772 0.936257 0.342826 0.000000 0.000000 0.000000 0.000000 1.000000
0.943385 0.222567 -0.245943 0.000000 -0.309969 0.327584 -0.892529 51.588001 -0.118081 0.918233 0.378027 0.000000 0.000000 0.000000 0.000000 1.000000
0.933329 0.265691 -0.241467 0.000000 -0.327398 0.353849 -0.876129 51.588001 -0.147337 0.896772 0.417244 0.000000 0.000000 0.000000 0.000000 1.000000
0.926166 0.288731 -0.242590 0.000000 -0.342752 0.376205 -0.860808 51.588001 -0.157278 0.880400 0.447391 -0.000000 0.000000 0.000000 0.000000 1.000000
0.921985 0.301740 -0.242686 -0.000000 -0.356725 0.418049 -0.835453 51.588001 -0.150635 0.856848 0.493073 -0.000000 0.000000 0.000000 0.000000 1.000000
0.921441 0.313474 -0.229521 0.000000 -0.360550 0.469857 -0.805753 51.588001 -0.144740 0.825208 0.545969 -0.000000 0.000000 0.000000 0.000000 1.000000
0.923505 0.330196 -0.195214 0.000000 -0.347992 0.507107 -0.788507 51.588001 -0.161367 0.796124 0.583222 0.000000 0.000000 0.000000 0.000000 1.000000
0.918133 0.363959 -0.156734 -0.000000 -0.339982 0.520291 -0.783396 51.588001 -0.203577 0.772549 0.601436 -0.000000 0.000000 0.000000 0.000000 1.000000
0.906798 0.401701 -0.127883 0.000000 -0.337785 0.510846 -0.790530 51.588001 -0.252228 0.760048 0.598923 0.000000 0.000000 0.000000 0.000000 1.000000
0.900732 0.418890 -0.114945 0.000000 -0.334521 0.500144 -0.798718 51.588001 -0.277086 0.757883 0.590624 0.000000 0.000000 0.000000 0.000000 1.000000
0.905597 0.407119 -0.118948 -0.000000 -0.330334 0.501100 -0.799862 51.588001 -0.266034 0.763645 0.588279 0.000000 0.000000 0.000000 0.000000 1.000000
0.913075 0.382108 -0.142434 0.000000 -0.334153 0.500864 -0.798422 51.588001 -0.233743 0.776613 0.585009 0.000000 0.000000 0.000000 0.000000 1.000000
0.914322 0.363211 -0.179145 0.000000 -0.347956 0.478187 -0.806389 51.588001 -0.207224 0.799634 0.563598 0.000000 0.000000 0.000000 0.000000 1.000000
0.911581 0.353445 -0.209994 -0.000000 -0.358278 0.432445 -0.827423 51.588001 -0.201638 0.829499 0.520840 0.000000 0.000000 0.000000 0.000000 1.000000
0.914329 0.343867 -0.213909 0.000000 -0.344551 0.382975 -0.857096 51.588001 -0.212805 0.857371 0.468646 0.000000 0.000000 0.000000 0.000000 1.000000
0.919202 0.340033 -0.198607 0.000000 -0.320885 0.354445 -0.878295 51.588001 -0.228254 0.871060 0.434918 0.000000 0.000000 0.000000 0.000000 1.000000
0.917965 0.347634 -0.191026 0.000000 -0.312010 0.335449 -0.888889 51.588001 -0.244929 0.875571 0.416396 0.000000 0.000000 0.000000 0.000000 1.000000
0.916657 0.354607 -0.184375 0.000000 -0.303417 0.317150 -0.898529 51.588001 -0.260150 0.879585 0.398312 0.000000 0.000000 0.000000 0.000000 1.000000</float_array>
        <technique_common>
          <accessor source="#mixamorig_LeftFoot-Matrix-animation-output-transform-array" count="53" stride="16">
            <param type="float4x4"/>
          </accessor>
        </technique_common>
      </source>
      <source id="mixamorig_LeftFoot-Interpolations">
        <Name_array id="mixamorig_LeftFoot-Interpolations-array" count="53">
 LINEAR LINEAR LINEAR LINEAR LINEAR LINEAR LINEAR LINEAR LINEAR LINEAR LINEAR
LINEAR LINEAR LINEAR LINEAR LINEAR LINEAR LINEAR LINEAR LINEAR LINEAR LINEAR LINEAR
LINEAR LINEAR LINEAR LINEAR LINEAR LINEAR LINEAR LINEAR LINEAR LINEAR LINEAR LINEAR
LINEAR LINEAR LINEAR LINEAR LINEAR LINEAR LINEAR LINEAR LINEAR LINEAR LINEAR LINEAR
LINEAR LINEAR LINEAR LINEAR LINEAR LINEAR</Name_array>
        <technique_common>
          <accessor source="#mixamorig_LeftFoot-Interpolations-array" count="53">
            <param type="name"/>
          </accessor>
        </technique_common>
      </source>
      <sampler id="mixamorig_LeftFoot-Matrix-animation-transform">
        <input semantic="INPUT" source="#mixamorig_LeftFoot-Matrix-animation-input"/>
        <input semantic="OUTPUT" source="#mixamorig_LeftFoot-Matrix-animation-output-transform"/>
        <input semantic="INTERPOLATION" source="#mixamorig_LeftFoot-Interpolations"/>
      </sampler>
      <channel source="#mixamorig_LeftFoot-Matrix-animation-transform" target="mixamorig_LeftFoot/matrix"/>
    </animation>
    <animation id="mixamorig_LeftToeBase-anim" name="mixamorig_LeftToeBase">
      <source id="mixamorig_LeftToeBase-Matrix-animation-input">
        <float_array id="mixamorig_LeftToeBase-Matrix-animation-input-array" count="53">

0.000000 0.033333 0.066667 0.100000 0.133333 0.166667 0.200000 0.233333 0.266667 0.300000 0.333333 0.366667 0.400000 0.433333 0.466667 0.500000
0.533333 0.566667 0.600000 0.633333 0.666667 0.700000 0.733333 0.766667 0.800000 0.833333 0.866667 0.900000 0.933333 0.966667 1.000000 1.033333
1.066667 1.100000 1.133333 1.166667 1.200000 1.233333 1.266667 1.300000 1.333333 1.366667 1.400000 1.433333 1.466667 1.500000 1.533333 1.566667
1.600000 1.633333 1.666667 1.700000 1.733333</float_array>
        <technique_common>
          <accessor source="#mixamorig_LeftToeBase-Matrix-animation-input-array" count="53">
            <param name="TIME" type="float"/>
          </accessor>
        </technique_common>
      </source>
      <source id="mixamorig_LeftToeBase-Matrix-animation-output-transform">
        <float_array id="mixamorig_LeftToeBase-Matrix-animation-output-transform-array" count="848">

0.999165 0.002649 -0.040765 0.000000 -0.028831 0.752691 -0.657743 21.400000 0.028941 0.658369 0.752139 -0.000000 0.000000 0.000000 0.000000 1.000000
0.999210 0.002536 -0.039670 0.000000 -0.028103 0.750859 -0.659864 21.400000 0.028114 0.660457 0.750337 0.000000 0.000000 0.000000 0.000000 1.000000
0.999059 0.000519 -0.043379 0.000000 -0.030532 0.718773 -0.694574 21.400000 0.030819 0.695245 0.718112 0.000000 0.000000 0.000000 0.000000 1.000000
0.999813 -0.004113 -0.018880 0.000000 -0.011970 0.635193 -0.772260 21.400000 0.015169 0.772342 0.635026 0.000000 0.000000 0.000000 0.000000 1.000000
0.995428 0.006108 0.095324 0.000000 0.079063 0.507306 -0.858131 21.400000 -0.053599 0.861744 0.504503 0.000000 0.000000 0.000000 0.000000 1.000000
0.983658 0.033462 0.176910 0.000000 0.135371 0.510373 -0.849231 21.400000 -0.118707 0.859302 0.497503 0.000000 0.000000 0.000000 0.000000 1.000000
0.990492 0.023782 0.135499 0.000000 0.089886 0.633751 -0.768297 21.400000 -0.104145 0.773171 0.625588 0.000000 0.000000 0.000000 0.000000 1.000000
0.999139 0.002264 -0.041433 0.000000 -0.029258 0.746493 -0.664750 21.400000 0.029424 0.665390 0.745916 0.000000 0.000000 0.000000 0.000000 1.000000
0.999094 0.001612 -0.042533 0.000000 -0.029977 0.736049 -0.676265 21.400000 0.030217 0.676927 0.735430 0.000000 0.000000 0.000000 0.000000 1.000000
0.999039 0.000818 -0.043821 0.000000 -0.030843 0.723475 -0.689661 21.400000 0.031139 0.690350 0.722805 0.000000 0.000000 0.000000 0.000000 1.000000
0.985814 -0.008350 -0.167633 -0.000000 -0.116473 0.685097 -0.719080 21.400000 0.120849 0.728404 0.674406 -0.000000 0.000000 0.000000 0.000000 1.000000
0.997013 -0.003864 -0.077136 0.000000 -0.055678 0.656195 -0.752535 21.400000 0.053524 0.754582 0.654020 0.000000 0.000000 0.000000 0.000000 1.000000
0.998914 -0.000991 -0.046573 -0.000000 -0.032787 0.695248 -0.718022 21.400000 0.033091 0.718770 0.694460 0.000000 0.000000 0.000000 0.000000 1.000000
0.999089 0.001543 -0.042647 0.000000 -0.030053 0.734951 -0.677454 21.400000 0.030299 0.678119 0.734328 -0.000000 0.000000 0.000000 0.000000 1.000000
0.999027 0.000649 -0.044090 0.000000 -0.031028 0.720796 -0.692452 21.400000 0.031331 0.693147 0.720115 0.000000 0.000000 0.000000 0.000000 1.000000
0.998930 -0.000764 -0.046240 0.000000 -0.032545 0.698759 -0.714617 21.400000 0.032857 0.715357 0.697986 -0.000000 0.000000 0.000000 0.000000 1.000000
0.998872 -0.001605 -0.047454 0.000000 -0.033438 0.685794 -0.727027 21.400000 0.033711 0.727794 0.684967 0.000000 0.000000 0.000000 0.000000 1.000000
0.998850 -0.001919 -0.047896 0.000000 -0.033769 0.680984 -0.731519 21.400000 0.034021 0.732296 0.680137 -0.000000 0.000000 0.000000 0.000000 1.000000
0.998827 -0.002260 -0.048369 0.000000 -0.034127 0.675779 -0.736314 21.400000 0.034351 0.737101 0.674909 0.000000 0.000000 0.000000 0.000000 1.000000
0.998792 -0.002770 -0.049063 -0.000000 -0.034661 0.668021 -0.743335 21.400000 0.034834 0.744137 0.667118 0.000000 0.000000 0.000000 0.000000 1.000000
0.998747 -0.003424 -0.049930 0.000000 -0.035342 0.658134 -0.752071 21.400000 0.035435 0.752893 0.657189 -0.000000 0.000000 0.000000 0.000000 1.000000
0.998675 -0.004460 -0.051259 0.000000 -0.036414 0.642563 -0.765367 21.400000 0.036351 0.766220 0.641550 0.000000 0.000000 0.000000 0.000000 1.000000
0.998581 -0.005838 -0.052940 0.000000 -0.037823 0.622089 -0.782033 21.400000 0.037499 0.782925 0.620985 0.000000 0.000000 0.000000 0.000000 1.000000
0.998493 -0.007113 -0.054420 -0.000000 -0.039116 0.603310 -0.796547 21.400000 0.038498 0.797475 0.602123 -0.000000 0.000000 0.000000 0.000000 1.000000
0.995613 -0.008269 -0.093201 0.000000 -0.069954 0.595719 -0.800141 21.400000 0.062138 0.803150 0.592527 0.000000 0.000000 0.000000 0.000000 1.000000
0.987546 -0.014713 -0.156639 0.000000 -0.116374 0.601688 -0.790208 21.400000 0.105874 0.798596 0.592483 0.000000 0.000000 0.000000 0.000000 1.000000
0.982046 -0.010930 -0.188326 0.000000 -0.130567 0.681171 -0.720387 21.400000 0.136156 0.732043 0.667514 0.000000 0.000000 0.000000 0.000000 1.000000
0.997181 0.000549 -0.075034 0.000000 -0.052006 0.725901 -0.685831 21.400000 0.054090 0.687799 0.723883 0.000000 0.000000 0.000000 0.000000 1.000000
0.999102 0.001727 -0.042341 0.000000 -0.029850 0.737893 -0.674258 21.400000 0.030079 0.674916 0.737282 0.000000 0.000000 0.000000 0.000000 1.000000
0.999421 0.004601 0.033715 0.000000 0.020688 0.704504 -0.709398 21.400000 -0.027016 0.709685 0.704001 0.000000 0.000000 0.000000 0.000000 1.000000
0.995119 0.012956 0.097824 -0.000000 0.067725 0.631328 -0.772553 21.400000 -0.071768 0.775407 0.627370 0.000000 0.000000 0.000000 0.000000 1.000000
0.999495 -0.000013 0.031789 0.000000 0.024846 0.624124 -0.780930 21.400000 -0.019831 0.781325 0.623809 0.000000 0.000000 0.000000 0.000000 1.000000
0.999584 -0.002647 -0.028719 0.000000 -0.019687 0.665076 -0.746517 21.400000 0.021077 0.746771 0.664747 0.000000 0.000000 0.000000 0.000000 1.000000
0.998925 -0.000842 -0.046355 0.000000 -0.032628 0.697554 -0.715789 21.400000 0.032938 0.716532 0.696776 0.000000 0.000000 0.000000 0.000000 1.000000
0.999022 0.000564 -0.044222 0.000000 -0.031118 0.719475 -0.693821 21.400000 0.031425 0.694518 0.718789 0.000000 0.000000 0.000000 0.000000 1.000000
0.999083 0.001459 -0.042785 0.000000 -0.030144 0.733622 -0.678889 21.400000 0.030397 0.679557 0.732993 -0.000000 0.000000 0.000000 0.000000 1.000000
0.999098 0.001673 -0.042432 -0.000000 -0.029910 0.737021 -0.675208 21.400000 0.030144 0.675868 0.736406 0.000000 0.000000 0.000000 0.000000 1.000000
0.999117 0.001943 -0.041979 0.000000 -0.029613 0.741337 -0.670479 21.400000 0.029818 0.671130 0.740740 0.000000 0.000000 0.000000 0.000000 1.000000
0.999149 0.002420 -0.041165 0.000000 -0.029086 0.748988 -0.661944 21.400000 0.029231 0.662579 0.748422 0.000000 0.000000 0.000000 0.000000 1.000000
0.999101 0.001719 -0.042352 0.000000 -0.029857 0.737761 -0.674402 21.400000 0.030087 0.675060 0.737149 -0.000000 0.000000 0.000000 0.000000 1.000000
0.998832 0.000652 -0.048320 0.000000 -0.033796 0.724122 -0.688843 21.400000 0.034540 0.689671 0.723298 0.000000 0.000000 0.000000 0.000000 1.000000
0.998237 0.000921 -0.059352 0.000000 -0.040986 0.733960 -0.677955 21.400000 0.042938 0.679193 0.732703 0.000000 0.000000 0.000000 0.000000 1.000000
0.998892 0.002739 -0.046986 0.000000 -0.032910 0.754335 -0.655665 21.400000 0.033647 0.656484 0.753589 -0.000000 0.000000 0.000000 0.000000 1.000000
0.999183 0.002911 -0.040303 0.000000 -0.028539 0.756930 -0.652872 21.400000 0.028606 0.653489 0.756395 0.000000 0.000000 0.000000 0.000000 1.000000
0.999181 0.002872 -0.040372 -0.000000 -0.028582 0.756302 -0.653598 21.400000 0.028656 0.654216 0.755764 0.000000 0.000000 0.000000 0.000000 1.000000
0.999161 0.002589 -0.040871 0.000000 -0.028898 0.751714 -0.658856 21.400000 0.029018 0.659484 0.751158 0.000000 0.000000 0.000000 0.000000 1.000000
0.999136 0.002224 -0.041502 0.000000 -0.029303 0.745844 -0.665476 21.400000 0.029474 0.666117 0.745264 0.000000 0.000000 0.000000 0.000000 1.000000
0.999755 0.001691 -0.022059 -0.000000 -0.016266 0.732014 -0.681095 21.400000 0.014996 0.681287 0.731863 0.000000 0.000000 0.000000 0.000000 1.000000
0.999845 0.001805 -0.017499 0.000000 -0.013256 0.731269 -0.681961 21.400000 0.011565 0.682087 0.731179 0.000000 0.000000 0.000000 0.000000 1.000000
0.999161 0.002515 -0.040866 -0.000000 -0.028891 0.750532 -0.660202 21.400000 0.029011 0.660829 0.749976 -0.000000 0.000000 0.000000 0.000000 1.000000
0.999172 0.002746 -0.040595 0.000000 -0.028723 0.754257 -0.655951 21.400000 0.028818 0.656574 0.753711 0.000000 0.000000 0.000000 0.000000 1.000000
0.999166 0.002660 -0.040747 0.000000 -0.028819 0.752865 -0.657544 21.400000 0.028928 0.658170 0.752314 0.000000 0.000000 0.000000 0.000000 1.000000
0.999165 0.002649 -0.040765 -0.000000 -0.028831 0.752691 -0.657743 21.400000 0.028941 0.658369 0.752139 0.000000 0.000000 0.000000 0.000000 1.000000</float_array>
        <technique_common>
          <accessor source="#mixamorig_LeftToeBase-Matrix-animation-output-transform-array" count="53" stride="16">
            <param type="float4x4"/>
          </accessor>
        </technique_common>
      </source>
      <source id="mixamorig_LeftToeBase-Interpolations">
        <Name_array id="mixamorig_LeftToeBase-Interpolations-array" count="53">
 LINEAR LINEAR LINEAR LINEAR LINEAR LINEAR LINEAR LINEAR LINEAR LINEAR LINEAR
LINEAR LINEAR LINEAR LINEAR LINEAR LINEAR LINEAR LINEAR LINEAR LINEAR LINEAR LINEAR
LINEAR LINEAR LINEAR LINEAR LINEAR LINEAR LINEAR LINEAR LINEAR LINEAR LINEAR LINEAR
LINEAR LINEAR LINEAR LINEAR LINEAR LINEAR LINEAR LINEAR LINEAR LINEAR LINEAR LINEAR
LINEAR LINEAR LINEAR LINEAR LINEAR LINEAR</Name_array>
        <technique_common>
          <accessor source="#mixamorig_LeftToeBase-Interpolations-array" count="53">
            <param type="name"/>
          </accessor>
        </technique_common>
      </source>
      <sampler id="mixamorig_LeftToeBase-Matrix-animation-transform">
        <input semantic="INPUT" source="#mixamorig_LeftToeBase-Matrix-animation-input"/>
        <input semantic="OUTPUT" source="#mixamorig_LeftToeBase-Matrix-animation-output-transform"/>
        <input semantic="INTERPOLATION" source="#mixamorig_LeftToeBase-Interpolations"/>
      </sampler>
      <channel source="#mixamorig_LeftToeBase-Matrix-animation-transform" target="mixamorig_LeftToeBase/matrix"/>
    </animation>
    <animation id="mixamorig_RightUpLeg-anim" name="mixamorig_RightUpLeg">
      <source id="mixamorig_RightUpLeg-Matrix-animation-input">
        <float_array id="mixamorig_RightUpLeg-Matrix-animation-input-array" count="53">

0.000000 0.033333 0.066667 0.100000 0.133333 0.166667 0.200000 0.233333 0.266667 0.300000 0.333333 0.366667 0.400000 0.433333 0.466667 0.500000
0.533333 0.566667 0.600000 0.633333 0.666667 0.700000 0.733333 0.766667 0.800000 0.833333 0.866667 0.900000 0.933333 0.966667 1.000000 1.033333
1.066667 1.100000 1.133333 1.166667 1.200000 1.233333 1.266667 1.300000 1.333333 1.366667 1.400000 1.433333 1.466667 1.500000 1.533333 1.566667
1.600000 1.633333 1.666667 1.700000 1.733333</float_array>
        <technique_common>
          <accessor source="#mixamorig_RightUpLeg-Matrix-animation-input-array" count="53">
            <param name="TIME" type="float"/>
          </accessor>
        </technique_common>
      </source>
      <source id="mixamorig_RightUpLeg-Matrix-animation-output-transform">
        <float_array id="mixamorig_RightUpLeg-Matrix-animation-output-transform-array" count="848">

-0.915984 -0.326287 -0.233472 -9.418100 0.295102 -0.942156 0.158925 -4.875100 -0.271822 0.076674 0.959288 1.897700 0.000000 0.000000 0.000000 1.000000
-0.903421 -0.344221 -0.255622 -9.418100 0.313581 -0.937059 0.153584 -4.875100 -0.292399 0.058592 0.954500 1.897700 0.000000 0.000000 0.000000 1.000000
-0.884648 -0.371097 -0.282286 -9.418100 0.342255 -0.927981 0.147355 -4.875100 -0.316638 0.033743 0.947946 1.897700 0.000000 0.000000 0.000000 1.000000
-0.860413 -0.406390 -0.307468 -9.418100 0.381485 -0.913694 0.140115 -4.875100 -0.337873 0.003262 0.941186 1.897700 0.000000 0.000000 0.000000 1.000000
-0.832941 -0.446646 -0.326675 -9.418100 0.425848 -0.894362 0.137007 -4.875100 -0.353360 -0.024995 0.935154 1.897700 0.000000 0.000000 0.000000 1.000000
-0.805307 -0.496737 -0.323623 -9.418100 0.470686 -0.867593 0.160430 -4.875100 -0.360465 -0.023130 0.932486 1.897700 0.000000 0.000000 0.000000 1.000000
-0.784525 -0.544875 -0.296028 -9.418100 0.503941 -0.838405 0.207655 -4.875100 -0.361337 0.013730 0.932334 1.897700 0.000000 0.000000 0.000000 1.000000
-0.777507 -0.577447 -0.249075 -9.418100 0.518413 -0.812728 0.265935 -4.875100 -0.355993 0.077643 0.931257 1.897700 0.000000 0.000000 0.000000 1.000000
-0.787811 -0.589821 -0.177385 -9.418100 0.515939 -0.789266 0.332966 -4.875100 -0.336394 0.170794 0.926104 1.897700 0.000000 0.000000 0.000000 1.000000
-0.809415 -0.578535 -0.100719 -9.418100 0.502104 -0.770761 0.392197 -4.875100 -0.304530 0.266879 0.914351 1.897700 0.000000 0.000000 0.000000 1.000000
-0.826164 -0.561292 -0.049030 -9.418100 0.488676 -0.757147 0.433502 -4.875100 -0.280444 0.334184 0.899818 1.897700 0.000000 0.000000 0.000000 1.000000
-0.828159 -0.559360 -0.035615 -9.418100 0.484242 -0.746046 0.457083 -4.875100 -0.282244 0.361292 0.888711 1.897700 0.000000 0.000000 0.000000 1.000000
-0.820023 -0.570832 -0.041394 -9.418100 0.488122 -0.735301 0.470180 -4.875100 -0.298831 0.365353 0.881599 1.897700 0.000000 0.000000 0.000000 1.000000
-0.815301 -0.577187 -0.046262 -9.418100 0.492226 -0.732928 0.469606 -4.875100 -0.304957 0.360099 0.881663 1.897700 0.000000 0.000000 0.000000 1.000000
-0.821631 -0.568064 -0.047177 -9.418100 0.488512 -0.744377 0.455257 -4.875100 -0.293733 0.351007 0.889109 1.897700 0.000000 0.000000 0.000000 1.000000
-0.830131 -0.554152 -0.061631 -9.418100 0.480880 -0.767511 0.423888 -4.875100 -0.282201 0.322245 0.903615 1.897700 0.000000 0.000000 0.000000 1.000000
-0.830777 -0.550955 -0.079107 -9.418100 0.480628 -0.781774 0.397275 -4.875100 -0.280724 0.292026 0.914284 1.897700 0.000000 0.000000 0.000000 1.000000
-0.827455 -0.553376 -0.095356 -9.418100 0.481289 -0.786391 0.387233 -4.875100 -0.289273 0.274524 0.917037 1.897700 0.000000 0.000000 0.000000 1.000000
-0.822834 -0.557801 -0.108642 -9.418100 0.481208 -0.785601 0.388933 -4.875100 -0.302297 0.267748 0.914838 1.897700 0.000000 0.000000 0.000000 1.000000
-0.813928 -0.570576 -0.109384 -9.418100 0.490452 -0.775753 0.397070 -4.875100 -0.311413 0.269539 0.911247 1.897700 0.000000 0.000000 0.000000 1.000000
-0.808644 -0.578533 -0.106743 -9.418100 0.497927 -0.769696 0.399546 -4.875100 -0.313310 0.269941 0.910477 1.897700 0.000000 0.000000 0.000000 1.000000
-0.807955 -0.579373 -0.107401 -9.418100 0.501923 -0.772177 0.389636 -4.875100 -0.308677 0.260901 0.914685 1.897700 0.000000 0.000000 0.000000 1.000000
-0.809991 -0.574702 -0.116759 -9.418100 0.502119 -0.782497 0.368205 -4.875100 -0.302971 0.239616 0.922384 1.897700 0.000000 0.000000 0.000000 1.000000
-0.813717 -0.565171 -0.135818 -9.418100 0.496735 -0.797482 0.342457 -4.875100 -0.301860 0.211197 0.929665 1.897700 0.000000 0.000000 0.000000 1.000000
-0.819913 -0.549227 -0.161534 -9.418100 0.483444 -0.815381 0.318490 -4.875100 -0.306635 0.183042 0.934061 1.897700 0.000000 0.000000 0.000000 1.000000
-0.827265 -0.530004 -0.186355 -9.418100 0.466805 -0.833023 0.296927 -4.875100 -0.312610 0.158646 0.936540 1.897700 0.000000 0.000000 0.000000 1.000000
-0.832895 -0.515785 -0.200628 -9.418100 0.456950 -0.845432 0.276478 -4.875100 -0.312220 0.138601 0.939845 1.897700 0.000000 0.000000 0.000000 1.000000
-0.844490 -0.494879 -0.204773 -9.418100 0.438922 -0.858600 0.264866 -4.875100 -0.306895 0.133798 0.942292 1.897700 0.000000 0.000000 0.000000 1.000000
-0.857860 -0.474315 -0.197741 -9.418100 0.417699 -0.867748 0.269336 -4.875100 -0.299340 0.148456 0.942527 1.897700 0.000000 0.000000 0.000000 1.000000
-0.869769 -0.458897 -0.181425 -9.418100 0.397028 -0.869118 0.294961 -4.875100 -0.293037 0.184518 0.938127 1.897700 0.000000 0.000000 0.000000 1.000000
-0.879154 -0.447696 -0.163266 -9.418100 0.377556 -0.863430 0.334574 -4.875100 -0.290756 0.232500 0.928119 1.897700 0.000000 0.000000 0.000000 1.000000
-0.884381 -0.440932 -0.153131 -9.418100 0.362663 -0.855639 0.369267 -4.875100 -0.293846 0.271038 0.916620 1.897700 0.000000 0.000000 0.000000 1.000000
-0.885527 -0.438135 -0.154532 -9.418100 0.354944 -0.852632 0.383451 -4.875100 -0.299761 0.284706 0.910541 1.897700 0.000000 0.000000 0.000000 1.000000
-0.886070 -0.435675 -0.158326 -9.418100 0.354629 -0.857061 0.373744 -4.875100 -0.298526 0.275016 0.913919 1.897700 0.000000 0.000000 0.000000 1.000000
-0.891443 -0.423378 -0.161492 -9.418100 0.353107 -0.872402 0.337980 -4.875100 -0.283979 0.244267 0.927195 1.897700 0.000000 0.000000 0.000000 1.000000
-0.899317 -0.403846 -0.167744 -9.418100 0.348723 -0.893752 0.282133 -4.875100 -0.263860 0.195231 0.944597 1.897700 0.000000 0.000000 0.000000 1.000000
-0.903035 -0.389103 -0.182007 -9.418100 0.347006 -0.910511 0.224847 -4.875100 -0.253208 0.139888 0.957245 1.897700 0.000000 0.000000 0.000000 1.000000
-0.901339 -0.380360 -0.207157 -9.418100 0.345424 -0.919836 0.185967 -4.875100 -0.261285 0.096062 0.960470 1.897700 0.000000 0.000000 0.000000 1.000000
-0.894250 -0.387745 -0.223541 -9.418100 0.353105 -0.918112 0.179964 -4.875100 -0.275016 0.082000 0.957937 1.897700 0.000000 0.000000 0.000000 1.000000
-0.888652 -0.397658 -0.228398 -9.418100 0.360451 -0.913596 0.188193 -4.875100 -0.283500 0.084911 0.955206 1.897700 0.000000 0.000000 0.000000 1.000000
-0.889327 -0.397195 -0.226568 -9.418100 0.356318 -0.912481 0.201038 -4.875100 -0.286591 0.098059 0.953022 1.897700 0.000000 0.000000 0.000000 1.000000
-0.893596 -0.389739 -0.222688 -9.418100 0.346485 -0.914294 0.209796 -4.875100 -0.285368 0.110315 0.952048 1.897700 0.000000 0.000000 0.000000 1.000000
-0.899328 -0.377683 -0.220372 -9.418100 0.335465 -0.919182 0.206318 -4.875100 -0.280485 0.111621 0.953346 1.897700 0.000000 0.000000 0.000000 1.000000
-0.906544 -0.361045 -0.218687 -9.418100 0.321579 -0.926321 0.196253 -4.875100 -0.273430 0.107587 0.955856 1.897700 0.000000 0.000000 0.000000 1.000000
-0.914080 -0.343018 -0.216325 -9.418100 0.305990 -0.933453 0.187180 -4.875100 -0.266136 0.104904 0.958210 1.897700 0.000000 0.000000 0.000000 1.000000
-0.919676 -0.328985 -0.214392 -9.418100 0.292887 -0.938367 0.183532 -4.875100 -0.261558 0.105998 0.959350 1.897700 0.000000 0.000000 0.000000 1.000000
-0.921908 -0.322414 -0.214790 -9.418100 0.285494 -0.940179 0.185892 -4.875100 -0.261875 0.110054 0.958806 1.897700 0.000000 0.000000 0.000000 1.000000
-0.921010 -0.322809 -0.218025 -9.418100 0.283710 -0.939408 0.192410 -4.875100 -0.266926 0.115356 0.956788 1.897700 0.000000 0.000000 0.000000 1.000000
-0.918508 -0.326340 -0.223263 -9.418100 0.285161 -0.937867 0.197707 -4.875100 -0.273910 0.117930 0.954498 1.897700 0.000000 0.000000 0.000000 1.000000
-0.916258 -0.328594 -0.229123 -9.418100 0.287190 -0.937576 0.196145 -4.875100 -0.279272 0.113918 0.953431 1.897700 0.000000 0.000000 0.000000 1.000000
-0.915224 -0.328172 -0.233811 -9.418100 0.289062 -0.938981 0.186436 -4.875100 -0.280727 0.103045 0.954240 1.897700 0.000000 0.000000 0.000000 1.000000
-0.915521 -0.326204 -0.235397 -9.418100 0.290801 -0.941010 0.173016 -4.875100 -0.277950 0.089946 0.956375 1.897700 0.000000 0.000000 0.000000 1.000000
-0.915984 -0.326287 -0.233472 -9.418100 0.295102 -0.942156 0.158925 -4.875100 -0.271822 0.076675 0.959288 1.897700 0.000000 0.000000 0.000000 1.000000</float_array>
        <technique_common>
          <accessor source="#mixamorig_RightUpLeg-Matrix-animation-output-transform-array" count="53" stride="16">
            <param type="float4x4"/>
          </accessor>
        </technique_common>
      </source>
      <source id="mixamorig_RightUpLeg-Interpolations">
        <Name_array id="mixamorig_RightUpLeg-Interpolations-array" count="53">
 LINEAR LINEAR LINEAR LINEAR LINEAR LINEAR LINEAR LINEAR LINEAR LINEAR LINEAR
LINEAR LINEAR LINEAR LINEAR LINEAR LINEAR LINEAR LINEAR LINEAR LINEAR LINEAR LINEAR
LINEAR LINEAR LINEAR LINEAR LINEAR LINEAR LINEAR LINEAR LINEAR LINEAR LINEAR LINEAR
LINEAR LINEAR LINEAR LINEAR LINEAR LINEAR LINEAR LINEAR LINEAR LINEAR LINEAR LINEAR
LINEAR LINEAR LINEAR LINEAR LINEAR LINEAR</Name_array>
        <technique_common>
          <accessor source="#mixamorig_RightUpLeg-Interpolations-array" count="53">
            <param type="name"/>
          </accessor>
        </technique_common>
      </source>
      <sampler id="mixamorig_RightUpLeg-Matrix-animation-transform">
        <input semantic="INPUT" source="#mixamorig_RightUpLeg-Matrix-animation-input"/>
        <input semantic="OUTPUT" source="#mixamorig_RightUpLeg-Matrix-animation-output-transform"/>
        <input semantic="INTERPOLATION" source="#mixamorig_RightUpLeg-Interpolations"/>
      </sampler>
      <channel source="#mixamorig_RightUpLeg-Matrix-animation-transform" target="mixamorig_RightUpLeg/matrix"/>
    </animation>
    <animation id="mixamorig_RightLeg-anim" name="mixamorig_RightLeg">
      <source id="mixamorig_RightLeg-Matrix-animation-input">
        <float_array id="mixamorig_RightLeg-Matrix-animation-input-array" count="53">

0.000000 0.033333 0.066667 0.100000 0.133333 0.166667 0.200000 0.233333 0.266667 0.300000 0.333333 0.366667 0.400000 0.433333 0.466667 0.500000
0.533333 0.566667 0.600000 0.633333 0.666667 0.700000 0.733333 0.766667 0.800000 0.833333 0.866667 0.900000 0.933333 0.966667 1.000000 1.033333
1.066667 1.100000 1.133333 1.166667 1.200000 1.233333 1.266667 1.300000 1.333333 1.366667 1.400000 1.433333 1.466667 1.500000 1.533333 1.566667
1.600000 1.633333 1.666667 1.700000 1.733333</float_array>
        <technique_common>
          <accessor source="#mixamorig_RightLeg-Matrix-animation-input-array" count="53">
            <param name="TIME" type="float"/>
          </accessor>
        </technique_common>
      </source>
      <source id="mixamorig_RightLeg-Matrix-animation-output-transform">
        <float_array id="mixamorig_RightLeg-Matrix-animation-output-transform-array" count="848">

0.991721 0.007174 0.128214 0.000000 -0.108414 0.581882 0.806014 48.478100 -0.068823 -0.813241 0.577843 0.000000 0.000000 0.000000 0.000000 1.000000
0.994548 0.013076 0.103455 -0.000000 -0.092175 0.574150 0.813545 48.478100 -0.048761 -0.818646 0.572225 -0.000000 0.000000 0.000000 0.000000 1.000000
0.997860 0.026688 0.059691 0.000000 -0.064276 0.567821 0.820639 48.478100 -0.011993 -0.822719 0.568321 0.000000 0.000000 0.000000 0.000000 1.000000
0.998733 0.050172 -0.003828 0.000000 -0.025471 0.569701 0.821457 48.478100 0.043395 -0.820319 0.570257 0.000000 0.000000 0.000000 0.000000 1.000000
0.992301 0.087317 -0.087828 -0.000000 0.020298 0.584914 0.810841 48.478100 0.122172 -0.806382 0.578639 -0.000000 0.000000 0.000000 0.000000 1.000000
0.982660 0.130954 -0.131264 -0.000000 0.023284 0.615186 0.788038 48.478100 0.183949 -0.777430 0.601469 -0.000000 0.000000 0.000000 0.000000 1.000000
0.972447 0.174633 -0.154434 -0.000000 0.002194 0.655572 0.755130 48.478100 0.233113 -0.734662 0.637126 0.000000 0.000000 0.000000 0.000000 1.000000
0.970899 0.191461 -0.143870 0.000000 -0.029537 0.691875 0.721413 48.478100 0.237662 -0.696169 0.677396 0.000000 0.000000 0.000000 0.000000 1.000000
0.971743 0.186750 -0.144360 -0.000000 -0.031408 0.708451 0.705061 48.478100 0.233942 -0.680604 0.694297 0.000000 0.000000 0.000000 0.000000 1.000000
0.973436 0.184166 -0.136038 0.000000 -0.031080 0.694937 0.718399 48.478100 0.226842 -0.695087 0.682200 -0.000000 0.000000 0.000000 0.000000 1.000000
0.974448 0.183985 -0.128844 0.000000 -0.029242 0.672656 0.739378 48.478100 0.222702 -0.716718 0.660848 0.000000 0.000000 0.000000 0.000000 1.000000
0.974583 0.184686 -0.126806 -0.000000 -0.028236 0.662776 0.748285 48.478100 0.222242 -0.725685 0.651144 0.000000 0.000000 0.000000 0.000000 1.000000
0.974472 0.184899 -0.127345 0.000000 -0.029437 0.667546 0.743987 48.478100 0.222571 -0.721245 0.655948 0.000000 0.000000 0.000000 0.000000 1.000000
0.974079 0.184937 -0.130262 0.000000 -0.031850 0.682243 0.730432 48.478100 0.223954 -0.707350 0.670449 0.000000 0.000000 0.000000 0.000000 1.000000
0.977218 0.189002 -0.096555 0.000000 -0.062008 0.689341 0.721778 48.478100 0.202977 -0.699347 0.685356 -0.000000 0.000000 0.000000 0.000000 1.000000
0.982753 0.182653 0.028873 -0.000000 -0.151636 0.706614 0.691161 48.478100 0.105840 -0.683619 0.722124 0.000000 0.000000 0.000000 0.000000 1.000000
0.982600 0.178423 0.051596 -0.000000 -0.167899 0.734509 0.657500 48.478100 0.079416 -0.654722 0.751686 0.000000 0.000000 0.000000 0.000000 1.000000
0.982899 0.182482 0.024692 0.000000 -0.155401 0.750044 0.642872 48.478100 0.098793 -0.635715 0.765576 0.000000 0.000000 0.000000 0.000000 1.000000
0.982158 0.187823 -0.009414 0.000000 -0.137216 0.749959 0.647096 48.478100 0.128599 -0.634259 0.762350 0.000000 0.000000 0.000000 0.000000 1.000000
0.977701 0.191388 -0.086438 -0.000000 -0.085316 0.738102 0.669274 48.478100 0.191891 -0.646975 0.737971 -0.000000 0.000000 0.000000 0.000000 1.000000
0.974932 0.190887 -0.114326 0.000000 -0.059402 0.718458 0.693029 48.478100 0.214429 -0.668865 0.711786 -0.000000 0.000000 0.000000 0.000000 1.000000
0.975125 0.189645 -0.114743 0.000000 -0.053338 0.703215 0.708974 48.478100 0.215142 -0.685218 0.695838 0.000000 0.000000 0.000000 0.000000 1.000000
0.976099 0.188716 -0.107782 -0.000000 -0.056644 0.699723 0.712165 48.478100 0.209814 -0.689038 0.693689 0.000000 0.000000 0.000000 0.000000 1.000000
0.980360 0.185476 -0.067036 -0.000000 -0.084297 0.701378 0.707788 48.478100 0.178295 -0.688235 0.703237 0.000000 0.000000 0.000000 0.000000 1.000000
0.982524 0.182725 -0.035484 0.000000 -0.106524 0.708301 0.697827 48.478100 0.152644 -0.681851 0.715387 0.000000 0.000000 0.000000 0.000000 1.000000
0.984625 0.174535 -0.007142 0.000000 -0.122393 0.718486 0.684688 48.478100 0.124634 -0.673287 0.728801 0.000000 0.000000 0.000000 0.000000 1.000000
0.989226 0.143227 0.030308 -0.000000 -0.126103 0.728461 0.673382 48.478100 0.074369 -0.669948 0.738674 0.000000 0.000000 0.000000 0.000000 1.000000
0.990116 0.119330 0.073687 0.000000 -0.137693 0.727262 0.672407 48.478100 0.026649 -0.675907 0.736505 0.000000 0.000000 0.000000 0.000000 1.000000
0.989069 0.108065 0.100327 -0.000000 -0.147434 0.712701 0.685799 48.478100 0.002608 -0.693094 0.720843 0.000000 0.000000 0.000000 0.000000 1.000000
0.990055 0.104616 0.094056 0.000000 -0.140293 0.684654 0.715239 48.478100 0.010429 -0.721321 0.692522 0.000000 0.000000 0.000000 0.000000 1.000000
0.993786 0.101484 0.045729 0.000000 -0.100681 0.644312 0.758106 48.478100 0.047472 -0.757999 0.650526 0.000000 0.000000 0.000000 0.000000 1.000000
0.994126 0.095957 -0.050061 0.000000 -0.018154 0.603822 0.796913 48.478100 0.106697 -0.791323 0.602017 0.000000 0.000000 0.000000 0.000000 1.000000
0.985971 0.089320 -0.141010 -0.000000 0.064761 0.573911 0.816353 48.478100 0.153843 -0.814032 0.560075 0.000000 0.000000 0.000000 0.000000 1.000000
0.986452 0.086327 -0.139496 0.000000 0.067997 0.558691 0.826584 48.478100 0.149292 -0.824871 0.545252 0.000000 0.000000 0.000000 0.000000 1.000000
0.986182 0.099477 -0.132473 0.000000 0.054071 0.562575 0.824976 48.478100 0.156593 -0.820739 0.549423 0.000000 0.000000 0.000000 0.000000 1.000000
0.990160 0.113261 -0.082187 0.000000 0.000015 0.587222 0.809426 48.478100 0.139938 -0.801462 0.581442 -0.000000 0.000000 0.000000 0.000000 1.000000
0.993908 0.108851 0.017271 -0.000000 -0.081232 0.617600 0.782286 48.478100 0.074486 -0.778924 0.622680 0.000000 0.000000 0.000000 0.000000 1.000000
0.994143 0.088595 0.061891 0.000000 -0.104261 0.635481 0.765045 48.478100 0.028449 -0.767017 0.640996 0.000000 0.000000 0.000000 0.000000 1.000000
0.996742 0.063266 0.050029 0.000000 -0.078613 0.623240 0.778070 48.478100 0.018045 -0.779468 0.626183 0.000000 0.000000 0.000000 0.000000 1.000000
0.998659 0.042258 0.029903 0.000000 -0.049406 0.605525 0.794291 48.478100 0.015458 -0.794703 0.606801 0.000000 0.000000 0.000000 0.000000 1.000000
0.998854 0.029948 0.037335 0.000000 -0.047824 0.593196 0.803637 48.478100 0.001920 -0.804501 0.593948 0.000000 0.000000 0.000000 0.000000 1.000000
0.997679 0.021641 0.064556 0.000000 -0.064872 0.590038 0.804765 48.478100 -0.020674 -0.807085 0.590073 0.000000 0.000000 0.000000 0.000000 1.000000
0.994978 0.014931 0.098976 0.000000 -0.088181 0.598636 0.796152 48.478100 -0.047364 -0.800882 0.596946 0.000000 0.000000 0.000000 0.000000 1.000000
0.991475 0.010367 0.129887 0.000000 -0.109026 0.611883 0.783398 48.478100 -0.071354 -0.790881 0.607796 0.000000 0.000000 0.000000 0.000000 1.000000
0.988734 0.007695 0.149485 0.000000 -0.121532 0.624258 0.771707 48.478100 -0.087378 -0.781181 0.618160 -0.000000 0.000000 0.000000 0.000000 1.000000
0.988209 0.005089 0.153030 0.000000 -0.121792 0.631832 0.765477 48.478100 -0.092794 -0.775088 0.625002 0.000000 0.000000 0.000000 0.000000 1.000000
0.989945 0.001044 0.141451 0.000000 -0.110202 0.632625 0.766578 48.478100 -0.088685 -0.774458 0.626379 0.000000 0.000000 0.000000 0.000000 1.000000
0.992861 -0.003750 0.119214 0.000000 -0.090569 0.626665 0.774008 48.478100 -0.077610 -0.779280 0.621852 -0.000000 0.000000 0.000000 0.000000 1.000000
0.995120 -0.007046 0.098416 -0.000000 -0.073184 0.616281 0.784118 48.478100 -0.066176 -0.787495 0.612758 0.000000 0.000000 0.000000 0.000000 1.000000
0.995790 -0.006621 0.091421 0.000000 -0.068809 0.604936 0.793295 48.478100 -0.060556 -0.796246 0.601934 0.000000 0.000000 0.000000 0.000000 1.000000
0.995069 -0.002596 0.099154 0.000000 -0.078104 0.595687 0.799410 48.478100 -0.061140 -0.803213 0.592547 0.000000 0.000000 0.000000 0.000000 1.000000
0.993453 0.002900 0.114204 0.000000 -0.094049 0.588252 0.803190 48.478100 -0.064852 -0.808673 0.584673 0.000000 0.000000 0.000000 0.000000 1.000000
0.991721 0.007174 0.128214 0.000000 -0.108414 0.581882 0.806015 48.478100 -0.068823 -0.813242 0.577842 -0.000000 0.000000 0.000000 0.000000 1.000000</float_array>
        <technique_common>
          <accessor source="#mixamorig_RightLeg-Matrix-animation-output-transform-array" count="53" stride="16">
            <param type="float4x4"/>
          </accessor>
        </technique_common>
      </source>
      <source id="mixamorig_RightLeg-Interpolations">
        <Name_array id="mixamorig_RightLeg-Interpolations-array" count="53">
 LINEAR LINEAR LINEAR LINEAR LINEAR LINEAR LINEAR LINEAR LINEAR LINEAR LINEAR
LINEAR LINEAR LINEAR LINEAR LINEAR LINEAR LINEAR LINEAR LINEAR LINEAR LINEAR LINEAR
LINEAR LINEAR LINEAR LINEAR LINEAR LINEAR LINEAR LINEAR LINEAR LINEAR LINEAR LINEAR
LINEAR LINEAR LINEAR LINEAR LINEAR LINEAR LINEAR LINEAR LINEAR LINEAR LINEAR LINEAR
LINEAR LINEAR LINEAR LINEAR LINEAR LINEAR</Name_array>
        <technique_common>
          <accessor source="#mixamorig_RightLeg-Interpolations-array" count="53">
            <param type="name"/>
          </accessor>
        </technique_common>
      </source>
      <sampler id="mixamorig_RightLeg-Matrix-animation-transform">
        <input semantic="INPUT" source="#mixamorig_RightLeg-Matrix-animation-input"/>
        <input semantic="OUTPUT" source="#mixamorig_RightLeg-Matrix-animation-output-transform"/>
        <input semantic="INTERPOLATION" source="#mixamorig_RightLeg-Interpolations"/>
      </sampler>
      <channel source="#mixamorig_RightLeg-Matrix-animation-transform" target="mixamorig_RightLeg/matrix"/>
    </animation>
    <animation id="mixamorig_RightFoot-anim" name="mixamorig_RightFoot">
      <source id="mixamorig_RightFoot-Matrix-animation-input">
        <float_array id="mixamorig_RightFoot-Matrix-animation-input-array" count="53">

0.000000 0.033333 0.066667 0.100000 0.133333 0.166667 0.200000 0.233333 0.266667 0.300000 0.333333 0.366667 0.400000 0.433333 0.466667 0.500000
0.533333 0.566667 0.600000 0.633333 0.666667 0.700000 0.733333 0.766667 0.800000 0.833333 0.866667 0.900000 0.933333 0.966667 1.000000 1.033333
1.066667 1.100000 1.133333 1.166667 1.200000 1.233333 1.266667 1.300000 1.333333 1.366667 1.400000 1.433333 1.466667 1.500000 1.533333 1.566667
1.600000 1.633333 1.666667 1.700000 1.733333</float_array>
        <technique_common>
          <accessor source="#mixamorig_RightFoot-Matrix-animation-input-array" count="53">
            <param name="TIME" type="float"/>
          </accessor>
        </technique_common>
      </source>
      <source id="mixamorig_RightFoot-Matrix-animation-output-transform">
        <float_array id="mixamorig_RightFoot-Matrix-animation-output-transform-array" count="848">

0.918861 -0.079786 0.386430 0.000000 0.390161 0.037545 -0.919981 51.588001 0.058893 0.996105 0.065628 0.000000 0.000000 0.000000 0.000000 1.000000
0.917209 -0.079694 0.390355 0.000000 0.393573 0.029078 -0.918834 51.588001 0.061875 0.996395 0.058036 0.000000 0.000000 0.000000 0.000000 1.000000
0.916209 -0.077638 0.393109 0.000000 0.395231 0.013543 -0.918482 51.588001 0.065985 0.996890 0.043093 0.000000 0.000000 0.000000 0.000000 1.000000
0.912592 -0.076593 0.401633 -0.000000 0.402767 -0.000691 -0.915302 51.588001 0.070384 0.997062 0.030219 -0.000000 0.000000 0.000000 0.000000 1.000000
0.902124 -0.077819 0.424401 0.000000 0.424744 -0.012918 -0.905221 51.588001 0.075926 0.996884 0.021400 -0.000000 0.000000 0.000000 0.000000 1.000000
0.894647 -0.142395 0.423475 0.000000 0.431597 0.030500 -0.901551 51.588001 0.115460 0.989340 0.088744 -0.000000 0.000000 0.000000 0.000000 1.000000
0.883047 -0.242727 0.401635 0.000000 0.440234 0.132025 -0.888123 51.588001 0.162546 0.961069 0.223442 -0.000000 0.000000 0.000000 0.000000 1.000000
0.887392 -0.333521 0.318276 0.000000 0.411765 0.262918 -0.872539 51.588001 0.207330 0.905338 0.370644 0.000000 0.000000 0.000000 0.000000 1.000000
0.886409 -0.404832 0.224479 0.000000 0.401128 0.429728 -0.808968 51.588001 0.231031 0.807121 0.543304 -0.000000 0.000000 0.000000 0.000000 1.000000
0.883238 -0.432159 0.182013 0.000000 0.409763 0.522568 -0.747674 51.588001 0.228000 0.734956 0.638635 -0.000000 0.000000 0.000000 0.000000 1.000000
0.907855 -0.390343 0.153073 0.000000 0.365415 0.557583 -0.745368 51.588001 0.205598 0.732621 0.648842 0.000000 0.000000 0.000000 0.000000 1.000000
0.935517 -0.325748 0.136733 0.000000 0.304615 0.547750 -0.779217 51.588001 0.178933 0.770622 0.611658 0.000000 0.000000 0.000000 0.000000 1.000000
0.944848 -0.285617 0.160266 0.000000 0.295130 0.530378 -0.794731 51.588001 0.141987 0.798199 0.585421 -0.000000 0.000000 0.000000 0.000000 1.000000
0.948414 -0.230629 0.217533 0.000000 0.310416 0.536066 -0.785032 51.588001 0.064439 0.812061 0.580004 -0.000000 0.000000 0.000000 0.000000 1.000000
0.948072 -0.131260 0.289709 0.000000 0.315386 0.505788 -0.802938 51.588001 -0.041138 0.852613 0.520921 -0.000000 0.000000 0.000000 0.000000 1.000000
0.959503 -0.100392 0.263201 0.000000 0.279152 0.464177 -0.840603 51.588001 -0.037782 0.880035 0.473404 0.000000 0.000000 0.000000 0.000000 1.000000
0.961455 -0.092336 0.258995 0.000000 0.272302 0.450450 -0.850262 51.588001 -0.038155 0.888014 0.458231 -0.000000 0.000000 0.000000 0.000000 1.000000
0.963901 -0.086052 0.251970 -0.000000 0.263409 0.446286 -0.855245 51.588001 -0.038855 0.890743 0.452843 0.000000 0.000000 0.000000 0.000000 1.000000
0.969344 -0.074393 0.234177 -0.000000 0.242840 0.435287 -0.866922 51.588001 -0.037441 0.897213 0.440008 0.000000 0.000000 0.000000 0.000000 1.000000
0.957631 -0.100807 0.269778 0.000000 0.286214 0.437194 -0.852610 51.588001 -0.031997 0.893700 0.447523 -0.000000 0.000000 0.000000 0.000000 1.000000
0.942666 -0.149308 0.298475 0.000000 0.333729 0.427775 -0.840020 51.588001 -0.002259 0.891468 0.453078 0.000000 0.000000 0.000000 0.000000 1.000000
0.921298 -0.183618 0.342773 0.000000 0.388749 0.414204 -0.822988 51.588001 0.009138 0.891471 0.452986 0.000000 0.000000 0.000000 0.000000 1.000000
0.893317 -0.194683 0.405073 0.000000 0.449381 0.400023 -0.798773 51.588001 -0.006531 0.895589 0.444834 0.000000 0.000000 0.000000 0.000000 1.000000
0.881306 -0.201338 0.427507 0.000000 0.472528 0.383380 -0.793560 51.588001 -0.004124 0.901378 0.433013 0.000000 0.000000 0.000000 0.000000 1.000000
0.881372 -0.190385 0.432363 0.000000 0.472367 0.369314 -0.800298 51.588001 -0.007313 0.909594 0.415434 0.000000 0.000000 0.000000 0.000000 1.000000
0.881310 -0.182593 0.435836 -0.000000 0.472385 0.363991 -0.802722 51.588001 -0.012069 0.913329 0.407043 0.000000 0.000000 0.000000 0.000000 1.000000
0.881184 -0.184126 0.435444 -0.000000 0.472611 0.367141 -0.801153 51.588001 -0.012357 0.911759 0.410539 -0.000000 0.000000 0.000000 0.000000 1.000000
0.879785 -0.190878 0.435367 0.000000 0.475224 0.375993 -0.795482 51.588001 -0.011855 0.906749 0.421503 0.000000 0.000000 0.000000 0.000000 1.000000
0.877326 -0.202232 0.435202 -0.000000 0.479650 0.398473 -0.781764 51.588001 -0.015319 0.894607 0.446592 -0.000000 0.000000 0.000000 0.000000 1.000000
0.875885 -0.216821 0.431061 0.000000 0.481785 0.442246 -0.756506 51.588001 -0.026609 0.870291 0.491818 -0.000000 0.000000 0.000000 0.000000 1.000000
0.874582 -0.231149 0.426234 0.000000 0.483341 0.485518 -0.728460 51.588001 -0.038561 0.843115 0.536349 0.000000 0.000000 0.000000 0.000000 1.000000
0.871359 -0.238256 0.428915 0.000000 0.488858 0.496159 -0.717526 51.588001 -0.041855 0.834902 0.548806 -0.000000 0.000000 0.000000 0.000000 1.000000
0.872080 -0.257379 0.416211 0.000000 0.489341 0.466558 -0.736796 51.588001 -0.004551 0.846215 0.532822 -0.000000 0.000000 0.000000 0.000000 1.000000
0.876280 -0.300340 0.376735 -0.000000 0.475493 0.412965 -0.776766 51.588001 0.077715 0.859800 0.504683 -0.000000 0.000000 0.000000 0.000000 1.000000
0.885460 -0.250145 0.391648 -0.000000 0.460578 0.360160 -0.811266 51.588001 0.061878 0.898728 0.434119 -0.000000 0.000000 0.000000 0.000000 1.000000
0.890180 -0.174295 0.420952 0.000000 0.455456 0.316457 -0.832115 51.588001 0.011820 0.932457 0.361088 -0.000000 0.000000 0.000000 0.000000 1.000000
0.884985 -0.165139 0.435351 0.000000 0.464687 0.254086 -0.848237 51.588001 0.029461 0.952979 0.301600 -0.000000 0.000000 0.000000 0.000000 1.000000
0.894075 -0.133559 0.427542 -0.000000 0.445275 0.161492 -0.880710 51.588001 0.048582 0.977795 0.203856 0.000000 0.000000 0.000000 0.000000 1.000000
0.907486 -0.106630 0.406324 0.000000 0.416438 0.101209 -0.903513 51.588001 0.055218 0.989134 0.136250 0.000000 0.000000 0.000000 0.000000 1.000000
0.919292 -0.088245 0.383555 -0.000000 0.390301 0.078965 -0.917295 51.588001 0.050659 0.992964 0.107034 0.000000 0.000000 0.000000 0.000000 1.000000
0.926951 -0.078030 0.366979 -0.000000 0.372125 0.066583 -0.925791 51.588001 0.047805 0.994725 0.090756 0.000000 0.000000 0.000000 0.000000 1.000000
0.930787 -0.073988 0.357997 0.000000 0.362718 0.064997 -0.929629 51.588001 0.045513 0.995139 0.087335 -0.000000 0.000000 0.000000 0.000000 1.000000
0.931580 -0.074597 0.355801 0.000000 0.360892 0.071917 -0.929831 51.588001 0.043775 0.994617 0.093918 0.000000 0.000000 0.000000 0.000000 1.000000
0.931640 -0.076619 0.355213 -0.000000 0.360929 0.081715 -0.929006 51.588001 0.042153 0.993706 0.103783 0.000000 0.000000 0.000000 0.000000 1.000000
0.932530 -0.077797 0.352612 0.000000 0.358830 0.090508 -0.929005 51.588001 0.040360 0.992852 0.112317 -0.000000 0.000000 0.000000 0.000000 1.000000
0.934549 -0.076516 0.347509 0.000000 0.353762 0.094553 -0.930544 51.588001 0.038344 0.992575 0.115433 -0.000000 0.000000 0.000000 0.000000 1.000000
0.937188 -0.072705 0.341164 0.000000 0.346909 0.091903 -0.933385 51.588001 0.036508 0.993110 0.111353 0.000000 0.000000 0.000000 0.000000 1.000000
0.939812 -0.067416 0.334974 0.000000 0.339873 0.083448 -0.936762 51.588001 0.035200 0.994229 0.101338 -0.000000 0.000000 0.000000 0.000000 1.000000
0.940978 -0.063409 0.332476 0.000000 0.336590 0.071959 -0.938898 51.588001 0.035610 0.995390 0.089055 0.000000 0.000000 0.000000 0.000000 1.000000
0.939113 -0.063413 0.337707 0.000000 0.341380 0.060430 -0.937981 51.588001 0.039073 0.996156 0.078398 0.000000 0.000000 0.000000 0.000000 1.000000
0.933862 -0.067360 0.351233 0.000000 0.354828 0.051731 -0.933499 51.588001 0.044711 0.996387 0.072211 0.000000 0.000000 0.000000 0.000000 1.000000
0.926549 -0.073467 0.368929 0.000000 0.372629 0.044930 -0.926892 51.588001 0.051520 0.996285 0.069006 -0.000000 0.000000 0.000000 0.000000 1.000000
0.918861 -0.079786 0.386430 0.000000 0.390161 0.037544 -0.919981 51.588001 0.058894 0.996105 0.065628 -0.000000 0.000000 0.000000 0.000000 1.000000</float_array>
        <technique_common>
          <accessor source="#mixamorig_RightFoot-Matrix-animation-output-transform-array" count="53" stride="16">
            <param type="float4x4"/>
          </accessor>
        </technique_common>
      </source>
      <source id="mixamorig_RightFoot-Interpolations">
        <Name_array id="mixamorig_RightFoot-Interpolations-array" count="53">
 LINEAR LINEAR LINEAR LINEAR LINEAR LINEAR LINEAR LINEAR LINEAR LINEAR LINEAR
LINEAR LINEAR LINEAR LINEAR LINEAR LINEAR LINEAR LINEAR LINEAR LINEAR LINEAR LINEAR
LINEAR LINEAR LINEAR LINEAR LINEAR LINEAR LINEAR LINEAR LINEAR LINEAR LINEAR LINEAR
LINEAR LINEAR LINEAR LINEAR LINEAR LINEAR LINEAR LINEAR LINEAR LINEAR LINEAR LINEAR
LINEAR LINEAR LINEAR LINEAR LINEAR LINEAR</Name_array>
        <technique_common>
          <accessor source="#mixamorig_RightFoot-Interpolations-array" count="53">
            <param type="name"/>
          </accessor>
        </technique_common>
      </source>
      <sampler id="mixamorig_RightFoot-Matrix-animation-transform">
        <input semantic="INPUT" source="#mixamorig_RightFoot-Matrix-animation-input"/>
        <input semantic="OUTPUT" source="#mixamorig_RightFoot-Matrix-animation-output-transform"/>
        <input semantic="INTERPOLATION" source="#mixamorig_RightFoot-Interpolations"/>
      </sampler>
      <channel source="#mixamorig_RightFoot-Matrix-animation-transform" target="mixamorig_RightFoot/matrix"/>
    </animation>
    <animation id="mixamorig_RightToeBase-anim" name="mixamorig_RightToeBase">
      <source id="mixamorig_RightToeBase-Matrix-animation-input">
        <float_array id="mixamorig_RightToeBase-Matrix-animation-input-array" count="53">

0.000000 0.033333 0.066667 0.100000 0.133333 0.166667 0.200000 0.233333 0.266667 0.300000 0.333333 0.366667 0.400000 0.433333 0.466667 0.500000
0.533333 0.566667 0.600000 0.633333 0.666667 0.700000 0.733333 0.766667 0.800000 0.833333 0.866667 0.900000 0.933333 0.966667 1.000000 1.033333
1.066667 1.100000 1.133333 1.166667 1.200000 1.233333 1.266667 1.300000 1.333333 1.366667 1.400000 1.433333 1.466667 1.500000 1.533333 1.566667
1.600000 1.633333 1.666667 1.700000 1.733333</float_array>
        <technique_common>
          <accessor source="#mixamorig_RightToeBase-Matrix-animation-input-array" count="53">
            <param name="TIME" type="float"/>
          </accessor>
        </technique_common>
      </source>
      <source id="mixamorig_RightToeBase-Matrix-animation-output-transform">
        <float_array id="mixamorig_RightToeBase-Matrix-animation-output-transform-array" count="848">

0.999160 -0.002586 0.040888 0.000000 0.028913 0.751584 -0.659004 21.400000 -0.029027 0.659633 0.751027 0.000000 0.000000 0.000000 0.000000 1.000000
0.999158 -0.002553 0.040943 0.000000 0.028948 0.751067 -0.659591 21.400000 -0.029067 0.660221 0.750508 0.000000 0.000000 0.000000 0.000000 1.000000
0.999138 -0.002258 0.041455 0.000000 0.029277 0.746299 -0.664966 21.400000 -0.029436 0.665607 0.745722 -0.000000 0.000000 0.000000 0.000000 1.000000
0.999085 -0.001486 0.042751 0.000000 0.030126 0.733967 -0.678517 21.400000 -0.030370 0.679184 0.733339 0.000000 0.000000 0.000000 0.000000 1.000000
0.999064 -0.001191 0.043232 0.000000 0.030448 0.729289 -0.683528 21.400000 -0.030715 0.684205 0.728643 -0.000000 0.000000 0.000000 0.000000 1.000000
0.998930 0.000764 0.046249 0.000000 0.032555 0.698688 -0.714686 21.400000 -0.032860 0.715427 0.697915 -0.000000 0.000000 0.000000 0.000000 1.000000
0.997432 0.002860 0.071557 0.000000 0.050842 0.675406 -0.735691 21.400000 -0.050434 0.737440 0.673527 -0.000000 0.000000 0.000000 0.000000 1.000000
0.993466 0.007228 0.113895 0.000000 0.084298 0.626257 -0.775046 21.400000 -0.076930 0.779583 0.621556 -0.000000 0.000000 0.000000 0.000000 1.000000
0.986057 0.023642 0.164718 0.000000 0.126092 0.539786 -0.832305 21.400000 -0.108590 0.841470 0.529279 -0.000000 0.000000 0.000000 0.000000 1.000000
0.982396 0.027823 0.184725 0.000000 0.137498 0.561696 -0.815838 21.400000 -0.126459 0.826876 0.547982 -0.000000 0.000000 0.000000 0.000000 1.000000
0.965250 0.023266 0.260289 0.000000 0.178683 0.668058 -0.722337 21.400000 -0.190694 0.743745 0.640686 0.000000 0.000000 0.000000 0.000000 1.000000
0.976724 0.014536 0.214008 0.000000 0.145319 0.689012 -0.710031 21.400000 -0.157775 0.724604 0.670862 0.000000 0.000000 0.000000 0.000000 1.000000
0.979755 0.012491 0.199810 0.000000 0.136339 0.689211 -0.711618 21.400000 -0.146600 0.724453 0.673555 0.000000 0.000000 0.000000 0.000000 1.000000
0.974002 0.017902 0.225831 0.000000 0.156366 0.668193 -0.727370 21.400000 -0.163920 0.743772 0.648023 0.000000 0.000000 0.000000 0.000000 1.000000
0.995441 0.004346 0.095283 0.000000 0.068858 0.658514 -0.749412 21.400000 -0.066002 0.752556 0.655212 -0.000000 0.000000 0.000000 0.000000 1.000000
0.998803 0.002596 0.048836 0.000000 0.034489 0.670597 -0.741020 21.400000 -0.034673 0.741817 0.669705 -0.000000 0.000000 0.000000 0.000000 1.000000
0.998944 0.000562 0.045950 0.000000 0.032339 0.701824 -0.711616 21.400000 -0.032649 0.712351 0.701064 -0.000000 0.000000 0.000000 0.000000 1.000000
0.998956 0.000379 0.045677 0.000000 0.032143 0.704665 -0.708812 21.400000 -0.032456 0.709540 0.703917 -0.000000 0.000000 0.000000 0.000000 1.000000
0.998949 0.000486 0.045837 -0.000000 0.032258 0.702998 -0.710460 21.400000 -0.032569 0.711192 0.702243 -0.000000 0.000000 0.000000 0.000000 1.000000
0.998935 0.000685 0.046134 0.000000 0.032472 0.699898 -0.713505 21.400000 -0.032778 0.714243 0.699130 0.000000 0.000000 0.000000 0.000000 1.000000
0.997820 0.001470 0.065980 -0.000000 0.046739 0.690095 -0.722208 21.400000 -0.046594 0.723717 0.688522 -0.000000 0.000000 0.000000 0.000000 1.000000
0.997748 0.002029 0.067046 0.000000 0.047681 0.681577 -0.730192 21.400000 -0.047179 0.731744 0.679945 -0.000000 0.000000 0.000000 0.000000 1.000000
0.998630 0.002207 0.052280 -0.000000 0.037007 0.676562 -0.735455 21.400000 -0.036993 0.736382 0.675554 0.000000 0.000000 0.000000 0.000000 1.000000
0.998808 0.002531 0.048748 0.000000 0.034421 0.671579 -0.740133 21.400000 -0.034612 0.740929 0.670691 -0.000000 0.000000 0.000000 0.000000 1.000000
0.998803 0.002608 0.048853 0.000000 0.034503 0.670403 -0.741195 21.400000 -0.034685 0.741993 0.669510 -0.000000 0.000000 0.000000 0.000000 1.000000
0.998824 0.002300 0.048434 -0.000000 0.034180 0.675087 -0.736946 21.400000 -0.034392 0.737735 0.674214 0.000000 0.000000 0.000000 0.000000 1.000000
0.998370 0.002131 0.057034 -0.000000 0.040476 0.678082 -0.733871 21.400000 -0.040238 0.734983 0.676890 0.000000 0.000000 0.000000 0.000000 1.000000
0.997452 0.002348 0.071301 0.000000 0.050840 0.677749 -0.733533 21.400000 -0.050046 0.735289 0.675903 0.000000 0.000000 0.000000 0.000000 1.000000
0.995906 0.003840 0.090317 -0.000000 0.064727 0.667155 -0.742101 21.400000 -0.063105 0.744909 0.664175 0.000000 0.000000 0.000000 0.000000 1.000000
0.997235 0.008795 0.073794 -0.000000 0.053372 0.606226 -0.793499 21.400000 -0.051715 0.795243 0.604081 0.000000 0.000000 0.000000 0.000000 1.000000
0.998645 0.009933 0.051081 0.000000 0.037420 0.545055 -0.837565 21.400000 -0.036162 0.838341 0.543945 0.000000 0.000000 0.000000 0.000000 1.000000
0.999982 0.003037 0.005124 0.000000 0.002749 0.527870 -0.849321 21.400000 -0.005284 0.849320 0.527852 -0.000000 0.000000 0.000000 0.000000 1.000000
0.998596 -0.007676 -0.052403 -0.000000 -0.039361 0.554463 -0.831277 21.400000 0.035437 0.832173 0.553383 0.000000 0.000000 0.000000 0.000000 1.000000
0.996977 -0.012655 -0.076655 -0.000000 -0.053690 0.600922 -0.797503 21.400000 0.056157 0.799208 0.598426 0.000000 0.000000 0.000000 0.000000 1.000000
0.999251 -0.007629 -0.037950 -0.000000 -0.024498 0.634426 -0.772596 21.400000 0.029970 0.772946 0.633763 -0.000000 0.000000 0.000000 0.000000 1.000000
0.999714 0.000904 0.023902 0.000000 0.017629 0.647564 -0.761807 21.400000 -0.016167 0.762011 0.647363 0.000000 0.000000 0.000000 0.000000 1.000000
0.999149 0.002039 0.041190 0.000000 0.029327 0.667074 -0.744414 21.400000 -0.028994 0.744989 0.666446 -0.000000 0.000000 0.000000 0.000000 1.000000
0.999045 -0.000833 0.043685 0.000000 0.030756 0.723559 -0.689577 21.400000 -0.031035 0.690262 0.722894 0.000000 0.000000 0.000000 0.000000 1.000000
0.999171 -0.002739 0.040619 0.000000 0.028742 0.754061 -0.656176 21.400000 -0.028832 0.656799 0.753514 -0.000000 0.000000 0.000000 0.000000 1.000000
0.999177 -0.002821 0.040473 0.000000 0.028650 0.755395 -0.654643 21.400000 -0.028726 0.655263 0.754854 0.000000 0.000000 0.000000 0.000000 1.000000
0.999170 -0.002726 0.040642 0.000000 0.028757 0.753846 -0.656422 21.400000 -0.028849 0.657046 0.753299 0.000000 0.000000 0.000000 0.000000 1.000000
0.999164 -0.002642 0.040789 0.000000 0.028850 0.752498 -0.657962 21.400000 -0.028955 0.658589 0.751946 0.000000 0.000000 0.000000 0.000000 1.000000
0.999163 -0.002622 0.040825 0.000000 0.028873 0.752165 -0.658342 21.400000 -0.028981 0.658969 0.751611 0.000000 0.000000 0.000000 0.000000 1.000000
0.999161 -0.002592 0.040875 0.000000 0.028905 0.751696 -0.658876 21.400000 -0.029018 0.659505 0.751140 -0.000000 0.000000 0.000000 0.000000 1.000000
0.999155 -0.002505 0.041028 -0.000000 0.029002 0.750284 -0.660479 21.400000 -0.029128 0.661111 0.749723 0.000000 0.000000 0.000000 0.000000 1.000000
0.999147 -0.002397 0.041216 0.000000 0.029123 0.748536 -0.662454 21.400000 -0.029264 0.663089 0.747968 0.000000 0.000000 0.000000 0.000000 1.000000
0.999142 -0.002324 0.041341 -0.000000 0.029202 0.747370 -0.663766 21.400000 -0.029355 0.664404 0.746797 0.000000 0.000000 0.000000 0.000000 1.000000
0.999142 -0.002312 0.041362 0.000000 0.029217 0.747170 -0.663991 21.400000 -0.029370 0.664629 0.746596 -0.000000 0.000000 0.000000 0.000000 1.000000
0.999145 -0.002355 0.041288 -0.000000 0.029168 0.747868 -0.663206 21.400000 -0.029316 0.663843 0.747297 0.000000 0.000000 0.000000 0.000000 1.000000
0.999150 -0.002433 0.041154 0.000000 0.029083 0.749116 -0.661800 21.400000 -0.029219 0.662435 0.748550 0.000000 0.000000 0.000000 0.000000 1.000000
0.999155 -0.002509 0.041022 0.000000 0.028999 0.750339 -0.660417 21.400000 -0.029123 0.661048 0.749778 0.000000 0.000000 0.000000 0.000000 1.000000
0.999159 -0.002559 0.040935 -0.000000 0.028943 0.751149 -0.659498 21.400000 -0.029061 0.660127 0.750591 0.000000 0.000000 0.000000 0.000000 1.000000
0.999160 -0.002585 0.040888 0.000000 0.028912 0.751584 -0.659004 21.400000 -0.029027 0.659633 0.751027 -0.000000 0.000000 0.000000 0.000000 1.000000</float_array>
        <technique_common>
          <accessor source="#mixamorig_RightToeBase-Matrix-animation-output-transform-array" count="53" stride="16">
            <param type="float4x4"/>
          </accessor>
        </technique_common>
      </source>
      <source id="mixamorig_RightToeBase-Interpolations">
        <Name_array id="mixamorig_RightToeBase-Interpolations-array" count="53">
 LINEAR LINEAR LINEAR LINEAR LINEAR LINEAR LINEAR LINEAR LINEAR LINEAR LINEAR
LINEAR LINEAR LINEAR LINEAR LINEAR LINEAR LINEAR LINEAR LINEAR LINEAR LINEAR LINEAR
LINEAR LINEAR LINEAR LINEAR LINEAR LINEAR LINEAR LINEAR LINEAR LINEAR LINEAR LINEAR
LINEAR LINEAR LINEAR LINEAR LINEAR LINEAR LINEAR LINEAR LINEAR LINEAR LINEAR LINEAR
LINEAR LINEAR LINEAR LINEAR LINEAR LINEAR</Name_array>
        <technique_common>
          <accessor source="#mixamorig_RightToeBase-Interpolations-array" count="53">
            <param type="name"/>
          </accessor>
        </technique_common>
      </source>
      <sampler id="mixamorig_RightToeBase-Matrix-animation-transform">
        <input semantic="INPUT" source="#mixamorig_RightToeBase-Matrix-animation-input"/>
        <input semantic="OUTPUT" source="#mixamorig_RightToeBase-Matrix-animation-output-transform"/>
        <input semantic="INTERPOLATION" source="#mixamorig_RightToeBase-Interpolations"/>
      </sampler>
      <channel source="#mixamorig_RightToeBase-Matrix-animation-transform" target="mixamorig_RightToeBase/matrix"/>
    </animation>
  </library_animations>
  <library_visual_scenes>
    <visual_scene id="RootNode" name="RootNode">
      <node id="mixamorig_Hips" name="mixamorig_Hips" sid="mixamorig_Hips" type="JOINT">
        <matrix sid="matrix">0.820470 0.029192 -0.570944 -0.112597 -0.010772 0.999308 0.035614 100.409531 0.571588 -0.023070 0.820216 -0.967682 0.000000 0.000000 0.000000 1.000000</matrix>
        <node id="mixamorig_Spine" name="mixamorig_Spine" sid="mixamorig_Spine" type="JOINT">
          <matrix sid="matrix">0.999012 -0.035612 0.026587 0.000000 0.037660 0.996005 -0.080963 13.214800 -0.023597 0.081884 0.996362 0.000000 0.000000 0.000000 0.000000 1.000000</matrix>
          <node id="mixamorig_Spine1" name="mixamorig_Spine1" sid="mixamorig_Spine1" type="JOINT">
            <matrix sid="matrix">0.998518 -0.018292 0.051263 0.000000 0.024706 0.991540 -0.127431 9.224200 -0.048499 0.128508 0.990522 0.000000 0.000000 0.000000 0.000000 1.000000</matrix>
            <node id="mixamorig_Spine2" name="mixamorig_Spine2" sid="mixamorig_Spine2" type="JOINT">
              <matrix sid="matrix">0.998365 -0.018776 0.053991 -0.000000 0.025478 0.991669 -0.126269 11.063000 -0.051170 0.127438 0.990526 0.000000 0.000000 0.000000 0.000000 1.000000</matrix>
              <node id="mixamorig_Neck" name="mixamorig_Neck" sid="mixamorig_Neck" type="JOINT">
                <matrix sid="matrix">0.995577 0.086737 0.036096 -0.006000 -0.079517 0.982590 -0.167913 23.723499 -0.050031 0.164300 0.985141 -1.446200 0.000000 0.000000 0.000000 1.000000</matrix>
                <node id="mixamorig_Head" name="mixamorig_Head" sid="mixamorig_Head" type="JOINT">
                  <matrix sid="matrix">0.957976 0.253393 0.134441 -0.000000 -0.199867 0.925819 -0.320799 10.037100 -0.205756 0.280447 0.937557 3.529500 0.000000 0.000000 0.000000 1.000000</matrix>
                  <node id="mixamorig_HeadTop_End" name="mixamorig_HeadTop_End" sid="mixamorig_HeadTop_End" type="JOINT">
                    <matrix sid="matrix">1.000000 0.000000 0.000000 0.000000 -0.000000 1.000000 -0.000000 17.783001 -0.000000 -0.000000 1.000000 3.803600 0.000000 0.000000 0.000000 1.000000</matrix>
                  </node>
                  <node id="mixamorig_RightEye" name="mixamorig_RightEye" sid="mixamorig_RightEye" type="JOINT">
                    <matrix sid="matrix">1.000000 -0.000000 0.000000 -3.293300 0.000000 0.000000 -1.000000 4.765900 0.000000 1.000000 -0.000000 6.339300 0.000000 0.000000 0.000000 1.000000</matrix>
                  </node>
                </node>
              </node>
              <node id="mixamorig_LeftShoulder" name="mixamorig_LeftShoulder" sid="mixamorig_LeftShoulder" type="JOINT">
                <matrix sid="matrix">-0.161821 0.821084 -0.547389 11.304900 -0.002541 -0.555045 -0.831817 19.886000 -0.986817 -0.133214 0.091905 -3.966000 0.000000 0.000000 0.000000 1.000000</matrix>
                <node id="mixamorig_LeftArm" name="mixamorig_LeftArm" sid="mixamorig_LeftArm" type="JOINT">
                  <matrix sid="matrix">0.823288 -0.539021 0.177914 0.000000 0.538215 0.641715 -0.546375 12.686800 0.180337 0.545580 0.818426 0.000000 0.000000 0.000000 0.000000 1.000000</matrix>
                  <node id="mixamorig_LeftForeArm" name="mixamorig_LeftForeArm" sid="mixamorig_LeftForeArm" type="JOINT">
                    <matrix sid="matrix">-0.352956 -0.935640 -0.000000 0.000000 0.935640 -0.352956 -0.000000 30.736700 0.000000 -0.000000 1.000000 0.000000 0.000000 0.000000 0.000000 1.000000</matrix>
                    <node id="mixamorig_LeftHand" name="mixamorig_LeftHand" sid="mixamorig_LeftHand" type="JOINT">
                      <matrix sid="matrix">0.971404 -0.119371 0.205245 0.000000 0.067331 0.967437 0.243991 26.713100 -0.227687 -0.223195 0.947810 0.000000 0.000000 0.000000 0.000000 1.000000</matrix>
                      <node id="mixamorig_LeftHandThumb1" name="mixamorig_LeftHandThumb1" sid="mixamorig_LeftHandThumb1" type="JOINT">
                        <matrix sid="matrix">0.931986 -0.219878 0.288193 -2.604400 0.342642 0.793845 -0.502401 4.344900 -0.118314 0.566977 0.815192 2.566800 0.000000 0.000000 0.000000 1.000000</matrix>
                        <node id="mixamorig_LeftHandThumb2" name="mixamorig_LeftHandThumb2" sid="mixamorig_LeftHandThumb2" type="JOINT">
                          <matrix sid="matrix">0.910471 0.413570 -0.001369 0.000000 -0.413499 0.910242 -0.021858 4.523200 -0.007794 0.020467 0.999760 0.000000 0.000000 0.000000 0.000000 1.000000</matrix>
                          <node id="mixamorig_LeftHandThumb3" name="mixamorig_LeftHandThumb3" sid="mixamorig_LeftHandThumb3" type="JOINT">
                            <matrix sid="matrix">0.615892 0.756996 -0.218252 0.000000 -0.747053 0.649128 0.143337 3.636400 0.250179 0.074766 0.965309 -0.000000 0.000000 0.000000 0.000000 1.000000</matrix>
                            <node id="mixamorig_LeftHandThumb4" name="mixamorig_LeftHandThumb4" sid="mixamorig_LeftHandThumb4" type="JOINT">
                              <matrix sid="matrix">1.000000 -0.000000 -0.000000 -0.000000 -0.000000 1.000000 -0.000000 3.907300 0.000000 -0.000000 1.000000 0.000000 0.000000 0.000000 0.000000 1.000000</matrix>
                            </node>
                          </node>
                        </node>
                      </node>
                      <node id="mixamorig_LeftHandIndex1" name="mixamorig_LeftHandIndex1" sid="mixamorig_LeftHandIndex1" type="JOINT">
                        <matrix sid="matrix">0.988576 0.117294 -0.094654 -3.402400 -0.117294 0.204305 -0.971855 12.111600 -0.094654 0.971855 0.215729 0.315900 0.000000 0.000000 0.000000 1.000000</matrix>
                        <node id="mixamorig_LeftHandIndex2" name="mixamorig_LeftHandIndex2" sid="mixamorig_LeftHandIndex2" type="JOINT">
                          <matrix sid="matrix">0.982720 0.117312 -0.143176 0.000000 -0.117312 -0.203581 -0.972005 4.509100 -0.143175 0.972005 -0.186301 0.000000 0.000000 0.000000 0.000000 1.000000</matrix>
                          <node id="mixamorig_LeftHandIndex3" name="mixamorig_LeftHandIndex3" sid="mixamorig_LeftHandIndex3" type="JOINT">
                            <matrix sid="matrix">0.988498 0.117428 -0.095301 0.000000 -0.117428 0.198871 -0.972965 2.907200 -0.095301 0.972965 0.210373 0.000000 0.000000 0.000000 0.000000 1.000000</matrix>
                            <node id="mixamorig_LeftHandIndex4" name="mixamorig_LeftHandIndex4" sid="mixamorig_LeftHandIndex4" type="JOINT">
                              <matrix sid="matrix">1.000000 -0.000000 -0.000000 0.000000 0.000000 1.000000 -0.000000 2.981700 0.000000 -0.000000 1.000000 -0.000000 0.000000 0.000000 0.000000 1.000000</matrix>
                            </node>
                          </node>
                        </node>
                      </node>
                      <node id="mixamorig_LeftHandMiddle1" name="mixamorig_LeftHandMiddle1" sid="mixamorig_LeftHandMiddle1" type="JOINT">
                        <matrix sid="matrix">0.988580 0.117287 -0.094622 -0.000000 -0.117287 0.204580 -0.971798 13.093800 -0.094622 0.971798 0.216000 0.000000 0.000000 0.000000 0.000000 1.000000</matrix>
                        <node id="mixamorig_LeftHandMiddle2" name="mixamorig_LeftHandMiddle2" sid="mixamorig_LeftHandMiddle2" type="JOINT">
                          <matrix sid="matrix">0.982716 0.117305 -0.143208 0.000000 -0.117305 -0.203855 -0.971948 3.620200 -0.143208 0.971948 -0.186572 0.000000 0.000000 0.000000 0.000000 1.000000</matrix>
                          <node id="mixamorig_LeftHandMiddle3" name="mixamorig_LeftHandMiddle3" sid="mixamorig_LeftHandMiddle3" type="JOINT">
                            <matrix sid="matrix">0.988498 0.117428 -0.095301 0.000000 -0.117428 0.198871 -0.972965 2.832500 -0.095301 0.972965 0.210373 0.000000 0.000000 0.000000 0.000000 1.000000</matrix>
                            <node id="mixamorig_LeftHandMiddle4" name="mixamorig_LeftHandMiddle4" sid="mixamorig_LeftHandMiddle4" type="JOINT">
                              <matrix sid="matrix">1.000000 -0.000000 0.000000 0.000000 0.000000 1.000000 0.000000 4.715600 -0.000000 0.000000 1.000000 0.000000 0.000000 0.000000 0.000000 1.000000</matrix>
                            </node>
                          </node>
                        </node>
                      </node>
                      <node id="mixamorig_LeftHandRing1" name="mixamorig_LeftHandRing1" sid="mixamorig_LeftHandRing1" type="JOINT">
                        <matrix sid="matrix">0.988576 0.117294 -0.094654 3.523100 -0.117294 0.204305 -0.971855 12.918800 -0.094654 0.971855 0.215729 -0.015900 0.000000 0.000000 0.000000 1.000000</matrix>
                        <node id="mixamorig_LeftHandRing2" name="mixamorig_LeftHandRing2" sid="mixamorig_LeftHandRing2" type="JOINT">
                          <matrix sid="matrix">0.982720 0.117312 -0.143176 0.000000 -0.117312 -0.203580 -0.972005 2.936000 -0.143175 0.972005 -0.186300 0.000000 0.000000 0.000000 0.000000 1.000000</matrix>
                          <node id="mixamorig_LeftHandRing3" name="mixamorig_LeftHandRing3" sid="mixamorig_LeftHandRing3" type="JOINT">
                            <matrix sid="matrix">0.988498 0.117428 -0.095301 0.000000 -0.117428 0.198871 -0.972965 3.435600 -0.095301 0.972965 0.210373 -0.000000 0.000000 0.000000 0.000000 1.000000</matrix>
                            <node id="mixamorig_LeftHandRing4" name="mixamorig_LeftHandRing4" sid="mixamorig_LeftHandRing4" type="JOINT">
                              <matrix sid="matrix">1.000000 -0.000000 -0.000000 0.000000 0.000000 1.000000 0.000000 3.120600 0.000000 0.000000 1.000000 0.000000 0.000000 0.000000 0.000000 1.000000</matrix>
                            </node>
                          </node>
                        </node>
                      </node>
                      <node id="mixamorig_LeftHandPinky1" name="mixamorig_LeftHandPinky1" sid="mixamorig_LeftHandPinky1" type="JOINT">
                        <matrix sid="matrix">0.983489 0.154773 -0.093781 6.518400 -0.125005 0.206301 -0.970471 11.479300 -0.130856 0.966170 0.222242 0.316100 0.000000 0.000000 0.000000 1.000000</matrix>
                        <node id="mixamorig_LeftHandPinky2" name="mixamorig_LeftHandPinky2" sid="mixamorig_LeftHandPinky2" type="JOINT">
                          <matrix sid="matrix">0.988530 0.131660 -0.073985 0.000000 -0.046292 -0.202153 -0.978259 2.474700 -0.143753 0.970464 -0.193740 0.000000 0.000000 0.000000 0.000000 1.000000</matrix>
                          <node id="mixamorig_LeftHandPinky3" name="mixamorig_LeftHandPinky3" sid="mixamorig_LeftHandPinky3" type="JOINT">
                            <matrix sid="matrix">0.988508 0.117411 -0.095218 0.000000 -0.117411 0.199569 -0.972824 2.073800 -0.095218 0.972824 0.211061 0.000000 0.000000 0.000000 0.000000 1.000000</matrix>
                            <node id="mixamorig_LeftHandPinky4" name="mixamorig_LeftHandPinky4" sid="mixamorig_LeftHandPinky4" type="JOINT">
                              <matrix sid="matrix">1.000000 0.000000 -0.000000 -0.000000 -0.000000 1.000000 0.000000 2.978900 0.000000 -0.000000 1.000000 0.000000 0.000000 0.000000 0.000000 1.000000</matrix>
                            </node>
                          </node>
                        </node>
                      </node>
                    </node>
                  </node>
                </node>
              </node>
              <node id="mixamorig_RightShoulder" name="mixamorig_RightShoulder" sid="mixamorig_RightShoulder" type="JOINT">
                <matrix sid="matrix">0.288124 -0.849392 0.442173 -11.278600 -0.071959 -0.479654 -0.874502 19.886000 0.954885 0.220147 -0.199322 -3.966000 0.000000 0.000000 0.000000 1.000000</matrix>
                <node id="mixamorig_RightArm" name="mixamorig_RightArm" sid="mixamorig_RightArm" type="JOINT">
                  <matrix sid="matrix">0.822485 0.516230 -0.238800 0.000000 -0.563658 0.683495 -0.463815 12.686800 -0.076216 0.516082 0.853141 0.000000 0.000000 0.000000 0.000000 1.000000</matrix>
                  <node id="mixamorig_RightForeArm" name="mixamorig_RightForeArm" sid="mixamorig_RightForeArm" type="JOINT">
                    <matrix sid="matrix">-0.599468 0.800399 -0.000000 -0.000000 -0.800399 -0.599468 0.000000 30.736700 0.000000 0.000000 1.000000 0.000000 0.000000 0.000000 0.000000 1.000000</matrix>
                    <node id="mixamorig_RightHand" name="mixamorig_RightHand" sid="mixamorig_RightHand" type="JOINT">
                      <matrix sid="matrix">0.993850 0.107052 -0.028336 0.000000 -0.098889 0.973121 0.207984 26.713100 0.049839 -0.203902 0.977722 0.000000 0.000000 0.000000 0.000000 1.000000</matrix>
                      <node id="mixamorig_RightHandThumb1" name="mixamorig_RightHandThumb1" sid="mixamorig_RightHandThumb1" type="JOINT">
                        <matrix sid="matrix">0.967910 0.236058 -0.086185 2.712200 -0.245530 0.815273 -0.524447 6.800000 -0.053535 0.528779 0.847070 2.789800 0.000000 0.000000 0.000000 1.000000</matrix>
                        <node id="mixamorig_RightHandThumb2" name="mixamorig_RightHandThumb2" sid="mixamorig_RightHandThumb2" type="JOINT">
                          <matrix sid="matrix">0.896915 -0.439556 -0.048305 0.000000 0.429622 0.892055 -0.140227 4.523200 0.104729 0.105018 0.988940 0.000000 0.000000 0.000000 0.000000 1.000000</matrix>
                          <node id="mixamorig_RightHandThumb3" name="mixamorig_RightHandThumb3" sid="mixamorig_RightHandThumb3" type="JOINT">
                            <matrix sid="matrix">0.479491 -0.877532 -0.005118 0.000000 0.876504 0.478629 0.051533 3.636400 -0.042772 -0.029195 0.998658 0.000000 0.000000 0.000000 0.000000 1.000000</matrix>
                            <node id="mixamorig_RightHandThumb4" name="mixamorig_RightHandThumb4" sid="mixamorig_RightHandThumb4" type="JOINT">
                              <matrix sid="matrix">1.000000 -0.000000 -0.000000 0.000000 -0.000000 1.000000 0.000000 3.907300 -0.000000 0.000000 1.000000 0.000000 0.000000 0.000000 0.000000 1.000000</matrix>
                            </node>
                          </node>
                        </node>
                      </node>
                      <node id="mixamorig_RightHandIndex1" name="mixamorig_RightHandIndex1" sid="mixamorig_RightHandIndex1" type="JOINT">
                        <matrix sid="matrix">0.988132 -0.118791 0.097389 3.526400 0.118793 0.189002 -0.974765 14.497500 0.097387 0.974765 0.200871 1.249000 0.000000 0.000000 0.000000 1.000000</matrix>
                        <node id="mixamorig_RightHandIndex2" name="mixamorig_RightHandIndex2" sid="mixamorig_RightHandIndex2" type="JOINT">
                          <matrix sid="matrix">0.985221 -0.120966 0.121275 -0.000000 0.120967 -0.009909 -0.992607 4.509100 0.121273 0.992607 0.004870 0.000000 0.000000 0.000000 0.000000 1.000000</matrix>
                          <node id="mixamorig_RightHandIndex3" name="mixamorig_RightHandIndex3" sid="mixamorig_RightHandIndex3" type="JOINT">
                            <matrix sid="matrix">0.991766 -0.108787 0.067563 0.000000 0.108789 0.437374 -0.892675 2.907200 0.067561 0.892675 0.445608 0.000000 0.000000 0.000000 0.000000 1.000000</matrix>
                            <node id="mixamorig_RightHandIndex4" name="mixamorig_RightHandIndex4" sid="mixamorig_RightHandIndex4" type="JOINT">
                              <matrix sid="matrix">1.000000 0.000000 -0.000000 0.000000 0.000000 1.000000 -0.000000 2.981700 0.000000 -0.000000 1.000000 0.000000 0.000000 0.000000 0.000000 1.000000</matrix>
                            </node>
                          </node>
                        </node>
                      </node>
                      <node id="mixamorig_RightHandMiddle1" name="mixamorig_RightHandMiddle1" sid="mixamorig_RightHandMiddle1" type="JOINT">
                        <matrix sid="matrix">0.988132 -0.118791 0.097389 0.000000 0.118793 0.189002 -0.974765 15.099700 0.097387 0.974765 0.200871 0.000000 0.000000 0.000000 0.000000 1.000000</matrix>
                        <node id="mixamorig_RightHandMiddle2" name="mixamorig_RightHandMiddle2" sid="mixamorig_RightHandMiddle2" type="JOINT">
                          <matrix sid="matrix">0.985221 -0.120966 0.121275 0.000000 0.120967 -0.009909 -0.992607 3.620200 0.121273 0.992607 0.004870 -0.000000 0.000000 0.000000 0.000000 1.000000</matrix>
                          <node id="mixamorig_RightHandMiddle3" name="mixamorig_RightHandMiddle3" sid="mixamorig_RightHandMiddle3" type="JOINT">
                            <matrix sid="matrix">0.991766 -0.108787 0.067563 -0.000000 0.108789 0.437374 -0.892675 2.832500 0.067561 0.892675 0.445608 0.000000 0.000000 0.000000 0.000000 1.000000</matrix>
                            <node id="mixamorig_RightHandMiddle4" name="mixamorig_RightHandMiddle4" sid="mixamorig_RightHandMiddle4" type="JOINT">
                              <matrix sid="matrix">1.000000 -0.000000 0.000000 0.000000 0.000000 1.000000 0.000000 4.715600 0.000000 -0.000000 1.000000 0.000000 0.000000 0.000000 0.000000 1.000000</matrix>
                            </node>
                          </node>
                        </node>
                      </node>
                      <node id="mixamorig_RightHandRing1" name="mixamorig_RightHandRing1" sid="mixamorig_RightHandRing1" type="JOINT">
                        <matrix sid="matrix">0.988132 -0.118791 0.097389 -3.512100 0.118793 0.189002 -0.974765 15.621700 0.097387 0.974765 0.200871 0.773000 0.000000 0.000000 0.000000 1.000000</matrix>
                        <node id="mixamorig_RightHandRing2" name="mixamorig_RightHandRing2" sid="mixamorig_RightHandRing2" type="JOINT">
                          <matrix sid="matrix">0.985221 -0.120966 0.121275 0.000000 0.120967 -0.009909 -0.992607 2.936000 0.121273 0.992607 0.004870 0.000000 0.000000 0.000000 0.000000 1.000000</matrix>
                          <node id="mixamorig_RightHandRing3" name="mixamorig_RightHandRing3" sid="mixamorig_RightHandRing3" type="JOINT">
                            <matrix sid="matrix">0.991766 -0.108787 0.067563 -0.000000 0.108789 0.437374 -0.892675 3.435600 0.067561 0.892675 0.445608 0.000000 0.000000 0.000000 0.000000 1.000000</matrix>
                            <node id="mixamorig_RightHandRing4" name="mixamorig_RightHandRing4" sid="mixamorig_RightHandRing4" type="JOINT">
                              <matrix sid="matrix">1.000000 0.000000 -0.000000 0.000000 0.000000 1.000000 -0.000000 3.120600 0.000000 -0.000000 1.000000 -0.000000 0.000000 0.000000 0.000000 1.000000</matrix>
                            </node>
                          </node>
                        </node>
                      </node>
                      <node id="mixamorig_RightHandPinky1" name="mixamorig_RightHandPinky1" sid="mixamorig_RightHandPinky1" type="JOINT">
                        <matrix sid="matrix">0.988132 -0.118791 0.097389 -6.433200 0.118793 0.189002 -0.974765 14.089700 0.097387 0.974765 0.200871 1.001200 0.000000 0.000000 0.000000 1.000000</matrix>
                        <node id="mixamorig_RightHandPinky2" name="mixamorig_RightHandPinky2" sid="mixamorig_RightHandPinky2" type="JOINT">
                          <matrix sid="matrix">0.985221 -0.120966 0.121275 0.000000 0.120967 -0.009909 -0.992607 2.474700 0.121273 0.992607 0.004871 0.000000 0.000000 0.000000 0.000000 1.000000</matrix>
                          <node id="mixamorig_RightHandPinky3" name="mixamorig_RightHandPinky3" sid="mixamorig_RightHandPinky3" type="JOINT">
                            <matrix sid="matrix">0.991766 -0.108787 0.067563 0.000000 0.108789 0.437374 -0.892675 2.073800 0.067561 0.892675 0.445608 0.000000 0.000000 0.000000 0.000000 1.000000</matrix>
                            <node id="mixamorig_RightHandPinky4" name="mixamorig_RightHandPinky4" sid="mixamorig_RightHandPinky4" type="JOINT">
                              <matrix sid="matrix">1.000000 0.000000 -0.000000 0.000000 0.000000 1.000000 0.000000 2.978900 0.000000 0.000000 1.000000 0.000000 0.000000 0.000000 0.000000 1.000000</matrix>
                            </node>
                          </node>
                        </node>
                      </node>
                    </node>
                  </node>
                </node>
              </node>
            </node>
          </node>
        </node>
        <node id="mixamorig_LeftUpLeg" name="mixamorig_LeftUpLeg" sid="mixamorig_LeftUpLeg" type="JOINT">
          <matrix sid="matrix">-0.936350 0.349670 0.031295 9.418100 -0.260087 -0.750804 0.607165 -4.875100 0.235804 0.560379 0.793959 1.897700 0.000000 0.000000 0.000000 1.000000</matrix>
          <node id="mixamorig_LeftLeg" name="mixamorig_LeftLeg" sid="mixamorig_LeftLeg" type="JOINT">
            <matrix sid="matrix">0.974260 -0.188367 0.123832 0.000000 0.006812 0.573678 0.819053 48.478100 -0.225322 -0.797127 0.560195 -0.000000 0.000000 0.000000 0.000000 1.000000</matrix>
            <node id="mixamorig_LeftFoot" name="mixamorig_LeftFoot" sid="mixamorig_LeftFoot" type="JOINT">
              <matrix sid="matrix">0.916656 0.354609 -0.184378 -0.000000 -0.303421 0.317149 -0.898528 51.588001 -0.260150 0.879585 0.398312 0.000000 0.000000 0.000000 0.000000 1.000000</matrix>
              <node id="mixamorig_LeftToeBase" name="mixamorig_LeftToeBase" sid="mixamorig_LeftToeBase" type="JOINT">
                <matrix sid="matrix">0.999165 0.002649 -0.040765 0.000000 -0.028831 0.752691 -0.657743 21.400000 0.028941 0.658369 0.752139 -0.000000 0.000000 0.000000 0.000000 1.000000</matrix>
                <node id="mixamorig_LeftToe_End" name="mixamorig_LeftToe_End" sid="mixamorig_LeftToe_End" type="JOINT">
                  <matrix sid="matrix">1.000000 0.000000 0.000000 0.000000 0.000000 1.000000 -0.000000 12.650800 -0.000000 -0.000000 1.000000 0.000000 0.000000 0.000000 0.000000 1.000000</matrix>
                </node>
              </node>
            </node>
          </node>
        </node>
        <node id="mixamorig_RightUpLeg" name="mixamorig_RightUpLeg" sid="mixamorig_RightUpLeg" type="JOINT">
          <matrix sid="matrix">-0.915984 -0.326287 -0.233472 -9.418100 0.295102 -0.942156 0.158925 -4.875100 -0.271822 0.076674 0.959288 1.897700 0.000000 0.000000 0.000000 1.000000</matrix>
          <node id="mixamorig_RightLeg" name="mixamorig_RightLeg" sid="mixamorig_RightLeg" type="JOINT">
            <matrix sid="matrix">0.991721 0.007174 0.128214 0.000000 -0.108414 0.581882 0.806014 48.478100 -0.068823 -0.813241 0.577843 0.000000 0.000000 0.000000 0.000000 1.000000</matrix>
            <node id="mixamorig_RightFoot" name="mixamorig_RightFoot" sid="mixamorig_RightFoot" type="JOINT">
              <matrix sid="matrix">0.918861 -0.079786 0.386430 0.000000 0.390161 0.037545 -0.919981 51.588001 0.058893 0.996105 0.065628 0.000000 0.000000 0.000000 0.000000 1.000000</matrix>
              <node id="mixamorig_RightToeBase" name="mixamorig_RightToeBase" sid="mixamorig_RightToeBase" type="JOINT">
                <matrix sid="matrix">0.999160 -0.002586 0.040888 0.000000 0.028913 0.751584 -0.659004 21.400000 -0.029027 0.659633 0.751027 0.000000 0.000000 0.000000 0.000000 1.000000</matrix>
                <node id="mixamorig_RightToe_End" name="mixamorig_RightToe_End" sid="mixamorig_RightToe_End" type="JOINT">
                  <matrix sid="matrix">1.000000 -0.000000 -0.000000 0.000000 0.000000 1.000000 -0.000000 12.651100 0.000000 -0.000000 1.000000 0.000000 0.000000 0.000000 0.000000 1.000000</matrix>
                </node>
              </node>
            </node>
          </node>
        </node>
      </node>
    </visual_scene>
  </library_visual_scenes>
  <scene>
    <instance_visual_scene url="#RootNode"/>
  </scene>
</COLLADA>
