<?xml version="1.0" encoding="utf-8"?>
<COLLADA xmlns="http://www.collada.org/2005/11/COLLADASchema" version="1.4.1">
  <asset>
    <contributor>
      <author>Mixamo</author>
      <authoring_tool>COLLADA Mixamo exporter</authoring_tool>
      <comments/>
    </contributor>
    <created>2025-11-06T08:44:36Z</created>
    <modified>2025-11-06T08:44:36Z</modified>
    <revision/>
    <title/>
    <unit meter="0.010000"/>
    <up_axis>Y_UP</up_axis>
  </asset>
  <library_animations>
    <animation id="mixamorig_Hips-anim" name="mixamorig_Hips">
      <source id="mixamorig_Hips-Matrix-animation-input">
        <float_array id="mixamorig_Hips-Matrix-animation-input-array" count="56">

0.000000 0.033333 0.066667 0.100000 0.133333 0.166667 0.200000 0.233333 0.266667 0.300000 0.333333 0.366667 0.400000 0.433333 0.466667 0.500000
0.533333 0.566667 0.600000 0.633333 0.666667 0.700000 0.733333 0.766667 0.800000 0.833333 0.866667 0.900000 0.933333 0.966667 1.000000 1.033333
1.066667 1.100000 1.133333 1.166667 1.200000 1.233333 1.266667 1.300000 1.333333 1.366667 1.400000 1.433333 1.466667 1.500000 1.533333 1.566667
1.600000 1.633333 1.666667 1.700000 1.733333 1.766667 1.800000 1.833333</float_array>
        <technique_common>
          <accessor source="#mixamorig_Hips-Matrix-animation-input-array" count="56">
            <param name="TIME" type="float"/>
          </accessor>
        </technique_common>
      </source>
      <source id="mixamorig_Hips-Matrix-animation-output-transform">
        <float_array id="mixamorig_Hips-Matrix-animation-output-transform-array" count="896">

0.847563 -0.255623 -0.465074 1.881076 0.298867 0.954080 0.020262 117.273346 0.438538 -0.156168 0.885040 -15.561614 0.000000 0.000000 0.000000 1.000000
0.954094 -0.298301 -0.026859 -5.178030 0.298867 0.954080 0.020262 117.273361 0.019581 -0.027359 0.999434 -14.794926 0.000000 0.000000 0.000000 1.000000
0.864842 -0.279766 0.416868 -11.174595 0.298867 0.954080 0.020262 117.273361 -0.403394 0.107065 0.908741 -10.992286 0.000000 0.000000 0.000000 1.000000
0.598121 -0.203822 0.775053 -14.878099 0.298867 0.954080 0.020262 117.273361 -0.743592 0.219519 0.631571 -4.933992 0.000000 0.000000 0.000000 1.000000
0.208665 -0.086054 0.974194 -15.528561 0.298867 0.954080 0.020262 117.273354 -0.931202 0.286926 0.224801 2.136766 0.000000 0.000000 0.000000 1.000000
-0.223610 0.049373 0.973427 -12.992522 0.298867 0.954080 0.020262 117.273369 -0.927727 0.295456 -0.228098 8.769064 0.000000 0.000000 0.000000 1.000000
-0.610000 0.174669 0.772910 -7.790370 0.298867 0.954080 0.020262 117.273354 -0.733879 0.243357 -0.634192 13.601929 0.000000 0.000000 0.000000 1.000000
-0.871216 0.264122 0.413790 -0.989615 0.298867 0.954080 0.020262 117.273354 -0.389437 0.141321 -0.910147 15.643615 0.000000 0.000000 0.000000 1.000000
-0.953656 0.299376 -0.030242 6.014223 0.298867 0.954080 0.020262 117.273338 0.034919 0.010285 -0.999337 14.475205 0.000000 0.000000 0.000000 1.000000
-0.840402 0.273198 -0.468067 11.783911 0.298867 0.954080 0.020262 117.273346 0.452109 -0.122862 -0.883460 10.336420 0.000000 0.000000 0.000000 1.000000
-0.554695 0.190958 -0.809845 15.135517 0.298867 0.954080 0.020262 117.273338 0.776525 -0.230796 -0.586295 4.076578 0.000000 0.000000 0.000000 1.000000
-0.155163 0.069533 -0.985439 15.381241 0.298867 0.954080 0.020262 117.273354 0.941596 -0.291371 -0.168819 -3.019789 0.000000 0.000000 0.000000 1.000000
0.276209 -0.066160 -0.958818 12.470718 0.298867 0.954080 0.020262 117.273369 0.913448 -0.292155 0.283298 -9.496493 0.000000 0.000000 0.000000 1.000000
0.650902 -0.188277 -0.735444 7.001142 0.298867 0.954080 0.020262 117.273354 0.697858 -0.232988 0.677282 -14.024469 0.000000 0.000000 0.000000 1.000000
0.892028 -0.271759 -0.361156 0.094923 0.298867 0.954080 0.020262 117.273338 0.339065 -0.126012 0.932285 -15.674614 0.000000 0.000000 0.000000 1.000000
0.950107 -0.299475 0.087244 -6.830779 0.298867 0.954080 0.020262 117.273354 -0.089305 0.006823 0.995981 -14.108248 0.000000 0.000000 0.000000 1.000000
0.813221 -0.265738 0.517739 -12.354793 0.298867 0.954080 0.020262 117.273346 -0.499349 0.138258 0.855298 -9.646844 0.000000 0.000000 0.000000 1.000000
0.509460 -0.177470 0.841995 -15.343546 0.298867 0.954080 0.020262 117.273361 -0.806926 0.241322 0.539105 -3.205856 0.000000 0.000000 0.000000 1.000000
0.101156 -0.052785 0.993469 -15.183779 0.298867 0.954080 0.020262 117.273346 -0.948918 0.294866 0.112286 3.892970 0.000000 0.000000 0.000000 1.000000
-0.327906 0.082731 0.941081 -11.908236 0.298867 0.954080 0.020262 117.273346 -0.896190 0.287902 -0.337574 10.192934 0.000000 0.000000 0.000000 1.000000
-0.689680 0.201271 0.695580 -6.189092 0.298867 0.954080 0.020262 117.273346 -0.659561 0.221860 -0.718163 14.401295 0.000000 0.000000 0.000000 1.000000
-0.909930 0.278510 0.307343 0.800084 0.298867 0.954080 0.020262 117.273354 -0.287587 0.110292 -0.951383 15.654465 0.000000 0.000000 0.000000 1.000000
-0.943459 0.298597 -0.143960 7.625063 0.298867 0.954080 0.020262 117.273361 0.143399 -0.023908 -0.989376 13.695286 0.000000 0.000000 0.000000 1.000000
-0.783387 0.257412 -0.565724 12.885369 0.298867 0.954080 0.020262 117.273346 0.544962 -0.153203 -0.824346 8.925773 0.000000 0.000000 0.000000 1.000000
-0.462563 0.163404 -0.871398 15.501548 0.298867 0.954080 0.020262 117.273361 0.834694 -0.251060 -0.490158 2.324685 0.000000 0.000000 0.000000 1.000000
-0.046819 0.035866 -0.998259 14.936766 0.298867 0.954080 0.020262 117.273354 0.953146 -0.297398 -0.055388 -4.753422 0.000000 0.000000 0.000000 1.000000
0.378533 -0.099033 -0.920274 11.306911 0.298867 0.954080 0.020261 117.273346 0.876009 -0.282709 0.390749 -10.856147 0.000000 0.000000 0.000000 1.000000
0.726208 -0.213608 -0.653447 5.356859 0.298867 0.954080 0.020262 117.273346 0.619113 -0.210008 0.756701 -14.731126 0.000000 0.000000 0.000000 1.000000
0.924864 -0.284352 -0.252529 -1.692471 0.298867 0.954080 0.020262 117.273361 0.235171 -0.094212 0.967377 -15.583241 0.000000 0.000000 0.000000 1.000000
0.933734 -0.296745 0.200207 -8.394470 0.298867 0.954080 0.020262 117.273361 -0.197026 0.040916 0.979544 -13.237638 0.000000 0.000000 0.000000 1.000000
0.750999 -0.248246 0.611861 -13.373909 0.298867 0.954080 0.020262 117.273346 -0.588794 0.167648 0.790706 -8.175626 0.000000 0.000000 0.000000 1.000000
0.414157 -0.148806 0.897959 -15.608965 0.298867 0.954080 0.020262 117.273384 -0.859740 0.259978 0.439612 -1.435938 0.000000 0.000000 0.000000 1.000000
-0.007671 -0.018830 0.999793 -14.641043 0.298867 0.954080 0.020262 117.273354 -0.954264 0.298960 -0.001691 5.598398 0.000000 0.000000 0.000000 1.000000
-0.427926 0.115009 0.896467 -10.668715 0.298867 0.954080 0.020262 117.273331 -0.852970 0.276595 -0.442648 11.483939 0.000000 0.000000 0.000000 1.000000
-0.760369 0.225250 0.609181 -4.507114 0.298867 0.954080 0.020261 117.273354 -0.576643 0.197470 -0.792772 15.012932 0.000000 0.000000 0.000000 1.000000
-0.936781 0.289266 0.196891 2.579324 0.298867 0.954080 0.020262 117.273346 -0.181989 0.077826 -0.980216 15.461206 0.000000 0.000000 0.000000 1.000000
-0.920963 0.293925 -0.255803 9.136511 0.298867 0.954080 0.020261 117.273346 0.250012 -0.057791 -0.966517 12.736813 0.000000 0.000000 0.000000 1.000000
-0.716160 0.238270 -0.656004 13.818830 0.298867 0.954080 0.020262 117.273354 0.630708 -0.181547 -0.754485 7.398783 0.000000 0.000000 0.000000 1.000000
-0.364400 0.133720 -0.921592 15.665507 0.298867 0.954080 0.020261 117.273338 0.881981 -0.268050 -0.387632 0.542501 0.000000 0.000000 0.000000 1.000000
0.062138 0.001731 -0.998066 14.297556 0.298867 0.954080 0.020262 117.273369 0.952270 -0.299548 0.058767 -6.425131 0.000000 0.000000 0.000000 1.000000
0.475925 -0.130614 -0.869733 9.995667 0.298867 0.954080 0.020261 117.273346 0.827148 -0.269577 0.493107 -12.074293 0.000000 0.000000 0.000000 1.000000
0.792049 -0.236156 -0.562929 3.642694 0.298867 0.954080 0.020261 117.273346 0.532295 -0.184289 0.826257 -15.245744 0.000000 0.000000 0.000000 1.000000
0.945643 -0.293238 -0.140611 -3.457781 0.298867 0.954080 0.020261 117.273354 0.128213 -0.061184 0.989858 -15.288744 0.000000 0.000000 0.000000 1.000000
0.905189 -0.290147 0.310561 -9.848715 0.298867 0.954080 0.020262 117.273346 -0.302179 0.074475 0.950337 -12.194460 0.000000 0.000000 0.000000 1.000000
0.678986 -0.227517 0.698007 -14.218678 0.298867 0.954080 0.020261 117.273346 -0.670564 0.194854 0.715804 -6.597811 0.000000 0.000000 0.000000 1.000000
0.313453 -0.118200 0.942219 -15.670921 0.298867 0.954080 0.020262 117.273369 -0.901347 0.275246 0.334385 0.352734 0.000000 0.000000 0.000000 1.000000
-0.116400 0.015372 0.993084 -13.907423 0.298867 0.954080 0.020262 117.273376 -0.947169 0.299158 -0.115649 7.230863 0.000000 0.000000 0.000000 1.000000
-0.522367 0.145788 0.840166 -9.290110 0.298867 0.954080 0.020263 117.273354 -0.798631 0.261682 -0.541951 12.625212 0.000000 0.000000 0.000000 1.000000
-0.821144 0.246291 0.514843 -2.766433 0.298867 0.954080 0.020261 117.273361 -0.486211 0.170507 -0.857045 15.428840 0.000000 0.000000 0.000000 1.000000
-0.951420 0.296252 0.083872 4.324957 0.298867 0.954080 0.020262 117.273361 -0.074018 0.044345 -0.996270 15.066427 0.000000 0.000000 0.000000 1.000000
-0.886461 0.285422 -0.364310 10.528835 0.298867 0.954080 0.020263 117.273361 0.353364 -0.090918 -0.931057 11.612296 0.000000 0.000000 0.000000 1.000000
-0.639596 0.216021 -0.737734 14.572163 0.298867 0.954080 0.020261 117.273346 0.708234 -0.207525 -0.674787 5.775304 0.000000 0.000000 0.000000 1.000000
-0.261485 0.102293 -0.959772 15.625223 0.298867 0.954080 0.020262 117.273338 0.917771 -0.281546 -0.280050 -1.246788 0.000000 0.000000 0.000000 1.000000
0.170281 -0.032425 -0.984862 13.471963 0.298867 0.954080 0.020262 117.273354 0.938980 -0.297793 0.172152 -8.012996 0.000000 0.000000 0.000000 1.000000
0.567108 -0.160490 -0.807856 8.554202 0.298867 0.954080 0.020263 117.273346 0.767507 -0.252933 0.589031 -13.134989 0.000000 0.000000 0.000000 1.000000
0.847563 -0.255623 -0.465075 1.881084 0.298867 0.954080 0.020262 117.273376 0.438539 -0.156169 0.885039 -15.561613 0.000000 0.000000 0.000000 1.000000</float_array>
        <technique_common>
          <accessor source="#mixamorig_Hips-Matrix-animation-output-transform-array" count="56" stride="16">
            <param type="float4x4"/>
          </accessor>
        </technique_common>
      </source>
      <source id="mixamorig_Hips-Interpolations">
        <Name_array id="mixamorig_Hips-Interpolations-array" count="56">
 LINEAR LINEAR LINEAR LINEAR LINEAR LINEAR LINEAR LINEAR LINEAR LINEAR LINEAR
LINEAR LINEAR LINEAR LINEAR LINEAR LINEAR LINEAR LINEAR LINEAR LINEAR LINEAR LINEAR
LINEAR LINEAR LINEAR LINEAR LINEAR LINEAR LINEAR LINEAR LINEAR LINEAR LINEAR LINEAR
LINEAR LINEAR LINEAR LINEAR LINEAR LINEAR LINEAR LINEAR LINEAR LINEAR LINEAR LINEAR
LINEAR LINEAR LINEAR LINEAR LINEAR LINEAR LINEAR LINEAR LINEAR</Name_array>
        <technique_common>
          <accessor source="#mixamorig_Hips-Interpolations-array" count="56">
            <param type="name"/>
          </accessor>
        </technique_common>
      </source>
      <sampler id="mixamorig_Hips-Matrix-animation-transform">
        <input semantic="INPUT" source="#mixamorig_Hips-Matrix-animation-input"/>
        <input semantic="OUTPUT" source="#mixamorig_Hips-Matrix-animation-output-transform"/>
        <input semantic="INTERPOLATION" source="#mixamorig_Hips-Interpolations"/>
      </sampler>
      <channel source="#mixamorig_Hips-Matrix-animation-transform" target="mixamorig_Hips/matrix"/>
    </animation>
    <animation id="mixamorig_Spine-anim" name="mixamorig_Spine">
      <source id="mixamorig_Spine-Matrix-animation-input">
        <float_array id="mixamorig_Spine-Matrix-animation-input-array" count="56">

0.000000 0.033333 0.066667 0.100000 0.133333 0.166667 0.200000 0.233333 0.266667 0.300000 0.333333 0.366667 0.400000 0.433333 0.466667 0.500000
0.533333 0.566667 0.600000 0.633333 0.666667 0.700000 0.733333 0.766667 0.800000 0.833333 0.866667 0.900000 0.933333 0.966667 1.000000 1.033333
1.066667 1.100000 1.133333 1.166667 1.200000 1.233333 1.266667 1.300000 1.333333 1.366667 1.400000 1.433333 1.466667 1.500000 1.533333 1.566667
1.600000 1.633333 1.666667 1.700000 1.733333 1.766667 1.800000 1.833333</float_array>
        <technique_common>
          <accessor source="#mixamorig_Spine-Matrix-animation-input-array" count="56">
            <param name="TIME" type="float"/>
          </accessor>
        </technique_common>
      </source>
      <source id="mixamorig_Spine-Matrix-animation-output-transform">
        <float_array id="mixamorig_Spine-Matrix-animation-output-transform-array" count="896">

0.911637 0.262154 0.316532 -0.000000 -0.199365 0.955550 -0.217204 13.214800 -0.359403 0.134906 0.923380 0.000000 0.000000 0.000000 0.000000 1.000000
0.911637 0.262154 0.316532 -0.000000 -0.199365 0.955550 -0.217204 13.214800 -0.359403 0.134906 0.923380 0.000000 0.000000 0.000000 0.000000 1.000000
0.911637 0.262154 0.316533 0.000000 -0.199365 0.955550 -0.217204 13.214800 -0.359404 0.134906 0.923379 -0.000000 0.000000 0.000000 0.000000 1.000000
0.911637 0.262154 0.316533 0.000000 -0.199365 0.955550 -0.217204 13.214800 -0.359404 0.134906 0.923379 0.000000 0.000000 0.000000 0.000000 1.000000
0.911638 0.262154 0.316532 -0.000000 -0.199365 0.955550 -0.217203 13.214800 -0.359403 0.134905 0.923380 -0.000000 0.000000 0.000000 0.000000 1.000000
0.911637 0.262154 0.316533 0.000000 -0.199365 0.955550 -0.217204 13.214800 -0.359404 0.134905 0.923379 -0.000000 0.000000 0.000000 0.000000 1.000000
0.911637 0.262154 0.316533 -0.000000 -0.199365 0.955550 -0.217204 13.214800 -0.359404 0.134906 0.923379 0.000000 0.000000 0.000000 0.000000 1.000000
0.911637 0.262154 0.316533 0.000000 -0.199365 0.955550 -0.217204 13.214800 -0.359404 0.134905 0.923379 0.000000 0.000000 0.000000 0.000000 1.000000
0.911637 0.262154 0.316533 0.000000 -0.199365 0.955550 -0.217204 13.214800 -0.359404 0.134906 0.923379 0.000000 0.000000 0.000000 0.000000 1.000000
0.911637 0.262154 0.316533 0.000000 -0.199366 0.955550 -0.217204 13.214800 -0.359404 0.134906 0.923379 0.000000 0.000000 0.000000 0.000000 1.000000
0.911637 0.262154 0.316533 -0.000000 -0.199365 0.955550 -0.217204 13.214800 -0.359404 0.134906 0.923379 0.000000 0.000000 0.000000 0.000000 1.000000
0.911637 0.262154 0.316532 0.000000 -0.199365 0.955550 -0.217204 13.214800 -0.359403 0.134906 0.923380 -0.000000 0.000000 0.000000 0.000000 1.000000
0.911637 0.262153 0.316532 0.000000 -0.199365 0.955550 -0.217204 13.214800 -0.359403 0.134906 0.923380 0.000000 0.000000 0.000000 0.000000 1.000000
0.911637 0.262154 0.316533 0.000000 -0.199365 0.955550 -0.217204 13.214800 -0.359404 0.134905 0.923379 0.000000 0.000000 0.000000 0.000000 1.000000
0.911637 0.262154 0.316533 0.000000 -0.199365 0.955550 -0.217204 13.214800 -0.359404 0.134905 0.923379 -0.000000 0.000000 0.000000 0.000000 1.000000
0.911637 0.262154 0.316533 0.000000 -0.199365 0.955550 -0.217204 13.214800 -0.359403 0.134906 0.923379 0.000000 0.000000 0.000000 0.000000 1.000000
0.911638 0.262154 0.316532 -0.000000 -0.199366 0.955550 -0.217204 13.214800 -0.359403 0.134906 0.923380 0.000000 0.000000 0.000000 0.000000 1.000000
0.911637 0.262154 0.316532 0.000000 -0.199365 0.955550 -0.217204 13.214800 -0.359403 0.134906 0.923379 0.000000 0.000000 0.000000 0.000000 1.000000
0.911637 0.262154 0.316533 0.000000 -0.199366 0.955550 -0.217204 13.214800 -0.359404 0.134906 0.923379 0.000000 0.000000 0.000000 0.000000 1.000000
0.911637 0.262154 0.316533 0.000000 -0.199365 0.955550 -0.217204 13.214800 -0.359404 0.134905 0.923379 0.000000 0.000000 0.000000 0.000000 1.000000
0.911637 0.262154 0.316533 0.000000 -0.199365 0.955550 -0.217204 13.214800 -0.359404 0.134906 0.923379 -0.000000 0.000000 0.000000 0.000000 1.000000
0.911637 0.262154 0.316533 -0.000000 -0.199365 0.955550 -0.217204 13.214800 -0.359404 0.134906 0.923379 0.000000 0.000000 0.000000 0.000000 1.000000
0.911637 0.262154 0.316533 0.000000 -0.199365 0.955550 -0.217204 13.214800 -0.359404 0.134906 0.923379 0.000000 0.000000 0.000000 0.000000 1.000000
0.911637 0.262154 0.316533 0.000000 -0.199365 0.955550 -0.217204 13.214800 -0.359404 0.134906 0.923379 0.000000 0.000000 0.000000 0.000000 1.000000
0.911637 0.262154 0.316533 0.000000 -0.199365 0.955550 -0.217204 13.214800 -0.359404 0.134906 0.923379 0.000000 0.000000 0.000000 0.000000 1.000000
0.911637 0.262154 0.316533 0.000000 -0.199365 0.955550 -0.217204 13.214800 -0.359404 0.134906 0.923379 0.000000 0.000000 0.000000 0.000000 1.000000
0.911637 0.262154 0.316533 -0.000000 -0.199365 0.955550 -0.217204 13.214800 -0.359404 0.134906 0.923379 0.000000 0.000000 0.000000 0.000000 1.000000
0.911637 0.262154 0.316532 -0.000000 -0.199365 0.955550 -0.217204 13.214800 -0.359403 0.134906 0.923380 0.000000 0.000000 0.000000 0.000000 1.000000
0.911637 0.262154 0.316533 -0.000000 -0.199365 0.955550 -0.217204 13.214800 -0.359404 0.134906 0.923379 -0.000000 0.000000 0.000000 0.000000 1.000000
0.911637 0.262154 0.316532 0.000000 -0.199365 0.955550 -0.217204 13.214800 -0.359403 0.134906 0.923379 0.000000 0.000000 0.000000 0.000000 1.000000
0.911638 0.262154 0.316532 0.000000 -0.199366 0.955550 -0.217204 13.214800 -0.359403 0.134906 0.923380 0.000000 0.000000 0.000000 0.000000 1.000000
0.911637 0.262154 0.316533 0.000000 -0.199365 0.955550 -0.217204 13.214800 -0.359404 0.134906 0.923379 0.000000 0.000000 0.000000 0.000000 1.000000
0.911637 0.262154 0.316532 0.000000 -0.199365 0.955550 -0.217204 13.214800 -0.359403 0.134905 0.923380 0.000000 0.000000 0.000000 0.000000 1.000000
0.911637 0.262154 0.316533 0.000000 -0.199365 0.955550 -0.217204 13.214800 -0.359404 0.134906 0.923379 0.000000 0.000000 0.000000 0.000000 1.000000
0.911637 0.262154 0.316533 0.000000 -0.199365 0.955550 -0.217204 13.214800 -0.359404 0.134905 0.923379 -0.000000 0.000000 0.000000 0.000000 1.000000
0.911637 0.262154 0.316533 -0.000000 -0.199365 0.955550 -0.217204 13.214800 -0.359404 0.134906 0.923379 0.000000 0.000000 0.000000 0.000000 1.000000
0.911637 0.262154 0.316533 0.000000 -0.199365 0.955550 -0.217204 13.214800 -0.359404 0.134905 0.923379 0.000000 0.000000 0.000000 0.000000 1.000000
0.911637 0.262154 0.316533 -0.000000 -0.199365 0.955550 -0.217204 13.214800 -0.359404 0.134906 0.923379 0.000000 0.000000 0.000000 0.000000 1.000000
0.911637 0.262154 0.316533 0.000000 -0.199365 0.955550 -0.217204 13.214800 -0.359404 0.134906 0.923379 -0.000000 0.000000 0.000000 0.000000 1.000000
0.911637 0.262154 0.316533 0.000000 -0.199365 0.955550 -0.217204 13.214800 -0.359404 0.134906 0.923379 -0.000000 0.000000 0.000000 0.000000 1.000000
0.911637 0.262154 0.316532 -0.000000 -0.199365 0.955550 -0.217204 13.214800 -0.359403 0.134905 0.923380 0.000000 0.000000 0.000000 0.000000 1.000000
0.911637 0.262154 0.316533 -0.000000 -0.199365 0.955550 -0.217204 13.214800 -0.359404 0.134905 0.923379 0.000000 0.000000 0.000000 0.000000 1.000000
0.911637 0.262153 0.316532 0.000000 -0.199365 0.955550 -0.217204 13.214800 -0.359403 0.134905 0.923380 0.000000 0.000000 0.000000 0.000000 1.000000
0.911637 0.262154 0.316533 0.000000 -0.199365 0.955550 -0.217204 13.214800 -0.359403 0.134906 0.923379 0.000000 0.000000 0.000000 0.000000 1.000000
0.911638 0.262154 0.316532 0.000000 -0.199366 0.955550 -0.217204 13.214800 -0.359403 0.134905 0.923380 -0.000000 0.000000 0.000000 0.000000 1.000000
0.911637 0.262153 0.316532 0.000000 -0.199365 0.955550 -0.217204 13.214800 -0.359403 0.134905 0.923380 0.000000 0.000000 0.000000 0.000000 1.000000
0.911638 0.262154 0.316531 0.000000 -0.199366 0.955550 -0.217203 13.214800 -0.359402 0.134905 0.923380 0.000000 0.000000 0.000000 0.000000 1.000000
0.911637 0.262154 0.316533 -0.000000 -0.199365 0.955550 -0.217204 13.214800 -0.359404 0.134906 0.923379 0.000000 0.000000 0.000000 0.000000 1.000000
0.911637 0.262154 0.316533 -0.000000 -0.199365 0.955550 -0.217204 13.214800 -0.359404 0.134905 0.923379 -0.000000 0.000000 0.000000 0.000000 1.000000
0.911637 0.262154 0.316532 0.000000 -0.199365 0.955550 -0.217204 13.214800 -0.359403 0.134906 0.923380 0.000000 0.000000 0.000000 0.000000 1.000000
0.911637 0.262154 0.316532 -0.000000 -0.199366 0.955550 -0.217204 13.214800 -0.359404 0.134906 0.923379 0.000000 0.000000 0.000000 0.000000 1.000000
0.911637 0.262154 0.316533 0.000000 -0.199365 0.955550 -0.217204 13.214800 -0.359404 0.134906 0.923379 -0.000000 0.000000 0.000000 0.000000 1.000000
0.911637 0.262154 0.316532 -0.000000 -0.199365 0.955550 -0.217204 13.214800 -0.359403 0.134905 0.923380 0.000000 0.000000 0.000000 0.000000 1.000000
0.911637 0.262154 0.316533 0.000000 -0.199365 0.955550 -0.217204 13.214800 -0.359404 0.134905 0.923379 -0.000000 0.000000 0.000000 0.000000 1.000000
0.911637 0.262154 0.316532 -0.000000 -0.199365 0.955550 -0.217204 13.214800 -0.359403 0.134906 0.923380 0.000000 0.000000 0.000000 0.000000 1.000000
0.911637 0.262154 0.316532 0.000000 -0.199366 0.955550 -0.217204 13.214800 -0.359403 0.134906 0.923379 0.000000 0.000000 0.000000 0.000000 1.000000</float_array>
        <technique_common>
          <accessor source="#mixamorig_Spine-Matrix-animation-output-transform-array" count="56" stride="16">
            <param type="float4x4"/>
          </accessor>
        </technique_common>
      </source>
      <source id="mixamorig_Spine-Interpolations">
        <Name_array id="mixamorig_Spine-Interpolations-array" count="56">
 LINEAR LINEAR LINEAR LINEAR LINEAR LINEAR LINEAR LINEAR LINEAR LINEAR LINEAR
LINEAR LINEAR LINEAR LINEAR LINEAR LINEAR LINEAR LINEAR LINEAR LINEAR LINEAR LINEAR
LINEAR LINEAR LINEAR LINEAR LINEAR LINEAR LINEAR LINEAR LINEAR LINEAR LINEAR LINEAR
LINEAR LINEAR LINEAR LINEAR LINEAR LINEAR LINEAR LINEAR LINEAR LINEAR LINEAR LINEAR
LINEAR LINEAR LINEAR LINEAR LINEAR LINEAR LINEAR LINEAR LINEAR</Name_array>
        <technique_common>
          <accessor source="#mixamorig_Spine-Interpolations-array" count="56">
            <param type="name"/>
          </accessor>
        </technique_common>
      </source>
      <sampler id="mixamorig_Spine-Matrix-animation-transform">
        <input semantic="INPUT" source="#mixamorig_Spine-Matrix-animation-input"/>
        <input semantic="OUTPUT" source="#mixamorig_Spine-Matrix-animation-output-transform"/>
        <input semantic="INTERPOLATION" source="#mixamorig_Spine-Interpolations"/>
      </sampler>
      <channel source="#mixamorig_Spine-Matrix-animation-transform" target="mixamorig_Spine/matrix"/>
    </animation>
    <animation id="mixamorig_Spine1-anim" name="mixamorig_Spine1">
      <source id="mixamorig_Spine1-Matrix-animation-input">
        <float_array id="mixamorig_Spine1-Matrix-animation-input-array" count="56">

0.000000 0.033333 0.066667 0.100000 0.133333 0.166667 0.200000 0.233333 0.266667 0.300000 0.333333 0.366667 0.400000 0.433333 0.466667 0.500000
0.533333 0.566667 0.600000 0.633333 0.666667 0.700000 0.733333 0.766667 0.800000 0.833333 0.866667 0.900000 0.933333 0.966667 1.000000 1.033333
1.066667 1.100000 1.133333 1.166667 1.200000 1.233333 1.266667 1.300000 1.333333 1.366667 1.400000 1.433333 1.466667 1.500000 1.533333 1.566667
1.600000 1.633333 1.666667 1.700000 1.733333 1.766667 1.800000 1.833333</float_array>
        <technique_common>
          <accessor source="#mixamorig_Spine1-Matrix-animation-input-array" count="56">
            <param name="TIME" type="float"/>
          </accessor>
        </technique_common>
      </source>
      <source id="mixamorig_Spine1-Matrix-animation-output-transform">
        <float_array id="mixamorig_Spine1-Matrix-animation-output-transform-array" count="896">

0.921580 0.080753 0.379696 -0.000000 -0.021943 0.987396 -0.156738 9.224200 -0.387568 0.136115 0.911737 0.000000 0.000000 0.000000 0.000000 1.000000
0.921580 0.080753 0.379696 0.000000 -0.021943 0.987397 -0.156738 9.224200 -0.387568 0.136115 0.911737 0.000000 0.000000 0.000000 0.000000 1.000000
0.921580 0.080753 0.379696 -0.000000 -0.021943 0.987396 -0.156738 9.224200 -0.387568 0.136115 0.911737 0.000000 0.000000 0.000000 0.000000 1.000000
0.921580 0.080753 0.379696 0.000000 -0.021943 0.987396 -0.156738 9.224200 -0.387568 0.136115 0.911737 0.000000 0.000000 0.000000 0.000000 1.000000
0.921580 0.080753 0.379696 0.000000 -0.021943 0.987397 -0.156737 9.224200 -0.387568 0.136114 0.911737 0.000000 0.000000 0.000000 0.000000 1.000000
0.921580 0.080753 0.379697 -0.000000 -0.021943 0.987396 -0.156738 9.224200 -0.387568 0.136114 0.911737 0.000000 0.000000 0.000000 0.000000 1.000000
0.921580 0.080753 0.379696 -0.000000 -0.021943 0.987397 -0.156738 9.224200 -0.387568 0.136115 0.911737 0.000000 0.000000 0.000000 0.000000 1.000000
0.921580 0.080753 0.379696 0.000000 -0.021943 0.987397 -0.156738 9.224200 -0.387568 0.136114 0.911737 -0.000000 0.000000 0.000000 0.000000 1.000000
0.921580 0.080753 0.379696 0.000000 -0.021943 0.987396 -0.156738 9.224200 -0.387568 0.136115 0.911737 0.000000 0.000000 0.000000 0.000000 1.000000
0.921580 0.080753 0.379697 0.000000 -0.021943 0.987396 -0.156738 9.224200 -0.387568 0.136115 0.911737 0.000000 0.000000 0.000000 0.000000 1.000000
0.921580 0.080753 0.379696 -0.000000 -0.021943 0.987396 -0.156738 9.224200 -0.387568 0.136115 0.911737 0.000000 0.000000 0.000000 0.000000 1.000000
0.921580 0.080753 0.379696 0.000000 -0.021943 0.987396 -0.156738 9.224200 -0.387568 0.136115 0.911737 0.000000 0.000000 0.000000 0.000000 1.000000
0.921580 0.080753 0.379697 0.000000 -0.021943 0.987396 -0.156738 9.224200 -0.387568 0.136115 0.911737 -0.000000 0.000000 0.000000 0.000000 1.000000
0.921580 0.080753 0.379696 0.000000 -0.021943 0.987397 -0.156738 9.224200 -0.387568 0.136115 0.911737 0.000000 0.000000 0.000000 0.000000 1.000000
0.921580 0.080753 0.379696 0.000000 -0.021943 0.987396 -0.156738 9.224200 -0.387568 0.136115 0.911737 0.000000 0.000000 0.000000 0.000000 1.000000
0.921580 0.080753 0.379696 0.000000 -0.021943 0.987396 -0.156738 9.224200 -0.387568 0.136115 0.911737 0.000000 0.000000 0.000000 0.000000 1.000000
0.921580 0.080753 0.379696 -0.000000 -0.021943 0.987396 -0.156738 9.224200 -0.387568 0.136115 0.911737 0.000000 0.000000 0.000000 0.000000 1.000000
0.921580 0.080753 0.379696 -0.000000 -0.021943 0.987397 -0.156738 9.224200 -0.387568 0.136115 0.911737 0.000000 0.000000 0.000000 0.000000 1.000000
0.921580 0.080753 0.379696 -0.000000 -0.021943 0.987396 -0.156738 9.224200 -0.387568 0.136115 0.911737 0.000000 0.000000 0.000000 0.000000 1.000000
0.921580 0.080753 0.379696 0.000000 -0.021943 0.987396 -0.156738 9.224200 -0.387568 0.136115 0.911737 0.000000 0.000000 0.000000 0.000000 1.000000
0.921580 0.080753 0.379696 0.000000 -0.021943 0.987397 -0.156738 9.224200 -0.387568 0.136115 0.911737 -0.000000 0.000000 0.000000 0.000000 1.000000
0.921580 0.080753 0.379696 0.000000 -0.021943 0.987396 -0.156738 9.224200 -0.387568 0.136115 0.911737 0.000000 0.000000 0.000000 0.000000 1.000000
0.921580 0.080753 0.379696 -0.000000 -0.021943 0.987396 -0.156738 9.224200 -0.387568 0.136115 0.911737 0.000000 0.000000 0.000000 0.000000 1.000000
0.921580 0.080753 0.379696 0.000000 -0.021943 0.987396 -0.156738 9.224200 -0.387568 0.136115 0.911737 0.000000 0.000000 0.000000 0.000000 1.000000
0.921580 0.080753 0.379696 0.000000 -0.021943 0.987396 -0.156738 9.224200 -0.387568 0.136115 0.911737 0.000000 0.000000 0.000000 0.000000 1.000000
0.921580 0.080753 0.379696 -0.000000 -0.021943 0.987396 -0.156738 9.224200 -0.387568 0.136115 0.911737 0.000000 0.000000 0.000000 0.000000 1.000000
0.921580 0.080753 0.379696 -0.000000 -0.021943 0.987396 -0.156738 9.224200 -0.387568 0.136115 0.911737 0.000000 0.000000 0.000000 0.000000 1.000000
0.921580 0.080753 0.379696 0.000000 -0.021943 0.987396 -0.156738 9.224200 -0.387568 0.136115 0.911737 0.000000 0.000000 0.000000 0.000000 1.000000
0.921580 0.080753 0.379696 0.000000 -0.021943 0.987397 -0.156738 9.224200 -0.387568 0.136114 0.911737 0.000000 0.000000 0.000000 0.000000 1.000000
0.921580 0.080753 0.379696 -0.000000 -0.021943 0.987397 -0.156738 9.224200 -0.387568 0.136114 0.911737 0.000000 0.000000 0.000000 0.000000 1.000000
0.921580 0.080753 0.379697 0.000000 -0.021943 0.987396 -0.156738 9.224200 -0.387568 0.136115 0.911737 -0.000000 0.000000 0.000000 0.000000 1.000000
0.921580 0.080753 0.379696 0.000000 -0.021943 0.987396 -0.156738 9.224200 -0.387568 0.136115 0.911737 0.000000 0.000000 0.000000 0.000000 1.000000
0.921580 0.080753 0.379697 0.000000 -0.021943 0.987396 -0.156738 9.224200 -0.387568 0.136115 0.911737 0.000000 0.000000 0.000000 0.000000 1.000000
0.921580 0.080753 0.379697 0.000000 -0.021943 0.987396 -0.156738 9.224200 -0.387568 0.136115 0.911737 0.000000 0.000000 0.000000 0.000000 1.000000
0.921580 0.080753 0.379696 0.000000 -0.021943 0.987396 -0.156738 9.224200 -0.387568 0.136115 0.911737 -0.000000 0.000000 0.000000 0.000000 1.000000
0.921580 0.080753 0.379696 -0.000000 -0.021943 0.987396 -0.156738 9.224200 -0.387568 0.136115 0.911737 0.000000 0.000000 0.000000 0.000000 1.000000
0.921580 0.080753 0.379696 -0.000000 -0.021943 0.987396 -0.156738 9.224200 -0.387568 0.136115 0.911737 0.000000 0.000000 0.000000 0.000000 1.000000
0.921580 0.080753 0.379696 -0.000000 -0.021943 0.987397 -0.156738 9.224200 -0.387568 0.136114 0.911737 0.000000 0.000000 0.000000 0.000000 1.000000
0.921580 0.080753 0.379696 0.000000 -0.021943 0.987396 -0.156738 9.224200 -0.387568 0.136115 0.911737 0.000000 0.000000 0.000000 0.000000 1.000000
0.921580 0.080753 0.379696 0.000000 -0.021943 0.987397 -0.156738 9.224200 -0.387568 0.136115 0.911737 -0.000000 0.000000 0.000000 0.000000 1.000000
0.921580 0.080753 0.379696 0.000000 -0.021943 0.987396 -0.156738 9.224200 -0.387568 0.136115 0.911737 0.000000 0.000000 0.000000 0.000000 1.000000
0.921580 0.080753 0.379696 0.000000 -0.021943 0.987397 -0.156737 9.224200 -0.387568 0.136114 0.911737 0.000000 0.000000 0.000000 0.000000 1.000000
0.921580 0.080753 0.379696 -0.000000 -0.021943 0.987396 -0.156738 9.224200 -0.387568 0.136115 0.911737 0.000000 0.000000 0.000000 0.000000 1.000000
0.921580 0.080753 0.379696 -0.000000 -0.021943 0.987397 -0.156738 9.224200 -0.387568 0.136115 0.911737 0.000000 0.000000 0.000000 0.000000 1.000000
0.921580 0.080753 0.379696 0.000000 -0.021943 0.987397 -0.156737 9.224200 -0.387567 0.136114 0.911737 0.000000 0.000000 0.000000 0.000000 1.000000
0.921580 0.080753 0.379696 0.000000 -0.021943 0.987396 -0.156738 9.224200 -0.387568 0.136115 0.911737 0.000000 0.000000 0.000000 0.000000 1.000000
0.921580 0.080753 0.379696 0.000000 -0.021943 0.987396 -0.156738 9.224200 -0.387568 0.136115 0.911737 0.000000 0.000000 0.000000 0.000000 1.000000
0.921580 0.080753 0.379696 -0.000000 -0.021943 0.987396 -0.156738 9.224200 -0.387568 0.136115 0.911737 -0.000000 0.000000 0.000000 0.000000 1.000000
0.921580 0.080753 0.379696 0.000000 -0.021943 0.987396 -0.156738 9.224200 -0.387568 0.136115 0.911737 -0.000000 0.000000 0.000000 0.000000 1.000000
0.921580 0.080753 0.379696 -0.000000 -0.021943 0.987397 -0.156738 9.224200 -0.387568 0.136115 0.911737 0.000000 0.000000 0.000000 0.000000 1.000000
0.921580 0.080753 0.379697 -0.000000 -0.021943 0.987396 -0.156738 9.224200 -0.387568 0.136115 0.911737 0.000000 0.000000 0.000000 0.000000 1.000000
0.921580 0.080753 0.379696 0.000000 -0.021943 0.987396 -0.156738 9.224200 -0.387568 0.136115 0.911737 0.000000 0.000000 0.000000 0.000000 1.000000
0.921580 0.080753 0.379696 0.000000 -0.021943 0.987397 -0.156738 9.224200 -0.387568 0.136115 0.911737 0.000000 0.000000 0.000000 0.000000 1.000000
0.921580 0.080753 0.379696 -0.000000 -0.021943 0.987396 -0.156738 9.224200 -0.387568 0.136115 0.911737 0.000000 0.000000 0.000000 0.000000 1.000000
0.921580 0.080753 0.379696 0.000000 -0.021943 0.987397 -0.156738 9.224200 -0.387568 0.136115 0.911737 -0.000000 0.000000 0.000000 0.000000 1.000000
0.921580 0.080753 0.379696 0.000000 -0.021943 0.987396 -0.156738 9.224200 -0.387568 0.136115 0.911737 -0.000000 0.000000 0.000000 0.000000 1.000000</float_array>
        <technique_common>
          <accessor source="#mixamorig_Spine1-Matrix-animation-output-transform-array" count="56" stride="16">
            <param type="float4x4"/>
          </accessor>
        </technique_common>
      </source>
      <source id="mixamorig_Spine1-Interpolations">
        <Name_array id="mixamorig_Spine1-Interpolations-array" count="56">
 LINEAR LINEAR LINEAR LINEAR LINEAR LINEAR LINEAR LINEAR LINEAR LINEAR LINEAR
LINEAR LINEAR LINEAR LINEAR LINEAR LINEAR LINEAR LINEAR LINEAR LINEAR LINEAR LINEAR
LINEAR LINEAR LINEAR LINEAR LINEAR LINEAR LINEAR LINEAR LINEAR LINEAR LINEAR LINEAR
LINEAR LINEAR LINEAR LINEAR LINEAR LINEAR LINEAR LINEAR LINEAR LINEAR LINEAR LINEAR
LINEAR LINEAR LINEAR LINEAR LINEAR LINEAR LINEAR LINEAR LINEAR</Name_array>
        <technique_common>
          <accessor source="#mixamorig_Spine1-Interpolations-array" count="56">
            <param type="name"/>
          </accessor>
        </technique_common>
      </source>
      <sampler id="mixamorig_Spine1-Matrix-animation-transform">
        <input semantic="INPUT" source="#mixamorig_Spine1-Matrix-animation-input"/>
        <input semantic="OUTPUT" source="#mixamorig_Spine1-Matrix-animation-output-transform"/>
        <input semantic="INTERPOLATION" source="#mixamorig_Spine1-Interpolations"/>
      </sampler>
      <channel source="#mixamorig_Spine1-Matrix-animation-transform" target="mixamorig_Spine1/matrix"/>
    </animation>
    <animation id="mixamorig_Spine2-anim" name="mixamorig_Spine2">
      <source id="mixamorig_Spine2-Matrix-animation-input">
        <float_array id="mixamorig_Spine2-Matrix-animation-input-array" count="56">

0.000000 0.033333 0.066667 0.100000 0.133333 0.166667 0.200000 0.233333 0.266667 0.300000 0.333333 0.366667 0.400000 0.433333 0.466667 0.500000
0.533333 0.566667 0.600000 0.633333 0.666667 0.700000 0.733333 0.766667 0.800000 0.833333 0.866667 0.900000 0.933333 0.966667 1.000000 1.033333
1.066667 1.100000 1.133333 1.166667 1.200000 1.233333 1.266667 1.300000 1.333333 1.366667 1.400000 1.433333 1.466667 1.500000 1.533333 1.566667
1.600000 1.633333 1.666667 1.700000 1.733333 1.766667 1.800000 1.833333</float_array>
        <technique_common>
          <accessor source="#mixamorig_Spine2-Matrix-animation-input-array" count="56">
            <param name="TIME" type="float"/>
          </accessor>
        </technique_common>
      </source>
      <source id="mixamorig_Spine2-Matrix-animation-output-transform">
        <float_array id="mixamorig_Spine2-Matrix-animation-output-transform-array" count="896">

0.982668 0.112936 0.146999 0.000000 -0.099070 0.990196 -0.098473 11.063000 -0.156679 0.082203 0.984223 0.000000 0.000000 0.000000 0.000000 1.000000
0.982668 0.112936 0.146999 -0.000000 -0.099070 0.990196 -0.098473 11.063000 -0.156679 0.082203 0.984223 0.000000 0.000000 0.000000 0.000000 1.000000
0.982668 0.112936 0.146999 0.000000 -0.099070 0.990196 -0.098473 11.063000 -0.156679 0.082203 0.984223 -0.000000 0.000000 0.000000 0.000000 1.000000
0.982668 0.112936 0.146999 -0.000000 -0.099070 0.990196 -0.098473 11.063000 -0.156679 0.082203 0.984223 0.000000 0.000000 0.000000 0.000000 1.000000
0.982668 0.112936 0.146999 0.000000 -0.099070 0.990196 -0.098473 11.063000 -0.156679 0.082203 0.984223 0.000000 0.000000 0.000000 0.000000 1.000000
0.982668 0.112936 0.146999 -0.000000 -0.099070 0.990196 -0.098473 11.063000 -0.156679 0.082203 0.984223 0.000000 0.000000 0.000000 0.000000 1.000000
0.982668 0.112936 0.146999 0.000000 -0.099070 0.990196 -0.098473 11.063000 -0.156679 0.082203 0.984223 0.000000 0.000000 0.000000 0.000000 1.000000
0.982668 0.112936 0.146999 0.000000 -0.099070 0.990196 -0.098473 11.063000 -0.156679 0.082203 0.984223 0.000000 0.000000 0.000000 0.000000 1.000000
0.982668 0.112936 0.146999 0.000000 -0.099070 0.990196 -0.098473 11.063000 -0.156679 0.082203 0.984223 0.000000 0.000000 0.000000 0.000000 1.000000
0.982668 0.112936 0.146999 0.000000 -0.099070 0.990196 -0.098473 11.063000 -0.156679 0.082203 0.984223 0.000000 0.000000 0.000000 0.000000 1.000000
0.982668 0.112936 0.146999 0.000000 -0.099070 0.990196 -0.098473 11.063000 -0.156679 0.082203 0.984223 0.000000 0.000000 0.000000 0.000000 1.000000
0.982668 0.112936 0.146999 0.000000 -0.099070 0.990196 -0.098473 11.063000 -0.156679 0.082203 0.984223 0.000000 0.000000 0.000000 0.000000 1.000000
0.982668 0.112936 0.146999 -0.000000 -0.099070 0.990196 -0.098473 11.063000 -0.156679 0.082203 0.984223 -0.000000 0.000000 0.000000 0.000000 1.000000
0.982668 0.112936 0.146999 0.000000 -0.099070 0.990196 -0.098473 11.063000 -0.156679 0.082203 0.984223 0.000000 0.000000 0.000000 0.000000 1.000000
0.982668 0.112936 0.146999 0.000000 -0.099070 0.990196 -0.098473 11.063000 -0.156679 0.082203 0.984223 0.000000 0.000000 0.000000 0.000000 1.000000
0.982668 0.112936 0.146999 0.000000 -0.099070 0.990196 -0.098473 11.063000 -0.156679 0.082203 0.984223 0.000000 0.000000 0.000000 0.000000 1.000000
0.982668 0.112936 0.146999 0.000000 -0.099070 0.990196 -0.098473 11.063000 -0.156679 0.082203 0.984223 0.000000 0.000000 0.000000 0.000000 1.000000
0.982668 0.112936 0.146999 -0.000000 -0.099070 0.990196 -0.098473 11.063000 -0.156679 0.082203 0.984223 0.000000 0.000000 0.000000 0.000000 1.000000
0.982668 0.112936 0.146999 0.000000 -0.099070 0.990196 -0.098473 11.063000 -0.156679 0.082203 0.984223 0.000000 0.000000 0.000000 0.000000 1.000000
0.982668 0.112936 0.146999 0.000000 -0.099070 0.990196 -0.098473 11.063000 -0.156679 0.082203 0.984223 0.000000 0.000000 0.000000 0.000000 1.000000
0.982668 0.112936 0.146999 0.000000 -0.099070 0.990196 -0.098473 11.063000 -0.156679 0.082203 0.984223 -0.000000 0.000000 0.000000 0.000000 1.000000
0.982668 0.112936 0.146999 -0.000000 -0.099070 0.990196 -0.098473 11.063000 -0.156679 0.082203 0.984223 0.000000 0.000000 0.000000 0.000000 1.000000
0.982668 0.112936 0.146999 0.000000 -0.099070 0.990196 -0.098473 11.063000 -0.156679 0.082203 0.984223 -0.000000 0.000000 0.000000 0.000000 1.000000
0.982668 0.112936 0.146999 -0.000000 -0.099070 0.990196 -0.098473 11.063000 -0.156679 0.082203 0.984223 0.000000 0.000000 0.000000 0.000000 1.000000
0.982668 0.112936 0.146999 0.000000 -0.099070 0.990196 -0.098473 11.063000 -0.156679 0.082203 0.984223 0.000000 0.000000 0.000000 0.000000 1.000000
0.982668 0.112936 0.146999 0.000000 -0.099070 0.990196 -0.098473 11.063000 -0.156679 0.082203 0.984223 0.000000 0.000000 0.000000 0.000000 1.000000
0.982668 0.112936 0.146999 0.000000 -0.099070 0.990196 -0.098473 11.063000 -0.156679 0.082203 0.984223 -0.000000 0.000000 0.000000 0.000000 1.000000
0.982668 0.112936 0.146999 0.000000 -0.099070 0.990196 -0.098473 11.063000 -0.156679 0.082203 0.984223 0.000000 0.000000 0.000000 0.000000 1.000000
0.982668 0.112936 0.146999 0.000000 -0.099070 0.990196 -0.098473 11.063000 -0.156679 0.082203 0.984223 -0.000000 0.000000 0.000000 0.000000 1.000000
0.982668 0.112936 0.146999 -0.000000 -0.099070 0.990196 -0.098473 11.063000 -0.156679 0.082203 0.984223 0.000000 0.000000 0.000000 0.000000 1.000000
0.982668 0.112936 0.146999 0.000000 -0.099070 0.990196 -0.098473 11.063000 -0.156679 0.082203 0.984223 0.000000 0.000000 0.000000 0.000000 1.000000
0.982668 0.112936 0.146999 0.000000 -0.099070 0.990196 -0.098473 11.063000 -0.156679 0.082203 0.984223 0.000000 0.000000 0.000000 0.000000 1.000000
0.982668 0.112936 0.146999 0.000000 -0.099070 0.990196 -0.098473 11.063000 -0.156679 0.082203 0.984223 -0.000000 0.000000 0.000000 0.000000 1.000000
0.982668 0.112936 0.146999 0.000000 -0.099070 0.990196 -0.098473 11.063000 -0.156679 0.082203 0.984223 0.000000 0.000000 0.000000 0.000000 1.000000
0.982668 0.112936 0.146999 0.000000 -0.099070 0.990196 -0.098473 11.063000 -0.156679 0.082203 0.984223 0.000000 0.000000 0.000000 0.000000 1.000000
0.982668 0.112936 0.146999 0.000000 -0.099070 0.990196 -0.098473 11.063000 -0.156679 0.082203 0.984223 0.000000 0.000000 0.000000 0.000000 1.000000
0.982668 0.112936 0.146999 0.000000 -0.099070 0.990196 -0.098473 11.063000 -0.156679 0.082203 0.984223 0.000000 0.000000 0.000000 0.000000 1.000000
0.982668 0.112936 0.147000 0.000000 -0.099070 0.990196 -0.098473 11.063000 -0.156680 0.082203 0.984223 0.000000 0.000000 0.000000 0.000000 1.000000
0.982668 0.112936 0.146999 0.000000 -0.099070 0.990196 -0.098473 11.063000 -0.156679 0.082203 0.984223 0.000000 0.000000 0.000000 0.000000 1.000000
0.982668 0.112936 0.146999 0.000000 -0.099070 0.990196 -0.098473 11.063000 -0.156679 0.082203 0.984223 -0.000000 0.000000 0.000000 0.000000 1.000000
0.982668 0.112936 0.146999 -0.000000 -0.099070 0.990196 -0.098473 11.063000 -0.156679 0.082203 0.984223 0.000000 0.000000 0.000000 0.000000 1.000000
0.982668 0.112936 0.146999 0.000000 -0.099070 0.990196 -0.098473 11.063000 -0.156679 0.082203 0.984223 0.000000 0.000000 0.000000 0.000000 1.000000
0.982668 0.112936 0.146999 -0.000000 -0.099070 0.990196 -0.098473 11.063000 -0.156679 0.082203 0.984223 0.000000 0.000000 0.000000 0.000000 1.000000
0.982668 0.112936 0.146999 0.000000 -0.099070 0.990196 -0.098473 11.063000 -0.156679 0.082203 0.984223 0.000000 0.000000 0.000000 0.000000 1.000000
0.982668 0.112936 0.146999 0.000000 -0.099070 0.990196 -0.098473 11.063000 -0.156679 0.082203 0.984223 0.000000 0.000000 0.000000 0.000000 1.000000
0.982668 0.112936 0.146999 0.000000 -0.099070 0.990196 -0.098473 11.063000 -0.156679 0.082203 0.984223 0.000000 0.000000 0.000000 0.000000 1.000000
0.982668 0.112936 0.146999 0.000000 -0.099070 0.990196 -0.098473 11.063000 -0.156679 0.082203 0.984223 -0.000000 0.000000 0.000000 0.000000 1.000000
0.982668 0.112936 0.146999 0.000000 -0.099070 0.990196 -0.098473 11.063000 -0.156679 0.082203 0.984223 0.000000 0.000000 0.000000 0.000000 1.000000
0.982668 0.112936 0.146999 -0.000000 -0.099070 0.990196 -0.098473 11.063000 -0.156679 0.082203 0.984223 0.000000 0.000000 0.000000 0.000000 1.000000
0.982668 0.112936 0.146999 0.000000 -0.099070 0.990196 -0.098473 11.063000 -0.156679 0.082203 0.984223 -0.000000 0.000000 0.000000 0.000000 1.000000
0.982668 0.112936 0.146999 0.000000 -0.099070 0.990196 -0.098473 11.063000 -0.156679 0.082203 0.984223 -0.000000 0.000000 0.000000 0.000000 1.000000
0.982668 0.112936 0.146999 0.000000 -0.099070 0.990196 -0.098473 11.063000 -0.156679 0.082203 0.984223 0.000000 0.000000 0.000000 0.000000 1.000000
0.982668 0.112936 0.146999 -0.000000 -0.099070 0.990196 -0.098473 11.063000 -0.156679 0.082203 0.984223 0.000000 0.000000 0.000000 0.000000 1.000000
0.982668 0.112936 0.146999 0.000000 -0.099070 0.990196 -0.098473 11.063000 -0.156679 0.082203 0.984223 -0.000000 0.000000 0.000000 0.000000 1.000000
0.982668 0.112936 0.146999 0.000000 -0.099070 0.990196 -0.098473 11.063000 -0.156679 0.082203 0.984223 0.000000 0.000000 0.000000 0.000000 1.000000
0.982668 0.112936 0.146999 0.000000 -0.099070 0.990196 -0.098473 11.063000 -0.156679 0.082203 0.984223 0.000000 0.000000 0.000000 0.000000 1.000000</float_array>
        <technique_common>
          <accessor source="#mixamorig_Spine2-Matrix-animation-output-transform-array" count="56" stride="16">
            <param type="float4x4"/>
          </accessor>
        </technique_common>
      </source>
      <source id="mixamorig_Spine2-Interpolations">
        <Name_array id="mixamorig_Spine2-Interpolations-array" count="56">
 LINEAR LINEAR LINEAR LINEAR LINEAR LINEAR LINEAR LINEAR LINEAR LINEAR LINEAR
LINEAR LINEAR LINEAR LINEAR LINEAR LINEAR LINEAR LINEAR LINEAR LINEAR LINEAR LINEAR
LINEAR LINEAR LINEAR LINEAR LINEAR LINEAR LINEAR LINEAR LINEAR LINEAR LINEAR LINEAR
LINEAR LINEAR LINEAR LINEAR LINEAR LINEAR LINEAR LINEAR LINEAR LINEAR LINEAR LINEAR
LINEAR LINEAR LINEAR LINEAR LINEAR LINEAR LINEAR LINEAR LINEAR</Name_array>
        <technique_common>
          <accessor source="#mixamorig_Spine2-Interpolations-array" count="56">
            <param type="name"/>
          </accessor>
        </technique_common>
      </source>
      <sampler id="mixamorig_Spine2-Matrix-animation-transform">
        <input semantic="INPUT" source="#mixamorig_Spine2-Matrix-animation-input"/>
        <input semantic="OUTPUT" source="#mixamorig_Spine2-Matrix-animation-output-transform"/>
        <input semantic="INTERPOLATION" source="#mixamorig_Spine2-Interpolations"/>
      </sampler>
      <channel source="#mixamorig_Spine2-Matrix-animation-transform" target="mixamorig_Spine2/matrix"/>
    </animation>
    <animation id="mixamorig_Neck-anim" name="mixamorig_Neck">
      <source id="mixamorig_Neck-Matrix-animation-input">
        <float_array id="mixamorig_Neck-Matrix-animation-input-array" count="56">

0.000000 0.033333 0.066667 0.100000 0.133333 0.166667 0.200000 0.233333 0.266667 0.300000 0.333333 0.366667 0.400000 0.433333 0.466667 0.500000
0.533333 0.566667 0.600000 0.633333 0.666667 0.700000 0.733333 0.766667 0.800000 0.833333 0.866667 0.900000 0.933333 0.966667 1.000000 1.033333
1.066667 1.100000 1.133333 1.166667 1.200000 1.233333 1.266667 1.300000 1.333333 1.366667 1.400000 1.433333 1.466667 1.500000 1.533333 1.566667
1.600000 1.633333 1.666667 1.700000 1.733333 1.766667 1.800000 1.833333</float_array>
        <technique_common>
          <accessor source="#mixamorig_Neck-Matrix-animation-input-array" count="56">
            <param name="TIME" type="float"/>
          </accessor>
        </technique_common>
      </source>
      <source id="mixamorig_Neck-Matrix-animation-output-transform">
        <float_array id="mixamorig_Neck-Matrix-animation-output-transform-array" count="896">

0.989305 0.118239 0.085417 -0.006000 -0.096652 0.969958 -0.223250 23.723499 -0.109247 0.212607 0.971012 -1.446200 0.000000 0.000000 0.000000 1.000000
0.989305 0.118239 0.085416 -0.006000 -0.096651 0.969958 -0.223250 23.723499 -0.109247 0.212607 0.971012 -1.446200 0.000000 0.000000 0.000000 1.000000
0.989305 0.118239 0.085417 -0.006000 -0.096652 0.969958 -0.223250 23.723499 -0.109247 0.212607 0.971012 -1.446200 0.000000 0.000000 0.000000 1.000000
0.989305 0.118239 0.085416 -0.006000 -0.096651 0.969958 -0.223250 23.723499 -0.109247 0.212607 0.971012 -1.446200 0.000000 0.000000 0.000000 1.000000
0.989305 0.118239 0.085417 -0.006000 -0.096652 0.969958 -0.223250 23.723499 -0.109247 0.212607 0.971012 -1.446200 0.000000 0.000000 0.000000 1.000000
0.989305 0.118239 0.085416 -0.006000 -0.096651 0.969958 -0.223250 23.723499 -0.109247 0.212607 0.971012 -1.446200 0.000000 0.000000 0.000000 1.000000
0.989305 0.118239 0.085416 -0.006000 -0.096651 0.969958 -0.223250 23.723499 -0.109247 0.212607 0.971012 -1.446200 0.000000 0.000000 0.000000 1.000000
0.989305 0.118239 0.085417 -0.006000 -0.096652 0.969958 -0.223250 23.723499 -0.109247 0.212607 0.971012 -1.446200 0.000000 0.000000 0.000000 1.000000
0.989305 0.118239 0.085417 -0.006000 -0.096651 0.969958 -0.223250 23.723499 -0.109247 0.212607 0.971012 -1.446200 0.000000 0.000000 0.000000 1.000000
0.989305 0.118239 0.085417 -0.006000 -0.096651 0.969958 -0.223250 23.723499 -0.109248 0.212607 0.971012 -1.446200 0.000000 0.000000 0.000000 1.000000
0.989305 0.118239 0.085416 -0.006000 -0.096651 0.969958 -0.223250 23.723499 -0.109247 0.212607 0.971012 -1.446200 0.000000 0.000000 0.000000 1.000000
0.989305 0.118239 0.085416 -0.006000 -0.096651 0.969958 -0.223250 23.723499 -0.109247 0.212607 0.971012 -1.446200 0.000000 0.000000 0.000000 1.000000
0.989305 0.118239 0.085416 -0.006000 -0.096651 0.969958 -0.223250 23.723499 -0.109247 0.212607 0.971012 -1.446200 0.000000 0.000000 0.000000 1.000000
0.989305 0.118239 0.085416 -0.006000 -0.096651 0.969958 -0.223250 23.723499 -0.109247 0.212607 0.971012 -1.446200 0.000000 0.000000 0.000000 1.000000
0.989305 0.118239 0.085417 -0.006000 -0.096651 0.969958 -0.223250 23.723499 -0.109247 0.212607 0.971012 -1.446200 0.000000 0.000000 0.000000 1.000000
0.989305 0.118239 0.085416 -0.006000 -0.096651 0.969958 -0.223250 23.723499 -0.109247 0.212607 0.971012 -1.446200 0.000000 0.000000 0.000000 1.000000
0.989305 0.118239 0.085416 -0.006000 -0.096651 0.969958 -0.223250 23.723499 -0.109247 0.212607 0.971012 -1.446200 0.000000 0.000000 0.000000 1.000000
0.989305 0.118239 0.085417 -0.006000 -0.096651 0.969958 -0.223250 23.723499 -0.109247 0.212607 0.971012 -1.446200 0.000000 0.000000 0.000000 1.000000
0.989305 0.118239 0.085417 -0.006000 -0.096651 0.969958 -0.223250 23.723499 -0.109247 0.212607 0.971012 -1.446200 0.000000 0.000000 0.000000 1.000000
0.989305 0.118239 0.085417 -0.006000 -0.096651 0.969958 -0.223250 23.723499 -0.109247 0.212607 0.971012 -1.446200 0.000000 0.000000 0.000000 1.000000
0.989305 0.118239 0.085416 -0.006000 -0.096651 0.969958 -0.223250 23.723499 -0.109247 0.212607 0.971012 -1.446200 0.000000 0.000000 0.000000 1.000000
0.989305 0.118239 0.085416 -0.006000 -0.096651 0.969958 -0.223250 23.723499 -0.109247 0.212607 0.971012 -1.446200 0.000000 0.000000 0.000000 1.000000
0.989305 0.118239 0.085417 -0.006000 -0.096651 0.969958 -0.223250 23.723499 -0.109247 0.212607 0.971012 -1.446200 0.000000 0.000000 0.000000 1.000000
0.989305 0.118239 0.085417 -0.006000 -0.096651 0.969958 -0.223250 23.723499 -0.109247 0.212607 0.971012 -1.446200 0.000000 0.000000 0.000000 1.000000
0.989305 0.118239 0.085416 -0.006000 -0.096651 0.969958 -0.223250 23.723499 -0.109247 0.212607 0.971012 -1.446200 0.000000 0.000000 0.000000 1.000000
0.989305 0.118239 0.085417 -0.006000 -0.096651 0.969958 -0.223250 23.723499 -0.109247 0.212607 0.971012 -1.446200 0.000000 0.000000 0.000000 1.000000
0.989305 0.118239 0.085417 -0.006000 -0.096651 0.969958 -0.223250 23.723499 -0.109247 0.212607 0.971012 -1.446200 0.000000 0.000000 0.000000 1.000000
0.989305 0.118239 0.085417 -0.006000 -0.096651 0.969958 -0.223250 23.723499 -0.109247 0.212607 0.971012 -1.446200 0.000000 0.000000 0.000000 1.000000
0.989305 0.118239 0.085417 -0.006000 -0.096651 0.969958 -0.223250 23.723499 -0.109248 0.212607 0.971012 -1.446200 0.000000 0.000000 0.000000 1.000000
0.989305 0.118239 0.085417 -0.006000 -0.096651 0.969958 -0.223250 23.723499 -0.109247 0.212607 0.971011 -1.446200 0.000000 0.000000 0.000000 1.000000
0.989305 0.118239 0.085417 -0.006000 -0.096651 0.969958 -0.223250 23.723499 -0.109247 0.212607 0.971012 -1.446200 0.000000 0.000000 0.000000 1.000000
0.989305 0.118239 0.085417 -0.006000 -0.096651 0.969958 -0.223250 23.723499 -0.109248 0.212607 0.971011 -1.446200 0.000000 0.000000 0.000000 1.000000
0.989305 0.118239 0.085416 -0.006000 -0.096651 0.969958 -0.223250 23.723499 -0.109247 0.212607 0.971012 -1.446200 0.000000 0.000000 0.000000 1.000000
0.989305 0.118239 0.085416 -0.006000 -0.096651 0.969958 -0.223250 23.723499 -0.109247 0.212607 0.971012 -1.446200 0.000000 0.000000 0.000000 1.000000
0.989305 0.118239 0.085417 -0.006000 -0.096651 0.969958 -0.223250 23.723499 -0.109247 0.212607 0.971012 -1.446200 0.000000 0.000000 0.000000 1.000000
0.989305 0.118239 0.085416 -0.006000 -0.096651 0.969958 -0.223250 23.723499 -0.109247 0.212607 0.971012 -1.446200 0.000000 0.000000 0.000000 1.000000
0.989305 0.118239 0.085417 -0.006000 -0.096651 0.969958 -0.223250 23.723499 -0.109247 0.212607 0.971012 -1.446200 0.000000 0.000000 0.000000 1.000000
0.989305 0.118239 0.085416 -0.006000 -0.096651 0.969958 -0.223250 23.723499 -0.109247 0.212607 0.971012 -1.446200 0.000000 0.000000 0.000000 1.000000
0.989305 0.118239 0.085416 -0.006000 -0.096651 0.969958 -0.223250 23.723499 -0.109247 0.212607 0.971012 -1.446200 0.000000 0.000000 0.000000 1.000000
0.989305 0.118239 0.085416 -0.006000 -0.096651 0.969958 -0.223250 23.723499 -0.109247 0.212607 0.971012 -1.446200 0.000000 0.000000 0.000000 1.000000
0.989305 0.118239 0.085416 -0.006000 -0.096651 0.969958 -0.223250 23.723499 -0.109247 0.212607 0.971012 -1.446200 0.000000 0.000000 0.000000 1.000000
0.989305 0.118239 0.085417 -0.006000 -0.096651 0.969958 -0.223250 23.723499 -0.109247 0.212607 0.971012 -1.446200 0.000000 0.000000 0.000000 1.000000
0.989305 0.118239 0.085417 -0.006000 -0.096651 0.969958 -0.223250 23.723499 -0.109247 0.212607 0.971012 -1.446200 0.000000 0.000000 0.000000 1.000000
0.989305 0.118239 0.085417 -0.006000 -0.096651 0.969958 -0.223250 23.723499 -0.109248 0.212607 0.971011 -1.446200 0.000000 0.000000 0.000000 1.000000
0.989305 0.118239 0.085417 -0.006000 -0.096652 0.969958 -0.223250 23.723499 -0.109248 0.212607 0.971011 -1.446200 0.000000 0.000000 0.000000 1.000000
0.989305 0.118239 0.085416 -0.006000 -0.096652 0.969958 -0.223250 23.723499 -0.109247 0.212607 0.971012 -1.446200 0.000000 0.000000 0.000000 1.000000
0.989305 0.118239 0.085417 -0.006000 -0.096651 0.969958 -0.223250 23.723499 -0.109247 0.212607 0.971012 -1.446200 0.000000 0.000000 0.000000 1.000000
0.989305 0.118239 0.085416 -0.006000 -0.096651 0.969958 -0.223250 23.723499 -0.109247 0.212607 0.971011 -1.446200 0.000000 0.000000 0.000000 1.000000
0.989305 0.118239 0.085416 -0.006000 -0.096652 0.969958 -0.223250 23.723499 -0.109247 0.212607 0.971012 -1.446200 0.000000 0.000000 0.000000 1.000000
0.989305 0.118239 0.085416 -0.006000 -0.096652 0.969958 -0.223250 23.723499 -0.109247 0.212607 0.971012 -1.446200 0.000000 0.000000 0.000000 1.000000
0.989305 0.118239 0.085416 -0.006000 -0.096651 0.969958 -0.223250 23.723499 -0.109247 0.212607 0.971012 -1.446200 0.000000 0.000000 0.000000 1.000000
0.989305 0.118239 0.085417 -0.006000 -0.096651 0.969958 -0.223250 23.723499 -0.109247 0.212607 0.971011 -1.446200 0.000000 0.000000 0.000000 1.000000
0.989305 0.118239 0.085416 -0.006000 -0.096651 0.969958 -0.223250 23.723499 -0.109247 0.212607 0.971012 -1.446200 0.000000 0.000000 0.000000 1.000000
0.989305 0.118239 0.085417 -0.006000 -0.096651 0.969958 -0.223250 23.723499 -0.109247 0.212607 0.971012 -1.446200 0.000000 0.000000 0.000000 1.000000
0.989305 0.118239 0.085416 -0.006000 -0.096651 0.969958 -0.223250 23.723499 -0.109247 0.212607 0.971012 -1.446200 0.000000 0.000000 0.000000 1.000000
0.989305 0.118239 0.085416 -0.006000 -0.096651 0.969958 -0.223250 23.723499 -0.109247 0.212607 0.971012 -1.446200 0.000000 0.000000 0.000000 1.000000</float_array>
        <technique_common>
          <accessor source="#mixamorig_Neck-Matrix-animation-output-transform-array" count="56" stride="16">
            <param type="float4x4"/>
          </accessor>
        </technique_common>
      </source>
      <source id="mixamorig_Neck-Interpolations">
        <Name_array id="mixamorig_Neck-Interpolations-array" count="56">
 LINEAR LINEAR LINEAR LINEAR LINEAR LINEAR LINEAR LINEAR LINEAR LINEAR LINEAR
LINEAR LINEAR LINEAR LINEAR LINEAR LINEAR LINEAR LINEAR LINEAR LINEAR LINEAR LINEAR
LINEAR LINEAR LINEAR LINEAR LINEAR LINEAR LINEAR LINEAR LINEAR LINEAR LINEAR LINEAR
LINEAR LINEAR LINEAR LINEAR LINEAR LINEAR LINEAR LINEAR LINEAR LINEAR LINEAR LINEAR
LINEAR LINEAR LINEAR LINEAR LINEAR LINEAR LINEAR LINEAR LINEAR</Name_array>
        <technique_common>
          <accessor source="#mixamorig_Neck-Interpolations-array" count="56">
            <param type="name"/>
          </accessor>
        </technique_common>
      </source>
      <sampler id="mixamorig_Neck-Matrix-animation-transform">
        <input semantic="INPUT" source="#mixamorig_Neck-Matrix-animation-input"/>
        <input semantic="OUTPUT" source="#mixamorig_Neck-Matrix-animation-output-transform"/>
        <input semantic="INTERPOLATION" source="#mixamorig_Neck-Interpolations"/>
      </sampler>
      <channel source="#mixamorig_Neck-Matrix-animation-transform" target="mixamorig_Neck/matrix"/>
    </animation>
    <animation id="mixamorig_Head-anim" name="mixamorig_Head">
      <source id="mixamorig_Head-Matrix-animation-input">
        <float_array id="mixamorig_Head-Matrix-animation-input-array" count="56">

0.000000 0.033333 0.066667 0.100000 0.133333 0.166667 0.200000 0.233333 0.266667 0.300000 0.333333 0.366667 0.400000 0.433333 0.466667 0.500000
0.533333 0.566667 0.600000 0.633333 0.666667 0.700000 0.733333 0.766667 0.800000 0.833333 0.866667 0.900000 0.933333 0.966667 1.000000 1.033333
1.066667 1.100000 1.133333 1.166667 1.200000 1.233333 1.266667 1.300000 1.333333 1.366667 1.400000 1.433333 1.466667 1.500000 1.533333 1.566667
1.600000 1.633333 1.666667 1.700000 1.733333 1.766667 1.800000 1.833333</float_array>
        <technique_common>
          <accessor source="#mixamorig_Head-Matrix-animation-input-array" count="56">
            <param name="TIME" type="float"/>
          </accessor>
        </technique_common>
      </source>
      <source id="mixamorig_Head-Matrix-animation-output-transform">
        <float_array id="mixamorig_Head-Matrix-animation-output-transform-array" count="896">

0.850158 0.086767 0.519328 0.000000 -0.185809 0.972311 0.141727 10.037100 -0.492652 -0.216986 0.842740 3.529500 0.000000 0.000000 0.000000 1.000000
0.850158 0.086767 0.519329 -0.000000 -0.185809 0.972311 0.141727 10.037100 -0.492652 -0.216986 0.842740 3.529500 0.000000 0.000000 0.000000 1.000000
0.850159 0.086767 0.519328 -0.000000 -0.185809 0.972311 0.141727 10.037100 -0.492651 -0.216987 0.842740 3.529500 0.000000 0.000000 0.000000 1.000000
0.850159 0.086767 0.519328 -0.000000 -0.185809 0.972311 0.141727 10.037100 -0.492651 -0.216986 0.842740 3.529500 0.000000 0.000000 0.000000 1.000000
0.850159 0.086767 0.519328 -0.000000 -0.185809 0.972311 0.141727 10.037100 -0.492651 -0.216986 0.842740 3.529500 0.000000 0.000000 0.000000 1.000000
0.850158 0.086767 0.519328 0.000000 -0.185809 0.972311 0.141727 10.037100 -0.492652 -0.216986 0.842740 3.529500 0.000000 0.000000 0.000000 1.000000
0.850159 0.086767 0.519328 0.000000 -0.185809 0.972311 0.141727 10.037100 -0.492651 -0.216986 0.842740 3.529500 0.000000 0.000000 0.000000 1.000000
0.850158 0.086767 0.519328 -0.000000 -0.185809 0.972311 0.141727 10.037100 -0.492651 -0.216986 0.842740 3.529500 0.000000 0.000000 0.000000 1.000000
0.850158 0.086767 0.519329 0.000000 -0.185809 0.972311 0.141727 10.037100 -0.492652 -0.216987 0.842740 3.529500 0.000000 0.000000 0.000000 1.000000
0.850159 0.086767 0.519328 -0.000000 -0.185809 0.972311 0.141727 10.037100 -0.492651 -0.216986 0.842740 3.529500 0.000000 0.000000 0.000000 1.000000
0.850159 0.086767 0.519328 -0.000000 -0.185809 0.972311 0.141727 10.037100 -0.492651 -0.216986 0.842740 3.529500 0.000000 0.000000 0.000000 1.000000
0.850159 0.086767 0.519328 0.000000 -0.185809 0.972311 0.141727 10.037100 -0.492651 -0.216986 0.842740 3.529500 0.000000 0.000000 0.000000 1.000000
0.850159 0.086767 0.519328 0.000000 -0.185809 0.972311 0.141727 10.037100 -0.492651 -0.216986 0.842740 3.529500 0.000000 0.000000 0.000000 1.000000
0.850159 0.086767 0.519328 0.000000 -0.185809 0.972311 0.141727 10.037100 -0.492651 -0.216986 0.842740 3.529500 0.000000 0.000000 0.000000 1.000000
0.850159 0.086767 0.519328 -0.000000 -0.185809 0.972311 0.141727 10.037100 -0.492651 -0.216986 0.842740 3.529500 0.000000 0.000000 0.000000 1.000000
0.850159 0.086767 0.519328 -0.000000 -0.185809 0.972311 0.141727 10.037100 -0.492651 -0.216986 0.842740 3.529500 0.000000 0.000000 0.000000 1.000000
0.850158 0.086767 0.519329 -0.000000 -0.185809 0.972311 0.141727 10.037100 -0.492652 -0.216986 0.842740 3.529500 0.000000 0.000000 0.000000 1.000000
0.850158 0.086767 0.519329 0.000000 -0.185809 0.972311 0.141727 10.037100 -0.492652 -0.216986 0.842740 3.529500 0.000000 0.000000 0.000000 1.000000
0.850159 0.086767 0.519328 -0.000000 -0.185809 0.972311 0.141727 10.037100 -0.492651 -0.216986 0.842740 3.529500 0.000000 0.000000 0.000000 1.000000
0.850158 0.086767 0.519329 -0.000000 -0.185809 0.972311 0.141727 10.037100 -0.492652 -0.216986 0.842740 3.529500 0.000000 0.000000 0.000000 1.000000
0.850158 0.086767 0.519329 0.000000 -0.185809 0.972311 0.141727 10.037100 -0.492652 -0.216986 0.842740 3.529500 0.000000 0.000000 0.000000 1.000000
0.850158 0.086767 0.519329 -0.000000 -0.185809 0.972311 0.141727 10.037100 -0.492652 -0.216986 0.842740 3.529500 0.000000 0.000000 0.000000 1.000000
0.850159 0.086767 0.519328 0.000000 -0.185809 0.972311 0.141727 10.037100 -0.492651 -0.216986 0.842741 3.529500 0.000000 0.000000 0.000000 1.000000
0.850159 0.086767 0.519328 0.000000 -0.185809 0.972311 0.141727 10.037100 -0.492651 -0.216986 0.842740 3.529500 0.000000 0.000000 0.000000 1.000000
0.850158 0.086767 0.519329 0.000000 -0.185809 0.972311 0.141727 10.037100 -0.492652 -0.216986 0.842740 3.529500 0.000000 0.000000 0.000000 1.000000
0.850159 0.086767 0.519328 0.000000 -0.185809 0.972311 0.141727 10.037100 -0.492651 -0.216986 0.842741 3.529500 0.000000 0.000000 0.000000 1.000000
0.850159 0.086767 0.519328 0.000000 -0.185809 0.972311 0.141727 10.037100 -0.492651 -0.216986 0.842740 3.529500 0.000000 0.000000 0.000000 1.000000
0.850159 0.086767 0.519328 0.000000 -0.185809 0.972311 0.141727 10.037100 -0.492651 -0.216986 0.842740 3.529500 0.000000 0.000000 0.000000 1.000000
0.850159 0.086767 0.519328 -0.000000 -0.185809 0.972311 0.141727 10.037100 -0.492651 -0.216986 0.842741 3.529500 0.000000 0.000000 0.000000 1.000000
0.850159 0.086767 0.519328 0.000000 -0.185809 0.972311 0.141727 10.037100 -0.492651 -0.216986 0.842741 3.529500 0.000000 0.000000 0.000000 1.000000
0.850159 0.086767 0.519328 -0.000000 -0.185809 0.972311 0.141727 10.037100 -0.492651 -0.216986 0.842741 3.529500 0.000000 0.000000 0.000000 1.000000
0.850159 0.086767 0.519328 0.000000 -0.185809 0.972311 0.141727 10.037100 -0.492651 -0.216986 0.842740 3.529500 0.000000 0.000000 0.000000 1.000000
0.850158 0.086767 0.519329 0.000000 -0.185809 0.972311 0.141727 10.037100 -0.492652 -0.216986 0.842740 3.529500 0.000000 0.000000 0.000000 1.000000
0.850158 0.086767 0.519329 0.000000 -0.185809 0.972311 0.141727 10.037100 -0.492652 -0.216986 0.842740 3.529500 0.000000 0.000000 0.000000 1.000000
0.850158 0.086767 0.519329 0.000000 -0.185809 0.972311 0.141727 10.037100 -0.492652 -0.216986 0.842740 3.529500 0.000000 0.000000 0.000000 1.000000
0.850159 0.086767 0.519328 -0.000000 -0.185809 0.972311 0.141727 10.037100 -0.492651 -0.216986 0.842741 3.529500 0.000000 0.000000 0.000000 1.000000
0.850159 0.086767 0.519328 -0.000000 -0.185809 0.972311 0.141727 10.037100 -0.492651 -0.216987 0.842741 3.529500 0.000000 0.000000 0.000000 1.000000
0.850158 0.086767 0.519329 -0.000000 -0.185809 0.972311 0.141727 10.037100 -0.492652 -0.216986 0.842740 3.529500 0.000000 0.000000 0.000000 1.000000
0.850159 0.086767 0.519328 -0.000000 -0.185809 0.972311 0.141727 10.037100 -0.492651 -0.216986 0.842741 3.529500 0.000000 0.000000 0.000000 1.000000
0.850159 0.086767 0.519328 0.000000 -0.185809 0.972311 0.141727 10.037100 -0.492651 -0.216986 0.842740 3.529500 0.000000 0.000000 0.000000 1.000000
0.850159 0.086767 0.519328 0.000000 -0.185809 0.972311 0.141727 10.037100 -0.492651 -0.216986 0.842741 3.529500 0.000000 0.000000 0.000000 1.000000
0.850159 0.086767 0.519328 0.000000 -0.185809 0.972311 0.141727 10.037100 -0.492651 -0.216986 0.842741 3.529500 0.000000 0.000000 0.000000 1.000000
0.850159 0.086767 0.519328 0.000000 -0.185809 0.972311 0.141727 10.037100 -0.492651 -0.216986 0.842740 3.529500 0.000000 0.000000 0.000000 1.000000
0.850159 0.086767 0.519328 -0.000000 -0.185809 0.972311 0.141727 10.037100 -0.492651 -0.216986 0.842741 3.529500 0.000000 0.000000 0.000000 1.000000
0.850159 0.086767 0.519328 -0.000000 -0.185809 0.972311 0.141727 10.037100 -0.492651 -0.216986 0.842741 3.529500 0.000000 0.000000 0.000000 1.000000
0.850158 0.086767 0.519329 -0.000000 -0.185809 0.972311 0.141727 10.037100 -0.492652 -0.216986 0.842740 3.529500 0.000000 0.000000 0.000000 1.000000
0.850158 0.086767 0.519328 0.000000 -0.185809 0.972311 0.141727 10.037100 -0.492652 -0.216986 0.842740 3.529500 0.000000 0.000000 0.000000 1.000000
0.850158 0.086767 0.519329 -0.000000 -0.185809 0.972311 0.141727 10.037100 -0.492652 -0.216986 0.842740 3.529500 0.000000 0.000000 0.000000 1.000000
0.850158 0.086767 0.519329 0.000000 -0.185809 0.972311 0.141727 10.037100 -0.492652 -0.216986 0.842740 3.529500 0.000000 0.000000 0.000000 1.000000
0.850158 0.086767 0.519329 0.000000 -0.185809 0.972311 0.141727 10.037100 -0.492652 -0.216986 0.842740 3.529500 0.000000 0.000000 0.000000 1.000000
0.850159 0.086767 0.519328 0.000000 -0.185809 0.972311 0.141727 10.037100 -0.492651 -0.216986 0.842740 3.529500 0.000000 0.000000 0.000000 1.000000
0.850159 0.086767 0.519328 0.000000 -0.185809 0.972311 0.141727 10.037100 -0.492651 -0.216986 0.842741 3.529500 0.000000 0.000000 0.000000 1.000000
0.850158 0.086767 0.519328 -0.000000 -0.185809 0.972311 0.141727 10.037100 -0.492652 -0.216986 0.842740 3.529500 0.000000 0.000000 0.000000 1.000000
0.850158 0.086767 0.519328 0.000000 -0.185809 0.972311 0.141727 10.037100 -0.492652 -0.216986 0.842740 3.529500 0.000000 0.000000 0.000000 1.000000
0.850158 0.086767 0.519329 0.000000 -0.185809 0.972311 0.141727 10.037100 -0.492652 -0.216986 0.842740 3.529500 0.000000 0.000000 0.000000 1.000000
0.850158 0.086767 0.519329 0.000000 -0.185809 0.972311 0.141727 10.037100 -0.492652 -0.216986 0.842740 3.529500 0.000000 0.000000 0.000000 1.000000</float_array>
        <technique_common>
          <accessor source="#mixamorig_Head-Matrix-animation-output-transform-array" count="56" stride="16">
            <param type="float4x4"/>
          </accessor>
        </technique_common>
      </source>
      <source id="mixamorig_Head-Interpolations">
        <Name_array id="mixamorig_Head-Interpolations-array" count="56">
 LINEAR LINEAR LINEAR LINEAR LINEAR LINEAR LINEAR LINEAR LINEAR LINEAR LINEAR
LINEAR LINEAR LINEAR LINEAR LINEAR LINEAR LINEAR LINEAR LINEAR LINEAR LINEAR LINEAR
LINEAR LINEAR LINEAR LINEAR LINEAR LINEAR LINEAR LINEAR LINEAR LINEAR LINEAR LINEAR
LINEAR LINEAR LINEAR LINEAR LINEAR LINEAR LINEAR LINEAR LINEAR LINEAR LINEAR LINEAR
LINEAR LINEAR LINEAR LINEAR LINEAR LINEAR LINEAR LINEAR LINEAR</Name_array>
        <technique_common>
          <accessor source="#mixamorig_Head-Interpolations-array" count="56">
            <param type="name"/>
          </accessor>
        </technique_common>
      </source>
      <sampler id="mixamorig_Head-Matrix-animation-transform">
        <input semantic="INPUT" source="#mixamorig_Head-Matrix-animation-input"/>
        <input semantic="OUTPUT" source="#mixamorig_Head-Matrix-animation-output-transform"/>
        <input semantic="INTERPOLATION" source="#mixamorig_Head-Interpolations"/>
      </sampler>
      <channel source="#mixamorig_Head-Matrix-animation-transform" target="mixamorig_Head/matrix"/>
    </animation>
    <animation id="mixamorig_LeftShoulder-anim" name="mixamorig_LeftShoulder">
      <source id="mixamorig_LeftShoulder-Matrix-animation-input">
        <float_array id="mixamorig_LeftShoulder-Matrix-animation-input-array" count="56">

0.000000 0.033333 0.066667 0.100000 0.133333 0.166667 0.200000 0.233333 0.266667 0.300000 0.333333 0.366667 0.400000 0.433333 0.466667 0.500000
0.533333 0.566667 0.600000 0.633333 0.666667 0.700000 0.733333 0.766667 0.800000 0.833333 0.866667 0.900000 0.933333 0.966667 1.000000 1.033333
1.066667 1.100000 1.133333 1.166667 1.200000 1.233333 1.266667 1.300000 1.333333 1.366667 1.400000 1.433333 1.466667 1.500000 1.533333 1.566667
1.600000 1.633333 1.666667 1.700000 1.733333 1.766667 1.800000 1.833333</float_array>
        <technique_common>
          <accessor source="#mixamorig_LeftShoulder-Matrix-animation-input-array" count="56">
            <param name="TIME" type="float"/>
          </accessor>
        </technique_common>
      </source>
      <source id="mixamorig_LeftShoulder-Matrix-animation-output-transform">
        <float_array id="mixamorig_LeftShoulder-Matrix-animation-output-transform-array" count="896">

-0.018445 0.865599 -0.500398 11.304900 0.010660 -0.500284 -0.865796 19.886000 -0.999773 -0.021304 0.000000 -3.966000 0.000000 0.000000 0.000000 1.000000
-0.018445 0.865600 -0.500397 11.304900 0.010660 -0.500283 -0.865796 19.886000 -0.999773 -0.021304 0.000000 -3.966000 0.000000 0.000000 0.000000 1.000000
-0.018445 0.865605 -0.500388 11.304900 0.010660 -0.500275 -0.865801 19.886000 -0.999773 -0.021304 -0.000000 -3.966000 0.000000 0.000000 0.000000 1.000000
-0.018445 0.865605 -0.500388 11.304900 0.010660 -0.500275 -0.865801 19.886000 -0.999773 -0.021304 0.000000 -3.966000 0.000000 0.000000 0.000000 1.000000
-0.018445 0.865604 -0.500390 11.304900 0.010660 -0.500276 -0.865800 19.886000 -0.999773 -0.021304 0.000000 -3.966000 0.000000 0.000000 0.000000 1.000000
-0.018445 0.865606 -0.500386 11.304900 0.010660 -0.500272 -0.865803 19.886000 -0.999773 -0.021304 -0.000000 -3.966000 0.000000 0.000000 0.000000 1.000000
-0.018445 0.865610 -0.500379 11.304900 0.010660 -0.500266 -0.865806 19.886000 -0.999773 -0.021304 -0.000000 -3.966000 0.000000 0.000000 0.000000 1.000000
-0.018445 0.865608 -0.500382 11.304900 0.010660 -0.500269 -0.865805 19.886000 -0.999773 -0.021304 -0.000000 -3.966000 0.000000 0.000000 0.000000 1.000000
-0.018444 0.865605 -0.500387 11.304900 0.010660 -0.500274 -0.865802 19.886000 -0.999773 -0.021303 -0.000000 -3.966000 0.000000 0.000000 0.000000 1.000000
-0.018445 0.865605 -0.500387 11.304900 0.010660 -0.500274 -0.865802 19.886000 -0.999773 -0.021304 -0.000000 -3.966000 0.000000 0.000000 0.000000 1.000000
-0.018444 0.865604 -0.500390 11.304900 0.010660 -0.500276 -0.865800 19.886000 -0.999773 -0.021303 -0.000000 -3.966000 0.000000 0.000000 0.000000 1.000000
-0.018445 0.865602 -0.500392 11.304900 0.010660 -0.500278 -0.865799 19.886000 -0.999773 -0.021304 0.000000 -3.966000 0.000000 0.000000 0.000000 1.000000
-0.018445 0.865600 -0.500396 11.304900 0.010660 -0.500283 -0.865796 19.886000 -0.999773 -0.021304 0.000000 -3.966000 0.000000 0.000000 0.000000 1.000000
-0.018445 0.865601 -0.500395 11.304900 0.010660 -0.500281 -0.865797 19.886000 -0.999773 -0.021304 0.000000 -3.966000 0.000000 0.000000 0.000000 1.000000
-0.018445 0.865601 -0.500395 11.304900 0.010660 -0.500281 -0.865797 19.886000 -0.999773 -0.021304 0.000000 -3.966000 0.000000 0.000000 0.000000 1.000000
-0.018445 0.865604 -0.500389 11.304900 0.010660 -0.500275 -0.865801 19.886000 -0.999773 -0.021304 -0.000000 -3.966000 0.000000 0.000000 0.000000 1.000000
-0.018445 0.865602 -0.500393 11.304900 0.010660 -0.500279 -0.865799 19.886000 -0.999773 -0.021304 0.000000 -3.966000 0.000000 0.000000 0.000000 1.000000
-0.018445 0.865604 -0.500389 11.304900 0.010660 -0.500275 -0.865801 19.886000 -0.999773 -0.021304 0.000000 -3.966000 0.000000 0.000000 0.000000 1.000000
-0.018445 0.865606 -0.500386 11.304900 0.010660 -0.500273 -0.865802 19.886000 -0.999773 -0.021304 -0.000000 -3.966000 0.000000 0.000000 0.000000 1.000000
-0.018445 0.865610 -0.500380 11.304900 0.010660 -0.500266 -0.865806 19.886000 -0.999773 -0.021304 -0.000000 -3.966000 0.000000 0.000000 0.000000 1.000000
-0.018445 0.865609 -0.500381 11.304900 0.010660 -0.500268 -0.865805 19.886000 -0.999773 -0.021304 -0.000000 -3.966000 0.000000 0.000000 0.000000 1.000000
-0.018445 0.865606 -0.500387 11.304900 0.010660 -0.500273 -0.865802 19.886000 -0.999773 -0.021304 -0.000000 -3.966000 0.000000 0.000000 0.000000 1.000000
-0.018445 0.865608 -0.500383 11.304900 0.010660 -0.500269 -0.865804 19.886000 -0.999773 -0.021304 -0.000000 -3.966000 0.000000 0.000000 0.000000 1.000000
-0.018445 0.865604 -0.500389 11.304900 0.010660 -0.500275 -0.865801 19.886000 -0.999773 -0.021304 -0.000000 -3.966000 0.000000 0.000000 0.000000 1.000000
-0.018445 0.865603 -0.500391 11.304900 0.010660 -0.500277 -0.865800 19.886000 -0.999773 -0.021304 0.000000 -3.966000 0.000000 0.000000 0.000000 1.000000
-0.018445 0.865605 -0.500388 11.304900 0.010660 -0.500275 -0.865801 19.886000 -0.999773 -0.021304 -0.000000 -3.966000 0.000000 0.000000 0.000000 1.000000
-0.018445 0.865600 -0.500396 11.304900 0.010660 -0.500283 -0.865797 19.886000 -0.999773 -0.021304 0.000000 -3.966000 0.000000 0.000000 0.000000 1.000000
-0.018445 0.865601 -0.500395 11.304900 0.010660 -0.500282 -0.865797 19.886000 -0.999773 -0.021304 0.000000 -3.966000 0.000000 0.000000 0.000000 1.000000
-0.018445 0.865604 -0.500389 11.304900 0.010660 -0.500275 -0.865801 19.886000 -0.999773 -0.021304 -0.000000 -3.966000 0.000000 0.000000 0.000000 1.000000
-0.018445 0.865599 -0.500397 11.304900 0.010660 -0.500284 -0.865796 19.886000 -0.999773 -0.021304 0.000000 -3.966000 0.000000 0.000000 0.000000 1.000000
-0.018445 0.865604 -0.500389 11.304900 0.010660 -0.500275 -0.865801 19.886000 -0.999773 -0.021304 0.000000 -3.966000 0.000000 0.000000 0.000000 1.000000
-0.018445 0.865605 -0.500388 11.304900 0.010660 -0.500274 -0.865801 19.886000 -0.999773 -0.021304 0.000000 -3.966000 0.000000 0.000000 0.000000 1.000000
-0.018445 0.865606 -0.500385 11.304900 0.010660 -0.500272 -0.865803 19.886000 -0.999773 -0.021304 -0.000000 -3.966000 0.000000 0.000000 0.000000 1.000000
-0.018445 0.865602 -0.500392 11.304900 0.010660 -0.500278 -0.865799 19.886000 -0.999773 -0.021304 0.000000 -3.966000 0.000000 0.000000 0.000000 1.000000
-0.018445 0.865608 -0.500383 11.304900 0.010660 -0.500269 -0.865804 19.886000 -0.999773 -0.021304 -0.000000 -3.966000 0.000000 0.000000 0.000000 1.000000
-0.018445 0.865607 -0.500385 11.304900 0.010660 -0.500271 -0.865803 19.886000 -0.999773 -0.021304 -0.000000 -3.966000 0.000000 0.000000 0.000000 1.000000
-0.018445 0.865605 -0.500387 11.304900 0.010660 -0.500274 -0.865802 19.886000 -0.999773 -0.021304 -0.000000 -3.966000 0.000000 0.000000 0.000000 1.000000
-0.018445 0.865604 -0.500390 11.304900 0.010660 -0.500277 -0.865800 19.886000 -0.999773 -0.021304 -0.000000 -3.966000 0.000000 0.000000 0.000000 1.000000
-0.018445 0.865604 -0.500390 11.304900 0.010660 -0.500277 -0.865800 19.886000 -0.999773 -0.021304 -0.000000 -3.966000 0.000000 0.000000 0.000000 1.000000
-0.018445 0.865604 -0.500390 11.304900 0.010660 -0.500276 -0.865800 19.886000 -0.999773 -0.021304 -0.000000 -3.966000 0.000000 0.000000 0.000000 1.000000
-0.018445 0.865601 -0.500395 11.304900 0.010660 -0.500282 -0.865797 19.886000 -0.999773 -0.021304 0.000000 -3.966000 0.000000 0.000000 0.000000 1.000000
-0.018445 0.865601 -0.500395 11.304900 0.010660 -0.500281 -0.865797 19.886000 -0.999773 -0.021304 0.000000 -3.966000 0.000000 0.000000 0.000000 1.000000
-0.018445 0.865599 -0.500398 11.304900 0.010660 -0.500285 -0.865795 19.886000 -0.999773 -0.021304 0.000000 -3.966000 0.000000 0.000000 0.000000 1.000000
-0.018445 0.865601 -0.500395 11.304900 0.010660 -0.500282 -0.865797 19.886000 -0.999773 -0.021304 0.000000 -3.966000 0.000000 0.000000 0.000000 1.000000
-0.018445 0.865605 -0.500388 11.304900 0.010660 -0.500275 -0.865801 19.886000 -0.999773 -0.021304 0.000000 -3.966000 0.000000 0.000000 0.000000 1.000000
-0.018445 0.865610 -0.500380 11.304900 0.010660 -0.500266 -0.865806 19.886000 -0.999773 -0.021304 -0.000000 -3.966000 0.000000 0.000000 0.000000 1.000000
-0.018445 0.865608 -0.500382 11.304900 0.010660 -0.500268 -0.865805 19.886000 -0.999773 -0.021304 -0.000000 -3.966000 0.000000 0.000000 0.000000 1.000000
-0.018445 0.865602 -0.500393 11.304900 0.010660 -0.500279 -0.865798 19.886000 -0.999773 -0.021304 0.000000 -3.966000 0.000000 0.000000 0.000000 1.000000
-0.018445 0.865604 -0.500389 11.304900 0.010660 -0.500275 -0.865801 19.886000 -0.999773 -0.021304 0.000000 -3.966000 0.000000 0.000000 0.000000 1.000000
-0.018445 0.865607 -0.500385 11.304900 0.010660 -0.500271 -0.865803 19.886000 -0.999773 -0.021304 -0.000000 -3.966000 0.000000 0.000000 0.000000 1.000000
-0.018445 0.865605 -0.500387 11.304900 0.010660 -0.500274 -0.865802 19.886000 -0.999773 -0.021304 0.000000 -3.966000 0.000000 0.000000 0.000000 1.000000
-0.018444 0.865604 -0.500390 11.304900 0.010660 -0.500276 -0.865800 19.886000 -0.999773 -0.021303 -0.000000 -3.966000 0.000000 0.000000 0.000000 1.000000
-0.018445 0.865604 -0.500389 11.304900 0.010660 -0.500276 -0.865801 19.886000 -0.999773 -0.021304 -0.000000 -3.966000 0.000000 0.000000 0.000000 1.000000
-0.018445 0.865599 -0.500398 11.304900 0.010660 -0.500284 -0.865796 19.886000 -0.999773 -0.021304 0.000000 -3.966000 0.000000 0.000000 0.000000 1.000000
-0.018445 0.865605 -0.500388 11.304900 0.010660 -0.500274 -0.865801 19.886000 -0.999773 -0.021304 -0.000000 -3.966000 0.000000 0.000000 0.000000 1.000000
-0.018445 0.865598 -0.500401 11.304900 0.010660 -0.500287 -0.865794 19.886000 -0.999773 -0.021304 0.000000 -3.966000 0.000000 0.000000 0.000000 1.000000</float_array>
        <technique_common>
          <accessor source="#mixamorig_LeftShoulder-Matrix-animation-output-transform-array" count="56" stride="16">
            <param type="float4x4"/>
          </accessor>
        </technique_common>
      </source>
      <source id="mixamorig_LeftShoulder-Interpolations">
        <Name_array id="mixamorig_LeftShoulder-Interpolations-array" count="56">
 LINEAR LINEAR LINEAR LINEAR LINEAR LINEAR LINEAR LINEAR LINEAR LINEAR LINEAR
LINEAR LINEAR LINEAR LINEAR LINEAR LINEAR LINEAR LINEAR LINEAR LINEAR LINEAR LINEAR
LINEAR LINEAR LINEAR LINEAR LINEAR LINEAR LINEAR LINEAR LINEAR LINEAR LINEAR LINEAR
LINEAR LINEAR LINEAR LINEAR LINEAR LINEAR LINEAR LINEAR LINEAR LINEAR LINEAR LINEAR
LINEAR LINEAR LINEAR LINEAR LINEAR LINEAR LINEAR LINEAR LINEAR</Name_array>
        <technique_common>
          <accessor source="#mixamorig_LeftShoulder-Interpolations-array" count="56">
            <param type="name"/>
          </accessor>
        </technique_common>
      </source>
      <sampler id="mixamorig_LeftShoulder-Matrix-animation-transform">
        <input semantic="INPUT" source="#mixamorig_LeftShoulder-Matrix-animation-input"/>
        <input semantic="OUTPUT" source="#mixamorig_LeftShoulder-Matrix-animation-output-transform"/>
        <input semantic="INTERPOLATION" source="#mixamorig_LeftShoulder-Interpolations"/>
      </sampler>
      <channel source="#mixamorig_LeftShoulder-Matrix-animation-transform" target="mixamorig_LeftShoulder/matrix"/>
    </animation>
    <animation id="mixamorig_LeftArm-anim" name="mixamorig_LeftArm">
      <source id="mixamorig_LeftArm-Matrix-animation-input">
        <float_array id="mixamorig_LeftArm-Matrix-animation-input-array" count="56">

0.000000 0.033333 0.066667 0.100000 0.133333 0.166667 0.200000 0.233333 0.266667 0.300000 0.333333 0.366667 0.400000 0.433333 0.466667 0.500000
0.533333 0.566667 0.600000 0.633333 0.666667 0.700000 0.733333 0.766667 0.800000 0.833333 0.866667 0.900000 0.933333 0.966667 1.000000 1.033333
1.066667 1.100000 1.133333 1.166667 1.200000 1.233333 1.266667 1.300000 1.333333 1.366667 1.400000 1.433333 1.466667 1.500000 1.533333 1.566667
1.600000 1.633333 1.666667 1.700000 1.733333 1.766667 1.800000 1.833333</float_array>
        <technique_common>
          <accessor source="#mixamorig_LeftArm-Matrix-animation-input-array" count="56">
            <param name="TIME" type="float"/>
          </accessor>
        </technique_common>
      </source>
      <source id="mixamorig_LeftArm-Matrix-animation-output-transform">
        <float_array id="mixamorig_LeftArm-Matrix-animation-output-transform-array" count="896">

0.941948 0.329390 -0.065089 0.000000 -0.329470 0.944115 0.009800 12.686800 0.064679 0.012214 0.997831 -0.000000 0.000000 0.000000 0.000000 1.000000
0.941948 0.329390 -0.065088 -0.000000 -0.329470 0.944115 0.009800 12.686800 0.064679 0.012214 0.997831 0.000000 0.000000 0.000000 0.000000 1.000000
0.941948 0.329390 -0.065088 0.000000 -0.329470 0.944115 0.009800 12.686800 0.064679 0.012214 0.997831 0.000000 0.000000 0.000000 0.000000 1.000000
0.941948 0.329390 -0.065089 -0.000000 -0.329470 0.944115 0.009800 12.686800 0.064679 0.012214 0.997831 0.000000 0.000000 0.000000 0.000000 1.000000
0.941948 0.329390 -0.065088 0.000000 -0.329470 0.944115 0.009800 12.686800 0.064679 0.012214 0.997831 0.000000 0.000000 0.000000 0.000000 1.000000
0.941948 0.329390 -0.065088 0.000000 -0.329470 0.944115 0.009800 12.686800 0.064679 0.012214 0.997831 0.000000 0.000000 0.000000 0.000000 1.000000
0.941948 0.329390 -0.065089 0.000000 -0.329470 0.944115 0.009800 12.686800 0.064679 0.012214 0.997831 0.000000 0.000000 0.000000 0.000000 1.000000
0.941948 0.329390 -0.065088 -0.000000 -0.329470 0.944115 0.009800 12.686800 0.064679 0.012214 0.997831 -0.000000 0.000000 0.000000 0.000000 1.000000
0.941948 0.329390 -0.065088 -0.000000 -0.329470 0.944115 0.009800 12.686800 0.064679 0.012214 0.997831 0.000000 0.000000 0.000000 0.000000 1.000000
0.941948 0.329390 -0.065089 0.000000 -0.329471 0.944115 0.009800 12.686800 0.064679 0.012214 0.997831 0.000000 0.000000 0.000000 0.000000 1.000000
0.941948 0.329390 -0.065089 0.000000 -0.329470 0.944115 0.009800 12.686800 0.064679 0.012214 0.997831 0.000000 0.000000 0.000000 0.000000 1.000000
0.941948 0.329390 -0.065088 0.000000 -0.329470 0.944115 0.009800 12.686800 0.064679 0.012214 0.997831 0.000000 0.000000 0.000000 0.000000 1.000000
0.941948 0.329390 -0.065089 0.000000 -0.329471 0.944115 0.009800 12.686800 0.064679 0.012214 0.997831 0.000000 0.000000 0.000000 0.000000 1.000000
0.941948 0.329390 -0.065089 0.000000 -0.329470 0.944115 0.009800 12.686800 0.064679 0.012214 0.997831 -0.000000 0.000000 0.000000 0.000000 1.000000
0.941948 0.329390 -0.065089 0.000000 -0.329470 0.944115 0.009800 12.686800 0.064679 0.012214 0.997831 -0.000000 0.000000 0.000000 0.000000 1.000000
0.941948 0.329390 -0.065089 0.000000 -0.329470 0.944115 0.009800 12.686800 0.064679 0.012214 0.997831 0.000000 0.000000 0.000000 0.000000 1.000000
0.941948 0.329390 -0.065089 0.000000 -0.329470 0.944115 0.009800 12.686800 0.064679 0.012214 0.997831 0.000000 0.000000 0.000000 0.000000 1.000000
0.941948 0.329390 -0.065088 -0.000000 -0.329471 0.944115 0.009800 12.686800 0.064679 0.012214 0.997831 -0.000000 0.000000 0.000000 0.000000 1.000000
0.941948 0.329390 -0.065089 0.000000 -0.329471 0.944115 0.009800 12.686800 0.064679 0.012214 0.997831 0.000000 0.000000 0.000000 0.000000 1.000000
0.941948 0.329390 -0.065089 0.000000 -0.329471 0.944115 0.009800 12.686800 0.064679 0.012214 0.997831 -0.000000 0.000000 0.000000 0.000000 1.000000
0.941948 0.329390 -0.065088 0.000000 -0.329471 0.944115 0.009800 12.686800 0.064679 0.012214 0.997831 0.000000 0.000000 0.000000 0.000000 1.000000
0.941948 0.329390 -0.065088 0.000000 -0.329470 0.944115 0.009800 12.686800 0.064679 0.012214 0.997831 0.000000 0.000000 0.000000 0.000000 1.000000
0.941948 0.329390 -0.065088 -0.000000 -0.329470 0.944115 0.009800 12.686800 0.064679 0.012214 0.997831 0.000000 0.000000 0.000000 0.000000 1.000000
0.941948 0.329390 -0.065089 0.000000 -0.329470 0.944115 0.009800 12.686800 0.064679 0.012214 0.997831 0.000000 0.000000 0.000000 0.000000 1.000000
0.941948 0.329390 -0.065088 0.000000 -0.329470 0.944115 0.009800 12.686800 0.064679 0.012214 0.997831 0.000000 0.000000 0.000000 0.000000 1.000000
0.941948 0.329390 -0.065089 0.000000 -0.329470 0.944115 0.009800 12.686800 0.064679 0.012214 0.997831 -0.000000 0.000000 0.000000 0.000000 1.000000
0.941948 0.329390 -0.065089 0.000000 -0.329471 0.944115 0.009800 12.686800 0.064679 0.012214 0.997831 0.000000 0.000000 0.000000 0.000000 1.000000
0.941948 0.329390 -0.065089 -0.000000 -0.329470 0.944115 0.009800 12.686800 0.064679 0.012214 0.997831 0.000000 0.000000 0.000000 0.000000 1.000000
0.941948 0.329390 -0.065088 0.000000 -0.329470 0.944115 0.009800 12.686800 0.064679 0.012213 0.997831 0.000000 0.000000 0.000000 0.000000 1.000000
0.941948 0.329390 -0.065088 0.000000 -0.329471 0.944115 0.009800 12.686800 0.064679 0.012214 0.997831 -0.000000 0.000000 0.000000 0.000000 1.000000
0.941948 0.329390 -0.065089 0.000000 -0.329471 0.944115 0.009800 12.686800 0.064679 0.012214 0.997831 0.000000 0.000000 0.000000 0.000000 1.000000
0.941948 0.329390 -0.065089 0.000000 -0.329471 0.944115 0.009800 12.686800 0.064679 0.012214 0.997831 0.000000 0.000000 0.000000 0.000000 1.000000
0.941948 0.329390 -0.065089 0.000000 -0.329470 0.944115 0.009800 12.686800 0.064679 0.012214 0.997831 -0.000000 0.000000 0.000000 0.000000 1.000000
0.941948 0.329390 -0.065089 0.000000 -0.329470 0.944115 0.009800 12.686800 0.064679 0.012214 0.997831 0.000000 0.000000 0.000000 0.000000 1.000000
0.941948 0.329390 -0.065089 -0.000000 -0.329470 0.944115 0.009800 12.686800 0.064679 0.012214 0.997831 0.000000 0.000000 0.000000 0.000000 1.000000
0.941948 0.329390 -0.065089 -0.000000 -0.329471 0.944115 0.009800 12.686800 0.064679 0.012214 0.997831 0.000000 0.000000 0.000000 0.000000 1.000000
0.941948 0.329390 -0.065089 -0.000000 -0.329471 0.944115 0.009800 12.686800 0.064679 0.012214 0.997831 0.000000 0.000000 0.000000 0.000000 1.000000
0.941948 0.329390 -0.065088 0.000000 -0.329471 0.944115 0.009800 12.686800 0.064679 0.012214 0.997831 0.000000 0.000000 0.000000 0.000000 1.000000
0.941948 0.329390 -0.065089 0.000000 -0.329470 0.944115 0.009800 12.686800 0.064679 0.012214 0.997831 0.000000 0.000000 0.000000 0.000000 1.000000
0.941948 0.329390 -0.065089 -0.000000 -0.329470 0.944115 0.009800 12.686800 0.064679 0.012214 0.997831 0.000000 0.000000 0.000000 0.000000 1.000000
0.941948 0.329390 -0.065089 0.000000 -0.329470 0.944115 0.009800 12.686800 0.064679 0.012214 0.997831 0.000000 0.000000 0.000000 0.000000 1.000000
0.941948 0.329390 -0.065089 0.000000 -0.329471 0.944115 0.009800 12.686800 0.064679 0.012214 0.997831 0.000000 0.000000 0.000000 0.000000 1.000000
0.941948 0.329390 -0.065089 0.000000 -0.329471 0.944115 0.009800 12.686800 0.064679 0.012214 0.997831 0.000000 0.000000 0.000000 0.000000 1.000000
0.941948 0.329390 -0.065089 0.000000 -0.329470 0.944115 0.009800 12.686800 0.064679 0.012214 0.997831 0.000000 0.000000 0.000000 0.000000 1.000000
0.941948 0.329390 -0.065089 0.000000 -0.329471 0.944115 0.009800 12.686800 0.064679 0.012214 0.997831 -0.000000 0.000000 0.000000 0.000000 1.000000
0.941948 0.329390 -0.065089 -0.000000 -0.329470 0.944115 0.009800 12.686800 0.064679 0.012214 0.997831 0.000000 0.000000 0.000000 0.000000 1.000000
0.941948 0.329390 -0.065089 0.000000 -0.329471 0.944115 0.009800 12.686800 0.064679 0.012214 0.997831 -0.000000 0.000000 0.000000 0.000000 1.000000
0.941948 0.329390 -0.065088 -0.000000 -0.329471 0.944115 0.009800 12.686800 0.064679 0.012214 0.997831 0.000000 0.000000 0.000000 0.000000 1.000000
0.941948 0.329390 -0.065089 0.000000 -0.329471 0.944115 0.009800 12.686800 0.064679 0.012214 0.997831 -0.000000 0.000000 0.000000 0.000000 1.000000
0.941948 0.329390 -0.065088 -0.000000 -0.329470 0.944115 0.009800 12.686800 0.064679 0.012214 0.997831 0.000000 0.000000 0.000000 0.000000 1.000000
0.941948 0.329390 -0.065088 0.000000 -0.329470 0.944115 0.009800 12.686800 0.064679 0.012214 0.997831 0.000000 0.000000 0.000000 0.000000 1.000000
0.941948 0.329390 -0.065089 -0.000000 -0.329471 0.944115 0.009800 12.686800 0.064679 0.012214 0.997831 0.000000 0.000000 0.000000 0.000000 1.000000
0.941948 0.329390 -0.065089 0.000000 -0.329470 0.944115 0.009800 12.686800 0.064679 0.012214 0.997831 0.000000 0.000000 0.000000 0.000000 1.000000
0.941948 0.329390 -0.065088 -0.000000 -0.329471 0.944115 0.009800 12.686800 0.064679 0.012214 0.997831 0.000000 0.000000 0.000000 0.000000 1.000000
0.941948 0.329390 -0.065088 0.000000 -0.329470 0.944115 0.009800 12.686800 0.064679 0.012213 0.997831 0.000000 0.000000 0.000000 0.000000 1.000000
0.941948 0.329390 -0.065089 0.000000 -0.329471 0.944115 0.009800 12.686800 0.064679 0.012214 0.997831 0.000000 0.000000 0.000000 0.000000 1.000000</float_array>
        <technique_common>
          <accessor source="#mixamorig_LeftArm-Matrix-animation-output-transform-array" count="56" stride="16">
            <param type="float4x4"/>
          </accessor>
        </technique_common>
      </source>
      <source id="mixamorig_LeftArm-Interpolations">
        <Name_array id="mixamorig_LeftArm-Interpolations-array" count="56">
 LINEAR LINEAR LINEAR LINEAR LINEAR LINEAR LINEAR LINEAR LINEAR LINEAR LINEAR
LINEAR LINEAR LINEAR LINEAR LINEAR LINEAR LINEAR LINEAR LINEAR LINEAR LINEAR LINEAR
LINEAR LINEAR LINEAR LINEAR LINEAR LINEAR LINEAR LINEAR LINEAR LINEAR LINEAR LINEAR
LINEAR LINEAR LINEAR LINEAR LINEAR LINEAR LINEAR LINEAR LINEAR LINEAR LINEAR LINEAR
LINEAR LINEAR LINEAR LINEAR LINEAR LINEAR LINEAR LINEAR LINEAR</Name_array>
        <technique_common>
          <accessor source="#mixamorig_LeftArm-Interpolations-array" count="56">
            <param type="name"/>
          </accessor>
        </technique_common>
      </source>
      <sampler id="mixamorig_LeftArm-Matrix-animation-transform">
        <input semantic="INPUT" source="#mixamorig_LeftArm-Matrix-animation-input"/>
        <input semantic="OUTPUT" source="#mixamorig_LeftArm-Matrix-animation-output-transform"/>
        <input semantic="INTERPOLATION" source="#mixamorig_LeftArm-Interpolations"/>
      </sampler>
      <channel source="#mixamorig_LeftArm-Matrix-animation-transform" target="mixamorig_LeftArm/matrix"/>
    </animation>
    <animation id="mixamorig_LeftForeArm-anim" name="mixamorig_LeftForeArm">
      <source id="mixamorig_LeftForeArm-Matrix-animation-input">
        <float_array id="mixamorig_LeftForeArm-Matrix-animation-input-array" count="56">

0.000000 0.033333 0.066667 0.100000 0.133333 0.166667 0.200000 0.233333 0.266667 0.300000 0.333333 0.366667 0.400000 0.433333 0.466667 0.500000
0.533333 0.566667 0.600000 0.633333 0.666667 0.700000 0.733333 0.766667 0.800000 0.833333 0.866667 0.900000 0.933333 0.966667 1.000000 1.033333
1.066667 1.100000 1.133333 1.166667 1.200000 1.233333 1.266667 1.300000 1.333333 1.366667 1.400000 1.433333 1.466667 1.500000 1.533333 1.566667
1.600000 1.633333 1.666667 1.700000 1.733333 1.766667 1.800000 1.833333</float_array>
        <technique_common>
          <accessor source="#mixamorig_LeftForeArm-Matrix-animation-input-array" count="56">
            <param name="TIME" type="float"/>
          </accessor>
        </technique_common>
      </source>
      <source id="mixamorig_LeftForeArm-Matrix-animation-output-transform">
        <float_array id="mixamorig_LeftForeArm-Matrix-animation-output-transform-array" count="896">

-0.416265 -0.909243 -0.000000 -0.000000 0.909243 -0.416265 0.000000 30.736700 -0.000000 -0.000000 1.000000 -0.000000 0.000000 0.000000 0.000000 1.000000
-0.416266 -0.909243 -0.000000 0.000000 0.909243 -0.416266 -0.000000 30.736700 0.000000 -0.000000 1.000000 0.000000 0.000000 0.000000 0.000000 1.000000
-0.416265 -0.909243 -0.000000 0.000000 0.909243 -0.416265 -0.000000 30.736700 0.000000 -0.000000 1.000000 -0.000000 0.000000 0.000000 0.000000 1.000000
-0.416265 -0.909243 0.000000 0.000000 0.909243 -0.416265 0.000000 30.736700 -0.000000 0.000000 1.000000 0.000000 0.000000 0.000000 0.000000 1.000000
-0.416266 -0.909243 -0.000000 0.000000 0.909243 -0.416266 -0.000000 30.736700 -0.000000 -0.000000 1.000000 -0.000000 0.000000 0.000000 0.000000 1.000000
-0.416265 -0.909243 -0.000000 0.000000 0.909243 -0.416265 -0.000000 30.736700 -0.000000 -0.000000 1.000000 0.000000 0.000000 0.000000 0.000000 1.000000
-0.416265 -0.909243 -0.000000 0.000000 0.909243 -0.416265 0.000000 30.736700 -0.000000 -0.000000 1.000000 -0.000000 0.000000 0.000000 0.000000 1.000000
-0.416265 -0.909243 0.000000 0.000000 0.909243 -0.416265 -0.000000 30.736700 0.000000 0.000000 1.000000 0.000000 0.000000 0.000000 0.000000 1.000000
-0.416265 -0.909243 -0.000000 0.000000 0.909243 -0.416265 -0.000000 30.736700 0.000000 -0.000000 1.000000 0.000000 0.000000 0.000000 0.000000 1.000000
-0.416266 -0.909243 0.000000 0.000000 0.909243 -0.416266 -0.000000 30.736700 0.000000 0.000000 1.000000 0.000000 0.000000 0.000000 0.000000 1.000000
-0.416265 -0.909243 -0.000000 0.000000 0.909243 -0.416265 0.000000 30.736700 -0.000000 -0.000000 1.000000 -0.000000 0.000000 0.000000 0.000000 1.000000
-0.416266 -0.909243 -0.000000 0.000000 0.909243 -0.416266 -0.000000 30.736700 -0.000000 -0.000000 1.000000 0.000000 0.000000 0.000000 0.000000 1.000000
-0.416265 -0.909243 -0.000000 -0.000000 0.909243 -0.416265 0.000000 30.736700 -0.000000 -0.000000 1.000000 0.000000 0.000000 0.000000 0.000000 1.000000
-0.416265 -0.909243 -0.000000 0.000000 0.909243 -0.416265 -0.000000 30.736700 0.000000 -0.000000 1.000000 0.000000 0.000000 0.000000 0.000000 1.000000
-0.416266 -0.909243 0.000000 -0.000000 0.909243 -0.416266 -0.000000 30.736700 0.000000 -0.000000 1.000000 -0.000000 0.000000 0.000000 0.000000 1.000000
-0.416266 -0.909243 -0.000000 -0.000000 0.909243 -0.416266 -0.000000 30.736700 0.000000 -0.000000 1.000000 0.000000 0.000000 0.000000 0.000000 1.000000
-0.416265 -0.909243 -0.000000 0.000000 0.909243 -0.416265 -0.000000 30.736700 0.000000 -0.000000 1.000000 -0.000000 0.000000 0.000000 0.000000 1.000000
-0.416265 -0.909243 0.000000 0.000000 0.909243 -0.416265 -0.000000 30.736700 0.000000 0.000000 1.000000 0.000000 0.000000 0.000000 0.000000 1.000000
-0.416265 -0.909243 -0.000000 0.000000 0.909243 -0.416265 0.000000 30.736700 -0.000000 -0.000000 1.000000 0.000000 0.000000 0.000000 0.000000 1.000000
-0.416265 -0.909243 0.000000 -0.000000 0.909243 -0.416265 -0.000000 30.736700 0.000000 -0.000000 1.000000 0.000000 0.000000 0.000000 0.000000 1.000000
-0.416265 -0.909243 -0.000000 0.000000 0.909243 -0.416265 -0.000000 30.736700 0.000000 -0.000000 1.000000 0.000000 0.000000 0.000000 0.000000 1.000000
-0.416265 -0.909243 0.000000 0.000000 0.909243 -0.416265 -0.000000 30.736700 0.000000 -0.000000 1.000000 0.000000 0.000000 0.000000 0.000000 1.000000
-0.416265 -0.909243 0.000000 0.000000 0.909243 -0.416265 0.000000 30.736700 -0.000000 0.000000 1.000000 0.000000 0.000000 0.000000 0.000000 1.000000
-0.416265 -0.909243 0.000000 -0.000000 0.909243 -0.416265 -0.000000 30.736700 0.000000 -0.000000 1.000000 0.000000 0.000000 0.000000 0.000000 1.000000
-0.416266 -0.909243 0.000000 0.000000 0.909243 -0.416266 -0.000000 30.736700 0.000000 0.000000 1.000000 0.000000 0.000000 0.000000 0.000000 1.000000
-0.416265 -0.909243 -0.000000 0.000000 0.909243 -0.416265 -0.000000 30.736700 -0.000000 -0.000000 1.000000 0.000000 0.000000 0.000000 0.000000 1.000000
-0.416265 -0.909243 0.000000 -0.000000 0.909243 -0.416265 0.000000 30.736700 -0.000000 0.000000 1.000000 0.000000 0.000000 0.000000 0.000000 1.000000
-0.416265 -0.909243 0.000000 -0.000000 0.909243 -0.416265 -0.000000 30.736700 0.000000 0.000000 1.000000 0.000000 0.000000 0.000000 0.000000 1.000000
-0.416265 -0.909243 -0.000000 0.000000 0.909243 -0.416265 -0.000000 30.736700 0.000000 -0.000000 1.000000 0.000000 0.000000 0.000000 0.000000 1.000000
-0.416266 -0.909243 -0.000000 0.000000 0.909243 -0.416266 -0.000000 30.736700 -0.000000 -0.000000 1.000000 -0.000000 0.000000 0.000000 0.000000 1.000000
-0.416265 -0.909243 0.000000 0.000000 0.909243 -0.416265 0.000000 30.736700 0.000000 0.000000 1.000000 -0.000000 0.000000 0.000000 0.000000 1.000000
-0.416266 -0.909243 0.000000 0.000000 0.909243 -0.416266 -0.000000 30.736700 0.000000 -0.000000 1.000000 0.000000 0.000000 0.000000 0.000000 1.000000
-0.416265 -0.909243 -0.000000 0.000000 0.909243 -0.416265 -0.000000 30.736700 -0.000000 -0.000000 1.000000 0.000000 0.000000 0.000000 0.000000 1.000000
-0.416265 -0.909243 -0.000000 0.000000 0.909243 -0.416265 0.000000 30.736700 -0.000000 -0.000000 1.000000 0.000000 0.000000 0.000000 0.000000 1.000000
-0.416265 -0.909243 0.000000 0.000000 0.909243 -0.416265 0.000000 30.736700 0.000000 0.000000 1.000000 -0.000000 0.000000 0.000000 0.000000 1.000000
-0.416265 -0.909243 -0.000000 0.000000 0.909243 -0.416265 -0.000000 30.736700 0.000000 -0.000000 1.000000 0.000000 0.000000 0.000000 0.000000 1.000000
-0.416265 -0.909243 -0.000000 0.000000 0.909243 -0.416265 0.000000 30.736700 -0.000000 0.000000 1.000000 0.000000 0.000000 0.000000 0.000000 1.000000
-0.416265 -0.909243 -0.000000 0.000000 0.909243 -0.416265 0.000000 30.736700 -0.000000 -0.000000 1.000000 0.000000 0.000000 0.000000 0.000000 1.000000
-0.416265 -0.909243 -0.000000 0.000000 0.909243 -0.416265 0.000000 30.736700 -0.000000 -0.000000 1.000000 0.000000 0.000000 0.000000 0.000000 1.000000
-0.416266 -0.909243 0.000000 0.000000 0.909243 -0.416266 0.000000 30.736700 -0.000000 0.000000 1.000000 0.000000 0.000000 0.000000 0.000000 1.000000
-0.416265 -0.909243 0.000000 0.000000 0.909243 -0.416265 -0.000000 30.736700 0.000000 0.000000 1.000000 0.000000 0.000000 0.000000 0.000000 1.000000
-0.416266 -0.909243 -0.000000 0.000000 0.909243 -0.416266 -0.000000 30.736700 0.000000 -0.000000 1.000000 -0.000000 0.000000 0.000000 0.000000 1.000000
-0.416266 -0.909243 -0.000000 0.000000 0.909243 -0.416266 0.000000 30.736700 -0.000000 -0.000000 1.000000 0.000000 0.000000 0.000000 0.000000 1.000000
-0.416265 -0.909243 -0.000000 0.000000 0.909243 -0.416265 -0.000000 30.736700 0.000000 -0.000000 1.000000 0.000000 0.000000 0.000000 0.000000 1.000000
-0.416265 -0.909243 -0.000000 -0.000000 0.909243 -0.416265 -0.000000 30.736700 -0.000000 -0.000000 1.000000 0.000000 0.000000 0.000000 0.000000 1.000000
-0.416265 -0.909243 0.000000 0.000000 0.909243 -0.416265 -0.000000 30.736700 0.000000 -0.000000 1.000000 0.000000 0.000000 0.000000 0.000000 1.000000
-0.416266 -0.909243 0.000000 0.000000 0.909243 -0.416266 -0.000000 30.736700 0.000000 -0.000000 1.000000 -0.000000 0.000000 0.000000 0.000000 1.000000
-0.416265 -0.909243 -0.000000 0.000000 0.909243 -0.416265 -0.000000 30.736700 0.000000 -0.000000 1.000000 0.000000 0.000000 0.000000 0.000000 1.000000
-0.416265 -0.909243 0.000000 0.000000 0.909243 -0.416265 0.000000 30.736700 -0.000000 0.000000 1.000000 0.000000 0.000000 0.000000 0.000000 1.000000
-0.416265 -0.909243 -0.000000 0.000000 0.909243 -0.416265 -0.000000 30.736700 0.000000 -0.000000 1.000000 0.000000 0.000000 0.000000 0.000000 1.000000
-0.416265 -0.909243 -0.000000 0.000000 0.909243 -0.416265 -0.000000 30.736700 0.000000 -0.000000 1.000000 0.000000 0.000000 0.000000 0.000000 1.000000
-0.416265 -0.909243 -0.000000 -0.000000 0.909243 -0.416265 -0.000000 30.736700 0.000000 -0.000000 1.000000 -0.000000 0.000000 0.000000 0.000000 1.000000
-0.416266 -0.909243 -0.000000 -0.000000 0.909243 -0.416266 -0.000000 30.736700 0.000000 -0.000000 1.000000 0.000000 0.000000 0.000000 0.000000 1.000000
-0.416266 -0.909243 -0.000000 0.000000 0.909243 -0.416266 0.000000 30.736700 -0.000000 -0.000000 1.000000 0.000000 0.000000 0.000000 0.000000 1.000000
-0.416265 -0.909243 -0.000000 -0.000000 0.909243 -0.416265 -0.000000 30.736700 0.000000 -0.000000 1.000000 0.000000 0.000000 0.000000 0.000000 1.000000
-0.416265 -0.909243 -0.000000 0.000000 0.909243 -0.416265 -0.000000 30.736700 0.000000 -0.000000 1.000000 0.000000 0.000000 0.000000 0.000000 1.000000</float_array>
        <technique_common>
          <accessor source="#mixamorig_LeftForeArm-Matrix-animation-output-transform-array" count="56" stride="16">
            <param type="float4x4"/>
          </accessor>
        </technique_common>
      </source>
      <source id="mixamorig_LeftForeArm-Interpolations">
        <Name_array id="mixamorig_LeftForeArm-Interpolations-array" count="56">
 LINEAR LINEAR LINEAR LINEAR LINEAR LINEAR LINEAR LINEAR LINEAR LINEAR LINEAR
LINEAR LINEAR LINEAR LINEAR LINEAR LINEAR LINEAR LINEAR LINEAR LINEAR LINEAR LINEAR
LINEAR LINEAR LINEAR LINEAR LINEAR LINEAR LINEAR LINEAR LINEAR LINEAR LINEAR LINEAR
LINEAR LINEAR LINEAR LINEAR LINEAR LINEAR LINEAR LINEAR LINEAR LINEAR LINEAR LINEAR
LINEAR LINEAR LINEAR LINEAR LINEAR LINEAR LINEAR LINEAR LINEAR</Name_array>
        <technique_common>
          <accessor source="#mixamorig_LeftForeArm-Interpolations-array" count="56">
            <param type="name"/>
          </accessor>
        </technique_common>
      </source>
      <sampler id="mixamorig_LeftForeArm-Matrix-animation-transform">
        <input semantic="INPUT" source="#mixamorig_LeftForeArm-Matrix-animation-input"/>
        <input semantic="OUTPUT" source="#mixamorig_LeftForeArm-Matrix-animation-output-transform"/>
        <input semantic="INTERPOLATION" source="#mixamorig_LeftForeArm-Interpolations"/>
      </sampler>
      <channel source="#mixamorig_LeftForeArm-Matrix-animation-transform" target="mixamorig_LeftForeArm/matrix"/>
    </animation>
    <animation id="mixamorig_LeftHand-anim" name="mixamorig_LeftHand">
      <source id="mixamorig_LeftHand-Matrix-animation-input">
        <float_array id="mixamorig_LeftHand-Matrix-animation-input-array" count="56">

0.000000 0.033333 0.066667 0.100000 0.133333 0.166667 0.200000 0.233333 0.266667 0.300000 0.333333 0.366667 0.400000 0.433333 0.466667 0.500000
0.533333 0.566667 0.600000 0.633333 0.666667 0.700000 0.733333 0.766667 0.800000 0.833333 0.866667 0.900000 0.933333 0.966667 1.000000 1.033333
1.066667 1.100000 1.133333 1.166667 1.200000 1.233333 1.266667 1.300000 1.333333 1.366667 1.400000 1.433333 1.466667 1.500000 1.533333 1.566667
1.600000 1.633333 1.666667 1.700000 1.733333 1.766667 1.800000 1.833333</float_array>
        <technique_common>
          <accessor source="#mixamorig_LeftHand-Matrix-animation-input-array" count="56">
            <param name="TIME" type="float"/>
          </accessor>
        </technique_common>
      </source>
      <source id="mixamorig_LeftHand-Matrix-animation-output-transform">
        <float_array id="mixamorig_LeftHand-Matrix-animation-output-transform-array" count="896">

0.994568 -0.038406 0.096747 0.000000 -0.001202 0.925145 0.379613 26.713100 -0.104084 -0.377667 0.920073 0.000000 0.000000 0.000000 0.000000 1.000000
0.994568 -0.038406 0.096747 0.000000 -0.001202 0.925145 0.379613 26.713100 -0.104085 -0.377667 0.920073 0.000000 0.000000 0.000000 0.000000 1.000000
0.994568 -0.038406 0.096747 -0.000000 -0.001202 0.925145 0.379613 26.713100 -0.104085 -0.377667 0.920073 0.000000 0.000000 0.000000 0.000000 1.000000
0.994568 -0.038406 0.096747 0.000000 -0.001202 0.925145 0.379613 26.713100 -0.104085 -0.377667 0.920073 0.000000 0.000000 0.000000 0.000000 1.000000
0.994568 -0.038406 0.096747 0.000000 -0.001202 0.925145 0.379613 26.713100 -0.104084 -0.377667 0.920073 0.000000 0.000000 0.000000 0.000000 1.000000
0.994568 -0.038406 0.096747 -0.000000 -0.001202 0.925145 0.379613 26.713100 -0.104085 -0.377667 0.920073 0.000000 0.000000 0.000000 0.000000 1.000000
0.994568 -0.038406 0.096747 0.000000 -0.001202 0.925145 0.379613 26.713100 -0.104084 -0.377667 0.920073 0.000000 0.000000 0.000000 0.000000 1.000000
0.994568 -0.038406 0.096747 0.000000 -0.001202 0.925145 0.379613 26.713100 -0.104084 -0.377667 0.920073 0.000000 0.000000 0.000000 0.000000 1.000000
0.994568 -0.038406 0.096747 0.000000 -0.001202 0.925145 0.379613 26.713100 -0.104085 -0.377667 0.920073 0.000000 0.000000 0.000000 0.000000 1.000000
0.994568 -0.038406 0.096747 0.000000 -0.001202 0.925145 0.379613 26.713100 -0.104085 -0.377667 0.920073 0.000000 0.000000 0.000000 0.000000 1.000000
0.994568 -0.038406 0.096747 -0.000000 -0.001202 0.925145 0.379613 26.713100 -0.104084 -0.377667 0.920073 0.000000 0.000000 0.000000 0.000000 1.000000
0.994568 -0.038406 0.096747 0.000000 -0.001202 0.925145 0.379613 26.713100 -0.104085 -0.377667 0.920073 0.000000 0.000000 0.000000 0.000000 1.000000
0.994568 -0.038405 0.096747 0.000000 -0.001203 0.925145 0.379613 26.713100 -0.104084 -0.377667 0.920073 0.000000 0.000000 0.000000 0.000000 1.000000
0.994568 -0.038406 0.096747 -0.000000 -0.001202 0.925145 0.379612 26.713100 -0.104085 -0.377666 0.920073 0.000000 0.000000 0.000000 0.000000 1.000000
0.994568 -0.038406 0.096747 0.000000 -0.001202 0.925145 0.379613 26.713100 -0.104085 -0.377667 0.920073 0.000000 0.000000 0.000000 0.000000 1.000000
0.994568 -0.038406 0.096747 -0.000000 -0.001202 0.925145 0.379613 26.713100 -0.104085 -0.377667 0.920073 0.000000 0.000000 0.000000 0.000000 1.000000
0.994568 -0.038406 0.096747 -0.000000 -0.001202 0.925145 0.379613 26.713100 -0.104085 -0.377667 0.920073 0.000000 0.000000 0.000000 0.000000 1.000000
0.994568 -0.038406 0.096747 -0.000000 -0.001202 0.925145 0.379613 26.713100 -0.104085 -0.377667 0.920073 0.000000 0.000000 0.000000 0.000000 1.000000
0.994568 -0.038406 0.096747 0.000000 -0.001202 0.925145 0.379613 26.713100 -0.104085 -0.377667 0.920073 0.000000 0.000000 0.000000 0.000000 1.000000
0.994568 -0.038406 0.096747 0.000000 -0.001202 0.925145 0.379613 26.713100 -0.104085 -0.377667 0.920073 0.000000 0.000000 0.000000 0.000000 1.000000
0.994568 -0.038406 0.096747 -0.000000 -0.001202 0.925145 0.379613 26.713100 -0.104085 -0.377667 0.920073 0.000000 0.000000 0.000000 0.000000 1.000000
0.994568 -0.038406 0.096747 -0.000000 -0.001202 0.925145 0.379613 26.713100 -0.104084 -0.377667 0.920073 0.000000 0.000000 0.000000 0.000000 1.000000
0.994568 -0.038406 0.096747 0.000000 -0.001202 0.925145 0.379613 26.713100 -0.104085 -0.377667 0.920073 0.000000 0.000000 0.000000 0.000000 1.000000
0.994568 -0.038406 0.096747 -0.000000 -0.001202 0.925145 0.379613 26.713100 -0.104084 -0.377667 0.920073 0.000000 0.000000 0.000000 0.000000 1.000000
0.994568 -0.038406 0.096747 -0.000000 -0.001202 0.925145 0.379613 26.713100 -0.104084 -0.377667 0.920073 0.000000 0.000000 0.000000 0.000000 1.000000
0.994568 -0.038406 0.096747 0.000000 -0.001202 0.925145 0.379613 26.713100 -0.104085 -0.377667 0.920073 0.000000 0.000000 0.000000 0.000000 1.000000
0.994568 -0.038406 0.096747 0.000000 -0.001202 0.925145 0.379613 26.713100 -0.104084 -0.377667 0.920073 0.000000 0.000000 0.000000 0.000000 1.000000
0.994568 -0.038406 0.096747 0.000000 -0.001202 0.925145 0.379613 26.713100 -0.104084 -0.377667 0.920073 0.000000 0.000000 0.000000 0.000000 1.000000
0.994568 -0.038406 0.096747 0.000000 -0.001202 0.925145 0.379613 26.713100 -0.104084 -0.377667 0.920073 0.000000 0.000000 0.000000 0.000000 1.000000
0.994568 -0.038406 0.096747 0.000000 -0.001202 0.925145 0.379613 26.713100 -0.104084 -0.377667 0.920073 0.000000 0.000000 0.000000 0.000000 1.000000
0.994568 -0.038406 0.096747 0.000000 -0.001202 0.925145 0.379613 26.713100 -0.104084 -0.377667 0.920073 0.000000 0.000000 0.000000 0.000000 1.000000
0.994568 -0.038406 0.096747 0.000000 -0.001202 0.925145 0.379613 26.713100 -0.104084 -0.377667 0.920073 0.000000 0.000000 0.000000 0.000000 1.000000
0.994568 -0.038406 0.096747 0.000000 -0.001202 0.925145 0.379613 26.713100 -0.104085 -0.377667 0.920073 0.000000 0.000000 0.000000 0.000000 1.000000
0.994568 -0.038406 0.096747 -0.000000 -0.001202 0.925145 0.379613 26.713100 -0.104085 -0.377667 0.920073 0.000000 0.000000 0.000000 0.000000 1.000000
0.994568 -0.038406 0.096747 0.000000 -0.001202 0.925145 0.379613 26.713100 -0.104085 -0.377667 0.920073 0.000000 0.000000 0.000000 0.000000 1.000000
0.994568 -0.038406 0.096747 0.000000 -0.001202 0.925145 0.379613 26.713100 -0.104085 -0.377667 0.920073 0.000000 0.000000 0.000000 0.000000 1.000000
0.994568 -0.038406 0.096747 -0.000000 -0.001202 0.925145 0.379613 26.713100 -0.104085 -0.377667 0.920073 0.000000 0.000000 0.000000 0.000000 1.000000
0.994568 -0.038406 0.096747 0.000000 -0.001202 0.925145 0.379613 26.713100 -0.104084 -0.377667 0.920073 0.000000 0.000000 0.000000 0.000000 1.000000
0.994568 -0.038406 0.096747 0.000000 -0.001202 0.925145 0.379613 26.713100 -0.104084 -0.377667 0.920073 0.000000 0.000000 0.000000 0.000000 1.000000
0.994568 -0.038406 0.096747 -0.000000 -0.001202 0.925145 0.379613 26.713100 -0.104085 -0.377667 0.920073 0.000000 0.000000 0.000000 0.000000 1.000000
0.994568 -0.038406 0.096747 -0.000000 -0.001202 0.925145 0.379613 26.713100 -0.104085 -0.377667 0.920073 0.000000 0.000000 0.000000 0.000000 1.000000
0.994568 -0.038406 0.096747 0.000000 -0.001202 0.925145 0.379613 26.713100 -0.104084 -0.377667 0.920073 0.000000 0.000000 0.000000 0.000000 1.000000
0.994568 -0.038406 0.096747 -0.000000 -0.001202 0.925145 0.379613 26.713100 -0.104085 -0.377667 0.920073 0.000000 0.000000 0.000000 0.000000 1.000000
0.994568 -0.038406 0.096747 0.000000 -0.001202 0.925145 0.379613 26.713100 -0.104085 -0.377667 0.920073 0.000000 0.000000 0.000000 0.000000 1.000000
0.994568 -0.038406 0.096747 0.000000 -0.001202 0.925145 0.379613 26.713100 -0.104085 -0.377667 0.920073 0.000000 0.000000 0.000000 0.000000 1.000000
0.994568 -0.038406 0.096747 -0.000000 -0.001202 0.925145 0.379613 26.713100 -0.104084 -0.377667 0.920073 -0.000000 0.000000 0.000000 0.000000 1.000000
0.994568 -0.038406 0.096747 0.000000 -0.001202 0.925145 0.379613 26.713100 -0.104084 -0.377667 0.920073 0.000000 0.000000 0.000000 0.000000 1.000000
0.994568 -0.038406 0.096747 -0.000000 -0.001202 0.925145 0.379613 26.713100 -0.104084 -0.377667 0.920073 -0.000000 0.000000 0.000000 0.000000 1.000000
0.994568 -0.038406 0.096747 0.000000 -0.001202 0.925145 0.379613 26.713100 -0.104084 -0.377667 0.920073 0.000000 0.000000 0.000000 0.000000 1.000000
0.994568 -0.038406 0.096747 0.000000 -0.001202 0.925145 0.379613 26.713100 -0.104085 -0.377667 0.920073 0.000000 0.000000 0.000000 0.000000 1.000000
0.994568 -0.038406 0.096747 -0.000000 -0.001202 0.925145 0.379613 26.713100 -0.104084 -0.377667 0.920073 0.000000 0.000000 0.000000 0.000000 1.000000
0.994568 -0.038406 0.096747 0.000000 -0.001202 0.925145 0.379613 26.713100 -0.104084 -0.377667 0.920073 -0.000000 0.000000 0.000000 0.000000 1.000000
0.994568 -0.038406 0.096747 0.000000 -0.001202 0.925145 0.379613 26.713100 -0.104084 -0.377667 0.920073 0.000000 0.000000 0.000000 0.000000 1.000000
0.994568 -0.038406 0.096747 0.000000 -0.001202 0.925145 0.379613 26.713100 -0.104084 -0.377667 0.920073 -0.000000 0.000000 0.000000 0.000000 1.000000
0.994568 -0.038406 0.096747 0.000000 -0.001202 0.925145 0.379613 26.713100 -0.104085 -0.377667 0.920073 -0.000000 0.000000 0.000000 0.000000 1.000000
0.994568 -0.038406 0.096747 0.000000 -0.001202 0.925145 0.379613 26.713100 -0.104085 -0.377667 0.920073 0.000000 0.000000 0.000000 0.000000 1.000000</float_array>
        <technique_common>
          <accessor source="#mixamorig_LeftHand-Matrix-animation-output-transform-array" count="56" stride="16">
            <param type="float4x4"/>
          </accessor>
        </technique_common>
      </source>
      <source id="mixamorig_LeftHand-Interpolations">
        <Name_array id="mixamorig_LeftHand-Interpolations-array" count="56">
 LINEAR LINEAR LINEAR LINEAR LINEAR LINEAR LINEAR LINEAR LINEAR LINEAR LINEAR
LINEAR LINEAR LINEAR LINEAR LINEAR LINEAR LINEAR LINEAR LINEAR LINEAR LINEAR LINEAR
LINEAR LINEAR LINEAR LINEAR LINEAR LINEAR LINEAR LINEAR LINEAR LINEAR LINEAR LINEAR
LINEAR LINEAR LINEAR LINEAR LINEAR LINEAR LINEAR LINEAR LINEAR LINEAR LINEAR LINEAR
LINEAR LINEAR LINEAR LINEAR LINEAR LINEAR LINEAR LINEAR LINEAR</Name_array>
        <technique_common>
          <accessor source="#mixamorig_LeftHand-Interpolations-array" count="56">
            <param type="name"/>
          </accessor>
        </technique_common>
      </source>
      <sampler id="mixamorig_LeftHand-Matrix-animation-transform">
        <input semantic="INPUT" source="#mixamorig_LeftHand-Matrix-animation-input"/>
        <input semantic="OUTPUT" source="#mixamorig_LeftHand-Matrix-animation-output-transform"/>
        <input semantic="INTERPOLATION" source="#mixamorig_LeftHand-Interpolations"/>
      </sampler>
      <channel source="#mixamorig_LeftHand-Matrix-animation-transform" target="mixamorig_LeftHand/matrix"/>
    </animation>
    <animation id="mixamorig_LeftHandThumb1-anim" name="mixamorig_LeftHandThumb1">
      <source id="mixamorig_LeftHandThumb1-Matrix-animation-input">
        <float_array id="mixamorig_LeftHandThumb1-Matrix-animation-input-array" count="56">

0.000000 0.033333 0.066667 0.100000 0.133333 0.166667 0.200000 0.233333 0.266667 0.300000 0.333333 0.366667 0.400000 0.433333 0.466667 0.500000
0.533333 0.566667 0.600000 0.633333 0.666667 0.700000 0.733333 0.766667 0.800000 0.833333 0.866667 0.900000 0.933333 0.966667 1.000000 1.033333
1.066667 1.100000 1.133333 1.166667 1.200000 1.233333 1.266667 1.300000 1.333333 1.366667 1.400000 1.433333 1.466667 1.500000 1.533333 1.566667
1.600000 1.633333 1.666667 1.700000 1.733333 1.766667 1.800000 1.833333</float_array>
        <technique_common>
          <accessor source="#mixamorig_LeftHandThumb1-Matrix-animation-input-array" count="56">
            <param name="TIME" type="float"/>
          </accessor>
        </technique_common>
      </source>
      <source id="mixamorig_LeftHandThumb1-Matrix-animation-output-transform">
        <float_array id="mixamorig_LeftHandThumb1-Matrix-animation-output-transform-array" count="896">

0.892372 -0.403216 0.202705 -2.604400 0.448092 0.845088 -0.291615 4.344900 -0.053720 0.351059 0.934811 2.566800 0.000000 0.000000 0.000000 1.000000
0.892372 -0.403216 0.202705 -2.604400 0.448092 0.845089 -0.291615 4.344900 -0.053720 0.351059 0.934811 2.566800 0.000000 0.000000 0.000000 1.000000
0.892372 -0.403216 0.202704 -2.604400 0.448092 0.845088 -0.291615 4.344900 -0.053720 0.351059 0.934811 2.566800 0.000000 0.000000 0.000000 1.000000
0.892372 -0.403216 0.202705 -2.604400 0.448092 0.845088 -0.291615 4.344900 -0.053720 0.351059 0.934811 2.566800 0.000000 0.000000 0.000000 1.000000
0.892372 -0.403215 0.202704 -2.604400 0.448092 0.845089 -0.291615 4.344900 -0.053720 0.351059 0.934811 2.566800 0.000000 0.000000 0.000000 1.000000
0.892372 -0.403216 0.202705 -2.604400 0.448092 0.845088 -0.291615 4.344900 -0.053720 0.351059 0.934811 2.566800 0.000000 0.000000 0.000000 1.000000
0.892372 -0.403215 0.202705 -2.604400 0.448092 0.845089 -0.291615 4.344900 -0.053720 0.351059 0.934811 2.566800 0.000000 0.000000 0.000000 1.000000
0.892372 -0.403216 0.202705 -2.604400 0.448092 0.845088 -0.291615 4.344900 -0.053720 0.351059 0.934811 2.566800 0.000000 0.000000 0.000000 1.000000
0.892372 -0.403216 0.202705 -2.604400 0.448092 0.845089 -0.291615 4.344900 -0.053720 0.351059 0.934811 2.566800 0.000000 0.000000 0.000000 1.000000
0.892372 -0.403215 0.202705 -2.604400 0.448092 0.845089 -0.291615 4.344900 -0.053720 0.351059 0.934811 2.566800 0.000000 0.000000 0.000000 1.000000
0.892372 -0.403215 0.202705 -2.604400 0.448092 0.845089 -0.291615 4.344900 -0.053720 0.351059 0.934811 2.566800 0.000000 0.000000 0.000000 1.000000
0.892372 -0.403216 0.202705 -2.604400 0.448092 0.845088 -0.291615 4.344900 -0.053720 0.351059 0.934811 2.566800 0.000000 0.000000 0.000000 1.000000
0.892372 -0.403216 0.202705 -2.604400 0.448092 0.845089 -0.291615 4.344900 -0.053720 0.351059 0.934811 2.566800 0.000000 0.000000 0.000000 1.000000
0.892372 -0.403216 0.202704 -2.604400 0.448092 0.845088 -0.291615 4.344900 -0.053719 0.351059 0.934811 2.566800 0.000000 0.000000 0.000000 1.000000
0.892372 -0.403216 0.202704 -2.604400 0.448092 0.845089 -0.291615 4.344900 -0.053720 0.351059 0.934811 2.566800 0.000000 0.000000 0.000000 1.000000
0.892372 -0.403216 0.202704 -2.604400 0.448092 0.845089 -0.291615 4.344900 -0.053720 0.351059 0.934811 2.566800 0.000000 0.000000 0.000000 1.000000
0.892372 -0.403215 0.202704 -2.604400 0.448091 0.845089 -0.291615 4.344900 -0.053720 0.351059 0.934811 2.566800 0.000000 0.000000 0.000000 1.000000
0.892372 -0.403215 0.202705 -2.604400 0.448091 0.845089 -0.291615 4.344900 -0.053720 0.351059 0.934811 2.566800 0.000000 0.000000 0.000000 1.000000
0.892372 -0.403216 0.202704 -2.604400 0.448092 0.845089 -0.291615 4.344900 -0.053720 0.351059 0.934811 2.566800 0.000000 0.000000 0.000000 1.000000
0.892372 -0.403215 0.202705 -2.604400 0.448092 0.845089 -0.291615 4.344900 -0.053720 0.351059 0.934811 2.566800 0.000000 0.000000 0.000000 1.000000
0.892372 -0.403216 0.202705 -2.604400 0.448092 0.845088 -0.291615 4.344900 -0.053720 0.351059 0.934811 2.566800 0.000000 0.000000 0.000000 1.000000
0.892372 -0.403216 0.202704 -2.604400 0.448092 0.845088 -0.291615 4.344900 -0.053720 0.351059 0.934811 2.566800 0.000000 0.000000 0.000000 1.000000
0.892372 -0.403216 0.202705 -2.604400 0.448092 0.845089 -0.291615 4.344900 -0.053720 0.351059 0.934811 2.566800 0.000000 0.000000 0.000000 1.000000
0.892372 -0.403215 0.202705 -2.604400 0.448091 0.845089 -0.291615 4.344900 -0.053720 0.351059 0.934811 2.566800 0.000000 0.000000 0.000000 1.000000
0.892372 -0.403215 0.202704 -2.604400 0.448091 0.845089 -0.291615 4.344900 -0.053720 0.351059 0.934811 2.566800 0.000000 0.000000 0.000000 1.000000
0.892372 -0.403216 0.202704 -2.604400 0.448092 0.845089 -0.291615 4.344900 -0.053720 0.351059 0.934811 2.566800 0.000000 0.000000 0.000000 1.000000
0.892372 -0.403215 0.202704 -2.604400 0.448092 0.845088 -0.291615 4.344900 -0.053719 0.351059 0.934811 2.566800 0.000000 0.000000 0.000000 1.000000
0.892372 -0.403216 0.202705 -2.604400 0.448092 0.845089 -0.291615 4.344900 -0.053720 0.351059 0.934811 2.566800 0.000000 0.000000 0.000000 1.000000
0.892372 -0.403215 0.202705 -2.604400 0.448092 0.845089 -0.291615 4.344900 -0.053720 0.351059 0.934811 2.566800 0.000000 0.000000 0.000000 1.000000
0.892372 -0.403216 0.202705 -2.604400 0.448092 0.845089 -0.291615 4.344900 -0.053720 0.351059 0.934811 2.566800 0.000000 0.000000 0.000000 1.000000
0.892372 -0.403216 0.202705 -2.604400 0.448092 0.845089 -0.291615 4.344900 -0.053720 0.351059 0.934811 2.566800 0.000000 0.000000 0.000000 1.000000
0.892372 -0.403216 0.202705 -2.604400 0.448092 0.845088 -0.291615 4.344900 -0.053720 0.351059 0.934811 2.566800 0.000000 0.000000 0.000000 1.000000
0.892372 -0.403216 0.202705 -2.604400 0.448092 0.845088 -0.291615 4.344900 -0.053720 0.351059 0.934811 2.566800 0.000000 0.000000 0.000000 1.000000
0.892372 -0.403215 0.202705 -2.604400 0.448091 0.845089 -0.291615 4.344900 -0.053720 0.351059 0.934811 2.566800 0.000000 0.000000 0.000000 1.000000
0.892372 -0.403216 0.202705 -2.604400 0.448092 0.845088 -0.291615 4.344900 -0.053720 0.351059 0.934811 2.566800 0.000000 0.000000 0.000000 1.000000
0.892372 -0.403215 0.202704 -2.604400 0.448092 0.845089 -0.291615 4.344900 -0.053720 0.351059 0.934811 2.566800 0.000000 0.000000 0.000000 1.000000
0.892372 -0.403215 0.202704 -2.604400 0.448092 0.845089 -0.291615 4.344900 -0.053720 0.351059 0.934811 2.566800 0.000000 0.000000 0.000000 1.000000
0.892372 -0.403215 0.202704 -2.604400 0.448091 0.845089 -0.291615 4.344900 -0.053720 0.351059 0.934811 2.566800 0.000000 0.000000 0.000000 1.000000
0.892372 -0.403215 0.202705 -2.604400 0.448091 0.845089 -0.291615 4.344900 -0.053720 0.351059 0.934811 2.566800 0.000000 0.000000 0.000000 1.000000
0.892372 -0.403216 0.202705 -2.604400 0.448092 0.845088 -0.291615 4.344900 -0.053720 0.351059 0.934811 2.566800 0.000000 0.000000 0.000000 1.000000
0.892372 -0.403216 0.202705 -2.604400 0.448092 0.845089 -0.291615 4.344900 -0.053720 0.351059 0.934811 2.566800 0.000000 0.000000 0.000000 1.000000
0.892372 -0.403216 0.202705 -2.604400 0.448092 0.845088 -0.291615 4.344900 -0.053720 0.351059 0.934811 2.566800 0.000000 0.000000 0.000000 1.000000
0.892372 -0.403216 0.202705 -2.604400 0.448092 0.845089 -0.291615 4.344900 -0.053720 0.351059 0.934811 2.566800 0.000000 0.000000 0.000000 1.000000
0.892372 -0.403216 0.202705 -2.604400 0.448092 0.845089 -0.291615 4.344900 -0.053720 0.351059 0.934811 2.566800 0.000000 0.000000 0.000000 1.000000
0.892372 -0.403215 0.202705 -2.604400 0.448092 0.845089 -0.291615 4.344900 -0.053720 0.351059 0.934811 2.566800 0.000000 0.000000 0.000000 1.000000
0.892372 -0.403216 0.202705 -2.604400 0.448092 0.845089 -0.291615 4.344900 -0.053720 0.351059 0.934811 2.566800 0.000000 0.000000 0.000000 1.000000
0.892372 -0.403216 0.202705 -2.604400 0.448092 0.845089 -0.291615 4.344900 -0.053720 0.351059 0.934811 2.566800 0.000000 0.000000 0.000000 1.000000
0.892372 -0.403216 0.202704 -2.604400 0.448092 0.845089 -0.291615 4.344900 -0.053719 0.351059 0.934811 2.566800 0.000000 0.000000 0.000000 1.000000
0.892372 -0.403216 0.202704 -2.604400 0.448092 0.845089 -0.291615 4.344900 -0.053720 0.351059 0.934811 2.566800 0.000000 0.000000 0.000000 1.000000
0.892372 -0.403215 0.202705 -2.604400 0.448091 0.845089 -0.291615 4.344900 -0.053720 0.351059 0.934811 2.566800 0.000000 0.000000 0.000000 1.000000
0.892372 -0.403215 0.202704 -2.604400 0.448091 0.845089 -0.291615 4.344900 -0.053720 0.351059 0.934811 2.566800 0.000000 0.000000 0.000000 1.000000
0.892372 -0.403216 0.202705 -2.604400 0.448092 0.845088 -0.291615 4.344900 -0.053720 0.351059 0.934811 2.566800 0.000000 0.000000 0.000000 1.000000
0.892372 -0.403216 0.202705 -2.604400 0.448092 0.845088 -0.291615 4.344900 -0.053720 0.351059 0.934811 2.566800 0.000000 0.000000 0.000000 1.000000
0.892372 -0.403216 0.202705 -2.604400 0.448092 0.845089 -0.291615 4.344900 -0.053720 0.351059 0.934811 2.566800 0.000000 0.000000 0.000000 1.000000
0.892372 -0.403215 0.202705 -2.604400 0.448092 0.845089 -0.291615 4.344900 -0.053720 0.351059 0.934811 2.566800 0.000000 0.000000 0.000000 1.000000
0.892372 -0.403216 0.202704 -2.604400 0.448092 0.845089 -0.291615 4.344900 -0.053720 0.351059 0.934811 2.566800 0.000000 0.000000 0.000000 1.000000</float_array>
        <technique_common>
          <accessor source="#mixamorig_LeftHandThumb1-Matrix-animation-output-transform-array" count="56" stride="16">
            <param type="float4x4"/>
          </accessor>
        </technique_common>
      </source>
      <source id="mixamorig_LeftHandThumb1-Interpolations">
        <Name_array id="mixamorig_LeftHandThumb1-Interpolations-array" count="56">
 LINEAR LINEAR LINEAR LINEAR LINEAR LINEAR LINEAR LINEAR LINEAR LINEAR LINEAR
LINEAR LINEAR LINEAR LINEAR LINEAR LINEAR LINEAR LINEAR LINEAR LINEAR LINEAR LINEAR
LINEAR LINEAR LINEAR LINEAR LINEAR LINEAR LINEAR LINEAR LINEAR LINEAR LINEAR LINEAR
LINEAR LINEAR LINEAR LINEAR LINEAR LINEAR LINEAR LINEAR LINEAR LINEAR LINEAR LINEAR
LINEAR LINEAR LINEAR LINEAR LINEAR LINEAR LINEAR LINEAR LINEAR</Name_array>
        <technique_common>
          <accessor source="#mixamorig_LeftHandThumb1-Interpolations-array" count="56">
            <param type="name"/>
          </accessor>
        </technique_common>
      </source>
      <sampler id="mixamorig_LeftHandThumb1-Matrix-animation-transform">
        <input semantic="INPUT" source="#mixamorig_LeftHandThumb1-Matrix-animation-input"/>
        <input semantic="OUTPUT" source="#mixamorig_LeftHandThumb1-Matrix-animation-output-transform"/>
        <input semantic="INTERPOLATION" source="#mixamorig_LeftHandThumb1-Interpolations"/>
      </sampler>
      <channel source="#mixamorig_LeftHandThumb1-Matrix-animation-transform" target="mixamorig_LeftHandThumb1/matrix"/>
    </animation>
    <animation id="mixamorig_LeftHandThumb2-anim" name="mixamorig_LeftHandThumb2">
      <source id="mixamorig_LeftHandThumb2-Matrix-animation-input">
        <float_array id="mixamorig_LeftHandThumb2-Matrix-animation-input-array" count="56">

0.000000 0.033333 0.066667 0.100000 0.133333 0.166667 0.200000 0.233333 0.266667 0.300000 0.333333 0.366667 0.400000 0.433333 0.466667 0.500000
0.533333 0.566667 0.600000 0.633333 0.666667 0.700000 0.733333 0.766667 0.800000 0.833333 0.866667 0.900000 0.933333 0.966667 1.000000 1.033333
1.066667 1.100000 1.133333 1.166667 1.200000 1.233333 1.266667 1.300000 1.333333 1.366667 1.400000 1.433333 1.466667 1.500000 1.533333 1.566667
1.600000 1.633333 1.666667 1.700000 1.733333 1.766667 1.800000 1.833333</float_array>
        <technique_common>
          <accessor source="#mixamorig_LeftHandThumb2-Matrix-animation-input-array" count="56">
            <param name="TIME" type="float"/>
          </accessor>
        </technique_common>
      </source>
      <source id="mixamorig_LeftHandThumb2-Matrix-animation-output-transform">
        <float_array id="mixamorig_LeftHandThumb2-Matrix-animation-output-transform-array" count="896">

0.912833 0.407341 -0.028449 -0.000000 -0.408319 0.911166 -0.055248 4.523200 0.003417 0.062049 0.998067 0.000000 0.000000 0.000000 0.000000 1.000000
0.912833 0.407341 -0.028449 -0.000000 -0.408319 0.911166 -0.055248 4.523200 0.003417 0.062049 0.998067 -0.000000 0.000000 0.000000 0.000000 1.000000
0.912833 0.407341 -0.028449 -0.000000 -0.408319 0.911166 -0.055248 4.523200 0.003417 0.062049 0.998067 0.000000 0.000000 0.000000 0.000000 1.000000
0.912833 0.407341 -0.028449 0.000000 -0.408319 0.911166 -0.055248 4.523200 0.003417 0.062049 0.998067 0.000000 0.000000 0.000000 0.000000 1.000000
0.912833 0.407341 -0.028449 -0.000000 -0.408319 0.911166 -0.055248 4.523200 0.003417 0.062049 0.998067 -0.000000 0.000000 0.000000 0.000000 1.000000
0.912833 0.407341 -0.028449 0.000000 -0.408319 0.911166 -0.055248 4.523200 0.003417 0.062049 0.998067 0.000000 0.000000 0.000000 0.000000 1.000000
0.912833 0.407341 -0.028449 0.000000 -0.408319 0.911166 -0.055248 4.523200 0.003417 0.062049 0.998067 0.000000 0.000000 0.000000 0.000000 1.000000
0.912833 0.407341 -0.028449 0.000000 -0.408319 0.911166 -0.055248 4.523200 0.003417 0.062049 0.998067 0.000000 0.000000 0.000000 0.000000 1.000000
0.912833 0.407341 -0.028449 -0.000000 -0.408319 0.911166 -0.055248 4.523200 0.003417 0.062049 0.998067 -0.000000 0.000000 0.000000 0.000000 1.000000
0.912833 0.407341 -0.028449 0.000000 -0.408319 0.911166 -0.055249 4.523200 0.003417 0.062049 0.998067 0.000000 0.000000 0.000000 0.000000 1.000000
0.912833 0.407341 -0.028449 0.000000 -0.408319 0.911166 -0.055248 4.523200 0.003417 0.062049 0.998067 -0.000000 0.000000 0.000000 0.000000 1.000000
0.912833 0.407341 -0.028449 0.000000 -0.408319 0.911166 -0.055248 4.523200 0.003417 0.062049 0.998067 0.000000 0.000000 0.000000 0.000000 1.000000
0.912833 0.407341 -0.028449 0.000000 -0.408319 0.911166 -0.055248 4.523200 0.003417 0.062049 0.998067 -0.000000 0.000000 0.000000 0.000000 1.000000
0.912833 0.407341 -0.028449 0.000000 -0.408319 0.911166 -0.055248 4.523200 0.003417 0.062049 0.998067 0.000000 0.000000 0.000000 0.000000 1.000000
0.912833 0.407341 -0.028449 0.000000 -0.408319 0.911166 -0.055248 4.523200 0.003417 0.062049 0.998067 0.000000 0.000000 0.000000 0.000000 1.000000
0.912833 0.407341 -0.028449 0.000000 -0.408319 0.911166 -0.055248 4.523200 0.003417 0.062049 0.998067 0.000000 0.000000 0.000000 0.000000 1.000000
0.912833 0.407341 -0.028449 0.000000 -0.408319 0.911166 -0.055248 4.523200 0.003417 0.062048 0.998067 0.000000 0.000000 0.000000 0.000000 1.000000
0.912833 0.407341 -0.028449 0.000000 -0.408319 0.911166 -0.055248 4.523200 0.003417 0.062048 0.998067 0.000000 0.000000 0.000000 0.000000 1.000000
0.912833 0.407341 -0.028449 0.000000 -0.408319 0.911166 -0.055248 4.523200 0.003417 0.062049 0.998067 0.000000 0.000000 0.000000 0.000000 1.000000
0.912833 0.407341 -0.028449 0.000000 -0.408319 0.911166 -0.055248 4.523200 0.003417 0.062049 0.998067 0.000000 0.000000 0.000000 0.000000 1.000000
0.912833 0.407341 -0.028449 -0.000000 -0.408319 0.911166 -0.055248 4.523200 0.003417 0.062049 0.998067 0.000000 0.000000 0.000000 0.000000 1.000000
0.912833 0.407341 -0.028449 -0.000000 -0.408319 0.911166 -0.055248 4.523200 0.003417 0.062048 0.998067 0.000000 0.000000 0.000000 0.000000 1.000000
0.912833 0.407341 -0.028449 0.000000 -0.408319 0.911166 -0.055248 4.523200 0.003417 0.062049 0.998067 0.000000 0.000000 0.000000 0.000000 1.000000
0.912833 0.407341 -0.028449 0.000000 -0.408319 0.911166 -0.055248 4.523200 0.003417 0.062049 0.998067 0.000000 0.000000 0.000000 0.000000 1.000000
0.912833 0.407341 -0.028449 0.000000 -0.408319 0.911166 -0.055248 4.523200 0.003417 0.062049 0.998067 0.000000 0.000000 0.000000 0.000000 1.000000
0.912833 0.407341 -0.028449 -0.000000 -0.408319 0.911166 -0.055248 4.523200 0.003417 0.062048 0.998067 -0.000000 0.000000 0.000000 0.000000 1.000000
0.912833 0.407341 -0.028449 0.000000 -0.408319 0.911166 -0.055248 4.523200 0.003417 0.062048 0.998067 0.000000 0.000000 0.000000 0.000000 1.000000
0.912833 0.407341 -0.028449 0.000000 -0.408319 0.911166 -0.055248 4.523200 0.003417 0.062049 0.998067 0.000000 0.000000 0.000000 0.000000 1.000000
0.912833 0.407341 -0.028449 -0.000000 -0.408319 0.911166 -0.055248 4.523200 0.003417 0.062049 0.998067 0.000000 0.000000 0.000000 0.000000 1.000000
0.912833 0.407341 -0.028449 0.000000 -0.408319 0.911166 -0.055248 4.523200 0.003417 0.062049 0.998067 0.000000 0.000000 0.000000 0.000000 1.000000
0.912833 0.407341 -0.028449 -0.000000 -0.408319 0.911166 -0.055248 4.523200 0.003417 0.062049 0.998067 0.000000 0.000000 0.000000 0.000000 1.000000
0.912833 0.407341 -0.028449 0.000000 -0.408319 0.911166 -0.055248 4.523200 0.003417 0.062049 0.998067 -0.000000 0.000000 0.000000 0.000000 1.000000
0.912833 0.407341 -0.028449 0.000000 -0.408319 0.911166 -0.055248 4.523200 0.003417 0.062048 0.998067 0.000000 0.000000 0.000000 0.000000 1.000000
0.912833 0.407341 -0.028449 -0.000000 -0.408319 0.911166 -0.055248 4.523200 0.003417 0.062049 0.998067 0.000000 0.000000 0.000000 0.000000 1.000000
0.912833 0.407341 -0.028449 0.000000 -0.408319 0.911166 -0.055248 4.523200 0.003417 0.062049 0.998067 0.000000 0.000000 0.000000 0.000000 1.000000
0.912833 0.407341 -0.028449 0.000000 -0.408319 0.911166 -0.055248 4.523200 0.003417 0.062049 0.998067 0.000000 0.000000 0.000000 0.000000 1.000000
0.912833 0.407341 -0.028449 -0.000000 -0.408319 0.911166 -0.055248 4.523200 0.003417 0.062049 0.998067 0.000000 0.000000 0.000000 0.000000 1.000000
0.912833 0.407341 -0.028449 0.000000 -0.408319 0.911166 -0.055249 4.523200 0.003417 0.062049 0.998067 0.000000 0.000000 0.000000 0.000000 1.000000
0.912833 0.407341 -0.028449 -0.000000 -0.408319 0.911166 -0.055248 4.523200 0.003417 0.062048 0.998067 0.000000 0.000000 0.000000 0.000000 1.000000
0.912833 0.407341 -0.028449 0.000000 -0.408319 0.911166 -0.055248 4.523200 0.003417 0.062049 0.998067 -0.000000 0.000000 0.000000 0.000000 1.000000
0.912833 0.407341 -0.028449 0.000000 -0.408319 0.911166 -0.055248 4.523200 0.003417 0.062049 0.998067 0.000000 0.000000 0.000000 0.000000 1.000000
0.912833 0.407341 -0.028449 0.000000 -0.408319 0.911166 -0.055248 4.523200 0.003417 0.062049 0.998067 -0.000000 0.000000 0.000000 0.000000 1.000000
0.912833 0.407341 -0.028449 0.000000 -0.408319 0.911166 -0.055248 4.523200 0.003417 0.062049 0.998067 0.000000 0.000000 0.000000 0.000000 1.000000
0.912833 0.407341 -0.028449 0.000000 -0.408319 0.911166 -0.055248 4.523200 0.003417 0.062049 0.998067 0.000000 0.000000 0.000000 0.000000 1.000000
0.912833 0.407341 -0.028449 0.000000 -0.408319 0.911166 -0.055248 4.523200 0.003417 0.062049 0.998067 0.000000 0.000000 0.000000 0.000000 1.000000
0.912833 0.407341 -0.028449 0.000000 -0.408319 0.911166 -0.055248 4.523200 0.003417 0.062049 0.998067 0.000000 0.000000 0.000000 0.000000 1.000000
0.912833 0.407341 -0.028449 0.000000 -0.408319 0.911166 -0.055248 4.523200 0.003417 0.062049 0.998067 0.000000 0.000000 0.000000 0.000000 1.000000
0.912833 0.407341 -0.028449 0.000000 -0.408319 0.911166 -0.055248 4.523200 0.003417 0.062049 0.998067 0.000000 0.000000 0.000000 0.000000 1.000000
0.912833 0.407341 -0.028449 -0.000000 -0.408319 0.911166 -0.055249 4.523200 0.003417 0.062049 0.998067 0.000000 0.000000 0.000000 0.000000 1.000000
0.912833 0.407341 -0.028449 0.000000 -0.408319 0.911166 -0.055248 4.523200 0.003417 0.062048 0.998067 0.000000 0.000000 0.000000 0.000000 1.000000
0.912833 0.407341 -0.028449 -0.000000 -0.408319 0.911166 -0.055249 4.523200 0.003417 0.062049 0.998067 -0.000000 0.000000 0.000000 0.000000 1.000000
0.912833 0.407341 -0.028449 0.000000 -0.408319 0.911166 -0.055248 4.523200 0.003417 0.062049 0.998067 0.000000 0.000000 0.000000 0.000000 1.000000
0.912833 0.407341 -0.028449 0.000000 -0.408319 0.911166 -0.055248 4.523200 0.003417 0.062048 0.998067 0.000000 0.000000 0.000000 0.000000 1.000000
0.912833 0.407341 -0.028449 0.000000 -0.408319 0.911166 -0.055248 4.523200 0.003417 0.062049 0.998067 0.000000 0.000000 0.000000 0.000000 1.000000
0.912833 0.407341 -0.028449 -0.000000 -0.408319 0.911166 -0.055248 4.523200 0.003417 0.062049 0.998067 -0.000000 0.000000 0.000000 0.000000 1.000000
0.912833 0.407341 -0.028449 -0.000000 -0.408319 0.911166 -0.055248 4.523200 0.003417 0.062049 0.998067 -0.000000 0.000000 0.000000 0.000000 1.000000</float_array>
        <technique_common>
          <accessor source="#mixamorig_LeftHandThumb2-Matrix-animation-output-transform-array" count="56" stride="16">
            <param type="float4x4"/>
          </accessor>
        </technique_common>
      </source>
      <source id="mixamorig_LeftHandThumb2-Interpolations">
        <Name_array id="mixamorig_LeftHandThumb2-Interpolations-array" count="56">
 LINEAR LINEAR LINEAR LINEAR LINEAR LINEAR LINEAR LINEAR LINEAR LINEAR LINEAR
LINEAR LINEAR LINEAR LINEAR LINEAR LINEAR LINEAR LINEAR LINEAR LINEAR LINEAR LINEAR
LINEAR LINEAR LINEAR LINEAR LINEAR LINEAR LINEAR LINEAR LINEAR LINEAR LINEAR LINEAR
LINEAR LINEAR LINEAR LINEAR LINEAR LINEAR LINEAR LINEAR LINEAR LINEAR LINEAR LINEAR
LINEAR LINEAR LINEAR LINEAR LINEAR LINEAR LINEAR LINEAR LINEAR</Name_array>
        <technique_common>
          <accessor source="#mixamorig_LeftHandThumb2-Interpolations-array" count="56">
            <param type="name"/>
          </accessor>
        </technique_common>
      </source>
      <sampler id="mixamorig_LeftHandThumb2-Matrix-animation-transform">
        <input semantic="INPUT" source="#mixamorig_LeftHandThumb2-Matrix-animation-input"/>
        <input semantic="OUTPUT" source="#mixamorig_LeftHandThumb2-Matrix-animation-output-transform"/>
        <input semantic="INTERPOLATION" source="#mixamorig_LeftHandThumb2-Interpolations"/>
      </sampler>
      <channel source="#mixamorig_LeftHandThumb2-Matrix-animation-transform" target="mixamorig_LeftHandThumb2/matrix"/>
    </animation>
    <animation id="mixamorig_LeftHandThumb3-anim" name="mixamorig_LeftHandThumb3">
      <source id="mixamorig_LeftHandThumb3-Matrix-animation-input">
        <float_array id="mixamorig_LeftHandThumb3-Matrix-animation-input-array" count="56">

0.000000 0.033333 0.066667 0.100000 0.133333 0.166667 0.200000 0.233333 0.266667 0.300000 0.333333 0.366667 0.400000 0.433333 0.466667 0.500000
0.533333 0.566667 0.600000 0.633333 0.666667 0.700000 0.733333 0.766667 0.800000 0.833333 0.866667 0.900000 0.933333 0.966667 1.000000 1.033333
1.066667 1.100000 1.133333 1.166667 1.200000 1.233333 1.266667 1.300000 1.333333 1.366667 1.400000 1.433333 1.466667 1.500000 1.533333 1.566667
1.600000 1.633333 1.666667 1.700000 1.733333 1.766667 1.800000 1.833333</float_array>
        <technique_common>
          <accessor source="#mixamorig_LeftHandThumb3-Matrix-animation-input-array" count="56">
            <param name="TIME" type="float"/>
          </accessor>
        </technique_common>
      </source>
      <source id="mixamorig_LeftHandThumb3-Matrix-animation-output-transform">
        <float_array id="mixamorig_LeftHandThumb3-Matrix-animation-output-transform-array" count="896">

0.834519 0.537739 -0.120062 -0.000000 -0.531974 0.843109 0.078554 3.636400 0.143467 -0.001685 0.989654 0.000000 0.000000 0.000000 0.000000 1.000000
0.834519 0.537739 -0.120062 0.000000 -0.531974 0.843109 0.078554 3.636400 0.143467 -0.001685 0.989654 0.000000 0.000000 0.000000 0.000000 1.000000
0.834519 0.537740 -0.120062 -0.000000 -0.531974 0.843109 0.078554 3.636400 0.143467 -0.001685 0.989654 0.000000 0.000000 0.000000 0.000000 1.000000
0.834519 0.537740 -0.120062 0.000000 -0.531974 0.843109 0.078554 3.636400 0.143467 -0.001685 0.989654 0.000000 0.000000 0.000000 0.000000 1.000000
0.834518 0.537740 -0.120062 0.000000 -0.531974 0.843109 0.078554 3.636400 0.143467 -0.001685 0.989654 0.000000 0.000000 0.000000 0.000000 1.000000
0.834519 0.537739 -0.120062 0.000000 -0.531974 0.843109 0.078554 3.636400 0.143467 -0.001685 0.989654 0.000000 0.000000 0.000000 0.000000 1.000000
0.834519 0.537739 -0.120062 0.000000 -0.531973 0.843109 0.078554 3.636400 0.143467 -0.001685 0.989654 0.000000 0.000000 0.000000 0.000000 1.000000
0.834519 0.537739 -0.120062 -0.000000 -0.531973 0.843109 0.078554 3.636400 0.143467 -0.001685 0.989654 -0.000000 0.000000 0.000000 0.000000 1.000000
0.834519 0.537739 -0.120062 0.000000 -0.531974 0.843109 0.078554 3.636400 0.143467 -0.001685 0.989654 0.000000 0.000000 0.000000 0.000000 1.000000
0.834519 0.537740 -0.120062 -0.000000 -0.531974 0.843109 0.078554 3.636400 0.143467 -0.001685 0.989654 0.000000 0.000000 0.000000 0.000000 1.000000
0.834519 0.537739 -0.120062 0.000000 -0.531974 0.843109 0.078554 3.636400 0.143467 -0.001685 0.989654 0.000000 0.000000 0.000000 0.000000 1.000000
0.834519 0.537739 -0.120062 -0.000000 -0.531973 0.843110 0.078554 3.636400 0.143467 -0.001685 0.989654 0.000000 0.000000 0.000000 0.000000 1.000000
0.834519 0.537740 -0.120062 -0.000000 -0.531974 0.843109 0.078554 3.636400 0.143467 -0.001685 0.989654 -0.000000 0.000000 0.000000 0.000000 1.000000
0.834519 0.537739 -0.120062 -0.000000 -0.531974 0.843109 0.078554 3.636400 0.143467 -0.001685 0.989654 -0.000000 0.000000 0.000000 0.000000 1.000000
0.834519 0.537739 -0.120062 0.000000 -0.531974 0.843109 0.078554 3.636400 0.143467 -0.001685 0.989654 0.000000 0.000000 0.000000 0.000000 1.000000
0.834519 0.537740 -0.120062 0.000000 -0.531974 0.843109 0.078554 3.636400 0.143467 -0.001685 0.989654 0.000000 0.000000 0.000000 0.000000 1.000000
0.834519 0.537740 -0.120062 0.000000 -0.531974 0.843109 0.078554 3.636400 0.143467 -0.001685 0.989654 -0.000000 0.000000 0.000000 0.000000 1.000000
0.834519 0.537739 -0.120062 0.000000 -0.531974 0.843109 0.078554 3.636400 0.143467 -0.001684 0.989654 0.000000 0.000000 0.000000 0.000000 1.000000
0.834519 0.537739 -0.120062 0.000000 -0.531973 0.843109 0.078554 3.636400 0.143467 -0.001685 0.989654 0.000000 0.000000 0.000000 0.000000 1.000000
0.834519 0.537740 -0.120062 -0.000000 -0.531974 0.843109 0.078554 3.636400 0.143467 -0.001685 0.989654 0.000000 0.000000 0.000000 0.000000 1.000000
0.834519 0.537740 -0.120062 0.000000 -0.531974 0.843109 0.078554 3.636400 0.143467 -0.001685 0.989654 -0.000000 0.000000 0.000000 0.000000 1.000000
0.834519 0.537739 -0.120062 -0.000000 -0.531973 0.843109 0.078554 3.636400 0.143467 -0.001685 0.989654 0.000000 0.000000 0.000000 0.000000 1.000000
0.834519 0.537740 -0.120062 0.000000 -0.531974 0.843109 0.078554 3.636400 0.143467 -0.001685 0.989654 0.000000 0.000000 0.000000 0.000000 1.000000
0.834519 0.537739 -0.120062 0.000000 -0.531974 0.843109 0.078554 3.636400 0.143467 -0.001685 0.989654 0.000000 0.000000 0.000000 0.000000 1.000000
0.834519 0.537740 -0.120062 0.000000 -0.531974 0.843109 0.078554 3.636400 0.143467 -0.001685 0.989654 -0.000000 0.000000 0.000000 0.000000 1.000000
0.834519 0.537739 -0.120062 0.000000 -0.531973 0.843109 0.078554 3.636400 0.143467 -0.001685 0.989654 0.000000 0.000000 0.000000 0.000000 1.000000
0.834519 0.537740 -0.120062 0.000000 -0.531974 0.843109 0.078554 3.636400 0.143467 -0.001685 0.989654 0.000000 0.000000 0.000000 0.000000 1.000000
0.834519 0.537739 -0.120062 -0.000000 -0.531973 0.843109 0.078554 3.636400 0.143467 -0.001685 0.989654 0.000000 0.000000 0.000000 0.000000 1.000000
0.834519 0.537739 -0.120062 0.000000 -0.531974 0.843109 0.078554 3.636400 0.143467 -0.001685 0.989654 0.000000 0.000000 0.000000 0.000000 1.000000
0.834519 0.537739 -0.120062 0.000000 -0.531974 0.843109 0.078554 3.636400 0.143467 -0.001685 0.989654 0.000000 0.000000 0.000000 0.000000 1.000000
0.834519 0.537739 -0.120062 0.000000 -0.531974 0.843109 0.078554 3.636400 0.143467 -0.001685 0.989654 0.000000 0.000000 0.000000 0.000000 1.000000
0.834519 0.537739 -0.120062 0.000000 -0.531973 0.843109 0.078554 3.636400 0.143467 -0.001685 0.989654 0.000000 0.000000 0.000000 0.000000 1.000000
0.834519 0.537739 -0.120062 0.000000 -0.531973 0.843110 0.078554 3.636400 0.143467 -0.001685 0.989654 -0.000000 0.000000 0.000000 0.000000 1.000000
0.834519 0.537739 -0.120062 0.000000 -0.531974 0.843109 0.078554 3.636400 0.143467 -0.001685 0.989654 -0.000000 0.000000 0.000000 0.000000 1.000000
0.834519 0.537739 -0.120062 0.000000 -0.531974 0.843109 0.078554 3.636400 0.143467 -0.001685 0.989654 0.000000 0.000000 0.000000 0.000000 1.000000
0.834519 0.537740 -0.120062 0.000000 -0.531974 0.843109 0.078554 3.636400 0.143467 -0.001685 0.989654 0.000000 0.000000 0.000000 0.000000 1.000000
0.834519 0.537739 -0.120062 0.000000 -0.531974 0.843109 0.078554 3.636400 0.143467 -0.001685 0.989654 0.000000 0.000000 0.000000 0.000000 1.000000
0.834519 0.537739 -0.120062 0.000000 -0.531974 0.843109 0.078554 3.636400 0.143467 -0.001685 0.989654 0.000000 0.000000 0.000000 0.000000 1.000000
0.834519 0.537739 -0.120062 -0.000000 -0.531973 0.843109 0.078553 3.636400 0.143467 -0.001684 0.989654 0.000000 0.000000 0.000000 0.000000 1.000000
0.834519 0.537739 -0.120062 -0.000000 -0.531974 0.843109 0.078554 3.636400 0.143467 -0.001685 0.989654 0.000000 0.000000 0.000000 0.000000 1.000000
0.834519 0.537739 -0.120062 0.000000 -0.531974 0.843109 0.078554 3.636400 0.143467 -0.001685 0.989654 -0.000000 0.000000 0.000000 0.000000 1.000000
0.834519 0.537739 -0.120062 0.000000 -0.531973 0.843109 0.078554 3.636400 0.143467 -0.001685 0.989654 -0.000000 0.000000 0.000000 0.000000 1.000000
0.834519 0.537740 -0.120062 0.000000 -0.531974 0.843109 0.078554 3.636400 0.143467 -0.001685 0.989654 0.000000 0.000000 0.000000 0.000000 1.000000
0.834519 0.537740 -0.120062 0.000000 -0.531974 0.843109 0.078554 3.636400 0.143467 -0.001685 0.989654 0.000000 0.000000 0.000000 0.000000 1.000000
0.834519 0.537739 -0.120062 -0.000000 -0.531974 0.843109 0.078554 3.636400 0.143467 -0.001685 0.989654 0.000000 0.000000 0.000000 0.000000 1.000000
0.834519 0.537740 -0.120062 0.000000 -0.531974 0.843109 0.078554 3.636400 0.143467 -0.001685 0.989654 0.000000 0.000000 0.000000 0.000000 1.000000
0.834519 0.537739 -0.120062 0.000000 -0.531974 0.843109 0.078554 3.636400 0.143467 -0.001685 0.989654 0.000000 0.000000 0.000000 0.000000 1.000000
0.834519 0.537740 -0.120062 0.000000 -0.531974 0.843109 0.078554 3.636400 0.143467 -0.001685 0.989654 0.000000 0.000000 0.000000 0.000000 1.000000
0.834519 0.537739 -0.120062 0.000000 -0.531974 0.843109 0.078554 3.636400 0.143467 -0.001685 0.989654 -0.000000 0.000000 0.000000 0.000000 1.000000
0.834519 0.537739 -0.120062 -0.000000 -0.531973 0.843110 0.078553 3.636400 0.143467 -0.001685 0.989654 0.000000 0.000000 0.000000 0.000000 1.000000
0.834519 0.537740 -0.120062 0.000000 -0.531974 0.843109 0.078554 3.636400 0.143467 -0.001685 0.989654 0.000000 0.000000 0.000000 0.000000 1.000000
0.834519 0.537740 -0.120062 0.000000 -0.531974 0.843109 0.078554 3.636400 0.143467 -0.001685 0.989654 0.000000 0.000000 0.000000 0.000000 1.000000
0.834519 0.537739 -0.120062 -0.000000 -0.531973 0.843109 0.078554 3.636400 0.143467 -0.001685 0.989654 0.000000 0.000000 0.000000 0.000000 1.000000
0.834519 0.537740 -0.120062 0.000000 -0.531974 0.843109 0.078554 3.636400 0.143467 -0.001685 0.989654 0.000000 0.000000 0.000000 0.000000 1.000000
0.834519 0.537739 -0.120062 0.000000 -0.531974 0.843109 0.078554 3.636400 0.143467 -0.001685 0.989654 0.000000 0.000000 0.000000 0.000000 1.000000
0.834519 0.537739 -0.120062 -0.000000 -0.531974 0.843109 0.078554 3.636400 0.143467 -0.001685 0.989654 0.000000 0.000000 0.000000 0.000000 1.000000</float_array>
        <technique_common>
          <accessor source="#mixamorig_LeftHandThumb3-Matrix-animation-output-transform-array" count="56" stride="16">
            <param type="float4x4"/>
          </accessor>
        </technique_common>
      </source>
      <source id="mixamorig_LeftHandThumb3-Interpolations">
        <Name_array id="mixamorig_LeftHandThumb3-Interpolations-array" count="56">
 LINEAR LINEAR LINEAR LINEAR LINEAR LINEAR LINEAR LINEAR LINEAR LINEAR LINEAR
LINEAR LINEAR LINEAR LINEAR LINEAR LINEAR LINEAR LINEAR LINEAR LINEAR LINEAR LINEAR
LINEAR LINEAR LINEAR LINEAR LINEAR LINEAR LINEAR LINEAR LINEAR LINEAR LINEAR LINEAR
LINEAR LINEAR LINEAR LINEAR LINEAR LINEAR LINEAR LINEAR LINEAR LINEAR LINEAR LINEAR
LINEAR LINEAR LINEAR LINEAR LINEAR LINEAR LINEAR LINEAR LINEAR</Name_array>
        <technique_common>
          <accessor source="#mixamorig_LeftHandThumb3-Interpolations-array" count="56">
            <param type="name"/>
          </accessor>
        </technique_common>
      </source>
      <sampler id="mixamorig_LeftHandThumb3-Matrix-animation-transform">
        <input semantic="INPUT" source="#mixamorig_LeftHandThumb3-Matrix-animation-input"/>
        <input semantic="OUTPUT" source="#mixamorig_LeftHandThumb3-Matrix-animation-output-transform"/>
        <input semantic="INTERPOLATION" source="#mixamorig_LeftHandThumb3-Interpolations"/>
      </sampler>
      <channel source="#mixamorig_LeftHandThumb3-Matrix-animation-transform" target="mixamorig_LeftHandThumb3/matrix"/>
    </animation>
    <animation id="mixamorig_LeftHandIndex1-anim" name="mixamorig_LeftHandIndex1">
      <source id="mixamorig_LeftHandIndex1-Matrix-animation-input">
        <float_array id="mixamorig_LeftHandIndex1-Matrix-animation-input-array" count="56">

0.000000 0.033333 0.066667 0.100000 0.133333 0.166667 0.200000 0.233333 0.266667 0.300000 0.333333 0.366667 0.400000 0.433333 0.466667 0.500000
0.533333 0.566667 0.600000 0.633333 0.666667 0.700000 0.733333 0.766667 0.800000 0.833333 0.866667 0.900000 0.933333 0.966667 1.000000 1.033333
1.066667 1.100000 1.133333 1.166667 1.200000 1.233333 1.266667 1.300000 1.333333 1.366667 1.400000 1.433333 1.466667 1.500000 1.533333 1.566667
1.600000 1.633333 1.666667 1.700000 1.733333 1.766667 1.800000 1.833333</float_array>
        <technique_common>
          <accessor source="#mixamorig_LeftHandIndex1-Matrix-animation-input-array" count="56">
            <param name="TIME" type="float"/>
          </accessor>
        </technique_common>
      </source>
      <source id="mixamorig_LeftHandIndex1-Matrix-animation-output-transform">
        <float_array id="mixamorig_LeftHandIndex1-Matrix-animation-output-transform-array" count="896">

0.991281 0.110196 -0.072243 -3.402400 -0.110195 0.392698 -0.913042 12.111600 -0.072243 0.913042 0.401417 0.315900 0.000000 0.000000 0.000000 1.000000
0.991281 0.110196 -0.072243 -3.402400 -0.110196 0.392698 -0.913042 12.111600 -0.072243 0.913042 0.401417 0.315900 0.000000 0.000000 0.000000 1.000000
0.991281 0.110195 -0.072243 -3.402400 -0.110196 0.392698 -0.913042 12.111600 -0.072243 0.913042 0.401417 0.315900 0.000000 0.000000 0.000000 1.000000
0.991281 0.110196 -0.072243 -3.402400 -0.110196 0.392698 -0.913042 12.111600 -0.072243 0.913042 0.401417 0.315900 0.000000 0.000000 0.000000 1.000000
0.991281 0.110196 -0.072244 -3.402400 -0.110196 0.392698 -0.913042 12.111600 -0.072243 0.913042 0.401417 0.315900 0.000000 0.000000 0.000000 1.000000
0.991281 0.110196 -0.072243 -3.402400 -0.110195 0.392698 -0.913042 12.111600 -0.072243 0.913042 0.401417 0.315900 0.000000 0.000000 0.000000 1.000000
0.991281 0.110196 -0.072243 -3.402400 -0.110196 0.392698 -0.913042 12.111600 -0.072243 0.913042 0.401418 0.315900 0.000000 0.000000 0.000000 1.000000
0.991281 0.110196 -0.072243 -3.402400 -0.110195 0.392698 -0.913042 12.111600 -0.072244 0.913042 0.401417 0.315900 0.000000 0.000000 0.000000 1.000000
0.991281 0.110196 -0.072243 -3.402400 -0.110196 0.392698 -0.913042 12.111600 -0.072243 0.913042 0.401417 0.315900 0.000000 0.000000 0.000000 1.000000
0.991281 0.110196 -0.072244 -3.402400 -0.110196 0.392698 -0.913042 12.111600 -0.072243 0.913042 0.401417 0.315900 0.000000 0.000000 0.000000 1.000000
0.991281 0.110196 -0.072243 -3.402400 -0.110196 0.392698 -0.913042 12.111600 -0.072243 0.913042 0.401417 0.315900 0.000000 0.000000 0.000000 1.000000
0.991281 0.110196 -0.072244 -3.402400 -0.110196 0.392698 -0.913042 12.111600 -0.072243 0.913042 0.401417 0.315900 0.000000 0.000000 0.000000 1.000000
0.991281 0.110196 -0.072243 -3.402400 -0.110195 0.392698 -0.913042 12.111600 -0.072243 0.913042 0.401418 0.315900 0.000000 0.000000 0.000000 1.000000
0.991281 0.110196 -0.072243 -3.402400 -0.110195 0.392698 -0.913042 12.111600 -0.072243 0.913042 0.401418 0.315900 0.000000 0.000000 0.000000 1.000000
0.991281 0.110196 -0.072243 -3.402400 -0.110196 0.392698 -0.913042 12.111600 -0.072243 0.913042 0.401417 0.315900 0.000000 0.000000 0.000000 1.000000
0.991281 0.110196 -0.072243 -3.402400 -0.110195 0.392698 -0.913042 12.111600 -0.072243 0.913042 0.401417 0.315900 0.000000 0.000000 0.000000 1.000000
0.991281 0.110196 -0.072244 -3.402400 -0.110196 0.392698 -0.913042 12.111600 -0.072243 0.913042 0.401417 0.315900 0.000000 0.000000 0.000000 1.000000
0.991281 0.110196 -0.072243 -3.402400 -0.110196 0.392698 -0.913042 12.111600 -0.072243 0.913042 0.401418 0.315900 0.000000 0.000000 0.000000 1.000000
0.991281 0.110196 -0.072243 -3.402400 -0.110196 0.392698 -0.913042 12.111600 -0.072243 0.913042 0.401417 0.315900 0.000000 0.000000 0.000000 1.000000
0.991281 0.110196 -0.072243 -3.402400 -0.110196 0.392698 -0.913042 12.111600 -0.072243 0.913042 0.401417 0.315900 0.000000 0.000000 0.000000 1.000000
0.991281 0.110196 -0.072243 -3.402400 -0.110196 0.392698 -0.913042 12.111600 -0.072243 0.913042 0.401417 0.315900 0.000000 0.000000 0.000000 1.000000
0.991281 0.110195 -0.072243 -3.402400 -0.110196 0.392698 -0.913042 12.111600 -0.072243 0.913042 0.401417 0.315900 0.000000 0.000000 0.000000 1.000000
0.991281 0.110196 -0.072243 -3.402400 -0.110196 0.392698 -0.913042 12.111600 -0.072243 0.913042 0.401417 0.315900 0.000000 0.000000 0.000000 1.000000
0.991281 0.110196 -0.072244 -3.402400 -0.110196 0.392698 -0.913042 12.111600 -0.072243 0.913042 0.401418 0.315900 0.000000 0.000000 0.000000 1.000000
0.991281 0.110196 -0.072243 -3.402400 -0.110196 0.392698 -0.913042 12.111600 -0.072243 0.913042 0.401417 0.315900 0.000000 0.000000 0.000000 1.000000
0.991281 0.110196 -0.072244 -3.402400 -0.110196 0.392698 -0.913042 12.111600 -0.072243 0.913042 0.401417 0.315900 0.000000 0.000000 0.000000 1.000000
0.991281 0.110196 -0.072243 -3.402400 -0.110196 0.392698 -0.913042 12.111600 -0.072243 0.913042 0.401417 0.315900 0.000000 0.000000 0.000000 1.000000
0.991281 0.110195 -0.072243 -3.402400 -0.110196 0.392698 -0.913042 12.111600 -0.072243 0.913042 0.401418 0.315900 0.000000 0.000000 0.000000 1.000000
0.991281 0.110196 -0.072243 -3.402400 -0.110196 0.392698 -0.913042 12.111600 -0.072243 0.913042 0.401417 0.315900 0.000000 0.000000 0.000000 1.000000
0.991281 0.110196 -0.072243 -3.402400 -0.110196 0.392699 -0.913042 12.111600 -0.072243 0.913041 0.401418 0.315900 0.000000 0.000000 0.000000 1.000000
0.991281 0.110196 -0.072243 -3.402400 -0.110196 0.392698 -0.913042 12.111600 -0.072243 0.913042 0.401417 0.315900 0.000000 0.000000 0.000000 1.000000
0.991281 0.110196 -0.072243 -3.402400 -0.110196 0.392698 -0.913042 12.111600 -0.072243 0.913042 0.401418 0.315900 0.000000 0.000000 0.000000 1.000000
0.991281 0.110196 -0.072244 -3.402400 -0.110196 0.392698 -0.913042 12.111600 -0.072243 0.913042 0.401417 0.315900 0.000000 0.000000 0.000000 1.000000
0.991281 0.110196 -0.072243 -3.402400 -0.110196 0.392698 -0.913042 12.111600 -0.072243 0.913042 0.401417 0.315900 0.000000 0.000000 0.000000 1.000000
0.991281 0.110196 -0.072244 -3.402400 -0.110196 0.392698 -0.913042 12.111600 -0.072243 0.913042 0.401417 0.315900 0.000000 0.000000 0.000000 1.000000
0.991281 0.110196 -0.072244 -3.402400 -0.110196 0.392698 -0.913042 12.111600 -0.072243 0.913042 0.401417 0.315900 0.000000 0.000000 0.000000 1.000000
0.991281 0.110196 -0.072243 -3.402400 -0.110196 0.392698 -0.913042 12.111600 -0.072243 0.913042 0.401417 0.315900 0.000000 0.000000 0.000000 1.000000
0.991281 0.110196 -0.072243 -3.402400 -0.110196 0.392698 -0.913042 12.111600 -0.072243 0.913042 0.401418 0.315900 0.000000 0.000000 0.000000 1.000000
0.991281 0.110196 -0.072243 -3.402400 -0.110196 0.392698 -0.913042 12.111600 -0.072244 0.913042 0.401418 0.315900 0.000000 0.000000 0.000000 1.000000
0.991281 0.110196 -0.072243 -3.402400 -0.110196 0.392698 -0.913042 12.111600 -0.072243 0.913042 0.401417 0.315900 0.000000 0.000000 0.000000 1.000000
0.991281 0.110196 -0.072243 -3.402400 -0.110195 0.392698 -0.913042 12.111600 -0.072243 0.913042 0.401417 0.315900 0.000000 0.000000 0.000000 1.000000
0.991281 0.110196 -0.072243 -3.402400 -0.110195 0.392698 -0.913042 12.111600 -0.072243 0.913042 0.401417 0.315900 0.000000 0.000000 0.000000 1.000000
0.991281 0.110196 -0.072243 -3.402400 -0.110196 0.392698 -0.913042 12.111600 -0.072243 0.913042 0.401417 0.315900 0.000000 0.000000 0.000000 1.000000
0.991281 0.110196 -0.072243 -3.402400 -0.110196 0.392698 -0.913042 12.111600 -0.072243 0.913042 0.401417 0.315900 0.000000 0.000000 0.000000 1.000000
0.991281 0.110196 -0.072243 -3.402400 -0.110196 0.392698 -0.913042 12.111600 -0.072243 0.913042 0.401418 0.315900 0.000000 0.000000 0.000000 1.000000
0.991281 0.110196 -0.072244 -3.402400 -0.110196 0.392698 -0.913042 12.111600 -0.072243 0.913042 0.401417 0.315900 0.000000 0.000000 0.000000 1.000000
0.991281 0.110196 -0.072243 -3.402400 -0.110196 0.392698 -0.913042 12.111600 -0.072243 0.913042 0.401417 0.315900 0.000000 0.000000 0.000000 1.000000
0.991281 0.110196 -0.072243 -3.402400 -0.110196 0.392698 -0.913042 12.111600 -0.072243 0.913042 0.401417 0.315900 0.000000 0.000000 0.000000 1.000000
0.991281 0.110196 -0.072243 -3.402400 -0.110196 0.392698 -0.913042 12.111600 -0.072243 0.913042 0.401417 0.315900 0.000000 0.000000 0.000000 1.000000
0.991281 0.110196 -0.072243 -3.402400 -0.110196 0.392698 -0.913042 12.111600 -0.072243 0.913042 0.401417 0.315900 0.000000 0.000000 0.000000 1.000000
0.991281 0.110196 -0.072243 -3.402400 -0.110196 0.392698 -0.913042 12.111600 -0.072243 0.913042 0.401418 0.315900 0.000000 0.000000 0.000000 1.000000
0.991281 0.110196 -0.072244 -3.402400 -0.110196 0.392698 -0.913042 12.111600 -0.072243 0.913042 0.401417 0.315900 0.000000 0.000000 0.000000 1.000000
0.991281 0.110196 -0.072244 -3.402400 -0.110196 0.392698 -0.913042 12.111600 -0.072243 0.913042 0.401418 0.315900 0.000000 0.000000 0.000000 1.000000
0.991281 0.110196 -0.072244 -3.402400 -0.110196 0.392698 -0.913042 12.111600 -0.072243 0.913042 0.401418 0.315900 0.000000 0.000000 0.000000 1.000000
0.991281 0.110196 -0.072243 -3.402400 -0.110196 0.392698 -0.913042 12.111600 -0.072243 0.913042 0.401418 0.315900 0.000000 0.000000 0.000000 1.000000
0.991281 0.110196 -0.072243 -3.402400 -0.110196 0.392699 -0.913041 12.111600 -0.072243 0.913041 0.401418 0.315900 0.000000 0.000000 0.000000 1.000000</float_array>
        <technique_common>
          <accessor source="#mixamorig_LeftHandIndex1-Matrix-animation-output-transform-array" count="56" stride="16">
            <param type="float4x4"/>
          </accessor>
        </technique_common>
      </source>
      <source id="mixamorig_LeftHandIndex1-Interpolations">
        <Name_array id="mixamorig_LeftHandIndex1-Interpolations-array" count="56">
 LINEAR LINEAR LINEAR LINEAR LINEAR LINEAR LINEAR LINEAR LINEAR LINEAR LINEAR
LINEAR LINEAR LINEAR LINEAR LINEAR LINEAR LINEAR LINEAR LINEAR LINEAR LINEAR LINEAR
LINEAR LINEAR LINEAR LINEAR LINEAR LINEAR LINEAR LINEAR LINEAR LINEAR LINEAR LINEAR
LINEAR LINEAR LINEAR LINEAR LINEAR LINEAR LINEAR LINEAR LINEAR LINEAR LINEAR LINEAR
LINEAR LINEAR LINEAR LINEAR LINEAR LINEAR LINEAR LINEAR LINEAR</Name_array>
        <technique_common>
          <accessor source="#mixamorig_LeftHandIndex1-Interpolations-array" count="56">
            <param type="name"/>
          </accessor>
        </technique_common>
      </source>
      <sampler id="mixamorig_LeftHandIndex1-Matrix-animation-transform">
        <input semantic="INPUT" source="#mixamorig_LeftHandIndex1-Matrix-animation-input"/>
        <input semantic="OUTPUT" source="#mixamorig_LeftHandIndex1-Matrix-animation-output-transform"/>
        <input semantic="INTERPOLATION" source="#mixamorig_LeftHandIndex1-Interpolations"/>
      </sampler>
      <channel source="#mixamorig_LeftHandIndex1-Matrix-animation-transform" target="mixamorig_LeftHandIndex1/matrix"/>
    </animation>
    <animation id="mixamorig_LeftHandIndex2-anim" name="mixamorig_LeftHandIndex2">
      <source id="mixamorig_LeftHandIndex2-Matrix-animation-input">
        <float_array id="mixamorig_LeftHandIndex2-Matrix-animation-input-array" count="56">

0.000000 0.033333 0.066667 0.100000 0.133333 0.166667 0.200000 0.233333 0.266667 0.300000 0.333333 0.366667 0.400000 0.433333 0.466667 0.500000
0.533333 0.566667 0.600000 0.633333 0.666667 0.700000 0.733333 0.766667 0.800000 0.833333 0.866667 0.900000 0.933333 0.966667 1.000000 1.033333
1.066667 1.100000 1.133333 1.166667 1.200000 1.233333 1.266667 1.300000 1.333333 1.366667 1.400000 1.433333 1.466667 1.500000 1.533333 1.566667
1.600000 1.633333 1.666667 1.700000 1.733333 1.766667 1.800000 1.833333</float_array>
        <technique_common>
          <accessor source="#mixamorig_LeftHandIndex2-Matrix-animation-input-array" count="56">
            <param name="TIME" type="float"/>
          </accessor>
        </technique_common>
      </source>
      <source id="mixamorig_LeftHandIndex2-Matrix-animation-output-transform">
        <float_array id="mixamorig_LeftHandIndex2-Matrix-animation-output-transform-array" count="896">

0.983265 0.118166 -0.138663 0.000000 -0.118166 -0.165647 -0.979080 4.509100 -0.138663 0.979080 -0.148912 -0.000000 0.000000 0.000000 0.000000 1.000000
0.983265 0.118166 -0.138663 0.000000 -0.118166 -0.165648 -0.979080 4.509100 -0.138663 0.979080 -0.148912 0.000000 0.000000 0.000000 0.000000 1.000000
0.983265 0.118166 -0.138663 -0.000000 -0.118166 -0.165647 -0.979080 4.509100 -0.138663 0.979080 -0.148912 -0.000000 0.000000 0.000000 0.000000 1.000000
0.983265 0.118166 -0.138663 0.000000 -0.118166 -0.165647 -0.979080 4.509100 -0.138663 0.979080 -0.148912 0.000000 0.000000 0.000000 0.000000 1.000000
0.983265 0.118166 -0.138663 0.000000 -0.118166 -0.165647 -0.979080 4.509100 -0.138663 0.979080 -0.148912 0.000000 0.000000 0.000000 0.000000 1.000000
0.983265 0.118166 -0.138663 -0.000000 -0.118166 -0.165647 -0.979080 4.509100 -0.138663 0.979080 -0.148912 0.000000 0.000000 0.000000 0.000000 1.000000
0.983265 0.118166 -0.138663 -0.000000 -0.118166 -0.165647 -0.979080 4.509100 -0.138663 0.979080 -0.148912 0.000000 0.000000 0.000000 0.000000 1.000000
0.983265 0.118165 -0.138663 -0.000000 -0.118166 -0.165647 -0.979080 4.509100 -0.138663 0.979080 -0.148912 0.000000 0.000000 0.000000 0.000000 1.000000
0.983265 0.118166 -0.138663 -0.000000 -0.118166 -0.165647 -0.979080 4.509100 -0.138663 0.979080 -0.148912 0.000000 0.000000 0.000000 0.000000 1.000000
0.983265 0.118166 -0.138663 0.000000 -0.118166 -0.165648 -0.979080 4.509100 -0.138663 0.979080 -0.148912 0.000000 0.000000 0.000000 0.000000 1.000000
0.983265 0.118166 -0.138663 0.000000 -0.118166 -0.165648 -0.979080 4.509100 -0.138663 0.979080 -0.148912 0.000000 0.000000 0.000000 0.000000 1.000000
0.983265 0.118166 -0.138663 0.000000 -0.118166 -0.165647 -0.979080 4.509100 -0.138663 0.979080 -0.148912 0.000000 0.000000 0.000000 0.000000 1.000000
0.983265 0.118166 -0.138663 0.000000 -0.118166 -0.165647 -0.979080 4.509100 -0.138663 0.979080 -0.148912 0.000000 0.000000 0.000000 0.000000 1.000000
0.983265 0.118166 -0.138663 -0.000000 -0.118166 -0.165648 -0.979080 4.509100 -0.138663 0.979080 -0.148912 0.000000 0.000000 0.000000 0.000000 1.000000
0.983265 0.118166 -0.138663 0.000000 -0.118166 -0.165648 -0.979080 4.509100 -0.138663 0.979080 -0.148912 0.000000 0.000000 0.000000 0.000000 1.000000
0.983265 0.118166 -0.138663 0.000000 -0.118166 -0.165648 -0.979080 4.509100 -0.138663 0.979080 -0.148912 0.000000 0.000000 0.000000 0.000000 1.000000
0.983265 0.118166 -0.138663 0.000000 -0.118166 -0.165647 -0.979080 4.509100 -0.138663 0.979080 -0.148912 -0.000000 0.000000 0.000000 0.000000 1.000000
0.983265 0.118166 -0.138663 0.000000 -0.118166 -0.165647 -0.979080 4.509100 -0.138663 0.979080 -0.148912 -0.000000 0.000000 0.000000 0.000000 1.000000
0.983265 0.118166 -0.138663 0.000000 -0.118166 -0.165647 -0.979080 4.509100 -0.138663 0.979080 -0.148912 0.000000 0.000000 0.000000 0.000000 1.000000
0.983265 0.118166 -0.138663 0.000000 -0.118166 -0.165647 -0.979080 4.509100 -0.138663 0.979080 -0.148912 -0.000000 0.000000 0.000000 0.000000 1.000000
0.983265 0.118166 -0.138663 -0.000000 -0.118166 -0.165648 -0.979080 4.509100 -0.138663 0.979080 -0.148912 0.000000 0.000000 0.000000 0.000000 1.000000
0.983265 0.118166 -0.138663 -0.000000 -0.118166 -0.165647 -0.979080 4.509100 -0.138663 0.979080 -0.148912 -0.000000 0.000000 0.000000 0.000000 1.000000
0.983265 0.118166 -0.138663 -0.000000 -0.118166 -0.165647 -0.979080 4.509100 -0.138663 0.979080 -0.148912 -0.000000 0.000000 0.000000 0.000000 1.000000
0.983265 0.118166 -0.138663 0.000000 -0.118166 -0.165648 -0.979080 4.509100 -0.138663 0.979080 -0.148912 0.000000 0.000000 0.000000 0.000000 1.000000
0.983265 0.118166 -0.138663 -0.000000 -0.118166 -0.165648 -0.979080 4.509100 -0.138663 0.979080 -0.148912 0.000000 0.000000 0.000000 0.000000 1.000000
0.983265 0.118166 -0.138663 -0.000000 -0.118166 -0.165648 -0.979080 4.509100 -0.138663 0.979080 -0.148912 0.000000 0.000000 0.000000 0.000000 1.000000
0.983265 0.118166 -0.138663 -0.000000 -0.118166 -0.165648 -0.979080 4.509100 -0.138663 0.979080 -0.148912 0.000000 0.000000 0.000000 0.000000 1.000000
0.983265 0.118166 -0.138663 0.000000 -0.118166 -0.165647 -0.979080 4.509100 -0.138663 0.979080 -0.148912 0.000000 0.000000 0.000000 0.000000 1.000000
0.983265 0.118166 -0.138663 -0.000000 -0.118166 -0.165648 -0.979080 4.509100 -0.138663 0.979080 -0.148912 0.000000 0.000000 0.000000 0.000000 1.000000
0.983265 0.118166 -0.138663 -0.000000 -0.118166 -0.165648 -0.979080 4.509100 -0.138663 0.979080 -0.148913 0.000000 0.000000 0.000000 0.000000 1.000000
0.983265 0.118166 -0.138663 0.000000 -0.118166 -0.165648 -0.979080 4.509100 -0.138663 0.979080 -0.148912 0.000000 0.000000 0.000000 0.000000 1.000000
0.983265 0.118166 -0.138663 -0.000000 -0.118166 -0.165647 -0.979080 4.509100 -0.138663 0.979080 -0.148912 0.000000 0.000000 0.000000 0.000000 1.000000
0.983265 0.118166 -0.138663 -0.000000 -0.118166 -0.165647 -0.979080 4.509100 -0.138663 0.979080 -0.148912 -0.000000 0.000000 0.000000 0.000000 1.000000
0.983265 0.118166 -0.138663 -0.000000 -0.118166 -0.165648 -0.979080 4.509100 -0.138663 0.979080 -0.148912 0.000000 0.000000 0.000000 0.000000 1.000000
0.983265 0.118166 -0.138663 -0.000000 -0.118166 -0.165647 -0.979080 4.509100 -0.138663 0.979080 -0.148912 0.000000 0.000000 0.000000 0.000000 1.000000
0.983265 0.118166 -0.138663 0.000000 -0.118166 -0.165648 -0.979080 4.509100 -0.138663 0.979080 -0.148912 0.000000 0.000000 0.000000 0.000000 1.000000
0.983265 0.118166 -0.138663 -0.000000 -0.118166 -0.165647 -0.979080 4.509100 -0.138663 0.979080 -0.148912 -0.000000 0.000000 0.000000 0.000000 1.000000
0.983265 0.118166 -0.138663 0.000000 -0.118166 -0.165647 -0.979080 4.509100 -0.138663 0.979080 -0.148912 0.000000 0.000000 0.000000 0.000000 1.000000
0.983265 0.118166 -0.138663 0.000000 -0.118166 -0.165648 -0.979080 4.509100 -0.138663 0.979080 -0.148912 0.000000 0.000000 0.000000 0.000000 1.000000
0.983265 0.118166 -0.138663 -0.000000 -0.118166 -0.165647 -0.979080 4.509100 -0.138663 0.979080 -0.148912 -0.000000 0.000000 0.000000 0.000000 1.000000
0.983265 0.118166 -0.138663 -0.000000 -0.118166 -0.165647 -0.979080 4.509100 -0.138663 0.979080 -0.148912 -0.000000 0.000000 0.000000 0.000000 1.000000
0.983265 0.118166 -0.138663 -0.000000 -0.118166 -0.165647 -0.979080 4.509100 -0.138663 0.979080 -0.148912 0.000000 0.000000 0.000000 0.000000 1.000000
0.983265 0.118166 -0.138663 0.000000 -0.118166 -0.165647 -0.979080 4.509100 -0.138663 0.979080 -0.148912 0.000000 0.000000 0.000000 0.000000 1.000000
0.983265 0.118166 -0.138663 -0.000000 -0.118166 -0.165647 -0.979080 4.509100 -0.138663 0.979080 -0.148912 0.000000 0.000000 0.000000 0.000000 1.000000
0.983265 0.118166 -0.138663 -0.000000 -0.118166 -0.165647 -0.979080 4.509100 -0.138663 0.979080 -0.148912 -0.000000 0.000000 0.000000 0.000000 1.000000
0.983265 0.118166 -0.138663 0.000000 -0.118166 -0.165648 -0.979080 4.509100 -0.138663 0.979080 -0.148912 -0.000000 0.000000 0.000000 0.000000 1.000000
0.983265 0.118166 -0.138663 0.000000 -0.118166 -0.165647 -0.979080 4.509100 -0.138663 0.979080 -0.148912 0.000000 0.000000 0.000000 0.000000 1.000000
0.983265 0.118166 -0.138663 0.000000 -0.118166 -0.165647 -0.979080 4.509100 -0.138663 0.979080 -0.148912 0.000000 0.000000 0.000000 0.000000 1.000000
0.983265 0.118166 -0.138663 0.000000 -0.118166 -0.165647 -0.979080 4.509100 -0.138663 0.979080 -0.148912 -0.000000 0.000000 0.000000 0.000000 1.000000
0.983265 0.118166 -0.138663 0.000000 -0.118166 -0.165647 -0.979080 4.509100 -0.138663 0.979080 -0.148912 0.000000 0.000000 0.000000 0.000000 1.000000
0.983265 0.118166 -0.138663 -0.000000 -0.118166 -0.165648 -0.979080 4.509100 -0.138663 0.979080 -0.148912 0.000000 0.000000 0.000000 0.000000 1.000000
0.983265 0.118166 -0.138663 0.000000 -0.118166 -0.165647 -0.979080 4.509100 -0.138663 0.979080 -0.148912 0.000000 0.000000 0.000000 0.000000 1.000000
0.983265 0.118166 -0.138663 -0.000000 -0.118166 -0.165648 -0.979080 4.509100 -0.138663 0.979080 -0.148912 0.000000 0.000000 0.000000 0.000000 1.000000
0.983265 0.118166 -0.138663 0.000000 -0.118166 -0.165647 -0.979080 4.509100 -0.138663 0.979080 -0.148912 0.000000 0.000000 0.000000 0.000000 1.000000
0.983265 0.118166 -0.138663 0.000000 -0.118166 -0.165647 -0.979080 4.509100 -0.138663 0.979080 -0.148912 0.000000 0.000000 0.000000 0.000000 1.000000
0.983265 0.118166 -0.138663 0.000000 -0.118166 -0.165647 -0.979080 4.509100 -0.138663 0.979080 -0.148912 0.000000 0.000000 0.000000 0.000000 1.000000</float_array>
        <technique_common>
          <accessor source="#mixamorig_LeftHandIndex2-Matrix-animation-output-transform-array" count="56" stride="16">
            <param type="float4x4"/>
          </accessor>
        </technique_common>
      </source>
      <source id="mixamorig_LeftHandIndex2-Interpolations">
        <Name_array id="mixamorig_LeftHandIndex2-Interpolations-array" count="56">
 LINEAR LINEAR LINEAR LINEAR LINEAR LINEAR LINEAR LINEAR LINEAR LINEAR LINEAR
LINEAR LINEAR LINEAR LINEAR LINEAR LINEAR LINEAR LINEAR LINEAR LINEAR LINEAR LINEAR
LINEAR LINEAR LINEAR LINEAR LINEAR LINEAR LINEAR LINEAR LINEAR LINEAR LINEAR LINEAR
LINEAR LINEAR LINEAR LINEAR LINEAR LINEAR LINEAR LINEAR LINEAR LINEAR LINEAR LINEAR
LINEAR LINEAR LINEAR LINEAR LINEAR LINEAR LINEAR LINEAR LINEAR</Name_array>
        <technique_common>
          <accessor source="#mixamorig_LeftHandIndex2-Interpolations-array" count="56">
            <param type="name"/>
          </accessor>
        </technique_common>
      </source>
      <sampler id="mixamorig_LeftHandIndex2-Matrix-animation-transform">
        <input semantic="INPUT" source="#mixamorig_LeftHandIndex2-Matrix-animation-input"/>
        <input semantic="OUTPUT" source="#mixamorig_LeftHandIndex2-Matrix-animation-output-transform"/>
        <input semantic="INTERPOLATION" source="#mixamorig_LeftHandIndex2-Interpolations"/>
      </sampler>
      <channel source="#mixamorig_LeftHandIndex2-Matrix-animation-transform" target="mixamorig_LeftHandIndex2/matrix"/>
    </animation>
    <animation id="mixamorig_LeftHandIndex3-anim" name="mixamorig_LeftHandIndex3">
      <source id="mixamorig_LeftHandIndex3-Matrix-animation-input">
        <float_array id="mixamorig_LeftHandIndex3-Matrix-animation-input-array" count="56">

0.000000 0.033333 0.066667 0.100000 0.133333 0.166667 0.200000 0.233333 0.266667 0.300000 0.333333 0.366667 0.400000 0.433333 0.466667 0.500000
0.533333 0.566667 0.600000 0.633333 0.666667 0.700000 0.733333 0.766667 0.800000 0.833333 0.866667 0.900000 0.933333 0.966667 1.000000 1.033333
1.066667 1.100000 1.133333 1.166667 1.200000 1.233333 1.266667 1.300000 1.333333 1.366667 1.400000 1.433333 1.466667 1.500000 1.533333 1.566667
1.600000 1.633333 1.666667 1.700000 1.733333 1.766667 1.800000 1.833333</float_array>
        <technique_common>
          <accessor source="#mixamorig_LeftHandIndex3-Matrix-animation-input-array" count="56">
            <param name="TIME" type="float"/>
          </accessor>
        </technique_common>
      </source>
      <source id="mixamorig_LeftHandIndex3-Matrix-animation-output-transform">
        <float_array id="mixamorig_LeftHandIndex3-Matrix-animation-output-transform-array" count="896">

0.993795 0.098630 -0.051410 0.000000 -0.098630 0.567829 -0.817216 2.907200 -0.051410 0.817216 0.574034 -0.000000 0.000000 0.000000 0.000000 1.000000
0.993795 0.098630 -0.051410 0.000000 -0.098630 0.567829 -0.817216 2.907200 -0.051410 0.817216 0.574034 -0.000000 0.000000 0.000000 0.000000 1.000000
0.993795 0.098630 -0.051410 0.000000 -0.098630 0.567829 -0.817216 2.907200 -0.051410 0.817216 0.574034 0.000000 0.000000 0.000000 0.000000 1.000000
0.993795 0.098630 -0.051410 0.000000 -0.098630 0.567829 -0.817216 2.907200 -0.051410 0.817216 0.574034 0.000000 0.000000 0.000000 0.000000 1.000000
0.993795 0.098630 -0.051410 0.000000 -0.098630 0.567829 -0.817216 2.907200 -0.051410 0.817216 0.574034 0.000000 0.000000 0.000000 0.000000 1.000000
0.993795 0.098630 -0.051410 0.000000 -0.098630 0.567829 -0.817216 2.907200 -0.051410 0.817216 0.574034 0.000000 0.000000 0.000000 0.000000 1.000000
0.993795 0.098630 -0.051410 0.000000 -0.098630 0.567829 -0.817216 2.907200 -0.051410 0.817216 0.574034 0.000000 0.000000 0.000000 0.000000 1.000000
0.993795 0.098630 -0.051410 0.000000 -0.098631 0.567830 -0.817216 2.907200 -0.051410 0.817216 0.574034 0.000000 0.000000 0.000000 0.000000 1.000000
0.993795 0.098630 -0.051410 -0.000000 -0.098631 0.567829 -0.817216 2.907200 -0.051410 0.817216 0.574034 0.000000 0.000000 0.000000 0.000000 1.000000
0.993795 0.098630 -0.051410 -0.000000 -0.098630 0.567829 -0.817216 2.907200 -0.051410 0.817216 0.574034 0.000000 0.000000 0.000000 0.000000 1.000000
0.993795 0.098631 -0.051410 -0.000000 -0.098631 0.567829 -0.817216 2.907200 -0.051410 0.817216 0.574034 0.000000 0.000000 0.000000 0.000000 1.000000
0.993795 0.098630 -0.051410 0.000000 -0.098630 0.567829 -0.817216 2.907200 -0.051410 0.817216 0.574034 0.000000 0.000000 0.000000 0.000000 1.000000
0.993795 0.098630 -0.051410 0.000000 -0.098631 0.567829 -0.817216 2.907200 -0.051410 0.817216 0.574034 -0.000000 0.000000 0.000000 0.000000 1.000000
0.993795 0.098630 -0.051410 0.000000 -0.098630 0.567829 -0.817216 2.907200 -0.051410 0.817216 0.574034 0.000000 0.000000 0.000000 0.000000 1.000000
0.993795 0.098631 -0.051410 -0.000000 -0.098630 0.567829 -0.817216 2.907200 -0.051410 0.817216 0.574034 0.000000 0.000000 0.000000 0.000000 1.000000
0.993795 0.098630 -0.051410 -0.000000 -0.098630 0.567829 -0.817216 2.907200 -0.051410 0.817216 0.574034 0.000000 0.000000 0.000000 0.000000 1.000000
0.993795 0.098630 -0.051410 0.000000 -0.098630 0.567829 -0.817216 2.907200 -0.051410 0.817216 0.574034 0.000000 0.000000 0.000000 0.000000 1.000000
0.993795 0.098630 -0.051410 -0.000000 -0.098630 0.567829 -0.817216 2.907200 -0.051410 0.817216 0.574034 0.000000 0.000000 0.000000 0.000000 1.000000
0.993795 0.098631 -0.051410 -0.000000 -0.098630 0.567829 -0.817216 2.907200 -0.051410 0.817216 0.574034 0.000000 0.000000 0.000000 0.000000 1.000000
0.993795 0.098630 -0.051410 0.000000 -0.098630 0.567829 -0.817216 2.907200 -0.051410 0.817216 0.574034 0.000000 0.000000 0.000000 0.000000 1.000000
0.993795 0.098631 -0.051410 0.000000 -0.098631 0.567829 -0.817216 2.907200 -0.051410 0.817216 0.574034 0.000000 0.000000 0.000000 0.000000 1.000000
0.993795 0.098631 -0.051410 -0.000000 -0.098631 0.567829 -0.817216 2.907200 -0.051410 0.817216 0.574034 0.000000 0.000000 0.000000 0.000000 1.000000
0.993795 0.098630 -0.051410 -0.000000 -0.098630 0.567829 -0.817216 2.907200 -0.051410 0.817216 0.574034 0.000000 0.000000 0.000000 0.000000 1.000000
0.993795 0.098631 -0.051410 0.000000 -0.098630 0.567829 -0.817216 2.907200 -0.051410 0.817216 0.574034 0.000000 0.000000 0.000000 0.000000 1.000000
0.993795 0.098630 -0.051410 0.000000 -0.098630 0.567829 -0.817216 2.907200 -0.051410 0.817216 0.574034 -0.000000 0.000000 0.000000 0.000000 1.000000
0.993795 0.098630 -0.051410 0.000000 -0.098630 0.567829 -0.817216 2.907200 -0.051410 0.817216 0.574034 0.000000 0.000000 0.000000 0.000000 1.000000
0.993795 0.098630 -0.051410 -0.000000 -0.098630 0.567829 -0.817216 2.907200 -0.051410 0.817216 0.574034 0.000000 0.000000 0.000000 0.000000 1.000000
0.993795 0.098630 -0.051410 0.000000 -0.098630 0.567829 -0.817216 2.907200 -0.051410 0.817216 0.574034 0.000000 0.000000 0.000000 0.000000 1.000000
0.993795 0.098630 -0.051410 -0.000000 -0.098630 0.567829 -0.817216 2.907200 -0.051410 0.817216 0.574034 0.000000 0.000000 0.000000 0.000000 1.000000
0.993795 0.098630 -0.051410 -0.000000 -0.098631 0.567829 -0.817216 2.907200 -0.051410 0.817216 0.574034 0.000000 0.000000 0.000000 0.000000 1.000000
0.993795 0.098631 -0.051410 0.000000 -0.098630 0.567829 -0.817216 2.907200 -0.051410 0.817216 0.574034 0.000000 0.000000 0.000000 0.000000 1.000000
0.993795 0.098631 -0.051410 0.000000 -0.098631 0.567829 -0.817216 2.907200 -0.051410 0.817216 0.574034 0.000000 0.000000 0.000000 0.000000 1.000000
0.993795 0.098630 -0.051410 0.000000 -0.098630 0.567829 -0.817216 2.907200 -0.051410 0.817216 0.574034 -0.000000 0.000000 0.000000 0.000000 1.000000
0.993795 0.098630 -0.051410 0.000000 -0.098630 0.567829 -0.817216 2.907200 -0.051410 0.817216 0.574034 0.000000 0.000000 0.000000 0.000000 1.000000
0.993795 0.098630 -0.051410 0.000000 -0.098630 0.567829 -0.817216 2.907200 -0.051410 0.817216 0.574034 0.000000 0.000000 0.000000 0.000000 1.000000
0.993795 0.098630 -0.051410 -0.000000 -0.098630 0.567829 -0.817216 2.907200 -0.051410 0.817216 0.574034 0.000000 0.000000 0.000000 0.000000 1.000000
0.993795 0.098630 -0.051410 -0.000000 -0.098630 0.567829 -0.817216 2.907200 -0.051410 0.817216 0.574034 0.000000 0.000000 0.000000 0.000000 1.000000
0.993795 0.098630 -0.051410 0.000000 -0.098630 0.567829 -0.817216 2.907200 -0.051410 0.817216 0.574034 0.000000 0.000000 0.000000 0.000000 1.000000
0.993795 0.098630 -0.051410 0.000000 -0.098630 0.567829 -0.817216 2.907200 -0.051410 0.817216 0.574034 0.000000 0.000000 0.000000 0.000000 1.000000
0.993795 0.098630 -0.051410 0.000000 -0.098631 0.567829 -0.817216 2.907200 -0.051410 0.817216 0.574034 -0.000000 0.000000 0.000000 0.000000 1.000000
0.993795 0.098630 -0.051410 0.000000 -0.098630 0.567829 -0.817216 2.907200 -0.051410 0.817216 0.574034 0.000000 0.000000 0.000000 0.000000 1.000000
0.993795 0.098630 -0.051410 0.000000 -0.098630 0.567829 -0.817216 2.907200 -0.051410 0.817216 0.574034 0.000000 0.000000 0.000000 0.000000 1.000000
0.993795 0.098630 -0.051410 0.000000 -0.098630 0.567829 -0.817216 2.907200 -0.051410 0.817216 0.574034 0.000000 0.000000 0.000000 0.000000 1.000000
0.993795 0.098630 -0.051410 0.000000 -0.098630 0.567829 -0.817216 2.907200 -0.051410 0.817216 0.574034 0.000000 0.000000 0.000000 0.000000 1.000000
0.993795 0.098630 -0.051410 0.000000 -0.098631 0.567829 -0.817216 2.907200 -0.051410 0.817216 0.574034 0.000000 0.000000 0.000000 0.000000 1.000000
0.993795 0.098630 -0.051410 0.000000 -0.098630 0.567829 -0.817216 2.907200 -0.051410 0.817216 0.574034 -0.000000 0.000000 0.000000 0.000000 1.000000
0.993795 0.098630 -0.051410 0.000000 -0.098630 0.567829 -0.817216 2.907200 -0.051410 0.817216 0.574034 0.000000 0.000000 0.000000 0.000000 1.000000
0.993795 0.098630 -0.051410 0.000000 -0.098630 0.567829 -0.817216 2.907200 -0.051410 0.817216 0.574034 -0.000000 0.000000 0.000000 0.000000 1.000000
0.993795 0.098630 -0.051410 0.000000 -0.098631 0.567829 -0.817216 2.907200 -0.051410 0.817216 0.574034 0.000000 0.000000 0.000000 0.000000 1.000000
0.993795 0.098630 -0.051410 0.000000 -0.098630 0.567829 -0.817216 2.907200 -0.051410 0.817216 0.574034 0.000000 0.000000 0.000000 0.000000 1.000000
0.993795 0.098630 -0.051410 -0.000000 -0.098630 0.567829 -0.817216 2.907200 -0.051410 0.817216 0.574034 -0.000000 0.000000 0.000000 0.000000 1.000000
0.993795 0.098630 -0.051410 0.000000 -0.098631 0.567829 -0.817216 2.907200 -0.051410 0.817216 0.574034 -0.000000 0.000000 0.000000 0.000000 1.000000
0.993795 0.098630 -0.051410 0.000000 -0.098630 0.567829 -0.817216 2.907200 -0.051410 0.817216 0.574034 0.000000 0.000000 0.000000 0.000000 1.000000
0.993795 0.098631 -0.051410 0.000000 -0.098631 0.567829 -0.817216 2.907200 -0.051410 0.817216 0.574034 0.000000 0.000000 0.000000 0.000000 1.000000
0.993795 0.098631 -0.051410 0.000000 -0.098631 0.567829 -0.817216 2.907200 -0.051410 0.817216 0.574034 -0.000000 0.000000 0.000000 0.000000 1.000000
0.993795 0.098630 -0.051410 0.000000 -0.098630 0.567829 -0.817216 2.907200 -0.051410 0.817216 0.574034 0.000000 0.000000 0.000000 0.000000 1.000000</float_array>
        <technique_common>
          <accessor source="#mixamorig_LeftHandIndex3-Matrix-animation-output-transform-array" count="56" stride="16">
            <param type="float4x4"/>
          </accessor>
        </technique_common>
      </source>
      <source id="mixamorig_LeftHandIndex3-Interpolations">
        <Name_array id="mixamorig_LeftHandIndex3-Interpolations-array" count="56">
 LINEAR LINEAR LINEAR LINEAR LINEAR LINEAR LINEAR LINEAR LINEAR LINEAR LINEAR
LINEAR LINEAR LINEAR LINEAR LINEAR LINEAR LINEAR LINEAR LINEAR LINEAR LINEAR LINEAR
LINEAR LINEAR LINEAR LINEAR LINEAR LINEAR LINEAR LINEAR LINEAR LINEAR LINEAR LINEAR
LINEAR LINEAR LINEAR LINEAR LINEAR LINEAR LINEAR LINEAR LINEAR LINEAR LINEAR LINEAR
LINEAR LINEAR LINEAR LINEAR LINEAR LINEAR LINEAR LINEAR LINEAR</Name_array>
        <technique_common>
          <accessor source="#mixamorig_LeftHandIndex3-Interpolations-array" count="56">
            <param type="name"/>
          </accessor>
        </technique_common>
      </source>
      <sampler id="mixamorig_LeftHandIndex3-Matrix-animation-transform">
        <input semantic="INPUT" source="#mixamorig_LeftHandIndex3-Matrix-animation-input"/>
        <input semantic="OUTPUT" source="#mixamorig_LeftHandIndex3-Matrix-animation-output-transform"/>
        <input semantic="INTERPOLATION" source="#mixamorig_LeftHandIndex3-Interpolations"/>
      </sampler>
      <channel source="#mixamorig_LeftHandIndex3-Matrix-animation-transform" target="mixamorig_LeftHandIndex3/matrix"/>
    </animation>
    <animation id="mixamorig_LeftHandMiddle1-anim" name="mixamorig_LeftHandMiddle1">
      <source id="mixamorig_LeftHandMiddle1-Matrix-animation-input">
        <float_array id="mixamorig_LeftHandMiddle1-Matrix-animation-input-array" count="56">

0.000000 0.033333 0.066667 0.100000 0.133333 0.166667 0.200000 0.233333 0.266667 0.300000 0.333333 0.366667 0.400000 0.433333 0.466667 0.500000
0.533333 0.566667 0.600000 0.633333 0.666667 0.700000 0.733333 0.766667 0.800000 0.833333 0.866667 0.900000 0.933333 0.966667 1.000000 1.033333
1.066667 1.100000 1.133333 1.166667 1.200000 1.233333 1.266667 1.300000 1.333333 1.366667 1.400000 1.433333 1.466667 1.500000 1.533333 1.566667
1.600000 1.633333 1.666667 1.700000 1.733333 1.766667 1.800000 1.833333</float_array>
        <technique_common>
          <accessor source="#mixamorig_LeftHandMiddle1-Matrix-animation-input-array" count="56">
            <param name="TIME" type="float"/>
          </accessor>
        </technique_common>
      </source>
      <source id="mixamorig_LeftHandMiddle1-Matrix-animation-output-transform">
        <float_array id="mixamorig_LeftHandMiddle1-Matrix-animation-output-transform-array" count="896">

0.992627 0.104690 -0.061093 0.000000 -0.104690 0.486431 -0.867425 13.093800 -0.061093 0.867425 0.493804 -0.000000 0.000000 0.000000 0.000000 1.000000
0.992627 0.104690 -0.061093 0.000000 -0.104690 0.486431 -0.867425 13.093800 -0.061093 0.867425 0.493804 0.000000 0.000000 0.000000 0.000000 1.000000
0.992627 0.104690 -0.061093 0.000000 -0.104690 0.486430 -0.867425 13.093800 -0.061093 0.867425 0.493804 0.000000 0.000000 0.000000 0.000000 1.000000
0.992627 0.104690 -0.061093 0.000000 -0.104690 0.486430 -0.867425 13.093800 -0.061093 0.867425 0.493804 0.000000 0.000000 0.000000 0.000000 1.000000
0.992627 0.104690 -0.061093 -0.000000 -0.104690 0.486430 -0.867425 13.093800 -0.061093 0.867425 0.493804 0.000000 0.000000 0.000000 0.000000 1.000000
0.992627 0.104690 -0.061093 -0.000000 -0.104690 0.486431 -0.867424 13.093800 -0.061093 0.867424 0.493804 0.000000 0.000000 0.000000 0.000000 1.000000
0.992627 0.104690 -0.061093 0.000000 -0.104690 0.486431 -0.867425 13.093800 -0.061093 0.867425 0.493804 -0.000000 0.000000 0.000000 0.000000 1.000000
0.992627 0.104690 -0.061093 0.000000 -0.104690 0.486430 -0.867425 13.093800 -0.061093 0.867425 0.493804 -0.000000 0.000000 0.000000 0.000000 1.000000
0.992627 0.104690 -0.061093 0.000000 -0.104690 0.486430 -0.867425 13.093800 -0.061093 0.867425 0.493804 -0.000000 0.000000 0.000000 0.000000 1.000000
0.992627 0.104690 -0.061093 -0.000000 -0.104690 0.486430 -0.867425 13.093800 -0.061093 0.867425 0.493804 0.000000 0.000000 0.000000 0.000000 1.000000
0.992627 0.104690 -0.061093 -0.000000 -0.104690 0.486430 -0.867425 13.093800 -0.061093 0.867425 0.493804 0.000000 0.000000 0.000000 0.000000 1.000000
0.992627 0.104690 -0.061093 0.000000 -0.104690 0.486430 -0.867425 13.093800 -0.061093 0.867425 0.493804 0.000000 0.000000 0.000000 0.000000 1.000000
0.992627 0.104690 -0.061093 -0.000000 -0.104690 0.486430 -0.867425 13.093800 -0.061093 0.867425 0.493804 -0.000000 0.000000 0.000000 0.000000 1.000000
0.992627 0.104690 -0.061093 0.000000 -0.104690 0.486430 -0.867425 13.093800 -0.061093 0.867425 0.493804 -0.000000 0.000000 0.000000 0.000000 1.000000
0.992627 0.104690 -0.061093 -0.000000 -0.104690 0.486430 -0.867425 13.093800 -0.061093 0.867425 0.493804 0.000000 0.000000 0.000000 0.000000 1.000000
0.992627 0.104690 -0.061093 -0.000000 -0.104690 0.486430 -0.867425 13.093800 -0.061093 0.867425 0.493804 0.000000 0.000000 0.000000 0.000000 1.000000
0.992627 0.104690 -0.061093 0.000000 -0.104690 0.486430 -0.867425 13.093800 -0.061093 0.867425 0.493804 0.000000 0.000000 0.000000 0.000000 1.000000
0.992627 0.104690 -0.061093 0.000000 -0.104690 0.486430 -0.867425 13.093800 -0.061093 0.867425 0.493804 -0.000000 0.000000 0.000000 0.000000 1.000000
0.992627 0.104690 -0.061093 -0.000000 -0.104690 0.486430 -0.867425 13.093800 -0.061093 0.867425 0.493804 -0.000000 0.000000 0.000000 0.000000 1.000000
0.992627 0.104690 -0.061093 0.000000 -0.104690 0.486430 -0.867425 13.093800 -0.061093 0.867425 0.493803 0.000000 0.000000 0.000000 0.000000 1.000000
0.992627 0.104690 -0.061093 0.000000 -0.104690 0.486430 -0.867425 13.093800 -0.061093 0.867425 0.493804 0.000000 0.000000 0.000000 0.000000 1.000000
0.992627 0.104690 -0.061093 0.000000 -0.104690 0.486430 -0.867425 13.093800 -0.061093 0.867425 0.493804 -0.000000 0.000000 0.000000 0.000000 1.000000
0.992627 0.104690 -0.061093 0.000000 -0.104690 0.486430 -0.867425 13.093800 -0.061093 0.867425 0.493804 0.000000 0.000000 0.000000 0.000000 1.000000
0.992627 0.104690 -0.061093 0.000000 -0.104690 0.486430 -0.867425 13.093800 -0.061093 0.867425 0.493804 0.000000 0.000000 0.000000 0.000000 1.000000
0.992627 0.104690 -0.061093 -0.000000 -0.104690 0.486430 -0.867425 13.093800 -0.061093 0.867425 0.493804 0.000000 0.000000 0.000000 0.000000 1.000000
0.992627 0.104690 -0.061093 -0.000000 -0.104690 0.486430 -0.867425 13.093800 -0.061093 0.867425 0.493804 -0.000000 0.000000 0.000000 0.000000 1.000000
0.992627 0.104690 -0.061093 0.000000 -0.104690 0.486430 -0.867425 13.093800 -0.061093 0.867425 0.493804 0.000000 0.000000 0.000000 0.000000 1.000000
0.992627 0.104690 -0.061093 -0.000000 -0.104690 0.486430 -0.867425 13.093800 -0.061093 0.867425 0.493804 0.000000 0.000000 0.000000 0.000000 1.000000
0.992627 0.104690 -0.061093 -0.000000 -0.104690 0.486430 -0.867425 13.093800 -0.061093 0.867425 0.493804 0.000000 0.000000 0.000000 0.000000 1.000000
0.992627 0.104690 -0.061093 0.000000 -0.104690 0.486430 -0.867425 13.093800 -0.061093 0.867425 0.493804 0.000000 0.000000 0.000000 0.000000 1.000000
0.992627 0.104690 -0.061093 0.000000 -0.104690 0.486430 -0.867425 13.093800 -0.061093 0.867425 0.493804 0.000000 0.000000 0.000000 0.000000 1.000000
0.992627 0.104690 -0.061093 0.000000 -0.104690 0.486430 -0.867425 13.093800 -0.061093 0.867425 0.493804 0.000000 0.000000 0.000000 0.000000 1.000000
0.992627 0.104690 -0.061093 -0.000000 -0.104690 0.486430 -0.867425 13.093800 -0.061093 0.867425 0.493804 0.000000 0.000000 0.000000 0.000000 1.000000
0.992627 0.104690 -0.061093 -0.000000 -0.104690 0.486430 -0.867425 13.093800 -0.061093 0.867425 0.493804 0.000000 0.000000 0.000000 0.000000 1.000000
0.992627 0.104690 -0.061093 -0.000000 -0.104690 0.486430 -0.867425 13.093800 -0.061093 0.867425 0.493804 0.000000 0.000000 0.000000 0.000000 1.000000
0.992627 0.104690 -0.061093 0.000000 -0.104690 0.486430 -0.867425 13.093800 -0.061093 0.867425 0.493804 0.000000 0.000000 0.000000 0.000000 1.000000
0.992627 0.104690 -0.061093 0.000000 -0.104690 0.486430 -0.867425 13.093800 -0.061093 0.867425 0.493804 0.000000 0.000000 0.000000 0.000000 1.000000
0.992627 0.104690 -0.061093 -0.000000 -0.104690 0.486430 -0.867425 13.093800 -0.061093 0.867425 0.493804 0.000000 0.000000 0.000000 0.000000 1.000000
0.992627 0.104690 -0.061093 0.000000 -0.104690 0.486430 -0.867425 13.093800 -0.061093 0.867425 0.493804 0.000000 0.000000 0.000000 0.000000 1.000000
0.992627 0.104690 -0.061093 0.000000 -0.104690 0.486430 -0.867425 13.093800 -0.061093 0.867425 0.493804 0.000000 0.000000 0.000000 0.000000 1.000000
0.992627 0.104690 -0.061093 0.000000 -0.104690 0.486430 -0.867425 13.093800 -0.061093 0.867425 0.493804 0.000000 0.000000 0.000000 0.000000 1.000000
0.992627 0.104690 -0.061093 0.000000 -0.104690 0.486430 -0.867425 13.093800 -0.061093 0.867425 0.493804 0.000000 0.000000 0.000000 0.000000 1.000000
0.992627 0.104690 -0.061093 0.000000 -0.104690 0.486430 -0.867425 13.093800 -0.061093 0.867425 0.493804 -0.000000 0.000000 0.000000 0.000000 1.000000
0.992627 0.104690 -0.061093 -0.000000 -0.104690 0.486430 -0.867425 13.093800 -0.061093 0.867425 0.493804 0.000000 0.000000 0.000000 0.000000 1.000000
0.992627 0.104690 -0.061093 -0.000000 -0.104690 0.486430 -0.867425 13.093800 -0.061093 0.867425 0.493804 -0.000000 0.000000 0.000000 0.000000 1.000000
0.992627 0.104690 -0.061093 0.000000 -0.104690 0.486430 -0.867425 13.093800 -0.061093 0.867425 0.493804 -0.000000 0.000000 0.000000 0.000000 1.000000
0.992627 0.104690 -0.061093 -0.000000 -0.104690 0.486430 -0.867425 13.093800 -0.061093 0.867425 0.493804 -0.000000 0.000000 0.000000 0.000000 1.000000
0.992627 0.104690 -0.061093 -0.000000 -0.104690 0.486430 -0.867425 13.093800 -0.061093 0.867425 0.493804 -0.000000 0.000000 0.000000 0.000000 1.000000
0.992627 0.104690 -0.061093 -0.000000 -0.104690 0.486430 -0.867425 13.093800 -0.061093 0.867425 0.493804 0.000000 0.000000 0.000000 0.000000 1.000000
0.992627 0.104690 -0.061093 0.000000 -0.104690 0.486430 -0.867425 13.093800 -0.061093 0.867425 0.493804 0.000000 0.000000 0.000000 0.000000 1.000000
0.992627 0.104690 -0.061093 0.000000 -0.104690 0.486430 -0.867425 13.093800 -0.061093 0.867425 0.493804 -0.000000 0.000000 0.000000 0.000000 1.000000
0.992627 0.104690 -0.061093 0.000000 -0.104690 0.486430 -0.867425 13.093800 -0.061093 0.867425 0.493804 0.000000 0.000000 0.000000 0.000000 1.000000
0.992627 0.104690 -0.061093 -0.000000 -0.104690 0.486430 -0.867425 13.093800 -0.061093 0.867425 0.493804 0.000000 0.000000 0.000000 0.000000 1.000000
0.992627 0.104690 -0.061093 -0.000000 -0.104690 0.486431 -0.867424 13.093800 -0.061093 0.867425 0.493804 0.000000 0.000000 0.000000 0.000000 1.000000
0.992627 0.104690 -0.061093 -0.000000 -0.104690 0.486430 -0.867425 13.093800 -0.061093 0.867425 0.493804 0.000000 0.000000 0.000000 0.000000 1.000000
0.992627 0.104690 -0.061093 0.000000 -0.104690 0.486430 -0.867425 13.093800 -0.061093 0.867425 0.493804 0.000000 0.000000 0.000000 0.000000 1.000000</float_array>
        <technique_common>
          <accessor source="#mixamorig_LeftHandMiddle1-Matrix-animation-output-transform-array" count="56" stride="16">
            <param type="float4x4"/>
          </accessor>
        </technique_common>
      </source>
      <source id="mixamorig_LeftHandMiddle1-Interpolations">
        <Name_array id="mixamorig_LeftHandMiddle1-Interpolations-array" count="56">
 LINEAR LINEAR LINEAR LINEAR LINEAR LINEAR LINEAR LINEAR LINEAR LINEAR LINEAR
LINEAR LINEAR LINEAR LINEAR LINEAR LINEAR LINEAR LINEAR LINEAR LINEAR LINEAR LINEAR
LINEAR LINEAR LINEAR LINEAR LINEAR LINEAR LINEAR LINEAR LINEAR LINEAR LINEAR LINEAR
LINEAR LINEAR LINEAR LINEAR LINEAR LINEAR LINEAR LINEAR LINEAR LINEAR LINEAR LINEAR
LINEAR LINEAR LINEAR LINEAR LINEAR LINEAR LINEAR LINEAR LINEAR</Name_array>
        <technique_common>
          <accessor source="#mixamorig_LeftHandMiddle1-Interpolations-array" count="56">
            <param type="name"/>
          </accessor>
        </technique_common>
      </source>
      <sampler id="mixamorig_LeftHandMiddle1-Matrix-animation-transform">
        <input semantic="INPUT" source="#mixamorig_LeftHandMiddle1-Matrix-animation-input"/>
        <input semantic="OUTPUT" source="#mixamorig_LeftHandMiddle1-Matrix-animation-output-transform"/>
        <input semantic="INTERPOLATION" source="#mixamorig_LeftHandMiddle1-Interpolations"/>
      </sampler>
      <channel source="#mixamorig_LeftHandMiddle1-Matrix-animation-transform" target="mixamorig_LeftHandMiddle1/matrix"/>
    </animation>
    <animation id="mixamorig_LeftHandMiddle2-anim" name="mixamorig_LeftHandMiddle2">
      <source id="mixamorig_LeftHandMiddle2-Matrix-animation-input">
        <float_array id="mixamorig_LeftHandMiddle2-Matrix-animation-input-array" count="56">

0.000000 0.033333 0.066667 0.100000 0.133333 0.166667 0.200000 0.233333 0.266667 0.300000 0.333333 0.366667 0.400000 0.433333 0.466667 0.500000
0.533333 0.566667 0.600000 0.633333 0.666667 0.700000 0.733333 0.766667 0.800000 0.833333 0.866667 0.900000 0.933333 0.966667 1.000000 1.033333
1.066667 1.100000 1.133333 1.166667 1.200000 1.233333 1.266667 1.300000 1.333333 1.366667 1.400000 1.433333 1.466667 1.500000 1.533333 1.566667
1.600000 1.633333 1.666667 1.700000 1.733333 1.766667 1.800000 1.833333</float_array>
        <technique_common>
          <accessor source="#mixamorig_LeftHandMiddle2-Matrix-animation-input-array" count="56">
            <param name="TIME" type="float"/>
          </accessor>
        </technique_common>
      </source>
      <source id="mixamorig_LeftHandMiddle2-Matrix-animation-output-transform">
        <float_array id="mixamorig_LeftHandMiddle2-Matrix-animation-output-transform-array" count="896">

0.983261 0.118160 -0.138696 0.000000 -0.118160 -0.165925 -0.979034 3.620200 -0.138696 0.979034 -0.149185 0.000000 0.000000 0.000000 0.000000 1.000000
0.983261 0.118160 -0.138696 0.000000 -0.118160 -0.165925 -0.979034 3.620200 -0.138696 0.979034 -0.149185 -0.000000 0.000000 0.000000 0.000000 1.000000
0.983261 0.118160 -0.138696 0.000000 -0.118160 -0.165924 -0.979034 3.620200 -0.138696 0.979034 -0.149185 0.000000 0.000000 0.000000 0.000000 1.000000
0.983261 0.118160 -0.138696 0.000000 -0.118160 -0.165924 -0.979034 3.620200 -0.138696 0.979034 -0.149185 0.000000 0.000000 0.000000 0.000000 1.000000
0.983261 0.118160 -0.138696 0.000000 -0.118160 -0.165925 -0.979034 3.620200 -0.138696 0.979034 -0.149185 0.000000 0.000000 0.000000 0.000000 1.000000
0.983261 0.118160 -0.138696 -0.000000 -0.118160 -0.165924 -0.979034 3.620200 -0.138696 0.979034 -0.149185 0.000000 0.000000 0.000000 0.000000 1.000000
0.983261 0.118160 -0.138696 0.000000 -0.118160 -0.165925 -0.979034 3.620200 -0.138696 0.979034 -0.149185 0.000000 0.000000 0.000000 0.000000 1.000000
0.983261 0.118160 -0.138696 -0.000000 -0.118160 -0.165925 -0.979034 3.620200 -0.138696 0.979034 -0.149185 0.000000 0.000000 0.000000 0.000000 1.000000
0.983261 0.118160 -0.138696 0.000000 -0.118160 -0.165924 -0.979034 3.620200 -0.138696 0.979034 -0.149185 0.000000 0.000000 0.000000 0.000000 1.000000
0.983261 0.118160 -0.138696 0.000000 -0.118160 -0.165925 -0.979034 3.620200 -0.138696 0.979034 -0.149185 0.000000 0.000000 0.000000 0.000000 1.000000
0.983261 0.118160 -0.138696 0.000000 -0.118160 -0.165925 -0.979034 3.620200 -0.138696 0.979034 -0.149185 0.000000 0.000000 0.000000 0.000000 1.000000
0.983261 0.118160 -0.138696 0.000000 -0.118161 -0.165925 -0.979034 3.620200 -0.138696 0.979034 -0.149185 -0.000000 0.000000 0.000000 0.000000 1.000000
0.983261 0.118160 -0.138696 -0.000000 -0.118160 -0.165925 -0.979034 3.620200 -0.138696 0.979034 -0.149185 -0.000000 0.000000 0.000000 0.000000 1.000000
0.983261 0.118160 -0.138696 -0.000000 -0.118160 -0.165925 -0.979034 3.620200 -0.138696 0.979034 -0.149185 0.000000 0.000000 0.000000 0.000000 1.000000
0.983261 0.118160 -0.138696 0.000000 -0.118160 -0.165925 -0.979034 3.620200 -0.138696 0.979034 -0.149185 -0.000000 0.000000 0.000000 0.000000 1.000000
0.983261 0.118160 -0.138696 0.000000 -0.118160 -0.165924 -0.979034 3.620200 -0.138696 0.979034 -0.149185 -0.000000 0.000000 0.000000 0.000000 1.000000
0.983261 0.118160 -0.138696 0.000000 -0.118160 -0.165925 -0.979034 3.620200 -0.138696 0.979034 -0.149185 0.000000 0.000000 0.000000 0.000000 1.000000
0.983261 0.118160 -0.138696 0.000000 -0.118160 -0.165925 -0.979034 3.620200 -0.138696 0.979034 -0.149185 0.000000 0.000000 0.000000 0.000000 1.000000
0.983261 0.118160 -0.138696 0.000000 -0.118160 -0.165924 -0.979034 3.620200 -0.138696 0.979034 -0.149185 0.000000 0.000000 0.000000 0.000000 1.000000
0.983261 0.118160 -0.138696 0.000000 -0.118160 -0.165925 -0.979034 3.620200 -0.138696 0.979034 -0.149185 0.000000 0.000000 0.000000 0.000000 1.000000
0.983261 0.118161 -0.138696 -0.000000 -0.118160 -0.165924 -0.979034 3.620200 -0.138696 0.979034 -0.149185 0.000000 0.000000 0.000000 0.000000 1.000000
0.983261 0.118160 -0.138696 0.000000 -0.118160 -0.165924 -0.979034 3.620200 -0.138696 0.979034 -0.149185 0.000000 0.000000 0.000000 0.000000 1.000000
0.983261 0.118160 -0.138696 0.000000 -0.118160 -0.165925 -0.979034 3.620200 -0.138696 0.979034 -0.149185 0.000000 0.000000 0.000000 0.000000 1.000000
0.983261 0.118160 -0.138696 -0.000000 -0.118161 -0.165925 -0.979034 3.620200 -0.138696 0.979034 -0.149185 0.000000 0.000000 0.000000 0.000000 1.000000
0.983261 0.118160 -0.138696 0.000000 -0.118160 -0.165925 -0.979034 3.620200 -0.138696 0.979034 -0.149185 -0.000000 0.000000 0.000000 0.000000 1.000000
0.983261 0.118161 -0.138696 0.000000 -0.118160 -0.165925 -0.979034 3.620200 -0.138696 0.979034 -0.149185 -0.000000 0.000000 0.000000 0.000000 1.000000
0.983261 0.118160 -0.138696 -0.000000 -0.118160 -0.165925 -0.979034 3.620200 -0.138696 0.979034 -0.149186 0.000000 0.000000 0.000000 0.000000 1.000000
0.983261 0.118160 -0.138696 0.000000 -0.118161 -0.165925 -0.979034 3.620200 -0.138696 0.979034 -0.149185 0.000000 0.000000 0.000000 0.000000 1.000000
0.983261 0.118161 -0.138696 0.000000 -0.118160 -0.165925 -0.979034 3.620200 -0.138696 0.979034 -0.149185 0.000000 0.000000 0.000000 0.000000 1.000000
0.983261 0.118160 -0.138696 0.000000 -0.118160 -0.165924 -0.979034 3.620200 -0.138696 0.979034 -0.149185 0.000000 0.000000 0.000000 0.000000 1.000000
0.983261 0.118160 -0.138696 0.000000 -0.118160 -0.165925 -0.979034 3.620200 -0.138696 0.979034 -0.149185 0.000000 0.000000 0.000000 0.000000 1.000000
0.983261 0.118160 -0.138696 0.000000 -0.118160 -0.165924 -0.979034 3.620200 -0.138696 0.979034 -0.149185 0.000000 0.000000 0.000000 0.000000 1.000000
0.983261 0.118160 -0.138696 -0.000000 -0.118160 -0.165925 -0.979034 3.620200 -0.138696 0.979034 -0.149185 0.000000 0.000000 0.000000 0.000000 1.000000
0.983261 0.118160 -0.138696 0.000000 -0.118160 -0.165924 -0.979034 3.620200 -0.138696 0.979034 -0.149185 0.000000 0.000000 0.000000 0.000000 1.000000
0.983261 0.118161 -0.138696 0.000000 -0.118160 -0.165924 -0.979034 3.620200 -0.138696 0.979034 -0.149185 0.000000 0.000000 0.000000 0.000000 1.000000
0.983261 0.118160 -0.138696 -0.000000 -0.118160 -0.165925 -0.979034 3.620200 -0.138696 0.979034 -0.149185 -0.000000 0.000000 0.000000 0.000000 1.000000
0.983261 0.118161 -0.138696 0.000000 -0.118160 -0.165924 -0.979034 3.620200 -0.138696 0.979034 -0.149185 0.000000 0.000000 0.000000 0.000000 1.000000
0.983261 0.118160 -0.138696 -0.000000 -0.118160 -0.165925 -0.979034 3.620200 -0.138696 0.979034 -0.149185 -0.000000 0.000000 0.000000 0.000000 1.000000
0.983261 0.118160 -0.138696 -0.000000 -0.118160 -0.165925 -0.979034 3.620200 -0.138696 0.979034 -0.149185 -0.000000 0.000000 0.000000 0.000000 1.000000
0.983261 0.118160 -0.138696 0.000000 -0.118160 -0.165925 -0.979034 3.620200 -0.138696 0.979034 -0.149185 0.000000 0.000000 0.000000 0.000000 1.000000
0.983261 0.118160 -0.138696 -0.000000 -0.118160 -0.165925 -0.979034 3.620200 -0.138696 0.979034 -0.149185 0.000000 0.000000 0.000000 0.000000 1.000000
0.983261 0.118160 -0.138696 -0.000000 -0.118160 -0.165925 -0.979034 3.620200 -0.138696 0.979034 -0.149185 0.000000 0.000000 0.000000 0.000000 1.000000
0.983261 0.118160 -0.138696 -0.000000 -0.118160 -0.165925 -0.979034 3.620200 -0.138696 0.979034 -0.149185 -0.000000 0.000000 0.000000 0.000000 1.000000
0.983261 0.118160 -0.138696 0.000000 -0.118160 -0.165924 -0.979034 3.620200 -0.138696 0.979034 -0.149185 0.000000 0.000000 0.000000 0.000000 1.000000
0.983261 0.118160 -0.138696 0.000000 -0.118160 -0.165925 -0.979034 3.620200 -0.138696 0.979034 -0.149185 0.000000 0.000000 0.000000 0.000000 1.000000
0.983261 0.118160 -0.138696 0.000000 -0.118160 -0.165924 -0.979034 3.620200 -0.138696 0.979034 -0.149185 0.000000 0.000000 0.000000 0.000000 1.000000
0.983261 0.118160 -0.138696 -0.000000 -0.118160 -0.165924 -0.979034 3.620200 -0.138696 0.979034 -0.149185 0.000000 0.000000 0.000000 0.000000 1.000000
0.983261 0.118160 -0.138696 0.000000 -0.118160 -0.165924 -0.979034 3.620200 -0.138696 0.979034 -0.149185 -0.000000 0.000000 0.000000 0.000000 1.000000
0.983261 0.118161 -0.138696 0.000000 -0.118160 -0.165925 -0.979034 3.620200 -0.138696 0.979034 -0.149185 0.000000 0.000000 0.000000 0.000000 1.000000
0.983261 0.118160 -0.138696 -0.000000 -0.118160 -0.165924 -0.979034 3.620200 -0.138696 0.979034 -0.149185 0.000000 0.000000 0.000000 0.000000 1.000000
0.983261 0.118160 -0.138696 0.000000 -0.118160 -0.165925 -0.979034 3.620200 -0.138696 0.979034 -0.149185 0.000000 0.000000 0.000000 0.000000 1.000000
0.983261 0.118160 -0.138696 0.000000 -0.118161 -0.165925 -0.979034 3.620200 -0.138696 0.979034 -0.149185 -0.000000 0.000000 0.000000 0.000000 1.000000
0.983261 0.118160 -0.138696 0.000000 -0.118160 -0.165925 -0.979034 3.620200 -0.138696 0.979034 -0.149185 0.000000 0.000000 0.000000 0.000000 1.000000
0.983261 0.118160 -0.138696 0.000000 -0.118161 -0.165925 -0.979034 3.620200 -0.138696 0.979034 -0.149185 0.000000 0.000000 0.000000 0.000000 1.000000
0.983261 0.118160 -0.138696 -0.000000 -0.118160 -0.165925 -0.979034 3.620200 -0.138696 0.979034 -0.149185 0.000000 0.000000 0.000000 0.000000 1.000000
0.983261 0.118160 -0.138696 0.000000 -0.118160 -0.165924 -0.979034 3.620200 -0.138696 0.979034 -0.149185 0.000000 0.000000 0.000000 0.000000 1.000000</float_array>
        <technique_common>
          <accessor source="#mixamorig_LeftHandMiddle2-Matrix-animation-output-transform-array" count="56" stride="16">
            <param type="float4x4"/>
          </accessor>
        </technique_common>
      </source>
      <source id="mixamorig_LeftHandMiddle2-Interpolations">
        <Name_array id="mixamorig_LeftHandMiddle2-Interpolations-array" count="56">
 LINEAR LINEAR LINEAR LINEAR LINEAR LINEAR LINEAR LINEAR LINEAR LINEAR LINEAR
LINEAR LINEAR LINEAR LINEAR LINEAR LINEAR LINEAR LINEAR LINEAR LINEAR LINEAR LINEAR
LINEAR LINEAR LINEAR LINEAR LINEAR LINEAR LINEAR LINEAR LINEAR LINEAR LINEAR LINEAR
LINEAR LINEAR LINEAR LINEAR LINEAR LINEAR LINEAR LINEAR LINEAR LINEAR LINEAR LINEAR
LINEAR LINEAR LINEAR LINEAR LINEAR LINEAR LINEAR LINEAR LINEAR</Name_array>
        <technique_common>
          <accessor source="#mixamorig_LeftHandMiddle2-Interpolations-array" count="56">
            <param type="name"/>
          </accessor>
        </technique_common>
      </source>
      <sampler id="mixamorig_LeftHandMiddle2-Matrix-animation-transform">
        <input semantic="INPUT" source="#mixamorig_LeftHandMiddle2-Matrix-animation-input"/>
        <input semantic="OUTPUT" source="#mixamorig_LeftHandMiddle2-Matrix-animation-output-transform"/>
        <input semantic="INTERPOLATION" source="#mixamorig_LeftHandMiddle2-Interpolations"/>
      </sampler>
      <channel source="#mixamorig_LeftHandMiddle2-Matrix-animation-transform" target="mixamorig_LeftHandMiddle2/matrix"/>
    </animation>
    <animation id="mixamorig_LeftHandMiddle3-anim" name="mixamorig_LeftHandMiddle3">
      <source id="mixamorig_LeftHandMiddle3-Matrix-animation-input">
        <float_array id="mixamorig_LeftHandMiddle3-Matrix-animation-input-array" count="56">

0.000000 0.033333 0.066667 0.100000 0.133333 0.166667 0.200000 0.233333 0.266667 0.300000 0.333333 0.366667 0.400000 0.433333 0.466667 0.500000
0.533333 0.566667 0.600000 0.633333 0.666667 0.700000 0.733333 0.766667 0.800000 0.833333 0.866667 0.900000 0.933333 0.966667 1.000000 1.033333
1.066667 1.100000 1.133333 1.166667 1.200000 1.233333 1.266667 1.300000 1.333333 1.366667 1.400000 1.433333 1.466667 1.500000 1.533333 1.566667
1.600000 1.633333 1.666667 1.700000 1.733333 1.766667 1.800000 1.833333</float_array>
        <technique_common>
          <accessor source="#mixamorig_LeftHandMiddle3-Matrix-animation-input-array" count="56">
            <param name="TIME" type="float"/>
          </accessor>
        </technique_common>
      </source>
      <source id="mixamorig_LeftHandMiddle3-Matrix-animation-output-transform">
        <float_array id="mixamorig_LeftHandMiddle3-Matrix-animation-output-transform-array" count="896">

0.993795 0.098630 -0.051410 0.000000 -0.098630 0.567829 -0.817216 2.832500 -0.051410 0.817216 0.574034 0.000000 0.000000 0.000000 0.000000 1.000000
0.993795 0.098630 -0.051410 0.000000 -0.098630 0.567829 -0.817216 2.832500 -0.051410 0.817216 0.574034 0.000000 0.000000 0.000000 0.000000 1.000000
0.993795 0.098630 -0.051410 0.000000 -0.098630 0.567829 -0.817216 2.832500 -0.051410 0.817216 0.574034 -0.000000 0.000000 0.000000 0.000000 1.000000
0.993795 0.098630 -0.051410 0.000000 -0.098630 0.567829 -0.817216 2.832500 -0.051410 0.817216 0.574034 -0.000000 0.000000 0.000000 0.000000 1.000000
0.993795 0.098631 -0.051410 0.000000 -0.098630 0.567829 -0.817216 2.832500 -0.051410 0.817216 0.574034 0.000000 0.000000 0.000000 0.000000 1.000000
0.993795 0.098631 -0.051410 -0.000000 -0.098631 0.567829 -0.817216 2.832500 -0.051410 0.817216 0.574034 0.000000 0.000000 0.000000 0.000000 1.000000
0.993795 0.098630 -0.051410 0.000000 -0.098630 0.567829 -0.817216 2.832500 -0.051410 0.817216 0.574034 0.000000 0.000000 0.000000 0.000000 1.000000
0.993795 0.098630 -0.051410 0.000000 -0.098630 0.567829 -0.817216 2.832500 -0.051410 0.817216 0.574034 0.000000 0.000000 0.000000 0.000000 1.000000
0.993795 0.098630 -0.051410 0.000000 -0.098630 0.567829 -0.817216 2.832500 -0.051410 0.817216 0.574034 -0.000000 0.000000 0.000000 0.000000 1.000000
0.993795 0.098630 -0.051410 -0.000000 -0.098630 0.567829 -0.817216 2.832500 -0.051410 0.817216 0.574034 0.000000 0.000000 0.000000 0.000000 1.000000
0.993795 0.098630 -0.051410 0.000000 -0.098630 0.567829 -0.817216 2.832500 -0.051410 0.817216 0.574034 -0.000000 0.000000 0.000000 0.000000 1.000000
0.993795 0.098630 -0.051410 0.000000 -0.098631 0.567829 -0.817216 2.832500 -0.051410 0.817216 0.574034 -0.000000 0.000000 0.000000 0.000000 1.000000
0.993795 0.098630 -0.051410 0.000000 -0.098631 0.567829 -0.817216 2.832500 -0.051410 0.817216 0.574034 0.000000 0.000000 0.000000 0.000000 1.000000
0.993795 0.098630 -0.051410 0.000000 -0.098630 0.567829 -0.817216 2.832500 -0.051410 0.817216 0.574034 0.000000 0.000000 0.000000 0.000000 1.000000
0.993795 0.098630 -0.051410 -0.000000 -0.098630 0.567829 -0.817216 2.832500 -0.051410 0.817216 0.574034 0.000000 0.000000 0.000000 0.000000 1.000000
0.993795 0.098631 -0.051410 0.000000 -0.098631 0.567829 -0.817216 2.832500 -0.051410 0.817216 0.574034 0.000000 0.000000 0.000000 0.000000 1.000000
0.993795 0.098630 -0.051410 0.000000 -0.098630 0.567829 -0.817216 2.832500 -0.051410 0.817216 0.574034 -0.000000 0.000000 0.000000 0.000000 1.000000
0.993795 0.098630 -0.051410 0.000000 -0.098630 0.567829 -0.817216 2.832500 -0.051410 0.817216 0.574034 -0.000000 0.000000 0.000000 0.000000 1.000000
0.993795 0.098630 -0.051410 0.000000 -0.098630 0.567829 -0.817216 2.832500 -0.051410 0.817216 0.574034 0.000000 0.000000 0.000000 0.000000 1.000000
0.993795 0.098630 -0.051410 -0.000000 -0.098630 0.567829 -0.817216 2.832500 -0.051410 0.817216 0.574034 -0.000000 0.000000 0.000000 0.000000 1.000000
0.993795 0.098630 -0.051410 0.000000 -0.098630 0.567829 -0.817216 2.832500 -0.051410 0.817216 0.574034 0.000000 0.000000 0.000000 0.000000 1.000000
0.993795 0.098631 -0.051410 0.000000 -0.098631 0.567829 -0.817216 2.832500 -0.051410 0.817216 0.574034 -0.000000 0.000000 0.000000 0.000000 1.000000
0.993795 0.098631 -0.051410 -0.000000 -0.098631 0.567829 -0.817216 2.832500 -0.051410 0.817216 0.574034 -0.000000 0.000000 0.000000 0.000000 1.000000
0.993795 0.098631 -0.051410 0.000000 -0.098631 0.567829 -0.817216 2.832500 -0.051410 0.817216 0.574034 0.000000 0.000000 0.000000 0.000000 1.000000
0.993795 0.098630 -0.051410 0.000000 -0.098630 0.567829 -0.817216 2.832500 -0.051410 0.817216 0.574034 0.000000 0.000000 0.000000 0.000000 1.000000
0.993795 0.098630 -0.051410 0.000000 -0.098630 0.567829 -0.817216 2.832500 -0.051410 0.817216 0.574034 0.000000 0.000000 0.000000 0.000000 1.000000
0.993795 0.098630 -0.051410 -0.000000 -0.098631 0.567829 -0.817216 2.832500 -0.051410 0.817216 0.574034 0.000000 0.000000 0.000000 0.000000 1.000000
0.993795 0.098630 -0.051410 0.000000 -0.098630 0.567829 -0.817216 2.832500 -0.051410 0.817216 0.574034 0.000000 0.000000 0.000000 0.000000 1.000000
0.993795 0.098630 -0.051410 0.000000 -0.098630 0.567829 -0.817216 2.832500 -0.051410 0.817216 0.574034 -0.000000 0.000000 0.000000 0.000000 1.000000
0.993795 0.098630 -0.051410 0.000000 -0.098631 0.567829 -0.817216 2.832500 -0.051410 0.817216 0.574034 0.000000 0.000000 0.000000 0.000000 1.000000
0.993795 0.098630 -0.051410 -0.000000 -0.098630 0.567829 -0.817216 2.832500 -0.051410 0.817216 0.574034 0.000000 0.000000 0.000000 0.000000 1.000000
0.993795 0.098630 -0.051410 0.000000 -0.098630 0.567829 -0.817216 2.832500 -0.051410 0.817216 0.574034 0.000000 0.000000 0.000000 0.000000 1.000000
0.993795 0.098630 -0.051410 0.000000 -0.098630 0.567829 -0.817216 2.832500 -0.051410 0.817216 0.574034 0.000000 0.000000 0.000000 0.000000 1.000000
0.993795 0.098630 -0.051410 -0.000000 -0.098631 0.567829 -0.817216 2.832500 -0.051410 0.817216 0.574034 -0.000000 0.000000 0.000000 0.000000 1.000000
0.993795 0.098630 -0.051410 -0.000000 -0.098630 0.567829 -0.817216 2.832500 -0.051410 0.817216 0.574034 0.000000 0.000000 0.000000 0.000000 1.000000
0.993795 0.098630 -0.051410 0.000000 -0.098630 0.567829 -0.817216 2.832500 -0.051410 0.817216 0.574034 -0.000000 0.000000 0.000000 0.000000 1.000000
0.993795 0.098630 -0.051410 -0.000000 -0.098630 0.567829 -0.817216 2.832500 -0.051410 0.817216 0.574034 -0.000000 0.000000 0.000000 0.000000 1.000000
0.993795 0.098630 -0.051410 0.000000 -0.098630 0.567829 -0.817216 2.832500 -0.051410 0.817216 0.574034 -0.000000 0.000000 0.000000 0.000000 1.000000
0.993795 0.098630 -0.051410 0.000000 -0.098630 0.567829 -0.817216 2.832500 -0.051410 0.817216 0.574034 0.000000 0.000000 0.000000 0.000000 1.000000
0.993795 0.098631 -0.051410 -0.000000 -0.098630 0.567829 -0.817216 2.832500 -0.051410 0.817216 0.574034 0.000000 0.000000 0.000000 0.000000 1.000000
0.993795 0.098630 -0.051410 -0.000000 -0.098630 0.567829 -0.817216 2.832500 -0.051410 0.817216 0.574034 -0.000000 0.000000 0.000000 0.000000 1.000000
0.993795 0.098631 -0.051410 -0.000000 -0.098631 0.567829 -0.817216 2.832500 -0.051410 0.817216 0.574034 -0.000000 0.000000 0.000000 0.000000 1.000000
0.993795 0.098631 -0.051410 0.000000 -0.098631 0.567829 -0.817216 2.832500 -0.051410 0.817216 0.574034 -0.000000 0.000000 0.000000 0.000000 1.000000
0.993795 0.098630 -0.051410 -0.000000 -0.098630 0.567829 -0.817216 2.832500 -0.051410 0.817216 0.574034 0.000000 0.000000 0.000000 0.000000 1.000000
0.993795 0.098630 -0.051410 0.000000 -0.098630 0.567829 -0.817216 2.832500 -0.051410 0.817216 0.574034 0.000000 0.000000 0.000000 0.000000 1.000000
0.993795 0.098630 -0.051410 0.000000 -0.098630 0.567829 -0.817216 2.832500 -0.051410 0.817216 0.574034 0.000000 0.000000 0.000000 0.000000 1.000000
0.993795 0.098630 -0.051410 0.000000 -0.098630 0.567829 -0.817216 2.832500 -0.051410 0.817216 0.574034 -0.000000 0.000000 0.000000 0.000000 1.000000
0.993795 0.098630 -0.051410 -0.000000 -0.098630 0.567829 -0.817216 2.832500 -0.051410 0.817216 0.574034 0.000000 0.000000 0.000000 0.000000 1.000000
0.993795 0.098630 -0.051410 -0.000000 -0.098630 0.567829 -0.817216 2.832500 -0.051410 0.817216 0.574034 0.000000 0.000000 0.000000 0.000000 1.000000
0.993795 0.098630 -0.051410 0.000000 -0.098630 0.567829 -0.817216 2.832500 -0.051410 0.817216 0.574034 0.000000 0.000000 0.000000 0.000000 1.000000
0.993795 0.098631 -0.051410 -0.000000 -0.098631 0.567829 -0.817216 2.832500 -0.051410 0.817216 0.574034 -0.000000 0.000000 0.000000 0.000000 1.000000
0.993795 0.098631 -0.051410 0.000000 -0.098630 0.567829 -0.817216 2.832500 -0.051410 0.817216 0.574034 0.000000 0.000000 0.000000 0.000000 1.000000
0.993795 0.098630 -0.051410 -0.000000 -0.098630 0.567829 -0.817216 2.832500 -0.051410 0.817216 0.574034 -0.000000 0.000000 0.000000 0.000000 1.000000
0.993795 0.098631 -0.051410 0.000000 -0.098631 0.567829 -0.817216 2.832500 -0.051410 0.817216 0.574034 0.000000 0.000000 0.000000 0.000000 1.000000
0.993795 0.098630 -0.051410 0.000000 -0.098630 0.567829 -0.817216 2.832500 -0.051410 0.817216 0.574034 -0.000000 0.000000 0.000000 0.000000 1.000000
0.993795 0.098630 -0.051410 0.000000 -0.098630 0.567829 -0.817216 2.832500 -0.051410 0.817216 0.574034 0.000000 0.000000 0.000000 0.000000 1.000000</float_array>
        <technique_common>
          <accessor source="#mixamorig_LeftHandMiddle3-Matrix-animation-output-transform-array" count="56" stride="16">
            <param type="float4x4"/>
          </accessor>
        </technique_common>
      </source>
      <source id="mixamorig_LeftHandMiddle3-Interpolations">
        <Name_array id="mixamorig_LeftHandMiddle3-Interpolations-array" count="56">
 LINEAR LINEAR LINEAR LINEAR LINEAR LINEAR LINEAR LINEAR LINEAR LINEAR LINEAR
LINEAR LINEAR LINEAR LINEAR LINEAR LINEAR LINEAR LINEAR LINEAR LINEAR LINEAR LINEAR
LINEAR LINEAR LINEAR LINEAR LINEAR LINEAR LINEAR LINEAR LINEAR LINEAR LINEAR LINEAR
LINEAR LINEAR LINEAR LINEAR LINEAR LINEAR LINEAR LINEAR LINEAR LINEAR LINEAR LINEAR
LINEAR LINEAR LINEAR LINEAR LINEAR LINEAR LINEAR LINEAR LINEAR</Name_array>
        <technique_common>
          <accessor source="#mixamorig_LeftHandMiddle3-Interpolations-array" count="56">
            <param type="name"/>
          </accessor>
        </technique_common>
      </source>
      <sampler id="mixamorig_LeftHandMiddle3-Matrix-animation-transform">
        <input semantic="INPUT" source="#mixamorig_LeftHandMiddle3-Matrix-animation-input"/>
        <input semantic="OUTPUT" source="#mixamorig_LeftHandMiddle3-Matrix-animation-output-transform"/>
        <input semantic="INTERPOLATION" source="#mixamorig_LeftHandMiddle3-Interpolations"/>
      </sampler>
      <channel source="#mixamorig_LeftHandMiddle3-Matrix-animation-transform" target="mixamorig_LeftHandMiddle3/matrix"/>
    </animation>
    <animation id="mixamorig_LeftHandRing1-anim" name="mixamorig_LeftHandRing1">
      <source id="mixamorig_LeftHandRing1-Matrix-animation-input">
        <float_array id="mixamorig_LeftHandRing1-Matrix-animation-input-array" count="56">

0.000000 0.033333 0.066667 0.100000 0.133333 0.166667 0.200000 0.233333 0.266667 0.300000 0.333333 0.366667 0.400000 0.433333 0.466667 0.500000
0.533333 0.566667 0.600000 0.633333 0.666667 0.700000 0.733333 0.766667 0.800000 0.833333 0.866667 0.900000 0.933333 0.966667 1.000000 1.033333
1.066667 1.100000 1.133333 1.166667 1.200000 1.233333 1.266667 1.300000 1.333333 1.366667 1.400000 1.433333 1.466667 1.500000 1.533333 1.566667
1.600000 1.633333 1.666667 1.700000 1.733333 1.766667 1.800000 1.833333</float_array>
        <technique_common>
          <accessor source="#mixamorig_LeftHandRing1-Matrix-animation-input-array" count="56">
            <param name="TIME" type="float"/>
          </accessor>
        </technique_common>
      </source>
      <source id="mixamorig_LeftHandRing1-Matrix-animation-output-transform">
        <float_array id="mixamorig_LeftHandRing1-Matrix-animation-output-transform-array" count="896">

0.992623 0.104706 -0.061122 3.523100 -0.104706 0.486185 -0.867560 12.918800 -0.061122 0.867560 0.493562 -0.015900 0.000000 0.000000 0.000000 1.000000
0.992623 0.104707 -0.061122 3.523100 -0.104706 0.486185 -0.867560 12.918800 -0.061122 0.867560 0.493562 -0.015900 0.000000 0.000000 0.000000 1.000000
0.992623 0.104706 -0.061122 3.523100 -0.104706 0.486185 -0.867560 12.918800 -0.061122 0.867560 0.493562 -0.015900 0.000000 0.000000 0.000000 1.000000
0.992623 0.104706 -0.061122 3.523100 -0.104706 0.486185 -0.867560 12.918800 -0.061122 0.867560 0.493562 -0.015900 0.000000 0.000000 0.000000 1.000000
0.992623 0.104706 -0.061122 3.523100 -0.104706 0.486185 -0.867560 12.918800 -0.061122 0.867560 0.493562 -0.015900 0.000000 0.000000 0.000000 1.000000
0.992623 0.104706 -0.061122 3.523100 -0.104706 0.486185 -0.867560 12.918800 -0.061122 0.867560 0.493562 -0.015900 0.000000 0.000000 0.000000 1.000000
0.992623 0.104706 -0.061122 3.523100 -0.104706 0.486185 -0.867560 12.918800 -0.061122 0.867560 0.493562 -0.015900 0.000000 0.000000 0.000000 1.000000
0.992623 0.104707 -0.061122 3.523100 -0.104707 0.486185 -0.867560 12.918800 -0.061123 0.867560 0.493562 -0.015900 0.000000 0.000000 0.000000 1.000000
0.992623 0.104707 -0.061122 3.523100 -0.104707 0.486185 -0.867560 12.918800 -0.061122 0.867560 0.493562 -0.015900 0.000000 0.000000 0.000000 1.000000
0.992623 0.104707 -0.061122 3.523100 -0.104707 0.486185 -0.867560 12.918800 -0.061122 0.867560 0.493562 -0.015900 0.000000 0.000000 0.000000 1.000000
0.992623 0.104707 -0.061122 3.523100 -0.104707 0.486185 -0.867560 12.918800 -0.061122 0.867560 0.493562 -0.015900 0.000000 0.000000 0.000000 1.000000
0.992623 0.104706 -0.061122 3.523100 -0.104706 0.486185 -0.867560 12.918800 -0.061122 0.867560 0.493562 -0.015900 0.000000 0.000000 0.000000 1.000000
0.992623 0.104706 -0.061122 3.523100 -0.104706 0.486185 -0.867560 12.918800 -0.061122 0.867560 0.493562 -0.015900 0.000000 0.000000 0.000000 1.000000
0.992623 0.104706 -0.061122 3.523100 -0.104706 0.486185 -0.867560 12.918800 -0.061122 0.867560 0.493562 -0.015900 0.000000 0.000000 0.000000 1.000000
0.992623 0.104706 -0.061122 3.523100 -0.104706 0.486185 -0.867560 12.918800 -0.061122 0.867560 0.493562 -0.015900 0.000000 0.000000 0.000000 1.000000
0.992623 0.104707 -0.061122 3.523100 -0.104707 0.486185 -0.867560 12.918800 -0.061122 0.867560 0.493562 -0.015900 0.000000 0.000000 0.000000 1.000000
0.992623 0.104707 -0.061123 3.523100 -0.104707 0.486185 -0.867560 12.918800 -0.061122 0.867560 0.493562 -0.015900 0.000000 0.000000 0.000000 1.000000
0.992623 0.104707 -0.061122 3.523100 -0.104707 0.486185 -0.867560 12.918800 -0.061122 0.867560 0.493562 -0.015900 0.000000 0.000000 0.000000 1.000000
0.992623 0.104706 -0.061122 3.523100 -0.104706 0.486185 -0.867560 12.918800 -0.061122 0.867560 0.493562 -0.015900 0.000000 0.000000 0.000000 1.000000
0.992623 0.104707 -0.061122 3.523100 -0.104707 0.486185 -0.867560 12.918800 -0.061123 0.867560 0.493562 -0.015900 0.000000 0.000000 0.000000 1.000000
0.992623 0.104706 -0.061122 3.523100 -0.104707 0.486185 -0.867560 12.918800 -0.061122 0.867560 0.493562 -0.015900 0.000000 0.000000 0.000000 1.000000
0.992623 0.104706 -0.061122 3.523100 -0.104706 0.486185 -0.867560 12.918800 -0.061122 0.867560 0.493562 -0.015900 0.000000 0.000000 0.000000 1.000000
0.992623 0.104707 -0.061123 3.523100 -0.104707 0.486185 -0.867560 12.918800 -0.061122 0.867560 0.493562 -0.015900 0.000000 0.000000 0.000000 1.000000
0.992623 0.104707 -0.061122 3.523100 -0.104707 0.486185 -0.867560 12.918800 -0.061122 0.867560 0.493562 -0.015900 0.000000 0.000000 0.000000 1.000000
0.992623 0.104707 -0.061123 3.523100 -0.104707 0.486185 -0.867560 12.918800 -0.061122 0.867560 0.493562 -0.015900 0.000000 0.000000 0.000000 1.000000
0.992623 0.104707 -0.061122 3.523100 -0.104707 0.486185 -0.867560 12.918800 -0.061123 0.867560 0.493562 -0.015900 0.000000 0.000000 0.000000 1.000000
0.992623 0.104706 -0.061122 3.523100 -0.104707 0.486185 -0.867560 12.918800 -0.061122 0.867560 0.493562 -0.015900 0.000000 0.000000 0.000000 1.000000
0.992623 0.104706 -0.061122 3.523100 -0.104706 0.486185 -0.867560 12.918800 -0.061122 0.867560 0.493562 -0.015900 0.000000 0.000000 0.000000 1.000000
0.992623 0.104707 -0.061122 3.523100 -0.104706 0.486185 -0.867560 12.918800 -0.061123 0.867560 0.493562 -0.015900 0.000000 0.000000 0.000000 1.000000
0.992623 0.104707 -0.061122 3.523100 -0.104706 0.486185 -0.867560 12.918800 -0.061123 0.867560 0.493562 -0.015900 0.000000 0.000000 0.000000 1.000000
0.992623 0.104706 -0.061122 3.523100 -0.104706 0.486185 -0.867560 12.918800 -0.061122 0.867560 0.493562 -0.015900 0.000000 0.000000 0.000000 1.000000
0.992623 0.104707 -0.061122 3.523100 -0.104707 0.486185 -0.867560 12.918800 -0.061122 0.867560 0.493562 -0.015900 0.000000 0.000000 0.000000 1.000000
0.992623 0.104707 -0.061122 3.523100 -0.104706 0.486185 -0.867560 12.918800 -0.061123 0.867560 0.493562 -0.015900 0.000000 0.000000 0.000000 1.000000
0.992623 0.104707 -0.061122 3.523100 -0.104707 0.486185 -0.867560 12.918800 -0.061122 0.867560 0.493562 -0.015900 0.000000 0.000000 0.000000 1.000000
0.992623 0.104707 -0.061122 3.523100 -0.104707 0.486185 -0.867560 12.918800 -0.061122 0.867560 0.493562 -0.015900 0.000000 0.000000 0.000000 1.000000
0.992623 0.104707 -0.061123 3.523100 -0.104707 0.486185 -0.867560 12.918800 -0.061122 0.867560 0.493562 -0.015900 0.000000 0.000000 0.000000 1.000000
0.992623 0.104706 -0.061122 3.523100 -0.104706 0.486185 -0.867560 12.918800 -0.061122 0.867560 0.493562 -0.015900 0.000000 0.000000 0.000000 1.000000
0.992623 0.104707 -0.061123 3.523100 -0.104707 0.486185 -0.867560 12.918800 -0.061122 0.867560 0.493562 -0.015900 0.000000 0.000000 0.000000 1.000000
0.992623 0.104707 -0.061122 3.523100 -0.104706 0.486185 -0.867560 12.918800 -0.061122 0.867560 0.493562 -0.015900 0.000000 0.000000 0.000000 1.000000
0.992623 0.104707 -0.061122 3.523100 -0.104707 0.486185 -0.867560 12.918800 -0.061123 0.867560 0.493562 -0.015900 0.000000 0.000000 0.000000 1.000000
0.992623 0.104706 -0.061122 3.523100 -0.104706 0.486185 -0.867560 12.918800 -0.061122 0.867560 0.493562 -0.015900 0.000000 0.000000 0.000000 1.000000
0.992623 0.104706 -0.061122 3.523100 -0.104706 0.486185 -0.867560 12.918800 -0.061122 0.867560 0.493562 -0.015900 0.000000 0.000000 0.000000 1.000000
0.992623 0.104706 -0.061122 3.523100 -0.104706 0.486185 -0.867560 12.918800 -0.061122 0.867560 0.493562 -0.015900 0.000000 0.000000 0.000000 1.000000
0.992623 0.104707 -0.061122 3.523100 -0.104707 0.486185 -0.867560 12.918800 -0.061122 0.867560 0.493562 -0.015900 0.000000 0.000000 0.000000 1.000000
0.992623 0.104706 -0.061122 3.523100 -0.104707 0.486185 -0.867560 12.918800 -0.061122 0.867560 0.493562 -0.015900 0.000000 0.000000 0.000000 1.000000
0.992623 0.104707 -0.061123 3.523100 -0.104707 0.486185 -0.867560 12.918800 -0.061123 0.867560 0.493562 -0.015900 0.000000 0.000000 0.000000 1.000000
0.992623 0.104707 -0.061122 3.523100 -0.104706 0.486185 -0.867560 12.918800 -0.061123 0.867560 0.493562 -0.015900 0.000000 0.000000 0.000000 1.000000
0.992623 0.104707 -0.061122 3.523100 -0.104707 0.486185 -0.867560 12.918800 -0.061123 0.867560 0.493562 -0.015900 0.000000 0.000000 0.000000 1.000000
0.992623 0.104707 -0.061123 3.523100 -0.104707 0.486185 -0.867560 12.918800 -0.061122 0.867560 0.493562 -0.015900 0.000000 0.000000 0.000000 1.000000
0.992623 0.104707 -0.061122 3.523100 -0.104707 0.486185 -0.867560 12.918800 -0.061122 0.867560 0.493562 -0.015900 0.000000 0.000000 0.000000 1.000000
0.992623 0.104707 -0.061123 3.523100 -0.104707 0.486185 -0.867560 12.918800 -0.061123 0.867560 0.493562 -0.015900 0.000000 0.000000 0.000000 1.000000
0.992623 0.104706 -0.061123 3.523100 -0.104707 0.486185 -0.867560 12.918800 -0.061122 0.867560 0.493562 -0.015900 0.000000 0.000000 0.000000 1.000000
0.992623 0.104707 -0.061122 3.523100 -0.104707 0.486185 -0.867560 12.918800 -0.061122 0.867560 0.493562 -0.015900 0.000000 0.000000 0.000000 1.000000
0.992623 0.104706 -0.061122 3.523100 -0.104706 0.486185 -0.867560 12.918800 -0.061122 0.867560 0.493562 -0.015900 0.000000 0.000000 0.000000 1.000000
0.992623 0.104707 -0.061122 3.523100 -0.104707 0.486185 -0.867560 12.918800 -0.061122 0.867560 0.493562 -0.015900 0.000000 0.000000 0.000000 1.000000
0.992623 0.104707 -0.061122 3.523100 -0.104707 0.486185 -0.867560 12.918800 -0.061122 0.867560 0.493562 -0.015900 0.000000 0.000000 0.000000 1.000000</float_array>
        <technique_common>
          <accessor source="#mixamorig_LeftHandRing1-Matrix-animation-output-transform-array" count="56" stride="16">
            <param type="float4x4"/>
          </accessor>
        </technique_common>
      </source>
      <source id="mixamorig_LeftHandRing1-Interpolations">
        <Name_array id="mixamorig_LeftHandRing1-Interpolations-array" count="56">
 LINEAR LINEAR LINEAR LINEAR LINEAR LINEAR LINEAR LINEAR LINEAR LINEAR LINEAR
LINEAR LINEAR LINEAR LINEAR LINEAR LINEAR LINEAR LINEAR LINEAR LINEAR LINEAR LINEAR
LINEAR LINEAR LINEAR LINEAR LINEAR LINEAR LINEAR LINEAR LINEAR LINEAR LINEAR LINEAR
LINEAR LINEAR LINEAR LINEAR LINEAR LINEAR LINEAR LINEAR LINEAR LINEAR LINEAR LINEAR
LINEAR LINEAR LINEAR LINEAR LINEAR LINEAR LINEAR LINEAR LINEAR</Name_array>
        <technique_common>
          <accessor source="#mixamorig_LeftHandRing1-Interpolations-array" count="56">
            <param type="name"/>
          </accessor>
        </technique_common>
      </source>
      <sampler id="mixamorig_LeftHandRing1-Matrix-animation-transform">
        <input semantic="INPUT" source="#mixamorig_LeftHandRing1-Matrix-animation-input"/>
        <input semantic="OUTPUT" source="#mixamorig_LeftHandRing1-Matrix-animation-output-transform"/>
        <input semantic="INTERPOLATION" source="#mixamorig_LeftHandRing1-Interpolations"/>
      </sampler>
      <channel source="#mixamorig_LeftHandRing1-Matrix-animation-transform" target="mixamorig_LeftHandRing1/matrix"/>
    </animation>
    <animation id="mixamorig_LeftHandRing2-anim" name="mixamorig_LeftHandRing2">
      <source id="mixamorig_LeftHandRing2-Matrix-animation-input">
        <float_array id="mixamorig_LeftHandRing2-Matrix-animation-input-array" count="56">

0.000000 0.033333 0.066667 0.100000 0.133333 0.166667 0.200000 0.233333 0.266667 0.300000 0.333333 0.366667 0.400000 0.433333 0.466667 0.500000
0.533333 0.566667 0.600000 0.633333 0.666667 0.700000 0.733333 0.766667 0.800000 0.833333 0.866667 0.900000 0.933333 0.966667 1.000000 1.033333
1.066667 1.100000 1.133333 1.166667 1.200000 1.233333 1.266667 1.300000 1.333333 1.366667 1.400000 1.433333 1.466667 1.500000 1.533333 1.566667
1.600000 1.633333 1.666667 1.700000 1.733333 1.766667 1.800000 1.833333</float_array>
        <technique_common>
          <accessor source="#mixamorig_LeftHandRing2-Matrix-animation-input-array" count="56">
            <param name="TIME" type="float"/>
          </accessor>
        </technique_common>
      </source>
      <source id="mixamorig_LeftHandRing2-Matrix-animation-output-transform">
        <float_array id="mixamorig_LeftHandRing2-Matrix-animation-output-transform-array" count="896">

0.983265 0.118166 -0.138663 0.000000 -0.118166 -0.165647 -0.979080 2.936000 -0.138663 0.979080 -0.148912 0.000000 0.000000 0.000000 0.000000 1.000000
0.983265 0.118166 -0.138663 0.000000 -0.118166 -0.165648 -0.979080 2.936000 -0.138663 0.979080 -0.148912 0.000000 0.000000 0.000000 0.000000 1.000000
0.983265 0.118166 -0.138663 0.000000 -0.118166 -0.165647 -0.979080 2.936000 -0.138663 0.979080 -0.148912 -0.000000 0.000000 0.000000 0.000000 1.000000
0.983265 0.118166 -0.138663 0.000000 -0.118166 -0.165648 -0.979080 2.936000 -0.138663 0.979080 -0.148912 -0.000000 0.000000 0.000000 0.000000 1.000000
0.983265 0.118166 -0.138663 -0.000000 -0.118166 -0.165647 -0.979080 2.936000 -0.138663 0.979080 -0.148912 0.000000 0.000000 0.000000 0.000000 1.000000
0.983265 0.118166 -0.138663 -0.000000 -0.118166 -0.165647 -0.979080 2.936000 -0.138663 0.979080 -0.148912 0.000000 0.000000 0.000000 0.000000 1.000000
0.983265 0.118166 -0.138663 -0.000000 -0.118166 -0.165647 -0.979080 2.936000 -0.138663 0.979080 -0.148912 0.000000 0.000000 0.000000 0.000000 1.000000
0.983265 0.118166 -0.138663 -0.000000 -0.118166 -0.165647 -0.979080 2.936000 -0.138663 0.979080 -0.148912 0.000000 0.000000 0.000000 0.000000 1.000000
0.983265 0.118166 -0.138663 0.000000 -0.118166 -0.165648 -0.979080 2.936000 -0.138663 0.979080 -0.148912 0.000000 0.000000 0.000000 0.000000 1.000000
0.983265 0.118166 -0.138663 0.000000 -0.118166 -0.165648 -0.979080 2.936000 -0.138663 0.979080 -0.148912 0.000000 0.000000 0.000000 0.000000 1.000000
0.983265 0.118166 -0.138663 0.000000 -0.118166 -0.165647 -0.979080 2.936000 -0.138663 0.979080 -0.148912 -0.000000 0.000000 0.000000 0.000000 1.000000
0.983265 0.118166 -0.138663 -0.000000 -0.118166 -0.165647 -0.979080 2.936000 -0.138663 0.979080 -0.148912 0.000000 0.000000 0.000000 0.000000 1.000000
0.983265 0.118166 -0.138663 -0.000000 -0.118166 -0.165648 -0.979080 2.936000 -0.138663 0.979080 -0.148912 0.000000 0.000000 0.000000 0.000000 1.000000
0.983265 0.118166 -0.138663 -0.000000 -0.118166 -0.165647 -0.979080 2.936000 -0.138663 0.979080 -0.148912 -0.000000 0.000000 0.000000 0.000000 1.000000
0.983265 0.118166 -0.138663 -0.000000 -0.118166 -0.165647 -0.979080 2.936000 -0.138663 0.979080 -0.148912 0.000000 0.000000 0.000000 0.000000 1.000000
0.983265 0.118166 -0.138663 -0.000000 -0.118166 -0.165647 -0.979080 2.936000 -0.138663 0.979080 -0.148912 0.000000 0.000000 0.000000 0.000000 1.000000
0.983265 0.118166 -0.138663 -0.000000 -0.118166 -0.165648 -0.979080 2.936000 -0.138663 0.979080 -0.148912 0.000000 0.000000 0.000000 0.000000 1.000000
0.983265 0.118166 -0.138663 0.000000 -0.118166 -0.165648 -0.979080 2.936000 -0.138663 0.979080 -0.148912 0.000000 0.000000 0.000000 0.000000 1.000000
0.983265 0.118166 -0.138663 -0.000000 -0.118166 -0.165647 -0.979080 2.936000 -0.138663 0.979080 -0.148912 0.000000 0.000000 0.000000 0.000000 1.000000
0.983265 0.118166 -0.138663 -0.000000 -0.118166 -0.165647 -0.979080 2.936000 -0.138663 0.979080 -0.148912 -0.000000 0.000000 0.000000 0.000000 1.000000
0.983265 0.118166 -0.138663 -0.000000 -0.118166 -0.165647 -0.979080 2.936000 -0.138663 0.979080 -0.148912 0.000000 0.000000 0.000000 0.000000 1.000000
0.983265 0.118166 -0.138663 0.000000 -0.118166 -0.165648 -0.979080 2.936000 -0.138663 0.979080 -0.148912 0.000000 0.000000 0.000000 0.000000 1.000000
0.983265 0.118166 -0.138663 -0.000000 -0.118166 -0.165647 -0.979080 2.936000 -0.138663 0.979080 -0.148912 0.000000 0.000000 0.000000 0.000000 1.000000
0.983265 0.118166 -0.138663 0.000000 -0.118166 -0.165647 -0.979080 2.936000 -0.138663 0.979080 -0.148912 0.000000 0.000000 0.000000 0.000000 1.000000
0.983265 0.118166 -0.138663 0.000000 -0.118166 -0.165647 -0.979080 2.936000 -0.138663 0.979080 -0.148912 0.000000 0.000000 0.000000 0.000000 1.000000
0.983265 0.118166 -0.138663 -0.000000 -0.118166 -0.165647 -0.979080 2.936000 -0.138663 0.979080 -0.148912 0.000000 0.000000 0.000000 0.000000 1.000000
0.983265 0.118166 -0.138663 0.000000 -0.118166 -0.165648 -0.979080 2.936000 -0.138663 0.979080 -0.148912 -0.000000 0.000000 0.000000 0.000000 1.000000
0.983265 0.118166 -0.138663 -0.000000 -0.118166 -0.165647 -0.979080 2.936000 -0.138663 0.979080 -0.148912 0.000000 0.000000 0.000000 0.000000 1.000000
0.983265 0.118166 -0.138663 0.000000 -0.118166 -0.165647 -0.979080 2.936000 -0.138663 0.979080 -0.148912 -0.000000 0.000000 0.000000 0.000000 1.000000
0.983265 0.118166 -0.138663 0.000000 -0.118166 -0.165647 -0.979080 2.936000 -0.138663 0.979080 -0.148912 0.000000 0.000000 0.000000 0.000000 1.000000
0.983265 0.118166 -0.138663 0.000000 -0.118166 -0.165648 -0.979080 2.936000 -0.138663 0.979080 -0.148912 0.000000 0.000000 0.000000 0.000000 1.000000
0.983265 0.118166 -0.138663 0.000000 -0.118166 -0.165647 -0.979080 2.936000 -0.138663 0.979080 -0.148912 0.000000 0.000000 0.000000 0.000000 1.000000
0.983265 0.118166 -0.138663 -0.000000 -0.118166 -0.165647 -0.979080 2.936000 -0.138663 0.979080 -0.148912 0.000000 0.000000 0.000000 0.000000 1.000000
0.983265 0.118166 -0.138663 0.000000 -0.118166 -0.165647 -0.979080 2.936000 -0.138663 0.979080 -0.148912 0.000000 0.000000 0.000000 0.000000 1.000000
0.983265 0.118166 -0.138663 -0.000000 -0.118166 -0.165647 -0.979080 2.936000 -0.138663 0.979080 -0.148912 0.000000 0.000000 0.000000 0.000000 1.000000
0.983265 0.118166 -0.138663 0.000000 -0.118166 -0.165648 -0.979080 2.936000 -0.138663 0.979080 -0.148912 0.000000 0.000000 0.000000 0.000000 1.000000
0.983265 0.118166 -0.138663 0.000000 -0.118166 -0.165648 -0.979080 2.936000 -0.138663 0.979080 -0.148912 0.000000 0.000000 0.000000 0.000000 1.000000
0.983265 0.118166 -0.138663 0.000000 -0.118166 -0.165647 -0.979080 2.936000 -0.138663 0.979080 -0.148912 0.000000 0.000000 0.000000 0.000000 1.000000
0.983265 0.118166 -0.138663 0.000000 -0.118166 -0.165648 -0.979080 2.936000 -0.138663 0.979080 -0.148912 0.000000 0.000000 0.000000 0.000000 1.000000
0.983265 0.118166 -0.138663 -0.000000 -0.118166 -0.165648 -0.979080 2.936000 -0.138663 0.979080 -0.148912 -0.000000 0.000000 0.000000 0.000000 1.000000
0.983265 0.118166 -0.138663 -0.000000 -0.118166 -0.165648 -0.979080 2.936000 -0.138663 0.979080 -0.148913 -0.000000 0.000000 0.000000 0.000000 1.000000
0.983265 0.118166 -0.138663 -0.000000 -0.118166 -0.165647 -0.979080 2.936000 -0.138663 0.979080 -0.148912 0.000000 0.000000 0.000000 0.000000 1.000000
0.983265 0.118166 -0.138663 0.000000 -0.118166 -0.165647 -0.979080 2.936000 -0.138663 0.979080 -0.148912 0.000000 0.000000 0.000000 0.000000 1.000000
0.983265 0.118166 -0.138663 0.000000 -0.118166 -0.165647 -0.979080 2.936000 -0.138663 0.979080 -0.148912 0.000000 0.000000 0.000000 0.000000 1.000000
0.983265 0.118166 -0.138663 0.000000 -0.118166 -0.165647 -0.979080 2.936000 -0.138663 0.979080 -0.148912 0.000000 0.000000 0.000000 0.000000 1.000000
0.983265 0.118166 -0.138663 0.000000 -0.118166 -0.165647 -0.979080 2.936000 -0.138663 0.979080 -0.148912 0.000000 0.000000 0.000000 0.000000 1.000000
0.983265 0.118166 -0.138663 -0.000000 -0.118166 -0.165647 -0.979080 2.936000 -0.138663 0.979080 -0.148912 -0.000000 0.000000 0.000000 0.000000 1.000000
0.983265 0.118166 -0.138663 -0.000000 -0.118166 -0.165647 -0.979080 2.936000 -0.138663 0.979080 -0.148912 0.000000 0.000000 0.000000 0.000000 1.000000
0.983265 0.118166 -0.138663 0.000000 -0.118166 -0.165647 -0.979080 2.936000 -0.138663 0.979080 -0.148912 0.000000 0.000000 0.000000 0.000000 1.000000
0.983265 0.118166 -0.138663 0.000000 -0.118166 -0.165647 -0.979080 2.936000 -0.138663 0.979080 -0.148912 0.000000 0.000000 0.000000 0.000000 1.000000
0.983265 0.118166 -0.138663 0.000000 -0.118166 -0.165647 -0.979080 2.936000 -0.138663 0.979080 -0.148912 0.000000 0.000000 0.000000 0.000000 1.000000
0.983265 0.118166 -0.138663 -0.000000 -0.118166 -0.165648 -0.979080 2.936000 -0.138663 0.979080 -0.148912 -0.000000 0.000000 0.000000 0.000000 1.000000
0.983265 0.118166 -0.138663 0.000000 -0.118166 -0.165647 -0.979080 2.936000 -0.138663 0.979080 -0.148912 0.000000 0.000000 0.000000 0.000000 1.000000
0.983265 0.118165 -0.138663 -0.000000 -0.118166 -0.165648 -0.979080 2.936000 -0.138663 0.979080 -0.148912 0.000000 0.000000 0.000000 0.000000 1.000000
0.983265 0.118166 -0.138663 -0.000000 -0.118166 -0.165647 -0.979080 2.936000 -0.138663 0.979080 -0.148912 -0.000000 0.000000 0.000000 0.000000 1.000000
0.983265 0.118166 -0.138663 0.000000 -0.118166 -0.165648 -0.979080 2.936000 -0.138663 0.979080 -0.148912 0.000000 0.000000 0.000000 0.000000 1.000000</float_array>
        <technique_common>
          <accessor source="#mixamorig_LeftHandRing2-Matrix-animation-output-transform-array" count="56" stride="16">
            <param type="float4x4"/>
          </accessor>
        </technique_common>
      </source>
      <source id="mixamorig_LeftHandRing2-Interpolations">
        <Name_array id="mixamorig_LeftHandRing2-Interpolations-array" count="56">
 LINEAR LINEAR LINEAR LINEAR LINEAR LINEAR LINEAR LINEAR LINEAR LINEAR LINEAR
LINEAR LINEAR LINEAR LINEAR LINEAR LINEAR LINEAR LINEAR LINEAR LINEAR LINEAR LINEAR
LINEAR LINEAR LINEAR LINEAR LINEAR LINEAR LINEAR LINEAR LINEAR LINEAR LINEAR LINEAR
LINEAR LINEAR LINEAR LINEAR LINEAR LINEAR LINEAR LINEAR LINEAR LINEAR LINEAR LINEAR
LINEAR LINEAR LINEAR LINEAR LINEAR LINEAR LINEAR LINEAR LINEAR</Name_array>
        <technique_common>
          <accessor source="#mixamorig_LeftHandRing2-Interpolations-array" count="56">
            <param type="name"/>
          </accessor>
        </technique_common>
      </source>
      <sampler id="mixamorig_LeftHandRing2-Matrix-animation-transform">
        <input semantic="INPUT" source="#mixamorig_LeftHandRing2-Matrix-animation-input"/>
        <input semantic="OUTPUT" source="#mixamorig_LeftHandRing2-Matrix-animation-output-transform"/>
        <input semantic="INTERPOLATION" source="#mixamorig_LeftHandRing2-Interpolations"/>
      </sampler>
      <channel source="#mixamorig_LeftHandRing2-Matrix-animation-transform" target="mixamorig_LeftHandRing2/matrix"/>
    </animation>
    <animation id="mixamorig_LeftHandRing3-anim" name="mixamorig_LeftHandRing3">
      <source id="mixamorig_LeftHandRing3-Matrix-animation-input">
        <float_array id="mixamorig_LeftHandRing3-Matrix-animation-input-array" count="56">

0.000000 0.033333 0.066667 0.100000 0.133333 0.166667 0.200000 0.233333 0.266667 0.300000 0.333333 0.366667 0.400000 0.433333 0.466667 0.500000
0.533333 0.566667 0.600000 0.633333 0.666667 0.700000 0.733333 0.766667 0.800000 0.833333 0.866667 0.900000 0.933333 0.966667 1.000000 1.033333
1.066667 1.100000 1.133333 1.166667 1.200000 1.233333 1.266667 1.300000 1.333333 1.366667 1.400000 1.433333 1.466667 1.500000 1.533333 1.566667
1.600000 1.633333 1.666667 1.700000 1.733333 1.766667 1.800000 1.833333</float_array>
        <technique_common>
          <accessor source="#mixamorig_LeftHandRing3-Matrix-animation-input-array" count="56">
            <param name="TIME" type="float"/>
          </accessor>
        </technique_common>
      </source>
      <source id="mixamorig_LeftHandRing3-Matrix-animation-output-transform">
        <float_array id="mixamorig_LeftHandRing3-Matrix-animation-output-transform-array" count="896">

0.993795 0.098630 -0.051410 0.000000 -0.098630 0.567829 -0.817216 3.435600 -0.051410 0.817216 0.574034 0.000000 0.000000 0.000000 0.000000 1.000000
0.993795 0.098630 -0.051410 0.000000 -0.098630 0.567829 -0.817216 3.435600 -0.051410 0.817216 0.574034 -0.000000 0.000000 0.000000 0.000000 1.000000
0.993795 0.098630 -0.051410 0.000000 -0.098630 0.567829 -0.817216 3.435600 -0.051410 0.817216 0.574034 -0.000000 0.000000 0.000000 0.000000 1.000000
0.993795 0.098630 -0.051410 0.000000 -0.098631 0.567829 -0.817216 3.435600 -0.051410 0.817216 0.574034 -0.000000 0.000000 0.000000 0.000000 1.000000
0.993795 0.098630 -0.051410 -0.000000 -0.098630 0.567829 -0.817216 3.435600 -0.051410 0.817216 0.574034 0.000000 0.000000 0.000000 0.000000 1.000000
0.993795 0.098630 -0.051410 0.000000 -0.098631 0.567829 -0.817216 3.435600 -0.051410 0.817216 0.574034 0.000000 0.000000 0.000000 0.000000 1.000000
0.993795 0.098630 -0.051410 0.000000 -0.098630 0.567829 -0.817216 3.435600 -0.051410 0.817216 0.574034 -0.000000 0.000000 0.000000 0.000000 1.000000
0.993795 0.098630 -0.051410 -0.000000 -0.098630 0.567829 -0.817216 3.435600 -0.051410 0.817216 0.574034 0.000000 0.000000 0.000000 0.000000 1.000000
0.993795 0.098630 -0.051410 0.000000 -0.098630 0.567829 -0.817216 3.435600 -0.051410 0.817216 0.574034 0.000000 0.000000 0.000000 0.000000 1.000000
0.993795 0.098630 -0.051410 0.000000 -0.098630 0.567829 -0.817216 3.435600 -0.051410 0.817216 0.574034 0.000000 0.000000 0.000000 0.000000 1.000000
0.993795 0.098631 -0.051410 0.000000 -0.098630 0.567829 -0.817216 3.435600 -0.051410 0.817216 0.574034 -0.000000 0.000000 0.000000 0.000000 1.000000
0.993795 0.098630 -0.051410 -0.000000 -0.098630 0.567829 -0.817216 3.435600 -0.051410 0.817216 0.574034 0.000000 0.000000 0.000000 0.000000 1.000000
0.993795 0.098630 -0.051410 0.000000 -0.098630 0.567829 -0.817216 3.435600 -0.051410 0.817216 0.574034 0.000000 0.000000 0.000000 0.000000 1.000000
0.993795 0.098630 -0.051410 -0.000000 -0.098630 0.567829 -0.817216 3.435600 -0.051410 0.817216 0.574034 -0.000000 0.000000 0.000000 0.000000 1.000000
0.993795 0.098630 -0.051410 0.000000 -0.098630 0.567829 -0.817216 3.435600 -0.051410 0.817216 0.574034 0.000000 0.000000 0.000000 0.000000 1.000000
0.993795 0.098630 -0.051410 -0.000000 -0.098630 0.567829 -0.817216 3.435600 -0.051410 0.817216 0.574034 0.000000 0.000000 0.000000 0.000000 1.000000
0.993795 0.098630 -0.051410 -0.000000 -0.098630 0.567829 -0.817216 3.435600 -0.051410 0.817216 0.574034 0.000000 0.000000 0.000000 0.000000 1.000000
0.993795 0.098630 -0.051410 -0.000000 -0.098631 0.567829 -0.817216 3.435600 -0.051410 0.817216 0.574034 0.000000 0.000000 0.000000 0.000000 1.000000
0.993795 0.098630 -0.051410 0.000000 -0.098630 0.567829 -0.817216 3.435600 -0.051410 0.817216 0.574034 -0.000000 0.000000 0.000000 0.000000 1.000000
0.993795 0.098630 -0.051410 0.000000 -0.098630 0.567829 -0.817216 3.435600 -0.051410 0.817216 0.574034 0.000000 0.000000 0.000000 0.000000 1.000000
0.993795 0.098630 -0.051410 0.000000 -0.098630 0.567829 -0.817216 3.435600 -0.051410 0.817216 0.574034 -0.000000 0.000000 0.000000 0.000000 1.000000
0.993795 0.098631 -0.051410 0.000000 -0.098631 0.567829 -0.817216 3.435600 -0.051410 0.817216 0.574034 -0.000000 0.000000 0.000000 0.000000 1.000000
0.993795 0.098631 -0.051410 -0.000000 -0.098631 0.567829 -0.817216 3.435600 -0.051410 0.817216 0.574034 0.000000 0.000000 0.000000 0.000000 1.000000
0.993795 0.098631 -0.051410 -0.000000 -0.098631 0.567829 -0.817216 3.435600 -0.051410 0.817216 0.574034 0.000000 0.000000 0.000000 0.000000 1.000000
0.993795 0.098630 -0.051410 -0.000000 -0.098630 0.567829 -0.817216 3.435600 -0.051410 0.817216 0.574034 -0.000000 0.000000 0.000000 0.000000 1.000000
0.993795 0.098631 -0.051410 0.000000 -0.098631 0.567829 -0.817216 3.435600 -0.051410 0.817216 0.574034 0.000000 0.000000 0.000000 0.000000 1.000000
0.993795 0.098630 -0.051410 0.000000 -0.098630 0.567829 -0.817216 3.435600 -0.051410 0.817216 0.574034 0.000000 0.000000 0.000000 0.000000 1.000000
0.993795 0.098630 -0.051410 0.000000 -0.098630 0.567829 -0.817216 3.435600 -0.051410 0.817216 0.574034 0.000000 0.000000 0.000000 0.000000 1.000000
0.993795 0.098630 -0.051410 -0.000000 -0.098631 0.567829 -0.817216 3.435600 -0.051410 0.817216 0.574034 0.000000 0.000000 0.000000 0.000000 1.000000
0.993795 0.098630 -0.051410 -0.000000 -0.098630 0.567829 -0.817216 3.435600 -0.051410 0.817216 0.574034 0.000000 0.000000 0.000000 0.000000 1.000000
0.993795 0.098631 -0.051410 -0.000000 -0.098631 0.567829 -0.817216 3.435600 -0.051410 0.817216 0.574034 0.000000 0.000000 0.000000 0.000000 1.000000
0.993795 0.098630 -0.051410 0.000000 -0.098630 0.567829 -0.817216 3.435600 -0.051410 0.817216 0.574034 0.000000 0.000000 0.000000 0.000000 1.000000
0.993795 0.098630 -0.051410 0.000000 -0.098630 0.567829 -0.817216 3.435600 -0.051410 0.817216 0.574034 -0.000000 0.000000 0.000000 0.000000 1.000000
0.993795 0.098630 -0.051410 0.000000 -0.098631 0.567829 -0.817216 3.435600 -0.051410 0.817216 0.574034 0.000000 0.000000 0.000000 0.000000 1.000000
0.993795 0.098630 -0.051410 -0.000000 -0.098630 0.567829 -0.817216 3.435600 -0.051410 0.817216 0.574034 0.000000 0.000000 0.000000 0.000000 1.000000
0.993795 0.098631 -0.051410 -0.000000 -0.098630 0.567829 -0.817216 3.435600 -0.051410 0.817216 0.574034 0.000000 0.000000 0.000000 0.000000 1.000000
0.993795 0.098630 -0.051410 -0.000000 -0.098630 0.567829 -0.817216 3.435600 -0.051410 0.817216 0.574034 0.000000 0.000000 0.000000 0.000000 1.000000
0.993795 0.098630 -0.051410 0.000000 -0.098630 0.567829 -0.817216 3.435600 -0.051410 0.817216 0.574034 -0.000000 0.000000 0.000000 0.000000 1.000000
0.993795 0.098630 -0.051410 0.000000 -0.098630 0.567829 -0.817216 3.435600 -0.051410 0.817216 0.574034 0.000000 0.000000 0.000000 0.000000 1.000000
0.993795 0.098630 -0.051410 -0.000000 -0.098630 0.567829 -0.817216 3.435600 -0.051410 0.817216 0.574034 0.000000 0.000000 0.000000 0.000000 1.000000
0.993795 0.098631 -0.051410 0.000000 -0.098631 0.567829 -0.817216 3.435600 -0.051410 0.817216 0.574034 -0.000000 0.000000 0.000000 0.000000 1.000000
0.993795 0.098630 -0.051410 -0.000000 -0.098630 0.567829 -0.817216 3.435600 -0.051410 0.817216 0.574034 -0.000000 0.000000 0.000000 0.000000 1.000000
0.993795 0.098631 -0.051410 0.000000 -0.098630 0.567829 -0.817216 3.435600 -0.051410 0.817216 0.574034 0.000000 0.000000 0.000000 0.000000 1.000000
0.993795 0.098630 -0.051410 0.000000 -0.098630 0.567829 -0.817216 3.435600 -0.051410 0.817216 0.574034 0.000000 0.000000 0.000000 0.000000 1.000000
0.993795 0.098630 -0.051410 0.000000 -0.098630 0.567829 -0.817216 3.435600 -0.051410 0.817216 0.574034 0.000000 0.000000 0.000000 0.000000 1.000000
0.993795 0.098630 -0.051410 0.000000 -0.098630 0.567829 -0.817216 3.435600 -0.051410 0.817216 0.574034 -0.000000 0.000000 0.000000 0.000000 1.000000
0.993795 0.098630 -0.051410 0.000000 -0.098630 0.567829 -0.817216 3.435600 -0.051410 0.817216 0.574034 0.000000 0.000000 0.000000 0.000000 1.000000
0.993795 0.098630 -0.051410 0.000000 -0.098630 0.567829 -0.817216 3.435600 -0.051410 0.817216 0.574034 -0.000000 0.000000 0.000000 0.000000 1.000000
0.993795 0.098630 -0.051410 0.000000 -0.098630 0.567829 -0.817216 3.435600 -0.051410 0.817216 0.574034 -0.000000 0.000000 0.000000 0.000000 1.000000
0.993795 0.098630 -0.051410 0.000000 -0.098631 0.567829 -0.817216 3.435600 -0.051410 0.817216 0.574034 0.000000 0.000000 0.000000 0.000000 1.000000
0.993795 0.098630 -0.051410 0.000000 -0.098630 0.567829 -0.817216 3.435600 -0.051410 0.817216 0.574034 -0.000000 0.000000 0.000000 0.000000 1.000000
0.993795 0.098630 -0.051410 -0.000000 -0.098630 0.567829 -0.817216 3.435600 -0.051410 0.817216 0.574034 0.000000 0.000000 0.000000 0.000000 1.000000
0.993795 0.098630 -0.051410 -0.000000 -0.098630 0.567829 -0.817216 3.435600 -0.051410 0.817216 0.574034 0.000000 0.000000 0.000000 0.000000 1.000000
0.993795 0.098630 -0.051410 0.000000 -0.098630 0.567829 -0.817216 3.435600 -0.051410 0.817216 0.574034 0.000000 0.000000 0.000000 0.000000 1.000000
0.993795 0.098630 -0.051410 0.000000 -0.098630 0.567829 -0.817216 3.435600 -0.051410 0.817216 0.574034 -0.000000 0.000000 0.000000 0.000000 1.000000
0.993795 0.098630 -0.051410 0.000000 -0.098630 0.567829 -0.817216 3.435600 -0.051410 0.817216 0.574034 0.000000 0.000000 0.000000 0.000000 1.000000</float_array>
        <technique_common>
          <accessor source="#mixamorig_LeftHandRing3-Matrix-animation-output-transform-array" count="56" stride="16">
            <param type="float4x4"/>
          </accessor>
        </technique_common>
      </source>
      <source id="mixamorig_LeftHandRing3-Interpolations">
        <Name_array id="mixamorig_LeftHandRing3-Interpolations-array" count="56">
 LINEAR LINEAR LINEAR LINEAR LINEAR LINEAR LINEAR LINEAR LINEAR LINEAR LINEAR
LINEAR LINEAR LINEAR LINEAR LINEAR LINEAR LINEAR LINEAR LINEAR LINEAR LINEAR LINEAR
LINEAR LINEAR LINEAR LINEAR LINEAR LINEAR LINEAR LINEAR LINEAR LINEAR LINEAR LINEAR
LINEAR LINEAR LINEAR LINEAR LINEAR LINEAR LINEAR LINEAR LINEAR LINEAR LINEAR LINEAR
LINEAR LINEAR LINEAR LINEAR LINEAR LINEAR LINEAR LINEAR LINEAR</Name_array>
        <technique_common>
          <accessor source="#mixamorig_LeftHandRing3-Interpolations-array" count="56">
            <param type="name"/>
          </accessor>
        </technique_common>
      </source>
      <sampler id="mixamorig_LeftHandRing3-Matrix-animation-transform">
        <input semantic="INPUT" source="#mixamorig_LeftHandRing3-Matrix-animation-input"/>
        <input semantic="OUTPUT" source="#mixamorig_LeftHandRing3-Matrix-animation-output-transform"/>
        <input semantic="INTERPOLATION" source="#mixamorig_LeftHandRing3-Interpolations"/>
      </sampler>
      <channel source="#mixamorig_LeftHandRing3-Matrix-animation-transform" target="mixamorig_LeftHandRing3/matrix"/>
    </animation>
    <animation id="mixamorig_LeftHandPinky1-anim" name="mixamorig_LeftHandPinky1">
      <source id="mixamorig_LeftHandPinky1-Matrix-animation-input">
        <float_array id="mixamorig_LeftHandPinky1-Matrix-animation-input-array" count="56">

0.000000 0.033333 0.066667 0.100000 0.133333 0.166667 0.200000 0.233333 0.266667 0.300000 0.333333 0.366667 0.400000 0.433333 0.466667 0.500000
0.533333 0.566667 0.600000 0.633333 0.666667 0.700000 0.733333 0.766667 0.800000 0.833333 0.866667 0.900000 0.933333 0.966667 1.000000 1.033333
1.066667 1.100000 1.133333 1.166667 1.200000 1.233333 1.266667 1.300000 1.333333 1.366667 1.400000 1.433333 1.466667 1.500000 1.533333 1.566667
1.600000 1.633333 1.666667 1.700000 1.733333 1.766667 1.800000 1.833333</float_array>
        <technique_common>
          <accessor source="#mixamorig_LeftHandPinky1-Matrix-animation-input-array" count="56">
            <param name="TIME" type="float"/>
          </accessor>
        </technique_common>
      </source>
      <source id="mixamorig_LeftHandPinky1-Matrix-animation-output-transform">
        <float_array id="mixamorig_LeftHandPinky1-Matrix-animation-output-transform-array" count="896">

0.982717 0.175163 -0.059876 6.518400 -0.139091 0.485266 -0.863233 11.479300 -0.122151 0.856642 0.501243 0.316100 0.000000 0.000000 0.000000 1.000000
0.982717 0.175164 -0.059875 6.518400 -0.139091 0.485266 -0.863233 11.479300 -0.122151 0.856642 0.501243 0.316100 0.000000 0.000000 0.000000 1.000000
0.982717 0.175164 -0.059876 6.518400 -0.139091 0.485266 -0.863233 11.479300 -0.122151 0.856642 0.501243 0.316100 0.000000 0.000000 0.000000 1.000000
0.982717 0.175164 -0.059876 6.518400 -0.139092 0.485266 -0.863233 11.479300 -0.122151 0.856642 0.501243 0.316100 0.000000 0.000000 0.000000 1.000000
0.982717 0.175164 -0.059876 6.518400 -0.139092 0.485266 -0.863233 11.479300 -0.122151 0.856642 0.501242 0.316100 0.000000 0.000000 0.000000 1.000000
0.982717 0.175164 -0.059876 6.518400 -0.139092 0.485266 -0.863233 11.479300 -0.122151 0.856642 0.501243 0.316100 0.000000 0.000000 0.000000 1.000000
0.982717 0.175164 -0.059876 6.518400 -0.139092 0.485266 -0.863233 11.479300 -0.122152 0.856642 0.501243 0.316100 0.000000 0.000000 0.000000 1.000000
0.982717 0.175164 -0.059876 6.518400 -0.139091 0.485266 -0.863233 11.479300 -0.122151 0.856642 0.501242 0.316100 0.000000 0.000000 0.000000 1.000000
0.982717 0.175164 -0.059876 6.518400 -0.139091 0.485266 -0.863233 11.479300 -0.122151 0.856642 0.501242 0.316100 0.000000 0.000000 0.000000 1.000000
0.982717 0.175164 -0.059876 6.518400 -0.139091 0.485265 -0.863233 11.479300 -0.122151 0.856642 0.501242 0.316100 0.000000 0.000000 0.000000 1.000000
0.982717 0.175164 -0.059876 6.518400 -0.139092 0.485266 -0.863233 11.479300 -0.122151 0.856642 0.501242 0.316100 0.000000 0.000000 0.000000 1.000000
0.982717 0.175164 -0.059876 6.518400 -0.139091 0.485266 -0.863233 11.479300 -0.122151 0.856642 0.501242 0.316100 0.000000 0.000000 0.000000 1.000000
0.982717 0.175163 -0.059875 6.518400 -0.139091 0.485266 -0.863233 11.479300 -0.122151 0.856642 0.501243 0.316100 0.000000 0.000000 0.000000 1.000000
0.982717 0.175164 -0.059876 6.518400 -0.139091 0.485266 -0.863233 11.479300 -0.122151 0.856642 0.501242 0.316100 0.000000 0.000000 0.000000 1.000000
0.982717 0.175164 -0.059875 6.518400 -0.139091 0.485266 -0.863233 11.479300 -0.122152 0.856642 0.501243 0.316100 0.000000 0.000000 0.000000 1.000000
0.982717 0.175163 -0.059876 6.518400 -0.139091 0.485266 -0.863233 11.479300 -0.122151 0.856642 0.501243 0.316100 0.000000 0.000000 0.000000 1.000000
0.982717 0.175164 -0.059876 6.518400 -0.139092 0.485266 -0.863233 11.479300 -0.122151 0.856642 0.501242 0.316100 0.000000 0.000000 0.000000 1.000000
0.982717 0.175164 -0.059876 6.518400 -0.139091 0.485266 -0.863233 11.479300 -0.122151 0.856642 0.501242 0.316100 0.000000 0.000000 0.000000 1.000000
0.982717 0.175164 -0.059876 6.518400 -0.139091 0.485266 -0.863233 11.479300 -0.122151 0.856642 0.501243 0.316100 0.000000 0.000000 0.000000 1.000000
0.982717 0.175164 -0.059876 6.518400 -0.139092 0.485265 -0.863233 11.479300 -0.122152 0.856642 0.501242 0.316100 0.000000 0.000000 0.000000 1.000000
0.982717 0.175164 -0.059876 6.518400 -0.139092 0.485266 -0.863233 11.479300 -0.122151 0.856642 0.501243 0.316100 0.000000 0.000000 0.000000 1.000000
0.982717 0.175164 -0.059875 6.518400 -0.139091 0.485266 -0.863233 11.479300 -0.122151 0.856642 0.501243 0.316100 0.000000 0.000000 0.000000 1.000000
0.982717 0.175164 -0.059876 6.518400 -0.139092 0.485266 -0.863233 11.479300 -0.122151 0.856642 0.501243 0.316100 0.000000 0.000000 0.000000 1.000000
0.982717 0.175164 -0.059876 6.518400 -0.139092 0.485266 -0.863233 11.479300 -0.122151 0.856642 0.501242 0.316100 0.000000 0.000000 0.000000 1.000000
0.982717 0.175164 -0.059876 6.518400 -0.139092 0.485266 -0.863233 11.479300 -0.122151 0.856642 0.501243 0.316100 0.000000 0.000000 0.000000 1.000000
0.982717 0.175164 -0.059876 6.518400 -0.139091 0.485266 -0.863233 11.479300 -0.122151 0.856642 0.501243 0.316100 0.000000 0.000000 0.000000 1.000000
0.982717 0.175164 -0.059876 6.518400 -0.139092 0.485266 -0.863233 11.479300 -0.122151 0.856642 0.501242 0.316100 0.000000 0.000000 0.000000 1.000000
0.982717 0.175163 -0.059876 6.518400 -0.139091 0.485266 -0.863233 11.479300 -0.122151 0.856642 0.501243 0.316100 0.000000 0.000000 0.000000 1.000000
0.982717 0.175164 -0.059876 6.518400 -0.139091 0.485266 -0.863233 11.479300 -0.122151 0.856642 0.501243 0.316100 0.000000 0.000000 0.000000 1.000000
0.982717 0.175164 -0.059876 6.518400 -0.139091 0.485266 -0.863233 11.479300 -0.122151 0.856642 0.501243 0.316100 0.000000 0.000000 0.000000 1.000000
0.982717 0.175164 -0.059876 6.518400 -0.139092 0.485266 -0.863233 11.479300 -0.122151 0.856642 0.501243 0.316100 0.000000 0.000000 0.000000 1.000000
0.982717 0.175164 -0.059876 6.518400 -0.139091 0.485266 -0.863233 11.479300 -0.122151 0.856642 0.501243 0.316100 0.000000 0.000000 0.000000 1.000000
0.982717 0.175163 -0.059875 6.518400 -0.139091 0.485266 -0.863233 11.479300 -0.122151 0.856642 0.501242 0.316100 0.000000 0.000000 0.000000 1.000000
0.982717 0.175164 -0.059876 6.518400 -0.139091 0.485266 -0.863233 11.479300 -0.122151 0.856642 0.501243 0.316100 0.000000 0.000000 0.000000 1.000000
0.982717 0.175164 -0.059876 6.518400 -0.139092 0.485265 -0.863233 11.479300 -0.122151 0.856642 0.501242 0.316100 0.000000 0.000000 0.000000 1.000000
0.982717 0.175164 -0.059876 6.518400 -0.139092 0.485265 -0.863233 11.479300 -0.122151 0.856642 0.501242 0.316100 0.000000 0.000000 0.000000 1.000000
0.982717 0.175164 -0.059876 6.518400 -0.139092 0.485265 -0.863233 11.479300 -0.122151 0.856642 0.501242 0.316100 0.000000 0.000000 0.000000 1.000000
0.982717 0.175163 -0.059876 6.518400 -0.139091 0.485266 -0.863233 11.479300 -0.122151 0.856642 0.501243 0.316100 0.000000 0.000000 0.000000 1.000000
0.982717 0.175164 -0.059876 6.518400 -0.139092 0.485266 -0.863233 11.479300 -0.122151 0.856642 0.501243 0.316100 0.000000 0.000000 0.000000 1.000000
0.982717 0.175164 -0.059876 6.518400 -0.139091 0.485266 -0.863233 11.479300 -0.122151 0.856642 0.501243 0.316100 0.000000 0.000000 0.000000 1.000000
0.982717 0.175164 -0.059875 6.518400 -0.139091 0.485266 -0.863233 11.479300 -0.122152 0.856642 0.501242 0.316100 0.000000 0.000000 0.000000 1.000000
0.982717 0.175164 -0.059876 6.518400 -0.139091 0.485266 -0.863233 11.479300 -0.122151 0.856642 0.501243 0.316100 0.000000 0.000000 0.000000 1.000000
0.982717 0.175164 -0.059876 6.518400 -0.139091 0.485266 -0.863233 11.479300 -0.122151 0.856642 0.501243 0.316100 0.000000 0.000000 0.000000 1.000000
0.982717 0.175164 -0.059876 6.518400 -0.139092 0.485266 -0.863233 11.479300 -0.122151 0.856642 0.501243 0.316100 0.000000 0.000000 0.000000 1.000000
0.982717 0.175164 -0.059876 6.518400 -0.139092 0.485266 -0.863233 11.479300 -0.122151 0.856642 0.501243 0.316100 0.000000 0.000000 0.000000 1.000000
0.982717 0.175164 -0.059876 6.518400 -0.139092 0.485265 -0.863233 11.479300 -0.122151 0.856642 0.501242 0.316100 0.000000 0.000000 0.000000 1.000000
0.982717 0.175164 -0.059876 6.518400 -0.139091 0.485266 -0.863233 11.479300 -0.122152 0.856642 0.501243 0.316100 0.000000 0.000000 0.000000 1.000000
0.982717 0.175164 -0.059876 6.518400 -0.139092 0.485266 -0.863233 11.479300 -0.122152 0.856642 0.501243 0.316100 0.000000 0.000000 0.000000 1.000000
0.982717 0.175164 -0.059876 6.518400 -0.139091 0.485266 -0.863233 11.479300 -0.122151 0.856642 0.501242 0.316100 0.000000 0.000000 0.000000 1.000000
0.982717 0.175164 -0.059876 6.518400 -0.139092 0.485265 -0.863233 11.479300 -0.122152 0.856642 0.501242 0.316100 0.000000 0.000000 0.000000 1.000000
0.982717 0.175164 -0.059876 6.518400 -0.139092 0.485266 -0.863233 11.479300 -0.122151 0.856642 0.501242 0.316100 0.000000 0.000000 0.000000 1.000000
0.982717 0.175164 -0.059876 6.518400 -0.139092 0.485266 -0.863233 11.479300 -0.122151 0.856642 0.501242 0.316100 0.000000 0.000000 0.000000 1.000000
0.982717 0.175164 -0.059876 6.518400 -0.139091 0.485266 -0.863233 11.479300 -0.122151 0.856642 0.501243 0.316100 0.000000 0.000000 0.000000 1.000000
0.982717 0.175164 -0.059876 6.518400 -0.139092 0.485266 -0.863233 11.479300 -0.122151 0.856642 0.501243 0.316100 0.000000 0.000000 0.000000 1.000000
0.982717 0.175164 -0.059876 6.518400 -0.139092 0.485266 -0.863233 11.479300 -0.122151 0.856642 0.501243 0.316100 0.000000 0.000000 0.000000 1.000000
0.982717 0.175164 -0.059876 6.518400 -0.139092 0.485266 -0.863233 11.479300 -0.122151 0.856642 0.501243 0.316100 0.000000 0.000000 0.000000 1.000000</float_array>
        <technique_common>
          <accessor source="#mixamorig_LeftHandPinky1-Matrix-animation-output-transform-array" count="56" stride="16">
            <param type="float4x4"/>
          </accessor>
        </technique_common>
      </source>
      <source id="mixamorig_LeftHandPinky1-Interpolations">
        <Name_array id="mixamorig_LeftHandPinky1-Interpolations-array" count="56">
 LINEAR LINEAR LINEAR LINEAR LINEAR LINEAR LINEAR LINEAR LINEAR LINEAR LINEAR
LINEAR LINEAR LINEAR LINEAR LINEAR LINEAR LINEAR LINEAR LINEAR LINEAR LINEAR LINEAR
LINEAR LINEAR LINEAR LINEAR LINEAR LINEAR LINEAR LINEAR LINEAR LINEAR LINEAR LINEAR
LINEAR LINEAR LINEAR LINEAR LINEAR LINEAR LINEAR LINEAR LINEAR LINEAR LINEAR LINEAR
LINEAR LINEAR LINEAR LINEAR LINEAR LINEAR LINEAR LINEAR LINEAR</Name_array>
        <technique_common>
          <accessor source="#mixamorig_LeftHandPinky1-Interpolations-array" count="56">
            <param type="name"/>
          </accessor>
        </technique_common>
      </source>
      <sampler id="mixamorig_LeftHandPinky1-Matrix-animation-transform">
        <input semantic="INPUT" source="#mixamorig_LeftHandPinky1-Matrix-animation-input"/>
        <input semantic="OUTPUT" source="#mixamorig_LeftHandPinky1-Matrix-animation-output-transform"/>
        <input semantic="INTERPOLATION" source="#mixamorig_LeftHandPinky1-Interpolations"/>
      </sampler>
      <channel source="#mixamorig_LeftHandPinky1-Matrix-animation-transform" target="mixamorig_LeftHandPinky1/matrix"/>
    </animation>
    <animation id="mixamorig_LeftHandPinky2-anim" name="mixamorig_LeftHandPinky2">
      <source id="mixamorig_LeftHandPinky2-Matrix-animation-input">
        <float_array id="mixamorig_LeftHandPinky2-Matrix-animation-input-array" count="56">

0.000000 0.033333 0.066667 0.100000 0.133333 0.166667 0.200000 0.233333 0.266667 0.300000 0.333333 0.366667 0.400000 0.433333 0.466667 0.500000
0.533333 0.566667 0.600000 0.633333 0.666667 0.700000 0.733333 0.766667 0.800000 0.833333 0.866667 0.900000 0.933333 0.966667 1.000000 1.033333
1.066667 1.100000 1.133333 1.166667 1.200000 1.233333 1.266667 1.300000 1.333333 1.366667 1.400000 1.433333 1.466667 1.500000 1.533333 1.566667
1.600000 1.633333 1.666667 1.700000 1.733333 1.766667 1.800000 1.833333</float_array>
        <technique_common>
          <accessor source="#mixamorig_LeftHandPinky2-Matrix-animation-input-array" count="56">
            <param name="TIME" type="float"/>
          </accessor>
        </technique_common>
      </source>
      <source id="mixamorig_LeftHandPinky2-Matrix-animation-output-transform">
        <float_array id="mixamorig_LeftHandPinky2-Matrix-animation-output-transform-array" count="896">

0.987593 0.134078 -0.081749 0.000000 -0.044665 -0.259246 -0.964778 2.474700 -0.150549 0.956459 -0.250041 0.000000 0.000000 0.000000 0.000000 1.000000
0.987593 0.134078 -0.081749 0.000000 -0.044665 -0.259246 -0.964778 2.474700 -0.150549 0.956459 -0.250041 0.000000 0.000000 0.000000 0.000000 1.000000
0.987593 0.134078 -0.081749 0.000000 -0.044665 -0.259246 -0.964778 2.474700 -0.150549 0.956459 -0.250041 0.000000 0.000000 0.000000 0.000000 1.000000
0.987593 0.134078 -0.081749 -0.000000 -0.044665 -0.259246 -0.964778 2.474700 -0.150549 0.956459 -0.250041 0.000000 0.000000 0.000000 0.000000 1.000000
0.987593 0.134078 -0.081749 -0.000000 -0.044665 -0.259246 -0.964778 2.474700 -0.150549 0.956459 -0.250041 0.000000 0.000000 0.000000 0.000000 1.000000
0.987593 0.134078 -0.081749 0.000000 -0.044665 -0.259246 -0.964778 2.474700 -0.150549 0.956459 -0.250041 0.000000 0.000000 0.000000 0.000000 1.000000
0.987593 0.134078 -0.081749 -0.000000 -0.044665 -0.259246 -0.964778 2.474700 -0.150549 0.956459 -0.250041 -0.000000 0.000000 0.000000 0.000000 1.000000
0.987593 0.134078 -0.081749 0.000000 -0.044665 -0.259246 -0.964778 2.474700 -0.150548 0.956459 -0.250041 0.000000 0.000000 0.000000 0.000000 1.000000
0.987593 0.134078 -0.081749 0.000000 -0.044665 -0.259246 -0.964778 2.474700 -0.150549 0.956459 -0.250041 0.000000 0.000000 0.000000 0.000000 1.000000
0.987593 0.134078 -0.081749 0.000000 -0.044665 -0.259246 -0.964778 2.474700 -0.150549 0.956459 -0.250041 -0.000000 0.000000 0.000000 0.000000 1.000000
0.987593 0.134078 -0.081749 0.000000 -0.044665 -0.259246 -0.964778 2.474700 -0.150549 0.956459 -0.250041 0.000000 0.000000 0.000000 0.000000 1.000000
0.987593 0.134078 -0.081749 0.000000 -0.044665 -0.259246 -0.964778 2.474700 -0.150548 0.956459 -0.250041 0.000000 0.000000 0.000000 0.000000 1.000000
0.987593 0.134078 -0.081749 -0.000000 -0.044665 -0.259246 -0.964778 2.474700 -0.150549 0.956459 -0.250041 0.000000 0.000000 0.000000 0.000000 1.000000
0.987593 0.134078 -0.081750 -0.000000 -0.044665 -0.259246 -0.964778 2.474700 -0.150549 0.956459 -0.250041 0.000000 0.000000 0.000000 0.000000 1.000000
0.987593 0.134078 -0.081749 0.000000 -0.044665 -0.259246 -0.964778 2.474700 -0.150548 0.956459 -0.250041 -0.000000 0.000000 0.000000 0.000000 1.000000
0.987593 0.134078 -0.081749 0.000000 -0.044665 -0.259246 -0.964778 2.474700 -0.150548 0.956459 -0.250041 0.000000 0.000000 0.000000 0.000000 1.000000
0.987593 0.134078 -0.081749 0.000000 -0.044665 -0.259246 -0.964778 2.474700 -0.150548 0.956459 -0.250041 0.000000 0.000000 0.000000 0.000000 1.000000
0.987593 0.134078 -0.081749 0.000000 -0.044665 -0.259246 -0.964778 2.474700 -0.150549 0.956459 -0.250041 0.000000 0.000000 0.000000 0.000000 1.000000
0.987593 0.134078 -0.081749 -0.000000 -0.044665 -0.259246 -0.964778 2.474700 -0.150549 0.956459 -0.250041 0.000000 0.000000 0.000000 0.000000 1.000000
0.987593 0.134078 -0.081749 -0.000000 -0.044665 -0.259246 -0.964778 2.474700 -0.150549 0.956460 -0.250041 0.000000 0.000000 0.000000 0.000000 1.000000
0.987593 0.134078 -0.081749 0.000000 -0.044665 -0.259246 -0.964778 2.474700 -0.150549 0.956459 -0.250041 0.000000 0.000000 0.000000 0.000000 1.000000
0.987593 0.134078 -0.081749 -0.000000 -0.044665 -0.259246 -0.964778 2.474700 -0.150549 0.956459 -0.250041 0.000000 0.000000 0.000000 0.000000 1.000000
0.987593 0.134078 -0.081749 0.000000 -0.044665 -0.259246 -0.964778 2.474700 -0.150549 0.956459 -0.250041 0.000000 0.000000 0.000000 0.000000 1.000000
0.987593 0.134078 -0.081749 0.000000 -0.044665 -0.259246 -0.964778 2.474700 -0.150549 0.956459 -0.250041 -0.000000 0.000000 0.000000 0.000000 1.000000
0.987593 0.134078 -0.081749 0.000000 -0.044665 -0.259246 -0.964778 2.474700 -0.150549 0.956459 -0.250041 0.000000 0.000000 0.000000 0.000000 1.000000
0.987593 0.134078 -0.081749 -0.000000 -0.044665 -0.259246 -0.964778 2.474700 -0.150549 0.956459 -0.250041 0.000000 0.000000 0.000000 0.000000 1.000000
0.987593 0.134078 -0.081749 0.000000 -0.044665 -0.259246 -0.964778 2.474700 -0.150549 0.956459 -0.250041 0.000000 0.000000 0.000000 0.000000 1.000000
0.987593 0.134078 -0.081749 0.000000 -0.044665 -0.259246 -0.964778 2.474700 -0.150549 0.956459 -0.250041 0.000000 0.000000 0.000000 0.000000 1.000000
0.987593 0.134078 -0.081749 0.000000 -0.044665 -0.259246 -0.964778 2.474700 -0.150549 0.956459 -0.250041 0.000000 0.000000 0.000000 0.000000 1.000000
0.987593 0.134078 -0.081749 -0.000000 -0.044665 -0.259246 -0.964778 2.474700 -0.150549 0.956459 -0.250041 0.000000 0.000000 0.000000 0.000000 1.000000
0.987593 0.134078 -0.081749 0.000000 -0.044665 -0.259246 -0.964778 2.474700 -0.150549 0.956459 -0.250041 0.000000 0.000000 0.000000 0.000000 1.000000
0.987593 0.134078 -0.081749 -0.000000 -0.044665 -0.259246 -0.964778 2.474700 -0.150549 0.956459 -0.250041 0.000000 0.000000 0.000000 0.000000 1.000000
0.987593 0.134078 -0.081749 0.000000 -0.044665 -0.259246 -0.964778 2.474700 -0.150549 0.956459 -0.250041 0.000000 0.000000 0.000000 0.000000 1.000000
0.987593 0.134078 -0.081749 0.000000 -0.044665 -0.259246 -0.964778 2.474700 -0.150549 0.956459 -0.250041 0.000000 0.000000 0.000000 0.000000 1.000000
0.987593 0.134078 -0.081749 0.000000 -0.044665 -0.259246 -0.964778 2.474700 -0.150549 0.956459 -0.250041 0.000000 0.000000 0.000000 0.000000 1.000000
0.987593 0.134078 -0.081749 -0.000000 -0.044665 -0.259246 -0.964778 2.474700 -0.150549 0.956459 -0.250041 -0.000000 0.000000 0.000000 0.000000 1.000000
0.987593 0.134078 -0.081749 0.000000 -0.044665 -0.259246 -0.964778 2.474700 -0.150549 0.956459 -0.250041 0.000000 0.000000 0.000000 0.000000 1.000000
0.987593 0.134078 -0.081749 0.000000 -0.044665 -0.259246 -0.964778 2.474700 -0.150549 0.956459 -0.250041 0.000000 0.000000 0.000000 0.000000 1.000000
0.987593 0.134078 -0.081749 0.000000 -0.044665 -0.259246 -0.964778 2.474700 -0.150549 0.956459 -0.250041 0.000000 0.000000 0.000000 0.000000 1.000000
0.987593 0.134078 -0.081749 0.000000 -0.044665 -0.259246 -0.964778 2.474700 -0.150548 0.956459 -0.250041 0.000000 0.000000 0.000000 0.000000 1.000000
0.987593 0.134078 -0.081749 -0.000000 -0.044665 -0.259246 -0.964778 2.474700 -0.150549 0.956459 -0.250041 -0.000000 0.000000 0.000000 0.000000 1.000000
0.987593 0.134078 -0.081749 -0.000000 -0.044665 -0.259246 -0.964778 2.474700 -0.150549 0.956459 -0.250041 0.000000 0.000000 0.000000 0.000000 1.000000
0.987593 0.134078 -0.081749 0.000000 -0.044665 -0.259246 -0.964778 2.474700 -0.150549 0.956459 -0.250041 0.000000 0.000000 0.000000 0.000000 1.000000
0.987593 0.134078 -0.081749 0.000000 -0.044665 -0.259246 -0.964778 2.474700 -0.150549 0.956459 -0.250041 0.000000 0.000000 0.000000 0.000000 1.000000
0.987593 0.134078 -0.081749 0.000000 -0.044665 -0.259246 -0.964778 2.474700 -0.150549 0.956459 -0.250041 0.000000 0.000000 0.000000 0.000000 1.000000
0.987593 0.134078 -0.081749 0.000000 -0.044665 -0.259246 -0.964778 2.474700 -0.150549 0.956459 -0.250041 0.000000 0.000000 0.000000 0.000000 1.000000
0.987593 0.134078 -0.081749 -0.000000 -0.044665 -0.259246 -0.964778 2.474700 -0.150549 0.956459 -0.250041 -0.000000 0.000000 0.000000 0.000000 1.000000
0.987593 0.134078 -0.081749 0.000000 -0.044665 -0.259246 -0.964778 2.474700 -0.150549 0.956459 -0.250041 0.000000 0.000000 0.000000 0.000000 1.000000
0.987593 0.134078 -0.081749 0.000000 -0.044665 -0.259246 -0.964778 2.474700 -0.150549 0.956459 -0.250041 -0.000000 0.000000 0.000000 0.000000 1.000000
0.987593 0.134078 -0.081749 0.000000 -0.044665 -0.259246 -0.964778 2.474700 -0.150549 0.956459 -0.250041 0.000000 0.000000 0.000000 0.000000 1.000000
0.987593 0.134078 -0.081749 0.000000 -0.044665 -0.259246 -0.964778 2.474700 -0.150549 0.956459 -0.250041 0.000000 0.000000 0.000000 0.000000 1.000000
0.987593 0.134078 -0.081749 0.000000 -0.044665 -0.259246 -0.964778 2.474700 -0.150549 0.956459 -0.250041 -0.000000 0.000000 0.000000 0.000000 1.000000
0.987593 0.134078 -0.081749 0.000000 -0.044665 -0.259246 -0.964778 2.474700 -0.150549 0.956459 -0.250041 0.000000 0.000000 0.000000 0.000000 1.000000
0.987593 0.134078 -0.081750 0.000000 -0.044665 -0.259246 -0.964778 2.474700 -0.150549 0.956459 -0.250041 0.000000 0.000000 0.000000 0.000000 1.000000
0.987593 0.134078 -0.081749 0.000000 -0.044665 -0.259246 -0.964778 2.474700 -0.150549 0.956459 -0.250041 0.000000 0.000000 0.000000 0.000000 1.000000
0.987593 0.134078 -0.081749 0.000000 -0.044665 -0.259246 -0.964778 2.474700 -0.150548 0.956459 -0.250041 0.000000 0.000000 0.000000 0.000000 1.000000</float_array>
        <technique_common>
          <accessor source="#mixamorig_LeftHandPinky2-Matrix-animation-output-transform-array" count="56" stride="16">
            <param type="float4x4"/>
          </accessor>
        </technique_common>
      </source>
      <source id="mixamorig_LeftHandPinky2-Interpolations">
        <Name_array id="mixamorig_LeftHandPinky2-Interpolations-array" count="56">
 LINEAR LINEAR LINEAR LINEAR LINEAR LINEAR LINEAR LINEAR LINEAR LINEAR LINEAR
LINEAR LINEAR LINEAR LINEAR LINEAR LINEAR LINEAR LINEAR LINEAR LINEAR LINEAR LINEAR
LINEAR LINEAR LINEAR LINEAR LINEAR LINEAR LINEAR LINEAR LINEAR LINEAR LINEAR LINEAR
LINEAR LINEAR LINEAR LINEAR LINEAR LINEAR LINEAR LINEAR LINEAR LINEAR LINEAR LINEAR
LINEAR LINEAR LINEAR LINEAR LINEAR LINEAR LINEAR LINEAR LINEAR</Name_array>
        <technique_common>
          <accessor source="#mixamorig_LeftHandPinky2-Interpolations-array" count="56">
            <param type="name"/>
          </accessor>
        </technique_common>
      </source>
      <sampler id="mixamorig_LeftHandPinky2-Matrix-animation-transform">
        <input semantic="INPUT" source="#mixamorig_LeftHandPinky2-Matrix-animation-input"/>
        <input semantic="OUTPUT" source="#mixamorig_LeftHandPinky2-Matrix-animation-output-transform"/>
        <input semantic="INTERPOLATION" source="#mixamorig_LeftHandPinky2-Interpolations"/>
      </sampler>
      <channel source="#mixamorig_LeftHandPinky2-Matrix-animation-transform" target="mixamorig_LeftHandPinky2/matrix"/>
    </animation>
    <animation id="mixamorig_LeftHandPinky3-anim" name="mixamorig_LeftHandPinky3">
      <source id="mixamorig_LeftHandPinky3-Matrix-animation-input">
        <float_array id="mixamorig_LeftHandPinky3-Matrix-animation-input-array" count="56">

0.000000 0.033333 0.066667 0.100000 0.133333 0.166667 0.200000 0.233333 0.266667 0.300000 0.333333 0.366667 0.400000 0.433333 0.466667 0.500000
0.533333 0.566667 0.600000 0.633333 0.666667 0.700000 0.733333 0.766667 0.800000 0.833333 0.866667 0.900000 0.933333 0.966667 1.000000 1.033333
1.066667 1.100000 1.133333 1.166667 1.200000 1.233333 1.266667 1.300000 1.333333 1.366667 1.400000 1.433333 1.466667 1.500000 1.533333 1.566667
1.600000 1.633333 1.666667 1.700000 1.733333 1.766667 1.800000 1.833333</float_array>
        <technique_common>
          <accessor source="#mixamorig_LeftHandPinky3-Matrix-animation-input-array" count="56">
            <param name="TIME" type="float"/>
          </accessor>
        </technique_common>
      </source>
      <source id="mixamorig_LeftHandPinky3-Matrix-animation-output-transform">
        <float_array id="mixamorig_LeftHandPinky3-Matrix-animation-output-transform-array" count="896">

0.993795 0.098630 -0.051410 0.000000 -0.098630 0.567830 -0.817216 2.073800 -0.051410 0.817216 0.574034 0.000000 0.000000 0.000000 0.000000 1.000000
0.993795 0.098630 -0.051410 0.000000 -0.098630 0.567829 -0.817216 2.073800 -0.051410 0.817216 0.574034 -0.000000 0.000000 0.000000 0.000000 1.000000
0.993795 0.098630 -0.051410 -0.000000 -0.098630 0.567829 -0.817216 2.073800 -0.051410 0.817216 0.574034 0.000000 0.000000 0.000000 0.000000 1.000000
0.993795 0.098631 -0.051410 0.000000 -0.098630 0.567829 -0.817216 2.073800 -0.051410 0.817216 0.574034 -0.000000 0.000000 0.000000 0.000000 1.000000
0.993795 0.098630 -0.051410 0.000000 -0.098630 0.567829 -0.817216 2.073800 -0.051410 0.817216 0.574034 0.000000 0.000000 0.000000 0.000000 1.000000
0.993795 0.098630 -0.051410 0.000000 -0.098630 0.567829 -0.817216 2.073800 -0.051410 0.817216 0.574034 -0.000000 0.000000 0.000000 0.000000 1.000000
0.993795 0.098630 -0.051410 -0.000000 -0.098630 0.567829 -0.817216 2.073800 -0.051410 0.817216 0.574034 -0.000000 0.000000 0.000000 0.000000 1.000000
0.993795 0.098630 -0.051410 0.000000 -0.098630 0.567829 -0.817216 2.073800 -0.051410 0.817216 0.574034 0.000000 0.000000 0.000000 0.000000 1.000000
0.993795 0.098631 -0.051410 0.000000 -0.098631 0.567829 -0.817216 2.073800 -0.051410 0.817216 0.574034 0.000000 0.000000 0.000000 0.000000 1.000000
0.993795 0.098631 -0.051410 -0.000000 -0.098631 0.567829 -0.817216 2.073800 -0.051410 0.817216 0.574034 -0.000000 0.000000 0.000000 0.000000 1.000000
0.993795 0.098630 -0.051410 0.000000 -0.098630 0.567829 -0.817216 2.073800 -0.051410 0.817216 0.574034 0.000000 0.000000 0.000000 0.000000 1.000000
0.993795 0.098630 -0.051410 0.000000 -0.098630 0.567829 -0.817216 2.073800 -0.051410 0.817216 0.574034 0.000000 0.000000 0.000000 0.000000 1.000000
0.993795 0.098630 -0.051410 0.000000 -0.098630 0.567829 -0.817216 2.073800 -0.051410 0.817216 0.574034 0.000000 0.000000 0.000000 0.000000 1.000000
0.993795 0.098630 -0.051410 0.000000 -0.098630 0.567829 -0.817216 2.073800 -0.051410 0.817216 0.574034 0.000000 0.000000 0.000000 0.000000 1.000000
0.993795 0.098630 -0.051410 0.000000 -0.098630 0.567829 -0.817216 2.073800 -0.051410 0.817216 0.574034 0.000000 0.000000 0.000000 0.000000 1.000000
0.993795 0.098630 -0.051410 0.000000 -0.098630 0.567829 -0.817216 2.073800 -0.051410 0.817216 0.574034 0.000000 0.000000 0.000000 0.000000 1.000000
0.993795 0.098630 -0.051410 0.000000 -0.098630 0.567829 -0.817216 2.073800 -0.051410 0.817216 0.574034 0.000000 0.000000 0.000000 0.000000 1.000000
0.993795 0.098630 -0.051410 0.000000 -0.098630 0.567829 -0.817216 2.073800 -0.051410 0.817216 0.574034 -0.000000 0.000000 0.000000 0.000000 1.000000
0.993795 0.098630 -0.051410 0.000000 -0.098630 0.567829 -0.817216 2.073800 -0.051410 0.817216 0.574034 0.000000 0.000000 0.000000 0.000000 1.000000
0.993795 0.098630 -0.051410 -0.000000 -0.098630 0.567829 -0.817216 2.073800 -0.051410 0.817216 0.574034 -0.000000 0.000000 0.000000 0.000000 1.000000
0.993795 0.098630 -0.051410 0.000000 -0.098630 0.567829 -0.817216 2.073800 -0.051410 0.817216 0.574034 0.000000 0.000000 0.000000 0.000000 1.000000
0.993795 0.098631 -0.051410 0.000000 -0.098630 0.567829 -0.817216 2.073800 -0.051410 0.817216 0.574034 0.000000 0.000000 0.000000 0.000000 1.000000
0.993795 0.098630 -0.051410 0.000000 -0.098630 0.567829 -0.817216 2.073800 -0.051410 0.817216 0.574034 0.000000 0.000000 0.000000 0.000000 1.000000
0.993795 0.098630 -0.051410 -0.000000 -0.098630 0.567829 -0.817216 2.073800 -0.051410 0.817216 0.574034 0.000000 0.000000 0.000000 0.000000 1.000000
0.993795 0.098630 -0.051410 0.000000 -0.098630 0.567829 -0.817216 2.073800 -0.051410 0.817216 0.574034 0.000000 0.000000 0.000000 0.000000 1.000000
0.993795 0.098630 -0.051410 0.000000 -0.098631 0.567829 -0.817216 2.073800 -0.051410 0.817216 0.574034 0.000000 0.000000 0.000000 0.000000 1.000000
0.993795 0.098630 -0.051410 0.000000 -0.098630 0.567829 -0.817216 2.073800 -0.051410 0.817216 0.574034 -0.000000 0.000000 0.000000 0.000000 1.000000
0.993795 0.098630 -0.051410 0.000000 -0.098630 0.567829 -0.817216 2.073800 -0.051410 0.817216 0.574034 0.000000 0.000000 0.000000 0.000000 1.000000
0.993795 0.098630 -0.051410 0.000000 -0.098630 0.567829 -0.817216 2.073800 -0.051410 0.817216 0.574034 0.000000 0.000000 0.000000 0.000000 1.000000
0.993795 0.098630 -0.051410 0.000000 -0.098630 0.567829 -0.817216 2.073800 -0.051410 0.817216 0.574034 0.000000 0.000000 0.000000 0.000000 1.000000
0.993795 0.098631 -0.051410 0.000000 -0.098631 0.567829 -0.817216 2.073800 -0.051410 0.817216 0.574034 0.000000 0.000000 0.000000 0.000000 1.000000
0.993795 0.098631 -0.051410 0.000000 -0.098630 0.567829 -0.817216 2.073800 -0.051410 0.817216 0.574034 0.000000 0.000000 0.000000 0.000000 1.000000
0.993795 0.098630 -0.051410 0.000000 -0.098630 0.567829 -0.817216 2.073800 -0.051410 0.817216 0.574034 -0.000000 0.000000 0.000000 0.000000 1.000000
0.993795 0.098631 -0.051410 -0.000000 -0.098630 0.567829 -0.817216 2.073800 -0.051410 0.817216 0.574034 0.000000 0.000000 0.000000 0.000000 1.000000
0.993795 0.098631 -0.051410 0.000000 -0.098630 0.567829 -0.817216 2.073800 -0.051410 0.817216 0.574034 0.000000 0.000000 0.000000 0.000000 1.000000
0.993795 0.098630 -0.051410 0.000000 -0.098630 0.567829 -0.817216 2.073800 -0.051410 0.817216 0.574034 0.000000 0.000000 0.000000 0.000000 1.000000
0.993795 0.098630 -0.051410 0.000000 -0.098630 0.567829 -0.817216 2.073800 -0.051410 0.817216 0.574034 -0.000000 0.000000 0.000000 0.000000 1.000000
0.993795 0.098631 -0.051410 0.000000 -0.098631 0.567829 -0.817216 2.073800 -0.051410 0.817216 0.574034 0.000000 0.000000 0.000000 0.000000 1.000000
0.993795 0.098630 -0.051410 0.000000 -0.098630 0.567829 -0.817216 2.073800 -0.051410 0.817216 0.574034 0.000000 0.000000 0.000000 0.000000 1.000000
0.993795 0.098630 -0.051410 0.000000 -0.098630 0.567829 -0.817216 2.073800 -0.051410 0.817216 0.574034 0.000000 0.000000 0.000000 0.000000 1.000000
0.993795 0.098631 -0.051410 0.000000 -0.098631 0.567829 -0.817216 2.073800 -0.051410 0.817216 0.574034 -0.000000 0.000000 0.000000 0.000000 1.000000
0.993795 0.098630 -0.051410 0.000000 -0.098630 0.567829 -0.817216 2.073800 -0.051410 0.817216 0.574034 0.000000 0.000000 0.000000 0.000000 1.000000
0.993795 0.098630 -0.051410 0.000000 -0.098630 0.567829 -0.817216 2.073800 -0.051410 0.817216 0.574034 0.000000 0.000000 0.000000 0.000000 1.000000
0.993795 0.098630 -0.051410 0.000000 -0.098630 0.567829 -0.817216 2.073800 -0.051410 0.817216 0.574034 -0.000000 0.000000 0.000000 0.000000 1.000000
0.993795 0.098630 -0.051410 0.000000 -0.098630 0.567829 -0.817216 2.073800 -0.051410 0.817216 0.574034 0.000000 0.000000 0.000000 0.000000 1.000000
0.993795 0.098630 -0.051410 -0.000000 -0.098630 0.567829 -0.817216 2.073800 -0.051410 0.817216 0.574034 -0.000000 0.000000 0.000000 0.000000 1.000000
0.993795 0.098630 -0.051410 -0.000000 -0.098630 0.567829 -0.817216 2.073800 -0.051410 0.817216 0.574034 0.000000 0.000000 0.000000 0.000000 1.000000
0.993795 0.098630 -0.051410 0.000000 -0.098630 0.567829 -0.817216 2.073800 -0.051410 0.817216 0.574034 0.000000 0.000000 0.000000 0.000000 1.000000
0.993795 0.098630 -0.051410 0.000000 -0.098630 0.567829 -0.817216 2.073800 -0.051410 0.817216 0.574034 0.000000 0.000000 0.000000 0.000000 1.000000
0.993795 0.098630 -0.051410 0.000000 -0.098630 0.567829 -0.817216 2.073800 -0.051410 0.817216 0.574034 0.000000 0.000000 0.000000 0.000000 1.000000
0.993795 0.098630 -0.051410 0.000000 -0.098631 0.567829 -0.817216 2.073800 -0.051410 0.817216 0.574034 -0.000000 0.000000 0.000000 0.000000 1.000000
0.993795 0.098631 -0.051410 -0.000000 -0.098630 0.567829 -0.817216 2.073800 -0.051410 0.817216 0.574034 0.000000 0.000000 0.000000 0.000000 1.000000
0.993795 0.098630 -0.051410 0.000000 -0.098630 0.567829 -0.817216 2.073800 -0.051410 0.817216 0.574034 0.000000 0.000000 0.000000 0.000000 1.000000
0.993795 0.098630 -0.051410 0.000000 -0.098630 0.567829 -0.817216 2.073800 -0.051410 0.817216 0.574034 0.000000 0.000000 0.000000 0.000000 1.000000
0.993795 0.098630 -0.051410 -0.000000 -0.098630 0.567829 -0.817216 2.073800 -0.051410 0.817216 0.574034 0.000000 0.000000 0.000000 0.000000 1.000000
0.993795 0.098630 -0.051410 0.000000 -0.098630 0.567830 -0.817216 2.073800 -0.051410 0.817216 0.574034 -0.000000 0.000000 0.000000 0.000000 1.000000</float_array>
        <technique_common>
          <accessor source="#mixamorig_LeftHandPinky3-Matrix-animation-output-transform-array" count="56" stride="16">
            <param type="float4x4"/>
          </accessor>
        </technique_common>
      </source>
      <source id="mixamorig_LeftHandPinky3-Interpolations">
        <Name_array id="mixamorig_LeftHandPinky3-Interpolations-array" count="56">
 LINEAR LINEAR LINEAR LINEAR LINEAR LINEAR LINEAR LINEAR LINEAR LINEAR LINEAR
LINEAR LINEAR LINEAR LINEAR LINEAR LINEAR LINEAR LINEAR LINEAR LINEAR LINEAR LINEAR
LINEAR LINEAR LINEAR LINEAR LINEAR LINEAR LINEAR LINEAR LINEAR LINEAR LINEAR LINEAR
LINEAR LINEAR LINEAR LINEAR LINEAR LINEAR LINEAR LINEAR LINEAR LINEAR LINEAR LINEAR
LINEAR LINEAR LINEAR LINEAR LINEAR LINEAR LINEAR LINEAR LINEAR</Name_array>
        <technique_common>
          <accessor source="#mixamorig_LeftHandPinky3-Interpolations-array" count="56">
            <param type="name"/>
          </accessor>
        </technique_common>
      </source>
      <sampler id="mixamorig_LeftHandPinky3-Matrix-animation-transform">
        <input semantic="INPUT" source="#mixamorig_LeftHandPinky3-Matrix-animation-input"/>
        <input semantic="OUTPUT" source="#mixamorig_LeftHandPinky3-Matrix-animation-output-transform"/>
        <input semantic="INTERPOLATION" source="#mixamorig_LeftHandPinky3-Interpolations"/>
      </sampler>
      <channel source="#mixamorig_LeftHandPinky3-Matrix-animation-transform" target="mixamorig_LeftHandPinky3/matrix"/>
    </animation>
    <animation id="mixamorig_RightShoulder-anim" name="mixamorig_RightShoulder">
      <source id="mixamorig_RightShoulder-Matrix-animation-input">
        <float_array id="mixamorig_RightShoulder-Matrix-animation-input-array" count="56">

0.000000 0.033333 0.066667 0.100000 0.133333 0.166667 0.200000 0.233333 0.266667 0.300000 0.333333 0.366667 0.400000 0.433333 0.466667 0.500000
0.533333 0.566667 0.600000 0.633333 0.666667 0.700000 0.733333 0.766667 0.800000 0.833333 0.866667 0.900000 0.933333 0.966667 1.000000 1.033333
1.066667 1.100000 1.133333 1.166667 1.200000 1.233333 1.266667 1.300000 1.333333 1.366667 1.400000 1.433333 1.466667 1.500000 1.533333 1.566667
1.600000 1.633333 1.666667 1.700000 1.733333 1.766667 1.800000 1.833333</float_array>
        <technique_common>
          <accessor source="#mixamorig_RightShoulder-Matrix-animation-input-array" count="56">
            <param name="TIME" type="float"/>
          </accessor>
        </technique_common>
      </source>
      <source id="mixamorig_RightShoulder-Matrix-animation-output-transform">
        <float_array id="mixamorig_RightShoulder-Matrix-animation-output-transform-array" count="896">

0.087498 -0.946176 0.311600 -11.278600 -0.009183 -0.313552 -0.949527 19.886000 0.996122 0.080221 -0.036124 -3.966000 0.000000 0.000000 0.000000 1.000000
0.087498 -0.946176 0.311600 -11.278600 -0.009183 -0.313552 -0.949527 19.886000 0.996122 0.080221 -0.036124 -3.966000 0.000000 0.000000 0.000000 1.000000
0.087498 -0.946176 0.311600 -11.278600 -0.009183 -0.313553 -0.949526 19.886000 0.996122 0.080221 -0.036124 -3.966000 0.000000 0.000000 0.000000 1.000000
0.087498 -0.946176 0.311601 -11.278600 -0.009183 -0.313553 -0.949526 19.886000 0.996122 0.080220 -0.036124 -3.966000 0.000000 0.000000 0.000000 1.000000
0.087498 -0.946176 0.311601 -11.278600 -0.009183 -0.313554 -0.949526 19.886000 0.996122 0.080220 -0.036124 -3.966000 0.000000 0.000000 0.000000 1.000000
0.087498 -0.946176 0.311600 -11.278600 -0.009183 -0.313552 -0.949527 19.886000 0.996122 0.080221 -0.036124 -3.966000 0.000000 0.000000 0.000000 1.000000
0.087498 -0.946176 0.311600 -11.278600 -0.009183 -0.313553 -0.949526 19.886000 0.996122 0.080221 -0.036124 -3.966000 0.000000 0.000000 0.000000 1.000000
0.087498 -0.946176 0.311600 -11.278600 -0.009183 -0.313553 -0.949526 19.886000 0.996122 0.080220 -0.036124 -3.966000 0.000000 0.000000 0.000000 1.000000
0.087498 -0.946176 0.311601 -11.278600 -0.009183 -0.313554 -0.949526 19.886000 0.996122 0.080220 -0.036124 -3.966000 0.000000 0.000000 0.000000 1.000000
0.087498 -0.946176 0.311600 -11.278600 -0.009183 -0.313553 -0.949526 19.886000 0.996122 0.080220 -0.036124 -3.966000 0.000000 0.000000 0.000000 1.000000
0.087498 -0.946176 0.311601 -11.278600 -0.009183 -0.313553 -0.949526 19.886000 0.996122 0.080220 -0.036124 -3.966000 0.000000 0.000000 0.000000 1.000000
0.087498 -0.946176 0.311600 -11.278600 -0.009183 -0.313553 -0.949526 19.886000 0.996122 0.080221 -0.036124 -3.966000 0.000000 0.000000 0.000000 1.000000
0.087498 -0.946176 0.311600 -11.278600 -0.009183 -0.313552 -0.949527 19.886000 0.996122 0.080221 -0.036124 -3.966000 0.000000 0.000000 0.000000 1.000000
0.087498 -0.946176 0.311600 -11.278600 -0.009183 -0.313552 -0.949526 19.886000 0.996122 0.080221 -0.036124 -3.966000 0.000000 0.000000 0.000000 1.000000
0.087498 -0.946176 0.311600 -11.278600 -0.009183 -0.313552 -0.949526 19.886000 0.996122 0.080221 -0.036124 -3.966000 0.000000 0.000000 0.000000 1.000000
0.087498 -0.946176 0.311601 -11.278600 -0.009183 -0.313553 -0.949526 19.886000 0.996122 0.080221 -0.036124 -3.966000 0.000000 0.000000 0.000000 1.000000
0.087498 -0.946176 0.311599 -11.278600 -0.009183 -0.313552 -0.949527 19.886000 0.996122 0.080221 -0.036124 -3.966000 0.000000 0.000000 0.000000 1.000000
0.087498 -0.946176 0.311601 -11.278600 -0.009183 -0.313553 -0.949526 19.886000 0.996122 0.080221 -0.036124 -3.966000 0.000000 0.000000 0.000000 1.000000
0.087498 -0.946176 0.311601 -11.278600 -0.009183 -0.313554 -0.949526 19.886000 0.996122 0.080221 -0.036124 -3.966000 0.000000 0.000000 0.000000 1.000000
0.087498 -0.946175 0.311602 -11.278600 -0.009183 -0.313555 -0.949526 19.886000 0.996122 0.080220 -0.036124 -3.966000 0.000000 0.000000 0.000000 1.000000
0.087498 -0.946176 0.311601 -11.278600 -0.009183 -0.313554 -0.949526 19.886000 0.996122 0.080220 -0.036124 -3.966000 0.000000 0.000000 0.000000 1.000000
0.087498 -0.946176 0.311600 -11.278600 -0.009183 -0.313553 -0.949526 19.886000 0.996122 0.080220 -0.036124 -3.966000 0.000000 0.000000 0.000000 1.000000
0.087498 -0.946176 0.311601 -11.278600 -0.009183 -0.313553 -0.949526 19.886000 0.996122 0.080220 -0.036124 -3.966000 0.000000 0.000000 0.000000 1.000000
0.087498 -0.946176 0.311600 -11.278600 -0.009183 -0.313553 -0.949526 19.886000 0.996122 0.080220 -0.036124 -3.966000 0.000000 0.000000 0.000000 1.000000
0.087498 -0.946176 0.311600 -11.278600 -0.009183 -0.313552 -0.949526 19.886000 0.996122 0.080220 -0.036124 -3.966000 0.000000 0.000000 0.000000 1.000000
0.087498 -0.946176 0.311599 -11.278600 -0.009183 -0.313552 -0.949527 19.886000 0.996122 0.080221 -0.036124 -3.966000 0.000000 0.000000 0.000000 1.000000
0.087498 -0.946176 0.311599 -11.278600 -0.009183 -0.313552 -0.949527 19.886000 0.996122 0.080221 -0.036124 -3.966000 0.000000 0.000000 0.000000 1.000000
0.087498 -0.946176 0.311600 -11.278600 -0.009183 -0.313553 -0.949526 19.886000 0.996122 0.080221 -0.036124 -3.966000 0.000000 0.000000 0.000000 1.000000
0.087498 -0.946176 0.311601 -11.278600 -0.009183 -0.313553 -0.949526 19.886000 0.996122 0.080221 -0.036124 -3.966000 0.000000 0.000000 0.000000 1.000000
0.087498 -0.946176 0.311600 -11.278600 -0.009183 -0.313552 -0.949526 19.886000 0.996122 0.080221 -0.036124 -3.966000 0.000000 0.000000 0.000000 1.000000
0.087498 -0.946176 0.311600 -11.278600 -0.009183 -0.313553 -0.949526 19.886000 0.996122 0.080221 -0.036124 -3.966000 0.000000 0.000000 0.000000 1.000000
0.087498 -0.946175 0.311602 -11.278600 -0.009183 -0.313555 -0.949526 19.886000 0.996122 0.080220 -0.036124 -3.966000 0.000000 0.000000 0.000000 1.000000
0.087498 -0.946176 0.311601 -11.278600 -0.009183 -0.313554 -0.949526 19.886000 0.996122 0.080220 -0.036124 -3.966000 0.000000 0.000000 0.000000 1.000000
0.087498 -0.946176 0.311599 -11.278600 -0.009183 -0.313552 -0.949527 19.886000 0.996122 0.080220 -0.036124 -3.966000 0.000000 0.000000 0.000000 1.000000
0.087498 -0.946176 0.311602 -11.278600 -0.009183 -0.313555 -0.949526 19.886000 0.996122 0.080220 -0.036124 -3.966000 0.000000 0.000000 0.000000 1.000000
0.087498 -0.946176 0.311601 -11.278600 -0.009183 -0.313553 -0.949526 19.886000 0.996122 0.080220 -0.036124 -3.966000 0.000000 0.000000 0.000000 1.000000
0.087498 -0.946176 0.311600 -11.278600 -0.009183 -0.313552 -0.949527 19.886000 0.996122 0.080220 -0.036124 -3.966000 0.000000 0.000000 0.000000 1.000000
0.087498 -0.946176 0.311600 -11.278600 -0.009183 -0.313552 -0.949527 19.886000 0.996122 0.080220 -0.036124 -3.966000 0.000000 0.000000 0.000000 1.000000
0.087498 -0.946177 0.311599 -11.278600 -0.009183 -0.313551 -0.949527 19.886000 0.996122 0.080221 -0.036124 -3.966000 0.000000 0.000000 0.000000 1.000000
0.087498 -0.946177 0.311599 -11.278600 -0.009183 -0.313552 -0.949527 19.886000 0.996122 0.080221 -0.036124 -3.966000 0.000000 0.000000 0.000000 1.000000
0.087498 -0.946176 0.311600 -11.278600 -0.009183 -0.313552 -0.949527 19.886000 0.996122 0.080220 -0.036124 -3.966000 0.000000 0.000000 0.000000 1.000000
0.087498 -0.946176 0.311600 -11.278600 -0.009183 -0.313552 -0.949527 19.886000 0.996122 0.080221 -0.036124 -3.966000 0.000000 0.000000 0.000000 1.000000
0.087498 -0.946176 0.311600 -11.278600 -0.009183 -0.313552 -0.949526 19.886000 0.996122 0.080221 -0.036124 -3.966000 0.000000 0.000000 0.000000 1.000000
0.087498 -0.946176 0.311600 -11.278600 -0.009183 -0.313553 -0.949526 19.886000 0.996122 0.080221 -0.036124 -3.966000 0.000000 0.000000 0.000000 1.000000
0.087498 -0.946176 0.311601 -11.278600 -0.009183 -0.313554 -0.949526 19.886000 0.996122 0.080220 -0.036124 -3.966000 0.000000 0.000000 0.000000 1.000000
0.087498 -0.946176 0.311601 -11.278600 -0.009183 -0.313554 -0.949526 19.886000 0.996122 0.080220 -0.036124 -3.966000 0.000000 0.000000 0.000000 1.000000
0.087498 -0.946176 0.311602 -11.278600 -0.009183 -0.313555 -0.949526 19.886000 0.996122 0.080220 -0.036124 -3.966000 0.000000 0.000000 0.000000 1.000000
0.087498 -0.946175 0.311602 -11.278600 -0.009183 -0.313555 -0.949526 19.886000 0.996122 0.080220 -0.036124 -3.966000 0.000000 0.000000 0.000000 1.000000
0.087498 -0.946176 0.311600 -11.278600 -0.009183 -0.313552 -0.949526 19.886000 0.996122 0.080221 -0.036124 -3.966000 0.000000 0.000000 0.000000 1.000000
0.087498 -0.946176 0.311600 -11.278600 -0.009183 -0.313553 -0.949526 19.886000 0.996122 0.080220 -0.036124 -3.966000 0.000000 0.000000 0.000000 1.000000
0.087498 -0.946176 0.311600 -11.278600 -0.009183 -0.313552 -0.949527 19.886000 0.996122 0.080221 -0.036124 -3.966000 0.000000 0.000000 0.000000 1.000000
0.087498 -0.946176 0.311600 -11.278600 -0.009183 -0.313552 -0.949527 19.886000 0.996122 0.080220 -0.036124 -3.966000 0.000000 0.000000 0.000000 1.000000
0.087498 -0.946176 0.311600 -11.278600 -0.009183 -0.313553 -0.949526 19.886000 0.996122 0.080220 -0.036124 -3.966000 0.000000 0.000000 0.000000 1.000000
0.087498 -0.946177 0.311599 -11.278600 -0.009183 -0.313552 -0.949527 19.886000 0.996122 0.080221 -0.036124 -3.966000 0.000000 0.000000 0.000000 1.000000
0.087498 -0.946176 0.311600 -11.278600 -0.009183 -0.313552 -0.949527 19.886000 0.996122 0.080221 -0.036124 -3.966000 0.000000 0.000000 0.000000 1.000000
0.087498 -0.946176 0.311600 -11.278600 -0.009183 -0.313553 -0.949526 19.886000 0.996122 0.080221 -0.036124 -3.966000 0.000000 0.000000 0.000000 1.000000</float_array>
        <technique_common>
          <accessor source="#mixamorig_RightShoulder-Matrix-animation-output-transform-array" count="56" stride="16">
            <param type="float4x4"/>
          </accessor>
        </technique_common>
      </source>
      <source id="mixamorig_RightShoulder-Interpolations">
        <Name_array id="mixamorig_RightShoulder-Interpolations-array" count="56">
 LINEAR LINEAR LINEAR LINEAR LINEAR LINEAR LINEAR LINEAR LINEAR LINEAR LINEAR
LINEAR LINEAR LINEAR LINEAR LINEAR LINEAR LINEAR LINEAR LINEAR LINEAR LINEAR LINEAR
LINEAR LINEAR LINEAR LINEAR LINEAR LINEAR LINEAR LINEAR LINEAR LINEAR LINEAR LINEAR
LINEAR LINEAR LINEAR LINEAR LINEAR LINEAR LINEAR LINEAR LINEAR LINEAR LINEAR LINEAR
LINEAR LINEAR LINEAR LINEAR LINEAR LINEAR LINEAR LINEAR LINEAR</Name_array>
        <technique_common>
          <accessor source="#mixamorig_RightShoulder-Interpolations-array" count="56">
            <param type="name"/>
          </accessor>
        </technique_common>
      </source>
      <sampler id="mixamorig_RightShoulder-Matrix-animation-transform">
        <input semantic="INPUT" source="#mixamorig_RightShoulder-Matrix-animation-input"/>
        <input semantic="OUTPUT" source="#mixamorig_RightShoulder-Matrix-animation-output-transform"/>
        <input semantic="INTERPOLATION" source="#mixamorig_RightShoulder-Interpolations"/>
      </sampler>
      <channel source="#mixamorig_RightShoulder-Matrix-animation-transform" target="mixamorig_RightShoulder/matrix"/>
    </animation>
    <animation id="mixamorig_RightArm-anim" name="mixamorig_RightArm">
      <source id="mixamorig_RightArm-Matrix-animation-input">
        <float_array id="mixamorig_RightArm-Matrix-animation-input-array" count="56">

0.000000 0.033333 0.066667 0.100000 0.133333 0.166667 0.200000 0.233333 0.266667 0.300000 0.333333 0.366667 0.400000 0.433333 0.466667 0.500000
0.533333 0.566667 0.600000 0.633333 0.666667 0.700000 0.733333 0.766667 0.800000 0.833333 0.866667 0.900000 0.933333 0.966667 1.000000 1.033333
1.066667 1.100000 1.133333 1.166667 1.200000 1.233333 1.266667 1.300000 1.333333 1.366667 1.400000 1.433333 1.466667 1.500000 1.533333 1.566667
1.600000 1.633333 1.666667 1.700000 1.733333 1.766667 1.800000 1.833333</float_array>
        <technique_common>
          <accessor source="#mixamorig_RightArm-Matrix-animation-input-array" count="56">
            <param name="TIME" type="float"/>
          </accessor>
        </technique_common>
      </source>
      <source id="mixamorig_RightArm-Matrix-animation-output-transform">
        <float_array id="mixamorig_RightArm-Matrix-animation-output-transform-array" count="896">

0.921282 0.357528 -0.153015 0.000000 -0.384821 0.894905 -0.225959 12.686800 0.056147 0.267055 0.962044 0.000000 0.000000 0.000000 0.000000 1.000000
0.921282 0.357528 -0.153014 0.000000 -0.384821 0.894905 -0.225959 12.686800 0.056147 0.267055 0.962044 0.000000 0.000000 0.000000 0.000000 1.000000
0.921282 0.357528 -0.153015 -0.000000 -0.384821 0.894905 -0.225959 12.686800 0.056147 0.267055 0.962044 -0.000000 0.000000 0.000000 0.000000 1.000000
0.921282 0.357528 -0.153015 0.000000 -0.384821 0.894905 -0.225959 12.686800 0.056147 0.267055 0.962044 -0.000000 0.000000 0.000000 0.000000 1.000000
0.921282 0.357528 -0.153015 0.000000 -0.384821 0.894905 -0.225959 12.686800 0.056147 0.267055 0.962044 -0.000000 0.000000 0.000000 0.000000 1.000000
0.921282 0.357528 -0.153015 0.000000 -0.384821 0.894905 -0.225959 12.686800 0.056147 0.267055 0.962044 0.000000 0.000000 0.000000 0.000000 1.000000
0.921282 0.357528 -0.153014 -0.000000 -0.384821 0.894905 -0.225959 12.686800 0.056147 0.267055 0.962044 -0.000000 0.000000 0.000000 0.000000 1.000000
0.921282 0.357528 -0.153015 0.000000 -0.384821 0.894905 -0.225958 12.686800 0.056147 0.267055 0.962044 0.000000 0.000000 0.000000 0.000000 1.000000
0.921282 0.357528 -0.153014 -0.000000 -0.384821 0.894905 -0.225959 12.686800 0.056147 0.267055 0.962044 0.000000 0.000000 0.000000 0.000000 1.000000
0.921282 0.357528 -0.153015 0.000000 -0.384821 0.894905 -0.225959 12.686800 0.056147 0.267055 0.962044 -0.000000 0.000000 0.000000 0.000000 1.000000
0.921282 0.357528 -0.153015 0.000000 -0.384821 0.894905 -0.225958 12.686800 0.056147 0.267055 0.962044 0.000000 0.000000 0.000000 0.000000 1.000000
0.921282 0.357528 -0.153014 0.000000 -0.384821 0.894905 -0.225959 12.686800 0.056147 0.267055 0.962044 0.000000 0.000000 0.000000 0.000000 1.000000
0.921282 0.357528 -0.153015 0.000000 -0.384821 0.894905 -0.225959 12.686800 0.056147 0.267055 0.962044 0.000000 0.000000 0.000000 0.000000 1.000000
0.921282 0.357528 -0.153015 0.000000 -0.384821 0.894905 -0.225958 12.686800 0.056147 0.267055 0.962044 0.000000 0.000000 0.000000 0.000000 1.000000
0.921282 0.357528 -0.153015 0.000000 -0.384821 0.894905 -0.225959 12.686800 0.056147 0.267055 0.962044 0.000000 0.000000 0.000000 0.000000 1.000000
0.921282 0.357528 -0.153015 0.000000 -0.384821 0.894905 -0.225959 12.686800 0.056147 0.267055 0.962044 0.000000 0.000000 0.000000 0.000000 1.000000
0.921282 0.357528 -0.153014 0.000000 -0.384821 0.894905 -0.225959 12.686800 0.056147 0.267055 0.962044 0.000000 0.000000 0.000000 0.000000 1.000000
0.921282 0.357528 -0.153015 0.000000 -0.384821 0.894905 -0.225959 12.686800 0.056147 0.267055 0.962044 0.000000 0.000000 0.000000 0.000000 1.000000
0.921282 0.357528 -0.153015 0.000000 -0.384821 0.894905 -0.225959 12.686800 0.056147 0.267055 0.962044 0.000000 0.000000 0.000000 0.000000 1.000000
0.921282 0.357528 -0.153015 0.000000 -0.384821 0.894905 -0.225959 12.686800 0.056147 0.267055 0.962044 0.000000 0.000000 0.000000 0.000000 1.000000
0.921282 0.357528 -0.153015 0.000000 -0.384821 0.894905 -0.225959 12.686800 0.056147 0.267055 0.962044 0.000000 0.000000 0.000000 0.000000 1.000000
0.921282 0.357528 -0.153015 0.000000 -0.384821 0.894905 -0.225959 12.686800 0.056147 0.267055 0.962044 -0.000000 0.000000 0.000000 0.000000 1.000000
0.921282 0.357528 -0.153015 -0.000000 -0.384821 0.894905 -0.225958 12.686800 0.056147 0.267055 0.962044 0.000000 0.000000 0.000000 0.000000 1.000000
0.921282 0.357528 -0.153015 -0.000000 -0.384821 0.894905 -0.225959 12.686800 0.056147 0.267055 0.962044 0.000000 0.000000 0.000000 0.000000 1.000000
0.921282 0.357528 -0.153015 0.000000 -0.384821 0.894905 -0.225959 12.686800 0.056147 0.267055 0.962044 -0.000000 0.000000 0.000000 0.000000 1.000000
0.921282 0.357528 -0.153015 0.000000 -0.384821 0.894905 -0.225959 12.686800 0.056147 0.267055 0.962044 0.000000 0.000000 0.000000 0.000000 1.000000
0.921282 0.357528 -0.153014 0.000000 -0.384821 0.894905 -0.225959 12.686800 0.056147 0.267055 0.962044 0.000000 0.000000 0.000000 0.000000 1.000000
0.921282 0.357528 -0.153015 0.000000 -0.384821 0.894905 -0.225959 12.686800 0.056147 0.267055 0.962044 0.000000 0.000000 0.000000 0.000000 1.000000
0.921282 0.357528 -0.153015 -0.000000 -0.384821 0.894905 -0.225959 12.686800 0.056147 0.267055 0.962044 0.000000 0.000000 0.000000 0.000000 1.000000
0.921282 0.357528 -0.153015 0.000000 -0.384821 0.894905 -0.225959 12.686800 0.056147 0.267055 0.962044 0.000000 0.000000 0.000000 0.000000 1.000000
0.921282 0.357528 -0.153014 -0.000000 -0.384821 0.894905 -0.225959 12.686800 0.056147 0.267055 0.962044 -0.000000 0.000000 0.000000 0.000000 1.000000
0.921282 0.357528 -0.153015 -0.000000 -0.384821 0.894905 -0.225959 12.686800 0.056147 0.267055 0.962044 0.000000 0.000000 0.000000 0.000000 1.000000
0.921282 0.357528 -0.153015 0.000000 -0.384821 0.894905 -0.225959 12.686800 0.056147 0.267055 0.962044 0.000000 0.000000 0.000000 0.000000 1.000000
0.921282 0.357528 -0.153015 0.000000 -0.384821 0.894905 -0.225959 12.686800 0.056147 0.267055 0.962044 0.000000 0.000000 0.000000 0.000000 1.000000
0.921282 0.357528 -0.153015 0.000000 -0.384821 0.894905 -0.225959 12.686800 0.056147 0.267055 0.962044 0.000000 0.000000 0.000000 0.000000 1.000000
0.921282 0.357528 -0.153015 0.000000 -0.384821 0.894905 -0.225959 12.686800 0.056147 0.267055 0.962044 0.000000 0.000000 0.000000 0.000000 1.000000
0.921282 0.357528 -0.153014 0.000000 -0.384821 0.894905 -0.225959 12.686800 0.056147 0.267055 0.962044 0.000000 0.000000 0.000000 0.000000 1.000000
0.921282 0.357528 -0.153015 0.000000 -0.384821 0.894905 -0.225959 12.686800 0.056147 0.267055 0.962044 0.000000 0.000000 0.000000 0.000000 1.000000
0.921282 0.357528 -0.153015 0.000000 -0.384821 0.894905 -0.225959 12.686800 0.056147 0.267055 0.962044 0.000000 0.000000 0.000000 0.000000 1.000000
0.921282 0.357528 -0.153014 -0.000000 -0.384821 0.894905 -0.225959 12.686800 0.056147 0.267055 0.962044 0.000000 0.000000 0.000000 0.000000 1.000000
0.921282 0.357528 -0.153015 0.000000 -0.384821 0.894905 -0.225959 12.686800 0.056147 0.267055 0.962044 0.000000 0.000000 0.000000 0.000000 1.000000
0.921282 0.357528 -0.153015 0.000000 -0.384821 0.894905 -0.225959 12.686800 0.056147 0.267055 0.962044 0.000000 0.000000 0.000000 0.000000 1.000000
0.921282 0.357528 -0.153015 0.000000 -0.384821 0.894905 -0.225959 12.686800 0.056147 0.267055 0.962044 -0.000000 0.000000 0.000000 0.000000 1.000000
0.921282 0.357528 -0.153015 0.000000 -0.384821 0.894905 -0.225959 12.686800 0.056147 0.267055 0.962044 -0.000000 0.000000 0.000000 0.000000 1.000000
0.921282 0.357528 -0.153015 0.000000 -0.384821 0.894905 -0.225959 12.686800 0.056147 0.267055 0.962044 0.000000 0.000000 0.000000 0.000000 1.000000
0.921282 0.357528 -0.153015 0.000000 -0.384821 0.894905 -0.225959 12.686800 0.056147 0.267055 0.962044 0.000000 0.000000 0.000000 0.000000 1.000000
0.921282 0.357528 -0.153015 0.000000 -0.384821 0.894905 -0.225959 12.686800 0.056147 0.267055 0.962044 0.000000 0.000000 0.000000 0.000000 1.000000
0.921282 0.357528 -0.153015 0.000000 -0.384821 0.894905 -0.225959 12.686800 0.056147 0.267055 0.962044 0.000000 0.000000 0.000000 0.000000 1.000000
0.921282 0.357528 -0.153015 0.000000 -0.384821 0.894905 -0.225959 12.686800 0.056147 0.267055 0.962044 -0.000000 0.000000 0.000000 0.000000 1.000000
0.921282 0.357528 -0.153015 0.000000 -0.384821 0.894905 -0.225959 12.686800 0.056147 0.267055 0.962044 -0.000000 0.000000 0.000000 0.000000 1.000000
0.921282 0.357528 -0.153015 -0.000000 -0.384821 0.894905 -0.225959 12.686800 0.056147 0.267055 0.962044 -0.000000 0.000000 0.000000 0.000000 1.000000
0.921282 0.357528 -0.153015 -0.000000 -0.384821 0.894905 -0.225959 12.686800 0.056147 0.267055 0.962044 0.000000 0.000000 0.000000 0.000000 1.000000
0.921282 0.357528 -0.153015 0.000000 -0.384821 0.894905 -0.225959 12.686800 0.056147 0.267055 0.962044 -0.000000 0.000000 0.000000 0.000000 1.000000
0.921282 0.357528 -0.153015 0.000000 -0.384821 0.894905 -0.225959 12.686800 0.056147 0.267055 0.962044 0.000000 0.000000 0.000000 0.000000 1.000000
0.921282 0.357528 -0.153015 -0.000000 -0.384821 0.894905 -0.225959 12.686800 0.056147 0.267055 0.962044 0.000000 0.000000 0.000000 0.000000 1.000000
0.921282 0.357528 -0.153014 0.000000 -0.384821 0.894905 -0.225959 12.686800 0.056147 0.267055 0.962044 0.000000 0.000000 0.000000 0.000000 1.000000</float_array>
        <technique_common>
          <accessor source="#mixamorig_RightArm-Matrix-animation-output-transform-array" count="56" stride="16">
            <param type="float4x4"/>
          </accessor>
        </technique_common>
      </source>
      <source id="mixamorig_RightArm-Interpolations">
        <Name_array id="mixamorig_RightArm-Interpolations-array" count="56">
 LINEAR LINEAR LINEAR LINEAR LINEAR LINEAR LINEAR LINEAR LINEAR LINEAR LINEAR
LINEAR LINEAR LINEAR LINEAR LINEAR LINEAR LINEAR LINEAR LINEAR LINEAR LINEAR LINEAR
LINEAR LINEAR LINEAR LINEAR LINEAR LINEAR LINEAR LINEAR LINEAR LINEAR LINEAR LINEAR
LINEAR LINEAR LINEAR LINEAR LINEAR LINEAR LINEAR LINEAR LINEAR LINEAR LINEAR LINEAR
LINEAR LINEAR LINEAR LINEAR LINEAR LINEAR LINEAR LINEAR LINEAR</Name_array>
        <technique_common>
          <accessor source="#mixamorig_RightArm-Interpolations-array" count="56">
            <param type="name"/>
          </accessor>
        </technique_common>
      </source>
      <sampler id="mixamorig_RightArm-Matrix-animation-transform">
        <input semantic="INPUT" source="#mixamorig_RightArm-Matrix-animation-input"/>
        <input semantic="OUTPUT" source="#mixamorig_RightArm-Matrix-animation-output-transform"/>
        <input semantic="INTERPOLATION" source="#mixamorig_RightArm-Interpolations"/>
      </sampler>
      <channel source="#mixamorig_RightArm-Matrix-animation-transform" target="mixamorig_RightArm/matrix"/>
    </animation>
    <animation id="mixamorig_RightForeArm-anim" name="mixamorig_RightForeArm">
      <source id="mixamorig_RightForeArm-Matrix-animation-input">
        <float_array id="mixamorig_RightForeArm-Matrix-animation-input-array" count="56">

0.000000 0.033333 0.066667 0.100000 0.133333 0.166667 0.200000 0.233333 0.266667 0.300000 0.333333 0.366667 0.400000 0.433333 0.466667 0.500000
0.533333 0.566667 0.600000 0.633333 0.666667 0.700000 0.733333 0.766667 0.800000 0.833333 0.866667 0.900000 0.933333 0.966667 1.000000 1.033333
1.066667 1.100000 1.133333 1.166667 1.200000 1.233333 1.266667 1.300000 1.333333 1.366667 1.400000 1.433333 1.466667 1.500000 1.533333 1.566667
1.600000 1.633333 1.666667 1.700000 1.733333 1.766667 1.800000 1.833333</float_array>
        <technique_common>
          <accessor source="#mixamorig_RightForeArm-Matrix-animation-input-array" count="56">
            <param name="TIME" type="float"/>
          </accessor>
        </technique_common>
      </source>
      <source id="mixamorig_RightForeArm-Matrix-animation-output-transform">
        <float_array id="mixamorig_RightForeArm-Matrix-animation-output-transform-array" count="896">

-0.579597 0.814903 0.000000 0.000000 -0.814903 -0.579597 -0.000000 30.736700 -0.000000 -0.000000 1.000000 0.000000 0.000000 0.000000 0.000000 1.000000
-0.579596 0.814904 -0.000000 0.000000 -0.814904 -0.579596 -0.000000 30.736700 -0.000000 0.000000 1.000000 0.000000 0.000000 0.000000 0.000000 1.000000
-0.579596 0.814904 0.000000 0.000000 -0.814904 -0.579596 -0.000000 30.736700 -0.000000 -0.000000 1.000000 0.000000 0.000000 0.000000 0.000000 1.000000
-0.579596 0.814904 0.000000 0.000000 -0.814904 -0.579596 -0.000000 30.736700 -0.000000 -0.000000 1.000000 0.000000 0.000000 0.000000 0.000000 1.000000
-0.579597 0.814903 -0.000000 0.000000 -0.814903 -0.579597 -0.000000 30.736700 -0.000000 -0.000000 1.000000 0.000000 0.000000 0.000000 0.000000 1.000000
-0.579597 0.814903 -0.000000 0.000000 -0.814903 -0.579597 -0.000000 30.736700 -0.000000 -0.000000 1.000000 -0.000000 0.000000 0.000000 0.000000 1.000000
-0.579597 0.814903 -0.000000 0.000000 -0.814903 -0.579597 -0.000000 30.736700 -0.000000 -0.000000 1.000000 0.000000 0.000000 0.000000 0.000000 1.000000
-0.579597 0.814904 0.000000 0.000000 -0.814904 -0.579597 -0.000000 30.736700 -0.000000 -0.000000 1.000000 0.000000 0.000000 0.000000 0.000000 1.000000
-0.579597 0.814903 -0.000000 0.000000 -0.814903 -0.579597 -0.000000 30.736700 -0.000000 -0.000000 1.000000 -0.000000 0.000000 0.000000 0.000000 1.000000
-0.579596 0.814904 0.000000 0.000000 -0.814904 -0.579596 0.000000 30.736700 0.000000 -0.000000 1.000000 -0.000000 0.000000 0.000000 0.000000 1.000000
-0.579597 0.814903 0.000000 0.000000 -0.814903 -0.579597 -0.000000 30.736700 -0.000000 -0.000000 1.000000 0.000000 0.000000 0.000000 0.000000 1.000000
-0.579596 0.814904 0.000000 0.000000 -0.814904 -0.579596 0.000000 30.736700 0.000000 0.000000 1.000000 0.000000 0.000000 0.000000 0.000000 1.000000
-0.579596 0.814904 0.000000 0.000000 -0.814904 -0.579596 -0.000000 30.736700 0.000000 -0.000000 1.000000 -0.000000 0.000000 0.000000 0.000000 1.000000
-0.579597 0.814903 0.000000 0.000000 -0.814903 -0.579597 -0.000000 30.736700 -0.000000 -0.000000 1.000000 0.000000 0.000000 0.000000 0.000000 1.000000
-0.579596 0.814904 0.000000 0.000000 -0.814904 -0.579596 -0.000000 30.736700 0.000000 -0.000000 1.000000 0.000000 0.000000 0.000000 0.000000 1.000000
-0.579597 0.814904 0.000000 0.000000 -0.814904 -0.579597 -0.000000 30.736700 0.000000 -0.000000 1.000000 -0.000000 0.000000 0.000000 0.000000 1.000000
-0.579596 0.814904 0.000000 0.000000 -0.814904 -0.579596 -0.000000 30.736700 -0.000000 -0.000000 1.000000 0.000000 0.000000 0.000000 0.000000 1.000000
-0.579596 0.814904 0.000000 -0.000000 -0.814904 -0.579596 -0.000000 30.736700 -0.000000 -0.000000 1.000000 -0.000000 0.000000 0.000000 0.000000 1.000000
-0.579597 0.814904 -0.000000 0.000000 -0.814904 -0.579597 0.000000 30.736700 -0.000000 0.000000 1.000000 0.000000 0.000000 0.000000 0.000000 1.000000
-0.579597 0.814904 -0.000000 0.000000 -0.814904 -0.579597 -0.000000 30.736700 -0.000000 -0.000000 1.000000 -0.000000 0.000000 0.000000 0.000000 1.000000
-0.579597 0.814903 -0.000000 0.000000 -0.814903 -0.579597 -0.000000 30.736700 -0.000000 -0.000000 1.000000 0.000000 0.000000 0.000000 0.000000 1.000000
-0.579597 0.814903 -0.000000 0.000000 -0.814903 -0.579597 -0.000000 30.736700 -0.000000 -0.000000 1.000000 -0.000000 0.000000 0.000000 0.000000 1.000000
-0.579596 0.814904 0.000000 0.000000 -0.814904 -0.579596 -0.000000 30.736700 -0.000000 -0.000000 1.000000 -0.000000 0.000000 0.000000 0.000000 1.000000
-0.579597 0.814903 -0.000000 0.000000 -0.814903 -0.579597 0.000000 30.736700 0.000000 0.000000 1.000000 0.000000 0.000000 0.000000 0.000000 1.000000
-0.579597 0.814904 0.000000 0.000000 -0.814904 -0.579597 -0.000000 30.736700 -0.000000 -0.000000 1.000000 -0.000000 0.000000 0.000000 0.000000 1.000000
-0.579596 0.814904 0.000000 0.000000 -0.814904 -0.579596 -0.000000 30.736700 -0.000000 -0.000000 1.000000 0.000000 0.000000 0.000000 0.000000 1.000000
-0.579597 0.814903 0.000000 0.000000 -0.814903 -0.579597 -0.000000 30.736700 -0.000000 -0.000000 1.000000 0.000000 0.000000 0.000000 0.000000 1.000000
-0.579596 0.814904 0.000000 -0.000000 -0.814904 -0.579596 -0.000000 30.736700 -0.000000 -0.000000 1.000000 -0.000000 0.000000 0.000000 0.000000 1.000000
-0.579596 0.814904 0.000000 0.000000 -0.814904 -0.579596 -0.000000 30.736700 -0.000000 -0.000000 1.000000 0.000000 0.000000 0.000000 0.000000 1.000000
-0.579596 0.814904 0.000000 0.000000 -0.814904 -0.579596 -0.000000 30.736700 -0.000000 -0.000000 1.000000 0.000000 0.000000 0.000000 0.000000 1.000000
-0.579597 0.814904 -0.000000 -0.000000 -0.814904 -0.579597 -0.000000 30.736700 -0.000000 0.000000 1.000000 0.000000 0.000000 0.000000 0.000000 1.000000
-0.579596 0.814904 -0.000000 -0.000000 -0.814904 -0.579596 -0.000000 30.736700 -0.000000 -0.000000 1.000000 0.000000 0.000000 0.000000 0.000000 1.000000
-0.579597 0.814903 -0.000000 -0.000000 -0.814903 -0.579597 0.000000 30.736700 0.000000 0.000000 1.000000 0.000000 0.000000 0.000000 0.000000 1.000000
-0.579597 0.814904 -0.000000 0.000000 -0.814904 -0.579597 -0.000000 30.736700 -0.000000 -0.000000 1.000000 0.000000 0.000000 0.000000 0.000000 1.000000
-0.579597 0.814903 0.000000 0.000000 -0.814903 -0.579597 -0.000000 30.736700 -0.000000 -0.000000 1.000000 -0.000000 0.000000 0.000000 0.000000 1.000000
-0.579596 0.814904 0.000000 0.000000 -0.814904 -0.579596 -0.000000 30.736700 0.000000 -0.000000 1.000000 0.000000 0.000000 0.000000 0.000000 1.000000
-0.579597 0.814903 0.000000 0.000000 -0.814903 -0.579597 -0.000000 30.736700 -0.000000 -0.000000 1.000000 0.000000 0.000000 0.000000 0.000000 1.000000
-0.579597 0.814904 0.000000 0.000000 -0.814904 -0.579597 -0.000000 30.736700 0.000000 -0.000000 1.000000 0.000000 0.000000 0.000000 0.000000 1.000000
-0.579596 0.814904 0.000000 0.000000 -0.814904 -0.579596 -0.000000 30.736700 -0.000000 -0.000000 1.000000 -0.000000 0.000000 0.000000 0.000000 1.000000
-0.579597 0.814903 0.000000 0.000000 -0.814903 -0.579597 -0.000000 30.736700 0.000000 -0.000000 1.000000 -0.000000 0.000000 0.000000 0.000000 1.000000
-0.579597 0.814904 0.000000 0.000000 -0.814904 -0.579597 -0.000000 30.736700 0.000000 -0.000000 1.000000 -0.000000 0.000000 0.000000 0.000000 1.000000
-0.579597 0.814904 -0.000000 0.000000 -0.814904 -0.579597 -0.000000 30.736700 -0.000000 -0.000000 1.000000 -0.000000 0.000000 0.000000 0.000000 1.000000
-0.579596 0.814904 0.000000 0.000000 -0.814904 -0.579596 -0.000000 30.736700 -0.000000 -0.000000 1.000000 -0.000000 0.000000 0.000000 0.000000 1.000000
-0.579596 0.814904 -0.000000 0.000000 -0.814904 -0.579596 -0.000000 30.736700 -0.000000 -0.000000 1.000000 0.000000 0.000000 0.000000 0.000000 1.000000
-0.579596 0.814904 -0.000000 -0.000000 -0.814904 -0.579596 -0.000000 30.736700 -0.000000 -0.000000 1.000000 0.000000 0.000000 0.000000 0.000000 1.000000
-0.579596 0.814904 0.000000 0.000000 -0.814904 -0.579596 0.000000 30.736700 0.000000 0.000000 1.000000 -0.000000 0.000000 0.000000 0.000000 1.000000
-0.579597 0.814904 0.000000 0.000000 -0.814904 -0.579597 0.000000 30.736700 0.000000 0.000000 1.000000 0.000000 0.000000 0.000000 0.000000 1.000000
-0.579597 0.814903 -0.000000 0.000000 -0.814903 -0.579597 -0.000000 30.736700 -0.000000 -0.000000 1.000000 0.000000 0.000000 0.000000 0.000000 1.000000
-0.579597 0.814903 -0.000000 0.000000 -0.814903 -0.579597 -0.000000 30.736700 -0.000000 -0.000000 1.000000 0.000000 0.000000 0.000000 0.000000 1.000000
-0.579597 0.814904 0.000000 -0.000000 -0.814904 -0.579597 -0.000000 30.736700 -0.000000 -0.000000 1.000000 -0.000000 0.000000 0.000000 0.000000 1.000000
-0.579596 0.814904 0.000000 0.000000 -0.814904 -0.579596 -0.000000 30.736700 -0.000000 -0.000000 1.000000 0.000000 0.000000 0.000000 0.000000 1.000000
-0.579596 0.814904 0.000000 0.000000 -0.814904 -0.579596 -0.000000 30.736700 -0.000000 -0.000000 1.000000 0.000000 0.000000 0.000000 0.000000 1.000000
-0.579597 0.814903 0.000000 0.000000 -0.814903 -0.579597 -0.000000 30.736700 0.000000 -0.000000 1.000000 -0.000000 0.000000 0.000000 0.000000 1.000000
-0.579596 0.814904 -0.000000 0.000000 -0.814904 -0.579596 -0.000000 30.736700 -0.000000 -0.000000 1.000000 0.000000 0.000000 0.000000 0.000000 1.000000
-0.579597 0.814904 0.000000 -0.000000 -0.814904 -0.579597 0.000000 30.736700 0.000000 -0.000000 1.000000 0.000000 0.000000 0.000000 0.000000 1.000000
-0.579597 0.814904 -0.000000 0.000000 -0.814904 -0.579597 -0.000000 30.736700 -0.000000 -0.000000 1.000000 0.000000 0.000000 0.000000 0.000000 1.000000</float_array>
        <technique_common>
          <accessor source="#mixamorig_RightForeArm-Matrix-animation-output-transform-array" count="56" stride="16">
            <param type="float4x4"/>
          </accessor>
        </technique_common>
      </source>
      <source id="mixamorig_RightForeArm-Interpolations">
        <Name_array id="mixamorig_RightForeArm-Interpolations-array" count="56">
 LINEAR LINEAR LINEAR LINEAR LINEAR LINEAR LINEAR LINEAR LINEAR LINEAR LINEAR
LINEAR LINEAR LINEAR LINEAR LINEAR LINEAR LINEAR LINEAR LINEAR LINEAR LINEAR LINEAR
LINEAR LINEAR LINEAR LINEAR LINEAR LINEAR LINEAR LINEAR LINEAR LINEAR LINEAR LINEAR
LINEAR LINEAR LINEAR LINEAR LINEAR LINEAR LINEAR LINEAR LINEAR LINEAR LINEAR LINEAR
LINEAR LINEAR LINEAR LINEAR LINEAR LINEAR LINEAR LINEAR LINEAR</Name_array>
        <technique_common>
          <accessor source="#mixamorig_RightForeArm-Interpolations-array" count="56">
            <param type="name"/>
          </accessor>
        </technique_common>
      </source>
      <sampler id="mixamorig_RightForeArm-Matrix-animation-transform">
        <input semantic="INPUT" source="#mixamorig_RightForeArm-Matrix-animation-input"/>
        <input semantic="OUTPUT" source="#mixamorig_RightForeArm-Matrix-animation-output-transform"/>
        <input semantic="INTERPOLATION" source="#mixamorig_RightForeArm-Interpolations"/>
      </sampler>
      <channel source="#mixamorig_RightForeArm-Matrix-animation-transform" target="mixamorig_RightForeArm/matrix"/>
    </animation>
    <animation id="mixamorig_RightHand-anim" name="mixamorig_RightHand">
      <source id="mixamorig_RightHand-Matrix-animation-input">
        <float_array id="mixamorig_RightHand-Matrix-animation-input-array" count="56">

0.000000 0.033333 0.066667 0.100000 0.133333 0.166667 0.200000 0.233333 0.266667 0.300000 0.333333 0.366667 0.400000 0.433333 0.466667 0.500000
0.533333 0.566667 0.600000 0.633333 0.666667 0.700000 0.733333 0.766667 0.800000 0.833333 0.866667 0.900000 0.933333 0.966667 1.000000 1.033333
1.066667 1.100000 1.133333 1.166667 1.200000 1.233333 1.266667 1.300000 1.333333 1.366667 1.400000 1.433333 1.466667 1.500000 1.533333 1.566667
1.600000 1.633333 1.666667 1.700000 1.733333 1.766667 1.800000 1.833333</float_array>
        <technique_common>
          <accessor source="#mixamorig_RightHand-Matrix-animation-input-array" count="56">
            <param name="TIME" type="float"/>
          </accessor>
        </technique_common>
      </source>
      <source id="mixamorig_RightHand-Matrix-animation-output-transform">
        <float_array id="mixamorig_RightHand-Matrix-animation-output-transform-array" count="896">

0.998838 0.048183 -0.001146 0.000000 -0.047691 0.984629 -0.168021 26.713100 -0.006968 0.167881 0.985783 -0.000000 0.000000 0.000000 0.000000 1.000000
0.998838 0.048183 -0.001146 0.000000 -0.047691 0.984629 -0.168021 26.713100 -0.006968 0.167880 0.985783 0.000000 0.000000 0.000000 0.000000 1.000000
0.998838 0.048183 -0.001145 0.000000 -0.047691 0.984629 -0.168021 26.713100 -0.006968 0.167880 0.985783 0.000000 0.000000 0.000000 0.000000 1.000000
0.998838 0.048184 -0.001146 0.000000 -0.047691 0.984629 -0.168021 26.713100 -0.006968 0.167881 0.985783 0.000000 0.000000 0.000000 0.000000 1.000000
0.998838 0.048183 -0.001145 0.000000 -0.047691 0.984629 -0.168021 26.713100 -0.006968 0.167880 0.985783 0.000000 0.000000 0.000000 0.000000 1.000000
0.998838 0.048183 -0.001146 0.000000 -0.047691 0.984629 -0.168021 26.713100 -0.006968 0.167881 0.985783 0.000000 0.000000 0.000000 0.000000 1.000000
0.998838 0.048183 -0.001146 0.000000 -0.047691 0.984629 -0.168021 26.713100 -0.006968 0.167880 0.985783 -0.000000 0.000000 0.000000 0.000000 1.000000
0.998838 0.048183 -0.001146 0.000000 -0.047691 0.984629 -0.168021 26.713100 -0.006968 0.167881 0.985783 -0.000000 0.000000 0.000000 0.000000 1.000000
0.998838 0.048183 -0.001146 0.000000 -0.047691 0.984629 -0.168021 26.713100 -0.006968 0.167881 0.985783 0.000000 0.000000 0.000000 0.000000 1.000000
0.998838 0.048183 -0.001145 0.000000 -0.047691 0.984629 -0.168021 26.713100 -0.006968 0.167881 0.985783 -0.000000 0.000000 0.000000 0.000000 1.000000
0.998838 0.048183 -0.001145 0.000000 -0.047691 0.984629 -0.168021 26.713100 -0.006968 0.167880 0.985783 0.000000 0.000000 0.000000 0.000000 1.000000
0.998838 0.048184 -0.001145 -0.000000 -0.047691 0.984629 -0.168021 26.713100 -0.006968 0.167881 0.985783 0.000000 0.000000 0.000000 0.000000 1.000000
0.998838 0.048183 -0.001146 0.000000 -0.047691 0.984629 -0.168021 26.713100 -0.006968 0.167881 0.985783 0.000000 0.000000 0.000000 0.000000 1.000000
0.998838 0.048183 -0.001145 0.000000 -0.047691 0.984629 -0.168021 26.713100 -0.006968 0.167881 0.985783 -0.000000 0.000000 0.000000 0.000000 1.000000
0.998838 0.048183 -0.001146 -0.000000 -0.047691 0.984629 -0.168021 26.713100 -0.006968 0.167881 0.985783 -0.000000 0.000000 0.000000 0.000000 1.000000
0.998838 0.048184 -0.001145 0.000000 -0.047691 0.984629 -0.168021 26.713100 -0.006968 0.167881 0.985783 0.000000 0.000000 0.000000 0.000000 1.000000
0.998838 0.048184 -0.001145 0.000000 -0.047691 0.984629 -0.168021 26.713100 -0.006968 0.167881 0.985783 0.000000 0.000000 0.000000 0.000000 1.000000
0.998838 0.048183 -0.001146 -0.000000 -0.047691 0.984629 -0.168021 26.713100 -0.006968 0.167881 0.985783 0.000000 0.000000 0.000000 0.000000 1.000000
0.998838 0.048183 -0.001146 -0.000000 -0.047690 0.984629 -0.168021 26.713100 -0.006968 0.167880 0.985783 0.000000 0.000000 0.000000 0.000000 1.000000
0.998838 0.048184 -0.001145 -0.000000 -0.047691 0.984629 -0.168021 26.713100 -0.006968 0.167880 0.985783 0.000000 0.000000 0.000000 0.000000 1.000000
0.998838 0.048183 -0.001146 -0.000000 -0.047691 0.984629 -0.168021 26.713100 -0.006968 0.167881 0.985783 0.000000 0.000000 0.000000 0.000000 1.000000
0.998838 0.048183 -0.001145 0.000000 -0.047691 0.984629 -0.168021 26.713100 -0.006968 0.167880 0.985783 0.000000 0.000000 0.000000 0.000000 1.000000
0.998838 0.048184 -0.001145 0.000000 -0.047691 0.984629 -0.168021 26.713100 -0.006968 0.167881 0.985783 0.000000 0.000000 0.000000 0.000000 1.000000
0.998838 0.048183 -0.001146 0.000000 -0.047691 0.984629 -0.168021 26.713100 -0.006968 0.167880 0.985783 -0.000000 0.000000 0.000000 0.000000 1.000000
0.998838 0.048183 -0.001146 -0.000000 -0.047691 0.984629 -0.168021 26.713100 -0.006968 0.167880 0.985783 0.000000 0.000000 0.000000 0.000000 1.000000
0.998838 0.048183 -0.001145 0.000000 -0.047691 0.984629 -0.168021 26.713100 -0.006968 0.167881 0.985783 0.000000 0.000000 0.000000 0.000000 1.000000
0.998838 0.048183 -0.001146 0.000000 -0.047690 0.984629 -0.168021 26.713100 -0.006968 0.167881 0.985783 0.000000 0.000000 0.000000 0.000000 1.000000
0.998838 0.048183 -0.001145 0.000000 -0.047691 0.984629 -0.168021 26.713100 -0.006968 0.167881 0.985783 0.000000 0.000000 0.000000 0.000000 1.000000
0.998838 0.048183 -0.001146 0.000000 -0.047691 0.984629 -0.168021 26.713100 -0.006968 0.167881 0.985783 -0.000000 0.000000 0.000000 0.000000 1.000000
0.998838 0.048184 -0.001146 0.000000 -0.047691 0.984629 -0.168021 26.713100 -0.006968 0.167881 0.985783 0.000000 0.000000 0.000000 0.000000 1.000000
0.998838 0.048184 -0.001145 0.000000 -0.047691 0.984629 -0.168021 26.713100 -0.006968 0.167881 0.985783 0.000000 0.000000 0.000000 0.000000 1.000000
0.998838 0.048184 -0.001146 0.000000 -0.047691 0.984629 -0.168021 26.713100 -0.006968 0.167881 0.985783 0.000000 0.000000 0.000000 0.000000 1.000000
0.998838 0.048183 -0.001145 -0.000000 -0.047691 0.984629 -0.168021 26.713100 -0.006968 0.167881 0.985783 0.000000 0.000000 0.000000 0.000000 1.000000
0.998838 0.048184 -0.001145 -0.000000 -0.047691 0.984629 -0.168021 26.713100 -0.006968 0.167880 0.985783 0.000000 0.000000 0.000000 0.000000 1.000000
0.998838 0.048183 -0.001145 0.000000 -0.047691 0.984629 -0.168021 26.713100 -0.006968 0.167880 0.985783 -0.000000 0.000000 0.000000 0.000000 1.000000
0.998838 0.048184 -0.001145 0.000000 -0.047691 0.984629 -0.168021 26.713100 -0.006968 0.167881 0.985783 0.000000 0.000000 0.000000 0.000000 1.000000
0.998838 0.048184 -0.001146 0.000000 -0.047691 0.984629 -0.168021 26.713100 -0.006968 0.167881 0.985783 0.000000 0.000000 0.000000 0.000000 1.000000
0.998838 0.048183 -0.001146 0.000000 -0.047691 0.984629 -0.168021 26.713100 -0.006968 0.167880 0.985783 -0.000000 0.000000 0.000000 0.000000 1.000000
0.998838 0.048183 -0.001146 -0.000000 -0.047690 0.984629 -0.168021 26.713100 -0.006968 0.167880 0.985783 0.000000 0.000000 0.000000 0.000000 1.000000
0.998838 0.048184 -0.001146 0.000000 -0.047691 0.984629 -0.168021 26.713100 -0.006968 0.167881 0.985783 0.000000 0.000000 0.000000 0.000000 1.000000
0.998838 0.048183 -0.001145 -0.000000 -0.047691 0.984629 -0.168021 26.713100 -0.006968 0.167881 0.985783 0.000000 0.000000 0.000000 0.000000 1.000000
0.998838 0.048184 -0.001145 0.000000 -0.047691 0.984629 -0.168021 26.713100 -0.006968 0.167881 0.985783 0.000000 0.000000 0.000000 0.000000 1.000000
0.998838 0.048184 -0.001146 0.000000 -0.047691 0.984629 -0.168021 26.713100 -0.006968 0.167881 0.985783 -0.000000 0.000000 0.000000 0.000000 1.000000
0.998838 0.048184 -0.001145 0.000000 -0.047691 0.984629 -0.168021 26.713100 -0.006968 0.167881 0.985783 -0.000000 0.000000 0.000000 0.000000 1.000000
0.998838 0.048183 -0.001145 0.000000 -0.047691 0.984629 -0.168021 26.713100 -0.006968 0.167880 0.985783 0.000000 0.000000 0.000000 0.000000 1.000000
0.998838 0.048183 -0.001145 0.000000 -0.047691 0.984629 -0.168021 26.713100 -0.006968 0.167881 0.985783 -0.000000 0.000000 0.000000 0.000000 1.000000
0.998838 0.048184 -0.001146 0.000000 -0.047691 0.984629 -0.168021 26.713100 -0.006968 0.167881 0.985783 -0.000000 0.000000 0.000000 0.000000 1.000000
0.998838 0.048183 -0.001146 0.000000 -0.047691 0.984629 -0.168021 26.713100 -0.006968 0.167881 0.985783 0.000000 0.000000 0.000000 0.000000 1.000000
0.998838 0.048183 -0.001146 -0.000000 -0.047691 0.984629 -0.168021 26.713100 -0.006968 0.167881 0.985783 0.000000 0.000000 0.000000 0.000000 1.000000
0.998838 0.048183 -0.001146 -0.000000 -0.047690 0.984629 -0.168021 26.713100 -0.006968 0.167881 0.985783 0.000000 0.000000 0.000000 0.000000 1.000000
0.998838 0.048183 -0.001146 0.000000 -0.047690 0.984629 -0.168021 26.713100 -0.006968 0.167881 0.985783 0.000000 0.000000 0.000000 0.000000 1.000000
0.998838 0.048184 -0.001145 0.000000 -0.047691 0.984629 -0.168021 26.713100 -0.006968 0.167881 0.985783 0.000000 0.000000 0.000000 0.000000 1.000000
0.998838 0.048184 -0.001146 0.000000 -0.047691 0.984629 -0.168021 26.713100 -0.006968 0.167881 0.985783 -0.000000 0.000000 0.000000 0.000000 1.000000
0.998838 0.048183 -0.001146 0.000000 -0.047691 0.984629 -0.168021 26.713100 -0.006968 0.167881 0.985783 0.000000 0.000000 0.000000 0.000000 1.000000
0.998838 0.048183 -0.001145 0.000000 -0.047691 0.984629 -0.168021 26.713100 -0.006968 0.167880 0.985783 -0.000000 0.000000 0.000000 0.000000 1.000000
0.998838 0.048184 -0.001145 -0.000000 -0.047691 0.984629 -0.168021 26.713100 -0.006968 0.167881 0.985783 0.000000 0.000000 0.000000 0.000000 1.000000</float_array>
        <technique_common>
          <accessor source="#mixamorig_RightHand-Matrix-animation-output-transform-array" count="56" stride="16">
            <param type="float4x4"/>
          </accessor>
        </technique_common>
      </source>
      <source id="mixamorig_RightHand-Interpolations">
        <Name_array id="mixamorig_RightHand-Interpolations-array" count="56">
 LINEAR LINEAR LINEAR LINEAR LINEAR LINEAR LINEAR LINEAR LINEAR LINEAR LINEAR
LINEAR LINEAR LINEAR LINEAR LINEAR LINEAR LINEAR LINEAR LINEAR LINEAR LINEAR LINEAR
LINEAR LINEAR LINEAR LINEAR LINEAR LINEAR LINEAR LINEAR LINEAR LINEAR LINEAR LINEAR
LINEAR LINEAR LINEAR LINEAR LINEAR LINEAR LINEAR LINEAR LINEAR LINEAR LINEAR LINEAR
LINEAR LINEAR LINEAR LINEAR LINEAR LINEAR LINEAR LINEAR LINEAR</Name_array>
        <technique_common>
          <accessor source="#mixamorig_RightHand-Interpolations-array" count="56">
            <param type="name"/>
          </accessor>
        </technique_common>
      </source>
      <sampler id="mixamorig_RightHand-Matrix-animation-transform">
        <input semantic="INPUT" source="#mixamorig_RightHand-Matrix-animation-input"/>
        <input semantic="OUTPUT" source="#mixamorig_RightHand-Matrix-animation-output-transform"/>
        <input semantic="INTERPOLATION" source="#mixamorig_RightHand-Interpolations"/>
      </sampler>
      <channel source="#mixamorig_RightHand-Matrix-animation-transform" target="mixamorig_RightHand/matrix"/>
    </animation>
    <animation id="mixamorig_RightHandThumb1-anim" name="mixamorig_RightHandThumb1">
      <source id="mixamorig_RightHandThumb1-Matrix-animation-input">
        <float_array id="mixamorig_RightHandThumb1-Matrix-animation-input-array" count="56">

0.000000 0.033333 0.066667 0.100000 0.133333 0.166667 0.200000 0.233333 0.266667 0.300000 0.333333 0.366667 0.400000 0.433333 0.466667 0.500000
0.533333 0.566667 0.600000 0.633333 0.666667 0.700000 0.733333 0.766667 0.800000 0.833333 0.866667 0.900000 0.933333 0.966667 1.000000 1.033333
1.066667 1.100000 1.133333 1.166667 1.200000 1.233333 1.266667 1.300000 1.333333 1.366667 1.400000 1.433333 1.466667 1.500000 1.533333 1.566667
1.600000 1.633333 1.666667 1.700000 1.733333 1.766667 1.800000 1.833333</float_array>
        <technique_common>
          <accessor source="#mixamorig_RightHandThumb1-Matrix-animation-input-array" count="56">
            <param name="TIME" type="float"/>
          </accessor>
        </technique_common>
      </source>
      <source id="mixamorig_RightHandThumb1-Matrix-animation-output-transform">
        <float_array id="mixamorig_RightHandThumb1-Matrix-animation-output-transform-array" count="896">

0.923888 0.345465 -0.164573 2.712200 -0.378781 0.886723 -0.265044 6.800000 0.054367 0.307208 0.950088 2.789800 0.000000 0.000000 0.000000 1.000000
0.923888 0.345466 -0.164573 2.712200 -0.378781 0.886723 -0.265044 6.800000 0.054367 0.307208 0.950088 2.789800 0.000000 0.000000 0.000000 1.000000
0.923888 0.345465 -0.164573 2.712200 -0.378781 0.886723 -0.265044 6.800000 0.054367 0.307208 0.950088 2.789800 0.000000 0.000000 0.000000 1.000000
0.923888 0.345465 -0.164572 2.712200 -0.378781 0.886723 -0.265044 6.800000 0.054367 0.307208 0.950088 2.789800 0.000000 0.000000 0.000000 1.000000
0.923888 0.345466 -0.164573 2.712200 -0.378781 0.886722 -0.265044 6.800000 0.054367 0.307208 0.950088 2.789800 0.000000 0.000000 0.000000 1.000000
0.923888 0.345466 -0.164573 2.712200 -0.378781 0.886722 -0.265044 6.800000 0.054367 0.307208 0.950088 2.789800 0.000000 0.000000 0.000000 1.000000
0.923888 0.345466 -0.164573 2.712200 -0.378781 0.886723 -0.265044 6.800000 0.054367 0.307208 0.950088 2.789800 0.000000 0.000000 0.000000 1.000000
0.923888 0.345465 -0.164573 2.712200 -0.378781 0.886723 -0.265044 6.800000 0.054367 0.307208 0.950088 2.789800 0.000000 0.000000 0.000000 1.000000
0.923888 0.345466 -0.164573 2.712200 -0.378781 0.886722 -0.265044 6.800000 0.054367 0.307208 0.950088 2.789800 0.000000 0.000000 0.000000 1.000000
0.923888 0.345465 -0.164573 2.712200 -0.378780 0.886723 -0.265044 6.800000 0.054367 0.307208 0.950088 2.789800 0.000000 0.000000 0.000000 1.000000
0.923888 0.345465 -0.164573 2.712200 -0.378780 0.886723 -0.265044 6.800000 0.054367 0.307208 0.950088 2.789800 0.000000 0.000000 0.000000 1.000000
0.923888 0.345466 -0.164573 2.712200 -0.378781 0.886723 -0.265044 6.800000 0.054367 0.307208 0.950088 2.789800 0.000000 0.000000 0.000000 1.000000
0.923888 0.345465 -0.164573 2.712200 -0.378781 0.886723 -0.265044 6.800000 0.054367 0.307208 0.950088 2.789800 0.000000 0.000000 0.000000 1.000000
0.923888 0.345465 -0.164573 2.712200 -0.378781 0.886723 -0.265044 6.800000 0.054367 0.307208 0.950088 2.789800 0.000000 0.000000 0.000000 1.000000
0.923888 0.345465 -0.164573 2.712200 -0.378781 0.886723 -0.265044 6.800000 0.054367 0.307208 0.950088 2.789800 0.000000 0.000000 0.000000 1.000000
0.923888 0.345465 -0.164573 2.712200 -0.378781 0.886723 -0.265044 6.800000 0.054367 0.307208 0.950088 2.789800 0.000000 0.000000 0.000000 1.000000
0.923888 0.345465 -0.164572 2.712200 -0.378781 0.886723 -0.265044 6.800000 0.054367 0.307208 0.950088 2.789800 0.000000 0.000000 0.000000 1.000000
0.923888 0.345466 -0.164573 2.712200 -0.378781 0.886723 -0.265044 6.800000 0.054367 0.307208 0.950088 2.789800 0.000000 0.000000 0.000000 1.000000
0.923888 0.345466 -0.164573 2.712200 -0.378781 0.886722 -0.265044 6.800000 0.054367 0.307208 0.950088 2.789800 0.000000 0.000000 0.000000 1.000000
0.923888 0.345465 -0.164573 2.712200 -0.378780 0.886723 -0.265044 6.800000 0.054367 0.307208 0.950088 2.789800 0.000000 0.000000 0.000000 1.000000
0.923888 0.345466 -0.164573 2.712200 -0.378781 0.886723 -0.265044 6.800000 0.054367 0.307208 0.950088 2.789800 0.000000 0.000000 0.000000 1.000000
0.923888 0.345466 -0.164573 2.712200 -0.378781 0.886723 -0.265044 6.800000 0.054367 0.307208 0.950088 2.789800 0.000000 0.000000 0.000000 1.000000
0.923888 0.345466 -0.164573 2.712200 -0.378781 0.886723 -0.265044 6.800000 0.054367 0.307208 0.950088 2.789800 0.000000 0.000000 0.000000 1.000000
0.923888 0.345466 -0.164573 2.712200 -0.378781 0.886723 -0.265044 6.800000 0.054367 0.307208 0.950088 2.789800 0.000000 0.000000 0.000000 1.000000
0.923888 0.345466 -0.164573 2.712200 -0.378781 0.886723 -0.265044 6.800000 0.054367 0.307208 0.950088 2.789800 0.000000 0.000000 0.000000 1.000000
0.923888 0.345466 -0.164572 2.712200 -0.378781 0.886723 -0.265044 6.800000 0.054367 0.307208 0.950088 2.789800 0.000000 0.000000 0.000000 1.000000
0.923888 0.345466 -0.164573 2.712200 -0.378781 0.886723 -0.265044 6.800000 0.054367 0.307208 0.950088 2.789800 0.000000 0.000000 0.000000 1.000000
0.923888 0.345466 -0.164573 2.712200 -0.378781 0.886723 -0.265044 6.800000 0.054367 0.307208 0.950088 2.789800 0.000000 0.000000 0.000000 1.000000
0.923888 0.345466 -0.164572 2.712200 -0.378781 0.886723 -0.265044 6.800000 0.054367 0.307208 0.950088 2.789800 0.000000 0.000000 0.000000 1.000000
0.923888 0.345465 -0.164573 2.712200 -0.378781 0.886723 -0.265044 6.800000 0.054367 0.307208 0.950088 2.789800 0.000000 0.000000 0.000000 1.000000
0.923888 0.345465 -0.164573 2.712200 -0.378781 0.886723 -0.265044 6.800000 0.054367 0.307208 0.950088 2.789800 0.000000 0.000000 0.000000 1.000000
0.923888 0.345465 -0.164573 2.712200 -0.378781 0.886723 -0.265044 6.800000 0.054367 0.307208 0.950088 2.789800 0.000000 0.000000 0.000000 1.000000
0.923888 0.345466 -0.164573 2.712200 -0.378781 0.886723 -0.265044 6.800000 0.054367 0.307208 0.950088 2.789800 0.000000 0.000000 0.000000 1.000000
0.923888 0.345465 -0.164573 2.712200 -0.378781 0.886723 -0.265044 6.800000 0.054367 0.307208 0.950088 2.789800 0.000000 0.000000 0.000000 1.000000
0.923888 0.345465 -0.164572 2.712200 -0.378781 0.886723 -0.265044 6.800000 0.054367 0.307208 0.950088 2.789800 0.000000 0.000000 0.000000 1.000000
0.923888 0.345466 -0.164573 2.712200 -0.378781 0.886723 -0.265044 6.800000 0.054367 0.307208 0.950088 2.789800 0.000000 0.000000 0.000000 1.000000
0.923888 0.345465 -0.164573 2.712200 -0.378781 0.886723 -0.265044 6.800000 0.054367 0.307208 0.950088 2.789800 0.000000 0.000000 0.000000 1.000000
0.923888 0.345466 -0.164573 2.712200 -0.378781 0.886723 -0.265044 6.800000 0.054367 0.307208 0.950088 2.789800 0.000000 0.000000 0.000000 1.000000
0.923888 0.345465 -0.164573 2.712200 -0.378780 0.886723 -0.265044 6.800000 0.054367 0.307208 0.950088 2.789800 0.000000 0.000000 0.000000 1.000000
0.923888 0.345465 -0.164573 2.712200 -0.378781 0.886723 -0.265044 6.800000 0.054367 0.307208 0.950088 2.789800 0.000000 0.000000 0.000000 1.000000
0.923888 0.345465 -0.164573 2.712200 -0.378781 0.886723 -0.265044 6.800000 0.054367 0.307208 0.950088 2.789800 0.000000 0.000000 0.000000 1.000000
0.923888 0.345466 -0.164573 2.712200 -0.378781 0.886723 -0.265044 6.800000 0.054367 0.307208 0.950088 2.789800 0.000000 0.000000 0.000000 1.000000
0.923888 0.345466 -0.164572 2.712200 -0.378781 0.886723 -0.265044 6.800000 0.054367 0.307208 0.950088 2.789800 0.000000 0.000000 0.000000 1.000000
0.923888 0.345466 -0.164573 2.712200 -0.378781 0.886723 -0.265044 6.800000 0.054367 0.307208 0.950088 2.789800 0.000000 0.000000 0.000000 1.000000
0.923888 0.345465 -0.164572 2.712200 -0.378781 0.886723 -0.265044 6.800000 0.054367 0.307208 0.950088 2.789800 0.000000 0.000000 0.000000 1.000000
0.923888 0.345465 -0.164573 2.712200 -0.378781 0.886723 -0.265044 6.800000 0.054367 0.307208 0.950088 2.789800 0.000000 0.000000 0.000000 1.000000
0.923888 0.345465 -0.164573 2.712200 -0.378781 0.886723 -0.265044 6.800000 0.054367 0.307208 0.950088 2.789800 0.000000 0.000000 0.000000 1.000000
0.923888 0.345465 -0.164572 2.712200 -0.378781 0.886723 -0.265044 6.800000 0.054367 0.307208 0.950088 2.789800 0.000000 0.000000 0.000000 1.000000
0.923888 0.345465 -0.164573 2.712200 -0.378781 0.886723 -0.265044 6.800000 0.054367 0.307208 0.950088 2.789800 0.000000 0.000000 0.000000 1.000000
0.923888 0.345466 -0.164573 2.712200 -0.378781 0.886723 -0.265044 6.800000 0.054367 0.307208 0.950088 2.789800 0.000000 0.000000 0.000000 1.000000
0.923888 0.345465 -0.164573 2.712200 -0.378781 0.886723 -0.265044 6.800000 0.054367 0.307208 0.950088 2.789800 0.000000 0.000000 0.000000 1.000000
0.923888 0.345466 -0.164573 2.712200 -0.378781 0.886723 -0.265044 6.800000 0.054367 0.307208 0.950088 2.789800 0.000000 0.000000 0.000000 1.000000
0.923888 0.345465 -0.164573 2.712200 -0.378781 0.886723 -0.265044 6.800000 0.054367 0.307208 0.950088 2.789800 0.000000 0.000000 0.000000 1.000000
0.923888 0.345466 -0.164573 2.712200 -0.378781 0.886722 -0.265044 6.800000 0.054367 0.307208 0.950088 2.789800 0.000000 0.000000 0.000000 1.000000
0.923888 0.345466 -0.164573 2.712200 -0.378781 0.886723 -0.265044 6.800000 0.054367 0.307208 0.950088 2.789800 0.000000 0.000000 0.000000 1.000000
0.923888 0.345465 -0.164573 2.712200 -0.378781 0.886723 -0.265044 6.800000 0.054367 0.307208 0.950088 2.789800 0.000000 0.000000 0.000000 1.000000</float_array>
        <technique_common>
          <accessor source="#mixamorig_RightHandThumb1-Matrix-animation-output-transform-array" count="56" stride="16">
            <param type="float4x4"/>
          </accessor>
        </technique_common>
      </source>
      <source id="mixamorig_RightHandThumb1-Interpolations">
        <Name_array id="mixamorig_RightHandThumb1-Interpolations-array" count="56">
 LINEAR LINEAR LINEAR LINEAR LINEAR LINEAR LINEAR LINEAR LINEAR LINEAR LINEAR
LINEAR LINEAR LINEAR LINEAR LINEAR LINEAR LINEAR LINEAR LINEAR LINEAR LINEAR LINEAR
LINEAR LINEAR LINEAR LINEAR LINEAR LINEAR LINEAR LINEAR LINEAR LINEAR LINEAR LINEAR
LINEAR LINEAR LINEAR LINEAR LINEAR LINEAR LINEAR LINEAR LINEAR LINEAR LINEAR LINEAR
LINEAR LINEAR LINEAR LINEAR LINEAR LINEAR LINEAR LINEAR LINEAR</Name_array>
        <technique_common>
          <accessor source="#mixamorig_RightHandThumb1-Interpolations-array" count="56">
            <param type="name"/>
          </accessor>
        </technique_common>
      </source>
      <sampler id="mixamorig_RightHandThumb1-Matrix-animation-transform">
        <input semantic="INPUT" source="#mixamorig_RightHandThumb1-Matrix-animation-input"/>
        <input semantic="OUTPUT" source="#mixamorig_RightHandThumb1-Matrix-animation-output-transform"/>
        <input semantic="INTERPOLATION" source="#mixamorig_RightHandThumb1-Interpolations"/>
      </sampler>
      <channel source="#mixamorig_RightHandThumb1-Matrix-animation-transform" target="mixamorig_RightHandThumb1/matrix"/>
    </animation>
    <animation id="mixamorig_RightHandThumb2-anim" name="mixamorig_RightHandThumb2">
      <source id="mixamorig_RightHandThumb2-Matrix-animation-input">
        <float_array id="mixamorig_RightHandThumb2-Matrix-animation-input-array" count="56">

0.000000 0.033333 0.066667 0.100000 0.133333 0.166667 0.200000 0.233333 0.266667 0.300000 0.333333 0.366667 0.400000 0.433333 0.466667 0.500000
0.533333 0.566667 0.600000 0.633333 0.666667 0.700000 0.733333 0.766667 0.800000 0.833333 0.866667 0.900000 0.933333 0.966667 1.000000 1.033333
1.066667 1.100000 1.133333 1.166667 1.200000 1.233333 1.266667 1.300000 1.333333 1.366667 1.400000 1.433333 1.466667 1.500000 1.533333 1.566667
1.600000 1.633333 1.666667 1.700000 1.733333 1.766667 1.800000 1.833333</float_array>
        <technique_common>
          <accessor source="#mixamorig_RightHandThumb2-Matrix-animation-input-array" count="56">
            <param name="TIME" type="float"/>
          </accessor>
        </technique_common>
      </source>
      <source id="mixamorig_RightHandThumb2-Matrix-animation-output-transform">
        <float_array id="mixamorig_RightHandThumb2-Matrix-animation-output-transform-array" count="896">

0.936243 -0.351330 0.004003 0.000000 0.351073 0.934982 -0.050558 4.523200 0.014020 0.048740 0.998713 0.000000 0.000000 0.000000 0.000000 1.000000
0.936243 -0.351331 0.004003 0.000000 0.351074 0.934982 -0.050558 4.523200 0.014020 0.048740 0.998713 -0.000000 0.000000 0.000000 0.000000 1.000000
0.936243 -0.351331 0.004003 0.000000 0.351074 0.934982 -0.050558 4.523200 0.014020 0.048740 0.998713 0.000000 0.000000 0.000000 0.000000 1.000000
0.936243 -0.351330 0.004003 0.000000 0.351073 0.934982 -0.050558 4.523200 0.014020 0.048740 0.998713 -0.000000 0.000000 0.000000 0.000000 1.000000
0.936243 -0.351330 0.004003 0.000000 0.351073 0.934982 -0.050558 4.523200 0.014020 0.048740 0.998713 -0.000000 0.000000 0.000000 0.000000 1.000000
0.936243 -0.351331 0.004003 0.000000 0.351074 0.934982 -0.050558 4.523200 0.014020 0.048740 0.998713 0.000000 0.000000 0.000000 0.000000 1.000000
0.936243 -0.351330 0.004003 0.000000 0.351073 0.934982 -0.050558 4.523200 0.014020 0.048740 0.998713 0.000000 0.000000 0.000000 0.000000 1.000000
0.936243 -0.351330 0.004003 -0.000000 0.351073 0.934982 -0.050558 4.523200 0.014020 0.048740 0.998713 0.000000 0.000000 0.000000 0.000000 1.000000
0.936243 -0.351330 0.004003 0.000000 0.351073 0.934982 -0.050558 4.523200 0.014020 0.048740 0.998713 0.000000 0.000000 0.000000 0.000000 1.000000
0.936243 -0.351331 0.004003 0.000000 0.351074 0.934982 -0.050558 4.523200 0.014020 0.048740 0.998713 -0.000000 0.000000 0.000000 0.000000 1.000000
0.936243 -0.351331 0.004003 0.000000 0.351074 0.934982 -0.050558 4.523200 0.014020 0.048740 0.998713 0.000000 0.000000 0.000000 0.000000 1.000000
0.936243 -0.351331 0.004003 0.000000 0.351074 0.934982 -0.050558 4.523200 0.014020 0.048740 0.998713 0.000000 0.000000 0.000000 0.000000 1.000000
0.936243 -0.351330 0.004003 0.000000 0.351073 0.934982 -0.050558 4.523200 0.014020 0.048740 0.998713 -0.000000 0.000000 0.000000 0.000000 1.000000
0.936243 -0.351330 0.004003 -0.000000 0.351073 0.934982 -0.050558 4.523200 0.014020 0.048740 0.998713 0.000000 0.000000 0.000000 0.000000 1.000000
0.936243 -0.351330 0.004003 0.000000 0.351073 0.934982 -0.050558 4.523200 0.014020 0.048740 0.998713 0.000000 0.000000 0.000000 0.000000 1.000000
0.936243 -0.351331 0.004003 0.000000 0.351074 0.934982 -0.050558 4.523200 0.014020 0.048740 0.998713 0.000000 0.000000 0.000000 0.000000 1.000000
0.936243 -0.351330 0.004003 -0.000000 0.351073 0.934982 -0.050558 4.523200 0.014020 0.048740 0.998713 0.000000 0.000000 0.000000 0.000000 1.000000
0.936243 -0.351331 0.004003 0.000000 0.351074 0.934982 -0.050558 4.523200 0.014020 0.048740 0.998713 -0.000000 0.000000 0.000000 0.000000 1.000000
0.936243 -0.351330 0.004003 0.000000 0.351073 0.934982 -0.050558 4.523200 0.014020 0.048740 0.998713 0.000000 0.000000 0.000000 0.000000 1.000000
0.936243 -0.351331 0.004003 -0.000000 0.351074 0.934982 -0.050558 4.523200 0.014020 0.048740 0.998713 -0.000000 0.000000 0.000000 0.000000 1.000000
0.936243 -0.351331 0.004003 0.000000 0.351074 0.934982 -0.050558 4.523200 0.014020 0.048740 0.998713 0.000000 0.000000 0.000000 0.000000 1.000000
0.936243 -0.351331 0.004003 0.000000 0.351074 0.934982 -0.050558 4.523200 0.014020 0.048740 0.998713 0.000000 0.000000 0.000000 0.000000 1.000000
0.936243 -0.351330 0.004003 0.000000 0.351073 0.934982 -0.050558 4.523200 0.014020 0.048740 0.998713 0.000000 0.000000 0.000000 0.000000 1.000000
0.936243 -0.351330 0.004003 0.000000 0.351073 0.934982 -0.050558 4.523200 0.014020 0.048740 0.998713 -0.000000 0.000000 0.000000 0.000000 1.000000
0.936243 -0.351330 0.004003 0.000000 0.351073 0.934982 -0.050558 4.523200 0.014020 0.048740 0.998713 0.000000 0.000000 0.000000 0.000000 1.000000
0.936243 -0.351330 0.004003 0.000000 0.351073 0.934982 -0.050558 4.523200 0.014020 0.048740 0.998713 -0.000000 0.000000 0.000000 0.000000 1.000000
0.936243 -0.351330 0.004003 -0.000000 0.351073 0.934982 -0.050558 4.523200 0.014020 0.048740 0.998713 0.000000 0.000000 0.000000 0.000000 1.000000
0.936243 -0.351331 0.004003 0.000000 0.351074 0.934982 -0.050558 4.523200 0.014020 0.048740 0.998713 0.000000 0.000000 0.000000 0.000000 1.000000
0.936243 -0.351331 0.004003 -0.000000 0.351074 0.934982 -0.050558 4.523200 0.014020 0.048740 0.998713 0.000000 0.000000 0.000000 0.000000 1.000000
0.936243 -0.351330 0.004003 0.000000 0.351073 0.934982 -0.050558 4.523200 0.014020 0.048740 0.998713 0.000000 0.000000 0.000000 0.000000 1.000000
0.936243 -0.351330 0.004003 0.000000 0.351073 0.934982 -0.050558 4.523200 0.014020 0.048740 0.998713 -0.000000 0.000000 0.000000 0.000000 1.000000
0.936243 -0.351331 0.004003 -0.000000 0.351074 0.934982 -0.050558 4.523200 0.014020 0.048740 0.998713 0.000000 0.000000 0.000000 0.000000 1.000000
0.936243 -0.351331 0.004003 0.000000 0.351074 0.934982 -0.050558 4.523200 0.014020 0.048740 0.998713 0.000000 0.000000 0.000000 0.000000 1.000000
0.936243 -0.351331 0.004003 0.000000 0.351074 0.934982 -0.050558 4.523200 0.014020 0.048740 0.998713 0.000000 0.000000 0.000000 0.000000 1.000000
0.936243 -0.351331 0.004003 0.000000 0.351074 0.934982 -0.050558 4.523200 0.014020 0.048740 0.998713 0.000000 0.000000 0.000000 0.000000 1.000000
0.936243 -0.351331 0.004003 0.000000 0.351073 0.934982 -0.050558 4.523200 0.014020 0.048740 0.998713 0.000000 0.000000 0.000000 0.000000 1.000000
0.936243 -0.351330 0.004003 0.000000 0.351073 0.934982 -0.050558 4.523200 0.014020 0.048740 0.998713 0.000000 0.000000 0.000000 0.000000 1.000000
0.936243 -0.351330 0.004003 -0.000000 0.351073 0.934982 -0.050558 4.523200 0.014020 0.048740 0.998713 0.000000 0.000000 0.000000 0.000000 1.000000
0.936243 -0.351330 0.004003 0.000000 0.351073 0.934982 -0.050558 4.523200 0.014020 0.048740 0.998713 -0.000000 0.000000 0.000000 0.000000 1.000000
0.936243 -0.351331 0.004003 0.000000 0.351074 0.934982 -0.050558 4.523200 0.014020 0.048740 0.998713 -0.000000 0.000000 0.000000 0.000000 1.000000
0.936243 -0.351330 0.004003 0.000000 0.351073 0.934982 -0.050558 4.523200 0.014020 0.048740 0.998713 -0.000000 0.000000 0.000000 0.000000 1.000000
0.936243 -0.351331 0.004003 0.000000 0.351074 0.934982 -0.050558 4.523200 0.014020 0.048740 0.998713 0.000000 0.000000 0.000000 0.000000 1.000000
0.936243 -0.351330 0.004003 0.000000 0.351073 0.934982 -0.050558 4.523200 0.014020 0.048740 0.998713 0.000000 0.000000 0.000000 0.000000 1.000000
0.936243 -0.351331 0.004003 -0.000000 0.351074 0.934982 -0.050558 4.523200 0.014020 0.048740 0.998713 0.000000 0.000000 0.000000 0.000000 1.000000
0.936243 -0.351331 0.004003 0.000000 0.351074 0.934982 -0.050558 4.523200 0.014020 0.048740 0.998713 0.000000 0.000000 0.000000 0.000000 1.000000
0.936243 -0.351330 0.004003 0.000000 0.351073 0.934982 -0.050558 4.523200 0.014020 0.048740 0.998713 -0.000000 0.000000 0.000000 0.000000 1.000000
0.936243 -0.351331 0.004003 0.000000 0.351074 0.934982 -0.050558 4.523200 0.014020 0.048740 0.998713 0.000000 0.000000 0.000000 0.000000 1.000000
0.936243 -0.351331 0.004003 0.000000 0.351074 0.934982 -0.050558 4.523200 0.014020 0.048740 0.998713 0.000000 0.000000 0.000000 0.000000 1.000000
0.936243 -0.351331 0.004003 -0.000000 0.351074 0.934982 -0.050558 4.523200 0.014020 0.048740 0.998713 0.000000 0.000000 0.000000 0.000000 1.000000
0.936243 -0.351331 0.004003 0.000000 0.351074 0.934982 -0.050558 4.523200 0.014020 0.048740 0.998713 0.000000 0.000000 0.000000 0.000000 1.000000
0.936243 -0.351330 0.004003 0.000000 0.351073 0.934982 -0.050558 4.523200 0.014020 0.048740 0.998713 -0.000000 0.000000 0.000000 0.000000 1.000000
0.936243 -0.351331 0.004003 0.000000 0.351074 0.934982 -0.050558 4.523200 0.014020 0.048740 0.998713 -0.000000 0.000000 0.000000 0.000000 1.000000
0.936243 -0.351330 0.004003 0.000000 0.351073 0.934982 -0.050558 4.523200 0.014020 0.048740 0.998713 0.000000 0.000000 0.000000 0.000000 1.000000
0.936243 -0.351331 0.004003 0.000000 0.351074 0.934982 -0.050558 4.523200 0.014020 0.048740 0.998713 -0.000000 0.000000 0.000000 0.000000 1.000000
0.936243 -0.351330 0.004003 0.000000 0.351073 0.934982 -0.050558 4.523200 0.014020 0.048740 0.998713 0.000000 0.000000 0.000000 0.000000 1.000000
0.936243 -0.351331 0.004003 0.000000 0.351074 0.934982 -0.050558 4.523200 0.014020 0.048740 0.998713 0.000000 0.000000 0.000000 0.000000 1.000000</float_array>
        <technique_common>
          <accessor source="#mixamorig_RightHandThumb2-Matrix-animation-output-transform-array" count="56" stride="16">
            <param type="float4x4"/>
          </accessor>
        </technique_common>
      </source>
      <source id="mixamorig_RightHandThumb2-Interpolations">
        <Name_array id="mixamorig_RightHandThumb2-Interpolations-array" count="56">
 LINEAR LINEAR LINEAR LINEAR LINEAR LINEAR LINEAR LINEAR LINEAR LINEAR LINEAR
LINEAR LINEAR LINEAR LINEAR LINEAR LINEAR LINEAR LINEAR LINEAR LINEAR LINEAR LINEAR
LINEAR LINEAR LINEAR LINEAR LINEAR LINEAR LINEAR LINEAR LINEAR LINEAR LINEAR LINEAR
LINEAR LINEAR LINEAR LINEAR LINEAR LINEAR LINEAR LINEAR LINEAR LINEAR LINEAR LINEAR
LINEAR LINEAR LINEAR LINEAR LINEAR LINEAR LINEAR LINEAR LINEAR</Name_array>
        <technique_common>
          <accessor source="#mixamorig_RightHandThumb2-Interpolations-array" count="56">
            <param type="name"/>
          </accessor>
        </technique_common>
      </source>
      <sampler id="mixamorig_RightHandThumb2-Matrix-animation-transform">
        <input semantic="INPUT" source="#mixamorig_RightHandThumb2-Matrix-animation-input"/>
        <input semantic="OUTPUT" source="#mixamorig_RightHandThumb2-Matrix-animation-output-transform"/>
        <input semantic="INTERPOLATION" source="#mixamorig_RightHandThumb2-Interpolations"/>
      </sampler>
      <channel source="#mixamorig_RightHandThumb2-Matrix-animation-transform" target="mixamorig_RightHandThumb2/matrix"/>
    </animation>
    <animation id="mixamorig_RightHandThumb3-anim" name="mixamorig_RightHandThumb3">
      <source id="mixamorig_RightHandThumb3-Matrix-animation-input">
        <float_array id="mixamorig_RightHandThumb3-Matrix-animation-input-array" count="56">

0.000000 0.033333 0.066667 0.100000 0.133333 0.166667 0.200000 0.233333 0.266667 0.300000 0.333333 0.366667 0.400000 0.433333 0.466667 0.500000
0.533333 0.566667 0.600000 0.633333 0.666667 0.700000 0.733333 0.766667 0.800000 0.833333 0.866667 0.900000 0.933333 0.966667 1.000000 1.033333
1.066667 1.100000 1.133333 1.166667 1.200000 1.233333 1.266667 1.300000 1.333333 1.366667 1.400000 1.433333 1.466667 1.500000 1.533333 1.566667
1.600000 1.633333 1.666667 1.700000 1.733333 1.766667 1.800000 1.833333</float_array>
        <technique_common>
          <accessor source="#mixamorig_RightHandThumb3-Matrix-animation-input-array" count="56">
            <param name="TIME" type="float"/>
          </accessor>
        </technique_common>
      </source>
      <source id="mixamorig_RightHandThumb3-Matrix-animation-output-transform">
        <float_array id="mixamorig_RightHandThumb3-Matrix-animation-output-transform-array" count="896">

0.859315 -0.511101 -0.018788 0.000000 0.511404 0.858198 0.044287 3.636400 -0.006512 -0.047665 0.998842 -0.000000 0.000000 0.000000 0.000000 1.000000
0.859316 -0.511101 -0.018788 -0.000000 0.511404 0.858198 0.044287 3.636400 -0.006512 -0.047665 0.998842 0.000000 0.000000 0.000000 0.000000 1.000000
0.859316 -0.511101 -0.018788 -0.000000 0.511404 0.858198 0.044288 3.636400 -0.006512 -0.047665 0.998842 0.000000 0.000000 0.000000 0.000000 1.000000
0.859315 -0.511101 -0.018788 -0.000000 0.511404 0.858198 0.044288 3.636400 -0.006512 -0.047665 0.998842 -0.000000 0.000000 0.000000 0.000000 1.000000
0.859316 -0.511100 -0.018788 0.000000 0.511404 0.858198 0.044287 3.636400 -0.006512 -0.047665 0.998842 0.000000 0.000000 0.000000 0.000000 1.000000
0.859316 -0.511100 -0.018788 0.000000 0.511404 0.858198 0.044288 3.636400 -0.006512 -0.047665 0.998842 0.000000 0.000000 0.000000 0.000000 1.000000
0.859315 -0.511101 -0.018788 -0.000000 0.511405 0.858198 0.044287 3.636400 -0.006512 -0.047665 0.998842 0.000000 0.000000 0.000000 0.000000 1.000000
0.859315 -0.511101 -0.018788 -0.000000 0.511405 0.858198 0.044287 3.636400 -0.006512 -0.047665 0.998842 0.000000 0.000000 0.000000 0.000000 1.000000
0.859316 -0.511100 -0.018788 -0.000000 0.511404 0.858198 0.044287 3.636400 -0.006512 -0.047665 0.998842 0.000000 0.000000 0.000000 0.000000 1.000000
0.859316 -0.511100 -0.018788 0.000000 0.511404 0.858198 0.044287 3.636400 -0.006512 -0.047665 0.998842 0.000000 0.000000 0.000000 0.000000 1.000000
0.859316 -0.511101 -0.018788 0.000000 0.511404 0.858198 0.044287 3.636400 -0.006512 -0.047665 0.998842 0.000000 0.000000 0.000000 0.000000 1.000000
0.859316 -0.511100 -0.018788 -0.000000 0.511404 0.858198 0.044287 3.636400 -0.006512 -0.047665 0.998842 -0.000000 0.000000 0.000000 0.000000 1.000000
0.859315 -0.511101 -0.018788 0.000000 0.511405 0.858198 0.044288 3.636400 -0.006512 -0.047665 0.998842 0.000000 0.000000 0.000000 0.000000 1.000000
0.859316 -0.511101 -0.018788 0.000000 0.511404 0.858198 0.044287 3.636400 -0.006512 -0.047665 0.998842 0.000000 0.000000 0.000000 0.000000 1.000000
0.859316 -0.511101 -0.018788 -0.000000 0.511404 0.858198 0.044287 3.636400 -0.006512 -0.047665 0.998842 0.000000 0.000000 0.000000 0.000000 1.000000
0.859316 -0.511100 -0.018787 0.000000 0.511404 0.858198 0.044287 3.636400 -0.006512 -0.047665 0.998842 0.000000 0.000000 0.000000 0.000000 1.000000
0.859315 -0.511101 -0.018788 0.000000 0.511404 0.858198 0.044287 3.636400 -0.006512 -0.047665 0.998842 -0.000000 0.000000 0.000000 0.000000 1.000000
0.859315 -0.511101 -0.018788 -0.000000 0.511404 0.858198 0.044287 3.636400 -0.006512 -0.047665 0.998842 0.000000 0.000000 0.000000 0.000000 1.000000
0.859316 -0.511100 -0.018788 0.000000 0.511404 0.858198 0.044287 3.636400 -0.006512 -0.047665 0.998842 0.000000 0.000000 0.000000 0.000000 1.000000
0.859316 -0.511100 -0.018788 0.000000 0.511404 0.858198 0.044287 3.636400 -0.006512 -0.047665 0.998842 -0.000000 0.000000 0.000000 0.000000 1.000000
0.859316 -0.511101 -0.018788 -0.000000 0.511404 0.858198 0.044287 3.636400 -0.006512 -0.047665 0.998842 0.000000 0.000000 0.000000 0.000000 1.000000
0.859316 -0.511100 -0.018788 0.000000 0.511404 0.858198 0.044287 3.636400 -0.006512 -0.047665 0.998842 0.000000 0.000000 0.000000 0.000000 1.000000
0.859315 -0.511101 -0.018787 0.000000 0.511405 0.858198 0.044287 3.636400 -0.006512 -0.047665 0.998842 0.000000 0.000000 0.000000 0.000000 1.000000
0.859315 -0.511101 -0.018788 0.000000 0.511404 0.858198 0.044287 3.636400 -0.006512 -0.047665 0.998842 0.000000 0.000000 0.000000 0.000000 1.000000
0.859316 -0.511101 -0.018788 0.000000 0.511404 0.858198 0.044287 3.636400 -0.006512 -0.047665 0.998842 -0.000000 0.000000 0.000000 0.000000 1.000000
0.859315 -0.511101 -0.018788 0.000000 0.511405 0.858198 0.044287 3.636400 -0.006512 -0.047665 0.998842 0.000000 0.000000 0.000000 0.000000 1.000000
0.859316 -0.511101 -0.018788 -0.000000 0.511404 0.858198 0.044287 3.636400 -0.006512 -0.047665 0.998842 0.000000 0.000000 0.000000 0.000000 1.000000
0.859316 -0.511100 -0.018788 -0.000000 0.511404 0.858198 0.044287 3.636400 -0.006512 -0.047665 0.998842 0.000000 0.000000 0.000000 0.000000 1.000000
0.859316 -0.511101 -0.018788 0.000000 0.511404 0.858198 0.044287 3.636400 -0.006512 -0.047665 0.998842 -0.000000 0.000000 0.000000 0.000000 1.000000
0.859316 -0.511101 -0.018788 0.000000 0.511404 0.858198 0.044287 3.636400 -0.006512 -0.047665 0.998842 0.000000 0.000000 0.000000 0.000000 1.000000
0.859316 -0.511101 -0.018788 0.000000 0.511404 0.858198 0.044287 3.636400 -0.006512 -0.047665 0.998842 -0.000000 0.000000 0.000000 0.000000 1.000000
0.859316 -0.511100 -0.018788 0.000000 0.511404 0.858198 0.044287 3.636400 -0.006512 -0.047665 0.998842 0.000000 0.000000 0.000000 0.000000 1.000000
0.859316 -0.511100 -0.018788 0.000000 0.511404 0.858198 0.044287 3.636400 -0.006512 -0.047665 0.998842 0.000000 0.000000 0.000000 0.000000 1.000000
0.859316 -0.511101 -0.018788 -0.000000 0.511404 0.858198 0.044287 3.636400 -0.006512 -0.047665 0.998842 0.000000 0.000000 0.000000 0.000000 1.000000
0.859316 -0.511101 -0.018788 -0.000000 0.511404 0.858198 0.044288 3.636400 -0.006512 -0.047665 0.998842 0.000000 0.000000 0.000000 0.000000 1.000000
0.859316 -0.511101 -0.018788 0.000000 0.511404 0.858198 0.044287 3.636400 -0.006512 -0.047665 0.998842 0.000000 0.000000 0.000000 0.000000 1.000000
0.859316 -0.511101 -0.018788 -0.000000 0.511404 0.858198 0.044287 3.636400 -0.006512 -0.047665 0.998842 0.000000 0.000000 0.000000 0.000000 1.000000
0.859316 -0.511101 -0.018788 0.000000 0.511404 0.858198 0.044287 3.636400 -0.006512 -0.047665 0.998842 0.000000 0.000000 0.000000 0.000000 1.000000
0.859316 -0.511100 -0.018788 0.000000 0.511404 0.858198 0.044287 3.636400 -0.006512 -0.047665 0.998842 -0.000000 0.000000 0.000000 0.000000 1.000000
0.859315 -0.511101 -0.018788 0.000000 0.511404 0.858198 0.044288 3.636400 -0.006512 -0.047665 0.998842 -0.000000 0.000000 0.000000 0.000000 1.000000
0.859316 -0.511101 -0.018788 -0.000000 0.511404 0.858198 0.044287 3.636400 -0.006512 -0.047665 0.998842 0.000000 0.000000 0.000000 0.000000 1.000000
0.859316 -0.511101 -0.018788 0.000000 0.511404 0.858198 0.044287 3.636400 -0.006512 -0.047665 0.998842 -0.000000 0.000000 0.000000 0.000000 1.000000
0.859316 -0.511101 -0.018788 0.000000 0.511404 0.858198 0.044287 3.636400 -0.006512 -0.047665 0.998842 -0.000000 0.000000 0.000000 0.000000 1.000000
0.859316 -0.511101 -0.018788 -0.000000 0.511404 0.858198 0.044287 3.636400 -0.006512 -0.047665 0.998842 0.000000 0.000000 0.000000 0.000000 1.000000
0.859315 -0.511101 -0.018788 -0.000000 0.511404 0.858198 0.044287 3.636400 -0.006512 -0.047665 0.998842 0.000000 0.000000 0.000000 0.000000 1.000000
0.859315 -0.511101 -0.018788 0.000000 0.511404 0.858198 0.044288 3.636400 -0.006512 -0.047665 0.998842 0.000000 0.000000 0.000000 0.000000 1.000000
0.859316 -0.511100 -0.018788 -0.000000 0.511404 0.858198 0.044287 3.636400 -0.006512 -0.047665 0.998842 0.000000 0.000000 0.000000 0.000000 1.000000
0.859316 -0.511101 -0.018788 -0.000000 0.511404 0.858198 0.044287 3.636400 -0.006512 -0.047665 0.998842 0.000000 0.000000 0.000000 0.000000 1.000000
0.859316 -0.511101 -0.018788 0.000000 0.511404 0.858198 0.044287 3.636400 -0.006512 -0.047665 0.998842 0.000000 0.000000 0.000000 0.000000 1.000000
0.859316 -0.511100 -0.018788 -0.000000 0.511404 0.858198 0.044287 3.636400 -0.006512 -0.047665 0.998842 -0.000000 0.000000 0.000000 0.000000 1.000000
0.859316 -0.511100 -0.018788 -0.000000 0.511404 0.858198 0.044287 3.636400 -0.006512 -0.047665 0.998842 0.000000 0.000000 0.000000 0.000000 1.000000
0.859316 -0.511101 -0.018788 0.000000 0.511404 0.858198 0.044287 3.636400 -0.006512 -0.047665 0.998842 0.000000 0.000000 0.000000 0.000000 1.000000
0.859316 -0.511101 -0.018788 0.000000 0.511404 0.858198 0.044287 3.636400 -0.006512 -0.047665 0.998842 0.000000 0.000000 0.000000 0.000000 1.000000
0.859316 -0.511100 -0.018788 -0.000000 0.511404 0.858198 0.044287 3.636400 -0.006512 -0.047665 0.998842 0.000000 0.000000 0.000000 0.000000 1.000000
0.859315 -0.511101 -0.018788 -0.000000 0.511404 0.858198 0.044287 3.636400 -0.006512 -0.047665 0.998842 0.000000 0.000000 0.000000 0.000000 1.000000
0.859315 -0.511101 -0.018788 -0.000000 0.511404 0.858198 0.044287 3.636400 -0.006512 -0.047665 0.998842 -0.000000 0.000000 0.000000 0.000000 1.000000</float_array>
        <technique_common>
          <accessor source="#mixamorig_RightHandThumb3-Matrix-animation-output-transform-array" count="56" stride="16">
            <param type="float4x4"/>
          </accessor>
        </technique_common>
      </source>
      <source id="mixamorig_RightHandThumb3-Interpolations">
        <Name_array id="mixamorig_RightHandThumb3-Interpolations-array" count="56">
 LINEAR LINEAR LINEAR LINEAR LINEAR LINEAR LINEAR LINEAR LINEAR LINEAR LINEAR
LINEAR LINEAR LINEAR LINEAR LINEAR LINEAR LINEAR LINEAR LINEAR LINEAR LINEAR LINEAR
LINEAR LINEAR LINEAR LINEAR LINEAR LINEAR LINEAR LINEAR LINEAR LINEAR LINEAR LINEAR
LINEAR LINEAR LINEAR LINEAR LINEAR LINEAR LINEAR LINEAR LINEAR LINEAR LINEAR LINEAR
LINEAR LINEAR LINEAR LINEAR LINEAR LINEAR LINEAR LINEAR LINEAR</Name_array>
        <technique_common>
          <accessor source="#mixamorig_RightHandThumb3-Interpolations-array" count="56">
            <param type="name"/>
          </accessor>
        </technique_common>
      </source>
      <sampler id="mixamorig_RightHandThumb3-Matrix-animation-transform">
        <input semantic="INPUT" source="#mixamorig_RightHandThumb3-Matrix-animation-input"/>
        <input semantic="OUTPUT" source="#mixamorig_RightHandThumb3-Matrix-animation-output-transform"/>
        <input semantic="INTERPOLATION" source="#mixamorig_RightHandThumb3-Interpolations"/>
      </sampler>
      <channel source="#mixamorig_RightHandThumb3-Matrix-animation-transform" target="mixamorig_RightHandThumb3/matrix"/>
    </animation>
    <animation id="mixamorig_RightHandIndex1-anim" name="mixamorig_RightHandIndex1">
      <source id="mixamorig_RightHandIndex1-Matrix-animation-input">
        <float_array id="mixamorig_RightHandIndex1-Matrix-animation-input-array" count="56">

0.000000 0.033333 0.066667 0.100000 0.133333 0.166667 0.200000 0.233333 0.266667 0.300000 0.333333 0.366667 0.400000 0.433333 0.466667 0.500000
0.533333 0.566667 0.600000 0.633333 0.666667 0.700000 0.733333 0.766667 0.800000 0.833333 0.866667 0.900000 0.933333 0.966667 1.000000 1.033333
1.066667 1.100000 1.133333 1.166667 1.200000 1.233333 1.266667 1.300000 1.333333 1.366667 1.400000 1.433333 1.466667 1.500000 1.533333 1.566667
1.600000 1.633333 1.666667 1.700000 1.733333 1.766667 1.800000 1.833333</float_array>
        <technique_common>
          <accessor source="#mixamorig_RightHandIndex1-Matrix-animation-input-array" count="56">
            <param name="TIME" type="float"/>
          </accessor>
        </technique_common>
      </source>
      <source id="mixamorig_RightHandIndex1-Matrix-animation-output-transform">
        <float_array id="mixamorig_RightHandIndex1-Matrix-animation-output-transform-array" count="896">

0.996564 -0.077881 0.028196 3.526400 0.077882 0.765200 -0.639065 14.497500 0.028195 0.639065 0.768636 1.249000 0.000000 0.000000 0.000000 1.000000
0.996564 -0.077881 0.028196 3.526400 0.077881 0.765199 -0.639065 14.497500 0.028195 0.639065 0.768636 1.249000 0.000000 0.000000 0.000000 1.000000
0.996564 -0.077881 0.028196 3.526400 0.077881 0.765200 -0.639065 14.497500 0.028195 0.639065 0.768636 1.249000 0.000000 0.000000 0.000000 1.000000
0.996564 -0.077881 0.028197 3.526400 0.077882 0.765200 -0.639065 14.497500 0.028195 0.639065 0.768636 1.249000 0.000000 0.000000 0.000000 1.000000
0.996564 -0.077881 0.028196 3.526400 0.077881 0.765200 -0.639065 14.497500 0.028195 0.639065 0.768636 1.249000 0.000000 0.000000 0.000000 1.000000
0.996564 -0.077881 0.028196 3.526400 0.077882 0.765200 -0.639065 14.497500 0.028195 0.639065 0.768636 1.249000 0.000000 0.000000 0.000000 1.000000
0.996564 -0.077881 0.028196 3.526400 0.077882 0.765200 -0.639065 14.497500 0.028195 0.639065 0.768636 1.249000 0.000000 0.000000 0.000000 1.000000
0.996564 -0.077881 0.028196 3.526400 0.077881 0.765200 -0.639065 14.497500 0.028195 0.639065 0.768636 1.249000 0.000000 0.000000 0.000000 1.000000
0.996564 -0.077881 0.028196 3.526400 0.077881 0.765200 -0.639065 14.497500 0.028195 0.639065 0.768636 1.249000 0.000000 0.000000 0.000000 1.000000
0.996564 -0.077881 0.028197 3.526400 0.077882 0.765200 -0.639065 14.497500 0.028195 0.639065 0.768636 1.249000 0.000000 0.000000 0.000000 1.000000
0.996564 -0.077881 0.028197 3.526400 0.077882 0.765200 -0.639065 14.497500 0.028195 0.639065 0.768636 1.249000 0.000000 0.000000 0.000000 1.000000
0.996564 -0.077881 0.028197 3.526400 0.077882 0.765200 -0.639065 14.497500 0.028195 0.639065 0.768636 1.249000 0.000000 0.000000 0.000000 1.000000
0.996564 -0.077881 0.028196 3.526400 0.077882 0.765200 -0.639065 14.497500 0.028195 0.639065 0.768636 1.249000 0.000000 0.000000 0.000000 1.000000
0.996564 -0.077881 0.028197 3.526400 0.077882 0.765200 -0.639065 14.497500 0.028195 0.639065 0.768636 1.249000 0.000000 0.000000 0.000000 1.000000
0.996564 -0.077881 0.028196 3.526400 0.077881 0.765200 -0.639065 14.497500 0.028195 0.639065 0.768636 1.249000 0.000000 0.000000 0.000000 1.000000
0.996564 -0.077881 0.028196 3.526400 0.077881 0.765200 -0.639065 14.497500 0.028195 0.639065 0.768636 1.249000 0.000000 0.000000 0.000000 1.000000
0.996564 -0.077881 0.028196 3.526400 0.077882 0.765200 -0.639065 14.497500 0.028195 0.639065 0.768636 1.249000 0.000000 0.000000 0.000000 1.000000
0.996564 -0.077881 0.028197 3.526400 0.077882 0.765200 -0.639065 14.497500 0.028195 0.639065 0.768636 1.249000 0.000000 0.000000 0.000000 1.000000
0.996564 -0.077881 0.028196 3.526400 0.077881 0.765200 -0.639065 14.497500 0.028195 0.639065 0.768636 1.249000 0.000000 0.000000 0.000000 1.000000
0.996564 -0.077881 0.028197 3.526400 0.077882 0.765200 -0.639065 14.497500 0.028195 0.639065 0.768636 1.249000 0.000000 0.000000 0.000000 1.000000
0.996564 -0.077881 0.028196 3.526400 0.077881 0.765200 -0.639065 14.497500 0.028195 0.639065 0.768636 1.249000 0.000000 0.000000 0.000000 1.000000
0.996564 -0.077881 0.028196 3.526400 0.077881 0.765200 -0.639065 14.497500 0.028195 0.639065 0.768636 1.249000 0.000000 0.000000 0.000000 1.000000
0.996564 -0.077881 0.028196 3.526400 0.077881 0.765200 -0.639065 14.497500 0.028195 0.639065 0.768636 1.249000 0.000000 0.000000 0.000000 1.000000
0.996564 -0.077881 0.028196 3.526400 0.077881 0.765200 -0.639065 14.497500 0.028195 0.639065 0.768636 1.249000 0.000000 0.000000 0.000000 1.000000
0.996564 -0.077881 0.028196 3.526400 0.077881 0.765200 -0.639065 14.497500 0.028195 0.639065 0.768636 1.249000 0.000000 0.000000 0.000000 1.000000
0.996564 -0.077881 0.028196 3.526400 0.077881 0.765200 -0.639065 14.497500 0.028195 0.639065 0.768636 1.249000 0.000000 0.000000 0.000000 1.000000
0.996564 -0.077881 0.028196 3.526400 0.077881 0.765200 -0.639065 14.497500 0.028195 0.639065 0.768636 1.249000 0.000000 0.000000 0.000000 1.000000
0.996564 -0.077881 0.028196 3.526400 0.077882 0.765200 -0.639065 14.497500 0.028195 0.639065 0.768636 1.249000 0.000000 0.000000 0.000000 1.000000
0.996564 -0.077881 0.028196 3.526400 0.077881 0.765200 -0.639065 14.497500 0.028195 0.639065 0.768636 1.249000 0.000000 0.000000 0.000000 1.000000
0.996564 -0.077881 0.028196 3.526400 0.077882 0.765200 -0.639065 14.497500 0.028195 0.639065 0.768636 1.249000 0.000000 0.000000 0.000000 1.000000
0.996564 -0.077881 0.028196 3.526400 0.077882 0.765200 -0.639065 14.497500 0.028195 0.639065 0.768636 1.249000 0.000000 0.000000 0.000000 1.000000
0.996564 -0.077881 0.028196 3.526400 0.077882 0.765200 -0.639065 14.497500 0.028195 0.639065 0.768636 1.249000 0.000000 0.000000 0.000000 1.000000
0.996564 -0.077881 0.028196 3.526400 0.077881 0.765200 -0.639065 14.497500 0.028195 0.639065 0.768636 1.249000 0.000000 0.000000 0.000000 1.000000
0.996564 -0.077881 0.028197 3.526400 0.077882 0.765200 -0.639065 14.497500 0.028195 0.639065 0.768636 1.249000 0.000000 0.000000 0.000000 1.000000
0.996564 -0.077881 0.028196 3.526400 0.077881 0.765200 -0.639065 14.497500 0.028195 0.639065 0.768636 1.249000 0.000000 0.000000 0.000000 1.000000
0.996564 -0.077881 0.028197 3.526400 0.077882 0.765200 -0.639065 14.497500 0.028195 0.639065 0.768636 1.249000 0.000000 0.000000 0.000000 1.000000
0.996564 -0.077881 0.028196 3.526400 0.077882 0.765200 -0.639065 14.497500 0.028195 0.639065 0.768636 1.249000 0.000000 0.000000 0.000000 1.000000
0.996564 -0.077881 0.028197 3.526400 0.077882 0.765200 -0.639065 14.497500 0.028195 0.639065 0.768636 1.249000 0.000000 0.000000 0.000000 1.000000
0.996564 -0.077881 0.028196 3.526400 0.077882 0.765200 -0.639065 14.497500 0.028195 0.639065 0.768636 1.249000 0.000000 0.000000 0.000000 1.000000
0.996564 -0.077881 0.028196 3.526400 0.077881 0.765200 -0.639065 14.497500 0.028195 0.639065 0.768636 1.249000 0.000000 0.000000 0.000000 1.000000
0.996564 -0.077881 0.028196 3.526400 0.077881 0.765200 -0.639065 14.497500 0.028195 0.639065 0.768636 1.249000 0.000000 0.000000 0.000000 1.000000
0.996564 -0.077881 0.028196 3.526400 0.077882 0.765200 -0.639065 14.497500 0.028195 0.639065 0.768636 1.249000 0.000000 0.000000 0.000000 1.000000
0.996564 -0.077881 0.028196 3.526400 0.077881 0.765200 -0.639065 14.497500 0.028195 0.639065 0.768636 1.249000 0.000000 0.000000 0.000000 1.000000
0.996564 -0.077881 0.028196 3.526400 0.077882 0.765200 -0.639065 14.497500 0.028195 0.639065 0.768636 1.249000 0.000000 0.000000 0.000000 1.000000
0.996564 -0.077881 0.028196 3.526400 0.077882 0.765200 -0.639065 14.497500 0.028195 0.639065 0.768636 1.249000 0.000000 0.000000 0.000000 1.000000
0.996564 -0.077881 0.028196 3.526400 0.077881 0.765200 -0.639065 14.497500 0.028195 0.639065 0.768636 1.249000 0.000000 0.000000 0.000000 1.000000
0.996564 -0.077881 0.028197 3.526400 0.077881 0.765200 -0.639065 14.497500 0.028195 0.639065 0.768636 1.249000 0.000000 0.000000 0.000000 1.000000
0.996564 -0.077881 0.028196 3.526400 0.077881 0.765200 -0.639065 14.497500 0.028195 0.639065 0.768636 1.249000 0.000000 0.000000 0.000000 1.000000
0.996564 -0.077881 0.028197 3.526400 0.077882 0.765200 -0.639065 14.497500 0.028195 0.639065 0.768636 1.249000 0.000000 0.000000 0.000000 1.000000
0.996564 -0.077881 0.028196 3.526400 0.077882 0.765200 -0.639065 14.497500 0.028195 0.639065 0.768636 1.249000 0.000000 0.000000 0.000000 1.000000
0.996564 -0.077881 0.028197 3.526400 0.077882 0.765200 -0.639065 14.497500 0.028195 0.639065 0.768636 1.249000 0.000000 0.000000 0.000000 1.000000
0.996564 -0.077881 0.028196 3.526400 0.077881 0.765200 -0.639065 14.497500 0.028195 0.639065 0.768636 1.249000 0.000000 0.000000 0.000000 1.000000
0.996564 -0.077881 0.028197 3.526400 0.077882 0.765200 -0.639065 14.497500 0.028195 0.639065 0.768636 1.249000 0.000000 0.000000 0.000000 1.000000
0.996564 -0.077881 0.028196 3.526400 0.077882 0.765200 -0.639065 14.497500 0.028195 0.639065 0.768636 1.249000 0.000000 0.000000 0.000000 1.000000
0.996564 -0.077881 0.028196 3.526400 0.077882 0.765200 -0.639065 14.497500 0.028195 0.639065 0.768636 1.249000 0.000000 0.000000 0.000000 1.000000
0.996564 -0.077881 0.028196 3.526400 0.077882 0.765200 -0.639065 14.497500 0.028195 0.639065 0.768636 1.249000 0.000000 0.000000 0.000000 1.000000</float_array>
        <technique_common>
          <accessor source="#mixamorig_RightHandIndex1-Matrix-animation-output-transform-array" count="56" stride="16">
            <param type="float4x4"/>
          </accessor>
        </technique_common>
      </source>
      <source id="mixamorig_RightHandIndex1-Interpolations">
        <Name_array id="mixamorig_RightHandIndex1-Interpolations-array" count="56">
 LINEAR LINEAR LINEAR LINEAR LINEAR LINEAR LINEAR LINEAR LINEAR LINEAR LINEAR
LINEAR LINEAR LINEAR LINEAR LINEAR LINEAR LINEAR LINEAR LINEAR LINEAR LINEAR LINEAR
LINEAR LINEAR LINEAR LINEAR LINEAR LINEAR LINEAR LINEAR LINEAR LINEAR LINEAR LINEAR
LINEAR LINEAR LINEAR LINEAR LINEAR LINEAR LINEAR LINEAR LINEAR LINEAR LINEAR LINEAR
LINEAR LINEAR LINEAR LINEAR LINEAR LINEAR LINEAR LINEAR LINEAR</Name_array>
        <technique_common>
          <accessor source="#mixamorig_RightHandIndex1-Interpolations-array" count="56">
            <param type="name"/>
          </accessor>
        </technique_common>
      </source>
      <sampler id="mixamorig_RightHandIndex1-Matrix-animation-transform">
        <input semantic="INPUT" source="#mixamorig_RightHandIndex1-Matrix-animation-input"/>
        <input semantic="OUTPUT" source="#mixamorig_RightHandIndex1-Matrix-animation-output-transform"/>
        <input semantic="INTERPOLATION" source="#mixamorig_RightHandIndex1-Interpolations"/>
      </sampler>
      <channel source="#mixamorig_RightHandIndex1-Matrix-animation-transform" target="mixamorig_RightHandIndex1/matrix"/>
    </animation>
    <animation id="mixamorig_RightHandIndex2-anim" name="mixamorig_RightHandIndex2">
      <source id="mixamorig_RightHandIndex2-Matrix-animation-input">
        <float_array id="mixamorig_RightHandIndex2-Matrix-animation-input-array" count="56">

0.000000 0.033333 0.066667 0.100000 0.133333 0.166667 0.200000 0.233333 0.266667 0.300000 0.333333 0.366667 0.400000 0.433333 0.466667 0.500000
0.533333 0.566667 0.600000 0.633333 0.666667 0.700000 0.733333 0.766667 0.800000 0.833333 0.866667 0.900000 0.933333 0.966667 1.000000 1.033333
1.066667 1.100000 1.133333 1.166667 1.200000 1.233333 1.266667 1.300000 1.333333 1.366667 1.400000 1.433333 1.466667 1.500000 1.533333 1.566667
1.600000 1.633333 1.666667 1.700000 1.733333 1.766667 1.800000 1.833333</float_array>
        <technique_common>
          <accessor source="#mixamorig_RightHandIndex2-Matrix-animation-input-array" count="56">
            <param name="TIME" type="float"/>
          </accessor>
        </technique_common>
      </source>
      <source id="mixamorig_RightHandIndex2-Matrix-animation-output-transform">
        <float_array id="mixamorig_RightHandIndex2-Matrix-animation-output-transform-array" count="896">

0.986533 -0.120586 0.110504 0.000000 0.120588 0.079787 -0.989491 4.509100 0.110502 0.989491 0.093254 0.000000 0.000000 0.000000 0.000000 1.000000
0.986533 -0.120586 0.110504 0.000000 0.120588 0.079788 -0.989491 4.509100 0.110502 0.989491 0.093255 0.000000 0.000000 0.000000 0.000000 1.000000
0.986533 -0.120586 0.110504 -0.000000 0.120588 0.079788 -0.989491 4.509100 0.110502 0.989491 0.093254 -0.000000 0.000000 0.000000 0.000000 1.000000
0.986533 -0.120586 0.110504 -0.000000 0.120588 0.079788 -0.989491 4.509100 0.110502 0.989491 0.093255 0.000000 0.000000 0.000000 0.000000 1.000000
0.986533 -0.120586 0.110504 -0.000000 0.120588 0.079788 -0.989491 4.509100 0.110502 0.989491 0.093255 0.000000 0.000000 0.000000 0.000000 1.000000
0.986533 -0.120586 0.110504 0.000000 0.120588 0.079788 -0.989491 4.509100 0.110502 0.989491 0.093255 0.000000 0.000000 0.000000 0.000000 1.000000
0.986533 -0.120586 0.110504 -0.000000 0.120588 0.079788 -0.989491 4.509100 0.110502 0.989491 0.093254 0.000000 0.000000 0.000000 0.000000 1.000000
0.986533 -0.120586 0.110504 0.000000 0.120588 0.079788 -0.989491 4.509100 0.110502 0.989491 0.093254 0.000000 0.000000 0.000000 0.000000 1.000000
0.986533 -0.120586 0.110504 0.000000 0.120588 0.079788 -0.989491 4.509100 0.110502 0.989491 0.093254 0.000000 0.000000 0.000000 0.000000 1.000000
0.986533 -0.120586 0.110504 0.000000 0.120588 0.079788 -0.989491 4.509100 0.110502 0.989491 0.093254 -0.000000 0.000000 0.000000 0.000000 1.000000
0.986533 -0.120586 0.110504 0.000000 0.120588 0.079788 -0.989491 4.509100 0.110502 0.989491 0.093254 -0.000000 0.000000 0.000000 0.000000 1.000000
0.986533 -0.120586 0.110504 0.000000 0.120588 0.079788 -0.989491 4.509100 0.110502 0.989491 0.093255 0.000000 0.000000 0.000000 0.000000 1.000000
0.986533 -0.120586 0.110504 -0.000000 0.120588 0.079788 -0.989491 4.509100 0.110502 0.989491 0.093255 0.000000 0.000000 0.000000 0.000000 1.000000
0.986533 -0.120586 0.110504 0.000000 0.120588 0.079787 -0.989491 4.509100 0.110502 0.989491 0.093254 0.000000 0.000000 0.000000 0.000000 1.000000
0.986533 -0.120586 0.110504 0.000000 0.120588 0.079787 -0.989491 4.509100 0.110502 0.989491 0.093254 0.000000 0.000000 0.000000 0.000000 1.000000
0.986533 -0.120586 0.110504 0.000000 0.120588 0.079788 -0.989491 4.509100 0.110502 0.989491 0.093255 0.000000 0.000000 0.000000 0.000000 1.000000
0.986533 -0.120586 0.110504 -0.000000 0.120588 0.079788 -0.989491 4.509100 0.110502 0.989491 0.093254 0.000000 0.000000 0.000000 0.000000 1.000000
0.986533 -0.120586 0.110504 0.000000 0.120588 0.079788 -0.989491 4.509100 0.110502 0.989491 0.093254 -0.000000 0.000000 0.000000 0.000000 1.000000
0.986533 -0.120586 0.110504 0.000000 0.120588 0.079788 -0.989491 4.509100 0.110502 0.989491 0.093254 0.000000 0.000000 0.000000 0.000000 1.000000
0.986533 -0.120586 0.110504 -0.000000 0.120588 0.079788 -0.989491 4.509100 0.110502 0.989491 0.093255 -0.000000 0.000000 0.000000 0.000000 1.000000
0.986533 -0.120586 0.110504 0.000000 0.120588 0.079788 -0.989491 4.509100 0.110502 0.989491 0.093255 0.000000 0.000000 0.000000 0.000000 1.000000
0.986533 -0.120586 0.110504 0.000000 0.120588 0.079788 -0.989491 4.509100 0.110502 0.989491 0.093254 0.000000 0.000000 0.000000 0.000000 1.000000
0.986533 -0.120586 0.110504 0.000000 0.120588 0.079788 -0.989491 4.509100 0.110502 0.989491 0.093254 -0.000000 0.000000 0.000000 0.000000 1.000000
0.986533 -0.120586 0.110504 -0.000000 0.120588 0.079788 -0.989491 4.509100 0.110502 0.989491 0.093254 0.000000 0.000000 0.000000 0.000000 1.000000
0.986533 -0.120586 0.110504 0.000000 0.120588 0.079788 -0.989491 4.509100 0.110502 0.989491 0.093255 0.000000 0.000000 0.000000 0.000000 1.000000
0.986533 -0.120586 0.110504 0.000000 0.120588 0.079788 -0.989491 4.509100 0.110502 0.989491 0.093254 0.000000 0.000000 0.000000 0.000000 1.000000
0.986533 -0.120586 0.110504 0.000000 0.120588 0.079788 -0.989491 4.509100 0.110502 0.989491 0.093255 0.000000 0.000000 0.000000 0.000000 1.000000
0.986533 -0.120586 0.110504 0.000000 0.120588 0.079788 -0.989491 4.509100 0.110502 0.989491 0.093255 0.000000 0.000000 0.000000 0.000000 1.000000
0.986533 -0.120586 0.110504 0.000000 0.120588 0.079787 -0.989491 4.509100 0.110502 0.989491 0.093254 0.000000 0.000000 0.000000 0.000000 1.000000
0.986533 -0.120586 0.110504 -0.000000 0.120588 0.079788 -0.989491 4.509100 0.110502 0.989491 0.093254 0.000000 0.000000 0.000000 0.000000 1.000000
0.986533 -0.120586 0.110504 -0.000000 0.120588 0.079788 -0.989491 4.509100 0.110502 0.989491 0.093254 0.000000 0.000000 0.000000 0.000000 1.000000
0.986533 -0.120586 0.110504 -0.000000 0.120588 0.079788 -0.989491 4.509100 0.110502 0.989491 0.093254 0.000000 0.000000 0.000000 0.000000 1.000000
0.986533 -0.120586 0.110504 0.000000 0.120588 0.079788 -0.989491 4.509100 0.110502 0.989491 0.093255 0.000000 0.000000 0.000000 0.000000 1.000000
0.986533 -0.120586 0.110504 0.000000 0.120588 0.079788 -0.989491 4.509100 0.110502 0.989491 0.093255 0.000000 0.000000 0.000000 0.000000 1.000000
0.986533 -0.120586 0.110504 0.000000 0.120588 0.079788 -0.989491 4.509100 0.110502 0.989491 0.093255 -0.000000 0.000000 0.000000 0.000000 1.000000
0.986533 -0.120586 0.110504 0.000000 0.120588 0.079787 -0.989491 4.509100 0.110502 0.989491 0.093254 0.000000 0.000000 0.000000 0.000000 1.000000
0.986533 -0.120586 0.110504 0.000000 0.120588 0.079788 -0.989491 4.509100 0.110502 0.989491 0.093255 -0.000000 0.000000 0.000000 0.000000 1.000000
0.986533 -0.120586 0.110504 -0.000000 0.120588 0.079788 -0.989491 4.509100 0.110502 0.989491 0.093255 0.000000 0.000000 0.000000 0.000000 1.000000
0.986533 -0.120586 0.110504 0.000000 0.120588 0.079787 -0.989491 4.509100 0.110502 0.989491 0.093254 0.000000 0.000000 0.000000 0.000000 1.000000
0.986533 -0.120586 0.110504 0.000000 0.120588 0.079788 -0.989491 4.509100 0.110502 0.989491 0.093254 0.000000 0.000000 0.000000 0.000000 1.000000
0.986533 -0.120586 0.110504 0.000000 0.120588 0.079787 -0.989491 4.509100 0.110502 0.989491 0.093254 -0.000000 0.000000 0.000000 0.000000 1.000000
0.986533 -0.120586 0.110504 0.000000 0.120588 0.079788 -0.989491 4.509100 0.110502 0.989491 0.093254 -0.000000 0.000000 0.000000 0.000000 1.000000
0.986533 -0.120586 0.110504 0.000000 0.120588 0.079788 -0.989491 4.509100 0.110502 0.989491 0.093254 -0.000000 0.000000 0.000000 0.000000 1.000000
0.986533 -0.120586 0.110504 0.000000 0.120588 0.079788 -0.989491 4.509100 0.110502 0.989491 0.093254 0.000000 0.000000 0.000000 0.000000 1.000000
0.986533 -0.120586 0.110503 0.000000 0.120587 0.079788 -0.989491 4.509100 0.110502 0.989491 0.093255 0.000000 0.000000 0.000000 0.000000 1.000000
0.986533 -0.120586 0.110504 0.000000 0.120588 0.079788 -0.989491 4.509100 0.110502 0.989491 0.093255 0.000000 0.000000 0.000000 0.000000 1.000000
0.986533 -0.120586 0.110504 0.000000 0.120588 0.079788 -0.989491 4.509100 0.110502 0.989491 0.093254 -0.000000 0.000000 0.000000 0.000000 1.000000
0.986533 -0.120586 0.110504 -0.000000 0.120588 0.079788 -0.989491 4.509100 0.110502 0.989491 0.093255 0.000000 0.000000 0.000000 0.000000 1.000000
0.986533 -0.120586 0.110504 0.000000 0.120588 0.079788 -0.989491 4.509100 0.110502 0.989491 0.093255 -0.000000 0.000000 0.000000 0.000000 1.000000
0.986533 -0.120586 0.110504 0.000000 0.120588 0.079788 -0.989491 4.509100 0.110502 0.989491 0.093255 -0.000000 0.000000 0.000000 0.000000 1.000000
0.986533 -0.120586 0.110504 0.000000 0.120588 0.079788 -0.989491 4.509100 0.110502 0.989491 0.093255 -0.000000 0.000000 0.000000 0.000000 1.000000
0.986533 -0.120586 0.110504 0.000000 0.120588 0.079788 -0.989491 4.509100 0.110502 0.989491 0.093254 0.000000 0.000000 0.000000 0.000000 1.000000
0.986533 -0.120586 0.110504 -0.000000 0.120588 0.079788 -0.989491 4.509100 0.110502 0.989491 0.093254 -0.000000 0.000000 0.000000 0.000000 1.000000
0.986533 -0.120586 0.110504 0.000000 0.120588 0.079788 -0.989491 4.509100 0.110502 0.989491 0.093254 0.000000 0.000000 0.000000 0.000000 1.000000
0.986533 -0.120586 0.110504 -0.000000 0.120587 0.079788 -0.989491 4.509100 0.110502 0.989491 0.093254 0.000000 0.000000 0.000000 0.000000 1.000000
0.986533 -0.120586 0.110504 0.000000 0.120588 0.079788 -0.989491 4.509100 0.110502 0.989491 0.093255 0.000000 0.000000 0.000000 0.000000 1.000000</float_array>
        <technique_common>
          <accessor source="#mixamorig_RightHandIndex2-Matrix-animation-output-transform-array" count="56" stride="16">
            <param type="float4x4"/>
          </accessor>
        </technique_common>
      </source>
      <source id="mixamorig_RightHandIndex2-Interpolations">
        <Name_array id="mixamorig_RightHandIndex2-Interpolations-array" count="56">
 LINEAR LINEAR LINEAR LINEAR LINEAR LINEAR LINEAR LINEAR LINEAR LINEAR LINEAR
LINEAR LINEAR LINEAR LINEAR LINEAR LINEAR LINEAR LINEAR LINEAR LINEAR LINEAR LINEAR
LINEAR LINEAR LINEAR LINEAR LINEAR LINEAR LINEAR LINEAR LINEAR LINEAR LINEAR LINEAR
LINEAR LINEAR LINEAR LINEAR LINEAR LINEAR LINEAR LINEAR LINEAR LINEAR LINEAR LINEAR
LINEAR LINEAR LINEAR LINEAR LINEAR LINEAR LINEAR LINEAR LINEAR</Name_array>
        <technique_common>
          <accessor source="#mixamorig_RightHandIndex2-Interpolations-array" count="56">
            <param type="name"/>
          </accessor>
        </technique_common>
      </source>
      <sampler id="mixamorig_RightHandIndex2-Matrix-animation-transform">
        <input semantic="INPUT" source="#mixamorig_RightHandIndex2-Matrix-animation-input"/>
        <input semantic="OUTPUT" source="#mixamorig_RightHandIndex2-Matrix-animation-output-transform"/>
        <input semantic="INTERPOLATION" source="#mixamorig_RightHandIndex2-Interpolations"/>
      </sampler>
      <channel source="#mixamorig_RightHandIndex2-Matrix-animation-transform" target="mixamorig_RightHandIndex2/matrix"/>
    </animation>
    <animation id="mixamorig_RightHandIndex3-anim" name="mixamorig_RightHandIndex3">
      <source id="mixamorig_RightHandIndex3-Matrix-animation-input">
        <float_array id="mixamorig_RightHandIndex3-Matrix-animation-input-array" count="56">

0.000000 0.033333 0.066667 0.100000 0.133333 0.166667 0.200000 0.233333 0.266667 0.300000 0.333333 0.366667 0.400000 0.433333 0.466667 0.500000
0.533333 0.566667 0.600000 0.633333 0.666667 0.700000 0.733333 0.766667 0.800000 0.833333 0.866667 0.900000 0.933333 0.966667 1.000000 1.033333
1.066667 1.100000 1.133333 1.166667 1.200000 1.233333 1.266667 1.300000 1.333333 1.366667 1.400000 1.433333 1.466667 1.500000 1.533333 1.566667
1.600000 1.633333 1.666667 1.700000 1.733333 1.766667 1.800000 1.833333</float_array>
        <technique_common>
          <accessor source="#mixamorig_RightHandIndex3-Matrix-animation-input-array" count="56">
            <param name="TIME" type="float"/>
          </accessor>
        </technique_common>
      </source>
      <source id="mixamorig_RightHandIndex3-Matrix-animation-output-transform">
        <float_array id="mixamorig_RightHandIndex3-Matrix-animation-output-transform-array" count="896">

0.993503 -0.100548 0.053316 0.000000 0.100549 0.556023 -0.825063 2.907200 0.053314 0.825063 0.562520 0.000000 0.000000 0.000000 0.000000 1.000000
0.993503 -0.100548 0.053315 0.000000 0.100549 0.556023 -0.825063 2.907200 0.053314 0.825063 0.562520 0.000000 0.000000 0.000000 0.000000 1.000000
0.993503 -0.100548 0.053315 0.000000 0.100549 0.556023 -0.825063 2.907200 0.053314 0.825063 0.562520 0.000000 0.000000 0.000000 0.000000 1.000000
0.993503 -0.100548 0.053315 0.000000 0.100549 0.556023 -0.825063 2.907200 0.053314 0.825063 0.562520 0.000000 0.000000 0.000000 0.000000 1.000000
0.993503 -0.100548 0.053315 0.000000 0.100549 0.556023 -0.825063 2.907200 0.053314 0.825063 0.562520 0.000000 0.000000 0.000000 0.000000 1.000000
0.993503 -0.100548 0.053315 -0.000000 0.100549 0.556023 -0.825063 2.907200 0.053314 0.825063 0.562520 0.000000 0.000000 0.000000 0.000000 1.000000
0.993503 -0.100548 0.053315 0.000000 0.100549 0.556023 -0.825063 2.907200 0.053314 0.825063 0.562520 0.000000 0.000000 0.000000 0.000000 1.000000
0.993503 -0.100548 0.053316 0.000000 0.100549 0.556023 -0.825063 2.907200 0.053314 0.825063 0.562520 0.000000 0.000000 0.000000 0.000000 1.000000
0.993503 -0.100548 0.053315 0.000000 0.100549 0.556023 -0.825063 2.907200 0.053314 0.825063 0.562520 0.000000 0.000000 0.000000 0.000000 1.000000
0.993503 -0.100548 0.053316 0.000000 0.100549 0.556023 -0.825063 2.907200 0.053314 0.825063 0.562520 0.000000 0.000000 0.000000 0.000000 1.000000
0.993503 -0.100548 0.053315 -0.000000 0.100549 0.556023 -0.825063 2.907200 0.053314 0.825063 0.562520 -0.000000 0.000000 0.000000 0.000000 1.000000
0.993503 -0.100548 0.053315 0.000000 0.100549 0.556023 -0.825063 2.907200 0.053314 0.825063 0.562520 0.000000 0.000000 0.000000 0.000000 1.000000
0.993503 -0.100548 0.053316 0.000000 0.100549 0.556023 -0.825063 2.907200 0.053313 0.825063 0.562520 0.000000 0.000000 0.000000 0.000000 1.000000
0.993503 -0.100548 0.053315 0.000000 0.100549 0.556023 -0.825063 2.907200 0.053314 0.825063 0.562520 0.000000 0.000000 0.000000 0.000000 1.000000
0.993503 -0.100548 0.053315 -0.000000 0.100549 0.556023 -0.825063 2.907200 0.053314 0.825063 0.562520 0.000000 0.000000 0.000000 0.000000 1.000000
0.993503 -0.100548 0.053315 0.000000 0.100549 0.556023 -0.825063 2.907200 0.053314 0.825063 0.562520 0.000000 0.000000 0.000000 0.000000 1.000000
0.993503 -0.100548 0.053315 -0.000000 0.100549 0.556023 -0.825063 2.907200 0.053314 0.825063 0.562520 0.000000 0.000000 0.000000 0.000000 1.000000
0.993503 -0.100548 0.053315 -0.000000 0.100549 0.556023 -0.825063 2.907200 0.053314 0.825063 0.562520 0.000000 0.000000 0.000000 0.000000 1.000000
0.993503 -0.100548 0.053315 0.000000 0.100549 0.556023 -0.825063 2.907200 0.053314 0.825063 0.562520 0.000000 0.000000 0.000000 0.000000 1.000000
0.993503 -0.100548 0.053315 0.000000 0.100549 0.556023 -0.825063 2.907200 0.053314 0.825063 0.562520 0.000000 0.000000 0.000000 0.000000 1.000000
0.993503 -0.100548 0.053315 0.000000 0.100549 0.556023 -0.825063 2.907200 0.053314 0.825063 0.562520 0.000000 0.000000 0.000000 0.000000 1.000000
0.993503 -0.100548 0.053315 -0.000000 0.100549 0.556023 -0.825063 2.907200 0.053314 0.825063 0.562520 0.000000 0.000000 0.000000 0.000000 1.000000
0.993503 -0.100548 0.053315 0.000000 0.100549 0.556023 -0.825063 2.907200 0.053314 0.825063 0.562520 0.000000 0.000000 0.000000 0.000000 1.000000
0.993503 -0.100548 0.053315 -0.000000 0.100549 0.556023 -0.825063 2.907200 0.053314 0.825063 0.562520 0.000000 0.000000 0.000000 0.000000 1.000000
0.993503 -0.100548 0.053315 0.000000 0.100549 0.556023 -0.825063 2.907200 0.053314 0.825063 0.562520 -0.000000 0.000000 0.000000 0.000000 1.000000
0.993503 -0.100548 0.053315 0.000000 0.100549 0.556023 -0.825063 2.907200 0.053314 0.825063 0.562520 0.000000 0.000000 0.000000 0.000000 1.000000
0.993503 -0.100548 0.053315 0.000000 0.100549 0.556023 -0.825063 2.907200 0.053314 0.825063 0.562520 0.000000 0.000000 0.000000 0.000000 1.000000
0.993503 -0.100548 0.053315 0.000000 0.100549 0.556023 -0.825063 2.907200 0.053314 0.825063 0.562520 0.000000 0.000000 0.000000 0.000000 1.000000
0.993503 -0.100548 0.053315 0.000000 0.100549 0.556023 -0.825063 2.907200 0.053314 0.825063 0.562520 0.000000 0.000000 0.000000 0.000000 1.000000
0.993503 -0.100548 0.053316 -0.000000 0.100549 0.556023 -0.825063 2.907200 0.053314 0.825063 0.562520 0.000000 0.000000 0.000000 0.000000 1.000000
0.993503 -0.100548 0.053315 0.000000 0.100549 0.556023 -0.825063 2.907200 0.053314 0.825063 0.562520 0.000000 0.000000 0.000000 0.000000 1.000000
0.993503 -0.100548 0.053315 -0.000000 0.100549 0.556023 -0.825063 2.907200 0.053314 0.825063 0.562520 0.000000 0.000000 0.000000 0.000000 1.000000
0.993503 -0.100548 0.053315 0.000000 0.100549 0.556023 -0.825063 2.907200 0.053314 0.825063 0.562520 0.000000 0.000000 0.000000 0.000000 1.000000
0.993503 -0.100548 0.053315 0.000000 0.100549 0.556023 -0.825063 2.907200 0.053314 0.825063 0.562520 0.000000 0.000000 0.000000 0.000000 1.000000
0.993503 -0.100548 0.053315 0.000000 0.100549 0.556023 -0.825063 2.907200 0.053314 0.825063 0.562520 0.000000 0.000000 0.000000 0.000000 1.000000
0.993503 -0.100548 0.053315 -0.000000 0.100549 0.556023 -0.825063 2.907200 0.053314 0.825063 0.562520 0.000000 0.000000 0.000000 0.000000 1.000000
0.993503 -0.100548 0.053315 -0.000000 0.100549 0.556023 -0.825063 2.907200 0.053314 0.825063 0.562520 0.000000 0.000000 0.000000 0.000000 1.000000
0.993503 -0.100548 0.053315 0.000000 0.100549 0.556023 -0.825063 2.907200 0.053314 0.825063 0.562520 0.000000 0.000000 0.000000 0.000000 1.000000
0.993503 -0.100548 0.053315 0.000000 0.100549 0.556023 -0.825063 2.907200 0.053314 0.825063 0.562520 0.000000 0.000000 0.000000 0.000000 1.000000
0.993503 -0.100548 0.053315 0.000000 0.100549 0.556023 -0.825062 2.907200 0.053314 0.825063 0.562521 -0.000000 0.000000 0.000000 0.000000 1.000000
0.993503 -0.100548 0.053315 0.000000 0.100549 0.556023 -0.825063 2.907200 0.053314 0.825063 0.562520 0.000000 0.000000 0.000000 0.000000 1.000000
0.993503 -0.100548 0.053315 0.000000 0.100549 0.556023 -0.825063 2.907200 0.053314 0.825063 0.562520 0.000000 0.000000 0.000000 0.000000 1.000000
0.993503 -0.100548 0.053315 -0.000000 0.100549 0.556023 -0.825063 2.907200 0.053314 0.825063 0.562520 0.000000 0.000000 0.000000 0.000000 1.000000
0.993503 -0.100548 0.053315 0.000000 0.100549 0.556023 -0.825063 2.907200 0.053314 0.825063 0.562520 0.000000 0.000000 0.000000 0.000000 1.000000
0.993503 -0.100548 0.053315 0.000000 0.100549 0.556023 -0.825063 2.907200 0.053314 0.825063 0.562520 0.000000 0.000000 0.000000 0.000000 1.000000
0.993503 -0.100548 0.053315 0.000000 0.100549 0.556023 -0.825063 2.907200 0.053314 0.825063 0.562520 0.000000 0.000000 0.000000 0.000000 1.000000
0.993503 -0.100548 0.053315 0.000000 0.100549 0.556023 -0.825063 2.907200 0.053314 0.825063 0.562520 0.000000 0.000000 0.000000 0.000000 1.000000
0.993503 -0.100548 0.053315 0.000000 0.100549 0.556023 -0.825063 2.907200 0.053314 0.825063 0.562520 -0.000000 0.000000 0.000000 0.000000 1.000000
0.993503 -0.100548 0.053315 -0.000000 0.100549 0.556023 -0.825063 2.907200 0.053314 0.825063 0.562520 -0.000000 0.000000 0.000000 0.000000 1.000000
0.993503 -0.100548 0.053315 0.000000 0.100549 0.556023 -0.825063 2.907200 0.053314 0.825063 0.562520 0.000000 0.000000 0.000000 0.000000 1.000000
0.993503 -0.100548 0.053315 0.000000 0.100549 0.556023 -0.825063 2.907200 0.053314 0.825063 0.562520 -0.000000 0.000000 0.000000 0.000000 1.000000
0.993503 -0.100548 0.053315 -0.000000 0.100549 0.556023 -0.825063 2.907200 0.053314 0.825063 0.562520 0.000000 0.000000 0.000000 0.000000 1.000000
0.993503 -0.100548 0.053315 0.000000 0.100549 0.556023 -0.825063 2.907200 0.053314 0.825063 0.562520 0.000000 0.000000 0.000000 0.000000 1.000000
0.993503 -0.100548 0.053315 0.000000 0.100549 0.556023 -0.825063 2.907200 0.053314 0.825063 0.562520 0.000000 0.000000 0.000000 0.000000 1.000000
0.993503 -0.100548 0.053315 0.000000 0.100549 0.556023 -0.825063 2.907200 0.053314 0.825063 0.562520 0.000000 0.000000 0.000000 0.000000 1.000000
0.993503 -0.100548 0.053316 -0.000000 0.100549 0.556023 -0.825063 2.907200 0.053314 0.825063 0.562520 0.000000 0.000000 0.000000 0.000000 1.000000</float_array>
        <technique_common>
          <accessor source="#mixamorig_RightHandIndex3-Matrix-animation-output-transform-array" count="56" stride="16">
            <param type="float4x4"/>
          </accessor>
        </technique_common>
      </source>
      <source id="mixamorig_RightHandIndex3-Interpolations">
        <Name_array id="mixamorig_RightHandIndex3-Interpolations-array" count="56">
 LINEAR LINEAR LINEAR LINEAR LINEAR LINEAR LINEAR LINEAR LINEAR LINEAR LINEAR
LINEAR LINEAR LINEAR LINEAR LINEAR LINEAR LINEAR LINEAR LINEAR LINEAR LINEAR LINEAR
LINEAR LINEAR LINEAR LINEAR LINEAR LINEAR LINEAR LINEAR LINEAR LINEAR LINEAR LINEAR
LINEAR LINEAR LINEAR LINEAR LINEAR LINEAR LINEAR LINEAR LINEAR LINEAR LINEAR LINEAR
LINEAR LINEAR LINEAR LINEAR LINEAR LINEAR LINEAR LINEAR LINEAR</Name_array>
        <technique_common>
          <accessor source="#mixamorig_RightHandIndex3-Interpolations-array" count="56">
            <param type="name"/>
          </accessor>
        </technique_common>
      </source>
      <sampler id="mixamorig_RightHandIndex3-Matrix-animation-transform">
        <input semantic="INPUT" source="#mixamorig_RightHandIndex3-Matrix-animation-input"/>
        <input semantic="OUTPUT" source="#mixamorig_RightHandIndex3-Matrix-animation-output-transform"/>
        <input semantic="INTERPOLATION" source="#mixamorig_RightHandIndex3-Interpolations"/>
      </sampler>
      <channel source="#mixamorig_RightHandIndex3-Matrix-animation-transform" target="mixamorig_RightHandIndex3/matrix"/>
    </animation>
    <animation id="mixamorig_RightHandMiddle1-anim" name="mixamorig_RightHandMiddle1">
      <source id="mixamorig_RightHandMiddle1-Matrix-animation-input">
        <float_array id="mixamorig_RightHandMiddle1-Matrix-animation-input-array" count="56">

0.000000 0.033333 0.066667 0.100000 0.133333 0.166667 0.200000 0.233333 0.266667 0.300000 0.333333 0.366667 0.400000 0.433333 0.466667 0.500000
0.533333 0.566667 0.600000 0.633333 0.666667 0.700000 0.733333 0.766667 0.800000 0.833333 0.866667 0.900000 0.933333 0.966667 1.000000 1.033333
1.066667 1.100000 1.133333 1.166667 1.200000 1.233333 1.266667 1.300000 1.333333 1.366667 1.400000 1.433333 1.466667 1.500000 1.533333 1.566667
1.600000 1.633333 1.666667 1.700000 1.733333 1.766667 1.800000 1.833333</float_array>
        <technique_common>
          <accessor source="#mixamorig_RightHandMiddle1-Matrix-animation-input-array" count="56">
            <param name="TIME" type="float"/>
          </accessor>
        </technique_common>
      </source>
      <source id="mixamorig_RightHandMiddle1-Matrix-animation-output-transform">
        <float_array id="mixamorig_RightHandMiddle1-Matrix-animation-output-transform-array" count="896">

0.996564 -0.077881 0.028196 0.000000 0.077882 0.765200 -0.639065 15.099700 0.028195 0.639065 0.768636 0.000000 0.000000 0.000000 0.000000 1.000000
0.996564 -0.077881 0.028196 0.000000 0.077881 0.765199 -0.639065 15.099700 0.028195 0.639065 0.768636 0.000000 0.000000 0.000000 0.000000 1.000000
0.996564 -0.077881 0.028196 0.000000 0.077881 0.765200 -0.639065 15.099700 0.028195 0.639065 0.768636 0.000000 0.000000 0.000000 0.000000 1.000000
0.996564 -0.077881 0.028197 0.000000 0.077882 0.765200 -0.639065 15.099700 0.028195 0.639065 0.768636 0.000000 0.000000 0.000000 0.000000 1.000000
0.996564 -0.077881 0.028196 0.000000 0.077881 0.765200 -0.639065 15.099700 0.028195 0.639065 0.768636 0.000000 0.000000 0.000000 0.000000 1.000000
0.996564 -0.077881 0.028196 0.000000 0.077882 0.765200 -0.639065 15.099700 0.028195 0.639065 0.768636 -0.000000 0.000000 0.000000 0.000000 1.000000
0.996564 -0.077881 0.028196 0.000000 0.077882 0.765200 -0.639065 15.099700 0.028195 0.639065 0.768636 0.000000 0.000000 0.000000 0.000000 1.000000
0.996564 -0.077881 0.028196 0.000000 0.077881 0.765200 -0.639065 15.099700 0.028195 0.639065 0.768636 -0.000000 0.000000 0.000000 0.000000 1.000000
0.996564 -0.077881 0.028196 0.000000 0.077881 0.765200 -0.639065 15.099700 0.028195 0.639065 0.768636 0.000000 0.000000 0.000000 0.000000 1.000000
0.996564 -0.077881 0.028197 -0.000000 0.077882 0.765200 -0.639065 15.099700 0.028195 0.639065 0.768636 0.000000 0.000000 0.000000 0.000000 1.000000
0.996564 -0.077881 0.028197 0.000000 0.077882 0.765200 -0.639065 15.099700 0.028195 0.639065 0.768636 0.000000 0.000000 0.000000 0.000000 1.000000
0.996564 -0.077881 0.028197 0.000000 0.077882 0.765200 -0.639065 15.099700 0.028195 0.639065 0.768636 0.000000 0.000000 0.000000 0.000000 1.000000
0.996564 -0.077881 0.028196 -0.000000 0.077882 0.765200 -0.639065 15.099700 0.028195 0.639065 0.768636 0.000000 0.000000 0.000000 0.000000 1.000000
0.996564 -0.077881 0.028197 0.000000 0.077882 0.765200 -0.639065 15.099700 0.028195 0.639065 0.768636 0.000000 0.000000 0.000000 0.000000 1.000000
0.996564 -0.077881 0.028196 -0.000000 0.077881 0.765200 -0.639065 15.099700 0.028195 0.639065 0.768636 -0.000000 0.000000 0.000000 0.000000 1.000000
0.996564 -0.077881 0.028196 0.000000 0.077881 0.765200 -0.639065 15.099700 0.028195 0.639065 0.768636 0.000000 0.000000 0.000000 0.000000 1.000000
0.996564 -0.077881 0.028196 0.000000 0.077882 0.765200 -0.639065 15.099700 0.028195 0.639065 0.768636 0.000000 0.000000 0.000000 0.000000 1.000000
0.996564 -0.077881 0.028197 0.000000 0.077882 0.765200 -0.639065 15.099700 0.028195 0.639065 0.768636 -0.000000 0.000000 0.000000 0.000000 1.000000
0.996564 -0.077881 0.028196 0.000000 0.077881 0.765200 -0.639065 15.099700 0.028195 0.639065 0.768636 -0.000000 0.000000 0.000000 0.000000 1.000000
0.996564 -0.077881 0.028197 -0.000000 0.077882 0.765200 -0.639065 15.099700 0.028195 0.639065 0.768636 0.000000 0.000000 0.000000 0.000000 1.000000
0.996564 -0.077881 0.028196 0.000000 0.077881 0.765200 -0.639065 15.099700 0.028195 0.639065 0.768636 0.000000 0.000000 0.000000 0.000000 1.000000
0.996564 -0.077881 0.028196 0.000000 0.077881 0.765200 -0.639065 15.099700 0.028195 0.639065 0.768636 0.000000 0.000000 0.000000 0.000000 1.000000
0.996564 -0.077881 0.028196 0.000000 0.077881 0.765200 -0.639065 15.099700 0.028195 0.639065 0.768636 0.000000 0.000000 0.000000 0.000000 1.000000
0.996564 -0.077881 0.028196 0.000000 0.077881 0.765200 -0.639065 15.099700 0.028195 0.639065 0.768636 0.000000 0.000000 0.000000 0.000000 1.000000
0.996564 -0.077881 0.028196 0.000000 0.077881 0.765200 -0.639065 15.099700 0.028195 0.639065 0.768636 0.000000 0.000000 0.000000 0.000000 1.000000
0.996564 -0.077881 0.028196 0.000000 0.077881 0.765200 -0.639065 15.099700 0.028195 0.639065 0.768636 -0.000000 0.000000 0.000000 0.000000 1.000000
0.996564 -0.077881 0.028196 0.000000 0.077881 0.765200 -0.639065 15.099700 0.028195 0.639065 0.768636 0.000000 0.000000 0.000000 0.000000 1.000000
0.996564 -0.077881 0.028196 0.000000 0.077882 0.765200 -0.639065 15.099700 0.028195 0.639065 0.768636 0.000000 0.000000 0.000000 0.000000 1.000000
0.996564 -0.077881 0.028196 -0.000000 0.077881 0.765200 -0.639065 15.099700 0.028195 0.639065 0.768636 0.000000 0.000000 0.000000 0.000000 1.000000
0.996564 -0.077881 0.028196 -0.000000 0.077882 0.765200 -0.639065 15.099700 0.028195 0.639065 0.768636 0.000000 0.000000 0.000000 0.000000 1.000000
0.996564 -0.077881 0.028196 -0.000000 0.077882 0.765200 -0.639065 15.099700 0.028195 0.639065 0.768636 0.000000 0.000000 0.000000 0.000000 1.000000
0.996564 -0.077881 0.028196 -0.000000 0.077882 0.765200 -0.639065 15.099700 0.028195 0.639065 0.768636 0.000000 0.000000 0.000000 0.000000 1.000000
0.996564 -0.077881 0.028196 -0.000000 0.077881 0.765200 -0.639065 15.099700 0.028195 0.639065 0.768636 0.000000 0.000000 0.000000 0.000000 1.000000
0.996564 -0.077881 0.028197 -0.000000 0.077882 0.765200 -0.639065 15.099700 0.028195 0.639065 0.768636 0.000000 0.000000 0.000000 0.000000 1.000000
0.996564 -0.077881 0.028196 0.000000 0.077881 0.765200 -0.639065 15.099700 0.028195 0.639065 0.768636 0.000000 0.000000 0.000000 0.000000 1.000000
0.996564 -0.077881 0.028197 0.000000 0.077882 0.765200 -0.639065 15.099700 0.028195 0.639065 0.768636 0.000000 0.000000 0.000000 0.000000 1.000000
0.996564 -0.077881 0.028196 0.000000 0.077882 0.765200 -0.639065 15.099700 0.028195 0.639065 0.768636 0.000000 0.000000 0.000000 0.000000 1.000000
0.996564 -0.077881 0.028197 -0.000000 0.077882 0.765200 -0.639065 15.099700 0.028195 0.639065 0.768636 0.000000 0.000000 0.000000 0.000000 1.000000
0.996564 -0.077881 0.028196 -0.000000 0.077882 0.765200 -0.639065 15.099700 0.028195 0.639065 0.768636 0.000000 0.000000 0.000000 0.000000 1.000000
0.996564 -0.077881 0.028196 0.000000 0.077881 0.765200 -0.639065 15.099700 0.028195 0.639065 0.768636 -0.000000 0.000000 0.000000 0.000000 1.000000
0.996564 -0.077881 0.028196 -0.000000 0.077881 0.765200 -0.639065 15.099700 0.028195 0.639065 0.768636 0.000000 0.000000 0.000000 0.000000 1.000000
0.996564 -0.077881 0.028196 0.000000 0.077882 0.765200 -0.639065 15.099700 0.028195 0.639065 0.768636 0.000000 0.000000 0.000000 0.000000 1.000000
0.996564 -0.077881 0.028196 0.000000 0.077881 0.765200 -0.639065 15.099700 0.028195 0.639065 0.768636 0.000000 0.000000 0.000000 0.000000 1.000000
0.996564 -0.077881 0.028196 0.000000 0.077881 0.765199 -0.639065 15.099700 0.028195 0.639065 0.768636 0.000000 0.000000 0.000000 0.000000 1.000000
0.996564 -0.077881 0.028196 0.000000 0.077882 0.765200 -0.639065 15.099700 0.028195 0.639065 0.768636 0.000000 0.000000 0.000000 0.000000 1.000000
0.996564 -0.077881 0.028196 0.000000 0.077881 0.765200 -0.639065 15.099700 0.028195 0.639065 0.768636 -0.000000 0.000000 0.000000 0.000000 1.000000
0.996564 -0.077881 0.028197 -0.000000 0.077881 0.765200 -0.639065 15.099700 0.028195 0.639065 0.768636 0.000000 0.000000 0.000000 0.000000 1.000000
0.996564 -0.077881 0.028196 0.000000 0.077881 0.765200 -0.639065 15.099700 0.028195 0.639065 0.768636 0.000000 0.000000 0.000000 0.000000 1.000000
0.996564 -0.077881 0.028197 0.000000 0.077882 0.765200 -0.639065 15.099700 0.028195 0.639065 0.768636 0.000000 0.000000 0.000000 0.000000 1.000000
0.996564 -0.077881 0.028196 0.000000 0.077881 0.765200 -0.639065 15.099700 0.028195 0.639065 0.768636 0.000000 0.000000 0.000000 0.000000 1.000000
0.996564 -0.077881 0.028197 0.000000 0.077882 0.765200 -0.639065 15.099700 0.028195 0.639065 0.768636 0.000000 0.000000 0.000000 0.000000 1.000000
0.996564 -0.077881 0.028196 0.000000 0.077881 0.765200 -0.639065 15.099700 0.028195 0.639065 0.768636 0.000000 0.000000 0.000000 0.000000 1.000000
0.996564 -0.077881 0.028197 0.000000 0.077882 0.765200 -0.639065 15.099700 0.028195 0.639065 0.768636 0.000000 0.000000 0.000000 0.000000 1.000000
0.996564 -0.077881 0.028196 0.000000 0.077882 0.765200 -0.639065 15.099700 0.028195 0.639065 0.768636 -0.000000 0.000000 0.000000 0.000000 1.000000
0.996564 -0.077881 0.028196 -0.000000 0.077882 0.765200 -0.639065 15.099700 0.028195 0.639065 0.768636 0.000000 0.000000 0.000000 0.000000 1.000000
0.996564 -0.077881 0.028196 0.000000 0.077882 0.765200 -0.639065 15.099700 0.028195 0.639065 0.768636 -0.000000 0.000000 0.000000 0.000000 1.000000</float_array>
        <technique_common>
          <accessor source="#mixamorig_RightHandMiddle1-Matrix-animation-output-transform-array" count="56" stride="16">
            <param type="float4x4"/>
          </accessor>
        </technique_common>
      </source>
      <source id="mixamorig_RightHandMiddle1-Interpolations">
        <Name_array id="mixamorig_RightHandMiddle1-Interpolations-array" count="56">
 LINEAR LINEAR LINEAR LINEAR LINEAR LINEAR LINEAR LINEAR LINEAR LINEAR LINEAR
LINEAR LINEAR LINEAR LINEAR LINEAR LINEAR LINEAR LINEAR LINEAR LINEAR LINEAR LINEAR
LINEAR LINEAR LINEAR LINEAR LINEAR LINEAR LINEAR LINEAR LINEAR LINEAR LINEAR LINEAR
LINEAR LINEAR LINEAR LINEAR LINEAR LINEAR LINEAR LINEAR LINEAR LINEAR LINEAR LINEAR
LINEAR LINEAR LINEAR LINEAR LINEAR LINEAR LINEAR LINEAR LINEAR</Name_array>
        <technique_common>
          <accessor source="#mixamorig_RightHandMiddle1-Interpolations-array" count="56">
            <param type="name"/>
          </accessor>
        </technique_common>
      </source>
      <sampler id="mixamorig_RightHandMiddle1-Matrix-animation-transform">
        <input semantic="INPUT" source="#mixamorig_RightHandMiddle1-Matrix-animation-input"/>
        <input semantic="OUTPUT" source="#mixamorig_RightHandMiddle1-Matrix-animation-output-transform"/>
        <input semantic="INTERPOLATION" source="#mixamorig_RightHandMiddle1-Interpolations"/>
      </sampler>
      <channel source="#mixamorig_RightHandMiddle1-Matrix-animation-transform" target="mixamorig_RightHandMiddle1/matrix"/>
    </animation>
    <animation id="mixamorig_RightHandMiddle2-anim" name="mixamorig_RightHandMiddle2">
      <source id="mixamorig_RightHandMiddle2-Matrix-animation-input">
        <float_array id="mixamorig_RightHandMiddle2-Matrix-animation-input-array" count="56">

0.000000 0.033333 0.066667 0.100000 0.133333 0.166667 0.200000 0.233333 0.266667 0.300000 0.333333 0.366667 0.400000 0.433333 0.466667 0.500000
0.533333 0.566667 0.600000 0.633333 0.666667 0.700000 0.733333 0.766667 0.800000 0.833333 0.866667 0.900000 0.933333 0.966667 1.000000 1.033333
1.066667 1.100000 1.133333 1.166667 1.200000 1.233333 1.266667 1.300000 1.333333 1.366667 1.400000 1.433333 1.466667 1.500000 1.533333 1.566667
1.600000 1.633333 1.666667 1.700000 1.733333 1.766667 1.800000 1.833333</float_array>
        <technique_common>
          <accessor source="#mixamorig_RightHandMiddle2-Matrix-animation-input-array" count="56">
            <param name="TIME" type="float"/>
          </accessor>
        </technique_common>
      </source>
      <source id="mixamorig_RightHandMiddle2-Matrix-animation-output-transform">
        <float_array id="mixamorig_RightHandMiddle2-Matrix-animation-output-transform-array" count="896">

0.986533 -0.120586 0.110504 0.000000 0.120588 0.079787 -0.989491 3.620200 0.110502 0.989491 0.093254 -0.000000 0.000000 0.000000 0.000000 1.000000
0.986533 -0.120586 0.110504 0.000000 0.120588 0.079788 -0.989491 3.620200 0.110502 0.989491 0.093255 0.000000 0.000000 0.000000 0.000000 1.000000
0.986533 -0.120586 0.110504 0.000000 0.120588 0.079788 -0.989491 3.620200 0.110502 0.989491 0.093254 0.000000 0.000000 0.000000 0.000000 1.000000
0.986533 -0.120586 0.110504 0.000000 0.120588 0.079788 -0.989491 3.620200 0.110502 0.989491 0.093255 0.000000 0.000000 0.000000 0.000000 1.000000
0.986533 -0.120586 0.110504 0.000000 0.120588 0.079788 -0.989491 3.620200 0.110502 0.989491 0.093255 0.000000 0.000000 0.000000 0.000000 1.000000
0.986533 -0.120586 0.110504 0.000000 0.120588 0.079788 -0.989491 3.620200 0.110502 0.989491 0.093255 -0.000000 0.000000 0.000000 0.000000 1.000000
0.986533 -0.120586 0.110504 0.000000 0.120588 0.079788 -0.989491 3.620200 0.110502 0.989491 0.093254 -0.000000 0.000000 0.000000 0.000000 1.000000
0.986533 -0.120586 0.110504 0.000000 0.120588 0.079788 -0.989491 3.620200 0.110502 0.989491 0.093255 0.000000 0.000000 0.000000 0.000000 1.000000
0.986533 -0.120586 0.110504 0.000000 0.120588 0.079788 -0.989491 3.620200 0.110502 0.989491 0.093255 -0.000000 0.000000 0.000000 0.000000 1.000000
0.986533 -0.120586 0.110504 0.000000 0.120588 0.079788 -0.989491 3.620200 0.110502 0.989491 0.093254 0.000000 0.000000 0.000000 0.000000 1.000000
0.986533 -0.120586 0.110504 -0.000000 0.120588 0.079788 -0.989491 3.620200 0.110502 0.989491 0.093254 0.000000 0.000000 0.000000 0.000000 1.000000
0.986533 -0.120586 0.110504 0.000000 0.120588 0.079788 -0.989491 3.620200 0.110502 0.989491 0.093255 -0.000000 0.000000 0.000000 0.000000 1.000000
0.986533 -0.120586 0.110504 0.000000 0.120588 0.079788 -0.989491 3.620200 0.110502 0.989491 0.093255 0.000000 0.000000 0.000000 0.000000 1.000000
0.986533 -0.120586 0.110504 0.000000 0.120588 0.079787 -0.989491 3.620200 0.110502 0.989491 0.093254 -0.000000 0.000000 0.000000 0.000000 1.000000
0.986533 -0.120586 0.110504 0.000000 0.120588 0.079788 -0.989491 3.620200 0.110502 0.989491 0.093254 0.000000 0.000000 0.000000 0.000000 1.000000
0.986533 -0.120586 0.110504 0.000000 0.120588 0.079788 -0.989491 3.620200 0.110502 0.989491 0.093255 0.000000 0.000000 0.000000 0.000000 1.000000
0.986533 -0.120586 0.110504 0.000000 0.120588 0.079788 -0.989491 3.620200 0.110502 0.989491 0.093254 0.000000 0.000000 0.000000 0.000000 1.000000
0.986533 -0.120586 0.110504 -0.000000 0.120588 0.079788 -0.989491 3.620200 0.110502 0.989491 0.093254 0.000000 0.000000 0.000000 0.000000 1.000000
0.986533 -0.120586 0.110504 -0.000000 0.120588 0.079788 -0.989491 3.620200 0.110502 0.989491 0.093255 0.000000 0.000000 0.000000 0.000000 1.000000
0.986533 -0.120586 0.110504 0.000000 0.120588 0.079788 -0.989491 3.620200 0.110502 0.989491 0.093255 0.000000 0.000000 0.000000 0.000000 1.000000
0.986533 -0.120586 0.110504 0.000000 0.120588 0.079788 -0.989491 3.620200 0.110502 0.989491 0.093255 0.000000 0.000000 0.000000 0.000000 1.000000
0.986533 -0.120586 0.110504 0.000000 0.120588 0.079788 -0.989491 3.620200 0.110502 0.989491 0.093254 0.000000 0.000000 0.000000 0.000000 1.000000
0.986533 -0.120586 0.110504 0.000000 0.120588 0.079788 -0.989491 3.620200 0.110502 0.989491 0.093254 0.000000 0.000000 0.000000 0.000000 1.000000
0.986533 -0.120586 0.110504 0.000000 0.120588 0.079788 -0.989491 3.620200 0.110502 0.989491 0.093254 0.000000 0.000000 0.000000 0.000000 1.000000
0.986533 -0.120586 0.110504 0.000000 0.120588 0.079788 -0.989491 3.620200 0.110502 0.989491 0.093255 0.000000 0.000000 0.000000 0.000000 1.000000
0.986533 -0.120586 0.110504 -0.000000 0.120588 0.079788 -0.989491 3.620200 0.110502 0.989491 0.093254 0.000000 0.000000 0.000000 0.000000 1.000000
0.986533 -0.120586 0.110504 0.000000 0.120588 0.079788 -0.989491 3.620200 0.110502 0.989491 0.093255 0.000000 0.000000 0.000000 0.000000 1.000000
0.986533 -0.120586 0.110504 -0.000000 0.120588 0.079788 -0.989491 3.620200 0.110502 0.989491 0.093255 0.000000 0.000000 0.000000 0.000000 1.000000
0.986533 -0.120586 0.110504 0.000000 0.120588 0.079788 -0.989491 3.620200 0.110502 0.989491 0.093254 -0.000000 0.000000 0.000000 0.000000 1.000000
0.986533 -0.120586 0.110504 0.000000 0.120588 0.079788 -0.989491 3.620200 0.110502 0.989491 0.093255 -0.000000 0.000000 0.000000 0.000000 1.000000
0.986533 -0.120586 0.110504 0.000000 0.120588 0.079788 -0.989491 3.620200 0.110502 0.989491 0.093254 0.000000 0.000000 0.000000 0.000000 1.000000
0.986533 -0.120586 0.110504 0.000000 0.120588 0.079788 -0.989491 3.620200 0.110502 0.989491 0.093255 0.000000 0.000000 0.000000 0.000000 1.000000
0.986533 -0.120586 0.110504 0.000000 0.120588 0.079788 -0.989491 3.620200 0.110502 0.989491 0.093255 0.000000 0.000000 0.000000 0.000000 1.000000
0.986533 -0.120586 0.110504 0.000000 0.120588 0.079788 -0.989491 3.620200 0.110502 0.989491 0.093255 0.000000 0.000000 0.000000 0.000000 1.000000
0.986533 -0.120586 0.110504 -0.000000 0.120588 0.079788 -0.989491 3.620200 0.110502 0.989491 0.093255 -0.000000 0.000000 0.000000 0.000000 1.000000
0.986533 -0.120586 0.110504 -0.000000 0.120588 0.079787 -0.989491 3.620200 0.110502 0.989491 0.093254 -0.000000 0.000000 0.000000 0.000000 1.000000
0.986533 -0.120586 0.110504 0.000000 0.120588 0.079788 -0.989491 3.620200 0.110502 0.989491 0.093255 0.000000 0.000000 0.000000 0.000000 1.000000
0.986533 -0.120586 0.110504 0.000000 0.120588 0.079788 -0.989491 3.620200 0.110502 0.989491 0.093255 -0.000000 0.000000 0.000000 0.000000 1.000000
0.986533 -0.120586 0.110504 0.000000 0.120588 0.079787 -0.989491 3.620200 0.110502 0.989491 0.093254 0.000000 0.000000 0.000000 0.000000 1.000000
0.986533 -0.120586 0.110504 -0.000000 0.120588 0.079788 -0.989491 3.620200 0.110502 0.989491 0.093254 0.000000 0.000000 0.000000 0.000000 1.000000
0.986533 -0.120586 0.110504 -0.000000 0.120588 0.079788 -0.989491 3.620200 0.110502 0.989491 0.093254 0.000000 0.000000 0.000000 0.000000 1.000000
0.986533 -0.120586 0.110504 0.000000 0.120588 0.079788 -0.989491 3.620200 0.110502 0.989491 0.093255 0.000000 0.000000 0.000000 0.000000 1.000000
0.986533 -0.120586 0.110504 0.000000 0.120588 0.079788 -0.989491 3.620200 0.110502 0.989491 0.093255 0.000000 0.000000 0.000000 0.000000 1.000000
0.986533 -0.120586 0.110504 0.000000 0.120588 0.079788 -0.989491 3.620200 0.110502 0.989491 0.093255 -0.000000 0.000000 0.000000 0.000000 1.000000
0.986533 -0.120586 0.110503 0.000000 0.120587 0.079788 -0.989491 3.620200 0.110502 0.989491 0.093255 0.000000 0.000000 0.000000 0.000000 1.000000
0.986533 -0.120586 0.110504 0.000000 0.120588 0.079788 -0.989491 3.620200 0.110502 0.989491 0.093255 -0.000000 0.000000 0.000000 0.000000 1.000000
0.986533 -0.120586 0.110504 -0.000000 0.120588 0.079788 -0.989491 3.620200 0.110502 0.989491 0.093254 0.000000 0.000000 0.000000 0.000000 1.000000
0.986533 -0.120586 0.110504 0.000000 0.120588 0.079788 -0.989491 3.620200 0.110502 0.989491 0.093255 0.000000 0.000000 0.000000 0.000000 1.000000
0.986533 -0.120586 0.110504 -0.000000 0.120588 0.079788 -0.989491 3.620200 0.110502 0.989491 0.093255 0.000000 0.000000 0.000000 0.000000 1.000000
0.986533 -0.120586 0.110504 0.000000 0.120588 0.079788 -0.989491 3.620200 0.110502 0.989491 0.093255 0.000000 0.000000 0.000000 0.000000 1.000000
0.986533 -0.120586 0.110504 0.000000 0.120588 0.079788 -0.989491 3.620200 0.110502 0.989491 0.093255 0.000000 0.000000 0.000000 0.000000 1.000000
0.986533 -0.120586 0.110504 0.000000 0.120588 0.079788 -0.989491 3.620200 0.110502 0.989491 0.093255 -0.000000 0.000000 0.000000 0.000000 1.000000
0.986533 -0.120586 0.110504 -0.000000 0.120588 0.079788 -0.989491 3.620200 0.110502 0.989491 0.093255 0.000000 0.000000 0.000000 0.000000 1.000000
0.986533 -0.120586 0.110504 0.000000 0.120588 0.079788 -0.989491 3.620200 0.110502 0.989491 0.093254 0.000000 0.000000 0.000000 0.000000 1.000000
0.986533 -0.120586 0.110504 0.000000 0.120587 0.079788 -0.989491 3.620200 0.110502 0.989491 0.093254 0.000000 0.000000 0.000000 0.000000 1.000000
0.986533 -0.120586 0.110504 -0.000000 0.120588 0.079788 -0.989491 3.620200 0.110502 0.989491 0.093255 -0.000000 0.000000 0.000000 0.000000 1.000000</float_array>
        <technique_common>
          <accessor source="#mixamorig_RightHandMiddle2-Matrix-animation-output-transform-array" count="56" stride="16">
            <param type="float4x4"/>
          </accessor>
        </technique_common>
      </source>
      <source id="mixamorig_RightHandMiddle2-Interpolations">
        <Name_array id="mixamorig_RightHandMiddle2-Interpolations-array" count="56">
 LINEAR LINEAR LINEAR LINEAR LINEAR LINEAR LINEAR LINEAR LINEAR LINEAR LINEAR
LINEAR LINEAR LINEAR LINEAR LINEAR LINEAR LINEAR LINEAR LINEAR LINEAR LINEAR LINEAR
LINEAR LINEAR LINEAR LINEAR LINEAR LINEAR LINEAR LINEAR LINEAR LINEAR LINEAR LINEAR
LINEAR LINEAR LINEAR LINEAR LINEAR LINEAR LINEAR LINEAR LINEAR LINEAR LINEAR LINEAR
LINEAR LINEAR LINEAR LINEAR LINEAR LINEAR LINEAR LINEAR LINEAR</Name_array>
        <technique_common>
          <accessor source="#mixamorig_RightHandMiddle2-Interpolations-array" count="56">
            <param type="name"/>
          </accessor>
        </technique_common>
      </source>
      <sampler id="mixamorig_RightHandMiddle2-Matrix-animation-transform">
        <input semantic="INPUT" source="#mixamorig_RightHandMiddle2-Matrix-animation-input"/>
        <input semantic="OUTPUT" source="#mixamorig_RightHandMiddle2-Matrix-animation-output-transform"/>
        <input semantic="INTERPOLATION" source="#mixamorig_RightHandMiddle2-Interpolations"/>
      </sampler>
      <channel source="#mixamorig_RightHandMiddle2-Matrix-animation-transform" target="mixamorig_RightHandMiddle2/matrix"/>
    </animation>
    <animation id="mixamorig_RightHandMiddle3-anim" name="mixamorig_RightHandMiddle3">
      <source id="mixamorig_RightHandMiddle3-Matrix-animation-input">
        <float_array id="mixamorig_RightHandMiddle3-Matrix-animation-input-array" count="56">

0.000000 0.033333 0.066667 0.100000 0.133333 0.166667 0.200000 0.233333 0.266667 0.300000 0.333333 0.366667 0.400000 0.433333 0.466667 0.500000
0.533333 0.566667 0.600000 0.633333 0.666667 0.700000 0.733333 0.766667 0.800000 0.833333 0.866667 0.900000 0.933333 0.966667 1.000000 1.033333
1.066667 1.100000 1.133333 1.166667 1.200000 1.233333 1.266667 1.300000 1.333333 1.366667 1.400000 1.433333 1.466667 1.500000 1.533333 1.566667
1.600000 1.633333 1.666667 1.700000 1.733333 1.766667 1.800000 1.833333</float_array>
        <technique_common>
          <accessor source="#mixamorig_RightHandMiddle3-Matrix-animation-input-array" count="56">
            <param name="TIME" type="float"/>
          </accessor>
        </technique_common>
      </source>
      <source id="mixamorig_RightHandMiddle3-Matrix-animation-output-transform">
        <float_array id="mixamorig_RightHandMiddle3-Matrix-animation-output-transform-array" count="896">

0.993503 -0.100548 0.053316 0.000000 0.100549 0.556023 -0.825063 2.832500 0.053314 0.825063 0.562520 0.000000 0.000000 0.000000 0.000000 1.000000
0.993503 -0.100548 0.053315 0.000000 0.100549 0.556023 -0.825063 2.832500 0.053314 0.825063 0.562520 0.000000 0.000000 0.000000 0.000000 1.000000
0.993503 -0.100548 0.053315 0.000000 0.100549 0.556023 -0.825063 2.832500 0.053314 0.825063 0.562520 -0.000000 0.000000 0.000000 0.000000 1.000000
0.993503 -0.100548 0.053315 -0.000000 0.100549 0.556023 -0.825063 2.832500 0.053314 0.825063 0.562520 0.000000 0.000000 0.000000 0.000000 1.000000
0.993503 -0.100548 0.053315 0.000000 0.100549 0.556023 -0.825063 2.832500 0.053314 0.825063 0.562520 0.000000 0.000000 0.000000 0.000000 1.000000
0.993503 -0.100548 0.053315 -0.000000 0.100549 0.556023 -0.825063 2.832500 0.053314 0.825063 0.562520 -0.000000 0.000000 0.000000 0.000000 1.000000
0.993503 -0.100548 0.053315 -0.000000 0.100549 0.556023 -0.825063 2.832500 0.053314 0.825063 0.562520 -0.000000 0.000000 0.000000 0.000000 1.000000
0.993503 -0.100548 0.053316 -0.000000 0.100549 0.556023 -0.825063 2.832500 0.053314 0.825063 0.562520 0.000000 0.000000 0.000000 0.000000 1.000000
0.993503 -0.100548 0.053315 0.000000 0.100549 0.556023 -0.825063 2.832500 0.053314 0.825063 0.562520 0.000000 0.000000 0.000000 0.000000 1.000000
0.993503 -0.100548 0.053316 0.000000 0.100549 0.556023 -0.825063 2.832500 0.053314 0.825063 0.562520 0.000000 0.000000 0.000000 0.000000 1.000000
0.993503 -0.100548 0.053315 0.000000 0.100549 0.556023 -0.825063 2.832500 0.053314 0.825063 0.562520 0.000000 0.000000 0.000000 0.000000 1.000000
0.993503 -0.100548 0.053315 0.000000 0.100549 0.556023 -0.825063 2.832500 0.053314 0.825063 0.562520 0.000000 0.000000 0.000000 0.000000 1.000000
0.993503 -0.100548 0.053316 0.000000 0.100549 0.556023 -0.825063 2.832500 0.053313 0.825063 0.562520 0.000000 0.000000 0.000000 0.000000 1.000000
0.993503 -0.100548 0.053315 0.000000 0.100549 0.556023 -0.825063 2.832500 0.053314 0.825063 0.562520 -0.000000 0.000000 0.000000 0.000000 1.000000
0.993503 -0.100548 0.053315 0.000000 0.100549 0.556023 -0.825063 2.832500 0.053314 0.825063 0.562520 0.000000 0.000000 0.000000 0.000000 1.000000
0.993503 -0.100548 0.053315 0.000000 0.100549 0.556023 -0.825063 2.832500 0.053314 0.825063 0.562520 0.000000 0.000000 0.000000 0.000000 1.000000
0.993503 -0.100548 0.053315 -0.000000 0.100549 0.556023 -0.825063 2.832500 0.053314 0.825063 0.562520 0.000000 0.000000 0.000000 0.000000 1.000000
0.993503 -0.100548 0.053315 0.000000 0.100549 0.556023 -0.825063 2.832500 0.053314 0.825063 0.562520 -0.000000 0.000000 0.000000 0.000000 1.000000
0.993503 -0.100548 0.053315 0.000000 0.100549 0.556023 -0.825063 2.832500 0.053314 0.825063 0.562520 0.000000 0.000000 0.000000 0.000000 1.000000
0.993503 -0.100548 0.053315 0.000000 0.100549 0.556023 -0.825063 2.832500 0.053314 0.825063 0.562520 0.000000 0.000000 0.000000 0.000000 1.000000
0.993503 -0.100548 0.053315 0.000000 0.100549 0.556023 -0.825063 2.832500 0.053314 0.825063 0.562520 0.000000 0.000000 0.000000 0.000000 1.000000
0.993503 -0.100548 0.053315 0.000000 0.100549 0.556023 -0.825063 2.832500 0.053314 0.825063 0.562520 0.000000 0.000000 0.000000 0.000000 1.000000
0.993503 -0.100548 0.053315 0.000000 0.100549 0.556023 -0.825063 2.832500 0.053314 0.825063 0.562520 0.000000 0.000000 0.000000 0.000000 1.000000
0.993503 -0.100548 0.053315 0.000000 0.100549 0.556023 -0.825063 2.832500 0.053314 0.825063 0.562520 0.000000 0.000000 0.000000 0.000000 1.000000
0.993503 -0.100548 0.053315 -0.000000 0.100549 0.556023 -0.825063 2.832500 0.053314 0.825063 0.562520 0.000000 0.000000 0.000000 0.000000 1.000000
0.993503 -0.100548 0.053315 -0.000000 0.100549 0.556023 -0.825063 2.832500 0.053314 0.825063 0.562520 0.000000 0.000000 0.000000 0.000000 1.000000
0.993503 -0.100548 0.053315 0.000000 0.100549 0.556023 -0.825063 2.832500 0.053314 0.825063 0.562520 0.000000 0.000000 0.000000 0.000000 1.000000
0.993503 -0.100548 0.053315 0.000000 0.100549 0.556023 -0.825063 2.832500 0.053314 0.825063 0.562520 0.000000 0.000000 0.000000 0.000000 1.000000
0.993503 -0.100548 0.053315 0.000000 0.100549 0.556023 -0.825063 2.832500 0.053314 0.825063 0.562520 -0.000000 0.000000 0.000000 0.000000 1.000000
0.993503 -0.100548 0.053315 0.000000 0.100549 0.556023 -0.825063 2.832500 0.053314 0.825063 0.562520 0.000000 0.000000 0.000000 0.000000 1.000000
0.993503 -0.100548 0.053315 0.000000 0.100549 0.556023 -0.825063 2.832500 0.053314 0.825063 0.562520 0.000000 0.000000 0.000000 0.000000 1.000000
0.993503 -0.100548 0.053315 0.000000 0.100549 0.556023 -0.825063 2.832500 0.053314 0.825063 0.562520 -0.000000 0.000000 0.000000 0.000000 1.000000
0.993503 -0.100548 0.053315 -0.000000 0.100549 0.556023 -0.825063 2.832500 0.053314 0.825063 0.562520 -0.000000 0.000000 0.000000 0.000000 1.000000
0.993503 -0.100548 0.053315 -0.000000 0.100549 0.556023 -0.825063 2.832500 0.053314 0.825063 0.562520 -0.000000 0.000000 0.000000 0.000000 1.000000
0.993503 -0.100548 0.053315 0.000000 0.100549 0.556023 -0.825063 2.832500 0.053314 0.825063 0.562520 -0.000000 0.000000 0.000000 0.000000 1.000000
0.993503 -0.100548 0.053315 0.000000 0.100549 0.556023 -0.825063 2.832500 0.053314 0.825063 0.562520 -0.000000 0.000000 0.000000 0.000000 1.000000
0.993503 -0.100548 0.053315 0.000000 0.100549 0.556023 -0.825063 2.832500 0.053314 0.825063 0.562520 0.000000 0.000000 0.000000 0.000000 1.000000
0.993503 -0.100548 0.053315 0.000000 0.100549 0.556023 -0.825063 2.832500 0.053314 0.825063 0.562520 0.000000 0.000000 0.000000 0.000000 1.000000
0.993503 -0.100548 0.053315 -0.000000 0.100549 0.556023 -0.825063 2.832500 0.053314 0.825063 0.562520 0.000000 0.000000 0.000000 0.000000 1.000000
0.993503 -0.100548 0.053315 0.000000 0.100549 0.556023 -0.825062 2.832500 0.053314 0.825063 0.562521 0.000000 0.000000 0.000000 0.000000 1.000000
0.993503 -0.100548 0.053315 0.000000 0.100549 0.556023 -0.825063 2.832500 0.053314 0.825063 0.562520 0.000000 0.000000 0.000000 0.000000 1.000000
0.993503 -0.100548 0.053315 -0.000000 0.100549 0.556023 -0.825063 2.832500 0.053314 0.825063 0.562520 -0.000000 0.000000 0.000000 0.000000 1.000000
0.993503 -0.100548 0.053315 0.000000 0.100549 0.556023 -0.825063 2.832500 0.053314 0.825063 0.562520 0.000000 0.000000 0.000000 0.000000 1.000000
0.993503 -0.100548 0.053315 0.000000 0.100549 0.556023 -0.825063 2.832500 0.053314 0.825063 0.562520 0.000000 0.000000 0.000000 0.000000 1.000000
0.993503 -0.100548 0.053315 -0.000000 0.100549 0.556023 -0.825063 2.832500 0.053314 0.825063 0.562520 -0.000000 0.000000 0.000000 0.000000 1.000000
0.993503 -0.100548 0.053315 -0.000000 0.100549 0.556023 -0.825063 2.832500 0.053314 0.825063 0.562520 -0.000000 0.000000 0.000000 0.000000 1.000000
0.993503 -0.100548 0.053315 0.000000 0.100549 0.556023 -0.825063 2.832500 0.053314 0.825063 0.562520 -0.000000 0.000000 0.000000 0.000000 1.000000
0.993503 -0.100548 0.053315 -0.000000 0.100549 0.556023 -0.825063 2.832500 0.053314 0.825063 0.562520 0.000000 0.000000 0.000000 0.000000 1.000000
0.993503 -0.100548 0.053315 0.000000 0.100549 0.556023 -0.825063 2.832500 0.053314 0.825063 0.562520 0.000000 0.000000 0.000000 0.000000 1.000000
0.993503 -0.100548 0.053315 -0.000000 0.100549 0.556023 -0.825063 2.832500 0.053314 0.825063 0.562520 -0.000000 0.000000 0.000000 0.000000 1.000000
0.993503 -0.100548 0.053315 0.000000 0.100549 0.556023 -0.825063 2.832500 0.053314 0.825063 0.562520 0.000000 0.000000 0.000000 0.000000 1.000000
0.993503 -0.100548 0.053315 -0.000000 0.100549 0.556023 -0.825063 2.832500 0.053314 0.825063 0.562520 -0.000000 0.000000 0.000000 0.000000 1.000000
0.993503 -0.100548 0.053315 0.000000 0.100549 0.556023 -0.825063 2.832500 0.053314 0.825063 0.562520 0.000000 0.000000 0.000000 0.000000 1.000000
0.993503 -0.100548 0.053315 -0.000000 0.100549 0.556023 -0.825063 2.832500 0.053314 0.825063 0.562520 -0.000000 0.000000 0.000000 0.000000 1.000000
0.993503 -0.100548 0.053315 0.000000 0.100549 0.556023 -0.825063 2.832500 0.053314 0.825063 0.562520 -0.000000 0.000000 0.000000 0.000000 1.000000
0.993503 -0.100548 0.053316 -0.000000 0.100549 0.556023 -0.825063 2.832500 0.053314 0.825063 0.562520 0.000000 0.000000 0.000000 0.000000 1.000000</float_array>
        <technique_common>
          <accessor source="#mixamorig_RightHandMiddle3-Matrix-animation-output-transform-array" count="56" stride="16">
            <param type="float4x4"/>
          </accessor>
        </technique_common>
      </source>
      <source id="mixamorig_RightHandMiddle3-Interpolations">
        <Name_array id="mixamorig_RightHandMiddle3-Interpolations-array" count="56">
 LINEAR LINEAR LINEAR LINEAR LINEAR LINEAR LINEAR LINEAR LINEAR LINEAR LINEAR
LINEAR LINEAR LINEAR LINEAR LINEAR LINEAR LINEAR LINEAR LINEAR LINEAR LINEAR LINEAR
LINEAR LINEAR LINEAR LINEAR LINEAR LINEAR LINEAR LINEAR LINEAR LINEAR LINEAR LINEAR
LINEAR LINEAR LINEAR LINEAR LINEAR LINEAR LINEAR LINEAR LINEAR LINEAR LINEAR LINEAR
LINEAR LINEAR LINEAR LINEAR LINEAR LINEAR LINEAR LINEAR LINEAR</Name_array>
        <technique_common>
          <accessor source="#mixamorig_RightHandMiddle3-Interpolations-array" count="56">
            <param type="name"/>
          </accessor>
        </technique_common>
      </source>
      <sampler id="mixamorig_RightHandMiddle3-Matrix-animation-transform">
        <input semantic="INPUT" source="#mixamorig_RightHandMiddle3-Matrix-animation-input"/>
        <input semantic="OUTPUT" source="#mixamorig_RightHandMiddle3-Matrix-animation-output-transform"/>
        <input semantic="INTERPOLATION" source="#mixamorig_RightHandMiddle3-Interpolations"/>
      </sampler>
      <channel source="#mixamorig_RightHandMiddle3-Matrix-animation-transform" target="mixamorig_RightHandMiddle3/matrix"/>
    </animation>
    <animation id="mixamorig_RightHandRing1-anim" name="mixamorig_RightHandRing1">
      <source id="mixamorig_RightHandRing1-Matrix-animation-input">
        <float_array id="mixamorig_RightHandRing1-Matrix-animation-input-array" count="56">

0.000000 0.033333 0.066667 0.100000 0.133333 0.166667 0.200000 0.233333 0.266667 0.300000 0.333333 0.366667 0.400000 0.433333 0.466667 0.500000
0.533333 0.566667 0.600000 0.633333 0.666667 0.700000 0.733333 0.766667 0.800000 0.833333 0.866667 0.900000 0.933333 0.966667 1.000000 1.033333
1.066667 1.100000 1.133333 1.166667 1.200000 1.233333 1.266667 1.300000 1.333333 1.366667 1.400000 1.433333 1.466667 1.500000 1.533333 1.566667
1.600000 1.633333 1.666667 1.700000 1.733333 1.766667 1.800000 1.833333</float_array>
        <technique_common>
          <accessor source="#mixamorig_RightHandRing1-Matrix-animation-input-array" count="56">
            <param name="TIME" type="float"/>
          </accessor>
        </technique_common>
      </source>
      <source id="mixamorig_RightHandRing1-Matrix-animation-output-transform">
        <float_array id="mixamorig_RightHandRing1-Matrix-animation-output-transform-array" count="896">

0.996564 -0.077881 0.028196 -3.512100 0.077882 0.765200 -0.639065 15.621700 0.028195 0.639065 0.768636 0.773000 0.000000 0.000000 0.000000 1.000000
0.996564 -0.077881 0.028196 -3.512100 0.077881 0.765199 -0.639065 15.621700 0.028195 0.639065 0.768636 0.773000 0.000000 0.000000 0.000000 1.000000
0.996564 -0.077881 0.028196 -3.512100 0.077881 0.765200 -0.639065 15.621700 0.028195 0.639065 0.768636 0.773000 0.000000 0.000000 0.000000 1.000000
0.996564 -0.077881 0.028197 -3.512100 0.077882 0.765200 -0.639065 15.621700 0.028195 0.639065 0.768636 0.773000 0.000000 0.000000 0.000000 1.000000
0.996564 -0.077881 0.028196 -3.512100 0.077881 0.765200 -0.639065 15.621700 0.028195 0.639065 0.768636 0.773000 0.000000 0.000000 0.000000 1.000000
0.996564 -0.077881 0.028196 -3.512100 0.077882 0.765200 -0.639065 15.621700 0.028195 0.639065 0.768636 0.773000 0.000000 0.000000 0.000000 1.000000
0.996564 -0.077881 0.028196 -3.512100 0.077882 0.765200 -0.639065 15.621700 0.028195 0.639065 0.768636 0.773000 0.000000 0.000000 0.000000 1.000000
0.996564 -0.077881 0.028196 -3.512100 0.077881 0.765200 -0.639065 15.621700 0.028195 0.639065 0.768636 0.773000 0.000000 0.000000 0.000000 1.000000
0.996564 -0.077881 0.028196 -3.512100 0.077881 0.765200 -0.639065 15.621700 0.028195 0.639065 0.768636 0.773000 0.000000 0.000000 0.000000 1.000000
0.996564 -0.077881 0.028197 -3.512100 0.077882 0.765200 -0.639065 15.621700 0.028195 0.639065 0.768636 0.773000 0.000000 0.000000 0.000000 1.000000
0.996564 -0.077881 0.028197 -3.512100 0.077882 0.765200 -0.639065 15.621700 0.028195 0.639065 0.768636 0.773000 0.000000 0.000000 0.000000 1.000000
0.996564 -0.077881 0.028197 -3.512100 0.077882 0.765200 -0.639065 15.621700 0.028195 0.639065 0.768636 0.773000 0.000000 0.000000 0.000000 1.000000
0.996564 -0.077881 0.028196 -3.512100 0.077882 0.765200 -0.639065 15.621700 0.028195 0.639065 0.768636 0.773000 0.000000 0.000000 0.000000 1.000000
0.996564 -0.077881 0.028197 -3.512100 0.077882 0.765200 -0.639065 15.621700 0.028195 0.639065 0.768636 0.773000 0.000000 0.000000 0.000000 1.000000
0.996564 -0.077881 0.028196 -3.512100 0.077881 0.765200 -0.639065 15.621700 0.028195 0.639065 0.768636 0.773000 0.000000 0.000000 0.000000 1.000000
0.996564 -0.077881 0.028196 -3.512100 0.077881 0.765200 -0.639065 15.621700 0.028195 0.639065 0.768636 0.773000 0.000000 0.000000 0.000000 1.000000
0.996564 -0.077881 0.028197 -3.512100 0.077882 0.765200 -0.639065 15.621700 0.028195 0.639065 0.768636 0.773000 0.000000 0.000000 0.000000 1.000000
0.996564 -0.077881 0.028197 -3.512100 0.077882 0.765200 -0.639065 15.621700 0.028195 0.639065 0.768636 0.773000 0.000000 0.000000 0.000000 1.000000
0.996564 -0.077881 0.028196 -3.512100 0.077881 0.765200 -0.639065 15.621700 0.028195 0.639065 0.768636 0.773000 0.000000 0.000000 0.000000 1.000000
0.996564 -0.077881 0.028197 -3.512100 0.077882 0.765200 -0.639065 15.621700 0.028195 0.639065 0.768636 0.773000 0.000000 0.000000 0.000000 1.000000
0.996564 -0.077881 0.028196 -3.512100 0.077881 0.765200 -0.639065 15.621700 0.028195 0.639065 0.768636 0.773000 0.000000 0.000000 0.000000 1.000000
0.996564 -0.077881 0.028196 -3.512100 0.077881 0.765200 -0.639065 15.621700 0.028195 0.639065 0.768636 0.773000 0.000000 0.000000 0.000000 1.000000
0.996564 -0.077881 0.028196 -3.512100 0.077881 0.765200 -0.639065 15.621700 0.028195 0.639065 0.768636 0.773000 0.000000 0.000000 0.000000 1.000000
0.996564 -0.077881 0.028196 -3.512100 0.077881 0.765200 -0.639065 15.621700 0.028195 0.639065 0.768636 0.773000 0.000000 0.000000 0.000000 1.000000
0.996564 -0.077881 0.028196 -3.512100 0.077881 0.765200 -0.639065 15.621700 0.028195 0.639065 0.768636 0.773000 0.000000 0.000000 0.000000 1.000000
0.996564 -0.077881 0.028196 -3.512100 0.077881 0.765200 -0.639065 15.621700 0.028195 0.639065 0.768636 0.773000 0.000000 0.000000 0.000000 1.000000
0.996564 -0.077881 0.028196 -3.512100 0.077881 0.765200 -0.639065 15.621700 0.028195 0.639065 0.768636 0.773000 0.000000 0.000000 0.000000 1.000000
0.996564 -0.077881 0.028196 -3.512100 0.077882 0.765200 -0.639065 15.621700 0.028195 0.639065 0.768636 0.773000 0.000000 0.000000 0.000000 1.000000
0.996564 -0.077881 0.028196 -3.512100 0.077881 0.765200 -0.639065 15.621700 0.028195 0.639065 0.768636 0.773000 0.000000 0.000000 0.000000 1.000000
0.996564 -0.077881 0.028196 -3.512100 0.077882 0.765200 -0.639065 15.621700 0.028195 0.639065 0.768636 0.773000 0.000000 0.000000 0.000000 1.000000
0.996564 -0.077881 0.028196 -3.512100 0.077882 0.765200 -0.639065 15.621700 0.028195 0.639065 0.768636 0.773000 0.000000 0.000000 0.000000 1.000000
0.996564 -0.077881 0.028196 -3.512100 0.077882 0.765200 -0.639065 15.621700 0.028195 0.639065 0.768636 0.773000 0.000000 0.000000 0.000000 1.000000
0.996564 -0.077881 0.028196 -3.512100 0.077881 0.765200 -0.639065 15.621700 0.028195 0.639065 0.768636 0.773000 0.000000 0.000000 0.000000 1.000000
0.996564 -0.077881 0.028197 -3.512100 0.077882 0.765200 -0.639065 15.621700 0.028195 0.639065 0.768636 0.773000 0.000000 0.000000 0.000000 1.000000
0.996564 -0.077881 0.028196 -3.512100 0.077881 0.765200 -0.639065 15.621700 0.028195 0.639065 0.768636 0.773000 0.000000 0.000000 0.000000 1.000000
0.996564 -0.077881 0.028197 -3.512100 0.077882 0.765200 -0.639065 15.621700 0.028195 0.639065 0.768636 0.773000 0.000000 0.000000 0.000000 1.000000
0.996564 -0.077881 0.028196 -3.512100 0.077882 0.765200 -0.639065 15.621700 0.028195 0.639065 0.768636 0.773000 0.000000 0.000000 0.000000 1.000000
0.996564 -0.077881 0.028197 -3.512100 0.077882 0.765200 -0.639065 15.621700 0.028195 0.639065 0.768636 0.773000 0.000000 0.000000 0.000000 1.000000
0.996564 -0.077881 0.028196 -3.512100 0.077882 0.765200 -0.639065 15.621700 0.028195 0.639065 0.768636 0.773000 0.000000 0.000000 0.000000 1.000000
0.996564 -0.077881 0.028196 -3.512100 0.077881 0.765200 -0.639065 15.621700 0.028195 0.639065 0.768636 0.773000 0.000000 0.000000 0.000000 1.000000
0.996564 -0.077881 0.028196 -3.512100 0.077881 0.765200 -0.639065 15.621700 0.028195 0.639065 0.768636 0.773000 0.000000 0.000000 0.000000 1.000000
0.996564 -0.077881 0.028196 -3.512100 0.077882 0.765200 -0.639065 15.621700 0.028195 0.639065 0.768636 0.773000 0.000000 0.000000 0.000000 1.000000
0.996564 -0.077881 0.028196 -3.512100 0.077881 0.765200 -0.639065 15.621700 0.028195 0.639065 0.768636 0.773000 0.000000 0.000000 0.000000 1.000000
0.996564 -0.077881 0.028196 -3.512100 0.077882 0.765200 -0.639065 15.621700 0.028195 0.639065 0.768636 0.773000 0.000000 0.000000 0.000000 1.000000
0.996564 -0.077881 0.028196 -3.512100 0.077882 0.765200 -0.639065 15.621700 0.028195 0.639065 0.768636 0.773000 0.000000 0.000000 0.000000 1.000000
0.996564 -0.077881 0.028196 -3.512100 0.077881 0.765200 -0.639065 15.621700 0.028195 0.639065 0.768636 0.773000 0.000000 0.000000 0.000000 1.000000
0.996564 -0.077881 0.028197 -3.512100 0.077881 0.765200 -0.639065 15.621700 0.028195 0.639065 0.768636 0.773000 0.000000 0.000000 0.000000 1.000000
0.996564 -0.077881 0.028196 -3.512100 0.077881 0.765200 -0.639065 15.621700 0.028195 0.639065 0.768636 0.773000 0.000000 0.000000 0.000000 1.000000
0.996564 -0.077881 0.028197 -3.512100 0.077882 0.765200 -0.639065 15.621700 0.028195 0.639065 0.768636 0.773000 0.000000 0.000000 0.000000 1.000000
0.996564 -0.077881 0.028196 -3.512100 0.077882 0.765200 -0.639065 15.621700 0.028195 0.639065 0.768636 0.773000 0.000000 0.000000 0.000000 1.000000
0.996564 -0.077881 0.028197 -3.512100 0.077882 0.765200 -0.639065 15.621700 0.028195 0.639065 0.768636 0.773000 0.000000 0.000000 0.000000 1.000000
0.996564 -0.077881 0.028196 -3.512100 0.077881 0.765200 -0.639065 15.621700 0.028195 0.639065 0.768636 0.773000 0.000000 0.000000 0.000000 1.000000
0.996564 -0.077881 0.028197 -3.512100 0.077882 0.765200 -0.639065 15.621700 0.028195 0.639065 0.768636 0.773000 0.000000 0.000000 0.000000 1.000000
0.996564 -0.077881 0.028196 -3.512100 0.077882 0.765200 -0.639065 15.621700 0.028195 0.639065 0.768636 0.773000 0.000000 0.000000 0.000000 1.000000
0.996564 -0.077881 0.028196 -3.512100 0.077882 0.765200 -0.639065 15.621700 0.028195 0.639065 0.768636 0.773000 0.000000 0.000000 0.000000 1.000000
0.996564 -0.077881 0.028196 -3.512100 0.077882 0.765200 -0.639065 15.621700 0.028195 0.639065 0.768636 0.773000 0.000000 0.000000 0.000000 1.000000</float_array>
        <technique_common>
          <accessor source="#mixamorig_RightHandRing1-Matrix-animation-output-transform-array" count="56" stride="16">
            <param type="float4x4"/>
          </accessor>
        </technique_common>
      </source>
      <source id="mixamorig_RightHandRing1-Interpolations">
        <Name_array id="mixamorig_RightHandRing1-Interpolations-array" count="56">
 LINEAR LINEAR LINEAR LINEAR LINEAR LINEAR LINEAR LINEAR LINEAR LINEAR LINEAR
LINEAR LINEAR LINEAR LINEAR LINEAR LINEAR LINEAR LINEAR LINEAR LINEAR LINEAR LINEAR
LINEAR LINEAR LINEAR LINEAR LINEAR LINEAR LINEAR LINEAR LINEAR LINEAR LINEAR LINEAR
LINEAR LINEAR LINEAR LINEAR LINEAR LINEAR LINEAR LINEAR LINEAR LINEAR LINEAR LINEAR
LINEAR LINEAR LINEAR LINEAR LINEAR LINEAR LINEAR LINEAR LINEAR</Name_array>
        <technique_common>
          <accessor source="#mixamorig_RightHandRing1-Interpolations-array" count="56">
            <param type="name"/>
          </accessor>
        </technique_common>
      </source>
      <sampler id="mixamorig_RightHandRing1-Matrix-animation-transform">
        <input semantic="INPUT" source="#mixamorig_RightHandRing1-Matrix-animation-input"/>
        <input semantic="OUTPUT" source="#mixamorig_RightHandRing1-Matrix-animation-output-transform"/>
        <input semantic="INTERPOLATION" source="#mixamorig_RightHandRing1-Interpolations"/>
      </sampler>
      <channel source="#mixamorig_RightHandRing1-Matrix-animation-transform" target="mixamorig_RightHandRing1/matrix"/>
    </animation>
    <animation id="mixamorig_RightHandRing2-anim" name="mixamorig_RightHandRing2">
      <source id="mixamorig_RightHandRing2-Matrix-animation-input">
        <float_array id="mixamorig_RightHandRing2-Matrix-animation-input-array" count="56">

0.000000 0.033333 0.066667 0.100000 0.133333 0.166667 0.200000 0.233333 0.266667 0.300000 0.333333 0.366667 0.400000 0.433333 0.466667 0.500000
0.533333 0.566667 0.600000 0.633333 0.666667 0.700000 0.733333 0.766667 0.800000 0.833333 0.866667 0.900000 0.933333 0.966667 1.000000 1.033333
1.066667 1.100000 1.133333 1.166667 1.200000 1.233333 1.266667 1.300000 1.333333 1.366667 1.400000 1.433333 1.466667 1.500000 1.533333 1.566667
1.600000 1.633333 1.666667 1.700000 1.733333 1.766667 1.800000 1.833333</float_array>
        <technique_common>
          <accessor source="#mixamorig_RightHandRing2-Matrix-animation-input-array" count="56">
            <param name="TIME" type="float"/>
          </accessor>
        </technique_common>
      </source>
      <source id="mixamorig_RightHandRing2-Matrix-animation-output-transform">
        <float_array id="mixamorig_RightHandRing2-Matrix-animation-output-transform-array" count="896">

0.986533 -0.120586 0.110504 0.000000 0.120588 0.079787 -0.989491 2.936000 0.110502 0.989491 0.093254 0.000000 0.000000 0.000000 0.000000 1.000000
0.986533 -0.120586 0.110504 0.000000 0.120588 0.079788 -0.989491 2.936000 0.110502 0.989491 0.093255 0.000000 0.000000 0.000000 0.000000 1.000000
0.986533 -0.120586 0.110504 -0.000000 0.120588 0.079788 -0.989491 2.936000 0.110502 0.989491 0.093255 0.000000 0.000000 0.000000 0.000000 1.000000
0.986533 -0.120586 0.110504 0.000000 0.120588 0.079788 -0.989491 2.936000 0.110502 0.989491 0.093255 0.000000 0.000000 0.000000 0.000000 1.000000
0.986533 -0.120586 0.110504 0.000000 0.120588 0.079788 -0.989491 2.936000 0.110502 0.989491 0.093255 0.000000 0.000000 0.000000 0.000000 1.000000
0.986533 -0.120586 0.110504 0.000000 0.120588 0.079788 -0.989491 2.936000 0.110502 0.989491 0.093255 0.000000 0.000000 0.000000 0.000000 1.000000
0.986533 -0.120586 0.110504 0.000000 0.120588 0.079788 -0.989491 2.936000 0.110502 0.989491 0.093254 -0.000000 0.000000 0.000000 0.000000 1.000000
0.986533 -0.120586 0.110504 0.000000 0.120588 0.079788 -0.989491 2.936000 0.110502 0.989491 0.093255 0.000000 0.000000 0.000000 0.000000 1.000000
0.986533 -0.120586 0.110504 -0.000000 0.120588 0.079788 -0.989491 2.936000 0.110502 0.989491 0.093255 0.000000 0.000000 0.000000 0.000000 1.000000
0.986533 -0.120586 0.110504 0.000000 0.120588 0.079788 -0.989491 2.936000 0.110502 0.989491 0.093254 0.000000 0.000000 0.000000 0.000000 1.000000
0.986533 -0.120586 0.110504 0.000000 0.120588 0.079788 -0.989491 2.936000 0.110502 0.989491 0.093254 -0.000000 0.000000 0.000000 0.000000 1.000000
0.986533 -0.120586 0.110504 0.000000 0.120588 0.079788 -0.989491 2.936000 0.110502 0.989491 0.093255 0.000000 0.000000 0.000000 0.000000 1.000000
0.986533 -0.120586 0.110504 0.000000 0.120588 0.079788 -0.989491 2.936000 0.110502 0.989491 0.093255 -0.000000 0.000000 0.000000 0.000000 1.000000
0.986533 -0.120586 0.110504 0.000000 0.120588 0.079787 -0.989491 2.936000 0.110502 0.989491 0.093254 0.000000 0.000000 0.000000 0.000000 1.000000
0.986533 -0.120586 0.110504 -0.000000 0.120588 0.079788 -0.989491 2.936000 0.110502 0.989491 0.093254 0.000000 0.000000 0.000000 0.000000 1.000000
0.986533 -0.120586 0.110504 0.000000 0.120588 0.079788 -0.989491 2.936000 0.110502 0.989491 0.093255 -0.000000 0.000000 0.000000 0.000000 1.000000
0.986533 -0.120586 0.110504 0.000000 0.120588 0.079788 -0.989491 2.936000 0.110502 0.989491 0.093255 0.000000 0.000000 0.000000 0.000000 1.000000
0.986533 -0.120586 0.110504 0.000000 0.120588 0.079788 -0.989491 2.936000 0.110502 0.989491 0.093254 -0.000000 0.000000 0.000000 0.000000 1.000000
0.986533 -0.120586 0.110504 0.000000 0.120588 0.079788 -0.989491 2.936000 0.110502 0.989491 0.093255 0.000000 0.000000 0.000000 0.000000 1.000000
0.986533 -0.120586 0.110504 -0.000000 0.120588 0.079788 -0.989491 2.936000 0.110502 0.989491 0.093255 0.000000 0.000000 0.000000 0.000000 1.000000
0.986533 -0.120586 0.110504 0.000000 0.120588 0.079788 -0.989491 2.936000 0.110502 0.989491 0.093255 0.000000 0.000000 0.000000 0.000000 1.000000
0.986533 -0.120586 0.110504 0.000000 0.120588 0.079788 -0.989491 2.936000 0.110502 0.989491 0.093254 -0.000000 0.000000 0.000000 0.000000 1.000000
0.986533 -0.120586 0.110504 0.000000 0.120588 0.079788 -0.989491 2.936000 0.110502 0.989491 0.093254 -0.000000 0.000000 0.000000 0.000000 1.000000
0.986533 -0.120586 0.110504 0.000000 0.120588 0.079788 -0.989491 2.936000 0.110502 0.989491 0.093255 0.000000 0.000000 0.000000 0.000000 1.000000
0.986533 -0.120586 0.110504 -0.000000 0.120588 0.079788 -0.989491 2.936000 0.110502 0.989491 0.093255 0.000000 0.000000 0.000000 0.000000 1.000000
0.986533 -0.120586 0.110504 -0.000000 0.120588 0.079788 -0.989491 2.936000 0.110502 0.989491 0.093254 0.000000 0.000000 0.000000 0.000000 1.000000
0.986533 -0.120586 0.110504 0.000000 0.120588 0.079788 -0.989491 2.936000 0.110502 0.989491 0.093255 -0.000000 0.000000 0.000000 0.000000 1.000000
0.986533 -0.120586 0.110504 -0.000000 0.120588 0.079788 -0.989491 2.936000 0.110502 0.989491 0.093255 0.000000 0.000000 0.000000 0.000000 1.000000
0.986533 -0.120586 0.110504 0.000000 0.120588 0.079788 -0.989491 2.936000 0.110502 0.989491 0.093254 0.000000 0.000000 0.000000 0.000000 1.000000
0.986533 -0.120586 0.110504 0.000000 0.120588 0.079788 -0.989491 2.936000 0.110502 0.989491 0.093255 0.000000 0.000000 0.000000 0.000000 1.000000
0.986533 -0.120586 0.110504 -0.000000 0.120588 0.079788 -0.989491 2.936000 0.110502 0.989491 0.093254 0.000000 0.000000 0.000000 0.000000 1.000000
0.986533 -0.120586 0.110504 0.000000 0.120588 0.079788 -0.989491 2.936000 0.110502 0.989491 0.093255 0.000000 0.000000 0.000000 0.000000 1.000000
0.986533 -0.120586 0.110504 0.000000 0.120588 0.079788 -0.989491 2.936000 0.110502 0.989491 0.093255 -0.000000 0.000000 0.000000 0.000000 1.000000
0.986533 -0.120586 0.110504 -0.000000 0.120588 0.079788 -0.989491 2.936000 0.110502 0.989491 0.093255 0.000000 0.000000 0.000000 0.000000 1.000000
0.986533 -0.120586 0.110504 0.000000 0.120588 0.079788 -0.989491 2.936000 0.110502 0.989491 0.093255 0.000000 0.000000 0.000000 0.000000 1.000000
0.986533 -0.120586 0.110504 -0.000000 0.120588 0.079787 -0.989491 2.936000 0.110502 0.989491 0.093254 0.000000 0.000000 0.000000 0.000000 1.000000
0.986533 -0.120586 0.110504 0.000000 0.120588 0.079788 -0.989491 2.936000 0.110502 0.989491 0.093255 -0.000000 0.000000 0.000000 0.000000 1.000000
0.986533 -0.120586 0.110504 0.000000 0.120588 0.079788 -0.989491 2.936000 0.110502 0.989491 0.093255 0.000000 0.000000 0.000000 0.000000 1.000000
0.986533 -0.120586 0.110504 0.000000 0.120588 0.079787 -0.989491 2.936000 0.110502 0.989491 0.093254 0.000000 0.000000 0.000000 0.000000 1.000000
0.986533 -0.120586 0.110504 -0.000000 0.120588 0.079788 -0.989491 2.936000 0.110502 0.989491 0.093254 0.000000 0.000000 0.000000 0.000000 1.000000
0.986533 -0.120586 0.110504 0.000000 0.120588 0.079788 -0.989491 2.936000 0.110502 0.989491 0.093254 -0.000000 0.000000 0.000000 0.000000 1.000000
0.986533 -0.120586 0.110504 0.000000 0.120588 0.079788 -0.989491 2.936000 0.110502 0.989491 0.093255 -0.000000 0.000000 0.000000 0.000000 1.000000
0.986533 -0.120586 0.110504 0.000000 0.120588 0.079788 -0.989491 2.936000 0.110502 0.989491 0.093255 -0.000000 0.000000 0.000000 0.000000 1.000000
0.986533 -0.120586 0.110504 -0.000000 0.120588 0.079788 -0.989491 2.936000 0.110502 0.989491 0.093255 -0.000000 0.000000 0.000000 0.000000 1.000000
0.986533 -0.120586 0.110503 -0.000000 0.120587 0.079788 -0.989491 2.936000 0.110502 0.989491 0.093255 0.000000 0.000000 0.000000 0.000000 1.000000
0.986533 -0.120586 0.110504 0.000000 0.120588 0.079788 -0.989491 2.936000 0.110502 0.989491 0.093255 -0.000000 0.000000 0.000000 0.000000 1.000000
0.986533 -0.120586 0.110504 0.000000 0.120588 0.079788 -0.989491 2.936000 0.110502 0.989491 0.093254 -0.000000 0.000000 0.000000 0.000000 1.000000
0.986533 -0.120586 0.110504 0.000000 0.120588 0.079788 -0.989491 2.936000 0.110502 0.989491 0.093255 -0.000000 0.000000 0.000000 0.000000 1.000000
0.986533 -0.120586 0.110504 0.000000 0.120588 0.079788 -0.989491 2.936000 0.110502 0.989491 0.093255 0.000000 0.000000 0.000000 0.000000 1.000000
0.986533 -0.120586 0.110504 -0.000000 0.120588 0.079788 -0.989491 2.936000 0.110502 0.989491 0.093255 0.000000 0.000000 0.000000 0.000000 1.000000
0.986533 -0.120586 0.110504 0.000000 0.120588 0.079788 -0.989491 2.936000 0.110502 0.989491 0.093255 -0.000000 0.000000 0.000000 0.000000 1.000000
0.986533 -0.120586 0.110504 -0.000000 0.120588 0.079788 -0.989491 2.936000 0.110502 0.989491 0.093255 0.000000 0.000000 0.000000 0.000000 1.000000
0.986533 -0.120586 0.110504 -0.000000 0.120588 0.079788 -0.989491 2.936000 0.110502 0.989491 0.093255 0.000000 0.000000 0.000000 0.000000 1.000000
0.986533 -0.120586 0.110504 0.000000 0.120588 0.079788 -0.989491 2.936000 0.110502 0.989491 0.093254 -0.000000 0.000000 0.000000 0.000000 1.000000
0.986533 -0.120586 0.110504 -0.000000 0.120587 0.079788 -0.989491 2.936000 0.110502 0.989491 0.093254 0.000000 0.000000 0.000000 0.000000 1.000000
0.986533 -0.120586 0.110504 0.000000 0.120588 0.079788 -0.989491 2.936000 0.110502 0.989491 0.093255 0.000000 0.000000 0.000000 0.000000 1.000000</float_array>
        <technique_common>
          <accessor source="#mixamorig_RightHandRing2-Matrix-animation-output-transform-array" count="56" stride="16">
            <param type="float4x4"/>
          </accessor>
        </technique_common>
      </source>
      <source id="mixamorig_RightHandRing2-Interpolations">
        <Name_array id="mixamorig_RightHandRing2-Interpolations-array" count="56">
 LINEAR LINEAR LINEAR LINEAR LINEAR LINEAR LINEAR LINEAR LINEAR LINEAR LINEAR
LINEAR LINEAR LINEAR LINEAR LINEAR LINEAR LINEAR LINEAR LINEAR LINEAR LINEAR LINEAR
LINEAR LINEAR LINEAR LINEAR LINEAR LINEAR LINEAR LINEAR LINEAR LINEAR LINEAR LINEAR
LINEAR LINEAR LINEAR LINEAR LINEAR LINEAR LINEAR LINEAR LINEAR LINEAR LINEAR LINEAR
LINEAR LINEAR LINEAR LINEAR LINEAR LINEAR LINEAR LINEAR LINEAR</Name_array>
        <technique_common>
          <accessor source="#mixamorig_RightHandRing2-Interpolations-array" count="56">
            <param type="name"/>
          </accessor>
        </technique_common>
      </source>
      <sampler id="mixamorig_RightHandRing2-Matrix-animation-transform">
        <input semantic="INPUT" source="#mixamorig_RightHandRing2-Matrix-animation-input"/>
        <input semantic="OUTPUT" source="#mixamorig_RightHandRing2-Matrix-animation-output-transform"/>
        <input semantic="INTERPOLATION" source="#mixamorig_RightHandRing2-Interpolations"/>
      </sampler>
      <channel source="#mixamorig_RightHandRing2-Matrix-animation-transform" target="mixamorig_RightHandRing2/matrix"/>
    </animation>
    <animation id="mixamorig_RightHandRing3-anim" name="mixamorig_RightHandRing3">
      <source id="mixamorig_RightHandRing3-Matrix-animation-input">
        <float_array id="mixamorig_RightHandRing3-Matrix-animation-input-array" count="56">

0.000000 0.033333 0.066667 0.100000 0.133333 0.166667 0.200000 0.233333 0.266667 0.300000 0.333333 0.366667 0.400000 0.433333 0.466667 0.500000
0.533333 0.566667 0.600000 0.633333 0.666667 0.700000 0.733333 0.766667 0.800000 0.833333 0.866667 0.900000 0.933333 0.966667 1.000000 1.033333
1.066667 1.100000 1.133333 1.166667 1.200000 1.233333 1.266667 1.300000 1.333333 1.366667 1.400000 1.433333 1.466667 1.500000 1.533333 1.566667
1.600000 1.633333 1.666667 1.700000 1.733333 1.766667 1.800000 1.833333</float_array>
        <technique_common>
          <accessor source="#mixamorig_RightHandRing3-Matrix-animation-input-array" count="56">
            <param name="TIME" type="float"/>
          </accessor>
        </technique_common>
      </source>
      <source id="mixamorig_RightHandRing3-Matrix-animation-output-transform">
        <float_array id="mixamorig_RightHandRing3-Matrix-animation-output-transform-array" count="896">

0.993503 -0.100548 0.053316 0.000000 0.100549 0.556023 -0.825063 3.435600 0.053314 0.825063 0.562520 0.000000 0.000000 0.000000 0.000000 1.000000
0.993503 -0.100548 0.053315 0.000000 0.100549 0.556023 -0.825063 3.435600 0.053314 0.825063 0.562520 0.000000 0.000000 0.000000 0.000000 1.000000
0.993503 -0.100548 0.053315 0.000000 0.100549 0.556023 -0.825063 3.435600 0.053314 0.825063 0.562520 0.000000 0.000000 0.000000 0.000000 1.000000
0.993503 -0.100548 0.053315 0.000000 0.100549 0.556023 -0.825063 3.435600 0.053314 0.825063 0.562520 0.000000 0.000000 0.000000 0.000000 1.000000
0.993503 -0.100548 0.053315 0.000000 0.100549 0.556023 -0.825063 3.435600 0.053314 0.825063 0.562520 0.000000 0.000000 0.000000 0.000000 1.000000
0.993503 -0.100548 0.053315 0.000000 0.100549 0.556023 -0.825063 3.435600 0.053314 0.825063 0.562520 0.000000 0.000000 0.000000 0.000000 1.000000
0.993503 -0.100548 0.053315 0.000000 0.100549 0.556023 -0.825063 3.435600 0.053314 0.825063 0.562520 0.000000 0.000000 0.000000 0.000000 1.000000
0.993503 -0.100548 0.053316 0.000000 0.100549 0.556023 -0.825063 3.435600 0.053314 0.825063 0.562520 0.000000 0.000000 0.000000 0.000000 1.000000
0.993503 -0.100548 0.053315 -0.000000 0.100549 0.556023 -0.825063 3.435600 0.053314 0.825063 0.562520 0.000000 0.000000 0.000000 0.000000 1.000000
0.993503 -0.100548 0.053316 -0.000000 0.100549 0.556023 -0.825063 3.435600 0.053314 0.825063 0.562520 -0.000000 0.000000 0.000000 0.000000 1.000000
0.993503 -0.100548 0.053315 0.000000 0.100549 0.556023 -0.825063 3.435600 0.053314 0.825063 0.562520 0.000000 0.000000 0.000000 0.000000 1.000000
0.993503 -0.100548 0.053315 0.000000 0.100549 0.556023 -0.825063 3.435600 0.053314 0.825063 0.562520 0.000000 0.000000 0.000000 0.000000 1.000000
0.993503 -0.100548 0.053316 0.000000 0.100549 0.556023 -0.825063 3.435600 0.053313 0.825063 0.562520 0.000000 0.000000 0.000000 0.000000 1.000000
0.993503 -0.100548 0.053315 -0.000000 0.100549 0.556023 -0.825063 3.435600 0.053314 0.825063 0.562520 0.000000 0.000000 0.000000 0.000000 1.000000
0.993503 -0.100548 0.053315 0.000000 0.100549 0.556023 -0.825063 3.435600 0.053314 0.825063 0.562520 0.000000 0.000000 0.000000 0.000000 1.000000
0.993503 -0.100548 0.053315 -0.000000 0.100549 0.556023 -0.825063 3.435600 0.053314 0.825063 0.562520 0.000000 0.000000 0.000000 0.000000 1.000000
0.993503 -0.100548 0.053315 0.000000 0.100549 0.556023 -0.825063 3.435600 0.053314 0.825063 0.562520 0.000000 0.000000 0.000000 0.000000 1.000000
0.993503 -0.100548 0.053315 0.000000 0.100549 0.556023 -0.825063 3.435600 0.053314 0.825063 0.562520 0.000000 0.000000 0.000000 0.000000 1.000000
0.993503 -0.100548 0.053315 0.000000 0.100549 0.556023 -0.825063 3.435600 0.053314 0.825063 0.562520 0.000000 0.000000 0.000000 0.000000 1.000000
0.993503 -0.100548 0.053315 0.000000 0.100549 0.556023 -0.825063 3.435600 0.053314 0.825063 0.562520 0.000000 0.000000 0.000000 0.000000 1.000000
0.993503 -0.100548 0.053315 0.000000 0.100549 0.556023 -0.825063 3.435600 0.053314 0.825063 0.562520 0.000000 0.000000 0.000000 0.000000 1.000000
0.993503 -0.100548 0.053315 0.000000 0.100549 0.556023 -0.825063 3.435600 0.053314 0.825063 0.562520 0.000000 0.000000 0.000000 0.000000 1.000000
0.993503 -0.100548 0.053315 -0.000000 0.100549 0.556023 -0.825063 3.435600 0.053314 0.825063 0.562520 -0.000000 0.000000 0.000000 0.000000 1.000000
0.993503 -0.100548 0.053315 0.000000 0.100549 0.556023 -0.825063 3.435600 0.053314 0.825063 0.562520 0.000000 0.000000 0.000000 0.000000 1.000000
0.993503 -0.100548 0.053315 -0.000000 0.100549 0.556023 -0.825063 3.435600 0.053314 0.825063 0.562520 -0.000000 0.000000 0.000000 0.000000 1.000000
0.993503 -0.100548 0.053315 0.000000 0.100549 0.556023 -0.825063 3.435600 0.053314 0.825063 0.562520 0.000000 0.000000 0.000000 0.000000 1.000000
0.993503 -0.100548 0.053315 0.000000 0.100549 0.556023 -0.825063 3.435600 0.053314 0.825063 0.562520 0.000000 0.000000 0.000000 0.000000 1.000000
0.993503 -0.100548 0.053315 0.000000 0.100549 0.556023 -0.825063 3.435600 0.053314 0.825063 0.562520 0.000000 0.000000 0.000000 0.000000 1.000000
0.993503 -0.100548 0.053315 0.000000 0.100549 0.556023 -0.825063 3.435600 0.053314 0.825063 0.562520 0.000000 0.000000 0.000000 0.000000 1.000000
0.993503 -0.100548 0.053316 0.000000 0.100549 0.556023 -0.825063 3.435600 0.053314 0.825063 0.562520 0.000000 0.000000 0.000000 0.000000 1.000000
0.993503 -0.100548 0.053315 0.000000 0.100549 0.556023 -0.825063 3.435600 0.053314 0.825063 0.562520 0.000000 0.000000 0.000000 0.000000 1.000000
0.993503 -0.100548 0.053315 0.000000 0.100549 0.556023 -0.825063 3.435600 0.053314 0.825063 0.562520 0.000000 0.000000 0.000000 0.000000 1.000000
0.993503 -0.100548 0.053315 0.000000 0.100549 0.556023 -0.825063 3.435600 0.053314 0.825063 0.562520 0.000000 0.000000 0.000000 0.000000 1.000000
0.993503 -0.100548 0.053315 -0.000000 0.100549 0.556023 -0.825063 3.435600 0.053314 0.825063 0.562520 0.000000 0.000000 0.000000 0.000000 1.000000
0.993503 -0.100548 0.053315 -0.000000 0.100549 0.556023 -0.825063 3.435600 0.053314 0.825063 0.562520 0.000000 0.000000 0.000000 0.000000 1.000000
0.993503 -0.100548 0.053315 -0.000000 0.100549 0.556023 -0.825063 3.435600 0.053314 0.825063 0.562520 0.000000 0.000000 0.000000 0.000000 1.000000
0.993503 -0.100548 0.053315 0.000000 0.100549 0.556023 -0.825063 3.435600 0.053314 0.825063 0.562520 0.000000 0.000000 0.000000 0.000000 1.000000
0.993503 -0.100548 0.053315 -0.000000 0.100549 0.556023 -0.825063 3.435600 0.053314 0.825063 0.562520 -0.000000 0.000000 0.000000 0.000000 1.000000
0.993503 -0.100548 0.053315 -0.000000 0.100549 0.556023 -0.825063 3.435600 0.053314 0.825063 0.562520 0.000000 0.000000 0.000000 0.000000 1.000000
0.993503 -0.100548 0.053315 -0.000000 0.100549 0.556023 -0.825062 3.435600 0.053314 0.825063 0.562521 0.000000 0.000000 0.000000 0.000000 1.000000
0.993503 -0.100548 0.053315 0.000000 0.100549 0.556023 -0.825063 3.435600 0.053314 0.825063 0.562520 0.000000 0.000000 0.000000 0.000000 1.000000
0.993503 -0.100548 0.053315 0.000000 0.100549 0.556023 -0.825063 3.435600 0.053314 0.825063 0.562520 0.000000 0.000000 0.000000 0.000000 1.000000
0.993503 -0.100548 0.053315 0.000000 0.100549 0.556023 -0.825063 3.435600 0.053314 0.825063 0.562520 0.000000 0.000000 0.000000 0.000000 1.000000
0.993503 -0.100548 0.053315 0.000000 0.100549 0.556023 -0.825063 3.435600 0.053314 0.825063 0.562520 -0.000000 0.000000 0.000000 0.000000 1.000000
0.993503 -0.100548 0.053315 0.000000 0.100549 0.556023 -0.825063 3.435600 0.053314 0.825063 0.562520 0.000000 0.000000 0.000000 0.000000 1.000000
0.993503 -0.100548 0.053315 0.000000 0.100549 0.556023 -0.825063 3.435600 0.053314 0.825063 0.562520 0.000000 0.000000 0.000000 0.000000 1.000000
0.993503 -0.100548 0.053315 0.000000 0.100549 0.556023 -0.825063 3.435600 0.053314 0.825063 0.562520 0.000000 0.000000 0.000000 0.000000 1.000000
0.993503 -0.100548 0.053315 0.000000 0.100549 0.556023 -0.825063 3.435600 0.053314 0.825063 0.562520 0.000000 0.000000 0.000000 0.000000 1.000000
0.993503 -0.100548 0.053315 -0.000000 0.100549 0.556023 -0.825063 3.435600 0.053314 0.825063 0.562520 0.000000 0.000000 0.000000 0.000000 1.000000
0.993503 -0.100548 0.053315 -0.000000 0.100549 0.556023 -0.825063 3.435600 0.053314 0.825063 0.562520 0.000000 0.000000 0.000000 0.000000 1.000000
0.993503 -0.100548 0.053315 -0.000000 0.100549 0.556023 -0.825063 3.435600 0.053314 0.825063 0.562520 0.000000 0.000000 0.000000 0.000000 1.000000
0.993503 -0.100548 0.053315 0.000000 0.100549 0.556023 -0.825063 3.435600 0.053314 0.825063 0.562520 0.000000 0.000000 0.000000 0.000000 1.000000
0.993503 -0.100548 0.053315 0.000000 0.100549 0.556023 -0.825063 3.435600 0.053314 0.825063 0.562520 0.000000 0.000000 0.000000 0.000000 1.000000
0.993503 -0.100548 0.053315 0.000000 0.100549 0.556023 -0.825063 3.435600 0.053314 0.825063 0.562520 0.000000 0.000000 0.000000 0.000000 1.000000
0.993503 -0.100548 0.053315 -0.000000 0.100549 0.556023 -0.825063 3.435600 0.053314 0.825063 0.562520 -0.000000 0.000000 0.000000 0.000000 1.000000
0.993503 -0.100548 0.053316 -0.000000 0.100549 0.556023 -0.825063 3.435600 0.053314 0.825063 0.562520 -0.000000 0.000000 0.000000 0.000000 1.000000</float_array>
        <technique_common>
          <accessor source="#mixamorig_RightHandRing3-Matrix-animation-output-transform-array" count="56" stride="16">
            <param type="float4x4"/>
          </accessor>
        </technique_common>
      </source>
      <source id="mixamorig_RightHandRing3-Interpolations">
        <Name_array id="mixamorig_RightHandRing3-Interpolations-array" count="56">
 LINEAR LINEAR LINEAR LINEAR LINEAR LINEAR LINEAR LINEAR LINEAR LINEAR LINEAR
LINEAR LINEAR LINEAR LINEAR LINEAR LINEAR LINEAR LINEAR LINEAR LINEAR LINEAR LINEAR
LINEAR LINEAR LINEAR LINEAR LINEAR LINEAR LINEAR LINEAR LINEAR LINEAR LINEAR LINEAR
LINEAR LINEAR LINEAR LINEAR LINEAR LINEAR LINEAR LINEAR LINEAR LINEAR LINEAR LINEAR
LINEAR LINEAR LINEAR LINEAR LINEAR LINEAR LINEAR LINEAR LINEAR</Name_array>
        <technique_common>
          <accessor source="#mixamorig_RightHandRing3-Interpolations-array" count="56">
            <param type="name"/>
          </accessor>
        </technique_common>
      </source>
      <sampler id="mixamorig_RightHandRing3-Matrix-animation-transform">
        <input semantic="INPUT" source="#mixamorig_RightHandRing3-Matrix-animation-input"/>
        <input semantic="OUTPUT" source="#mixamorig_RightHandRing3-Matrix-animation-output-transform"/>
        <input semantic="INTERPOLATION" source="#mixamorig_RightHandRing3-Interpolations"/>
      </sampler>
      <channel source="#mixamorig_RightHandRing3-Matrix-animation-transform" target="mixamorig_RightHandRing3/matrix"/>
    </animation>
    <animation id="mixamorig_RightHandPinky1-anim" name="mixamorig_RightHandPinky1">
      <source id="mixamorig_RightHandPinky1-Matrix-animation-input">
        <float_array id="mixamorig_RightHandPinky1-Matrix-animation-input-array" count="56">

0.000000 0.033333 0.066667 0.100000 0.133333 0.166667 0.200000 0.233333 0.266667 0.300000 0.333333 0.366667 0.400000 0.433333 0.466667 0.500000
0.533333 0.566667 0.600000 0.633333 0.666667 0.700000 0.733333 0.766667 0.800000 0.833333 0.866667 0.900000 0.933333 0.966667 1.000000 1.033333
1.066667 1.100000 1.133333 1.166667 1.200000 1.233333 1.266667 1.300000 1.333333 1.366667 1.400000 1.433333 1.466667 1.500000 1.533333 1.566667
1.600000 1.633333 1.666667 1.700000 1.733333 1.766667 1.800000 1.833333</float_array>
        <technique_common>
          <accessor source="#mixamorig_RightHandPinky1-Matrix-animation-input-array" count="56">
            <param name="TIME" type="float"/>
          </accessor>
        </technique_common>
      </source>
      <source id="mixamorig_RightHandPinky1-Matrix-animation-output-transform">
        <float_array id="mixamorig_RightHandPinky1-Matrix-animation-output-transform-array" count="896">

0.996564 -0.077881 0.028196 -6.433200 0.077882 0.765200 -0.639065 14.089700 0.028195 0.639065 0.768636 1.001200 0.000000 0.000000 0.000000 1.000000
0.996564 -0.077881 0.028196 -6.433200 0.077881 0.765199 -0.639065 14.089700 0.028195 0.639065 0.768636 1.001200 0.000000 0.000000 0.000000 1.000000
0.996564 -0.077881 0.028196 -6.433200 0.077881 0.765200 -0.639065 14.089700 0.028195 0.639065 0.768636 1.001200 0.000000 0.000000 0.000000 1.000000
0.996564 -0.077881 0.028197 -6.433200 0.077882 0.765200 -0.639065 14.089700 0.028195 0.639065 0.768636 1.001200 0.000000 0.000000 0.000000 1.000000
0.996564 -0.077881 0.028196 -6.433200 0.077881 0.765200 -0.639065 14.089700 0.028195 0.639065 0.768636 1.001200 0.000000 0.000000 0.000000 1.000000
0.996564 -0.077881 0.028196 -6.433200 0.077882 0.765200 -0.639065 14.089700 0.028195 0.639065 0.768636 1.001200 0.000000 0.000000 0.000000 1.000000
0.996564 -0.077881 0.028196 -6.433200 0.077882 0.765200 -0.639065 14.089700 0.028195 0.639065 0.768636 1.001200 0.000000 0.000000 0.000000 1.000000
0.996564 -0.077881 0.028196 -6.433200 0.077881 0.765200 -0.639065 14.089700 0.028195 0.639065 0.768636 1.001200 0.000000 0.000000 0.000000 1.000000
0.996564 -0.077881 0.028196 -6.433200 0.077881 0.765200 -0.639065 14.089700 0.028195 0.639065 0.768636 1.001200 0.000000 0.000000 0.000000 1.000000
0.996564 -0.077881 0.028197 -6.433200 0.077882 0.765200 -0.639065 14.089700 0.028195 0.639065 0.768636 1.001200 0.000000 0.000000 0.000000 1.000000
0.996564 -0.077881 0.028197 -6.433200 0.077882 0.765200 -0.639065 14.089700 0.028195 0.639065 0.768636 1.001200 0.000000 0.000000 0.000000 1.000000
0.996564 -0.077881 0.028197 -6.433200 0.077882 0.765200 -0.639065 14.089700 0.028195 0.639065 0.768636 1.001200 0.000000 0.000000 0.000000 1.000000
0.996564 -0.077881 0.028196 -6.433200 0.077882 0.765200 -0.639065 14.089700 0.028195 0.639065 0.768636 1.001200 0.000000 0.000000 0.000000 1.000000
0.996564 -0.077881 0.028197 -6.433200 0.077882 0.765200 -0.639065 14.089700 0.028195 0.639065 0.768636 1.001200 0.000000 0.000000 0.000000 1.000000
0.996564 -0.077881 0.028196 -6.433200 0.077881 0.765200 -0.639065 14.089700 0.028195 0.639065 0.768636 1.001200 0.000000 0.000000 0.000000 1.000000
0.996564 -0.077881 0.028196 -6.433200 0.077881 0.765200 -0.639065 14.089700 0.028195 0.639065 0.768636 1.001200 0.000000 0.000000 0.000000 1.000000
0.996564 -0.077881 0.028196 -6.433200 0.077882 0.765200 -0.639065 14.089700 0.028195 0.639065 0.768636 1.001200 0.000000 0.000000 0.000000 1.000000
0.996564 -0.077881 0.028197 -6.433200 0.077882 0.765200 -0.639065 14.089700 0.028195 0.639065 0.768636 1.001200 0.000000 0.000000 0.000000 1.000000
0.996564 -0.077881 0.028196 -6.433200 0.077881 0.765200 -0.639065 14.089700 0.028195 0.639065 0.768636 1.001200 0.000000 0.000000 0.000000 1.000000
0.996564 -0.077881 0.028197 -6.433200 0.077882 0.765200 -0.639065 14.089700 0.028195 0.639065 0.768636 1.001200 0.000000 0.000000 0.000000 1.000000
0.996564 -0.077881 0.028196 -6.433200 0.077881 0.765200 -0.639065 14.089700 0.028195 0.639065 0.768636 1.001200 0.000000 0.000000 0.000000 1.000000
0.996564 -0.077881 0.028196 -6.433200 0.077881 0.765200 -0.639065 14.089700 0.028195 0.639065 0.768636 1.001200 0.000000 0.000000 0.000000 1.000000
0.996564 -0.077881 0.028196 -6.433200 0.077881 0.765200 -0.639065 14.089700 0.028195 0.639065 0.768636 1.001200 0.000000 0.000000 0.000000 1.000000
0.996564 -0.077881 0.028196 -6.433200 0.077881 0.765200 -0.639065 14.089700 0.028195 0.639065 0.768636 1.001200 0.000000 0.000000 0.000000 1.000000
0.996564 -0.077881 0.028196 -6.433200 0.077881 0.765200 -0.639065 14.089700 0.028195 0.639065 0.768636 1.001200 0.000000 0.000000 0.000000 1.000000
0.996564 -0.077881 0.028196 -6.433200 0.077881 0.765200 -0.639065 14.089700 0.028195 0.639065 0.768636 1.001200 0.000000 0.000000 0.000000 1.000000
0.996564 -0.077881 0.028196 -6.433200 0.077881 0.765200 -0.639065 14.089700 0.028195 0.639065 0.768636 1.001200 0.000000 0.000000 0.000000 1.000000
0.996564 -0.077881 0.028196 -6.433200 0.077882 0.765200 -0.639065 14.089700 0.028195 0.639065 0.768636 1.001200 0.000000 0.000000 0.000000 1.000000
0.996564 -0.077881 0.028196 -6.433200 0.077881 0.765200 -0.639065 14.089700 0.028195 0.639065 0.768636 1.001200 0.000000 0.000000 0.000000 1.000000
0.996564 -0.077881 0.028196 -6.433200 0.077882 0.765200 -0.639065 14.089700 0.028195 0.639065 0.768636 1.001200 0.000000 0.000000 0.000000 1.000000
0.996564 -0.077881 0.028196 -6.433200 0.077882 0.765200 -0.639065 14.089700 0.028195 0.639065 0.768636 1.001200 0.000000 0.000000 0.000000 1.000000
0.996564 -0.077881 0.028196 -6.433200 0.077882 0.765200 -0.639065 14.089700 0.028195 0.639065 0.768636 1.001200 0.000000 0.000000 0.000000 1.000000
0.996564 -0.077881 0.028196 -6.433200 0.077881 0.765200 -0.639065 14.089700 0.028195 0.639065 0.768636 1.001200 0.000000 0.000000 0.000000 1.000000
0.996564 -0.077881 0.028197 -6.433200 0.077882 0.765200 -0.639065 14.089700 0.028195 0.639065 0.768636 1.001200 0.000000 0.000000 0.000000 1.000000
0.996564 -0.077881 0.028196 -6.433200 0.077881 0.765200 -0.639065 14.089700 0.028195 0.639065 0.768636 1.001200 0.000000 0.000000 0.000000 1.000000
0.996564 -0.077881 0.028197 -6.433200 0.077882 0.765200 -0.639065 14.089700 0.028195 0.639065 0.768636 1.001200 0.000000 0.000000 0.000000 1.000000
0.996564 -0.077881 0.028196 -6.433200 0.077882 0.765200 -0.639065 14.089700 0.028195 0.639065 0.768636 1.001200 0.000000 0.000000 0.000000 1.000000
0.996564 -0.077881 0.028197 -6.433200 0.077882 0.765200 -0.639065 14.089700 0.028195 0.639065 0.768636 1.001200 0.000000 0.000000 0.000000 1.000000
0.996564 -0.077881 0.028196 -6.433200 0.077882 0.765200 -0.639065 14.089700 0.028195 0.639065 0.768636 1.001200 0.000000 0.000000 0.000000 1.000000
0.996564 -0.077881 0.028196 -6.433200 0.077881 0.765200 -0.639065 14.089700 0.028195 0.639065 0.768636 1.001200 0.000000 0.000000 0.000000 1.000000
0.996564 -0.077881 0.028196 -6.433200 0.077881 0.765200 -0.639065 14.089700 0.028195 0.639065 0.768636 1.001200 0.000000 0.000000 0.000000 1.000000
0.996564 -0.077881 0.028196 -6.433200 0.077882 0.765200 -0.639065 14.089700 0.028195 0.639065 0.768636 1.001200 0.000000 0.000000 0.000000 1.000000
0.996564 -0.077881 0.028196 -6.433200 0.077881 0.765200 -0.639065 14.089700 0.028195 0.639065 0.768636 1.001200 0.000000 0.000000 0.000000 1.000000
0.996564 -0.077881 0.028196 -6.433200 0.077881 0.765199 -0.639065 14.089700 0.028195 0.639065 0.768636 1.001200 0.000000 0.000000 0.000000 1.000000
0.996564 -0.077881 0.028196 -6.433200 0.077882 0.765200 -0.639065 14.089700 0.028195 0.639065 0.768636 1.001200 0.000000 0.000000 0.000000 1.000000
0.996564 -0.077881 0.028196 -6.433200 0.077881 0.765200 -0.639065 14.089700 0.028195 0.639065 0.768636 1.001200 0.000000 0.000000 0.000000 1.000000
0.996564 -0.077881 0.028197 -6.433200 0.077881 0.765200 -0.639065 14.089700 0.028195 0.639065 0.768636 1.001200 0.000000 0.000000 0.000000 1.000000
0.996564 -0.077881 0.028196 -6.433200 0.077881 0.765200 -0.639065 14.089700 0.028195 0.639065 0.768636 1.001200 0.000000 0.000000 0.000000 1.000000
0.996564 -0.077881 0.028197 -6.433200 0.077882 0.765200 -0.639065 14.089700 0.028195 0.639065 0.768636 1.001200 0.000000 0.000000 0.000000 1.000000
0.996564 -0.077881 0.028196 -6.433200 0.077881 0.765200 -0.639065 14.089700 0.028195 0.639065 0.768636 1.001200 0.000000 0.000000 0.000000 1.000000
0.996564 -0.077881 0.028197 -6.433200 0.077882 0.765200 -0.639065 14.089700 0.028195 0.639065 0.768636 1.001200 0.000000 0.000000 0.000000 1.000000
0.996564 -0.077881 0.028196 -6.433200 0.077881 0.765200 -0.639065 14.089700 0.028195 0.639065 0.768636 1.001200 0.000000 0.000000 0.000000 1.000000
0.996564 -0.077881 0.028197 -6.433200 0.077882 0.765200 -0.639065 14.089700 0.028195 0.639065 0.768636 1.001200 0.000000 0.000000 0.000000 1.000000
0.996564 -0.077881 0.028196 -6.433200 0.077882 0.765200 -0.639065 14.089700 0.028195 0.639065 0.768636 1.001200 0.000000 0.000000 0.000000 1.000000
0.996564 -0.077881 0.028196 -6.433200 0.077882 0.765200 -0.639065 14.089700 0.028195 0.639065 0.768636 1.001200 0.000000 0.000000 0.000000 1.000000
0.996564 -0.077881 0.028196 -6.433200 0.077882 0.765200 -0.639065 14.089700 0.028195 0.639065 0.768636 1.001200 0.000000 0.000000 0.000000 1.000000</float_array>
        <technique_common>
          <accessor source="#mixamorig_RightHandPinky1-Matrix-animation-output-transform-array" count="56" stride="16">
            <param type="float4x4"/>
          </accessor>
        </technique_common>
      </source>
      <source id="mixamorig_RightHandPinky1-Interpolations">
        <Name_array id="mixamorig_RightHandPinky1-Interpolations-array" count="56">
 LINEAR LINEAR LINEAR LINEAR LINEAR LINEAR LINEAR LINEAR LINEAR LINEAR LINEAR
LINEAR LINEAR LINEAR LINEAR LINEAR LINEAR LINEAR LINEAR LINEAR LINEAR LINEAR LINEAR
LINEAR LINEAR LINEAR LINEAR LINEAR LINEAR LINEAR LINEAR LINEAR LINEAR LINEAR LINEAR
LINEAR LINEAR LINEAR LINEAR LINEAR LINEAR LINEAR LINEAR LINEAR LINEAR LINEAR LINEAR
LINEAR LINEAR LINEAR LINEAR LINEAR LINEAR LINEAR LINEAR LINEAR</Name_array>
        <technique_common>
          <accessor source="#mixamorig_RightHandPinky1-Interpolations-array" count="56">
            <param type="name"/>
          </accessor>
        </technique_common>
      </source>
      <sampler id="mixamorig_RightHandPinky1-Matrix-animation-transform">
        <input semantic="INPUT" source="#mixamorig_RightHandPinky1-Matrix-animation-input"/>
        <input semantic="OUTPUT" source="#mixamorig_RightHandPinky1-Matrix-animation-output-transform"/>
        <input semantic="INTERPOLATION" source="#mixamorig_RightHandPinky1-Interpolations"/>
      </sampler>
      <channel source="#mixamorig_RightHandPinky1-Matrix-animation-transform" target="mixamorig_RightHandPinky1/matrix"/>
    </animation>
    <animation id="mixamorig_RightHandPinky2-anim" name="mixamorig_RightHandPinky2">
      <source id="mixamorig_RightHandPinky2-Matrix-animation-input">
        <float_array id="mixamorig_RightHandPinky2-Matrix-animation-input-array" count="56">

0.000000 0.033333 0.066667 0.100000 0.133333 0.166667 0.200000 0.233333 0.266667 0.300000 0.333333 0.366667 0.400000 0.433333 0.466667 0.500000
0.533333 0.566667 0.600000 0.633333 0.666667 0.700000 0.733333 0.766667 0.800000 0.833333 0.866667 0.900000 0.933333 0.966667 1.000000 1.033333
1.066667 1.100000 1.133333 1.166667 1.200000 1.233333 1.266667 1.300000 1.333333 1.366667 1.400000 1.433333 1.466667 1.500000 1.533333 1.566667
1.600000 1.633333 1.666667 1.700000 1.733333 1.766667 1.800000 1.833333</float_array>
        <technique_common>
          <accessor source="#mixamorig_RightHandPinky2-Matrix-animation-input-array" count="56">
            <param name="TIME" type="float"/>
          </accessor>
        </technique_common>
      </source>
      <source id="mixamorig_RightHandPinky2-Matrix-animation-output-transform">
        <float_array id="mixamorig_RightHandPinky2-Matrix-animation-output-transform-array" count="896">

0.986533 -0.120586 0.110504 0.000000 0.120588 0.079787 -0.989491 2.474700 0.110502 0.989491 0.093254 0.000000 0.000000 0.000000 0.000000 1.000000
0.986533 -0.120586 0.110504 0.000000 0.120588 0.079788 -0.989491 2.474700 0.110502 0.989491 0.093254 0.000000 0.000000 0.000000 0.000000 1.000000
0.986533 -0.120586 0.110504 -0.000000 0.120588 0.079788 -0.989491 2.474700 0.110502 0.989491 0.093254 -0.000000 0.000000 0.000000 0.000000 1.000000
0.986533 -0.120586 0.110504 0.000000 0.120588 0.079788 -0.989491 2.474700 0.110502 0.989491 0.093255 0.000000 0.000000 0.000000 0.000000 1.000000
0.986533 -0.120586 0.110504 0.000000 0.120588 0.079788 -0.989491 2.474700 0.110502 0.989491 0.093255 0.000000 0.000000 0.000000 0.000000 1.000000
0.986533 -0.120586 0.110504 0.000000 0.120588 0.079788 -0.989491 2.474700 0.110502 0.989491 0.093255 0.000000 0.000000 0.000000 0.000000 1.000000
0.986533 -0.120586 0.110504 0.000000 0.120588 0.079788 -0.989491 2.474700 0.110502 0.989491 0.093254 0.000000 0.000000 0.000000 0.000000 1.000000
0.986533 -0.120586 0.110504 0.000000 0.120588 0.079788 -0.989491 2.474700 0.110502 0.989491 0.093254 0.000000 0.000000 0.000000 0.000000 1.000000
0.986533 -0.120586 0.110504 0.000000 0.120588 0.079788 -0.989491 2.474700 0.110502 0.989491 0.093254 -0.000000 0.000000 0.000000 0.000000 1.000000
0.986533 -0.120586 0.110504 -0.000000 0.120588 0.079788 -0.989491 2.474700 0.110502 0.989491 0.093254 0.000000 0.000000 0.000000 0.000000 1.000000
0.986533 -0.120586 0.110504 0.000000 0.120588 0.079788 -0.989491 2.474700 0.110502 0.989491 0.093254 -0.000000 0.000000 0.000000 0.000000 1.000000
0.986533 -0.120586 0.110504 0.000000 0.120588 0.079788 -0.989491 2.474700 0.110502 0.989491 0.093255 0.000000 0.000000 0.000000 0.000000 1.000000
0.986533 -0.120586 0.110504 -0.000000 0.120588 0.079788 -0.989491 2.474700 0.110502 0.989491 0.093255 0.000000 0.000000 0.000000 0.000000 1.000000
0.986533 -0.120586 0.110504 0.000000 0.120588 0.079787 -0.989491 2.474700 0.110502 0.989491 0.093254 0.000000 0.000000 0.000000 0.000000 1.000000
0.986533 -0.120586 0.110504 0.000000 0.120588 0.079787 -0.989491 2.474700 0.110502 0.989491 0.093254 -0.000000 0.000000 0.000000 0.000000 1.000000
0.986533 -0.120586 0.110504 0.000000 0.120588 0.079788 -0.989491 2.474700 0.110502 0.989491 0.093255 0.000000 0.000000 0.000000 0.000000 1.000000
0.986533 -0.120586 0.110504 -0.000000 0.120588 0.079788 -0.989491 2.474700 0.110502 0.989491 0.093254 0.000000 0.000000 0.000000 0.000000 1.000000
0.986533 -0.120586 0.110504 0.000000 0.120588 0.079788 -0.989491 2.474700 0.110502 0.989491 0.093254 0.000000 0.000000 0.000000 0.000000 1.000000
0.986533 -0.120586 0.110504 0.000000 0.120588 0.079788 -0.989491 2.474700 0.110502 0.989491 0.093254 -0.000000 0.000000 0.000000 0.000000 1.000000
0.986533 -0.120586 0.110504 0.000000 0.120588 0.079788 -0.989491 2.474700 0.110502 0.989491 0.093255 0.000000 0.000000 0.000000 0.000000 1.000000
0.986533 -0.120586 0.110504 0.000000 0.120588 0.079788 -0.989491 2.474700 0.110502 0.989491 0.093255 0.000000 0.000000 0.000000 0.000000 1.000000
0.986533 -0.120586 0.110504 -0.000000 0.120588 0.079788 -0.989491 2.474700 0.110502 0.989491 0.093254 0.000000 0.000000 0.000000 0.000000 1.000000
0.986533 -0.120586 0.110504 0.000000 0.120588 0.079788 -0.989491 2.474700 0.110502 0.989491 0.093254 0.000000 0.000000 0.000000 0.000000 1.000000
0.986533 -0.120586 0.110504 0.000000 0.120588 0.079788 -0.989491 2.474700 0.110502 0.989491 0.093254 0.000000 0.000000 0.000000 0.000000 1.000000
0.986533 -0.120586 0.110504 0.000000 0.120588 0.079788 -0.989491 2.474700 0.110502 0.989491 0.093254 -0.000000 0.000000 0.000000 0.000000 1.000000
0.986533 -0.120586 0.110504 0.000000 0.120588 0.079788 -0.989491 2.474700 0.110502 0.989491 0.093254 0.000000 0.000000 0.000000 0.000000 1.000000
0.986533 -0.120586 0.110504 0.000000 0.120588 0.079788 -0.989491 2.474700 0.110502 0.989491 0.093255 0.000000 0.000000 0.000000 0.000000 1.000000
0.986533 -0.120586 0.110504 0.000000 0.120588 0.079788 -0.989491 2.474700 0.110502 0.989491 0.093255 0.000000 0.000000 0.000000 0.000000 1.000000
0.986533 -0.120586 0.110504 0.000000 0.120588 0.079787 -0.989491 2.474700 0.110502 0.989491 0.093254 0.000000 0.000000 0.000000 0.000000 1.000000
0.986533 -0.120586 0.110504 0.000000 0.120588 0.079788 -0.989491 2.474700 0.110502 0.989491 0.093254 0.000000 0.000000 0.000000 0.000000 1.000000
0.986533 -0.120586 0.110504 0.000000 0.120588 0.079788 -0.989491 2.474700 0.110502 0.989491 0.093254 0.000000 0.000000 0.000000 0.000000 1.000000
0.986533 -0.120586 0.110504 0.000000 0.120588 0.079788 -0.989491 2.474700 0.110502 0.989491 0.093254 0.000000 0.000000 0.000000 0.000000 1.000000
0.986533 -0.120586 0.110504 0.000000 0.120588 0.079788 -0.989491 2.474700 0.110502 0.989491 0.093254 0.000000 0.000000 0.000000 0.000000 1.000000
0.986533 -0.120586 0.110504 0.000000 0.120588 0.079788 -0.989491 2.474700 0.110502 0.989491 0.093255 0.000000 0.000000 0.000000 0.000000 1.000000
0.986533 -0.120586 0.110504 -0.000000 0.120588 0.079788 -0.989491 2.474700 0.110502 0.989491 0.093255 0.000000 0.000000 0.000000 0.000000 1.000000
0.986533 -0.120586 0.110504 0.000000 0.120588 0.079787 -0.989491 2.474700 0.110502 0.989491 0.093254 -0.000000 0.000000 0.000000 0.000000 1.000000
0.986533 -0.120586 0.110504 0.000000 0.120588 0.079788 -0.989491 2.474700 0.110502 0.989491 0.093255 -0.000000 0.000000 0.000000 0.000000 1.000000
0.986533 -0.120586 0.110504 0.000000 0.120588 0.079788 -0.989491 2.474700 0.110502 0.989491 0.093255 0.000000 0.000000 0.000000 0.000000 1.000000
0.986533 -0.120586 0.110504 -0.000000 0.120588 0.079787 -0.989491 2.474700 0.110502 0.989491 0.093254 0.000000 0.000000 0.000000 0.000000 1.000000
0.986533 -0.120586 0.110504 0.000000 0.120588 0.079788 -0.989491 2.474700 0.110502 0.989491 0.093254 0.000000 0.000000 0.000000 0.000000 1.000000
0.986533 -0.120586 0.110504 0.000000 0.120588 0.079787 -0.989491 2.474700 0.110502 0.989491 0.093254 0.000000 0.000000 0.000000 0.000000 1.000000
0.986533 -0.120586 0.110504 0.000000 0.120588 0.079788 -0.989491 2.474700 0.110502 0.989491 0.093254 -0.000000 0.000000 0.000000 0.000000 1.000000
0.986533 -0.120586 0.110504 0.000000 0.120588 0.079788 -0.989491 2.474700 0.110502 0.989491 0.093254 0.000000 0.000000 0.000000 0.000000 1.000000
0.986533 -0.120586 0.110504 0.000000 0.120588 0.079788 -0.989491 2.474700 0.110502 0.989491 0.093254 -0.000000 0.000000 0.000000 0.000000 1.000000
0.986533 -0.120586 0.110503 0.000000 0.120587 0.079788 -0.989491 2.474700 0.110502 0.989491 0.093255 0.000000 0.000000 0.000000 0.000000 1.000000
0.986533 -0.120586 0.110504 0.000000 0.120588 0.079788 -0.989491 2.474700 0.110502 0.989491 0.093255 0.000000 0.000000 0.000000 0.000000 1.000000
0.986533 -0.120586 0.110504 0.000000 0.120588 0.079788 -0.989491 2.474700 0.110502 0.989491 0.093254 0.000000 0.000000 0.000000 0.000000 1.000000
0.986533 -0.120586 0.110504 0.000000 0.120588 0.079788 -0.989491 2.474700 0.110502 0.989491 0.093255 0.000000 0.000000 0.000000 0.000000 1.000000
0.986533 -0.120586 0.110504 0.000000 0.120588 0.079788 -0.989491 2.474700 0.110502 0.989491 0.093255 0.000000 0.000000 0.000000 0.000000 1.000000
0.986533 -0.120586 0.110504 -0.000000 0.120588 0.079788 -0.989491 2.474700 0.110502 0.989491 0.093255 0.000000 0.000000 0.000000 0.000000 1.000000
0.986533 -0.120586 0.110504 -0.000000 0.120588 0.079788 -0.989491 2.474700 0.110502 0.989491 0.093255 0.000000 0.000000 0.000000 0.000000 1.000000
0.986533 -0.120586 0.110504 0.000000 0.120588 0.079788 -0.989491 2.474700 0.110502 0.989491 0.093254 0.000000 0.000000 0.000000 0.000000 1.000000
0.986533 -0.120586 0.110504 0.000000 0.120588 0.079788 -0.989491 2.474700 0.110502 0.989491 0.093254 0.000000 0.000000 0.000000 0.000000 1.000000
0.986533 -0.120586 0.110504 -0.000000 0.120588 0.079788 -0.989491 2.474700 0.110502 0.989491 0.093254 0.000000 0.000000 0.000000 0.000000 1.000000
0.986533 -0.120586 0.110504 -0.000000 0.120587 0.079788 -0.989491 2.474700 0.110502 0.989491 0.093254 0.000000 0.000000 0.000000 0.000000 1.000000
0.986533 -0.120586 0.110504 0.000000 0.120588 0.079788 -0.989491 2.474700 0.110502 0.989491 0.093255 -0.000000 0.000000 0.000000 0.000000 1.000000</float_array>
        <technique_common>
          <accessor source="#mixamorig_RightHandPinky2-Matrix-animation-output-transform-array" count="56" stride="16">
            <param type="float4x4"/>
          </accessor>
        </technique_common>
      </source>
      <source id="mixamorig_RightHandPinky2-Interpolations">
        <Name_array id="mixamorig_RightHandPinky2-Interpolations-array" count="56">
 LINEAR LINEAR LINEAR LINEAR LINEAR LINEAR LINEAR LINEAR LINEAR LINEAR LINEAR
LINEAR LINEAR LINEAR LINEAR LINEAR LINEAR LINEAR LINEAR LINEAR LINEAR LINEAR LINEAR
LINEAR LINEAR LINEAR LINEAR LINEAR LINEAR LINEAR LINEAR LINEAR LINEAR LINEAR LINEAR
LINEAR LINEAR LINEAR LINEAR LINEAR LINEAR LINEAR LINEAR LINEAR LINEAR LINEAR LINEAR
LINEAR LINEAR LINEAR LINEAR LINEAR LINEAR LINEAR LINEAR LINEAR</Name_array>
        <technique_common>
          <accessor source="#mixamorig_RightHandPinky2-Interpolations-array" count="56">
            <param type="name"/>
          </accessor>
        </technique_common>
      </source>
      <sampler id="mixamorig_RightHandPinky2-Matrix-animation-transform">
        <input semantic="INPUT" source="#mixamorig_RightHandPinky2-Matrix-animation-input"/>
        <input semantic="OUTPUT" source="#mixamorig_RightHandPinky2-Matrix-animation-output-transform"/>
        <input semantic="INTERPOLATION" source="#mixamorig_RightHandPinky2-Interpolations"/>
      </sampler>
      <channel source="#mixamorig_RightHandPinky2-Matrix-animation-transform" target="mixamorig_RightHandPinky2/matrix"/>
    </animation>
    <animation id="mixamorig_RightHandPinky3-anim" name="mixamorig_RightHandPinky3">
      <source id="mixamorig_RightHandPinky3-Matrix-animation-input">
        <float_array id="mixamorig_RightHandPinky3-Matrix-animation-input-array" count="56">

0.000000 0.033333 0.066667 0.100000 0.133333 0.166667 0.200000 0.233333 0.266667 0.300000 0.333333 0.366667 0.400000 0.433333 0.466667 0.500000
0.533333 0.566667 0.600000 0.633333 0.666667 0.700000 0.733333 0.766667 0.800000 0.833333 0.866667 0.900000 0.933333 0.966667 1.000000 1.033333
1.066667 1.100000 1.133333 1.166667 1.200000 1.233333 1.266667 1.300000 1.333333 1.366667 1.400000 1.433333 1.466667 1.500000 1.533333 1.566667
1.600000 1.633333 1.666667 1.700000 1.733333 1.766667 1.800000 1.833333</float_array>
        <technique_common>
          <accessor source="#mixamorig_RightHandPinky3-Matrix-animation-input-array" count="56">
            <param name="TIME" type="float"/>
          </accessor>
        </technique_common>
      </source>
      <source id="mixamorig_RightHandPinky3-Matrix-animation-output-transform">
        <float_array id="mixamorig_RightHandPinky3-Matrix-animation-output-transform-array" count="896">

0.993503 -0.100548 0.053316 -0.000000 0.100549 0.556023 -0.825063 2.073800 0.053314 0.825063 0.562520 0.000000 0.000000 0.000000 0.000000 1.000000
0.993503 -0.100548 0.053315 0.000000 0.100549 0.556023 -0.825063 2.073800 0.053314 0.825063 0.562520 0.000000 0.000000 0.000000 0.000000 1.000000
0.993503 -0.100548 0.053315 0.000000 0.100549 0.556023 -0.825063 2.073800 0.053314 0.825063 0.562520 0.000000 0.000000 0.000000 0.000000 1.000000
0.993503 -0.100548 0.053315 0.000000 0.100549 0.556023 -0.825063 2.073800 0.053314 0.825063 0.562520 0.000000 0.000000 0.000000 0.000000 1.000000
0.993503 -0.100548 0.053315 0.000000 0.100549 0.556023 -0.825063 2.073800 0.053314 0.825063 0.562520 0.000000 0.000000 0.000000 0.000000 1.000000
0.993503 -0.100548 0.053315 0.000000 0.100549 0.556023 -0.825063 2.073800 0.053314 0.825063 0.562520 0.000000 0.000000 0.000000 0.000000 1.000000
0.993503 -0.100548 0.053315 0.000000 0.100549 0.556023 -0.825063 2.073800 0.053314 0.825063 0.562520 0.000000 0.000000 0.000000 0.000000 1.000000
0.993503 -0.100548 0.053316 0.000000 0.100549 0.556023 -0.825063 2.073800 0.053314 0.825063 0.562520 0.000000 0.000000 0.000000 0.000000 1.000000
0.993503 -0.100548 0.053315 -0.000000 0.100549 0.556023 -0.825063 2.073800 0.053314 0.825063 0.562520 -0.000000 0.000000 0.000000 0.000000 1.000000
0.993503 -0.100548 0.053316 0.000000 0.100549 0.556023 -0.825063 2.073800 0.053314 0.825063 0.562520 0.000000 0.000000 0.000000 0.000000 1.000000
0.993503 -0.100548 0.053315 0.000000 0.100549 0.556023 -0.825063 2.073800 0.053314 0.825063 0.562520 0.000000 0.000000 0.000000 0.000000 1.000000
0.993503 -0.100548 0.053315 0.000000 0.100549 0.556023 -0.825063 2.073800 0.053314 0.825063 0.562520 -0.000000 0.000000 0.000000 0.000000 1.000000
0.993503 -0.100548 0.053316 -0.000000 0.100549 0.556023 -0.825063 2.073800 0.053313 0.825063 0.562520 0.000000 0.000000 0.000000 0.000000 1.000000
0.993503 -0.100548 0.053315 -0.000000 0.100549 0.556023 -0.825063 2.073800 0.053314 0.825063 0.562520 0.000000 0.000000 0.000000 0.000000 1.000000
0.993503 -0.100548 0.053315 -0.000000 0.100549 0.556023 -0.825063 2.073800 0.053314 0.825063 0.562520 0.000000 0.000000 0.000000 0.000000 1.000000
0.993503 -0.100548 0.053315 -0.000000 0.100549 0.556023 -0.825063 2.073800 0.053314 0.825063 0.562520 0.000000 0.000000 0.000000 0.000000 1.000000
0.993503 -0.100548 0.053315 0.000000 0.100549 0.556023 -0.825063 2.073800 0.053314 0.825063 0.562520 -0.000000 0.000000 0.000000 0.000000 1.000000
0.993503 -0.100548 0.053315 -0.000000 0.100549 0.556023 -0.825063 2.073800 0.053314 0.825063 0.562520 -0.000000 0.000000 0.000000 0.000000 1.000000
0.993503 -0.100548 0.053315 0.000000 0.100549 0.556023 -0.825063 2.073800 0.053314 0.825063 0.562520 0.000000 0.000000 0.000000 0.000000 1.000000
0.993503 -0.100548 0.053315 0.000000 0.100549 0.556023 -0.825063 2.073800 0.053314 0.825063 0.562520 0.000000 0.000000 0.000000 0.000000 1.000000
0.993503 -0.100548 0.053315 0.000000 0.100549 0.556023 -0.825063 2.073800 0.053314 0.825063 0.562520 0.000000 0.000000 0.000000 0.000000 1.000000
0.993503 -0.100548 0.053315 0.000000 0.100549 0.556023 -0.825063 2.073800 0.053314 0.825063 0.562520 0.000000 0.000000 0.000000 0.000000 1.000000
0.993503 -0.100548 0.053315 0.000000 0.100549 0.556023 -0.825063 2.073800 0.053314 0.825063 0.562520 0.000000 0.000000 0.000000 0.000000 1.000000
0.993503 -0.100548 0.053315 0.000000 0.100549 0.556023 -0.825063 2.073800 0.053314 0.825063 0.562520 0.000000 0.000000 0.000000 0.000000 1.000000
0.993503 -0.100548 0.053315 -0.000000 0.100549 0.556023 -0.825063 2.073800 0.053314 0.825063 0.562520 0.000000 0.000000 0.000000 0.000000 1.000000
0.993503 -0.100548 0.053315 0.000000 0.100549 0.556023 -0.825063 2.073800 0.053314 0.825063 0.562520 -0.000000 0.000000 0.000000 0.000000 1.000000
0.993503 -0.100548 0.053315 -0.000000 0.100549 0.556023 -0.825063 2.073800 0.053314 0.825063 0.562520 0.000000 0.000000 0.000000 0.000000 1.000000
0.993503 -0.100548 0.053315 0.000000 0.100549 0.556023 -0.825063 2.073800 0.053314 0.825063 0.562520 -0.000000 0.000000 0.000000 0.000000 1.000000
0.993503 -0.100548 0.053315 0.000000 0.100549 0.556023 -0.825063 2.073800 0.053314 0.825063 0.562520 0.000000 0.000000 0.000000 0.000000 1.000000
0.993503 -0.100548 0.053315 0.000000 0.100549 0.556023 -0.825063 2.073800 0.053314 0.825063 0.562520 0.000000 0.000000 0.000000 0.000000 1.000000
0.993503 -0.100548 0.053315 -0.000000 0.100549 0.556023 -0.825063 2.073800 0.053314 0.825063 0.562520 0.000000 0.000000 0.000000 0.000000 1.000000
0.993503 -0.100548 0.053315 0.000000 0.100549 0.556023 -0.825063 2.073800 0.053314 0.825063 0.562520 0.000000 0.000000 0.000000 0.000000 1.000000
0.993503 -0.100548 0.053315 0.000000 0.100549 0.556023 -0.825063 2.073800 0.053314 0.825063 0.562520 0.000000 0.000000 0.000000 0.000000 1.000000
0.993503 -0.100548 0.053315 0.000000 0.100549 0.556023 -0.825063 2.073800 0.053314 0.825063 0.562520 0.000000 0.000000 0.000000 0.000000 1.000000
0.993503 -0.100548 0.053315 0.000000 0.100549 0.556023 -0.825063 2.073800 0.053314 0.825063 0.562520 0.000000 0.000000 0.000000 0.000000 1.000000
0.993503 -0.100548 0.053315 0.000000 0.100549 0.556023 -0.825063 2.073800 0.053314 0.825063 0.562520 0.000000 0.000000 0.000000 0.000000 1.000000
0.993503 -0.100548 0.053315 0.000000 0.100549 0.556023 -0.825063 2.073800 0.053314 0.825063 0.562520 -0.000000 0.000000 0.000000 0.000000 1.000000
0.993503 -0.100548 0.053315 0.000000 0.100549 0.556023 -0.825063 2.073800 0.053314 0.825063 0.562520 0.000000 0.000000 0.000000 0.000000 1.000000
0.993503 -0.100548 0.053315 0.000000 0.100549 0.556023 -0.825063 2.073800 0.053314 0.825063 0.562520 0.000000 0.000000 0.000000 0.000000 1.000000
0.993503 -0.100548 0.053315 0.000000 0.100549 0.556023 -0.825062 2.073800 0.053314 0.825063 0.562521 0.000000 0.000000 0.000000 0.000000 1.000000
0.993503 -0.100548 0.053315 -0.000000 0.100549 0.556023 -0.825063 2.073800 0.053314 0.825063 0.562520 0.000000 0.000000 0.000000 0.000000 1.000000
0.993503 -0.100548 0.053315 0.000000 0.100549 0.556023 -0.825063 2.073800 0.053314 0.825063 0.562520 0.000000 0.000000 0.000000 0.000000 1.000000
0.993503 -0.100548 0.053315 0.000000 0.100549 0.556023 -0.825063 2.073800 0.053314 0.825063 0.562520 0.000000 0.000000 0.000000 0.000000 1.000000
0.993503 -0.100548 0.053315 -0.000000 0.100549 0.556023 -0.825063 2.073800 0.053314 0.825063 0.562520 0.000000 0.000000 0.000000 0.000000 1.000000
0.993503 -0.100548 0.053315 -0.000000 0.100549 0.556023 -0.825063 2.073800 0.053314 0.825063 0.562520 0.000000 0.000000 0.000000 0.000000 1.000000
0.993503 -0.100548 0.053315 -0.000000 0.100549 0.556023 -0.825063 2.073800 0.053314 0.825063 0.562520 -0.000000 0.000000 0.000000 0.000000 1.000000
0.993503 -0.100548 0.053315 0.000000 0.100549 0.556023 -0.825063 2.073800 0.053314 0.825063 0.562520 0.000000 0.000000 0.000000 0.000000 1.000000
0.993503 -0.100548 0.053315 0.000000 0.100549 0.556023 -0.825063 2.073800 0.053314 0.825063 0.562520 0.000000 0.000000 0.000000 0.000000 1.000000
0.993503 -0.100548 0.053315 0.000000 0.100549 0.556023 -0.825063 2.073800 0.053314 0.825063 0.562520 0.000000 0.000000 0.000000 0.000000 1.000000
0.993503 -0.100548 0.053315 -0.000000 0.100549 0.556023 -0.825063 2.073800 0.053314 0.825063 0.562520 0.000000 0.000000 0.000000 0.000000 1.000000
0.993503 -0.100548 0.053315 -0.000000 0.100549 0.556023 -0.825063 2.073800 0.053314 0.825063 0.562520 0.000000 0.000000 0.000000 0.000000 1.000000
0.993503 -0.100548 0.053315 0.000000 0.100549 0.556023 -0.825063 2.073800 0.053314 0.825063 0.562520 0.000000 0.000000 0.000000 0.000000 1.000000
0.993503 -0.100548 0.053315 0.000000 0.100549 0.556023 -0.825063 2.073800 0.053314 0.825063 0.562520 0.000000 0.000000 0.000000 0.000000 1.000000
0.993503 -0.100548 0.053315 -0.000000 0.100549 0.556023 -0.825063 2.073800 0.053314 0.825063 0.562520 -0.000000 0.000000 0.000000 0.000000 1.000000
0.993503 -0.100548 0.053315 0.000000 0.100549 0.556023 -0.825063 2.073800 0.053314 0.825063 0.562520 0.000000 0.000000 0.000000 0.000000 1.000000
0.993503 -0.100548 0.053316 0.000000 0.100549 0.556023 -0.825063 2.073800 0.053314 0.825063 0.562520 0.000000 0.000000 0.000000 0.000000 1.000000</float_array>
        <technique_common>
          <accessor source="#mixamorig_RightHandPinky3-Matrix-animation-output-transform-array" count="56" stride="16">
            <param type="float4x4"/>
          </accessor>
        </technique_common>
      </source>
      <source id="mixamorig_RightHandPinky3-Interpolations">
        <Name_array id="mixamorig_RightHandPinky3-Interpolations-array" count="56">
 LINEAR LINEAR LINEAR LINEAR LINEAR LINEAR LINEAR LINEAR LINEAR LINEAR LINEAR
LINEAR LINEAR LINEAR LINEAR LINEAR LINEAR LINEAR LINEAR LINEAR LINEAR LINEAR LINEAR
LINEAR LINEAR LINEAR LINEAR LINEAR LINEAR LINEAR LINEAR LINEAR LINEAR LINEAR LINEAR
LINEAR LINEAR LINEAR LINEAR LINEAR LINEAR LINEAR LINEAR LINEAR LINEAR LINEAR LINEAR
LINEAR LINEAR LINEAR LINEAR LINEAR LINEAR LINEAR LINEAR LINEAR</Name_array>
        <technique_common>
          <accessor source="#mixamorig_RightHandPinky3-Interpolations-array" count="56">
            <param type="name"/>
          </accessor>
        </technique_common>
      </source>
      <sampler id="mixamorig_RightHandPinky3-Matrix-animation-transform">
        <input semantic="INPUT" source="#mixamorig_RightHandPinky3-Matrix-animation-input"/>
        <input semantic="OUTPUT" source="#mixamorig_RightHandPinky3-Matrix-animation-output-transform"/>
        <input semantic="INTERPOLATION" source="#mixamorig_RightHandPinky3-Interpolations"/>
      </sampler>
      <channel source="#mixamorig_RightHandPinky3-Matrix-animation-transform" target="mixamorig_RightHandPinky3/matrix"/>
    </animation>
    <animation id="mixamorig_LeftUpLeg-anim" name="mixamorig_LeftUpLeg">
      <source id="mixamorig_LeftUpLeg-Matrix-animation-input">
        <float_array id="mixamorig_LeftUpLeg-Matrix-animation-input-array" count="56">

0.000000 0.033333 0.066667 0.100000 0.133333 0.166667 0.200000 0.233333 0.266667 0.300000 0.333333 0.366667 0.400000 0.433333 0.466667 0.500000
0.533333 0.566667 0.600000 0.633333 0.666667 0.700000 0.733333 0.766667 0.800000 0.833333 0.866667 0.900000 0.933333 0.966667 1.000000 1.033333
1.066667 1.100000 1.133333 1.166667 1.200000 1.233333 1.266667 1.300000 1.333333 1.366667 1.400000 1.433333 1.466667 1.500000 1.533333 1.566667
1.600000 1.633333 1.666667 1.700000 1.733333 1.766667 1.800000 1.833333</float_array>
        <technique_common>
          <accessor source="#mixamorig_LeftUpLeg-Matrix-animation-input-array" count="56">
            <param name="TIME" type="float"/>
          </accessor>
        </technique_common>
      </source>
      <source id="mixamorig_LeftUpLeg-Matrix-animation-output-transform">
        <float_array id="mixamorig_LeftUpLeg-Matrix-animation-output-transform-array" count="896">

-0.877182 0.407451 -0.254038 9.418100 -0.275124 0.007103 0.961383 -4.875100 0.393521 0.913199 0.105869 1.897700 0.000000 0.000000 0.000000 1.000000
-0.877182 0.407453 -0.254036 9.418100 -0.275123 0.007100 0.961383 -4.875100 0.393521 0.913199 0.105872 1.897700 0.000000 0.000000 0.000000 1.000000
-0.877182 0.407452 -0.254038 9.418100 -0.275123 0.007103 0.961383 -4.875100 0.393521 0.913199 0.105869 1.897700 0.000000 0.000000 0.000000 1.000000
-0.877182 0.407452 -0.254036 9.418100 -0.275123 0.007099 0.961383 -4.875100 0.393521 0.913199 0.105872 1.897700 0.000000 0.000000 0.000000 1.000000
-0.877182 0.407452 -0.254038 9.418100 -0.275123 0.007103 0.961383 -4.875100 0.393521 0.913199 0.105869 1.897700 0.000000 0.000000 0.000000 1.000000
-0.877182 0.407452 -0.254037 9.418100 -0.275123 0.007103 0.961383 -4.875100 0.393522 0.913199 0.105869 1.897700 0.000000 0.000000 0.000000 1.000000
-0.877182 0.407452 -0.254038 9.418100 -0.275123 0.007103 0.961383 -4.875100 0.393522 0.913199 0.105869 1.897700 0.000000 0.000000 0.000000 1.000000
-0.877182 0.407452 -0.254037 9.418100 -0.275123 0.007102 0.961383 -4.875100 0.393522 0.913199 0.105870 1.897700 0.000000 0.000000 0.000000 1.000000
-0.877182 0.407452 -0.254037 9.418100 -0.275123 0.007103 0.961383 -4.875100 0.393521 0.913199 0.105869 1.897700 0.000000 0.000000 0.000000 1.000000
-0.877182 0.407453 -0.254036 9.418100 -0.275123 0.007099 0.961383 -4.875100 0.393521 0.913199 0.105873 1.897700 0.000000 0.000000 0.000000 1.000000
-0.877182 0.407452 -0.254037 9.418100 -0.275123 0.007102 0.961383 -4.875100 0.393521 0.913199 0.105869 1.897700 0.000000 0.000000 0.000000 1.000000
-0.877182 0.407451 -0.254038 9.418100 -0.275124 0.007103 0.961383 -4.875100 0.393521 0.913199 0.105869 1.897700 0.000000 0.000000 0.000000 1.000000
-0.877182 0.407451 -0.254037 9.418100 -0.275124 0.007101 0.961383 -4.875100 0.393521 0.913199 0.105870 1.897700 0.000000 0.000000 0.000000 1.000000
-0.877182 0.407452 -0.254037 9.418100 -0.275124 0.007102 0.961383 -4.875100 0.393521 0.913199 0.105870 1.897700 0.000000 0.000000 0.000000 1.000000
-0.877182 0.407452 -0.254036 9.418100 -0.275124 0.007100 0.961383 -4.875100 0.393521 0.913199 0.105872 1.897700 0.000000 0.000000 0.000000 1.000000
-0.877182 0.407452 -0.254037 9.418100 -0.275123 0.007101 0.961383 -4.875100 0.393521 0.913199 0.105871 1.897700 0.000000 0.000000 0.000000 1.000000
-0.877182 0.407452 -0.254037 9.418100 -0.275123 0.007101 0.961383 -4.875100 0.393522 0.913199 0.105871 1.897700 0.000000 0.000000 0.000000 1.000000
-0.877182 0.407452 -0.254037 9.418100 -0.275123 0.007102 0.961383 -4.875100 0.393521 0.913199 0.105869 1.897700 0.000000 0.000000 0.000000 1.000000
-0.877182 0.407452 -0.254037 9.418100 -0.275123 0.007101 0.961383 -4.875100 0.393521 0.913199 0.105870 1.897700 0.000000 0.000000 0.000000 1.000000
-0.877182 0.407451 -0.254038 9.418100 -0.275123 0.007104 0.961383 -4.875100 0.393521 0.913199 0.105868 1.897700 0.000000 0.000000 0.000000 1.000000
-0.877182 0.407451 -0.254037 9.418100 -0.275124 0.007102 0.961383 -4.875100 0.393521 0.913199 0.105870 1.897700 0.000000 0.000000 0.000000 1.000000
-0.877182 0.407452 -0.254037 9.418100 -0.275123 0.007101 0.961383 -4.875100 0.393521 0.913199 0.105871 1.897700 0.000000 0.000000 0.000000 1.000000
-0.877182 0.407452 -0.254037 9.418100 -0.275123 0.007101 0.961383 -4.875100 0.393521 0.913199 0.105870 1.897700 0.000000 0.000000 0.000000 1.000000
-0.877182 0.407452 -0.254037 9.418100 -0.275123 0.007102 0.961383 -4.875100 0.393521 0.913199 0.105870 1.897700 0.000000 0.000000 0.000000 1.000000
-0.877182 0.407453 -0.254036 9.418100 -0.275123 0.007099 0.961383 -4.875100 0.393521 0.913199 0.105873 1.897700 0.000000 0.000000 0.000000 1.000000
-0.877182 0.407452 -0.254037 9.418100 -0.275123 0.007101 0.961383 -4.875100 0.393521 0.913199 0.105871 1.897700 0.000000 0.000000 0.000000 1.000000
-0.877182 0.407452 -0.254037 9.418100 -0.275124 0.007102 0.961383 -4.875100 0.393521 0.913199 0.105870 1.897700 0.000000 0.000000 0.000000 1.000000
-0.877182 0.407453 -0.254036 9.418100 -0.275123 0.007100 0.961383 -4.875100 0.393521 0.913199 0.105872 1.897700 0.000000 0.000000 0.000000 1.000000
-0.877182 0.407452 -0.254037 9.418100 -0.275123 0.007102 0.961383 -4.875100 0.393521 0.913199 0.105870 1.897700 0.000000 0.000000 0.000000 1.000000
-0.877182 0.407452 -0.254037 9.418100 -0.275124 0.007101 0.961383 -4.875100 0.393522 0.913199 0.105871 1.897700 0.000000 0.000000 0.000000 1.000000
-0.877182 0.407452 -0.254037 9.418100 -0.275124 0.007101 0.961383 -4.875100 0.393521 0.913199 0.105871 1.897700 0.000000 0.000000 0.000000 1.000000
-0.877182 0.407451 -0.254037 9.418100 -0.275124 0.007100 0.961383 -4.875100 0.393520 0.913199 0.105871 1.897700 0.000000 0.000000 0.000000 1.000000
-0.877182 0.407451 -0.254037 9.418100 -0.275124 0.007102 0.961383 -4.875100 0.393521 0.913199 0.105870 1.897700 0.000000 0.000000 0.000000 1.000000
-0.877182 0.407452 -0.254037 9.418100 -0.275124 0.007100 0.961383 -4.875100 0.393521 0.913199 0.105872 1.897700 0.000000 0.000000 0.000000 1.000000
-0.877182 0.407452 -0.254037 9.418100 -0.275123 0.007102 0.961383 -4.875100 0.393521 0.913199 0.105870 1.897700 0.000000 0.000000 0.000000 1.000000
-0.877182 0.407452 -0.254037 9.418100 -0.275123 0.007102 0.961383 -4.875100 0.393521 0.913199 0.105869 1.897700 0.000000 0.000000 0.000000 1.000000
-0.877182 0.407452 -0.254037 9.418100 -0.275123 0.007102 0.961383 -4.875100 0.393522 0.913199 0.105870 1.897700 0.000000 0.000000 0.000000 1.000000
-0.877182 0.407451 -0.254038 9.418100 -0.275123 0.007103 0.961383 -4.875100 0.393521 0.913199 0.105868 1.897700 0.000000 0.000000 0.000000 1.000000
-0.877182 0.407452 -0.254037 9.418100 -0.275123 0.007102 0.961383 -4.875100 0.393522 0.913199 0.105870 1.897700 0.000000 0.000000 0.000000 1.000000
-0.877182 0.407453 -0.254036 9.418100 -0.275123 0.007100 0.961383 -4.875100 0.393522 0.913199 0.105872 1.897700 0.000000 0.000000 0.000000 1.000000
-0.877182 0.407452 -0.254037 9.418100 -0.275123 0.007101 0.961383 -4.875100 0.393521 0.913199 0.105871 1.897700 0.000000 0.000000 0.000000 1.000000
-0.877182 0.407452 -0.254038 9.418100 -0.275124 0.007103 0.961383 -4.875100 0.393521 0.913199 0.105869 1.897700 0.000000 0.000000 0.000000 1.000000
-0.877182 0.407453 -0.254036 9.418100 -0.275124 0.007099 0.961383 -4.875100 0.393521 0.913199 0.105873 1.897700 0.000000 0.000000 0.000000 1.000000
-0.877182 0.407452 -0.254037 9.418100 -0.275123 0.007103 0.961383 -4.875100 0.393521 0.913199 0.105869 1.897700 0.000000 0.000000 0.000000 1.000000
-0.877182 0.407452 -0.254038 9.418100 -0.275123 0.007103 0.961383 -4.875100 0.393522 0.913199 0.105869 1.897700 0.000000 0.000000 0.000000 1.000000
-0.877182 0.407452 -0.254037 9.418100 -0.275123 0.007102 0.961383 -4.875100 0.393521 0.913199 0.105870 1.897700 0.000000 0.000000 0.000000 1.000000
-0.877182 0.407452 -0.254037 9.418100 -0.275124 0.007101 0.961383 -4.875100 0.393521 0.913199 0.105871 1.897700 0.000000 0.000000 0.000000 1.000000
-0.877182 0.407452 -0.254037 9.418100 -0.275123 0.007102 0.961383 -4.875100 0.393521 0.913199 0.105870 1.897700 0.000000 0.000000 0.000000 1.000000
-0.877182 0.407452 -0.254037 9.418100 -0.275123 0.007102 0.961383 -4.875100 0.393521 0.913199 0.105869 1.897700 0.000000 0.000000 0.000000 1.000000
-0.877182 0.407452 -0.254038 9.418100 -0.275123 0.007103 0.961383 -4.875100 0.393522 0.913199 0.105869 1.897700 0.000000 0.000000 0.000000 1.000000
-0.877182 0.407452 -0.254036 9.418100 -0.275123 0.007101 0.961383 -4.875100 0.393521 0.913199 0.105871 1.897700 0.000000 0.000000 0.000000 1.000000
-0.877182 0.407451 -0.254037 9.418100 -0.275123 0.007102 0.961383 -4.875100 0.393521 0.913199 0.105869 1.897700 0.000000 0.000000 0.000000 1.000000
-0.877182 0.407452 -0.254038 9.418100 -0.275123 0.007103 0.961383 -4.875100 0.393521 0.913199 0.105869 1.897700 0.000000 0.000000 0.000000 1.000000
-0.877182 0.407452 -0.254037 9.418100 -0.275123 0.007102 0.961383 -4.875100 0.393521 0.913199 0.105870 1.897700 0.000000 0.000000 0.000000 1.000000
-0.877182 0.407452 -0.254037 9.418100 -0.275123 0.007102 0.961383 -4.875100 0.393521 0.913199 0.105870 1.897700 0.000000 0.000000 0.000000 1.000000
-0.877182 0.407452 -0.254037 9.418100 -0.275123 0.007101 0.961383 -4.875100 0.393521 0.913199 0.105871 1.897700 0.000000 0.000000 0.000000 1.000000</float_array>
        <technique_common>
          <accessor source="#mixamorig_LeftUpLeg-Matrix-animation-output-transform-array" count="56" stride="16">
            <param type="float4x4"/>
          </accessor>
        </technique_common>
      </source>
      <source id="mixamorig_LeftUpLeg-Interpolations">
        <Name_array id="mixamorig_LeftUpLeg-Interpolations-array" count="56">
 LINEAR LINEAR LINEAR LINEAR LINEAR LINEAR LINEAR LINEAR LINEAR LINEAR LINEAR
LINEAR LINEAR LINEAR LINEAR LINEAR LINEAR LINEAR LINEAR LINEAR LINEAR LINEAR LINEAR
LINEAR LINEAR LINEAR LINEAR LINEAR LINEAR LINEAR LINEAR LINEAR LINEAR LINEAR LINEAR
LINEAR LINEAR LINEAR LINEAR LINEAR LINEAR LINEAR LINEAR LINEAR LINEAR LINEAR LINEAR
LINEAR LINEAR LINEAR LINEAR LINEAR LINEAR LINEAR LINEAR LINEAR</Name_array>
        <technique_common>
          <accessor source="#mixamorig_LeftUpLeg-Interpolations-array" count="56">
            <param type="name"/>
          </accessor>
        </technique_common>
      </source>
      <sampler id="mixamorig_LeftUpLeg-Matrix-animation-transform">
        <input semantic="INPUT" source="#mixamorig_LeftUpLeg-Matrix-animation-input"/>
        <input semantic="OUTPUT" source="#mixamorig_LeftUpLeg-Matrix-animation-output-transform"/>
        <input semantic="INTERPOLATION" source="#mixamorig_LeftUpLeg-Interpolations"/>
      </sampler>
      <channel source="#mixamorig_LeftUpLeg-Matrix-animation-transform" target="mixamorig_LeftUpLeg/matrix"/>
    </animation>
    <animation id="mixamorig_LeftLeg-anim" name="mixamorig_LeftLeg">
      <source id="mixamorig_LeftLeg-Matrix-animation-input">
        <float_array id="mixamorig_LeftLeg-Matrix-animation-input-array" count="56">

0.000000 0.033333 0.066667 0.100000 0.133333 0.166667 0.200000 0.233333 0.266667 0.300000 0.333333 0.366667 0.400000 0.433333 0.466667 0.500000
0.533333 0.566667 0.600000 0.633333 0.666667 0.700000 0.733333 0.766667 0.800000 0.833333 0.866667 0.900000 0.933333 0.966667 1.000000 1.033333
1.066667 1.100000 1.133333 1.166667 1.200000 1.233333 1.266667 1.300000 1.333333 1.366667 1.400000 1.433333 1.466667 1.500000 1.533333 1.566667
1.600000 1.633333 1.666667 1.700000 1.733333 1.766667 1.800000 1.833333</float_array>
        <technique_common>
          <accessor source="#mixamorig_LeftLeg-Matrix-animation-input-array" count="56">
            <param name="TIME" type="float"/>
          </accessor>
        </technique_common>
      </source>
      <source id="mixamorig_LeftLeg-Matrix-animation-output-transform">
        <float_array id="mixamorig_LeftLeg-Matrix-animation-output-transform-array" count="896">

0.999012 -0.000004 -0.044435 -0.000000 0.013433 0.953234 0.301935 48.478100 0.042356 -0.302234 0.952292 0.000000 0.000000 0.000000 0.000000 1.000000
0.999012 -0.000004 -0.044435 0.000000 0.013433 0.953236 0.301929 48.478100 0.042356 -0.302228 0.952294 0.000000 0.000000 0.000000 0.000000 1.000000
0.999012 -0.000004 -0.044435 0.000000 0.013433 0.953234 0.301934 48.478100 0.042356 -0.302233 0.952293 0.000000 0.000000 0.000000 0.000000 1.000000
0.999012 -0.000004 -0.044435 0.000000 0.013433 0.953236 0.301928 48.478100 0.042356 -0.302226 0.952295 0.000000 0.000000 0.000000 0.000000 1.000000
0.999012 -0.000003 -0.044434 0.000000 0.013433 0.953234 0.301935 48.478100 0.042355 -0.302234 0.952292 0.000000 0.000000 0.000000 0.000000 1.000000
0.999012 -0.000004 -0.044435 0.000000 0.013433 0.953234 0.301933 48.478100 0.042356 -0.302232 0.952293 0.000000 0.000000 0.000000 0.000000 1.000000
0.999012 -0.000004 -0.044435 0.000000 0.013433 0.953234 0.301934 48.478100 0.042356 -0.302233 0.952293 -0.000000 0.000000 0.000000 0.000000 1.000000
0.999012 -0.000004 -0.044435 0.000000 0.013433 0.953235 0.301932 48.478100 0.042356 -0.302231 0.952293 -0.000000 0.000000 0.000000 0.000000 1.000000
0.999012 -0.000004 -0.044435 0.000000 0.013433 0.953234 0.301934 48.478100 0.042356 -0.302232 0.952293 0.000000 0.000000 0.000000 0.000000 1.000000
0.999012 -0.000004 -0.044435 0.000000 0.013433 0.953236 0.301927 48.478100 0.042356 -0.302226 0.952295 0.000000 0.000000 0.000000 0.000000 1.000000
0.999012 -0.000004 -0.044435 0.000000 0.013433 0.953234 0.301933 48.478100 0.042356 -0.302232 0.952293 0.000000 0.000000 0.000000 0.000000 1.000000
0.999012 -0.000004 -0.044435 0.000000 0.013434 0.953234 0.301935 48.478100 0.042356 -0.302233 0.952292 0.000000 0.000000 0.000000 0.000000 1.000000
0.999012 -0.000004 -0.044435 0.000000 0.013434 0.953235 0.301932 48.478100 0.042356 -0.302231 0.952293 -0.000000 0.000000 0.000000 0.000000 1.000000
0.999012 -0.000004 -0.044435 -0.000000 0.013433 0.953235 0.301933 48.478100 0.042356 -0.302232 0.952293 0.000000 0.000000 0.000000 0.000000 1.000000
0.999012 -0.000004 -0.044435 0.000000 0.013433 0.953235 0.301930 48.478100 0.042356 -0.302229 0.952294 -0.000000 0.000000 0.000000 0.000000 1.000000
0.999012 -0.000004 -0.044435 -0.000000 0.013433 0.953235 0.301931 48.478100 0.042356 -0.302229 0.952294 0.000000 0.000000 0.000000 0.000000 1.000000
0.999012 -0.000004 -0.044435 0.000000 0.013433 0.953235 0.301932 48.478100 0.042356 -0.302230 0.952293 -0.000000 0.000000 0.000000 0.000000 1.000000
0.999012 -0.000004 -0.044435 -0.000000 0.013434 0.953234 0.301934 48.478100 0.042356 -0.302232 0.952293 0.000000 0.000000 0.000000 0.000000 1.000000
0.999012 -0.000004 -0.044435 0.000000 0.013433 0.953235 0.301931 48.478100 0.042356 -0.302230 0.952294 0.000000 0.000000 0.000000 0.000000 1.000000
0.999012 -0.000004 -0.044435 0.000000 0.013433 0.953234 0.301935 48.478100 0.042356 -0.302234 0.952292 -0.000000 0.000000 0.000000 0.000000 1.000000
0.999012 -0.000004 -0.044435 0.000000 0.013434 0.953235 0.301932 48.478100 0.042356 -0.302231 0.952293 -0.000000 0.000000 0.000000 0.000000 1.000000
0.999012 -0.000004 -0.044435 0.000000 0.013433 0.953236 0.301929 48.478100 0.042356 -0.302228 0.952294 -0.000000 0.000000 0.000000 0.000000 1.000000
0.999012 -0.000004 -0.044435 0.000000 0.013433 0.953235 0.301932 48.478100 0.042356 -0.302231 0.952293 0.000000 0.000000 0.000000 0.000000 1.000000
0.999012 -0.000004 -0.044435 -0.000000 0.013433 0.953235 0.301932 48.478100 0.042355 -0.302231 0.952293 0.000000 0.000000 0.000000 0.000000 1.000000
0.999012 -0.000004 -0.044435 0.000000 0.013433 0.953236 0.301927 48.478100 0.042356 -0.302226 0.952295 0.000000 0.000000 0.000000 0.000000 1.000000
0.999012 -0.000004 -0.044435 0.000000 0.013433 0.953235 0.301930 48.478100 0.042356 -0.302229 0.952294 0.000000 0.000000 0.000000 0.000000 1.000000
0.999012 -0.000004 -0.044435 0.000000 0.013434 0.953235 0.301932 48.478100 0.042356 -0.302231 0.952293 -0.000000 0.000000 0.000000 0.000000 1.000000
0.999012 -0.000004 -0.044435 0.000000 0.013433 0.953236 0.301929 48.478100 0.042356 -0.302228 0.952294 0.000000 0.000000 0.000000 0.000000 1.000000
0.999012 -0.000004 -0.044435 0.000000 0.013433 0.953235 0.301932 48.478100 0.042356 -0.302231 0.952293 -0.000000 0.000000 0.000000 0.000000 1.000000
0.999012 -0.000003 -0.044435 0.000000 0.013433 0.953235 0.301932 48.478100 0.042356 -0.302231 0.952293 0.000000 0.000000 0.000000 0.000000 1.000000
0.999012 -0.000003 -0.044435 0.000000 0.013433 0.953235 0.301931 48.478100 0.042356 -0.302230 0.952294 0.000000 0.000000 0.000000 0.000000 1.000000
0.999012 -0.000004 -0.044436 0.000000 0.013434 0.953236 0.301930 48.478100 0.042356 -0.302228 0.952294 0.000000 0.000000 0.000000 0.000000 1.000000
0.999012 -0.000004 -0.044435 0.000000 0.013434 0.953235 0.301932 48.478100 0.042356 -0.302231 0.952293 0.000000 0.000000 0.000000 0.000000 1.000000
0.999012 -0.000004 -0.044435 0.000000 0.013434 0.953236 0.301929 48.478100 0.042356 -0.302227 0.952294 0.000000 0.000000 0.000000 0.000000 1.000000
0.999012 -0.000004 -0.044435 0.000000 0.013433 0.953234 0.301933 48.478100 0.042356 -0.302232 0.952293 0.000000 0.000000 0.000000 0.000000 1.000000
0.999012 -0.000004 -0.044435 0.000000 0.013433 0.953234 0.301933 48.478100 0.042356 -0.302232 0.952293 0.000000 0.000000 0.000000 0.000000 1.000000
0.999012 -0.000004 -0.044435 0.000000 0.013433 0.953235 0.301932 48.478100 0.042356 -0.302231 0.952293 0.000000 0.000000 0.000000 0.000000 1.000000
0.999012 -0.000004 -0.044435 0.000000 0.013433 0.953234 0.301935 48.478100 0.042356 -0.302234 0.952292 0.000000 0.000000 0.000000 0.000000 1.000000
0.999012 -0.000004 -0.044435 0.000000 0.013433 0.953235 0.301933 48.478100 0.042356 -0.302232 0.952293 0.000000 0.000000 0.000000 0.000000 1.000000
0.999012 -0.000004 -0.044435 0.000000 0.013433 0.953235 0.301930 48.478100 0.042356 -0.302229 0.952294 0.000000 0.000000 0.000000 0.000000 1.000000
0.999012 -0.000004 -0.044435 -0.000000 0.013433 0.953235 0.301930 48.478100 0.042356 -0.302229 0.952294 0.000000 0.000000 0.000000 0.000000 1.000000
0.999012 -0.000004 -0.044435 0.000000 0.013433 0.953234 0.301933 48.478100 0.042356 -0.302232 0.952293 -0.000000 0.000000 0.000000 0.000000 1.000000
0.999012 -0.000004 -0.044435 0.000000 0.013433 0.953237 0.301926 48.478100 0.042356 -0.302225 0.952295 0.000000 0.000000 0.000000 0.000000 1.000000
0.999012 -0.000004 -0.044435 -0.000000 0.013434 0.953234 0.301933 48.478100 0.042356 -0.302232 0.952293 0.000000 0.000000 0.000000 0.000000 1.000000
0.999012 -0.000004 -0.044435 0.000000 0.013433 0.953234 0.301935 48.478100 0.042355 -0.302233 0.952293 -0.000000 0.000000 0.000000 0.000000 1.000000
0.999012 -0.000004 -0.044435 0.000000 0.013433 0.953234 0.301933 48.478100 0.042356 -0.302232 0.952293 0.000000 0.000000 0.000000 0.000000 1.000000
0.999012 -0.000004 -0.044435 -0.000000 0.013434 0.953235 0.301931 48.478100 0.042356 -0.302230 0.952294 0.000000 0.000000 0.000000 0.000000 1.000000
0.999012 -0.000004 -0.044435 0.000000 0.013433 0.953235 0.301933 48.478100 0.042356 -0.302232 0.952293 -0.000000 0.000000 0.000000 0.000000 1.000000
0.999012 -0.000004 -0.044435 0.000000 0.013433 0.953235 0.301933 48.478100 0.042356 -0.302231 0.952293 0.000000 0.000000 0.000000 0.000000 1.000000
0.999012 -0.000004 -0.044435 -0.000000 0.013433 0.953234 0.301934 48.478100 0.042356 -0.302233 0.952293 0.000000 0.000000 0.000000 0.000000 1.000000
0.999012 -0.000004 -0.044435 0.000000 0.013433 0.953235 0.301930 48.478100 0.042356 -0.302229 0.952294 0.000000 0.000000 0.000000 0.000000 1.000000
0.999012 -0.000004 -0.044435 0.000000 0.013433 0.953234 0.301934 48.478100 0.042356 -0.302233 0.952293 0.000000 0.000000 0.000000 0.000000 1.000000
0.999012 -0.000004 -0.044435 0.000000 0.013433 0.953234 0.301933 48.478100 0.042355 -0.302232 0.952293 0.000000 0.000000 0.000000 0.000000 1.000000
0.999012 -0.000004 -0.044435 0.000000 0.013433 0.953235 0.301933 48.478100 0.042356 -0.302232 0.952293 0.000000 0.000000 0.000000 0.000000 1.000000
0.999012 -0.000004 -0.044435 0.000000 0.013433 0.953234 0.301933 48.478100 0.042356 -0.302232 0.952293 0.000000 0.000000 0.000000 0.000000 1.000000
0.999012 -0.000004 -0.044435 -0.000000 0.013433 0.953235 0.301931 48.478100 0.042356 -0.302230 0.952294 0.000000 0.000000 0.000000 0.000000 1.000000</float_array>
        <technique_common>
          <accessor source="#mixamorig_LeftLeg-Matrix-animation-output-transform-array" count="56" stride="16">
            <param type="float4x4"/>
          </accessor>
        </technique_common>
      </source>
      <source id="mixamorig_LeftLeg-Interpolations">
        <Name_array id="mixamorig_LeftLeg-Interpolations-array" count="56">
 LINEAR LINEAR LINEAR LINEAR LINEAR LINEAR LINEAR LINEAR LINEAR LINEAR LINEAR
LINEAR LINEAR LINEAR LINEAR LINEAR LINEAR LINEAR LINEAR LINEAR LINEAR LINEAR LINEAR
LINEAR LINEAR LINEAR LINEAR LINEAR LINEAR LINEAR LINEAR LINEAR LINEAR LINEAR LINEAR
LINEAR LINEAR LINEAR LINEAR LINEAR LINEAR LINEAR LINEAR LINEAR LINEAR LINEAR LINEAR
LINEAR LINEAR LINEAR LINEAR LINEAR LINEAR LINEAR LINEAR LINEAR</Name_array>
        <technique_common>
          <accessor source="#mixamorig_LeftLeg-Interpolations-array" count="56">
            <param type="name"/>
          </accessor>
        </technique_common>
      </source>
      <sampler id="mixamorig_LeftLeg-Matrix-animation-transform">
        <input semantic="INPUT" source="#mixamorig_LeftLeg-Matrix-animation-input"/>
        <input semantic="OUTPUT" source="#mixamorig_LeftLeg-Matrix-animation-output-transform"/>
        <input semantic="INTERPOLATION" source="#mixamorig_LeftLeg-Interpolations"/>
      </sampler>
      <channel source="#mixamorig_LeftLeg-Matrix-animation-transform" target="mixamorig_LeftLeg/matrix"/>
    </animation>
    <animation id="mixamorig_LeftFoot-anim" name="mixamorig_LeftFoot">
      <source id="mixamorig_LeftFoot-Matrix-animation-input">
        <float_array id="mixamorig_LeftFoot-Matrix-animation-input-array" count="56">

0.000000 0.033333 0.066667 0.100000 0.133333 0.166667 0.200000 0.233333 0.266667 0.300000 0.333333 0.366667 0.400000 0.433333 0.466667 0.500000
0.533333 0.566667 0.600000 0.633333 0.666667 0.700000 0.733333 0.766667 0.800000 0.833333 0.866667 0.900000 0.933333 0.966667 1.000000 1.033333
1.066667 1.100000 1.133333 1.166667 1.200000 1.233333 1.266667 1.300000 1.333333 1.366667 1.400000 1.433333 1.466667 1.500000 1.533333 1.566667
1.600000 1.633333 1.666667 1.700000 1.733333 1.766667 1.800000 1.833333</float_array>
        <technique_common>
          <accessor source="#mixamorig_LeftFoot-Matrix-animation-input-array" count="56">
            <param name="TIME" type="float"/>
          </accessor>
        </technique_common>
      </source>
      <source id="mixamorig_LeftFoot-Matrix-animation-output-transform">
        <float_array id="mixamorig_LeftFoot-Matrix-animation-output-transform-array" count="896">

0.997705 -0.057427 -0.035870 0.000000 0.035807 0.897122 -0.440329 51.588001 0.057466 0.438034 0.897120 -0.000000 0.000000 0.000000 0.000000 1.000000
0.997705 -0.057427 -0.035870 0.000000 0.035807 0.897123 -0.440327 51.588001 0.057466 0.438032 0.897121 0.000000 0.000000 0.000000 0.000000 1.000000
0.997705 -0.057428 -0.035870 0.000000 0.035808 0.897123 -0.440328 51.588001 0.057467 0.438033 0.897120 -0.000000 0.000000 0.000000 0.000000 1.000000
0.997705 -0.057427 -0.035869 0.000000 0.035807 0.897124 -0.440326 51.588001 0.057466 0.438031 0.897121 0.000000 0.000000 0.000000 0.000000 1.000000
0.997705 -0.057427 -0.035870 0.000000 0.035807 0.897122 -0.440329 51.588001 0.057466 0.438034 0.897120 0.000000 0.000000 0.000000 0.000000 1.000000
0.997705 -0.057427 -0.035870 -0.000000 0.035807 0.897123 -0.440328 51.588001 0.057466 0.438033 0.897120 0.000000 0.000000 0.000000 0.000000 1.000000
0.997705 -0.057427 -0.035870 0.000000 0.035807 0.897123 -0.440328 51.588001 0.057466 0.438033 0.897120 -0.000000 0.000000 0.000000 0.000000 1.000000
0.997705 -0.057428 -0.035869 -0.000000 0.035808 0.897123 -0.440328 51.588001 0.057466 0.438033 0.897120 0.000000 0.000000 0.000000 0.000000 1.000000
0.997705 -0.057427 -0.035870 -0.000000 0.035807 0.897123 -0.440328 51.588001 0.057466 0.438033 0.897120 -0.000000 0.000000 0.000000 0.000000 1.000000
0.997705 -0.057428 -0.035869 -0.000000 0.035808 0.897124 -0.440325 51.588001 0.057466 0.438030 0.897122 0.000000 0.000000 0.000000 0.000000 1.000000
0.997705 -0.057427 -0.035870 -0.000000 0.035807 0.897122 -0.440329 51.588001 0.057467 0.438034 0.897120 0.000000 0.000000 0.000000 0.000000 1.000000
0.997705 -0.057427 -0.035870 -0.000000 0.035806 0.897122 -0.440328 51.588001 0.057466 0.438034 0.897120 0.000000 0.000000 0.000000 0.000000 1.000000
0.997705 -0.057428 -0.035869 0.000000 0.035807 0.897123 -0.440328 51.588001 0.057466 0.438033 0.897120 0.000000 0.000000 0.000000 0.000000 1.000000
0.997705 -0.057427 -0.035869 -0.000000 0.035807 0.897122 -0.440328 51.588001 0.057466 0.438033 0.897120 0.000000 0.000000 0.000000 0.000000 1.000000
0.997705 -0.057428 -0.035869 0.000000 0.035808 0.897123 -0.440328 51.588001 0.057466 0.438033 0.897120 0.000000 0.000000 0.000000 0.000000 1.000000
0.997705 -0.057428 -0.035869 -0.000000 0.035808 0.897123 -0.440327 51.588001 0.057466 0.438032 0.897121 0.000000 0.000000 0.000000 0.000000 1.000000
0.997705 -0.057428 -0.035869 0.000000 0.035808 0.897123 -0.440328 51.588001 0.057466 0.438033 0.897120 0.000000 0.000000 0.000000 0.000000 1.000000
0.997705 -0.057428 -0.035869 0.000000 0.035807 0.897123 -0.440328 51.588001 0.057466 0.438033 0.897120 -0.000000 0.000000 0.000000 0.000000 1.000000
0.997705 -0.057427 -0.035869 0.000000 0.035807 0.897123 -0.440327 51.588001 0.057466 0.438032 0.897121 -0.000000 0.000000 0.000000 0.000000 1.000000
0.997705 -0.057427 -0.035869 0.000000 0.035807 0.897122 -0.440329 51.588001 0.057466 0.438034 0.897120 0.000000 0.000000 0.000000 0.000000 1.000000
0.997705 -0.057427 -0.035870 0.000000 0.035807 0.897123 -0.440328 51.588001 0.057466 0.438033 0.897120 -0.000000 0.000000 0.000000 0.000000 1.000000
0.997705 -0.057427 -0.035869 -0.000000 0.035807 0.897124 -0.440326 51.588001 0.057466 0.438031 0.897121 0.000000 0.000000 0.000000 0.000000 1.000000
0.997705 -0.057428 -0.035869 0.000000 0.035808 0.897123 -0.440328 51.588001 0.057466 0.438033 0.897120 0.000000 0.000000 0.000000 0.000000 1.000000
0.997705 -0.057428 -0.035870 -0.000000 0.035808 0.897123 -0.440327 51.588001 0.057467 0.438032 0.897121 0.000000 0.000000 0.000000 0.000000 1.000000
0.997705 -0.057428 -0.035869 0.000000 0.035808 0.897124 -0.440326 51.588001 0.057466 0.438031 0.897121 0.000000 0.000000 0.000000 0.000000 1.000000
0.997705 -0.057427 -0.035870 0.000000 0.035807 0.897123 -0.440327 51.588001 0.057466 0.438032 0.897121 -0.000000 0.000000 0.000000 0.000000 1.000000
0.997705 -0.057427 -0.035870 -0.000000 0.035807 0.897123 -0.440328 51.588001 0.057466 0.438033 0.897120 -0.000000 0.000000 0.000000 0.000000 1.000000
0.997705 -0.057427 -0.035869 -0.000000 0.035807 0.897123 -0.440327 51.588001 0.057466 0.438032 0.897121 0.000000 0.000000 0.000000 0.000000 1.000000
0.997705 -0.057428 -0.035869 -0.000000 0.035808 0.897123 -0.440328 51.588001 0.057466 0.438033 0.897120 0.000000 0.000000 0.000000 0.000000 1.000000
0.997705 -0.057428 -0.035869 -0.000000 0.035808 0.897123 -0.440328 51.588001 0.057466 0.438033 0.897120 0.000000 0.000000 0.000000 0.000000 1.000000
0.997705 -0.057428 -0.035869 0.000000 0.035807 0.897123 -0.440328 51.588001 0.057466 0.438033 0.897120 -0.000000 0.000000 0.000000 0.000000 1.000000
0.997705 -0.057427 -0.035869 0.000000 0.035807 0.897123 -0.440327 51.588001 0.057466 0.438032 0.897121 0.000000 0.000000 0.000000 0.000000 1.000000
0.997705 -0.057428 -0.035869 0.000000 0.035808 0.897123 -0.440328 51.588001 0.057466 0.438033 0.897120 0.000000 0.000000 0.000000 0.000000 1.000000
0.997705 -0.057427 -0.035870 0.000000 0.035807 0.897124 -0.440326 51.588001 0.057466 0.438031 0.897121 0.000000 0.000000 0.000000 0.000000 1.000000
0.997705 -0.057427 -0.035870 0.000000 0.035807 0.897122 -0.440328 51.588001 0.057466 0.438034 0.897120 0.000000 0.000000 0.000000 0.000000 1.000000
0.997705 -0.057427 -0.035870 0.000000 0.035807 0.897123 -0.440328 51.588001 0.057466 0.438033 0.897120 0.000000 0.000000 0.000000 0.000000 1.000000
0.997705 -0.057428 -0.035869 0.000000 0.035808 0.897123 -0.440327 51.588001 0.057466 0.438032 0.897120 0.000000 0.000000 0.000000 0.000000 1.000000
0.997705 -0.057428 -0.035869 -0.000000 0.035807 0.897122 -0.440329 51.588001 0.057466 0.438034 0.897120 0.000000 0.000000 0.000000 0.000000 1.000000
0.997705 -0.057427 -0.035870 0.000000 0.035807 0.897123 -0.440328 51.588001 0.057466 0.438033 0.897120 0.000000 0.000000 0.000000 0.000000 1.000000
0.997705 -0.057427 -0.035870 -0.000000 0.035807 0.897123 -0.440327 51.588001 0.057466 0.438032 0.897121 0.000000 0.000000 0.000000 0.000000 1.000000
0.997705 -0.057428 -0.035870 -0.000000 0.035807 0.897123 -0.440327 51.588001 0.057466 0.438032 0.897121 -0.000000 0.000000 0.000000 0.000000 1.000000
0.997705 -0.057427 -0.035870 -0.000000 0.035807 0.897123 -0.440327 51.588001 0.057466 0.438033 0.897120 0.000000 0.000000 0.000000 0.000000 1.000000
0.997705 -0.057427 -0.035870 0.000000 0.035807 0.897124 -0.440325 51.588001 0.057466 0.438030 0.897122 0.000000 0.000000 0.000000 0.000000 1.000000
0.997705 -0.057428 -0.035869 -0.000000 0.035808 0.897123 -0.440328 51.588001 0.057466 0.438033 0.897120 -0.000000 0.000000 0.000000 0.000000 1.000000
0.997705 -0.057427 -0.035870 0.000000 0.035807 0.897122 -0.440329 51.588001 0.057467 0.438034 0.897120 0.000000 0.000000 0.000000 0.000000 1.000000
0.997705 -0.057428 -0.035869 0.000000 0.035808 0.897122 -0.440329 51.588001 0.057466 0.438034 0.897120 0.000000 0.000000 0.000000 0.000000 1.000000
0.997705 -0.057428 -0.035869 0.000000 0.035808 0.897123 -0.440327 51.588001 0.057466 0.438032 0.897121 -0.000000 0.000000 0.000000 0.000000 1.000000
0.997705 -0.057427 -0.035869 0.000000 0.035807 0.897123 -0.440328 51.588001 0.057466 0.438033 0.897120 0.000000 0.000000 0.000000 0.000000 1.000000
0.997705 -0.057428 -0.035870 0.000000 0.035807 0.897123 -0.440328 51.588001 0.057466 0.438033 0.897120 0.000000 0.000000 0.000000 0.000000 1.000000
0.997705 -0.057427 -0.035870 -0.000000 0.035807 0.897123 -0.440328 51.588001 0.057467 0.438033 0.897120 0.000000 0.000000 0.000000 0.000000 1.000000
0.997705 -0.057428 -0.035870 0.000000 0.035807 0.897123 -0.440327 51.588001 0.057466 0.438032 0.897121 0.000000 0.000000 0.000000 0.000000 1.000000
0.997705 -0.057427 -0.035870 -0.000000 0.035807 0.897123 -0.440328 51.588001 0.057467 0.438033 0.897120 0.000000 0.000000 0.000000 0.000000 1.000000
0.997705 -0.057427 -0.035870 0.000000 0.035807 0.897123 -0.440328 51.588001 0.057467 0.438033 0.897120 -0.000000 0.000000 0.000000 0.000000 1.000000
0.997705 -0.057427 -0.035870 0.000000 0.035807 0.897122 -0.440328 51.588001 0.057466 0.438034 0.897120 0.000000 0.000000 0.000000 0.000000 1.000000
0.997705 -0.057428 -0.035870 0.000000 0.035807 0.897122 -0.440329 51.588001 0.057466 0.438034 0.897120 0.000000 0.000000 0.000000 0.000000 1.000000
0.997705 -0.057427 -0.035870 0.000000 0.035807 0.897123 -0.440327 51.588001 0.057466 0.438032 0.897121 0.000000 0.000000 0.000000 0.000000 1.000000</float_array>
        <technique_common>
          <accessor source="#mixamorig_LeftFoot-Matrix-animation-output-transform-array" count="56" stride="16">
            <param type="float4x4"/>
          </accessor>
        </technique_common>
      </source>
      <source id="mixamorig_LeftFoot-Interpolations">
        <Name_array id="mixamorig_LeftFoot-Interpolations-array" count="56">
 LINEAR LINEAR LINEAR LINEAR LINEAR LINEAR LINEAR LINEAR LINEAR LINEAR LINEAR
LINEAR LINEAR LINEAR LINEAR LINEAR LINEAR LINEAR LINEAR LINEAR LINEAR LINEAR LINEAR
LINEAR LINEAR LINEAR LINEAR LINEAR LINEAR LINEAR LINEAR LINEAR LINEAR LINEAR LINEAR
LINEAR LINEAR LINEAR LINEAR LINEAR LINEAR LINEAR LINEAR LINEAR LINEAR LINEAR LINEAR
LINEAR LINEAR LINEAR LINEAR LINEAR LINEAR LINEAR LINEAR LINEAR</Name_array>
        <technique_common>
          <accessor source="#mixamorig_LeftFoot-Interpolations-array" count="56">
            <param type="name"/>
          </accessor>
        </technique_common>
      </source>
      <sampler id="mixamorig_LeftFoot-Matrix-animation-transform">
        <input semantic="INPUT" source="#mixamorig_LeftFoot-Matrix-animation-input"/>
        <input semantic="OUTPUT" source="#mixamorig_LeftFoot-Matrix-animation-output-transform"/>
        <input semantic="INTERPOLATION" source="#mixamorig_LeftFoot-Interpolations"/>
      </sampler>
      <channel source="#mixamorig_LeftFoot-Matrix-animation-transform" target="mixamorig_LeftFoot/matrix"/>
    </animation>
    <animation id="mixamorig_LeftToeBase-anim" name="mixamorig_LeftToeBase">
      <source id="mixamorig_LeftToeBase-Matrix-animation-input">
        <float_array id="mixamorig_LeftToeBase-Matrix-animation-input-array" count="56">

0.000000 0.033333 0.066667 0.100000 0.133333 0.166667 0.200000 0.233333 0.266667 0.300000 0.333333 0.366667 0.400000 0.433333 0.466667 0.500000
0.533333 0.566667 0.600000 0.633333 0.666667 0.700000 0.733333 0.766667 0.800000 0.833333 0.866667 0.900000 0.933333 0.966667 1.000000 1.033333
1.066667 1.100000 1.133333 1.166667 1.200000 1.233333 1.266667 1.300000 1.333333 1.366667 1.400000 1.433333 1.466667 1.500000 1.533333 1.566667
1.600000 1.633333 1.666667 1.700000 1.733333 1.766667 1.800000 1.833333</float_array>
        <technique_common>
          <accessor source="#mixamorig_LeftToeBase-Matrix-animation-input-array" count="56">
            <param name="TIME" type="float"/>
          </accessor>
        </technique_common>
      </source>
      <source id="mixamorig_LeftToeBase-Matrix-animation-output-transform">
        <float_array id="mixamorig_LeftToeBase-Matrix-animation-output-transform-array" count="896">

0.999431 0.006511 -0.033082 0.000000 -0.024380 0.817322 -0.575666 21.400000 0.023291 0.576145 0.817016 -0.000000 0.000000 0.000000 0.000000 1.000000
0.999431 0.006511 -0.033082 -0.000000 -0.024380 0.817322 -0.575665 21.400000 0.023290 0.576144 0.817016 -0.000000 0.000000 0.000000 0.000000 1.000000
0.999431 0.006511 -0.033082 0.000000 -0.024379 0.817322 -0.575666 21.400000 0.023291 0.576145 0.817016 0.000000 0.000000 0.000000 0.000000 1.000000
0.999431 0.006511 -0.033082 0.000000 -0.024380 0.817322 -0.575665 21.400000 0.023290 0.576145 0.817016 0.000000 0.000000 0.000000 0.000000 1.000000
0.999431 0.006511 -0.033082 0.000000 -0.024379 0.817321 -0.575666 21.400000 0.023291 0.576145 0.817015 -0.000000 0.000000 0.000000 0.000000 1.000000
0.999431 0.006511 -0.033082 -0.000000 -0.024379 0.817322 -0.575666 21.400000 0.023291 0.576145 0.817016 0.000000 0.000000 0.000000 0.000000 1.000000
0.999431 0.006511 -0.033082 0.000000 -0.024380 0.817321 -0.575666 21.400000 0.023291 0.576145 0.817015 -0.000000 0.000000 0.000000 0.000000 1.000000
0.999431 0.006511 -0.033082 -0.000000 -0.024380 0.817322 -0.575666 21.400000 0.023291 0.576145 0.817016 0.000000 0.000000 0.000000 0.000000 1.000000
0.999431 0.006511 -0.033082 0.000000 -0.024380 0.817322 -0.575666 21.400000 0.023291 0.576145 0.817016 0.000000 0.000000 0.000000 0.000000 1.000000
0.999431 0.006511 -0.033083 0.000000 -0.024380 0.817322 -0.575665 21.400000 0.023291 0.576144 0.817016 -0.000000 0.000000 0.000000 0.000000 1.000000
0.999431 0.006511 -0.033082 0.000000 -0.024380 0.817322 -0.575665 21.400000 0.023291 0.576145 0.817016 0.000000 0.000000 0.000000 0.000000 1.000000
0.999431 0.006511 -0.033082 0.000000 -0.024379 0.817322 -0.575666 21.400000 0.023291 0.576145 0.817016 0.000000 0.000000 0.000000 0.000000 1.000000
0.999431 0.006511 -0.033082 0.000000 -0.024380 0.817322 -0.575665 21.400000 0.023291 0.576145 0.817016 -0.000000 0.000000 0.000000 0.000000 1.000000
0.999431 0.006511 -0.033082 -0.000000 -0.024379 0.817322 -0.575666 21.400000 0.023291 0.576145 0.817016 0.000000 0.000000 0.000000 0.000000 1.000000
0.999431 0.006511 -0.033082 0.000000 -0.024380 0.817322 -0.575665 21.400000 0.023291 0.576144 0.817016 0.000000 0.000000 0.000000 0.000000 1.000000
0.999431 0.006511 -0.033082 0.000000 -0.024379 0.817322 -0.575666 21.400000 0.023291 0.576145 0.817016 0.000000 0.000000 0.000000 0.000000 1.000000
0.999431 0.006511 -0.033083 -0.000000 -0.024380 0.817322 -0.575665 21.400000 0.023291 0.576145 0.817016 -0.000000 0.000000 0.000000 0.000000 1.000000
0.999431 0.006511 -0.033082 0.000000 -0.024380 0.817322 -0.575665 21.400000 0.023291 0.576145 0.817016 0.000000 0.000000 0.000000 0.000000 1.000000
0.999431 0.006511 -0.033082 0.000000 -0.024380 0.817322 -0.575665 21.400000 0.023291 0.576145 0.817016 -0.000000 0.000000 0.000000 0.000000 1.000000
0.999431 0.006511 -0.033083 -0.000000 -0.024380 0.817322 -0.575665 21.400000 0.023291 0.576145 0.817016 -0.000000 0.000000 0.000000 0.000000 1.000000
0.999431 0.006511 -0.033082 0.000000 -0.024380 0.817322 -0.575665 21.400000 0.023291 0.576145 0.817016 0.000000 0.000000 0.000000 0.000000 1.000000
0.999431 0.006511 -0.033082 0.000000 -0.024380 0.817322 -0.575666 21.400000 0.023291 0.576145 0.817016 0.000000 0.000000 0.000000 0.000000 1.000000
0.999431 0.006511 -0.033082 0.000000 -0.024380 0.817322 -0.575665 21.400000 0.023291 0.576145 0.817016 0.000000 0.000000 0.000000 0.000000 1.000000
0.999431 0.006511 -0.033082 -0.000000 -0.024380 0.817322 -0.575665 21.400000 0.023291 0.576145 0.817016 0.000000 0.000000 0.000000 0.000000 1.000000
0.999431 0.006511 -0.033082 0.000000 -0.024380 0.817322 -0.575665 21.400000 0.023291 0.576145 0.817016 0.000000 0.000000 0.000000 0.000000 1.000000
0.999431 0.006512 -0.033083 0.000000 -0.024381 0.817322 -0.575665 21.400000 0.023291 0.576145 0.817016 0.000000 0.000000 0.000000 0.000000 1.000000
0.999431 0.006511 -0.033082 0.000000 -0.024380 0.817322 -0.575666 21.400000 0.023291 0.576145 0.817016 0.000000 0.000000 0.000000 0.000000 1.000000
0.999431 0.006511 -0.033082 -0.000000 -0.024380 0.817322 -0.575665 21.400000 0.023291 0.576145 0.817016 0.000000 0.000000 0.000000 0.000000 1.000000
0.999431 0.006511 -0.033082 -0.000000 -0.024380 0.817322 -0.575666 21.400000 0.023291 0.576145 0.817016 0.000000 0.000000 0.000000 0.000000 1.000000
0.999431 0.006511 -0.033082 0.000000 -0.024380 0.817322 -0.575666 21.400000 0.023291 0.576145 0.817016 -0.000000 0.000000 0.000000 0.000000 1.000000
0.999431 0.006511 -0.033082 0.000000 -0.024379 0.817322 -0.575666 21.400000 0.023290 0.576145 0.817016 0.000000 0.000000 0.000000 0.000000 1.000000
0.999431 0.006510 -0.033082 0.000000 -0.024379 0.817322 -0.575665 21.400000 0.023291 0.576144 0.817016 -0.000000 0.000000 0.000000 0.000000 1.000000
0.999431 0.006512 -0.033083 0.000000 -0.024381 0.817322 -0.575665 21.400000 0.023291 0.576144 0.817016 0.000000 0.000000 0.000000 0.000000 1.000000
0.999431 0.006511 -0.033082 0.000000 -0.024379 0.817322 -0.575665 21.400000 0.023291 0.576145 0.817016 0.000000 0.000000 0.000000 0.000000 1.000000
0.999431 0.006511 -0.033082 0.000000 -0.024380 0.817322 -0.575665 21.400000 0.023291 0.576145 0.817016 0.000000 0.000000 0.000000 0.000000 1.000000
0.999431 0.006511 -0.033082 0.000000 -0.024380 0.817322 -0.575666 21.400000 0.023291 0.576145 0.817016 -0.000000 0.000000 0.000000 0.000000 1.000000
0.999431 0.006511 -0.033083 0.000000 -0.024380 0.817322 -0.575666 21.400000 0.023291 0.576145 0.817016 0.000000 0.000000 0.000000 0.000000 1.000000
0.999431 0.006511 -0.033083 -0.000000 -0.024380 0.817322 -0.575665 21.400000 0.023291 0.576145 0.817016 0.000000 0.000000 0.000000 0.000000 1.000000
0.999431 0.006511 -0.033082 -0.000000 -0.024380 0.817322 -0.575665 21.400000 0.023291 0.576145 0.817016 0.000000 0.000000 0.000000 0.000000 1.000000
0.999431 0.006511 -0.033082 0.000000 -0.024380 0.817322 -0.575666 21.400000 0.023291 0.576145 0.817016 0.000000 0.000000 0.000000 0.000000 1.000000
0.999431 0.006510 -0.033082 -0.000000 -0.024379 0.817322 -0.575666 21.400000 0.023291 0.576145 0.817016 -0.000000 0.000000 0.000000 0.000000 1.000000
0.999431 0.006511 -0.033082 0.000000 -0.024380 0.817322 -0.575665 21.400000 0.023291 0.576145 0.817016 0.000000 0.000000 0.000000 0.000000 1.000000
0.999431 0.006511 -0.033082 0.000000 -0.024380 0.817322 -0.575666 21.400000 0.023291 0.576145 0.817016 0.000000 0.000000 0.000000 0.000000 1.000000
0.999431 0.006511 -0.033082 -0.000000 -0.024380 0.817322 -0.575666 21.400000 0.023291 0.576145 0.817016 0.000000 0.000000 0.000000 0.000000 1.000000
0.999431 0.006511 -0.033082 0.000000 -0.024380 0.817322 -0.575666 21.400000 0.023290 0.576145 0.817016 0.000000 0.000000 0.000000 0.000000 1.000000
0.999431 0.006511 -0.033082 0.000000 -0.024380 0.817322 -0.575665 21.400000 0.023291 0.576145 0.817016 -0.000000 0.000000 0.000000 0.000000 1.000000
0.999431 0.006510 -0.033082 0.000000 -0.024379 0.817322 -0.575665 21.400000 0.023291 0.576145 0.817016 -0.000000 0.000000 0.000000 0.000000 1.000000
0.999431 0.006511 -0.033082 0.000000 -0.024379 0.817322 -0.575666 21.400000 0.023290 0.576145 0.817016 -0.000000 0.000000 0.000000 0.000000 1.000000
0.999431 0.006511 -0.033082 -0.000000 -0.024379 0.817322 -0.575666 21.400000 0.023291 0.576145 0.817016 0.000000 0.000000 0.000000 0.000000 1.000000
0.999431 0.006511 -0.033082 -0.000000 -0.024380 0.817322 -0.575665 21.400000 0.023290 0.576144 0.817016 0.000000 0.000000 0.000000 0.000000 1.000000
0.999431 0.006511 -0.033082 0.000000 -0.024380 0.817322 -0.575666 21.400000 0.023291 0.576145 0.817016 -0.000000 0.000000 0.000000 0.000000 1.000000
0.999431 0.006511 -0.033082 0.000000 -0.024380 0.817322 -0.575666 21.400000 0.023291 0.576145 0.817016 -0.000000 0.000000 0.000000 0.000000 1.000000
0.999431 0.006511 -0.033082 0.000000 -0.024380 0.817322 -0.575665 21.400000 0.023290 0.576145 0.817016 0.000000 0.000000 0.000000 0.000000 1.000000
0.999431 0.006511 -0.033082 0.000000 -0.024380 0.817322 -0.575666 21.400000 0.023291 0.576145 0.817016 0.000000 0.000000 0.000000 0.000000 1.000000
0.999431 0.006511 -0.033082 0.000000 -0.024380 0.817322 -0.575666 21.400000 0.023291 0.576145 0.817016 0.000000 0.000000 0.000000 0.000000 1.000000
0.999431 0.006511 -0.033082 0.000000 -0.024380 0.817322 -0.575665 21.400000 0.023291 0.576145 0.817016 0.000000 0.000000 0.000000 0.000000 1.000000</float_array>
        <technique_common>
          <accessor source="#mixamorig_LeftToeBase-Matrix-animation-output-transform-array" count="56" stride="16">
            <param type="float4x4"/>
          </accessor>
        </technique_common>
      </source>
      <source id="mixamorig_LeftToeBase-Interpolations">
        <Name_array id="mixamorig_LeftToeBase-Interpolations-array" count="56">
 LINEAR LINEAR LINEAR LINEAR LINEAR LINEAR LINEAR LINEAR LINEAR LINEAR LINEAR
LINEAR LINEAR LINEAR LINEAR LINEAR LINEAR LINEAR LINEAR LINEAR LINEAR LINEAR LINEAR
LINEAR LINEAR LINEAR LINEAR LINEAR LINEAR LINEAR LINEAR LINEAR LINEAR LINEAR LINEAR
LINEAR LINEAR LINEAR LINEAR LINEAR LINEAR LINEAR LINEAR LINEAR LINEAR LINEAR LINEAR
LINEAR LINEAR LINEAR LINEAR LINEAR LINEAR LINEAR LINEAR LINEAR</Name_array>
        <technique_common>
          <accessor source="#mixamorig_LeftToeBase-Interpolations-array" count="56">
            <param type="name"/>
          </accessor>
        </technique_common>
      </source>
      <sampler id="mixamorig_LeftToeBase-Matrix-animation-transform">
        <input semantic="INPUT" source="#mixamorig_LeftToeBase-Matrix-animation-input"/>
        <input semantic="OUTPUT" source="#mixamorig_LeftToeBase-Matrix-animation-output-transform"/>
        <input semantic="INTERPOLATION" source="#mixamorig_LeftToeBase-Interpolations"/>
      </sampler>
      <channel source="#mixamorig_LeftToeBase-Matrix-animation-transform" target="mixamorig_LeftToeBase/matrix"/>
    </animation>
    <animation id="mixamorig_RightUpLeg-anim" name="mixamorig_RightUpLeg">
      <source id="mixamorig_RightUpLeg-Matrix-animation-input">
        <float_array id="mixamorig_RightUpLeg-Matrix-animation-input-array" count="56">

0.000000 0.033333 0.066667 0.100000 0.133333 0.166667 0.200000 0.233333 0.266667 0.300000 0.333333 0.366667 0.400000 0.433333 0.466667 0.500000
0.533333 0.566667 0.600000 0.633333 0.666667 0.700000 0.733333 0.766667 0.800000 0.833333 0.866667 0.900000 0.933333 0.966667 1.000000 1.033333
1.066667 1.100000 1.133333 1.166667 1.200000 1.233333 1.266667 1.300000 1.333333 1.366667 1.400000 1.433333 1.466667 1.500000 1.533333 1.566667
1.600000 1.633333 1.666667 1.700000 1.733333 1.766667 1.800000 1.833333</float_array>
        <technique_common>
          <accessor source="#mixamorig_RightUpLeg-Matrix-animation-input-array" count="56">
            <param name="TIME" type="float"/>
          </accessor>
        </technique_common>
      </source>
      <source id="mixamorig_RightUpLeg-Matrix-animation-output-transform">
        <float_array id="mixamorig_RightUpLeg-Matrix-animation-output-transform-array" count="896">

-0.856705 -0.474415 0.202453 -9.418100 0.283991 -0.106180 0.952930 -4.875100 -0.430588 0.873874 0.225694 1.897700 0.000000 0.000000 0.000000 1.000000
-0.856705 -0.474416 0.202452 -9.418100 0.283991 -0.106181 0.952930 -4.875100 -0.430588 0.873874 0.225695 1.897700 0.000000 0.000000 0.000000 1.000000
-0.856705 -0.474415 0.202452 -9.418100 0.283991 -0.106180 0.952930 -4.875100 -0.430588 0.873874 0.225694 1.897700 0.000000 0.000000 0.000000 1.000000
-0.856705 -0.474415 0.202452 -9.418100 0.283991 -0.106181 0.952930 -4.875100 -0.430588 0.873874 0.225695 1.897700 0.000000 0.000000 0.000000 1.000000
-0.856705 -0.474415 0.202453 -9.418100 0.283991 -0.106179 0.952930 -4.875100 -0.430588 0.873874 0.225694 1.897700 0.000000 0.000000 0.000000 1.000000
-0.856705 -0.474415 0.202452 -9.418100 0.283991 -0.106180 0.952930 -4.875100 -0.430588 0.873874 0.225694 1.897700 0.000000 0.000000 0.000000 1.000000
-0.856705 -0.474415 0.202453 -9.418100 0.283991 -0.106180 0.952930 -4.875100 -0.430588 0.873874 0.225694 1.897700 0.000000 0.000000 0.000000 1.000000
-0.856705 -0.474415 0.202453 -9.418100 0.283991 -0.106179 0.952930 -4.875100 -0.430588 0.873874 0.225694 1.897700 0.000000 0.000000 0.000000 1.000000
-0.856705 -0.474415 0.202452 -9.418100 0.283991 -0.106180 0.952930 -4.875100 -0.430588 0.873874 0.225694 1.897700 0.000000 0.000000 0.000000 1.000000
-0.856705 -0.474415 0.202453 -9.418100 0.283991 -0.106178 0.952930 -4.875100 -0.430588 0.873874 0.225693 1.897700 0.000000 0.000000 0.000000 1.000000
-0.856705 -0.474416 0.202453 -9.418100 0.283991 -0.106179 0.952930 -4.875100 -0.430589 0.873874 0.225694 1.897700 0.000000 0.000000 0.000000 1.000000
-0.856705 -0.474415 0.202453 -9.418100 0.283992 -0.106179 0.952930 -4.875100 -0.430588 0.873874 0.225694 1.897700 0.000000 0.000000 0.000000 1.000000
-0.856705 -0.474415 0.202452 -9.418100 0.283991 -0.106180 0.952930 -4.875100 -0.430588 0.873874 0.225695 1.897700 0.000000 0.000000 0.000000 1.000000
-0.856705 -0.474415 0.202452 -9.418100 0.283991 -0.106180 0.952930 -4.875100 -0.430588 0.873874 0.225694 1.897700 0.000000 0.000000 0.000000 1.000000
-0.856705 -0.474416 0.202452 -9.418100 0.283991 -0.106180 0.952930 -4.875100 -0.430588 0.873874 0.225694 1.897700 0.000000 0.000000 0.000000 1.000000
-0.856705 -0.474415 0.202453 -9.418100 0.283991 -0.106179 0.952930 -4.875100 -0.430588 0.873874 0.225694 1.897700 0.000000 0.000000 0.000000 1.000000
-0.856705 -0.474415 0.202452 -9.418100 0.283990 -0.106180 0.952930 -4.875100 -0.430588 0.873874 0.225694 1.897700 0.000000 0.000000 0.000000 1.000000
-0.856705 -0.474415 0.202453 -9.418100 0.283991 -0.106180 0.952930 -4.875100 -0.430588 0.873874 0.225695 1.897700 0.000000 0.000000 0.000000 1.000000
-0.856705 -0.474415 0.202453 -9.418100 0.283991 -0.106179 0.952930 -4.875100 -0.430588 0.873874 0.225694 1.897700 0.000000 0.000000 0.000000 1.000000
-0.856705 -0.474415 0.202453 -9.418100 0.283991 -0.106180 0.952930 -4.875100 -0.430588 0.873874 0.225694 1.897700 0.000000 0.000000 0.000000 1.000000
-0.856705 -0.474415 0.202453 -9.418100 0.283991 -0.106179 0.952930 -4.875100 -0.430588 0.873874 0.225694 1.897700 0.000000 0.000000 0.000000 1.000000
-0.856705 -0.474415 0.202453 -9.418100 0.283991 -0.106179 0.952930 -4.875100 -0.430588 0.873874 0.225694 1.897700 0.000000 0.000000 0.000000 1.000000
-0.856705 -0.474415 0.202453 -9.418100 0.283991 -0.106180 0.952930 -4.875100 -0.430588 0.873874 0.225694 1.897700 0.000000 0.000000 0.000000 1.000000
-0.856705 -0.474416 0.202453 -9.418100 0.283991 -0.106180 0.952930 -4.875100 -0.430588 0.873874 0.225695 1.897700 0.000000 0.000000 0.000000 1.000000
-0.856705 -0.474415 0.202453 -9.418100 0.283991 -0.106180 0.952930 -4.875100 -0.430588 0.873874 0.225694 1.897700 0.000000 0.000000 0.000000 1.000000
-0.856705 -0.474415 0.202452 -9.418100 0.283991 -0.106179 0.952930 -4.875100 -0.430588 0.873874 0.225694 1.897700 0.000000 0.000000 0.000000 1.000000
-0.856705 -0.474415 0.202453 -9.418100 0.283991 -0.106179 0.952930 -4.875100 -0.430588 0.873874 0.225693 1.897700 0.000000 0.000000 0.000000 1.000000
-0.856705 -0.474415 0.202452 -9.418100 0.283990 -0.106180 0.952930 -4.875100 -0.430588 0.873874 0.225694 1.897700 0.000000 0.000000 0.000000 1.000000
-0.856705 -0.474416 0.202452 -9.418100 0.283991 -0.106180 0.952930 -4.875100 -0.430588 0.873874 0.225695 1.897700 0.000000 0.000000 0.000000 1.000000
-0.856705 -0.474416 0.202452 -9.418100 0.283991 -0.106180 0.952930 -4.875100 -0.430588 0.873874 0.225694 1.897700 0.000000 0.000000 0.000000 1.000000
-0.856705 -0.474415 0.202452 -9.418100 0.283990 -0.106180 0.952930 -4.875100 -0.430588 0.873874 0.225694 1.897700 0.000000 0.000000 0.000000 1.000000
-0.856705 -0.474415 0.202452 -9.418100 0.283991 -0.106181 0.952930 -4.875100 -0.430588 0.873874 0.225695 1.897700 0.000000 0.000000 0.000000 1.000000
-0.856705 -0.474416 0.202452 -9.418100 0.283991 -0.106181 0.952930 -4.875100 -0.430588 0.873874 0.225695 1.897700 0.000000 0.000000 0.000000 1.000000
-0.856705 -0.474415 0.202452 -9.418100 0.283990 -0.106180 0.952930 -4.875100 -0.430588 0.873874 0.225694 1.897700 0.000000 0.000000 0.000000 1.000000
-0.856705 -0.474415 0.202453 -9.418100 0.283991 -0.106179 0.952930 -4.875100 -0.430588 0.873874 0.225694 1.897700 0.000000 0.000000 0.000000 1.000000
-0.856705 -0.474415 0.202453 -9.418100 0.283991 -0.106179 0.952930 -4.875100 -0.430588 0.873874 0.225694 1.897700 0.000000 0.000000 0.000000 1.000000
-0.856705 -0.474415 0.202452 -9.418100 0.283991 -0.106180 0.952930 -4.875100 -0.430588 0.873874 0.225695 1.897700 0.000000 0.000000 0.000000 1.000000
-0.856705 -0.474416 0.202453 -9.418100 0.283991 -0.106179 0.952930 -4.875100 -0.430588 0.873874 0.225694 1.897700 0.000000 0.000000 0.000000 1.000000
-0.856705 -0.474415 0.202453 -9.418100 0.283991 -0.106180 0.952930 -4.875100 -0.430588 0.873874 0.225694 1.897700 0.000000 0.000000 0.000000 1.000000
-0.856705 -0.474415 0.202452 -9.418100 0.283990 -0.106179 0.952930 -4.875100 -0.430588 0.873874 0.225694 1.897700 0.000000 0.000000 0.000000 1.000000
-0.856705 -0.474415 0.202452 -9.418100 0.283991 -0.106180 0.952930 -4.875100 -0.430588 0.873874 0.225695 1.897700 0.000000 0.000000 0.000000 1.000000
-0.856705 -0.474415 0.202453 -9.418100 0.283991 -0.106181 0.952930 -4.875100 -0.430588 0.873874 0.225695 1.897700 0.000000 0.000000 0.000000 1.000000
-0.856705 -0.474415 0.202453 -9.418100 0.283991 -0.106180 0.952930 -4.875100 -0.430588 0.873874 0.225695 1.897700 0.000000 0.000000 0.000000 1.000000
-0.856705 -0.474415 0.202452 -9.418100 0.283991 -0.106181 0.952930 -4.875100 -0.430588 0.873874 0.225696 1.897700 0.000000 0.000000 0.000000 1.000000
-0.856705 -0.474416 0.202452 -9.418100 0.283991 -0.106181 0.952930 -4.875100 -0.430588 0.873874 0.225696 1.897700 0.000000 0.000000 0.000000 1.000000
-0.856705 -0.474415 0.202452 -9.418100 0.283990 -0.106180 0.952930 -4.875100 -0.430588 0.873874 0.225694 1.897700 0.000000 0.000000 0.000000 1.000000
-0.856704 -0.474416 0.202453 -9.418100 0.283991 -0.106180 0.952929 -4.875100 -0.430588 0.873874 0.225695 1.897700 0.000000 0.000000 0.000000 1.000000
-0.856705 -0.474415 0.202453 -9.418100 0.283991 -0.106180 0.952930 -4.875100 -0.430588 0.873874 0.225694 1.897700 0.000000 0.000000 0.000000 1.000000
-0.856705 -0.474415 0.202453 -9.418100 0.283991 -0.106179 0.952930 -4.875100 -0.430588 0.873874 0.225693 1.897700 0.000000 0.000000 0.000000 1.000000
-0.856705 -0.474416 0.202452 -9.418100 0.283991 -0.106180 0.952930 -4.875100 -0.430588 0.873874 0.225695 1.897700 0.000000 0.000000 0.000000 1.000000
-0.856705 -0.474416 0.202453 -9.418100 0.283991 -0.106180 0.952930 -4.875100 -0.430588 0.873874 0.225695 1.897700 0.000000 0.000000 0.000000 1.000000
-0.856705 -0.474415 0.202453 -9.418100 0.283991 -0.106179 0.952930 -4.875100 -0.430588 0.873874 0.225693 1.897700 0.000000 0.000000 0.000000 1.000000
-0.856705 -0.474415 0.202453 -9.418100 0.283991 -0.106179 0.952930 -4.875100 -0.430588 0.873874 0.225694 1.897700 0.000000 0.000000 0.000000 1.000000
-0.856705 -0.474416 0.202453 -9.418100 0.283991 -0.106180 0.952930 -4.875100 -0.430588 0.873874 0.225695 1.897700 0.000000 0.000000 0.000000 1.000000
-0.856705 -0.474416 0.202452 -9.418100 0.283991 -0.106180 0.952930 -4.875100 -0.430588 0.873874 0.225695 1.897700 0.000000 0.000000 0.000000 1.000000
-0.856705 -0.474415 0.202453 -9.418100 0.283991 -0.106180 0.952930 -4.875100 -0.430588 0.873874 0.225695 1.897700 0.000000 0.000000 0.000000 1.000000</float_array>
        <technique_common>
          <accessor source="#mixamorig_RightUpLeg-Matrix-animation-output-transform-array" count="56" stride="16">
            <param type="float4x4"/>
          </accessor>
        </technique_common>
      </source>
      <source id="mixamorig_RightUpLeg-Interpolations">
        <Name_array id="mixamorig_RightUpLeg-Interpolations-array" count="56">
 LINEAR LINEAR LINEAR LINEAR LINEAR LINEAR LINEAR LINEAR LINEAR LINEAR LINEAR
LINEAR LINEAR LINEAR LINEAR LINEAR LINEAR LINEAR LINEAR LINEAR LINEAR LINEAR LINEAR
LINEAR LINEAR LINEAR LINEAR LINEAR LINEAR LINEAR LINEAR LINEAR LINEAR LINEAR LINEAR
LINEAR LINEAR LINEAR LINEAR LINEAR LINEAR LINEAR LINEAR LINEAR LINEAR LINEAR LINEAR
LINEAR LINEAR LINEAR LINEAR LINEAR LINEAR LINEAR LINEAR LINEAR</Name_array>
        <technique_common>
          <accessor source="#mixamorig_RightUpLeg-Interpolations-array" count="56">
            <param type="name"/>
          </accessor>
        </technique_common>
      </source>
      <sampler id="mixamorig_RightUpLeg-Matrix-animation-transform">
        <input semantic="INPUT" source="#mixamorig_RightUpLeg-Matrix-animation-input"/>
        <input semantic="OUTPUT" source="#mixamorig_RightUpLeg-Matrix-animation-output-transform"/>
        <input semantic="INTERPOLATION" source="#mixamorig_RightUpLeg-Interpolations"/>
      </sampler>
      <channel source="#mixamorig_RightUpLeg-Matrix-animation-transform" target="mixamorig_RightUpLeg/matrix"/>
    </animation>
    <animation id="mixamorig_RightLeg-anim" name="mixamorig_RightLeg">
      <source id="mixamorig_RightLeg-Matrix-animation-input">
        <float_array id="mixamorig_RightLeg-Matrix-animation-input-array" count="56">

0.000000 0.033333 0.066667 0.100000 0.133333 0.166667 0.200000 0.233333 0.266667 0.300000 0.333333 0.366667 0.400000 0.433333 0.466667 0.500000
0.533333 0.566667 0.600000 0.633333 0.666667 0.700000 0.733333 0.766667 0.800000 0.833333 0.866667 0.900000 0.933333 0.966667 1.000000 1.033333
1.066667 1.100000 1.133333 1.166667 1.200000 1.233333 1.266667 1.300000 1.333333 1.366667 1.400000 1.433333 1.466667 1.500000 1.533333 1.566667
1.600000 1.633333 1.666667 1.700000 1.733333 1.766667 1.800000 1.833333</float_array>
        <technique_common>
          <accessor source="#mixamorig_RightLeg-Matrix-animation-input-array" count="56">
            <param name="TIME" type="float"/>
          </accessor>
        </technique_common>
      </source>
      <source id="mixamorig_RightLeg-Matrix-animation-output-transform">
        <float_array id="mixamorig_RightLeg-Matrix-animation-output-transform-array" count="896">

0.989366 -0.000254 0.145450 -0.000000 -0.113856 -0.623639 0.773377 48.478100 0.090512 -0.781713 -0.617036 -0.000000 0.000000 0.000000 0.000000 1.000000
0.989366 -0.000254 0.145450 0.000000 -0.113856 -0.623639 0.773377 48.478100 0.090512 -0.781713 -0.617035 0.000000 0.000000 0.000000 0.000000 1.000000
0.989366 -0.000254 0.145450 0.000000 -0.113857 -0.623638 0.773377 48.478100 0.090512 -0.781713 -0.617035 0.000000 0.000000 0.000000 0.000000 1.000000
0.989366 -0.000254 0.145450 -0.000000 -0.113857 -0.623639 0.773377 48.478100 0.090512 -0.781713 -0.617035 0.000000 0.000000 0.000000 0.000000 1.000000
0.989366 -0.000254 0.145450 0.000000 -0.113857 -0.623640 0.773376 48.478100 0.090512 -0.781712 -0.617037 0.000000 0.000000 0.000000 0.000000 1.000000
0.989366 -0.000254 0.145450 0.000000 -0.113857 -0.623639 0.773376 48.478100 0.090512 -0.781712 -0.617036 0.000000 0.000000 0.000000 0.000000 1.000000
0.989366 -0.000253 0.145449 0.000000 -0.113856 -0.623639 0.773377 48.478100 0.090512 -0.781713 -0.617035 -0.000000 0.000000 0.000000 0.000000 1.000000
0.989366 -0.000254 0.145450 0.000000 -0.113856 -0.623639 0.773376 48.478100 0.090512 -0.781712 -0.617036 0.000000 0.000000 0.000000 0.000000 1.000000
0.989366 -0.000254 0.145450 -0.000000 -0.113857 -0.623639 0.773376 48.478100 0.090512 -0.781712 -0.617036 0.000000 0.000000 0.000000 0.000000 1.000000
0.989366 -0.000254 0.145450 0.000000 -0.113856 -0.623640 0.773376 48.478100 0.090512 -0.781712 -0.617037 -0.000000 0.000000 0.000000 0.000000 1.000000
0.989366 -0.000254 0.145450 -0.000000 -0.113857 -0.623640 0.773376 48.478100 0.090512 -0.781712 -0.617037 -0.000000 0.000000 0.000000 0.000000 1.000000
0.989366 -0.000254 0.145449 -0.000000 -0.113856 -0.623639 0.773377 48.478100 0.090512 -0.781712 -0.617036 0.000000 0.000000 0.000000 0.000000 1.000000
0.989366 -0.000254 0.145450 0.000000 -0.113857 -0.623638 0.773377 48.478100 0.090512 -0.781713 -0.617035 -0.000000 0.000000 0.000000 0.000000 1.000000
0.989366 -0.000254 0.145450 0.000000 -0.113856 -0.623639 0.773377 48.478100 0.090512 -0.781713 -0.617036 0.000000 0.000000 0.000000 0.000000 1.000000
0.989366 -0.000254 0.145450 -0.000000 -0.113857 -0.623639 0.773377 48.478100 0.090512 -0.781713 -0.617035 0.000000 0.000000 0.000000 0.000000 1.000000
0.989366 -0.000254 0.145450 0.000000 -0.113857 -0.623638 0.773377 48.478100 0.090512 -0.781713 -0.617035 0.000000 0.000000 0.000000 0.000000 1.000000
0.989365 -0.000254 0.145451 0.000000 -0.113857 -0.623638 0.773377 48.478100 0.090512 -0.781713 -0.617035 0.000000 0.000000 0.000000 0.000000 1.000000
0.989366 -0.000254 0.145450 0.000000 -0.113856 -0.623639 0.773377 48.478100 0.090512 -0.781713 -0.617036 -0.000000 0.000000 0.000000 0.000000 1.000000
0.989365 -0.000254 0.145450 0.000000 -0.113857 -0.623639 0.773376 48.478100 0.090512 -0.781712 -0.617036 0.000000 0.000000 0.000000 0.000000 1.000000
0.989366 -0.000254 0.145450 -0.000000 -0.113857 -0.623639 0.773376 48.478100 0.090512 -0.781712 -0.617036 0.000000 0.000000 0.000000 0.000000 1.000000
0.989366 -0.000254 0.145450 -0.000000 -0.113857 -0.623639 0.773376 48.478100 0.090512 -0.781712 -0.617036 0.000000 0.000000 0.000000 0.000000 1.000000
0.989366 -0.000254 0.145450 0.000000 -0.113857 -0.623639 0.773377 48.478100 0.090512 -0.781713 -0.617035 0.000000 0.000000 0.000000 0.000000 1.000000
0.989366 -0.000254 0.145450 0.000000 -0.113856 -0.623639 0.773377 48.478100 0.090512 -0.781713 -0.617036 0.000000 0.000000 0.000000 0.000000 1.000000
0.989366 -0.000254 0.145450 0.000000 -0.113856 -0.623639 0.773377 48.478100 0.090512 -0.781713 -0.617036 0.000000 0.000000 0.000000 0.000000 1.000000
0.989366 -0.000254 0.145450 0.000000 -0.113857 -0.623640 0.773376 48.478100 0.090512 -0.781712 -0.617037 0.000000 0.000000 0.000000 0.000000 1.000000
0.989366 -0.000254 0.145450 0.000000 -0.113857 -0.623639 0.773376 48.478100 0.090512 -0.781712 -0.617036 0.000000 0.000000 0.000000 0.000000 1.000000
0.989366 -0.000254 0.145450 0.000000 -0.113857 -0.623639 0.773376 48.478100 0.090512 -0.781713 -0.617036 0.000000 0.000000 0.000000 0.000000 1.000000
0.989366 -0.000254 0.145450 0.000000 -0.113857 -0.623639 0.773376 48.478100 0.090512 -0.781712 -0.617036 0.000000 0.000000 0.000000 0.000000 1.000000
0.989366 -0.000254 0.145450 0.000000 -0.113857 -0.623639 0.773377 48.478100 0.090512 -0.781713 -0.617036 0.000000 0.000000 0.000000 0.000000 1.000000
0.989366 -0.000254 0.145450 0.000000 -0.113857 -0.623638 0.773377 48.478100 0.090512 -0.781713 -0.617035 0.000000 0.000000 0.000000 0.000000 1.000000
0.989365 -0.000254 0.145451 0.000000 -0.113857 -0.623638 0.773377 48.478100 0.090512 -0.781713 -0.617035 0.000000 0.000000 0.000000 0.000000 1.000000
0.989366 -0.000254 0.145449 0.000000 -0.113856 -0.623638 0.773377 48.478100 0.090512 -0.781713 -0.617035 0.000000 0.000000 0.000000 0.000000 1.000000
0.989366 -0.000254 0.145450 -0.000000 -0.113857 -0.623638 0.773377 48.478100 0.090512 -0.781713 -0.617035 -0.000000 0.000000 0.000000 0.000000 1.000000
0.989365 -0.000254 0.145451 -0.000000 -0.113857 -0.623640 0.773376 48.478100 0.090512 -0.781712 -0.617037 0.000000 0.000000 0.000000 0.000000 1.000000
0.989366 -0.000254 0.145450 0.000000 -0.113857 -0.623639 0.773377 48.478100 0.090512 -0.781713 -0.617035 0.000000 0.000000 0.000000 0.000000 1.000000
0.989366 -0.000254 0.145450 0.000000 -0.113857 -0.623639 0.773376 48.478100 0.090512 -0.781712 -0.617036 0.000000 0.000000 0.000000 0.000000 1.000000
0.989366 -0.000254 0.145450 0.000000 -0.113857 -0.623639 0.773376 48.478100 0.090512 -0.781712 -0.617036 0.000000 0.000000 0.000000 0.000000 1.000000
0.989366 -0.000254 0.145450 0.000000 -0.113856 -0.623639 0.773376 48.478100 0.090512 -0.781712 -0.617036 0.000000 0.000000 0.000000 0.000000 1.000000
0.989366 -0.000254 0.145449 0.000000 -0.113856 -0.623639 0.773376 48.478100 0.090512 -0.781712 -0.617036 0.000000 0.000000 0.000000 0.000000 1.000000
0.989366 -0.000254 0.145450 -0.000000 -0.113857 -0.623639 0.773376 48.478100 0.090512 -0.781713 -0.617036 0.000000 0.000000 0.000000 0.000000 1.000000
0.989366 -0.000254 0.145450 0.000000 -0.113857 -0.623640 0.773376 48.478100 0.090512 -0.781712 -0.617037 0.000000 0.000000 0.000000 0.000000 1.000000
0.989366 -0.000254 0.145450 0.000000 -0.113857 -0.623639 0.773376 48.478100 0.090512 -0.781712 -0.617036 -0.000000 0.000000 0.000000 0.000000 1.000000
0.989366 -0.000254 0.145450 0.000000 -0.113857 -0.623639 0.773377 48.478100 0.090512 -0.781713 -0.617036 0.000000 0.000000 0.000000 0.000000 1.000000
0.989366 -0.000254 0.145450 -0.000000 -0.113857 -0.623639 0.773377 48.478100 0.090512 -0.781713 -0.617035 0.000000 0.000000 0.000000 0.000000 1.000000
0.989366 -0.000253 0.145450 0.000000 -0.113856 -0.623638 0.773377 48.478100 0.090512 -0.781713 -0.617035 0.000000 0.000000 0.000000 0.000000 1.000000
0.989366 -0.000253 0.145450 -0.000000 -0.113857 -0.623638 0.773377 48.478100 0.090512 -0.781713 -0.617035 -0.000000 0.000000 0.000000 0.000000 1.000000
0.989366 -0.000253 0.145448 0.000000 -0.113855 -0.623638 0.773377 48.478100 0.090511 -0.781713 -0.617035 -0.000000 0.000000 0.000000 0.000000 1.000000
0.989366 -0.000254 0.145450 0.000000 -0.113857 -0.623639 0.773376 48.478100 0.090512 -0.781712 -0.617036 0.000000 0.000000 0.000000 0.000000 1.000000
0.989366 -0.000254 0.145450 -0.000000 -0.113857 -0.623639 0.773376 48.478100 0.090512 -0.781712 -0.617036 -0.000000 0.000000 0.000000 0.000000 1.000000
0.989366 -0.000254 0.145450 0.000000 -0.113856 -0.623639 0.773377 48.478100 0.090512 -0.781713 -0.617036 0.000000 0.000000 0.000000 0.000000 1.000000
0.989366 -0.000254 0.145450 0.000000 -0.113856 -0.623639 0.773377 48.478100 0.090512 -0.781713 -0.617035 -0.000000 0.000000 0.000000 0.000000 1.000000
0.989366 -0.000254 0.145450 -0.000000 -0.113856 -0.623640 0.773376 48.478100 0.090512 -0.781712 -0.617037 -0.000000 0.000000 0.000000 0.000000 1.000000
0.989366 -0.000254 0.145449 -0.000000 -0.113856 -0.623640 0.773376 48.478100 0.090511 -0.781712 -0.617037 0.000000 0.000000 0.000000 0.000000 1.000000
0.989366 -0.000254 0.145450 0.000000 -0.113856 -0.623639 0.773376 48.478100 0.090512 -0.781712 -0.617036 -0.000000 0.000000 0.000000 0.000000 1.000000
0.989366 -0.000254 0.145450 0.000000 -0.113857 -0.623639 0.773376 48.478100 0.090511 -0.781712 -0.617036 -0.000000 0.000000 0.000000 0.000000 1.000000
0.989366 -0.000254 0.145449 0.000000 -0.113856 -0.623639 0.773377 48.478100 0.090512 -0.781713 -0.617036 0.000000 0.000000 0.000000 0.000000 1.000000</float_array>
        <technique_common>
          <accessor source="#mixamorig_RightLeg-Matrix-animation-output-transform-array" count="56" stride="16">
            <param type="float4x4"/>
          </accessor>
        </technique_common>
      </source>
      <source id="mixamorig_RightLeg-Interpolations">
        <Name_array id="mixamorig_RightLeg-Interpolations-array" count="56">
 LINEAR LINEAR LINEAR LINEAR LINEAR LINEAR LINEAR LINEAR LINEAR LINEAR LINEAR
LINEAR LINEAR LINEAR LINEAR LINEAR LINEAR LINEAR LINEAR LINEAR LINEAR LINEAR LINEAR
LINEAR LINEAR LINEAR LINEAR LINEAR LINEAR LINEAR LINEAR LINEAR LINEAR LINEAR LINEAR
LINEAR LINEAR LINEAR LINEAR LINEAR LINEAR LINEAR LINEAR LINEAR LINEAR LINEAR LINEAR
LINEAR LINEAR LINEAR LINEAR LINEAR LINEAR LINEAR LINEAR LINEAR</Name_array>
        <technique_common>
          <accessor source="#mixamorig_RightLeg-Interpolations-array" count="56">
            <param type="name"/>
          </accessor>
        </technique_common>
      </source>
      <sampler id="mixamorig_RightLeg-Matrix-animation-transform">
        <input semantic="INPUT" source="#mixamorig_RightLeg-Matrix-animation-input"/>
        <input semantic="OUTPUT" source="#mixamorig_RightLeg-Matrix-animation-output-transform"/>
        <input semantic="INTERPOLATION" source="#mixamorig_RightLeg-Interpolations"/>
      </sampler>
      <channel source="#mixamorig_RightLeg-Matrix-animation-transform" target="mixamorig_RightLeg/matrix"/>
    </animation>
    <animation id="mixamorig_RightFoot-anim" name="mixamorig_RightFoot">
      <source id="mixamorig_RightFoot-Matrix-animation-input">
        <float_array id="mixamorig_RightFoot-Matrix-animation-input-array" count="56">

0.000000 0.033333 0.066667 0.100000 0.133333 0.166667 0.200000 0.233333 0.266667 0.300000 0.333333 0.366667 0.400000 0.433333 0.466667 0.500000
0.533333 0.566667 0.600000 0.633333 0.666667 0.700000 0.733333 0.766667 0.800000 0.833333 0.866667 0.900000 0.933333 0.966667 1.000000 1.033333
1.066667 1.100000 1.133333 1.166667 1.200000 1.233333 1.266667 1.300000 1.333333 1.366667 1.400000 1.433333 1.466667 1.500000 1.533333 1.566667
1.600000 1.633333 1.666667 1.700000 1.733333 1.766667 1.800000 1.833333</float_array>
        <technique_common>
          <accessor source="#mixamorig_RightFoot-Matrix-animation-input-array" count="56">
            <param name="TIME" type="float"/>
          </accessor>
        </technique_common>
      </source>
      <source id="mixamorig_RightFoot-Matrix-animation-output-transform">
        <float_array id="mixamorig_RightFoot-Matrix-animation-output-transform-array" count="896">

0.910742 -0.216551 -0.351645 -0.000000 0.196785 0.976169 -0.091485 51.588001 0.363076 0.014121 0.931652 -0.000000 0.000000 0.000000 0.000000 1.000000
0.910742 -0.216551 -0.351645 0.000000 0.196785 0.976169 -0.091486 51.588001 0.363076 0.014121 0.931652 0.000000 0.000000 0.000000 0.000000 1.000000
0.910742 -0.216551 -0.351645 0.000000 0.196785 0.976169 -0.091485 51.588001 0.363076 0.014121 0.931652 -0.000000 0.000000 0.000000 0.000000 1.000000
0.910742 -0.216552 -0.351645 0.000000 0.196785 0.976169 -0.091486 51.588001 0.363076 0.014122 0.931652 0.000000 0.000000 0.000000 0.000000 1.000000
0.910742 -0.216551 -0.351645 -0.000000 0.196785 0.976169 -0.091486 51.588001 0.363076 0.014121 0.931652 -0.000000 0.000000 0.000000 0.000000 1.000000
0.910742 -0.216550 -0.351646 -0.000000 0.196783 0.976169 -0.091486 51.588001 0.363077 0.014122 0.931652 0.000000 0.000000 0.000000 0.000000 1.000000
0.910742 -0.216551 -0.351645 0.000000 0.196785 0.976169 -0.091485 51.588001 0.363076 0.014121 0.931652 0.000000 0.000000 0.000000 0.000000 1.000000
0.910742 -0.216552 -0.351645 0.000000 0.196785 0.976169 -0.091486 51.588001 0.363076 0.014122 0.931652 -0.000000 0.000000 0.000000 0.000000 1.000000
0.910742 -0.216551 -0.351645 0.000000 0.196785 0.976169 -0.091485 51.588001 0.363076 0.014121 0.931652 0.000000 0.000000 0.000000 0.000000 1.000000
0.910742 -0.216551 -0.351645 0.000000 0.196784 0.976169 -0.091486 51.588001 0.363076 0.014122 0.931652 -0.000000 0.000000 0.000000 0.000000 1.000000
0.910742 -0.216551 -0.351645 0.000000 0.196784 0.976169 -0.091485 51.588001 0.363076 0.014121 0.931652 -0.000000 0.000000 0.000000 0.000000 1.000000
0.910742 -0.216552 -0.351645 -0.000000 0.196785 0.976169 -0.091485 51.588001 0.363077 0.014121 0.931652 -0.000000 0.000000 0.000000 0.000000 1.000000
0.910742 -0.216551 -0.351645 0.000000 0.196785 0.976169 -0.091485 51.588001 0.363077 0.014121 0.931652 0.000000 0.000000 0.000000 0.000000 1.000000
0.910742 -0.216551 -0.351645 0.000000 0.196784 0.976169 -0.091486 51.588001 0.363076 0.014122 0.931652 0.000000 0.000000 0.000000 0.000000 1.000000
0.910742 -0.216551 -0.351645 0.000000 0.196785 0.976169 -0.091485 51.588001 0.363077 0.014121 0.931652 0.000000 0.000000 0.000000 0.000000 1.000000
0.910742 -0.216551 -0.351645 -0.000000 0.196785 0.976169 -0.091484 51.588001 0.363076 0.014120 0.931652 0.000000 0.000000 0.000000 0.000000 1.000000
0.910742 -0.216551 -0.351645 -0.000000 0.196784 0.976169 -0.091485 51.588001 0.363077 0.014121 0.931652 0.000000 0.000000 0.000000 0.000000 1.000000
0.910742 -0.216552 -0.351645 0.000000 0.196785 0.976169 -0.091486 51.588001 0.363076 0.014122 0.931652 -0.000000 0.000000 0.000000 0.000000 1.000000
0.910742 -0.216551 -0.351645 -0.000000 0.196784 0.976169 -0.091486 51.588001 0.363076 0.014122 0.931652 0.000000 0.000000 0.000000 0.000000 1.000000
0.910742 -0.216552 -0.351645 0.000000 0.196785 0.976169 -0.091486 51.588001 0.363077 0.014122 0.931652 0.000000 0.000000 0.000000 0.000000 1.000000
0.910742 -0.216552 -0.351645 0.000000 0.196785 0.976169 -0.091486 51.588001 0.363076 0.014122 0.931652 -0.000000 0.000000 0.000000 0.000000 1.000000
0.910742 -0.216551 -0.351646 0.000000 0.196784 0.976169 -0.091485 51.588001 0.363077 0.014120 0.931652 0.000000 0.000000 0.000000 0.000000 1.000000
0.910742 -0.216551 -0.351645 -0.000000 0.196785 0.976169 -0.091485 51.588001 0.363076 0.014121 0.931652 0.000000 0.000000 0.000000 0.000000 1.000000
0.910742 -0.216551 -0.351645 0.000000 0.196785 0.976169 -0.091486 51.588001 0.363076 0.014121 0.931652 0.000000 0.000000 0.000000 0.000000 1.000000
0.910742 -0.216551 -0.351645 -0.000000 0.196784 0.976169 -0.091486 51.588001 0.363077 0.014122 0.931652 0.000000 0.000000 0.000000 0.000000 1.000000
0.910742 -0.216551 -0.351645 0.000000 0.196785 0.976169 -0.091486 51.588001 0.363077 0.014122 0.931652 0.000000 0.000000 0.000000 0.000000 1.000000
0.910742 -0.216551 -0.351645 -0.000000 0.196784 0.976169 -0.091485 51.588001 0.363076 0.014121 0.931652 0.000000 0.000000 0.000000 0.000000 1.000000
0.910742 -0.216551 -0.351646 0.000000 0.196784 0.976169 -0.091485 51.588001 0.363077 0.014121 0.931652 0.000000 0.000000 0.000000 0.000000 1.000000
0.910742 -0.216551 -0.351645 0.000000 0.196784 0.976169 -0.091485 51.588001 0.363076 0.014121 0.931652 0.000000 0.000000 0.000000 0.000000 1.000000
0.910742 -0.216551 -0.351645 0.000000 0.196785 0.976169 -0.091484 51.588001 0.363076 0.014120 0.931652 0.000000 0.000000 0.000000 0.000000 1.000000
0.910742 -0.216551 -0.351645 0.000000 0.196785 0.976169 -0.091485 51.588001 0.363077 0.014121 0.931652 0.000000 0.000000 0.000000 0.000000 1.000000
0.910742 -0.216552 -0.351645 0.000000 0.196785 0.976169 -0.091485 51.588001 0.363076 0.014121 0.931653 0.000000 0.000000 0.000000 0.000000 1.000000
0.910742 -0.216551 -0.351645 0.000000 0.196784 0.976169 -0.091486 51.588001 0.363076 0.014122 0.931652 0.000000 0.000000 0.000000 0.000000 1.000000
0.910742 -0.216551 -0.351645 0.000000 0.196784 0.976169 -0.091486 51.588001 0.363077 0.014122 0.931652 0.000000 0.000000 0.000000 0.000000 1.000000
0.910742 -0.216551 -0.351645 -0.000000 0.196785 0.976169 -0.091485 51.588001 0.363076 0.014121 0.931652 -0.000000 0.000000 0.000000 0.000000 1.000000
0.910742 -0.216551 -0.351645 -0.000000 0.196785 0.976169 -0.091485 51.588001 0.363077 0.014121 0.931652 0.000000 0.000000 0.000000 0.000000 1.000000
0.910742 -0.216551 -0.351645 -0.000000 0.196784 0.976169 -0.091486 51.588001 0.363077 0.014122 0.931652 0.000000 0.000000 0.000000 0.000000 1.000000
0.910742 -0.216551 -0.351645 0.000000 0.196785 0.976169 -0.091485 51.588001 0.363076 0.014121 0.931652 0.000000 0.000000 0.000000 0.000000 1.000000
0.910742 -0.216551 -0.351645 -0.000000 0.196785 0.976169 -0.091486 51.588001 0.363077 0.014122 0.931652 -0.000000 0.000000 0.000000 0.000000 1.000000
0.910742 -0.216551 -0.351645 0.000000 0.196784 0.976169 -0.091485 51.588001 0.363077 0.014121 0.931652 -0.000000 0.000000 0.000000 0.000000 1.000000
0.910742 -0.216551 -0.351645 0.000000 0.196784 0.976169 -0.091486 51.588001 0.363076 0.014122 0.931652 0.000000 0.000000 0.000000 0.000000 1.000000
0.910742 -0.216551 -0.351645 0.000000 0.196785 0.976169 -0.091486 51.588001 0.363076 0.014122 0.931652 -0.000000 0.000000 0.000000 0.000000 1.000000
0.910742 -0.216552 -0.351645 0.000000 0.196785 0.976169 -0.091486 51.588001 0.363076 0.014122 0.931652 0.000000 0.000000 0.000000 0.000000 1.000000
0.910742 -0.216551 -0.351645 -0.000000 0.196785 0.976169 -0.091486 51.588001 0.363077 0.014122 0.931652 -0.000000 0.000000 0.000000 0.000000 1.000000
0.910742 -0.216551 -0.351645 0.000000 0.196785 0.976169 -0.091485 51.588001 0.363076 0.014121 0.931652 -0.000000 0.000000 0.000000 0.000000 1.000000
0.910742 -0.216551 -0.351645 0.000000 0.196785 0.976169 -0.091485 51.588001 0.363076 0.014121 0.931652 0.000000 0.000000 0.000000 0.000000 1.000000
0.910742 -0.216551 -0.351645 -0.000000 0.196785 0.976169 -0.091485 51.588001 0.363076 0.014121 0.931652 -0.000000 0.000000 0.000000 0.000000 1.000000
0.910742 -0.216551 -0.351645 0.000000 0.196785 0.976169 -0.091486 51.588001 0.363077 0.014122 0.931652 0.000000 0.000000 0.000000 0.000000 1.000000
0.910742 -0.216551 -0.351645 0.000000 0.196785 0.976169 -0.091485 51.588001 0.363076 0.014121 0.931652 0.000000 0.000000 0.000000 0.000000 1.000000
0.910742 -0.216551 -0.351645 0.000000 0.196784 0.976169 -0.091486 51.588001 0.363077 0.014122 0.931652 0.000000 0.000000 0.000000 0.000000 1.000000
0.910742 -0.216551 -0.351645 0.000000 0.196785 0.976169 -0.091486 51.588001 0.363076 0.014122 0.931652 -0.000000 0.000000 0.000000 0.000000 1.000000
0.910742 -0.216551 -0.351645 0.000000 0.196785 0.976169 -0.091485 51.588001 0.363076 0.014121 0.931652 -0.000000 0.000000 0.000000 0.000000 1.000000
0.910742 -0.216551 -0.351645 0.000000 0.196785 0.976169 -0.091486 51.588001 0.363076 0.014122 0.931652 0.000000 0.000000 0.000000 0.000000 1.000000
0.910742 -0.216552 -0.351645 0.000000 0.196785 0.976169 -0.091486 51.588001 0.363076 0.014122 0.931652 0.000000 0.000000 0.000000 0.000000 1.000000
0.910742 -0.216551 -0.351645 0.000000 0.196784 0.976169 -0.091487 51.588001 0.363077 0.014123 0.931652 -0.000000 0.000000 0.000000 0.000000 1.000000
0.910742 -0.216552 -0.351645 0.000000 0.196786 0.976169 -0.091486 51.588001 0.363076 0.014122 0.931653 0.000000 0.000000 0.000000 0.000000 1.000000</float_array>
        <technique_common>
          <accessor source="#mixamorig_RightFoot-Matrix-animation-output-transform-array" count="56" stride="16">
            <param type="float4x4"/>
          </accessor>
        </technique_common>
      </source>
      <source id="mixamorig_RightFoot-Interpolations">
        <Name_array id="mixamorig_RightFoot-Interpolations-array" count="56">
 LINEAR LINEAR LINEAR LINEAR LINEAR LINEAR LINEAR LINEAR LINEAR LINEAR LINEAR
LINEAR LINEAR LINEAR LINEAR LINEAR LINEAR LINEAR LINEAR LINEAR LINEAR LINEAR LINEAR
LINEAR LINEAR LINEAR LINEAR LINEAR LINEAR LINEAR LINEAR LINEAR LINEAR LINEAR LINEAR
LINEAR LINEAR LINEAR LINEAR LINEAR LINEAR LINEAR LINEAR LINEAR LINEAR LINEAR LINEAR
LINEAR LINEAR LINEAR LINEAR LINEAR LINEAR LINEAR LINEAR LINEAR</Name_array>
        <technique_common>
          <accessor source="#mixamorig_RightFoot-Interpolations-array" count="56">
            <param type="name"/>
          </accessor>
        </technique_common>
      </source>
      <sampler id="mixamorig_RightFoot-Matrix-animation-transform">
        <input semantic="INPUT" source="#mixamorig_RightFoot-Matrix-animation-input"/>
        <input semantic="OUTPUT" source="#mixamorig_RightFoot-Matrix-animation-output-transform"/>
        <input semantic="INTERPOLATION" source="#mixamorig_RightFoot-Interpolations"/>
      </sampler>
      <channel source="#mixamorig_RightFoot-Matrix-animation-transform" target="mixamorig_RightFoot/matrix"/>
    </animation>
    <animation id="mixamorig_RightToeBase-anim" name="mixamorig_RightToeBase">
      <source id="mixamorig_RightToeBase-Matrix-animation-input">
        <float_array id="mixamorig_RightToeBase-Matrix-animation-input-array" count="56">

0.000000 0.033333 0.066667 0.100000 0.133333 0.166667 0.200000 0.233333 0.266667 0.300000 0.333333 0.366667 0.400000 0.433333 0.466667 0.500000
0.533333 0.566667 0.600000 0.633333 0.666667 0.700000 0.733333 0.766667 0.800000 0.833333 0.866667 0.900000 0.933333 0.966667 1.000000 1.033333
1.066667 1.100000 1.133333 1.166667 1.200000 1.233333 1.266667 1.300000 1.333333 1.366667 1.400000 1.433333 1.466667 1.500000 1.533333 1.566667
1.600000 1.633333 1.666667 1.700000 1.733333 1.766667 1.800000 1.833333</float_array>
        <technique_common>
          <accessor source="#mixamorig_RightToeBase-Matrix-animation-input-array" count="56">
            <param name="TIME" type="float"/>
          </accessor>
        </technique_common>
      </source>
      <source id="mixamorig_RightToeBase-Matrix-animation-output-transform">
        <float_array id="mixamorig_RightToeBase-Matrix-animation-output-transform-array" count="896">

0.999308 -0.004733 0.036883 0.000000 0.026483 0.786864 -0.616558 21.400000 -0.026104 0.617108 0.786445 -0.000000 0.000000 0.000000 0.000000 1.000000
0.999308 -0.004733 0.036884 0.000000 0.026483 0.786864 -0.616557 21.400000 -0.026105 0.617108 0.786445 0.000000 0.000000 0.000000 0.000000 1.000000
0.999308 -0.004732 0.036883 0.000000 0.026483 0.786864 -0.616557 21.400000 -0.026105 0.617108 0.786446 0.000000 0.000000 0.000000 0.000000 1.000000
0.999308 -0.004732 0.036884 0.000000 0.026483 0.786865 -0.616557 21.400000 -0.026105 0.617108 0.786446 0.000000 0.000000 0.000000 0.000000 1.000000
0.999308 -0.004732 0.036884 -0.000000 0.026483 0.786864 -0.616557 21.400000 -0.026105 0.617108 0.786445 -0.000000 0.000000 0.000000 0.000000 1.000000
0.999308 -0.004733 0.036884 0.000000 0.026483 0.786864 -0.616558 21.400000 -0.026104 0.617108 0.786445 0.000000 0.000000 0.000000 0.000000 1.000000
0.999308 -0.004732 0.036884 -0.000000 0.026483 0.786864 -0.616558 21.400000 -0.026105 0.617108 0.786445 0.000000 0.000000 0.000000 0.000000 1.000000
0.999308 -0.004732 0.036883 -0.000000 0.026483 0.786864 -0.616558 21.400000 -0.026104 0.617108 0.786445 -0.000000 0.000000 0.000000 0.000000 1.000000
0.999308 -0.004732 0.036884 -0.000000 0.026483 0.786864 -0.616558 21.400000 -0.026105 0.617108 0.786445 -0.000000 0.000000 0.000000 0.000000 1.000000
0.999308 -0.004732 0.036884 -0.000000 0.026483 0.786864 -0.616558 21.400000 -0.026105 0.617108 0.786445 0.000000 0.000000 0.000000 0.000000 1.000000
0.999308 -0.004732 0.036883 0.000000 0.026483 0.786864 -0.616558 21.400000 -0.026104 0.617108 0.786445 0.000000 0.000000 0.000000 0.000000 1.000000
0.999308 -0.004733 0.036884 -0.000000 0.026483 0.786864 -0.616558 21.400000 -0.026105 0.617108 0.786445 -0.000000 0.000000 0.000000 0.000000 1.000000
0.999308 -0.004732 0.036883 0.000000 0.026483 0.786864 -0.616558 21.400000 -0.026104 0.617108 0.786445 -0.000000 0.000000 0.000000 0.000000 1.000000
0.999308 -0.004732 0.036884 0.000000 0.026483 0.786864 -0.616557 21.400000 -0.026105 0.617108 0.786446 0.000000 0.000000 0.000000 0.000000 1.000000
0.999308 -0.004732 0.036884 -0.000000 0.026483 0.786864 -0.616558 21.400000 -0.026105 0.617108 0.786445 0.000000 0.000000 0.000000 0.000000 1.000000
0.999308 -0.004732 0.036883 -0.000000 0.026483 0.786864 -0.616557 21.400000 -0.026104 0.617108 0.786446 0.000000 0.000000 0.000000 0.000000 1.000000
0.999308 -0.004732 0.036883 -0.000000 0.026483 0.786864 -0.616558 21.400000 -0.026104 0.617108 0.786445 0.000000 0.000000 0.000000 0.000000 1.000000
0.999308 -0.004732 0.036883 -0.000000 0.026483 0.786864 -0.616558 21.400000 -0.026104 0.617108 0.786445 0.000000 0.000000 0.000000 0.000000 1.000000
0.999308 -0.004733 0.036883 0.000000 0.026483 0.786865 -0.616557 21.400000 -0.026104 0.617107 0.786446 0.000000 0.000000 0.000000 0.000000 1.000000
0.999308 -0.004732 0.036884 -0.000000 0.026483 0.786864 -0.616558 21.400000 -0.026105 0.617108 0.786445 0.000000 0.000000 0.000000 0.000000 1.000000
0.999308 -0.004732 0.036883 0.000000 0.026483 0.786864 -0.616558 21.400000 -0.026104 0.617108 0.786445 -0.000000 0.000000 0.000000 0.000000 1.000000
0.999308 -0.004732 0.036883 -0.000000 0.026483 0.786864 -0.616558 21.400000 -0.026104 0.617108 0.786445 0.000000 0.000000 0.000000 0.000000 1.000000
0.999308 -0.004732 0.036884 0.000000 0.026483 0.786864 -0.616558 21.400000 -0.026105 0.617108 0.786445 0.000000 0.000000 0.000000 0.000000 1.000000
0.999308 -0.004732 0.036883 -0.000000 0.026483 0.786864 -0.616558 21.400000 -0.026104 0.617109 0.786445 0.000000 0.000000 0.000000 0.000000 1.000000
0.999308 -0.004732 0.036884 0.000000 0.026483 0.786864 -0.616558 21.400000 -0.026105 0.617108 0.786445 -0.000000 0.000000 0.000000 0.000000 1.000000
0.999308 -0.004732 0.036884 -0.000000 0.026483 0.786864 -0.616557 21.400000 -0.026105 0.617108 0.786446 0.000000 0.000000 0.000000 0.000000 1.000000
0.999308 -0.004732 0.036884 0.000000 0.026483 0.786864 -0.616558 21.400000 -0.026105 0.617108 0.786445 0.000000 0.000000 0.000000 0.000000 1.000000
0.999308 -0.004733 0.036884 0.000000 0.026483 0.786864 -0.616558 21.400000 -0.026104 0.617108 0.786445 -0.000000 0.000000 0.000000 0.000000 1.000000
0.999308 -0.004732 0.036883 -0.000000 0.026483 0.786864 -0.616558 21.400000 -0.026104 0.617108 0.786445 0.000000 0.000000 0.000000 0.000000 1.000000
0.999308 -0.004733 0.036883 0.000000 0.026483 0.786864 -0.616558 21.400000 -0.026104 0.617108 0.786445 0.000000 0.000000 0.000000 0.000000 1.000000
0.999308 -0.004732 0.036884 0.000000 0.026483 0.786864 -0.616558 21.400000 -0.026105 0.617108 0.786445 -0.000000 0.000000 0.000000 0.000000 1.000000
0.999308 -0.004732 0.036884 0.000000 0.026483 0.786864 -0.616558 21.400000 -0.026105 0.617108 0.786445 0.000000 0.000000 0.000000 0.000000 1.000000
0.999308 -0.004732 0.036883 0.000000 0.026483 0.786864 -0.616558 21.400000 -0.026104 0.617108 0.786445 0.000000 0.000000 0.000000 0.000000 1.000000
0.999308 -0.004733 0.036883 0.000000 0.026483 0.786864 -0.616558 21.400000 -0.026104 0.617108 0.786445 0.000000 0.000000 0.000000 0.000000 1.000000
0.999308 -0.004732 0.036883 0.000000 0.026482 0.786864 -0.616558 21.400000 -0.026105 0.617108 0.786445 0.000000 0.000000 0.000000 0.000000 1.000000
0.999308 -0.004733 0.036883 0.000000 0.026483 0.786864 -0.616558 21.400000 -0.026104 0.617108 0.786445 0.000000 0.000000 0.000000 0.000000 1.000000
0.999308 -0.004732 0.036883 -0.000000 0.026483 0.786864 -0.616557 21.400000 -0.026105 0.617108 0.786446 0.000000 0.000000 0.000000 0.000000 1.000000
0.999308 -0.004732 0.036883 0.000000 0.026483 0.786864 -0.616558 21.400000 -0.026105 0.617108 0.786445 0.000000 0.000000 0.000000 0.000000 1.000000
0.999308 -0.004732 0.036883 0.000000 0.026483 0.786864 -0.616558 21.400000 -0.026104 0.617108 0.786445 0.000000 0.000000 0.000000 0.000000 1.000000
0.999308 -0.004733 0.036884 0.000000 0.026483 0.786864 -0.616558 21.400000 -0.026105 0.617108 0.786445 0.000000 0.000000 0.000000 0.000000 1.000000
0.999308 -0.004732 0.036884 -0.000000 0.026483 0.786864 -0.616558 21.400000 -0.026105 0.617108 0.786445 0.000000 0.000000 0.000000 0.000000 1.000000
0.999308 -0.004733 0.036884 0.000000 0.026483 0.786864 -0.616558 21.400000 -0.026104 0.617108 0.786445 0.000000 0.000000 0.000000 0.000000 1.000000
0.999308 -0.004732 0.036883 0.000000 0.026483 0.786864 -0.616558 21.400000 -0.026105 0.617108 0.786445 -0.000000 0.000000 0.000000 0.000000 1.000000
0.999308 -0.004732 0.036883 -0.000000 0.026483 0.786864 -0.616558 21.400000 -0.026104 0.617108 0.786445 0.000000 0.000000 0.000000 0.000000 1.000000
0.999308 -0.004732 0.036884 0.000000 0.026483 0.786864 -0.616558 21.400000 -0.026105 0.617108 0.786445 -0.000000 0.000000 0.000000 0.000000 1.000000
0.999308 -0.004732 0.036883 -0.000000 0.026483 0.786864 -0.616558 21.400000 -0.026104 0.617108 0.786445 0.000000 0.000000 0.000000 0.000000 1.000000
0.999308 -0.004732 0.036883 -0.000000 0.026483 0.786864 -0.616558 21.400000 -0.026104 0.617108 0.786445 0.000000 0.000000 0.000000 0.000000 1.000000
0.999308 -0.004733 0.036884 0.000000 0.026483 0.786864 -0.616557 21.400000 -0.026105 0.617108 0.786446 0.000000 0.000000 0.000000 0.000000 1.000000
0.999308 -0.004732 0.036884 0.000000 0.026483 0.786864 -0.616558 21.400000 -0.026105 0.617108 0.786445 0.000000 0.000000 0.000000 0.000000 1.000000
0.999308 -0.004732 0.036884 0.000000 0.026483 0.786864 -0.616558 21.400000 -0.026105 0.617108 0.786445 -0.000000 0.000000 0.000000 0.000000 1.000000
0.999308 -0.004732 0.036883 0.000000 0.026483 0.786864 -0.616558 21.400000 -0.026104 0.617108 0.786445 0.000000 0.000000 0.000000 0.000000 1.000000
0.999308 -0.004732 0.036883 0.000000 0.026483 0.786864 -0.616558 21.400000 -0.026105 0.617108 0.786445 0.000000 0.000000 0.000000 0.000000 1.000000
0.999308 -0.004732 0.036883 -0.000000 0.026483 0.786864 -0.616558 21.400000 -0.026104 0.617108 0.786445 0.000000 0.000000 0.000000 0.000000 1.000000
0.999308 -0.004732 0.036884 0.000000 0.026483 0.786864 -0.616558 21.400000 -0.026105 0.617108 0.786445 0.000000 0.000000 0.000000 0.000000 1.000000
0.999308 -0.004733 0.036884 0.000000 0.026483 0.786864 -0.616558 21.400000 -0.026104 0.617108 0.786445 0.000000 0.000000 0.000000 0.000000 1.000000
0.999308 -0.004732 0.036883 0.000000 0.026483 0.786864 -0.616557 21.400000 -0.026104 0.617108 0.786446 -0.000000 0.000000 0.000000 0.000000 1.000000</float_array>
        <technique_common>
          <accessor source="#mixamorig_RightToeBase-Matrix-animation-output-transform-array" count="56" stride="16">
            <param type="float4x4"/>
          </accessor>
        </technique_common>
      </source>
      <source id="mixamorig_RightToeBase-Interpolations">
        <Name_array id="mixamorig_RightToeBase-Interpolations-array" count="56">
 LINEAR LINEAR LINEAR LINEAR LINEAR LINEAR LINEAR LINEAR LINEAR LINEAR LINEAR
LINEAR LINEAR LINEAR LINEAR LINEAR LINEAR LINEAR LINEAR LINEAR LINEAR LINEAR LINEAR
LINEAR LINEAR LINEAR LINEAR LINEAR LINEAR LINEAR LINEAR LINEAR LINEAR LINEAR LINEAR
LINEAR LINEAR LINEAR LINEAR LINEAR LINEAR LINEAR LINEAR LINEAR LINEAR LINEAR LINEAR
LINEAR LINEAR LINEAR LINEAR LINEAR LINEAR LINEAR LINEAR LINEAR</Name_array>
        <technique_common>
          <accessor source="#mixamorig_RightToeBase-Interpolations-array" count="56">
            <param type="name"/>
          </accessor>
        </technique_common>
      </source>
      <sampler id="mixamorig_RightToeBase-Matrix-animation-transform">
        <input semantic="INPUT" source="#mixamorig_RightToeBase-Matrix-animation-input"/>
        <input semantic="OUTPUT" source="#mixamorig_RightToeBase-Matrix-animation-output-transform"/>
        <input semantic="INTERPOLATION" source="#mixamorig_RightToeBase-Interpolations"/>
      </sampler>
      <channel source="#mixamorig_RightToeBase-Matrix-animation-transform" target="mixamorig_RightToeBase/matrix"/>
    </animation>
  </library_animations>
  <library_visual_scenes>
    <visual_scene id="RootNode" name="RootNode">
      <node id="mixamorig_Hips" name="mixamorig_Hips" sid="mixamorig_Hips" type="JOINT">
        <matrix sid="matrix">0.847563 -0.255623 -0.465074 1.881076 0.298867 0.954080 0.020262 117.273346 0.438538 -0.156168 0.885040 -15.561614 0.000000 0.000000 0.000000 1.000000</matrix>
        <node id="mixamorig_Spine" name="mixamorig_Spine" sid="mixamorig_Spine" type="JOINT">
          <matrix sid="matrix">0.911637 0.262154 0.316532 -0.000000 -0.199365 0.955550 -0.217204 13.214800 -0.359403 0.134906 0.923380 0.000000 0.000000 0.000000 0.000000 1.000000</matrix>
          <node id="mixamorig_Spine1" name="mixamorig_Spine1" sid="mixamorig_Spine1" type="JOINT">
            <matrix sid="matrix">0.921580 0.080753 0.379696 -0.000000 -0.021943 0.987396 -0.156738 9.224200 -0.387568 0.136115 0.911737 0.000000 0.000000 0.000000 0.000000 1.000000</matrix>
            <node id="mixamorig_Spine2" name="mixamorig_Spine2" sid="mixamorig_Spine2" type="JOINT">
              <matrix sid="matrix">0.982668 0.112936 0.146999 0.000000 -0.099070 0.990196 -0.098473 11.063000 -0.156679 0.082203 0.984223 0.000000 0.000000 0.000000 0.000000 1.000000</matrix>
              <node id="mixamorig_Neck" name="mixamorig_Neck" sid="mixamorig_Neck" type="JOINT">
                <matrix sid="matrix">0.989305 0.118239 0.085417 -0.006000 -0.096652 0.969958 -0.223250 23.723499 -0.109247 0.212607 0.971012 -1.446200 0.000000 0.000000 0.000000 1.000000</matrix>
                <node id="mixamorig_Head" name="mixamorig_Head" sid="mixamorig_Head" type="JOINT">
                  <matrix sid="matrix">0.850158 0.086767 0.519328 0.000000 -0.185809 0.972311 0.141727 10.037100 -0.492652 -0.216986 0.842740 3.529500 0.000000 0.000000 0.000000 1.000000</matrix>
                  <node id="mixamorig_HeadTop_End" name="mixamorig_HeadTop_End" sid="mixamorig_HeadTop_End" type="JOINT">
                    <matrix sid="matrix">1.000000 -0.000000 -0.000000 0.000000 0.000000 1.000000 -0.000000 17.783001 -0.000000 -0.000000 1.000000 3.803600 0.000000 0.000000 0.000000 1.000000</matrix>
                  </node>
                  <node id="mixamorig_RightEye" name="mixamorig_RightEye" sid="mixamorig_RightEye" type="JOINT">
                    <matrix sid="matrix">1.000000 0.000000 0.000000 -3.293300 -0.000000 -0.000000 -1.000000 4.765900 -0.000000 1.000000 0.000000 6.339300 0.000000 0.000000 0.000000 1.000000</matrix>
                  </node>
                </node>
              </node>
              <node id="mixamorig_LeftShoulder" name="mixamorig_LeftShoulder" sid="mixamorig_LeftShoulder" type="JOINT">
                <matrix sid="matrix">-0.018445 0.865599 -0.500398 11.304900 0.010660 -0.500284 -0.865796 19.886000 -0.999773 -0.021304 0.000000 -3.966000 0.000000 0.000000 0.000000 1.000000</matrix>
                <node id="mixamorig_LeftArm" name="mixamorig_LeftArm" sid="mixamorig_LeftArm" type="JOINT">
                  <matrix sid="matrix">0.941948 0.329390 -0.065089 0.000000 -0.329470 0.944115 0.009800 12.686800 0.064679 0.012214 0.997831 -0.000000 0.000000 0.000000 0.000000 1.000000</matrix>
                  <node id="mixamorig_LeftForeArm" name="mixamorig_LeftForeArm" sid="mixamorig_LeftForeArm" type="JOINT">
                    <matrix sid="matrix">-0.416265 -0.909243 -0.000000 -0.000000 0.909243 -0.416265 0.000000 30.736700 -0.000000 -0.000000 1.000000 -0.000000 0.000000 0.000000 0.000000 1.000000</matrix>
                    <node id="mixamorig_LeftHand" name="mixamorig_LeftHand" sid="mixamorig_LeftHand" type="JOINT">
                      <matrix sid="matrix">0.994568 -0.038406 0.096747 0.000000 -0.001202 0.925145 0.379613 26.713100 -0.104084 -0.377667 0.920073 0.000000 0.000000 0.000000 0.000000 1.000000</matrix>
                      <node id="mixamorig_LeftHandThumb1" name="mixamorig_LeftHandThumb1" sid="mixamorig_LeftHandThumb1" type="JOINT">
                        <matrix sid="matrix">0.892372 -0.403216 0.202705 -2.604400 0.448092 0.845088 -0.291615 4.344900 -0.053720 0.351059 0.934811 2.566800 0.000000 0.000000 0.000000 1.000000</matrix>
                        <node id="mixamorig_LeftHandThumb2" name="mixamorig_LeftHandThumb2" sid="mixamorig_LeftHandThumb2" type="JOINT">
                          <matrix sid="matrix">0.912833 0.407341 -0.028449 -0.000000 -0.408319 0.911166 -0.055248 4.523200 0.003417 0.062049 0.998067 0.000000 0.000000 0.000000 0.000000 1.000000</matrix>
                          <node id="mixamorig_LeftHandThumb3" name="mixamorig_LeftHandThumb3" sid="mixamorig_LeftHandThumb3" type="JOINT">
                            <matrix sid="matrix">0.834519 0.537739 -0.120062 -0.000000 -0.531974 0.843109 0.078554 3.636400 0.143467 -0.001685 0.989654 0.000000 0.000000 0.000000 0.000000 1.000000</matrix>
                            <node id="mixamorig_LeftHandThumb4" name="mixamorig_LeftHandThumb4" sid="mixamorig_LeftHandThumb4" type="JOINT">
                              <matrix sid="matrix">1.000000 0.000000 0.000000 0.000000 -0.000000 1.000000 -0.000000 3.907300 -0.000000 -0.000000 1.000000 -0.000000 0.000000 0.000000 0.000000 1.000000</matrix>
                            </node>
                          </node>
                        </node>
                      </node>
                      <node id="mixamorig_LeftHandIndex1" name="mixamorig_LeftHandIndex1" sid="mixamorig_LeftHandIndex1" type="JOINT">
                        <matrix sid="matrix">0.991281 0.110196 -0.072243 -3.402400 -0.110195 0.392698 -0.913042 12.111600 -0.072243 0.913042 0.401417 0.315900 0.000000 0.000000 0.000000 1.000000</matrix>
                        <node id="mixamorig_LeftHandIndex2" name="mixamorig_LeftHandIndex2" sid="mixamorig_LeftHandIndex2" type="JOINT">
                          <matrix sid="matrix">0.983265 0.118166 -0.138663 0.000000 -0.118166 -0.165647 -0.979080 4.509100 -0.138663 0.979080 -0.148912 -0.000000 0.000000 0.000000 0.000000 1.000000</matrix>
                          <node id="mixamorig_LeftHandIndex3" name="mixamorig_LeftHandIndex3" sid="mixamorig_LeftHandIndex3" type="JOINT">
                            <matrix sid="matrix">0.993795 0.098630 -0.051410 0.000000 -0.098630 0.567829 -0.817216 2.907200 -0.051410 0.817216 0.574034 -0.000000 0.000000 0.000000 0.000000 1.000000</matrix>
                            <node id="mixamorig_LeftHandIndex4" name="mixamorig_LeftHandIndex4" sid="mixamorig_LeftHandIndex4" type="JOINT">
                              <matrix sid="matrix">1.000000 0.000000 -0.000000 -0.000000 0.000000 1.000000 -0.000000 2.981700 -0.000000 -0.000000 1.000000 -0.000000 0.000000 0.000000 0.000000 1.000000</matrix>
                            </node>
                          </node>
                        </node>
                      </node>
                      <node id="mixamorig_LeftHandMiddle1" name="mixamorig_LeftHandMiddle1" sid="mixamorig_LeftHandMiddle1" type="JOINT">
                        <matrix sid="matrix">0.992627 0.104690 -0.061093 0.000000 -0.104690 0.486431 -0.867425 13.093800 -0.061093 0.867425 0.493804 -0.000000 0.000000 0.000000 0.000000 1.000000</matrix>
                        <node id="mixamorig_LeftHandMiddle2" name="mixamorig_LeftHandMiddle2" sid="mixamorig_LeftHandMiddle2" type="JOINT">
                          <matrix sid="matrix">0.983261 0.118160 -0.138696 0.000000 -0.118160 -0.165925 -0.979034 3.620200 -0.138696 0.979034 -0.149185 0.000000 0.000000 0.000000 0.000000 1.000000</matrix>
                          <node id="mixamorig_LeftHandMiddle3" name="mixamorig_LeftHandMiddle3" sid="mixamorig_LeftHandMiddle3" type="JOINT">
                            <matrix sid="matrix">0.993795 0.098630 -0.051410 0.000000 -0.098630 0.567829 -0.817216 2.832500 -0.051410 0.817216 0.574034 0.000000 0.000000 0.000000 0.000000 1.000000</matrix>
                            <node id="mixamorig_LeftHandMiddle4" name="mixamorig_LeftHandMiddle4" sid="mixamorig_LeftHandMiddle4" type="JOINT">
                              <matrix sid="matrix">1.000000 -0.000000 -0.000000 0.000000 0.000000 1.000000 0.000000 4.715600 0.000000 -0.000000 1.000000 0.000000 0.000000 0.000000 0.000000 1.000000</matrix>
                            </node>
                          </node>
                        </node>
                      </node>
                      <node id="mixamorig_LeftHandRing1" name="mixamorig_LeftHandRing1" sid="mixamorig_LeftHandRing1" type="JOINT">
                        <matrix sid="matrix">0.992623 0.104706 -0.061122 3.523100 -0.104706 0.486185 -0.867560 12.918800 -0.061122 0.867560 0.493562 -0.015900 0.000000 0.000000 0.000000 1.000000</matrix>
                        <node id="mixamorig_LeftHandRing2" name="mixamorig_LeftHandRing2" sid="mixamorig_LeftHandRing2" type="JOINT">
                          <matrix sid="matrix">0.983265 0.118166 -0.138663 0.000000 -0.118166 -0.165647 -0.979080 2.936000 -0.138663 0.979080 -0.148912 0.000000 0.000000 0.000000 0.000000 1.000000</matrix>
                          <node id="mixamorig_LeftHandRing3" name="mixamorig_LeftHandRing3" sid="mixamorig_LeftHandRing3" type="JOINT">
                            <matrix sid="matrix">0.993795 0.098630 -0.051410 0.000000 -0.098630 0.567829 -0.817216 3.435600 -0.051410 0.817216 0.574034 0.000000 0.000000 0.000000 0.000000 1.000000</matrix>
                            <node id="mixamorig_LeftHandRing4" name="mixamorig_LeftHandRing4" sid="mixamorig_LeftHandRing4" type="JOINT">
                              <matrix sid="matrix">1.000000 -0.000000 0.000000 -0.000000 0.000000 1.000000 0.000000 3.120600 0.000000 0.000000 1.000000 -0.000000 0.000000 0.000000 0.000000 1.000000</matrix>
                            </node>
                          </node>
                        </node>
                      </node>
                      <node id="mixamorig_LeftHandPinky1" name="mixamorig_LeftHandPinky1" sid="mixamorig_LeftHandPinky1" type="JOINT">
                        <matrix sid="matrix">0.982717 0.175163 -0.059876 6.518400 -0.139091 0.485266 -0.863233 11.479300 -0.122151 0.856642 0.501243 0.316100 0.000000 0.000000 0.000000 1.000000</matrix>
                        <node id="mixamorig_LeftHandPinky2" name="mixamorig_LeftHandPinky2" sid="mixamorig_LeftHandPinky2" type="JOINT">
                          <matrix sid="matrix">0.987593 0.134078 -0.081749 0.000000 -0.044665 -0.259246 -0.964778 2.474700 -0.150549 0.956459 -0.250041 0.000000 0.000000 0.000000 0.000000 1.000000</matrix>
                          <node id="mixamorig_LeftHandPinky3" name="mixamorig_LeftHandPinky3" sid="mixamorig_LeftHandPinky3" type="JOINT">
                            <matrix sid="matrix">0.993795 0.098630 -0.051410 0.000000 -0.098630 0.567830 -0.817216 2.073800 -0.051410 0.817216 0.574034 0.000000 0.000000 0.000000 0.000000 1.000000</matrix>
                            <node id="mixamorig_LeftHandPinky4" name="mixamorig_LeftHandPinky4" sid="mixamorig_LeftHandPinky4" type="JOINT">
                              <matrix sid="matrix">1.000000 -0.000000 -0.000000 0.000000 0.000000 1.000000 0.000000 2.978900 0.000000 -0.000000 1.000000 0.000000 0.000000 0.000000 0.000000 1.000000</matrix>
                            </node>
                          </node>
                        </node>
                      </node>
                    </node>
                  </node>
                </node>
              </node>
              <node id="mixamorig_RightShoulder" name="mixamorig_RightShoulder" sid="mixamorig_RightShoulder" type="JOINT">
                <matrix sid="matrix">0.087498 -0.946176 0.311600 -11.278600 -0.009183 -0.313552 -0.949527 19.886000 0.996122 0.080221 -0.036124 -3.966000 0.000000 0.000000 0.000000 1.000000</matrix>
                <node id="mixamorig_RightArm" name="mixamorig_RightArm" sid="mixamorig_RightArm" type="JOINT">
                  <matrix sid="matrix">0.921282 0.357528 -0.153015 0.000000 -0.384821 0.894905 -0.225959 12.686800 0.056147 0.267055 0.962044 0.000000 0.000000 0.000000 0.000000 1.000000</matrix>
                  <node id="mixamorig_RightForeArm" name="mixamorig_RightForeArm" sid="mixamorig_RightForeArm" type="JOINT">
                    <matrix sid="matrix">-0.579597 0.814903 0.000000 0.000000 -0.814903 -0.579597 -0.000000 30.736700 -0.000000 -0.000000 1.000000 0.000000 0.000000 0.000000 0.000000 1.000000</matrix>
                    <node id="mixamorig_RightHand" name="mixamorig_RightHand" sid="mixamorig_RightHand" type="JOINT">
                      <matrix sid="matrix">0.998838 0.048183 -0.001146 0.000000 -0.047691 0.984629 -0.168021 26.713100 -0.006968 0.167881 0.985783 -0.000000 0.000000 0.000000 0.000000 1.000000</matrix>
                      <node id="mixamorig_RightHandThumb1" name="mixamorig_RightHandThumb1" sid="mixamorig_RightHandThumb1" type="JOINT">
                        <matrix sid="matrix">0.923888 0.345465 -0.164573 2.712200 -0.378781 0.886723 -0.265044 6.800000 0.054367 0.307208 0.950088 2.789800 0.000000 0.000000 0.000000 1.000000</matrix>
                        <node id="mixamorig_RightHandThumb2" name="mixamorig_RightHandThumb2" sid="mixamorig_RightHandThumb2" type="JOINT">
                          <matrix sid="matrix">0.936243 -0.351330 0.004003 0.000000 0.351073 0.934982 -0.050558 4.523200 0.014020 0.048740 0.998713 0.000000 0.000000 0.000000 0.000000 1.000000</matrix>
                          <node id="mixamorig_RightHandThumb3" name="mixamorig_RightHandThumb3" sid="mixamorig_RightHandThumb3" type="JOINT">
                            <matrix sid="matrix">0.859315 -0.511101 -0.018788 0.000000 0.511404 0.858198 0.044287 3.636400 -0.006512 -0.047665 0.998842 -0.000000 0.000000 0.000000 0.000000 1.000000</matrix>
                            <node id="mixamorig_RightHandThumb4" name="mixamorig_RightHandThumb4" sid="mixamorig_RightHandThumb4" type="JOINT">
                              <matrix sid="matrix">1.000000 0.000000 -0.000000 0.000000 0.000000 1.000000 0.000000 3.907300 0.000000 0.000000 1.000000 0.000000 0.000000 0.000000 0.000000 1.000000</matrix>
                            </node>
                          </node>
                        </node>
                      </node>
                      <node id="mixamorig_RightHandIndex1" name="mixamorig_RightHandIndex1" sid="mixamorig_RightHandIndex1" type="JOINT">
                        <matrix sid="matrix">0.996564 -0.077881 0.028196 3.526400 0.077882 0.765200 -0.639065 14.497500 0.028195 0.639065 0.768636 1.249000 0.000000 0.000000 0.000000 1.000000</matrix>
                        <node id="mixamorig_RightHandIndex2" name="mixamorig_RightHandIndex2" sid="mixamorig_RightHandIndex2" type="JOINT">
                          <matrix sid="matrix">0.986533 -0.120586 0.110504 0.000000 0.120588 0.079787 -0.989491 4.509100 0.110502 0.989491 0.093254 0.000000 0.000000 0.000000 0.000000 1.000000</matrix>
                          <node id="mixamorig_RightHandIndex3" name="mixamorig_RightHandIndex3" sid="mixamorig_RightHandIndex3" type="JOINT">
                            <matrix sid="matrix">0.993503 -0.100548 0.053316 0.000000 0.100549 0.556023 -0.825063 2.907200 0.053314 0.825063 0.562520 0.000000 0.000000 0.000000 0.000000 1.000000</matrix>
                            <node id="mixamorig_RightHandIndex4" name="mixamorig_RightHandIndex4" sid="mixamorig_RightHandIndex4" type="JOINT">
                              <matrix sid="matrix">1.000000 -0.000000 0.000000 0.000000 -0.000000 1.000000 -0.000000 2.981700 0.000000 -0.000000 1.000000 0.000000 0.000000 0.000000 0.000000 1.000000</matrix>
                            </node>
                          </node>
                        </node>
                      </node>
                      <node id="mixamorig_RightHandMiddle1" name="mixamorig_RightHandMiddle1" sid="mixamorig_RightHandMiddle1" type="JOINT">
                        <matrix sid="matrix">0.996564 -0.077881 0.028196 0.000000 0.077882 0.765200 -0.639065 15.099700 0.028195 0.639065 0.768636 0.000000 0.000000 0.000000 0.000000 1.000000</matrix>
                        <node id="mixamorig_RightHandMiddle2" name="mixamorig_RightHandMiddle2" sid="mixamorig_RightHandMiddle2" type="JOINT">
                          <matrix sid="matrix">0.986533 -0.120586 0.110504 0.000000 0.120588 0.079787 -0.989491 3.620200 0.110502 0.989491 0.093254 -0.000000 0.000000 0.000000 0.000000 1.000000</matrix>
                          <node id="mixamorig_RightHandMiddle3" name="mixamorig_RightHandMiddle3" sid="mixamorig_RightHandMiddle3" type="JOINT">
                            <matrix sid="matrix">0.993503 -0.100548 0.053316 0.000000 0.100549 0.556023 -0.825063 2.832500 0.053314 0.825063 0.562520 0.000000 0.000000 0.000000 0.000000 1.000000</matrix>
                            <node id="mixamorig_RightHandMiddle4" name="mixamorig_RightHandMiddle4" sid="mixamorig_RightHandMiddle4" type="JOINT">
                              <matrix sid="matrix">1.000000 0.000000 -0.000000 -0.000000 -0.000000 1.000000 -0.000000 4.715600 0.000000 0.000000 1.000000 -0.000000 0.000000 0.000000 0.000000 1.000000</matrix>
                            </node>
                          </node>
                        </node>
                      </node>
                      <node id="mixamorig_RightHandRing1" name="mixamorig_RightHandRing1" sid="mixamorig_RightHandRing1" type="JOINT">
                        <matrix sid="matrix">0.996564 -0.077881 0.028196 -3.512100 0.077882 0.765200 -0.639065 15.621700 0.028195 0.639065 0.768636 0.773000 0.000000 0.000000 0.000000 1.000000</matrix>
                        <node id="mixamorig_RightHandRing2" name="mixamorig_RightHandRing2" sid="mixamorig_RightHandRing2" type="JOINT">
                          <matrix sid="matrix">0.986533 -0.120586 0.110504 0.000000 0.120588 0.079787 -0.989491 2.936000 0.110502 0.989491 0.093254 0.000000 0.000000 0.000000 0.000000 1.000000</matrix>
                          <node id="mixamorig_RightHandRing3" name="mixamorig_RightHandRing3" sid="mixamorig_RightHandRing3" type="JOINT">
                            <matrix sid="matrix">0.993503 -0.100548 0.053316 0.000000 0.100549 0.556023 -0.825063 3.435600 0.053314 0.825063 0.562520 0.000000 0.000000 0.000000 0.000000 1.000000</matrix>
                            <node id="mixamorig_RightHandRing4" name="mixamorig_RightHandRing4" sid="mixamorig_RightHandRing4" type="JOINT">
                              <matrix sid="matrix">1.000000 0.000000 0.000000 0.000000 0.000000 1.000000 -0.000000 3.120600 0.000000 -0.000000 1.000000 0.000000 0.000000 0.000000 0.000000 1.000000</matrix>
                            </node>
                          </node>
                        </node>
                      </node>
                      <node id="mixamorig_RightHandPinky1" name="mixamorig_RightHandPinky1" sid="mixamorig_RightHandPinky1" type="JOINT">
                        <matrix sid="matrix">0.996564 -0.077881 0.028196 -6.433200 0.077882 0.765200 -0.639065 14.089700 0.028195 0.639065 0.768636 1.001200 0.000000 0.000000 0.000000 1.000000</matrix>
                        <node id="mixamorig_RightHandPinky2" name="mixamorig_RightHandPinky2" sid="mixamorig_RightHandPinky2" type="JOINT">
                          <matrix sid="matrix">0.986533 -0.120586 0.110504 0.000000 0.120588 0.079787 -0.989491 2.474700 0.110502 0.989491 0.093254 0.000000 0.000000 0.000000 0.000000 1.000000</matrix>
                          <node id="mixamorig_RightHandPinky3" name="mixamorig_RightHandPinky3" sid="mixamorig_RightHandPinky3" type="JOINT">
                            <matrix sid="matrix">0.993503 -0.100548 0.053316 -0.000000 0.100549 0.556023 -0.825063 2.073800 0.053314 0.825063 0.562520 0.000000 0.000000 0.000000 0.000000 1.000000</matrix>
                            <node id="mixamorig_RightHandPinky4" name="mixamorig_RightHandPinky4" sid="mixamorig_RightHandPinky4" type="JOINT">
                              <matrix sid="matrix">1.000000 -0.000000 0.000000 0.000000 0.000000 1.000000 -0.000000 2.978900 -0.000000 -0.000000 1.000000 0.000000 0.000000 0.000000 0.000000 1.000000</matrix>
                            </node>
                          </node>
                        </node>
                      </node>
                    </node>
                  </node>
                </node>
              </node>
            </node>
          </node>
        </node>
        <node id="mixamorig_LeftUpLeg" name="mixamorig_LeftUpLeg" sid="mixamorig_LeftUpLeg" type="JOINT">
          <matrix sid="matrix">-0.877182 0.407451 -0.254038 9.418100 -0.275124 0.007103 0.961383 -4.875100 0.393521 0.913199 0.105869 1.897700 0.000000 0.000000 0.000000 1.000000</matrix>
          <node id="mixamorig_LeftLeg" name="mixamorig_LeftLeg" sid="mixamorig_LeftLeg" type="JOINT">
            <matrix sid="matrix">0.999012 -0.000004 -0.044435 -0.000000 0.013433 0.953234 0.301935 48.478100 0.042356 -0.302234 0.952292 0.000000 0.000000 0.000000 0.000000 1.000000</matrix>
            <node id="mixamorig_LeftFoot" name="mixamorig_LeftFoot" sid="mixamorig_LeftFoot" type="JOINT">
              <matrix sid="matrix">0.997705 -0.057427 -0.035870 0.000000 0.035807 0.897122 -0.440329 51.588001 0.057466 0.438034 0.897120 -0.000000 0.000000 0.000000 0.000000 1.000000</matrix>
              <node id="mixamorig_LeftToeBase" name="mixamorig_LeftToeBase" sid="mixamorig_LeftToeBase" type="JOINT">
                <matrix sid="matrix">0.999431 0.006511 -0.033082 0.000000 -0.024380 0.817322 -0.575666 21.400000 0.023291 0.576145 0.817016 -0.000000 0.000000 0.000000 0.000000 1.000000</matrix>
                <node id="mixamorig_LeftToe_End" name="mixamorig_LeftToe_End" sid="mixamorig_LeftToe_End" type="JOINT">
                  <matrix sid="matrix">1.000000 0.000000 -0.000000 0.000000 0.000000 1.000000 0.000000 12.650800 -0.000000 -0.000000 1.000000 0.000000 0.000000 0.000000 0.000000 1.000000</matrix>
                </node>
              </node>
            </node>
          </node>
        </node>
        <node id="mixamorig_RightUpLeg" name="mixamorig_RightUpLeg" sid="mixamorig_RightUpLeg" type="JOINT">
          <matrix sid="matrix">-0.856705 -0.474415 0.202453 -9.418100 0.283991 -0.106180 0.952930 -4.875100 -0.430588 0.873874 0.225694 1.897700 0.000000 0.000000 0.000000 1.000000</matrix>
          <node id="mixamorig_RightLeg" name="mixamorig_RightLeg" sid="mixamorig_RightLeg" type="JOINT">
            <matrix sid="matrix">0.989366 -0.000254 0.145450 -0.000000 -0.113856 -0.623639 0.773377 48.478100 0.090512 -0.781713 -0.617036 -0.000000 0.000000 0.000000 0.000000 1.000000</matrix>
            <node id="mixamorig_RightFoot" name="mixamorig_RightFoot" sid="mixamorig_RightFoot" type="JOINT">
              <matrix sid="matrix">0.910742 -0.216551 -0.351645 -0.000000 0.196785 0.976169 -0.091485 51.588001 0.363076 0.014121 0.931652 -0.000000 0.000000 0.000000 0.000000 1.000000</matrix>
              <node id="mixamorig_RightToeBase" name="mixamorig_RightToeBase" sid="mixamorig_RightToeBase" type="JOINT">
                <matrix sid="matrix">0.999308 -0.004733 0.036883 0.000000 0.026483 0.786864 -0.616558 21.400000 -0.026104 0.617108 0.786445 -0.000000 0.000000 0.000000 0.000000 1.000000</matrix>
                <node id="mixamorig_RightToe_End" name="mixamorig_RightToe_End" sid="mixamorig_RightToe_End" type="JOINT">
                  <matrix sid="matrix">1.000000 0.000000 0.000000 0.000000 0.000000 1.000000 0.000000 12.651100 0.000000 -0.000000 1.000000 0.000000 0.000000 0.000000 0.000000 1.000000</matrix>
                </node>
              </node>
            </node>
          </node>
        </node>
      </node>
    </visual_scene>
  </library_visual_scenes>
  <scene>
    <instance_visual_scene url="#RootNode"/>
  </scene>
</COLLADA>
