<?xml version="1.0" encoding="utf-8"?>
<COLLADA xmlns="http://www.collada.org/2005/11/COLLADASchema" version="1.4.1">
  <asset>
    <contributor>
      <author>Mixamo</author>
      <authoring_tool>COLLADA Mixamo exporter</authoring_tool>
      <comments/>
    </contributor>
    <created>2026-05-27T22:35:52Z</created>
    <modified>2026-05-27T22:35:52Z</modified>
    <revision/>
    <title/>
    <unit meter="0.010000"/>
    <up_axis>Y_UP</up_axis>
  </asset>
  <library_animations>
    <animation id="mixamorig_Hips-anim" name="mixamorig_Hips">
      <source id="mixamorig_Hips-Matrix-animation-input">
        <float_array id="mixamorig_Hips-Matrix-animation-input-array" count="26">

0.000000 0.033333 0.066667 0.100000 0.133333 0.166667 0.200000 0.233333 0.266667 0.300000 0.333333 0.366667 0.400000 0.433333 0.466667 0.500000
0.533333 0.566667 0.600000 0.633333 0.666667 0.700000 0.733333 0.766667 0.800000 0.833333</float_array>
        <technique_common>
          <accessor source="#mixamorig_Hips-Matrix-animation-input-array" count="26">
            <param name="TIME" type="float"/>
          </accessor>
        </technique_common>
      </source>
      <source id="mixamorig_Hips-Matrix-animation-output-transform">
        <float_array id="mixamorig_Hips-Matrix-animation-output-transform-array" count="416">

0.999951 0.009805 -0.001684 0.538403 -0.009949 0.985109 -0.171641 108.278137 -0.000025 0.171649 0.985158 -1.713192 0.000000 0.000000 0.000000 1.000000
0.999311 -0.014714 -0.034085 0.714487 0.008312 0.983475 -0.180854 111.709106 0.036183 0.180446 0.982919 -1.989771 0.000000 0.000000 0.000000 1.000000
0.997275 -0.045075 -0.058399 0.766546 0.032674 0.979626 -0.198154 114.516212 0.066141 0.195706 0.978430 -2.461244 0.000000 0.000000 0.000000 1.000000
0.994550 -0.076781 -0.070532 0.822615 0.060322 0.975538 -0.211391 117.225708 0.085037 0.205984 0.974853 -3.114183 0.000000 0.000000 0.000000 1.000000
0.993976 -0.091498 -0.060324 0.719689 0.075916 0.971824 -0.223148 120.634048 0.079042 0.217224 0.972916 -3.425997 0.000000 0.000000 0.000000 1.000000
0.995150 -0.092710 -0.032872 0.414608 0.083250 0.971811 -0.220576 121.738129 0.052395 0.216770 0.974816 -3.606211 0.000000 0.000000 0.000000 1.000000
0.996124 -0.087952 0.001088 0.143516 0.086003 0.971305 -0.221744 120.161209 0.018446 0.220978 0.975104 -4.068998 0.000000 0.000000 0.000000 1.000000
0.995525 -0.088690 0.032624 -0.110549 0.093750 0.970306 -0.222973 117.042168 -0.011880 0.225034 0.974278 -5.681808 0.000000 0.000000 0.000000 1.000000
0.995019 -0.092679 0.036726 -0.243316 0.098517 0.970501 -0.220049 112.439613 -0.015249 0.222571 0.974797 -6.830383 0.000000 0.000000 0.000000 1.000000
0.993712 -0.108412 0.027980 -0.199271 0.111942 0.966994 -0.228893 108.893509 -0.002242 0.230586 0.973049 -8.405807 0.000000 0.000000 0.000000 1.000000
0.992791 -0.112957 0.040072 -0.310328 0.119178 0.965855 -0.230046 106.971786 -0.012719 0.233163 0.972354 -10.070131 0.000000 0.000000 0.000000 1.000000
0.991914 -0.102877 0.074318 -0.352974 0.117760 0.964422 -0.236690 107.354012 -0.047324 0.243528 0.968739 -10.277151 0.000000 0.000000 0.000000 1.000000
0.990810 -0.081357 0.108059 -0.145507 0.106629 0.961331 -0.253914 109.297615 -0.083223 0.263103 0.961172 -9.650511 0.000000 0.000000 0.000000 1.000000
0.989428 -0.051333 0.135638 0.063366 0.085895 0.960999 -0.262875 112.353508 -0.116854 0.271747 0.955248 -8.396263 0.000000 0.000000 0.000000 1.000000
0.988591 -0.004276 0.150566 0.016978 0.046054 0.960310 -0.275108 115.098373 -0.143414 0.278903 0.949550 -7.414522 0.000000 0.000000 0.000000 1.000000
0.987893 0.037070 0.150644 0.233532 0.008662 0.956336 -0.292140 118.440598 -0.154896 0.289908 0.944437 -6.800187 0.000000 0.000000 0.000000 1.000000
0.989373 0.053442 0.135218 0.630432 -0.011317 0.955482 -0.294832 121.552124 -0.144955 0.290168 0.945934 -5.799491 0.000000 0.000000 0.000000 1.000000
0.991058 0.065409 0.116297 0.854927 -0.030941 0.960504 -0.276542 121.614784 -0.129792 0.270471 0.953939 -5.645937 0.000000 0.000000 0.000000 1.000000
0.990693 0.072890 0.114955 0.831471 -0.041625 0.966313 -0.253980 119.206161 -0.129595 0.246832 0.960354 -5.865154 0.000000 0.000000 0.000000 1.000000
0.989535 0.080430 0.119797 0.795055 -0.051184 0.971906 -0.229736 116.435448 -0.134909 0.221201 0.965852 -6.119628 0.000000 0.000000 0.000000 1.000000
0.988719 0.082969 0.124706 0.795266 -0.056054 0.977027 -0.205612 112.898323 -0.138901 0.196303 0.970655 -5.883060 0.000000 0.000000 0.000000 1.000000
0.989451 0.076267 0.123167 0.761536 -0.052833 0.981617 -0.183405 108.768936 -0.134891 0.174963 0.975291 -5.841655 0.000000 0.000000 0.000000 1.000000
0.990990 0.078140 0.108777 0.793287 -0.059231 0.984120 -0.167332 106.045998 -0.120125 0.159381 0.979881 -6.337561 0.000000 0.000000 0.000000 1.000000
0.995434 0.064315 0.070533 0.865464 -0.051659 0.984345 -0.168510 104.850380 -0.080266 0.164097 0.983173 -5.775517 0.000000 0.000000 0.000000 1.000000
0.998873 0.036979 0.029751 0.798127 -0.031418 0.985032 -0.169485 105.665390 -0.035573 0.168359 0.985084 -4.375513 0.000000 0.000000 0.000000 1.000000
0.999951 0.009805 -0.001684 0.538715 -0.009949 0.985109 -0.171641 108.278404 -0.000024 0.171650 0.985158 -1.713073 0.000000 0.000000 0.000000 1.000000</float_array>
        <technique_common>
          <accessor source="#mixamorig_Hips-Matrix-animation-output-transform-array" count="26" stride="16">
            <param type="float4x4"/>
          </accessor>
        </technique_common>
      </source>
      <source id="mixamorig_Hips-Interpolations">
        <Name_array id="mixamorig_Hips-Interpolations-array" count="26">
 LINEAR LINEAR LINEAR LINEAR LINEAR LINEAR LINEAR LINEAR LINEAR LINEAR LINEAR
LINEAR LINEAR LINEAR LINEAR LINEAR LINEAR LINEAR LINEAR LINEAR LINEAR LINEAR LINEAR
LINEAR LINEAR LINEAR</Name_array>
        <technique_common>
          <accessor source="#mixamorig_Hips-Interpolations-array" count="26">
            <param type="name"/>
          </accessor>
        </technique_common>
      </source>
      <sampler id="mixamorig_Hips-Matrix-animation-transform">
        <input semantic="INPUT" source="#mixamorig_Hips-Matrix-animation-input"/>
        <input semantic="OUTPUT" source="#mixamorig_Hips-Matrix-animation-output-transform"/>
        <input semantic="INTERPOLATION" source="#mixamorig_Hips-Interpolations"/>
      </sampler>
      <channel source="#mixamorig_Hips-Matrix-animation-transform" target="mixamorig_Hips/matrix"/>
    </animation>
    <animation id="mixamorig_Spine-anim" name="mixamorig_Spine">
      <source id="mixamorig_Spine-Matrix-animation-input">
        <float_array id="mixamorig_Spine-Matrix-animation-input-array" count="26">

0.000000 0.033333 0.066667 0.100000 0.133333 0.166667 0.200000 0.233333 0.266667 0.300000 0.333333 0.366667 0.400000 0.433333 0.466667 0.500000
0.533333 0.566667 0.600000 0.633333 0.666667 0.700000 0.733333 0.766667 0.800000 0.833333</float_array>
        <technique_common>
          <accessor source="#mixamorig_Spine-Matrix-animation-input-array" count="26">
            <param name="TIME" type="float"/>
          </accessor>
        </technique_common>
      </source>
      <source id="mixamorig_Spine-Matrix-animation-output-transform">
        <float_array id="mixamorig_Spine-Matrix-animation-output-transform-array" count="416">

0.997667 -0.044652 0.051638 0.072000 0.047468 0.997375 -0.054673 7.257300 -0.049061 0.056997 0.997168 -0.789700 0.000000 0.000000 0.000000 1.000000
0.996605 -0.019026 0.080108 0.072000 0.022692 0.998725 -0.045100 7.257300 -0.079148 0.046765 0.995765 -0.789700 0.000000 0.000000 0.000000 1.000000
0.994781 0.013946 0.101073 0.072000 -0.010075 0.999200 -0.038707 7.257300 -0.101532 0.037486 0.994126 -0.789700 0.000000 0.000000 0.000000 1.000000
0.992829 0.051616 0.107830 0.072000 -0.048283 0.998279 -0.033296 7.257300 -0.109363 0.027850 0.993612 -0.789700 0.000000 0.000000 0.000000 1.000000
0.992133 0.072466 0.102083 0.072000 -0.071184 0.997332 -0.016147 7.257300 -0.102981 0.008753 0.994645 -0.789700 0.000000 0.000000 0.000000 1.000000
0.992391 0.081189 0.092565 0.072000 -0.082135 0.996600 0.006445 7.257300 -0.091727 -0.013999 0.995686 -0.789700 0.000000 0.000000 0.000000 1.000000
0.992965 0.086507 0.080849 0.072000 -0.088253 0.995931 0.018264 7.257300 -0.078940 -0.025271 0.996559 -0.789700 0.000000 0.000000 0.000000 1.000000
0.992688 0.099480 0.068366 0.072000 -0.099949 0.994986 0.003475 7.257300 -0.067678 -0.010283 0.997654 -0.789700 0.000000 0.000000 0.000000 1.000000
0.991551 0.117616 0.054711 0.072000 -0.117159 0.993047 -0.011502 7.257300 -0.055683 0.004995 0.998436 -0.789700 0.000000 0.000000 0.000000 1.000000
0.988878 0.144882 0.033622 0.072000 -0.144421 0.989391 -0.015774 7.257300 -0.035551 0.010743 0.999310 -0.789700 0.000000 0.000000 0.000000 1.000000
0.986920 0.161105 0.005879 0.072000 -0.160987 0.986813 -0.016813 7.257300 -0.008510 0.015647 0.999841 -0.789700 0.000000 0.000000 0.000000 1.000000
0.987221 0.156892 -0.027914 0.072000 -0.157353 0.987426 -0.015160 7.257300 0.025184 0.019358 0.999495 -0.789700 0.000000 0.000000 0.000000 1.000000
0.988967 0.133537 -0.064127 0.072000 -0.134651 0.990803 -0.013353 7.257300 0.061754 0.021841 0.997852 -0.789700 0.000000 0.000000 0.000000 1.000000
0.990737 0.097769 -0.094236 0.072000 -0.099549 0.994929 -0.014361 7.257300 0.092354 0.023609 0.995446 -0.789700 0.000000 0.000000 0.000000 1.000000
0.991527 0.044719 -0.121962 0.072000 -0.047043 0.998761 -0.016247 7.257300 0.121084 0.021847 0.992402 -0.789700 0.000000 0.000000 0.000000 1.000000
0.990121 -0.004798 -0.140135 0.072000 0.003160 0.999924 -0.011907 7.257300 0.140182 0.011347 0.990061 -0.789700 0.000000 0.000000 0.000000 1.000000
0.989772 -0.039617 -0.137046 0.072000 0.040967 0.999136 0.007044 7.257300 0.136649 -0.012586 0.990540 -0.789700 0.000000 0.000000 0.000000 1.000000
0.989695 -0.075132 -0.121899 0.072000 0.077733 0.996834 0.016717 7.257300 0.120257 -0.026020 0.992402 -0.789700 0.000000 0.000000 0.000000 1.000000
0.988859 -0.098479 -0.111619 0.072000 0.100462 0.994865 0.012276 7.257300 0.109837 -0.023353 0.993675 -0.789700 0.000000 0.000000 0.000000 1.000000
0.987758 -0.117322 -0.102809 0.072000 0.118609 0.992920 0.006479 7.257300 0.101321 -0.018594 0.994680 -0.789700 0.000000 0.000000 0.000000 1.000000
0.987393 -0.128507 -0.092418 0.072000 0.129356 0.991593 0.003227 7.257300 0.091226 -0.015141 0.995715 -0.789700 0.000000 0.000000 0.000000 1.000000
0.988626 -0.130615 -0.074556 0.072000 0.129938 0.991425 -0.013879 7.257300 0.075729 0.004033 0.997120 -0.789700 0.000000 0.000000 0.000000 1.000000
0.989156 -0.138449 -0.049008 0.072000 0.136515 0.989795 -0.040859 7.257300 0.054165 0.033725 0.997962 -0.789700 0.000000 0.000000 0.000000 1.000000
0.992048 -0.125439 -0.010294 0.072000 0.124737 0.990801 -0.052481 7.257300 0.016782 0.050780 0.998569 -0.789700 0.000000 0.000000 0.000000 1.000000
0.995808 -0.087385 0.027038 0.072000 0.088736 0.994611 -0.053625 7.257300 -0.022207 0.055799 0.998195 -0.789700 0.000000 0.000000 0.000000 1.000000
0.997667 -0.044651 0.051639 0.072000 0.047468 0.997375 -0.054673 7.257300 -0.049062 0.056997 0.997168 -0.789700 0.000000 0.000000 0.000000 1.000000</float_array>
        <technique_common>
          <accessor source="#mixamorig_Spine-Matrix-animation-output-transform-array" count="26" stride="16">
            <param type="float4x4"/>
          </accessor>
        </technique_common>
      </source>
      <source id="mixamorig_Spine-Interpolations">
        <Name_array id="mixamorig_Spine-Interpolations-array" count="26">
 LINEAR LINEAR LINEAR LINEAR LINEAR LINEAR LINEAR LINEAR LINEAR LINEAR LINEAR
LINEAR LINEAR LINEAR LINEAR LINEAR LINEAR LINEAR LINEAR LINEAR LINEAR LINEAR LINEAR
LINEAR LINEAR LINEAR</Name_array>
        <technique_common>
          <accessor source="#mixamorig_Spine-Interpolations-array" count="26">
            <param type="name"/>
          </accessor>
        </technique_common>
      </source>
      <sampler id="mixamorig_Spine-Matrix-animation-transform">
        <input semantic="INPUT" source="#mixamorig_Spine-Matrix-animation-input"/>
        <input semantic="OUTPUT" source="#mixamorig_Spine-Matrix-animation-output-transform"/>
        <input semantic="INTERPOLATION" source="#mixamorig_Spine-Interpolations"/>
      </sampler>
      <channel source="#mixamorig_Spine-Matrix-animation-transform" target="mixamorig_Spine/matrix"/>
    </animation>
    <animation id="mixamorig_Spine1-anim" name="mixamorig_Spine1">
      <source id="mixamorig_Spine1-Matrix-animation-input">
        <float_array id="mixamorig_Spine1-Matrix-animation-input-array" count="26">

0.000000 0.033333 0.066667 0.100000 0.133333 0.166667 0.200000 0.233333 0.266667 0.300000 0.333333 0.366667 0.400000 0.433333 0.466667 0.500000
0.533333 0.566667 0.600000 0.633333 0.666667 0.700000 0.733333 0.766667 0.800000 0.833333</float_array>
        <technique_common>
          <accessor source="#mixamorig_Spine1-Matrix-animation-input-array" count="26">
            <param name="TIME" type="float"/>
          </accessor>
        </technique_common>
      </source>
      <source id="mixamorig_Spine1-Matrix-animation-output-transform">
        <float_array id="mixamorig_Spine1-Matrix-animation-output-transform-array" count="416">

0.999668 -0.016110 0.020097 0.000000 0.016668 0.999470 -0.027953 8.558700 -0.019636 0.028278 0.999407 0.000000 0.000000 0.000000 0.000000 1.000000
0.999418 -0.004463 0.033833 0.000000 0.005177 0.999765 -0.021056 8.558700 -0.033731 0.021219 0.999206 -0.000000 0.000000 0.000000 0.000000 1.000000
0.999086 0.002167 0.042700 0.000000 -0.001640 0.999922 -0.012361 8.558700 -0.042724 0.012280 0.999011 0.000000 0.000000 0.000000 0.000000 1.000000
0.998870 0.009778 0.046509 0.000000 -0.009483 0.999934 -0.006561 8.558700 -0.046570 0.006112 0.998896 0.000000 0.000000 0.000000 0.000000 1.000000
0.998889 0.012882 0.045335 0.000000 -0.012401 0.999864 -0.010879 8.558700 -0.045469 0.010305 0.998913 0.000000 0.000000 0.000000 0.000000 1.000000
0.999149 0.008763 0.040304 0.000000 -0.007725 0.999637 -0.025823 8.558700 -0.040515 0.025489 0.998854 0.000000 0.000000 0.000000 0.000000 1.000000
0.999440 0.006460 0.032840 0.000000 -0.005259 0.999319 -0.036519 8.558700 -0.033054 0.036326 0.998793 0.000000 0.000000 0.000000 0.000000 1.000000
0.999637 0.007629 0.025843 0.000000 -0.006756 0.999409 -0.033692 8.558700 -0.026085 0.033505 0.999098 0.000000 0.000000 0.000000 0.000000 1.000000
0.999678 0.009799 0.023409 0.000000 -0.009148 0.999573 -0.027765 8.558700 -0.023671 0.027542 0.999340 0.000000 0.000000 0.000000 0.000000 1.000000
0.999763 0.011363 0.018579 0.000000 -0.010842 0.999551 -0.027944 8.558700 -0.018888 0.027736 0.999437 0.000000 0.000000 0.000000 0.000000 1.000000
0.999941 0.009650 0.005065 0.000000 -0.009503 0.999554 -0.028314 8.558700 -0.005336 0.028265 0.999586 -0.000000 0.000000 0.000000 0.000000 1.000000
0.999919 0.004455 -0.011884 -0.000000 -0.004753 0.999672 -0.025155 8.558700 0.011769 0.025209 0.999613 -0.000000 0.000000 0.000000 0.000000 1.000000
0.999664 -0.002291 -0.025838 -0.000000 0.001907 0.999887 -0.014883 8.558700 0.025870 0.014828 0.999555 0.000000 0.000000 0.000000 0.000000 1.000000
0.999262 -0.009371 -0.037247 0.000000 0.009325 0.999956 -0.001409 8.558700 0.037259 0.001060 0.999305 0.000000 0.000000 0.000000 0.000000 1.000000
0.998631 -0.015564 -0.049929 0.000000 0.016232 0.999784 0.013013 8.558700 0.049716 -0.013805 0.998668 0.000000 0.000000 0.000000 0.000000 1.000000
0.997991 -0.019859 -0.060166 0.000000 0.021140 0.999562 0.020726 8.558700 0.059728 -0.021957 0.997973 0.000000 0.000000 0.000000 0.000000 1.000000
0.997901 -0.021634 -0.061038 0.000000 0.022486 0.999658 0.013319 8.558700 0.060729 -0.014664 0.998047 -0.000000 0.000000 0.000000 0.000000 1.000000
0.998161 -0.022866 -0.056144 0.000000 0.023056 0.999730 0.002734 8.558700 0.056066 -0.004023 0.998419 -0.000000 0.000000 0.000000 0.000000 1.000000
0.998263 -0.025110 -0.053289 0.000000 0.025033 0.999684 -0.002110 8.558700 0.053325 0.000773 0.998577 0.000000 0.000000 0.000000 0.000000 1.000000
0.998319 -0.027810 -0.050852 0.000000 0.027503 0.999599 -0.006739 8.558700 0.051019 0.005329 0.998683 0.000000 0.000000 0.000000 0.000000 1.000000
0.998429 -0.030737 -0.046844 0.000000 0.030109 0.999448 -0.014052 8.558700 0.047250 0.012619 0.998803 0.000000 0.000000 0.000000 0.000000 1.000000
0.998625 -0.034210 -0.039712 0.000000 0.033529 0.999281 -0.017707 8.558700 0.040289 0.016351 0.999054 0.000000 0.000000 0.000000 0.000000 1.000000
0.998978 -0.037920 -0.024593 0.000000 0.037357 0.999038 -0.022965 8.558700 0.025440 0.022023 0.999434 0.000000 0.000000 0.000000 0.000000 1.000000
0.999304 -0.036872 -0.005622 0.000000 0.036702 0.998941 -0.027762 8.558700 0.006640 0.027536 0.999599 -0.000000 0.000000 0.000000 0.000000 1.000000
0.999556 -0.028296 0.009359 0.000000 0.028562 0.999152 -0.029667 8.558700 -0.008511 0.029921 0.999516 0.000000 0.000000 0.000000 0.000000 1.000000
0.999668 -0.016110 0.020097 -0.000000 0.016668 0.999470 -0.027953 8.558700 -0.019636 0.028278 0.999407 -0.000000 0.000000 0.000000 0.000000 1.000000</float_array>
        <technique_common>
          <accessor source="#mixamorig_Spine1-Matrix-animation-output-transform-array" count="26" stride="16">
            <param type="float4x4"/>
          </accessor>
        </technique_common>
      </source>
      <source id="mixamorig_Spine1-Interpolations">
        <Name_array id="mixamorig_Spine1-Interpolations-array" count="26">
 LINEAR LINEAR LINEAR LINEAR LINEAR LINEAR LINEAR LINEAR LINEAR LINEAR LINEAR
LINEAR LINEAR LINEAR LINEAR LINEAR LINEAR LINEAR LINEAR LINEAR LINEAR LINEAR LINEAR
LINEAR LINEAR LINEAR</Name_array>
        <technique_common>
          <accessor source="#mixamorig_Spine1-Interpolations-array" count="26">
            <param type="name"/>
          </accessor>
        </technique_common>
      </source>
      <sampler id="mixamorig_Spine1-Matrix-animation-transform">
        <input semantic="INPUT" source="#mixamorig_Spine1-Matrix-animation-input"/>
        <input semantic="OUTPUT" source="#mixamorig_Spine1-Matrix-animation-output-transform"/>
        <input semantic="INTERPOLATION" source="#mixamorig_Spine1-Interpolations"/>
      </sampler>
      <channel source="#mixamorig_Spine1-Matrix-animation-transform" target="mixamorig_Spine1/matrix"/>
    </animation>
    <animation id="mixamorig_Spine2-anim" name="mixamorig_Spine2">
      <source id="mixamorig_Spine2-Matrix-animation-input">
        <float_array id="mixamorig_Spine2-Matrix-animation-input-array" count="26">

0.000000 0.033333 0.066667 0.100000 0.133333 0.166667 0.200000 0.233333 0.266667 0.300000 0.333333 0.366667 0.400000 0.433333 0.466667 0.500000
0.533333 0.566667 0.600000 0.633333 0.666667 0.700000 0.733333 0.766667 0.800000 0.833333</float_array>
        <technique_common>
          <accessor source="#mixamorig_Spine2-Matrix-animation-input-array" count="26">
            <param name="TIME" type="float"/>
          </accessor>
        </technique_common>
      </source>
      <source id="mixamorig_Spine2-Matrix-animation-output-transform">
        <float_array id="mixamorig_Spine2-Matrix-animation-output-transform-array" count="416">

0.999674 -0.013906 0.021399 0.000000 0.016430 0.992310 -0.122681 29.149500 -0.019529 0.122993 0.992215 1.721100 0.000000 0.000000 0.000000 1.000000
0.999422 -0.000787 0.033981 0.000000 0.004721 0.993257 -0.115841 29.149500 -0.033660 0.115935 0.992686 1.721100 0.000000 0.000000 0.000000 1.000000
0.999087 0.006896 0.042162 -0.000000 -0.002341 0.994242 -0.107134 29.149500 -0.042658 0.106938 0.993350 1.721100 0.000000 0.000000 0.000000 1.000000
0.998867 0.014916 0.045188 0.000000 -0.010276 0.994810 -0.101229 29.149500 -0.046463 0.100650 0.993836 1.721100 0.000000 0.000000 0.000000 1.000000
0.998885 0.017622 0.043797 -0.000000 -0.012919 0.994343 -0.105425 29.149500 -0.045407 0.104742 0.993462 1.721100 0.000000 0.000000 0.000000 1.000000
0.999145 0.012492 0.039420 0.000000 -0.007669 0.992719 -0.120209 29.149500 -0.040635 0.119804 0.991966 1.721100 0.000000 0.000000 0.000000 1.000000
0.999435 0.010850 0.031813 0.000000 -0.006596 0.991373 -0.130903 29.149500 -0.032959 0.130619 0.990885 1.721100 0.000000 0.000000 0.000000 1.000000
0.999608 0.015739 0.023156 0.000000 -0.012639 0.991639 -0.128420 29.149500 -0.024983 0.128077 0.991450 1.721100 0.000000 0.000000 0.000000 1.000000
0.999563 0.023067 0.018502 0.000000 -0.020623 0.992208 -0.122875 29.149500 -0.021192 0.122440 0.992250 1.721100 0.000000 0.000000 0.000000 1.000000
0.999513 0.028837 0.011930 0.000000 -0.027148 0.991991 -0.123353 29.149500 -0.015392 0.122970 0.992291 1.721100 0.000000 0.000000 0.000000 1.000000
0.999598 0.028275 -0.002201 0.000000 -0.028330 0.991873 -0.124037 29.149500 -0.001324 0.124050 0.992275 1.721100 0.000000 0.000000 0.000000 1.000000
0.999626 0.020381 -0.018250 0.000000 -0.022444 0.992388 -0.121087 29.149500 0.015643 0.121451 0.992474 1.721100 0.000000 0.000000 0.000000 1.000000
0.999510 0.008184 -0.030199 0.000000 -0.011484 0.993781 -0.110761 29.149500 0.029105 0.111053 0.993388 1.721100 0.000000 0.000000 0.000000 1.000000
0.999224 -0.005538 -0.038992 0.000000 0.001730 0.995282 -0.097010 29.149500 0.039345 0.096867 0.994519 1.721100 0.000000 0.000000 0.000000 1.000000
0.998629 -0.018347 -0.049022 0.000000 0.014271 0.996511 -0.082238 29.149500 0.050360 0.081425 0.995406 1.721100 0.000000 0.000000 0.000000 1.000000
0.997984 -0.026668 -0.057595 0.000000 0.022359 0.996992 -0.074211 29.149500 0.059401 0.072774 0.995578 1.721100 0.000000 0.000000 0.000000 1.000000
0.997894 -0.028482 -0.058271 0.000000 0.023687 0.996402 -0.081378 29.149500 0.060379 0.079827 0.994978 1.721100 0.000000 0.000000 0.000000 1.000000
0.998156 -0.028670 -0.053500 -0.000000 0.023676 0.995501 -0.091743 29.149500 0.055890 0.090307 0.994344 1.721100 0.000000 0.000000 0.000000 1.000000
0.998258 -0.030511 -0.050499 0.000000 0.025533 0.995012 -0.096434 29.149500 0.053189 0.094976 0.994058 1.721100 0.000000 0.000000 0.000000 1.000000
0.998312 -0.032871 -0.047873 0.000000 0.027905 0.994501 -0.100945 29.149500 0.050927 0.099439 0.993740 1.721100 0.000000 0.000000 0.000000 1.000000
0.998421 -0.035238 -0.043756 0.000000 0.030330 0.993670 -0.108163 29.149500 0.047290 0.106665 0.993170 1.721100 0.000000 0.000000 0.000000 1.000000
0.998616 -0.038031 -0.036323 0.000000 0.033756 0.993154 -0.111825 29.149500 0.040328 0.110444 0.993064 1.721100 0.000000 0.000000 0.000000 1.000000
0.998970 -0.040241 -0.020951 -0.000000 0.037518 0.992400 -0.117193 29.149500 0.025508 0.116286 0.992888 1.721100 0.000000 0.000000 0.000000 1.000000
0.999304 -0.037243 -0.002272 -0.000000 0.036686 0.991824 -0.122225 29.149500 0.006805 0.122056 0.992500 1.721100 0.000000 0.000000 0.000000 1.000000
0.999561 -0.027171 0.011810 0.000000 0.028430 0.991834 -0.124328 29.149500 -0.008335 0.124610 0.992171 1.721100 0.000000 0.000000 0.000000 1.000000
0.999674 -0.013906 0.021399 -0.000000 0.016430 0.992310 -0.122681 29.149500 -0.019529 0.122993 0.992215 1.721100 0.000000 0.000000 0.000000 1.000000</float_array>
        <technique_common>
          <accessor source="#mixamorig_Spine2-Matrix-animation-output-transform-array" count="26" stride="16">
            <param type="float4x4"/>
          </accessor>
        </technique_common>
      </source>
      <source id="mixamorig_Spine2-Interpolations">
        <Name_array id="mixamorig_Spine2-Interpolations-array" count="26">
 LINEAR LINEAR LINEAR LINEAR LINEAR LINEAR LINEAR LINEAR LINEAR LINEAR LINEAR
LINEAR LINEAR LINEAR LINEAR LINEAR LINEAR LINEAR LINEAR LINEAR LINEAR LINEAR LINEAR
LINEAR LINEAR LINEAR</Name_array>
        <technique_common>
          <accessor source="#mixamorig_Spine2-Interpolations-array" count="26">
            <param type="name"/>
          </accessor>
        </technique_common>
      </source>
      <sampler id="mixamorig_Spine2-Matrix-animation-transform">
        <input semantic="INPUT" source="#mixamorig_Spine2-Matrix-animation-input"/>
        <input semantic="OUTPUT" source="#mixamorig_Spine2-Matrix-animation-output-transform"/>
        <input semantic="INTERPOLATION" source="#mixamorig_Spine2-Interpolations"/>
      </sampler>
      <channel source="#mixamorig_Spine2-Matrix-animation-transform" target="mixamorig_Spine2/matrix"/>
    </animation>
    <animation id="mixamorig_Neck-anim" name="mixamorig_Neck">
      <source id="mixamorig_Neck-Matrix-animation-input">
        <float_array id="mixamorig_Neck-Matrix-animation-input-array" count="26">

0.000000 0.033333 0.066667 0.100000 0.133333 0.166667 0.200000 0.233333 0.266667 0.300000 0.333333 0.366667 0.400000 0.433333 0.466667 0.500000
0.533333 0.566667 0.600000 0.633333 0.666667 0.700000 0.733333 0.766667 0.800000 0.833333</float_array>
        <technique_common>
          <accessor source="#mixamorig_Neck-Matrix-animation-input-array" count="26">
            <param name="TIME" type="float"/>
          </accessor>
        </technique_common>
      </source>
      <source id="mixamorig_Neck-Matrix-animation-output-transform">
        <float_array id="mixamorig_Neck-Matrix-animation-output-transform-array" count="416">

0.999978 0.001546 -0.006375 0.000000 -0.001466 0.999921 0.012520 13.857900 0.006394 -0.012510 0.999901 7.405300 0.000000 0.000000 0.000000 1.000000
0.999968 -0.004108 -0.006857 -0.000000 0.004182 0.999933 0.010752 13.857900 0.006812 -0.010781 0.999919 7.405300 0.000000 0.000000 0.000000 1.000000
0.999963 -0.006919 -0.005175 0.000000 0.006987 0.999887 0.013308 13.857900 0.005082 -0.013343 0.999898 7.405300 0.000000 0.000000 0.000000 1.000000
0.999862 -0.016065 -0.004262 0.000000 0.016132 0.999736 0.016344 13.857900 0.003999 -0.016411 0.999857 7.405300 0.000000 0.000000 0.000000 1.000000
0.999671 -0.025487 -0.003001 -0.000000 0.025539 0.999497 0.018816 13.857900 0.002520 -0.018887 0.999818 7.405300 0.000000 0.000000 0.000000 1.000000
0.999501 -0.031569 -0.001193 -0.000000 0.031586 0.999325 0.018740 13.857900 0.000601 -0.018768 0.999824 7.405300 0.000000 0.000000 0.000000 1.000000
0.999204 -0.039895 -0.000065 0.000000 0.039892 0.999084 0.015509 13.857900 -0.000553 -0.015499 0.999880 7.405300 0.000000 0.000000 0.000000 1.000000
0.998777 -0.049420 0.001601 -0.000000 0.049392 0.998672 0.014639 13.857900 -0.002323 -0.014542 0.999892 7.405300 0.000000 0.000000 0.000000 1.000000
0.998202 -0.059818 0.003915 0.000000 0.059756 0.998108 0.014468 13.857900 -0.004773 -0.014208 0.999888 7.405300 0.000000 0.000000 0.000000 1.000000
0.997731 -0.066861 0.007875 0.000000 0.066698 0.997584 0.019418 13.857900 -0.009154 -0.018849 0.999780 7.405300 0.000000 0.000000 0.000000 1.000000
0.997473 -0.069872 0.012863 0.000000 0.069521 0.997243 0.025956 13.857900 -0.014642 -0.024996 0.999580 7.405300 0.000000 0.000000 0.000000 1.000000
0.997489 -0.068459 0.018130 0.000000 0.067922 0.997277 0.028737 13.857900 -0.020048 -0.027433 0.999423 7.405300 0.000000 0.000000 0.000000 1.000000
0.997804 -0.061930 0.023500 0.000000 0.061344 0.997806 0.024916 13.857900 -0.024991 -0.023420 0.999413 7.405300 0.000000 0.000000 0.000000 1.000000
0.998174 -0.053326 0.028361 -0.000000 0.052829 0.998441 0.017995 13.857900 -0.029277 -0.016464 0.999436 7.405300 0.000000 0.000000 0.000000 1.000000
0.998491 -0.043931 0.032960 -0.000000 0.043510 0.998964 0.013368 13.857900 -0.033513 -0.011914 0.999367 7.405300 0.000000 0.000000 0.000000 1.000000
0.998737 -0.034789 0.036252 0.000000 0.034341 0.999327 0.012897 13.857900 -0.036676 -0.011635 0.999259 7.405300 0.000000 0.000000 0.000000 1.000000
0.998980 -0.024395 0.037996 0.000000 0.023849 0.999606 0.014782 13.857900 -0.038341 -0.013861 0.999169 7.405300 0.000000 0.000000 0.000000 1.000000
0.999165 -0.011830 0.039103 0.000000 0.011387 0.999869 0.011536 13.857900 -0.039234 -0.011081 0.999169 7.405300 0.000000 0.000000 0.000000 1.000000
0.999214 -0.002312 0.039578 0.000000 0.002160 0.999990 0.003902 13.857900 -0.039587 -0.003814 0.999209 7.405300 0.000000 0.000000 0.000000 1.000000
0.999240 0.005402 0.038614 0.000000 -0.005412 0.999985 0.000162 13.857900 -0.038612 -0.000371 0.999254 7.405300 0.000000 0.000000 0.000000 1.000000
0.999312 0.012288 0.034993 0.000000 -0.012291 0.999924 -0.000122 13.857900 -0.034992 -0.000308 0.999388 7.405300 0.000000 0.000000 0.000000 1.000000
0.999470 0.017158 0.027681 0.000000 -0.017236 0.999848 0.002589 13.857900 -0.027632 -0.003065 0.999613 7.405300 0.000000 0.000000 0.000000 1.000000
0.999671 0.017862 0.018405 0.000000 -0.018009 0.999807 0.007868 13.857900 -0.018261 -0.008197 0.999800 7.405300 0.000000 0.000000 0.000000 1.000000
0.999856 0.013991 0.009655 0.000000 -0.014107 0.999827 0.012099 13.857900 -0.009484 -0.012234 0.999880 7.405300 0.000000 0.000000 0.000000 1.000000
0.999981 0.006147 0.000985 0.000000 -0.006160 0.999889 0.013573 13.857900 -0.000901 -0.013578 0.999907 7.405300 0.000000 0.000000 0.000000 1.000000
0.999978 0.001546 -0.006375 0.000000 -0.001466 0.999921 0.012520 13.857900 0.006394 -0.012510 0.999901 7.405300 0.000000 0.000000 0.000000 1.000000</float_array>
        <technique_common>
          <accessor source="#mixamorig_Neck-Matrix-animation-output-transform-array" count="26" stride="16">
            <param type="float4x4"/>
          </accessor>
        </technique_common>
      </source>
      <source id="mixamorig_Neck-Interpolations">
        <Name_array id="mixamorig_Neck-Interpolations-array" count="26">
 LINEAR LINEAR LINEAR LINEAR LINEAR LINEAR LINEAR LINEAR LINEAR LINEAR LINEAR
LINEAR LINEAR LINEAR LINEAR LINEAR LINEAR LINEAR LINEAR LINEAR LINEAR LINEAR LINEAR
LINEAR LINEAR LINEAR</Name_array>
        <technique_common>
          <accessor source="#mixamorig_Neck-Interpolations-array" count="26">
            <param type="name"/>
          </accessor>
        </technique_common>
      </source>
      <sampler id="mixamorig_Neck-Matrix-animation-transform">
        <input semantic="INPUT" source="#mixamorig_Neck-Matrix-animation-input"/>
        <input semantic="OUTPUT" source="#mixamorig_Neck-Matrix-animation-output-transform"/>
        <input semantic="INTERPOLATION" source="#mixamorig_Neck-Interpolations"/>
      </sampler>
      <channel source="#mixamorig_Neck-Matrix-animation-transform" target="mixamorig_Neck/matrix"/>
    </animation>
    <animation id="mixamorig_Head-anim" name="mixamorig_Head">
      <source id="mixamorig_Head-Matrix-animation-input">
        <float_array id="mixamorig_Head-Matrix-animation-input-array" count="26">

0.000000 0.033333 0.066667 0.100000 0.133333 0.166667 0.200000 0.233333 0.266667 0.300000 0.333333 0.366667 0.400000 0.433333 0.466667 0.500000
0.533333 0.566667 0.600000 0.633333 0.666667 0.700000 0.733333 0.766667 0.800000 0.833333</float_array>
        <technique_common>
          <accessor source="#mixamorig_Head-Matrix-animation-input-array" count="26">
            <param name="TIME" type="float"/>
          </accessor>
        </technique_common>
      </source>
      <source id="mixamorig_Head-Matrix-animation-output-transform">
        <float_array id="mixamorig_Head-Matrix-animation-output-transform-array" count="416">

0.994144 0.085348 -0.066287 0.000000 -0.064030 0.959338 0.274902 8.198500 0.087054 -0.269047 0.959185 5.703100 0.000000 0.000000 0.000000 1.000000
0.993506 0.074536 -0.085964 0.000000 -0.049129 0.962510 0.266759 8.198500 0.102625 -0.260803 0.959922 5.703100 0.000000 0.000000 0.000000 1.000000
0.993123 0.062893 -0.098750 0.000000 -0.035052 0.964497 0.261759 8.198500 0.111707 -0.256498 0.960068 5.703100 0.000000 0.000000 0.000000 1.000000
0.992742 0.050461 -0.109169 0.000000 -0.019836 0.963988 0.265207 8.198500 0.118620 -0.261116 0.957991 5.703100 0.000000 0.000000 0.000000 1.000000
0.992455 0.037850 -0.116621 0.000000 -0.003846 0.960300 0.278943 8.198500 0.122549 -0.276390 0.953200 5.703100 0.000000 0.000000 0.000000 1.000000
0.992332 0.026463 -0.120737 0.000000 0.009451 0.957708 0.287587 8.198500 0.123242 -0.286523 0.950114 5.703100 0.000000 0.000000 0.000000 1.000000
0.992353 0.014402 -0.122591 0.000000 0.022195 0.956161 0.291998 8.198500 0.121423 -0.292486 0.948530 5.703100 0.000000 0.000000 0.000000 1.000000
0.992451 0.002085 -0.122627 -0.000000 0.034688 0.954260 0.296960 8.198500 0.117637 -0.298972 0.946983 5.703100 0.000000 0.000000 0.000000 1.000000
0.993124 -0.009133 -0.116714 -0.000000 0.044147 0.952566 0.301112 8.198500 0.108427 -0.304194 0.946419 5.703100 0.000000 0.000000 0.000000 1.000000
0.994539 -0.018172 -0.102774 -0.000000 0.049774 0.948109 0.314026 8.198500 0.091734 -0.317426 0.943836 5.703100 0.000000 0.000000 0.000000 1.000000
0.996157 -0.024870 -0.083985 -0.000000 0.051475 0.942016 0.331598 8.198500 0.070869 -0.334646 0.939675 5.703100 0.000000 0.000000 0.000000 1.000000
0.997665 -0.028455 -0.062092 0.000000 0.047688 0.941018 0.334980 8.198500 0.048898 -0.337159 0.940177 5.703100 0.000000 0.000000 0.000000 1.000000
0.998875 -0.027119 -0.038900 0.000000 0.038079 0.947598 0.317187 8.198500 0.028259 -0.318311 0.947565 5.703100 0.000000 0.000000 0.000000 1.000000
0.999648 -0.020938 -0.016289 0.000000 0.024688 0.958949 0.282503 8.198500 0.009705 -0.282806 0.959128 5.703100 0.000000 0.000000 0.000000 1.000000
0.999924 -0.011263 0.004954 0.000000 0.009708 0.969536 0.244757 8.198500 -0.007560 -0.244690 0.969572 5.703100 0.000000 0.000000 0.000000 1.000000
0.999731 0.000385 0.023200 0.000000 -0.005657 0.973733 0.227624 8.198500 -0.022503 -0.227694 0.973473 5.703100 0.000000 0.000000 0.000000 1.000000
0.999168 0.014459 0.038133 0.000000 -0.022624 0.974483 0.223316 8.198500 -0.033931 -0.223993 0.974000 5.703100 0.000000 0.000000 0.000000 1.000000
0.998275 0.031399 0.049607 0.000000 -0.041401 0.975596 0.215634 8.198500 -0.041626 -0.217316 0.975213 5.703100 0.000000 0.000000 0.000000 1.000000
0.997196 0.049429 0.056186 0.000000 -0.060020 0.976709 0.206005 8.198500 -0.044695 -0.208799 0.976937 5.703100 0.000000 0.000000 0.000000 1.000000
0.996129 0.067293 0.056558 0.000000 -0.077467 0.976107 0.203010 8.198500 -0.041546 -0.206605 0.977542 5.703100 0.000000 0.000000 0.000000 1.000000
0.995305 0.084126 0.047867 0.000000 -0.092545 0.971993 0.216022 8.198500 -0.028353 -0.219438 0.975214 5.703100 0.000000 0.000000 0.000000 1.000000
0.994496 0.100393 0.029967 -0.000000 -0.104692 0.963311 0.247128 8.198500 -0.004057 -0.248905 0.968519 5.703100 0.000000 0.000000 0.000000 1.000000
0.993574 0.112978 0.006836 0.000000 -0.110442 0.954511 0.276970 8.198500 0.024766 -0.275945 0.960854 5.703100 0.000000 0.000000 0.000000 1.000000
0.992942 0.117105 -0.018801 0.000000 -0.106768 0.951572 0.288291 8.198500 0.051651 -0.284249 0.957358 5.703100 0.000000 0.000000 0.000000 1.000000
0.993265 0.106861 -0.044791 0.000000 -0.089911 0.954665 0.283779 8.198500 0.073085 -0.277840 0.957843 5.703100 0.000000 0.000000 0.000000 1.000000
0.994146 0.085343 -0.066262 0.000000 -0.064032 0.959338 0.274902 8.198500 0.087029 -0.269049 0.959186 5.703100 0.000000 0.000000 0.000000 1.000000</float_array>
        <technique_common>
          <accessor source="#mixamorig_Head-Matrix-animation-output-transform-array" count="26" stride="16">
            <param type="float4x4"/>
          </accessor>
        </technique_common>
      </source>
      <source id="mixamorig_Head-Interpolations">
        <Name_array id="mixamorig_Head-Interpolations-array" count="26">
 LINEAR LINEAR LINEAR LINEAR LINEAR LINEAR LINEAR LINEAR LINEAR LINEAR LINEAR
LINEAR LINEAR LINEAR LINEAR LINEAR LINEAR LINEAR LINEAR LINEAR LINEAR LINEAR LINEAR
LINEAR LINEAR LINEAR</Name_array>
        <technique_common>
          <accessor source="#mixamorig_Head-Interpolations-array" count="26">
            <param type="name"/>
          </accessor>
        </technique_common>
      </source>
      <sampler id="mixamorig_Head-Matrix-animation-transform">
        <input semantic="INPUT" source="#mixamorig_Head-Matrix-animation-input"/>
        <input semantic="OUTPUT" source="#mixamorig_Head-Matrix-animation-output-transform"/>
        <input semantic="INTERPOLATION" source="#mixamorig_Head-Interpolations"/>
      </sampler>
      <channel source="#mixamorig_Head-Matrix-animation-transform" target="mixamorig_Head/matrix"/>
    </animation>
    <animation id="mixamorig_LeftShoulder-anim" name="mixamorig_LeftShoulder">
      <source id="mixamorig_LeftShoulder-Matrix-animation-input">
        <float_array id="mixamorig_LeftShoulder-Matrix-animation-input-array" count="26">

0.000000 0.033333 0.066667 0.100000 0.133333 0.166667 0.200000 0.233333 0.266667 0.300000 0.333333 0.366667 0.400000 0.433333 0.466667 0.500000
0.533333 0.566667 0.600000 0.633333 0.666667 0.700000 0.733333 0.766667 0.800000 0.833333</float_array>
        <technique_common>
          <accessor source="#mixamorig_LeftShoulder-Matrix-animation-input-array" count="26">
            <param name="TIME" type="float"/>
          </accessor>
        </technique_common>
      </source>
      <source id="mixamorig_LeftShoulder-Matrix-animation-output-transform">
        <float_array id="mixamorig_LeftShoulder-Matrix-animation-output-transform-array" count="416">

0.025709 0.849919 -0.526286 12.584900 -0.020504 -0.525901 -0.850299 11.395200 -0.999459 0.032652 0.003906 -1.453100 0.000000 0.000000 0.000000 1.000000
-0.029332 0.851193 -0.524032 12.584900 -0.017932 -0.524621 -0.851147 11.395200 -0.999409 -0.015569 0.030652 -1.453100 0.000000 0.000000 0.000000 1.000000
-0.098166 0.839655 -0.534175 12.584900 -0.013271 -0.537825 -0.842952 11.395200 -0.995082 -0.075660 0.063939 -1.453100 0.000000 0.000000 0.000000 1.000000
-0.163559 0.833484 -0.527782 12.584900 -0.009885 -0.536344 -0.843942 11.395200 -0.986484 -0.132817 0.095963 -1.453100 0.000000 0.000000 0.000000 1.000000
-0.209763 0.827010 -0.521587 12.584900 -0.007828 -0.534859 -0.844905 11.395200 -0.977721 -0.173147 0.118667 -1.453100 0.000000 0.000000 0.000000 1.000000
-0.212403 0.821567 -0.529068 12.584900 -0.005847 -0.542481 -0.840048 11.395200 -0.977165 -0.175335 0.120028 -1.453100 0.000000 0.000000 0.000000 1.000000
-0.187756 0.826855 -0.530149 12.584900 -0.008475 -0.541092 -0.840921 11.395200 -0.982179 -0.153394 0.108601 -1.453100 0.000000 0.000000 0.000000 1.000000
-0.147171 0.838021 -0.525416 12.584900 -0.014354 -0.532953 -0.846023 11.395200 -0.989007 -0.116968 0.090464 -1.453100 0.000000 0.000000 0.000000 1.000000
-0.094026 0.848130 -0.521377 12.584900 -0.020926 -0.525265 -0.850681 11.395200 -0.995350 -0.069076 0.067137 -1.453100 0.000000 0.000000 0.000000 1.000000
-0.033588 0.846851 -0.530769 12.584900 -0.026754 -0.531640 -0.846548 11.395200 -0.999078 -0.014233 0.040513 -1.453100 0.000000 0.000000 0.000000 1.000000
0.047025 0.843599 -0.534910 12.584900 -0.034961 -0.533784 -0.844898 11.395200 -0.998282 0.058432 0.004392 -1.453100 0.000000 0.000000 0.000000 1.000000
0.123942 0.844904 -0.520361 12.584900 -0.042447 -0.519410 -0.853470 11.395200 -0.991381 0.127869 -0.028514 -1.453100 0.000000 0.000000 0.000000 1.000000
0.188563 0.848211 -0.494957 12.584900 -0.046322 -0.495755 -0.867226 11.395200 -0.980968 0.186454 -0.054190 -1.453100 0.000000 0.000000 0.000000 1.000000
0.248911 0.852556 -0.459556 12.584900 -0.044532 -0.463914 -0.884760 11.395200 -0.967502 0.240692 -0.077507 -1.453100 0.000000 0.000000 0.000000 1.000000
0.285923 0.859870 -0.422932 12.584900 -0.037266 -0.431045 -0.901560 11.395200 -0.957528 0.273537 -0.091202 -1.453100 0.000000 0.000000 0.000000 1.000000
0.297301 0.869997 -0.393342 12.584900 -0.028480 -0.403706 -0.914445 11.395200 -0.954359 0.283068 -0.095245 -1.453100 0.000000 0.000000 0.000000 1.000000
0.291415 0.876998 -0.382037 12.584900 -0.024172 -0.392492 -0.919438 11.395200 -0.956291 0.277172 -0.093179 -1.453100 0.000000 0.000000 0.000000 1.000000
0.267027 0.879106 -0.394803 12.584900 -0.026409 -0.402850 -0.914885 11.395200 -0.963327 0.254725 -0.084356 -1.453100 0.000000 0.000000 0.000000 1.000000
0.230869 0.881796 -0.411260 12.584900 -0.028859 -0.416287 -0.908775 11.395200 -0.972557 0.221676 -0.070660 -1.453100 0.000000 0.000000 0.000000 1.000000
0.184552 0.881122 -0.435391 12.584900 -0.031175 -0.437529 -0.898664 11.395200 -0.982328 0.179423 -0.053278 -1.453100 0.000000 0.000000 0.000000 1.000000
0.145748 0.868570 -0.473649 12.584900 -0.033155 -0.474204 -0.879790 11.395200 -0.988766 0.143931 -0.040317 -1.453100 0.000000 0.000000 0.000000 1.000000
0.119365 0.850842 -0.511684 12.584900 -0.032439 -0.511751 -0.858521 11.395200 -0.992320 0.119076 -0.033485 -1.453100 0.000000 0.000000 0.000000 1.000000
0.090678 0.839762 -0.535330 12.584900 -0.028846 -0.535104 -0.844294 11.395200 -0.995462 0.092001 -0.024298 -1.453100 0.000000 0.000000 0.000000 1.000000
0.063231 0.833711 -0.548568 12.584900 -0.025745 -0.548123 -0.836002 11.395200 -0.997667 0.066984 -0.013194 -1.453100 0.000000 0.000000 0.000000 1.000000
0.043015 0.837755 -0.544350 12.584900 -0.023229 -0.543868 -0.838849 11.395200 -0.998804 0.048728 -0.003935 -1.453100 0.000000 0.000000 0.000000 1.000000
0.025710 0.849918 -0.526288 12.584900 -0.020504 -0.525903 -0.850297 11.395200 -0.999459 0.032652 0.003906 -1.453100 0.000000 0.000000 0.000000 1.000000</float_array>
        <technique_common>
          <accessor source="#mixamorig_LeftShoulder-Matrix-animation-output-transform-array" count="26" stride="16">
            <param type="float4x4"/>
          </accessor>
        </technique_common>
      </source>
      <source id="mixamorig_LeftShoulder-Interpolations">
        <Name_array id="mixamorig_LeftShoulder-Interpolations-array" count="26">
 LINEAR LINEAR LINEAR LINEAR LINEAR LINEAR LINEAR LINEAR LINEAR LINEAR LINEAR
LINEAR LINEAR LINEAR LINEAR LINEAR LINEAR LINEAR LINEAR LINEAR LINEAR LINEAR LINEAR
LINEAR LINEAR LINEAR</Name_array>
        <technique_common>
          <accessor source="#mixamorig_LeftShoulder-Interpolations-array" count="26">
            <param type="name"/>
          </accessor>
        </technique_common>
      </source>
      <sampler id="mixamorig_LeftShoulder-Matrix-animation-transform">
        <input semantic="INPUT" source="#mixamorig_LeftShoulder-Matrix-animation-input"/>
        <input semantic="OUTPUT" source="#mixamorig_LeftShoulder-Matrix-animation-output-transform"/>
        <input semantic="INTERPOLATION" source="#mixamorig_LeftShoulder-Interpolations"/>
      </sampler>
      <channel source="#mixamorig_LeftShoulder-Matrix-animation-transform" target="mixamorig_LeftShoulder/matrix"/>
    </animation>
    <animation id="mixamorig_LeftArm-anim" name="mixamorig_LeftArm">
      <source id="mixamorig_LeftArm-Matrix-animation-input">
        <float_array id="mixamorig_LeftArm-Matrix-animation-input-array" count="26">

0.000000 0.033333 0.066667 0.100000 0.133333 0.166667 0.200000 0.233333 0.266667 0.300000 0.333333 0.366667 0.400000 0.433333 0.466667 0.500000
0.533333 0.566667 0.600000 0.633333 0.666667 0.700000 0.733333 0.766667 0.800000 0.833333</float_array>
        <technique_common>
          <accessor source="#mixamorig_LeftArm-Matrix-animation-input-array" count="26">
            <param name="TIME" type="float"/>
          </accessor>
        </technique_common>
      </source>
      <source id="mixamorig_LeftArm-Matrix-animation-output-transform">
        <float_array id="mixamorig_LeftArm-Matrix-animation-output-transform-array" count="416">

0.918437 0.120875 0.376648 0.000000 0.138204 0.794110 -0.591852 15.319300 -0.370640 0.595633 0.712634 0.000000 0.000000 0.000000 0.000000 1.000000
0.899321 0.177330 0.399720 0.000000 0.098709 0.808172 -0.580616 15.319300 -0.426003 0.561616 0.709301 0.000000 0.000000 0.000000 0.000000 1.000000
0.893291 0.211048 0.396851 0.000000 0.061667 0.817018 -0.573305 15.319300 -0.445229 0.536601 0.716820 0.000000 0.000000 0.000000 0.000000 1.000000
0.893826 0.236246 0.381134 0.000000 0.027635 0.819323 -0.572666 15.319300 -0.447561 0.522396 0.725804 0.000000 0.000000 0.000000 0.000000 1.000000
0.896863 0.234485 0.375038 0.000000 0.018244 0.827578 -0.561054 15.319300 -0.441932 0.510030 0.737946 -0.000000 0.000000 0.000000 0.000000 1.000000
0.899765 0.225951 0.373323 0.000000 0.013053 0.841190 -0.540582 15.319300 -0.436180 0.491269 0.753924 0.000000 0.000000 0.000000 0.000000 1.000000
0.904521 0.188719 0.382395 0.000000 0.033839 0.862147 -0.505528 15.319300 -0.425083 0.470201 0.773444 0.000000 0.000000 0.000000 0.000000 1.000000
0.906637 0.125458 0.402826 -0.000000 0.078809 0.887605 -0.453814 15.319300 -0.414485 0.443191 0.794848 0.000000 0.000000 0.000000 0.000000 1.000000
0.909063 0.058759 0.412495 -0.000000 0.123640 0.907372 -0.401733 15.319300 -0.397892 0.416202 0.817593 0.000000 0.000000 0.000000 0.000000 1.000000
0.926545 -0.027810 0.375156 0.000000 0.171261 0.919107 -0.354840 15.319300 -0.334940 0.393025 0.856357 0.000000 0.000000 0.000000 0.000000 1.000000
0.943179 -0.104466 0.315435 0.000000 0.216454 0.913413 -0.344710 15.319300 -0.252112 0.393401 0.884124 0.000000 0.000000 0.000000 0.000000 1.000000
0.936409 -0.176409 0.303345 0.000000 0.286195 0.884146 -0.369295 15.319300 -0.203054 0.432627 0.878409 0.000000 0.000000 0.000000 0.000000 1.000000
0.922520 -0.227606 0.311693 0.000000 0.349695 0.834664 -0.425499 15.319300 -0.163313 0.501529 0.849587 -0.000000 0.000000 0.000000 0.000000 1.000000
0.925994 -0.224387 0.303621 0.000000 0.354985 0.791276 -0.497864 15.319300 -0.128534 0.568800 0.812370 0.000000 0.000000 0.000000 0.000000 1.000000
0.939850 -0.196463 0.279434 0.000000 0.324830 0.767107 -0.553202 15.319300 -0.105672 0.610696 0.784783 0.000000 0.000000 0.000000 0.000000 1.000000
0.943692 -0.185633 0.273835 -0.000000 0.314636 0.759378 -0.569517 15.319300 -0.102223 0.623607 0.775025 0.000000 0.000000 0.000000 0.000000 1.000000
0.930540 -0.208998 0.300691 0.000000 0.348111 0.759695 -0.549257 15.319300 -0.113640 0.615779 0.779681 0.000000 0.000000 0.000000 0.000000 1.000000
0.914338 -0.242550 0.324277 -0.000000 0.387977 0.754116 -0.529889 15.319300 -0.116018 0.610310 0.783621 0.000000 0.000000 0.000000 0.000000 1.000000
0.909039 -0.255115 0.329489 0.000000 0.402905 0.739925 -0.538682 15.319300 -0.106371 0.622436 0.775408 0.000000 0.000000 0.000000 0.000000 1.000000
0.906083 -0.251753 0.340049 0.000000 0.408841 0.727855 -0.550523 15.319300 -0.108910 0.637846 0.762425 0.000000 0.000000 0.000000 0.000000 1.000000
0.899074 -0.239321 0.366594 0.000000 0.415683 0.729416 -0.543286 15.319300 -0.137380 0.640842 0.755280 0.000000 0.000000 0.000000 0.000000 1.000000
0.892499 -0.222674 0.392254 0.000000 0.419074 0.730973 -0.538567 15.319300 -0.166802 0.645054 0.745710 0.000000 0.000000 0.000000 0.000000 1.000000
0.907120 -0.205127 0.367501 0.000000 0.395070 0.716047 -0.575496 15.319300 -0.145098 0.667232 0.730580 0.000000 0.000000 0.000000 0.000000 1.000000
0.938195 -0.143580 0.314922 -0.000000 0.316417 0.724531 -0.612319 15.319300 -0.140254 0.674121 0.725182 0.000000 0.000000 0.000000 0.000000 1.000000
0.950703 -0.022157 0.309310 0.000000 0.216168 0.762508 -0.609798 15.319300 -0.222340 0.646600 0.729708 -0.000000 0.000000 0.000000 0.000000 1.000000
0.918437 0.120875 0.376647 0.000000 0.138204 0.794110 -0.591852 15.319300 -0.370640 0.595633 0.712634 0.000000 0.000000 0.000000 0.000000 1.000000</float_array>
        <technique_common>
          <accessor source="#mixamorig_LeftArm-Matrix-animation-output-transform-array" count="26" stride="16">
            <param type="float4x4"/>
          </accessor>
        </technique_common>
      </source>
      <source id="mixamorig_LeftArm-Interpolations">
        <Name_array id="mixamorig_LeftArm-Interpolations-array" count="26">
 LINEAR LINEAR LINEAR LINEAR LINEAR LINEAR LINEAR LINEAR LINEAR LINEAR LINEAR
LINEAR LINEAR LINEAR LINEAR LINEAR LINEAR LINEAR LINEAR LINEAR LINEAR LINEAR LINEAR
LINEAR LINEAR LINEAR</Name_array>
        <technique_common>
          <accessor source="#mixamorig_LeftArm-Interpolations-array" count="26">
            <param type="name"/>
          </accessor>
        </technique_common>
      </source>
      <sampler id="mixamorig_LeftArm-Matrix-animation-transform">
        <input semantic="INPUT" source="#mixamorig_LeftArm-Matrix-animation-input"/>
        <input semantic="OUTPUT" source="#mixamorig_LeftArm-Matrix-animation-output-transform"/>
        <input semantic="INTERPOLATION" source="#mixamorig_LeftArm-Interpolations"/>
      </sampler>
      <channel source="#mixamorig_LeftArm-Matrix-animation-transform" target="mixamorig_LeftArm/matrix"/>
    </animation>
    <animation id="mixamorig_LeftForeArm-anim" name="mixamorig_LeftForeArm">
      <source id="mixamorig_LeftForeArm-Matrix-animation-input">
        <float_array id="mixamorig_LeftForeArm-Matrix-animation-input-array" count="26">

0.000000 0.033333 0.066667 0.100000 0.133333 0.166667 0.200000 0.233333 0.266667 0.300000 0.333333 0.366667 0.400000 0.433333 0.466667 0.500000
0.533333 0.566667 0.600000 0.633333 0.666667 0.700000 0.733333 0.766667 0.800000 0.833333</float_array>
        <technique_common>
          <accessor source="#mixamorig_LeftForeArm-Matrix-animation-input-array" count="26">
            <param name="TIME" type="float"/>
          </accessor>
        </technique_common>
      </source>
      <source id="mixamorig_LeftForeArm-Matrix-animation-output-transform">
        <float_array id="mixamorig_LeftForeArm-Matrix-animation-output-transform-array" count="416">

0.763671 -0.645605 -0.000000 0.000000 0.645605 0.763671 0.000000 34.109299 0.000000 -0.000000 1.000000 0.000000 0.000000 0.000000 0.000000 1.000000
0.721614 -0.692296 0.000000 -0.000000 0.692296 0.721614 0.000000 34.109299 -0.000000 0.000000 1.000000 0.000000 0.000000 0.000000 0.000000 1.000000
0.673330 -0.739342 0.000000 0.000000 0.739342 0.673330 -0.000000 34.109299 0.000000 0.000000 1.000000 0.000000 0.000000 0.000000 0.000000 1.000000
0.621216 -0.783640 -0.000000 0.000000 0.783640 0.621216 -0.000000 34.109299 0.000000 0.000000 1.000000 -0.000000 0.000000 0.000000 0.000000 1.000000
0.568496 -0.822686 0.000000 0.000000 0.822686 0.568496 -0.000000 34.109299 0.000000 0.000000 1.000000 0.000000 0.000000 0.000000 0.000000 1.000000
0.519201 -0.854652 0.000000 -0.000000 0.854652 0.519201 0.000000 34.109299 -0.000000 0.000000 1.000000 0.000000 0.000000 0.000000 0.000000 1.000000
0.476361 -0.879250 0.000000 0.000000 0.879250 0.476361 0.000000 34.109299 -0.000000 -0.000000 1.000000 0.000000 0.000000 0.000000 0.000000 1.000000
0.451942 -0.892047 0.000000 -0.000000 0.892047 0.451942 0.000000 34.109299 -0.000000 0.000000 1.000000 -0.000000 0.000000 0.000000 0.000000 1.000000
0.457075 -0.889428 -0.000000 0.000000 0.889428 0.457075 0.000000 34.109299 -0.000000 -0.000000 1.000000 -0.000000 0.000000 0.000000 0.000000 1.000000
0.482697 -0.875787 -0.000000 0.000000 0.875787 0.482697 -0.000000 34.109299 0.000000 -0.000000 1.000000 -0.000000 0.000000 0.000000 0.000000 1.000000
0.486746 -0.873544 0.000000 0.000000 0.873544 0.486746 0.000000 34.109299 -0.000000 0.000000 1.000000 0.000000 0.000000 0.000000 0.000000 1.000000
0.457501 -0.889209 0.000000 -0.000000 0.889209 0.457501 0.000000 34.109299 -0.000000 0.000000 1.000000 0.000000 0.000000 0.000000 0.000000 1.000000
0.405903 -0.913916 -0.000000 -0.000000 0.913916 0.405903 -0.000000 34.109299 0.000000 0.000000 1.000000 0.000000 0.000000 0.000000 0.000000 1.000000
0.332265 -0.943186 -0.000000 0.000000 0.943186 0.332265 -0.000000 34.109299 0.000000 0.000000 1.000000 0.000000 0.000000 0.000000 0.000000 1.000000
0.239975 -0.970779 0.000000 0.000000 0.970779 0.239975 -0.000000 34.109299 0.000000 0.000000 1.000000 0.000000 0.000000 0.000000 0.000000 1.000000
0.142106 -0.989851 0.000000 0.000000 0.989851 0.142106 0.000000 34.109299 -0.000000 0.000000 1.000000 0.000000 0.000000 0.000000 0.000000 1.000000
0.059378 -0.998236 -0.000000 0.000000 0.998236 0.059378 -0.000000 34.109299 0.000000 -0.000000 1.000000 -0.000000 0.000000 0.000000 0.000000 1.000000
0.027094 -0.999633 0.000000 -0.000000 0.999633 0.027094 -0.000000 34.109299 0.000000 0.000000 1.000000 0.000000 0.000000 0.000000 0.000000 1.000000
0.046552 -0.998916 -0.000000 0.000000 0.998916 0.046552 -0.000000 34.109299 0.000000 -0.000000 1.000000 -0.000000 0.000000 0.000000 0.000000 1.000000
0.105699 -0.994398 0.000000 -0.000000 0.994398 0.105699 0.000000 34.109299 -0.000000 0.000000 1.000000 0.000000 0.000000 0.000000 0.000000 1.000000
0.220604 -0.975363 0.000000 0.000000 0.975363 0.220604 -0.000000 34.109299 0.000000 0.000000 1.000000 0.000000 0.000000 0.000000 0.000000 1.000000
0.396237 -0.918148 0.000000 0.000000 0.918148 0.396237 -0.000000 34.109299 0.000000 0.000000 1.000000 0.000000 0.000000 0.000000 0.000000 1.000000
0.585192 -0.810894 -0.000000 -0.000000 0.810894 0.585192 -0.000000 34.109299 0.000000 -0.000000 1.000000 -0.000000 0.000000 0.000000 0.000000 1.000000
0.713795 -0.700355 -0.000000 0.000000 0.700355 0.713795 0.000000 34.109299 0.000000 -0.000000 1.000000 0.000000 0.000000 0.000000 0.000000 1.000000
0.773290 -0.634052 0.000000 -0.000000 0.634052 0.773290 -0.000000 34.109299 0.000000 0.000000 1.000000 0.000000 0.000000 0.000000 0.000000 1.000000
0.763671 -0.645605 -0.000000 0.000000 0.645605 0.763671 -0.000000 34.109299 0.000000 -0.000000 1.000000 -0.000000 0.000000 0.000000 0.000000 1.000000</float_array>
        <technique_common>
          <accessor source="#mixamorig_LeftForeArm-Matrix-animation-output-transform-array" count="26" stride="16">
            <param type="float4x4"/>
          </accessor>
        </technique_common>
      </source>
      <source id="mixamorig_LeftForeArm-Interpolations">
        <Name_array id="mixamorig_LeftForeArm-Interpolations-array" count="26">
 LINEAR LINEAR LINEAR LINEAR LINEAR LINEAR LINEAR LINEAR LINEAR LINEAR LINEAR
LINEAR LINEAR LINEAR LINEAR LINEAR LINEAR LINEAR LINEAR LINEAR LINEAR LINEAR LINEAR
LINEAR LINEAR LINEAR</Name_array>
        <technique_common>
          <accessor source="#mixamorig_LeftForeArm-Interpolations-array" count="26">
            <param type="name"/>
          </accessor>
        </technique_common>
      </source>
      <sampler id="mixamorig_LeftForeArm-Matrix-animation-transform">
        <input semantic="INPUT" source="#mixamorig_LeftForeArm-Matrix-animation-input"/>
        <input semantic="OUTPUT" source="#mixamorig_LeftForeArm-Matrix-animation-output-transform"/>
        <input semantic="INTERPOLATION" source="#mixamorig_LeftForeArm-Interpolations"/>
      </sampler>
      <channel source="#mixamorig_LeftForeArm-Matrix-animation-transform" target="mixamorig_LeftForeArm/matrix"/>
    </animation>
    <animation id="mixamorig_LeftHand-anim" name="mixamorig_LeftHand">
      <source id="mixamorig_LeftHand-Matrix-animation-input">
        <float_array id="mixamorig_LeftHand-Matrix-animation-input-array" count="26">

0.000000 0.033333 0.066667 0.100000 0.133333 0.166667 0.200000 0.233333 0.266667 0.300000 0.333333 0.366667 0.400000 0.433333 0.466667 0.500000
0.533333 0.566667 0.600000 0.633333 0.666667 0.700000 0.733333 0.766667 0.800000 0.833333</float_array>
        <technique_common>
          <accessor source="#mixamorig_LeftHand-Matrix-animation-input-array" count="26">
            <param name="TIME" type="float"/>
          </accessor>
        </technique_common>
      </source>
      <source id="mixamorig_LeftHand-Matrix-animation-output-transform">
        <float_array id="mixamorig_LeftHand-Matrix-animation-output-transform-array" count="416">

0.964882 -0.255706 -0.060143 0.000000 0.241506 0.953594 -0.179817 41.076000 0.103332 0.158977 0.981860 0.000000 0.000000 0.000000 0.000000 1.000000
0.969601 -0.241710 -0.038084 0.000000 0.227718 0.948303 -0.221056 41.076000 0.089546 0.205663 0.974517 0.000000 0.000000 0.000000 0.000000 1.000000
0.975804 -0.218411 0.010119 0.000000 0.213777 0.943341 -0.253785 41.076000 0.045884 0.249808 0.967208 -0.000000 0.000000 0.000000 0.000000 1.000000
0.984243 -0.168285 0.054277 0.000000 0.176791 0.942336 -0.284163 41.076000 -0.003327 0.289282 0.957238 0.000000 0.000000 0.000000 0.000000 1.000000
0.984912 -0.154339 0.078281 -0.000000 0.170676 0.941067 -0.291997 41.076000 -0.028601 0.300952 0.953210 0.000000 0.000000 0.000000 0.000000 1.000000
0.984985 -0.157962 0.069660 -0.000000 0.171225 0.945409 -0.277281 41.076000 -0.022058 0.285045 0.958260 0.000000 0.000000 0.000000 0.000000 1.000000
0.986677 -0.151918 0.058213 0.000000 0.161994 0.950453 -0.265324 41.076000 -0.015021 0.271219 0.962400 0.000000 0.000000 0.000000 0.000000 1.000000
0.986263 -0.153287 0.061556 -0.000000 0.163464 0.959340 -0.230101 41.076000 -0.023781 0.237002 0.971218 -0.000000 0.000000 0.000000 0.000000 1.000000
0.984026 -0.171969 0.046047 -0.000000 0.177417 0.968676 -0.173750 41.076000 -0.014725 0.179144 0.983713 0.000000 0.000000 0.000000 0.000000 1.000000
0.983447 -0.181168 -0.003199 0.000000 0.179291 0.975505 -0.127455 41.076000 0.026212 0.124772 0.991839 0.000000 0.000000 0.000000 0.000000 1.000000
0.978456 -0.204720 -0.026703 0.000000 0.202755 0.977228 -0.062574 41.076000 0.038905 0.055812 0.997683 -0.000000 0.000000 0.000000 0.000000 1.000000
0.970172 -0.223308 -0.094336 0.000000 0.224404 0.974496 0.001044 41.076000 0.091697 -0.022182 0.995540 -0.000000 0.000000 0.000000 0.000000 1.000000
0.961671 -0.213551 -0.172002 0.000000 0.226953 0.971917 0.062212 41.076000 0.153886 -0.098864 0.983130 0.000000 0.000000 0.000000 0.000000 1.000000
0.948706 -0.226437 -0.220644 0.000000 0.258759 0.957106 0.130354 41.076000 0.181663 -0.180761 0.966604 0.000000 0.000000 0.000000 0.000000 1.000000
0.937232 -0.221306 -0.269482 -0.000000 0.279240 0.939186 0.199885 41.076000 0.208858 -0.262589 0.942033 -0.000000 0.000000 0.000000 0.000000 1.000000
0.933569 -0.217866 -0.284574 0.000000 0.294494 0.918852 0.262649 41.076000 0.204259 -0.329007 0.921972 0.000000 0.000000 0.000000 0.000000 1.000000
0.942439 -0.210091 -0.260134 0.000000 0.285271 0.911028 0.297739 41.076000 0.174437 -0.354809 0.918522 0.000000 0.000000 0.000000 0.000000 1.000000
0.948475 -0.208043 -0.238985 0.000000 0.274761 0.915671 0.293348 41.076000 0.157803 -0.343897 0.925653 -0.000000 0.000000 0.000000 0.000000 1.000000
0.953795 -0.213591 -0.211313 0.000000 0.266799 0.925526 0.268739 41.076000 0.138176 -0.312700 0.939748 0.000000 0.000000 0.000000 0.000000 1.000000
0.964047 -0.213908 -0.157662 0.000000 0.246599 0.941214 0.230877 41.076000 0.099007 -0.261455 0.960124 0.000000 0.000000 0.000000 0.000000 1.000000
0.971983 -0.206384 -0.112495 0.000000 0.222596 0.961939 0.158506 41.076000 0.075500 -0.179106 0.980928 -0.000000 0.000000 0.000000 0.000000 1.000000
0.972937 -0.210009 -0.096380 0.000000 0.215926 0.974824 0.055628 41.076000 0.082271 -0.074934 0.993789 0.000000 0.000000 0.000000 0.000000 1.000000
0.975168 -0.218156 -0.038150 0.000000 0.216678 0.975448 -0.039391 41.076000 0.045807 0.030147 0.998495 0.000000 0.000000 0.000000 0.000000 1.000000
0.974243 -0.211600 0.077946 0.000000 0.217979 0.972226 -0.085214 41.076000 -0.057750 0.100010 0.993309 0.000000 0.000000 0.000000 0.000000 1.000000
0.971817 -0.233604 0.031626 0.000000 0.235619 0.958353 -0.161380 41.076000 0.007390 0.164284 0.986385 0.000000 0.000000 0.000000 0.000000 1.000000
0.964882 -0.255706 -0.060143 0.000000 0.241506 0.953594 -0.179817 41.076000 0.103332 0.158977 0.981860 -0.000000 0.000000 0.000000 0.000000 1.000000</float_array>
        <technique_common>
          <accessor source="#mixamorig_LeftHand-Matrix-animation-output-transform-array" count="26" stride="16">
            <param type="float4x4"/>
          </accessor>
        </technique_common>
      </source>
      <source id="mixamorig_LeftHand-Interpolations">
        <Name_array id="mixamorig_LeftHand-Interpolations-array" count="26">
 LINEAR LINEAR LINEAR LINEAR LINEAR LINEAR LINEAR LINEAR LINEAR LINEAR LINEAR
LINEAR LINEAR LINEAR LINEAR LINEAR LINEAR LINEAR LINEAR LINEAR LINEAR LINEAR LINEAR
LINEAR LINEAR LINEAR</Name_array>
        <technique_common>
          <accessor source="#mixamorig_LeftHand-Interpolations-array" count="26">
            <param type="name"/>
          </accessor>
        </technique_common>
      </source>
      <sampler id="mixamorig_LeftHand-Matrix-animation-transform">
        <input semantic="INPUT" source="#mixamorig_LeftHand-Matrix-animation-input"/>
        <input semantic="OUTPUT" source="#mixamorig_LeftHand-Matrix-animation-output-transform"/>
        <input semantic="INTERPOLATION" source="#mixamorig_LeftHand-Interpolations"/>
      </sampler>
      <channel source="#mixamorig_LeftHand-Matrix-animation-transform" target="mixamorig_LeftHand/matrix"/>
    </animation>
    <animation id="mixamorig_LeftHandThumb1-anim" name="mixamorig_LeftHandThumb1">
      <source id="mixamorig_LeftHandThumb1-Matrix-animation-input">
        <float_array id="mixamorig_LeftHandThumb1-Matrix-animation-input-array" count="26">

0.000000 0.033333 0.066667 0.100000 0.133333 0.166667 0.200000 0.233333 0.266667 0.300000 0.333333 0.366667 0.400000 0.433333 0.466667 0.500000
0.533333 0.566667 0.600000 0.633333 0.666667 0.700000 0.733333 0.766667 0.800000 0.833333</float_array>
        <technique_common>
          <accessor source="#mixamorig_LeftHandThumb1-Matrix-animation-input-array" count="26">
            <param name="TIME" type="float"/>
          </accessor>
        </technique_common>
      </source>
      <source id="mixamorig_LeftHandThumb1-Matrix-animation-output-transform">
        <float_array id="mixamorig_LeftHandThumb1-Matrix-animation-output-transform-array" count="416">

0.871836 -0.454119 0.183515 -9.706200 0.488132 0.836459 -0.249126 9.904300 -0.040369 0.306777 0.950925 7.213800 0.000000 0.000000 0.000000 1.000000
0.871836 -0.454120 0.183514 -9.706200 0.488132 0.836459 -0.249126 9.904300 -0.040369 0.306776 0.950925 7.213800 0.000000 0.000000 0.000000 1.000000
0.871836 -0.454119 0.183515 -9.706200 0.488131 0.836459 -0.249126 9.904300 -0.040369 0.306777 0.950925 7.213800 0.000000 0.000000 0.000000 1.000000
0.871836 -0.454119 0.183515 -9.706200 0.488131 0.836459 -0.249126 9.904300 -0.040369 0.306777 0.950925 7.213800 0.000000 0.000000 0.000000 1.000000
0.871836 -0.454120 0.183514 -9.706200 0.488132 0.836459 -0.249127 9.904300 -0.040369 0.306777 0.950925 7.213800 0.000000 0.000000 0.000000 1.000000
0.871836 -0.454119 0.183515 -9.706200 0.488131 0.836459 -0.249126 9.904300 -0.040370 0.306777 0.950925 7.213800 0.000000 0.000000 0.000000 1.000000
0.871836 -0.454120 0.183514 -9.706200 0.488132 0.836459 -0.249127 9.904300 -0.040369 0.306777 0.950925 7.213800 0.000000 0.000000 0.000000 1.000000
0.871836 -0.454119 0.183514 -9.706200 0.488131 0.836459 -0.249126 9.904300 -0.040369 0.306776 0.950925 7.213800 0.000000 0.000000 0.000000 1.000000
0.871837 -0.454118 0.183513 -9.706200 0.488130 0.836452 -0.249151 9.904300 -0.040356 0.306797 0.950919 7.213800 0.000000 0.000000 0.000000 1.000000
0.871854 -0.454089 0.183501 -9.706200 0.488104 0.836434 -0.249265 9.904300 -0.040298 0.306890 0.950891 7.213800 0.000000 0.000000 0.000000 1.000000
0.871895 -0.454014 0.183494 -9.706200 0.488016 0.836581 -0.248942 9.904300 -0.040484 0.306599 0.950977 7.213800 0.000000 0.000000 0.000000 1.000000
0.869804 -0.457785 0.184050 -9.706200 0.492418 0.828921 -0.265359 9.904300 -0.031086 0.321440 0.946420 7.213800 0.000000 0.000000 0.000000 1.000000
0.863568 -0.468284 0.186975 -9.706200 0.504221 0.804430 -0.314092 9.904300 -0.003324 0.365516 0.930799 7.213800 0.000000 0.000000 0.000000 1.000000
0.855492 -0.480233 0.193674 -9.706200 0.516795 0.768357 -0.377559 9.904300 0.032506 0.423088 0.905505 7.213800 0.000000 0.000000 0.000000 1.000000
0.848326 -0.489096 0.202802 -9.706200 0.525500 0.730900 -0.435471 9.904300 0.064759 0.475993 0.877061 7.213800 0.000000 0.000000 0.000000 1.000000
0.844176 -0.493317 0.209774 -9.706200 0.529455 0.706008 -0.470352 9.904300 0.083931 0.508125 0.857184 7.213800 0.000000 0.000000 0.000000 1.000000
0.843715 -0.493736 0.210643 -9.706200 0.529842 0.703053 -0.474324 9.904300 0.086097 0.511802 0.854778 7.213800 0.000000 0.000000 0.000000 1.000000
0.845864 -0.491700 0.206749 -9.706200 0.527947 0.716492 -0.455973 9.904300 0.076068 0.494843 0.865646 7.213800 0.000000 0.000000 0.000000 1.000000
0.849874 -0.487355 0.200495 -9.706200 0.523816 0.739570 -0.422674 9.904300 0.057712 0.464243 0.883826 7.213800 0.000000 0.000000 0.000000 1.000000
0.855211 -0.480638 0.193911 -9.706200 0.517179 0.767044 -0.379695 9.904300 0.033757 0.425007 0.904561 7.213800 0.000000 0.000000 0.000000 1.000000
0.861071 -0.472206 0.188622 -9.706200 0.508425 0.793894 -0.333522 9.904300 0.007745 0.383086 0.923680 7.213800 0.000000 0.000000 0.000000 1.000000
0.866485 -0.463524 0.185335 -9.706200 0.498938 0.816228 -0.291260 9.904300 -0.016270 0.344843 0.938519 7.213800 0.000000 0.000000 0.000000 1.000000
0.870411 -0.456707 0.183856 -9.706200 0.491163 0.831177 -0.260582 9.904300 -0.033808 0.317116 0.947784 7.213800 0.000000 0.000000 0.000000 1.000000
0.871870 -0.454054 0.183516 -9.706200 0.488070 0.836492 -0.249136 9.904300 -0.040388 0.306783 0.950922 7.213800 0.000000 0.000000 0.000000 1.000000
0.871931 -0.453948 0.183485 -9.706200 0.487961 0.836538 -0.249195 9.904300 -0.040371 0.306814 0.950913 7.213800 0.000000 0.000000 0.000000 1.000000
0.871933 -0.453945 0.183483 -9.706200 0.487959 0.836527 -0.249236 9.904300 -0.040349 0.306849 0.950903 7.213800 0.000000 0.000000 0.000000 1.000000</float_array>
        <technique_common>
          <accessor source="#mixamorig_LeftHandThumb1-Matrix-animation-output-transform-array" count="26" stride="16">
            <param type="float4x4"/>
          </accessor>
        </technique_common>
      </source>
      <source id="mixamorig_LeftHandThumb1-Interpolations">
        <Name_array id="mixamorig_LeftHandThumb1-Interpolations-array" count="26">
 LINEAR LINEAR LINEAR LINEAR LINEAR LINEAR LINEAR LINEAR LINEAR LINEAR LINEAR
LINEAR LINEAR LINEAR LINEAR LINEAR LINEAR LINEAR LINEAR LINEAR LINEAR LINEAR LINEAR
LINEAR LINEAR LINEAR</Name_array>
        <technique_common>
          <accessor source="#mixamorig_LeftHandThumb1-Interpolations-array" count="26">
            <param type="name"/>
          </accessor>
        </technique_common>
      </source>
      <sampler id="mixamorig_LeftHandThumb1-Matrix-animation-transform">
        <input semantic="INPUT" source="#mixamorig_LeftHandThumb1-Matrix-animation-input"/>
        <input semantic="OUTPUT" source="#mixamorig_LeftHandThumb1-Matrix-animation-output-transform"/>
        <input semantic="INTERPOLATION" source="#mixamorig_LeftHandThumb1-Interpolations"/>
      </sampler>
      <channel source="#mixamorig_LeftHandThumb1-Matrix-animation-transform" target="mixamorig_LeftHandThumb1/matrix"/>
    </animation>
    <animation id="mixamorig_LeftHandThumb2-anim" name="mixamorig_LeftHandThumb2">
      <source id="mixamorig_LeftHandThumb2-Matrix-animation-input">
        <float_array id="mixamorig_LeftHandThumb2-Matrix-animation-input-array" count="26">

0.000000 0.033333 0.066667 0.100000 0.133333 0.166667 0.200000 0.233333 0.266667 0.300000 0.333333 0.366667 0.400000 0.433333 0.466667 0.500000
0.533333 0.566667 0.600000 0.633333 0.666667 0.700000 0.733333 0.766667 0.800000 0.833333</float_array>
        <technique_common>
          <accessor source="#mixamorig_LeftHandThumb2-Matrix-animation-input-array" count="26">
            <param name="TIME" type="float"/>
          </accessor>
        </technique_common>
      </source>
      <source id="mixamorig_LeftHandThumb2-Matrix-animation-output-transform">
        <float_array id="mixamorig_LeftHandThumb2-Matrix-animation-output-transform-array" count="416">

0.919991 0.389594 -0.042818 0.000000 -0.390473 0.920505 -0.014208 2.369000 0.033879 0.029790 0.998982 0.000000 0.000000 0.000000 0.000000 1.000000
0.919991 0.389594 -0.042818 -0.000000 -0.390473 0.920505 -0.014208 2.369000 0.033879 0.029791 0.998982 -0.000000 0.000000 0.000000 0.000000 1.000000
0.919991 0.389594 -0.042818 0.000000 -0.390473 0.920505 -0.014208 2.369000 0.033879 0.029790 0.998982 0.000000 0.000000 0.000000 0.000000 1.000000
0.919991 0.389594 -0.042818 -0.000000 -0.390473 0.920505 -0.014208 2.369000 0.033879 0.029790 0.998982 0.000000 0.000000 0.000000 0.000000 1.000000
0.919991 0.389594 -0.042818 0.000000 -0.390473 0.920505 -0.014208 2.369000 0.033879 0.029790 0.998982 -0.000000 0.000000 0.000000 0.000000 1.000000
0.919991 0.389594 -0.042818 0.000000 -0.390473 0.920505 -0.014208 2.369000 0.033879 0.029791 0.998982 0.000000 0.000000 0.000000 0.000000 1.000000
0.919991 0.389594 -0.042818 0.000000 -0.390473 0.920505 -0.014208 2.369000 0.033879 0.029790 0.998982 -0.000000 0.000000 0.000000 0.000000 1.000000
0.919991 0.389594 -0.042818 -0.000000 -0.390473 0.920505 -0.014208 2.369000 0.033879 0.029790 0.998982 0.000000 0.000000 0.000000 0.000000 1.000000
0.919979 0.389622 -0.042826 0.000000 -0.390501 0.920493 -0.014205 2.369000 0.033886 0.029791 0.998982 0.000000 0.000000 0.000000 0.000000 1.000000
0.919914 0.389771 -0.042865 0.000000 -0.390651 0.920430 -0.014186 2.369000 0.033925 0.029795 0.998980 -0.000000 0.000000 0.000000 0.000000 1.000000
0.920034 0.389496 -0.042792 0.000000 -0.390374 0.920547 -0.014220 2.369000 0.033853 0.029788 0.998983 0.000000 0.000000 0.000000 0.000000 1.000000
0.913801 0.403491 -0.046503 0.000000 -0.404428 0.914485 -0.012475 2.369000 0.037493 0.030207 0.998840 0.000000 0.000000 0.000000 0.000000 1.000000
0.893679 0.445007 -0.057500 0.000000 -0.446089 0.894962 -0.006885 2.369000 0.048396 0.031804 0.998322 0.000000 0.000000 0.000000 0.000000 1.000000
0.863546 0.499132 -0.071805 0.000000 -0.500336 0.865830 0.001391 2.369000 0.062865 0.034726 0.997418 -0.000000 0.000000 0.000000 0.000000 1.000000
0.831670 0.548743 -0.084882 0.000000 -0.549988 0.835112 0.010056 2.369000 0.076404 0.038321 0.996340 0.000000 0.000000 0.000000 0.000000 1.000000
0.810168 0.578807 -0.092789 0.000000 -0.580038 0.814435 0.015861 2.369000 0.084751 0.040971 0.995559 0.000000 0.000000 0.000000 0.000000 1.000000
0.807599 0.582242 -0.093691 -0.000000 -0.583470 0.811966 0.016552 2.369000 0.085712 0.041299 0.995464 0.000000 0.000000 0.000000 0.000000 1.000000
0.819260 0.566391 -0.089525 0.000000 -0.567631 0.823174 0.013409 2.369000 0.081289 0.039832 0.995894 0.000000 0.000000 0.000000 0.000000 1.000000
0.839111 0.537746 -0.081986 -0.000000 -0.538988 0.842275 0.008039 2.369000 0.073378 0.037444 0.996601 0.000000 0.000000 0.000000 0.000000 1.000000
0.862453 0.500948 -0.072284 -0.000000 -0.502155 0.864776 0.001689 2.369000 0.063356 0.034841 0.997383 -0.000000 0.000000 0.000000 0.000000 1.000000
0.884951 0.461554 -0.061878 0.000000 -0.462682 0.886513 -0.004478 2.369000 0.052789 0.032593 0.998074 -0.000000 0.000000 0.000000 0.000000 1.000000
0.903418 0.425554 -0.052350 0.000000 -0.426573 0.904402 -0.009583 2.369000 0.043267 0.030989 0.998583 0.000000 0.000000 0.000000 0.000000 1.000000
0.915643 0.399418 -0.045424 0.000000 -0.400338 0.916275 -0.012990 2.369000 0.036432 0.030079 0.998883 0.000000 0.000000 0.000000 0.000000 1.000000
0.919962 0.389661 -0.042835 0.000000 -0.390540 0.920476 -0.014199 2.369000 0.033896 0.029792 0.998981 0.000000 0.000000 0.000000 0.000000 1.000000
0.919943 0.389704 -0.042847 -0.000000 -0.390584 0.920458 -0.014194 2.369000 0.033908 0.029793 0.998981 0.000000 0.000000 0.000000 0.000000 1.000000
0.919928 0.389739 -0.042856 0.000000 -0.390618 0.920443 -0.014190 2.369000 0.033916 0.029794 0.998980 0.000000 0.000000 0.000000 0.000000 1.000000</float_array>
        <technique_common>
          <accessor source="#mixamorig_LeftHandThumb2-Matrix-animation-output-transform-array" count="26" stride="16">
            <param type="float4x4"/>
          </accessor>
        </technique_common>
      </source>
      <source id="mixamorig_LeftHandThumb2-Interpolations">
        <Name_array id="mixamorig_LeftHandThumb2-Interpolations-array" count="26">
 LINEAR LINEAR LINEAR LINEAR LINEAR LINEAR LINEAR LINEAR LINEAR LINEAR LINEAR
LINEAR LINEAR LINEAR LINEAR LINEAR LINEAR LINEAR LINEAR LINEAR LINEAR LINEAR LINEAR
LINEAR LINEAR LINEAR</Name_array>
        <technique_common>
          <accessor source="#mixamorig_LeftHandThumb2-Interpolations-array" count="26">
            <param type="name"/>
          </accessor>
        </technique_common>
      </source>
      <sampler id="mixamorig_LeftHandThumb2-Matrix-animation-transform">
        <input semantic="INPUT" source="#mixamorig_LeftHandThumb2-Matrix-animation-input"/>
        <input semantic="OUTPUT" source="#mixamorig_LeftHandThumb2-Matrix-animation-output-transform"/>
        <input semantic="INTERPOLATION" source="#mixamorig_LeftHandThumb2-Interpolations"/>
      </sampler>
      <channel source="#mixamorig_LeftHandThumb2-Matrix-animation-transform" target="mixamorig_LeftHandThumb2/matrix"/>
    </animation>
    <animation id="mixamorig_LeftHandThumb3-anim" name="mixamorig_LeftHandThumb3">
      <source id="mixamorig_LeftHandThumb3-Matrix-animation-input">
        <float_array id="mixamorig_LeftHandThumb3-Matrix-animation-input-array" count="26">

0.000000 0.033333 0.066667 0.100000 0.133333 0.166667 0.200000 0.233333 0.266667 0.300000 0.333333 0.366667 0.400000 0.433333 0.466667 0.500000
0.533333 0.566667 0.600000 0.633333 0.666667 0.700000 0.733333 0.766667 0.800000 0.833333</float_array>
        <technique_common>
          <accessor source="#mixamorig_LeftHandThumb3-Matrix-animation-input-array" count="26">
            <param name="TIME" type="float"/>
          </accessor>
        </technique_common>
      </source>
      <source id="mixamorig_LeftHandThumb3-Matrix-animation-output-transform">
        <float_array id="mixamorig_LeftHandThumb3-Matrix-animation-output-transform-array" count="416">

0.981768 0.178862 0.064345 0.000000 -0.189700 0.943439 0.271912 2.785200 -0.012071 -0.279161 0.960169 -0.000000 0.000000 0.000000 0.000000 1.000000
0.981768 0.178861 0.064345 -0.000000 -0.189700 0.943440 0.271912 2.785200 -0.012071 -0.279160 0.960169 0.000000 0.000000 0.000000 0.000000 1.000000
0.981768 0.178861 0.064345 0.000000 -0.189700 0.943440 0.271912 2.785200 -0.012071 -0.279160 0.960169 0.000000 0.000000 0.000000 0.000000 1.000000
0.981768 0.178861 0.064345 -0.000000 -0.189700 0.943439 0.271912 2.785200 -0.012071 -0.279161 0.960168 0.000000 0.000000 0.000000 0.000000 1.000000
0.981768 0.178862 0.064345 0.000000 -0.189700 0.943439 0.271912 2.785200 -0.012071 -0.279161 0.960169 0.000000 0.000000 0.000000 0.000000 1.000000
0.981768 0.178862 0.064345 0.000000 -0.189700 0.943439 0.271912 2.785200 -0.012071 -0.279161 0.960169 0.000000 0.000000 0.000000 0.000000 1.000000
0.981768 0.178862 0.064345 0.000000 -0.189700 0.943439 0.271912 2.785200 -0.012071 -0.279161 0.960168 -0.000000 0.000000 0.000000 0.000000 1.000000
0.981768 0.178861 0.064345 -0.000000 -0.189700 0.943440 0.271912 2.785200 -0.012071 -0.279160 0.960169 0.000000 0.000000 0.000000 0.000000 1.000000
0.981763 0.178887 0.064345 0.000000 -0.189724 0.943434 0.271912 2.785200 -0.012064 -0.279161 0.960169 0.000000 0.000000 0.000000 0.000000 1.000000
0.981739 0.179026 0.064336 0.000000 -0.189855 0.943413 0.271896 2.785200 -0.012020 -0.279145 0.960174 0.000000 0.000000 0.000000 0.000000 1.000000
0.981782 0.178776 0.064370 0.000000 -0.189623 0.943500 0.271757 2.785200 -0.012149 -0.279012 0.960211 0.000000 0.000000 0.000000 0.000000 1.000000
0.978972 0.191700 0.069747 -0.000000 -0.203585 0.939771 0.274562 2.785200 -0.012913 -0.282988 0.959037 0.000000 0.000000 0.000000 0.000000 1.000000
0.969273 0.230325 0.086375 0.000000 -0.245522 0.927442 0.282082 2.785200 -0.015138 -0.294621 0.955494 -0.000000 0.000000 0.000000 0.000000 1.000000
0.953324 0.281360 0.109591 0.000000 -0.301415 0.908335 0.289960 2.785200 -0.017962 -0.309458 0.950744 0.000000 0.000000 0.000000 0.000000 1.000000
0.935030 0.328902 0.132450 0.000000 -0.353976 0.887503 0.295025 2.785200 -0.020515 -0.322742 0.946265 0.000000 0.000000 0.000000 0.000000 1.000000
0.922025 0.358108 0.147068 0.000000 -0.386501 0.873170 0.296971 2.785200 -0.022068 -0.330656 0.943493 0.000000 0.000000 0.000000 0.000000 1.000000
0.920439 0.361467 0.148776 0.000000 -0.390253 0.871444 0.297133 2.785200 -0.022246 -0.331553 0.943174 0.000000 0.000000 0.000000 0.000000 1.000000
0.927584 0.346006 0.140957 -0.000000 -0.373001 0.879253 0.296283 2.785200 -0.021421 -0.327404 0.944641 0.000000 0.000000 0.000000 0.000000 1.000000
0.939415 0.318292 0.127243 0.000000 -0.342203 0.892410 0.294112 2.785200 -0.019940 -0.319836 0.947263 0.000000 0.000000 0.000000 0.000000 1.000000
0.952722 0.283082 0.110389 -0.000000 -0.303308 0.907625 0.290208 2.785200 -0.018040 -0.309970 0.950575 0.000000 0.000000 0.000000 0.000000 1.000000
0.964813 0.245836 0.093273 -0.000000 -0.262449 0.921972 0.284759 2.785200 -0.015992 -0.299219 0.954050 0.000000 0.000000 0.000000 0.000000 1.000000
0.974079 0.212169 0.078449 -0.000000 -0.225768 0.933456 0.278727 2.785200 -0.014091 -0.289213 0.957161 0.000000 0.000000 0.000000 0.000000 1.000000
0.979813 0.187933 0.068168 0.000000 -0.199511 0.940877 0.273764 2.785200 -0.012688 -0.281838 0.959378 -0.000000 0.000000 0.000000 0.000000 1.000000
0.981750 0.178928 0.064432 0.000000 -0.189786 0.943457 0.271790 2.785200 -0.012158 -0.279059 0.960197 0.000000 0.000000 0.000000 0.000000 1.000000
0.981749 0.178970 0.064328 0.000000 -0.189797 0.943471 0.271736 2.785200 -0.012059 -0.278985 0.960220 0.000000 0.000000 0.000000 0.000000 1.000000
0.981744 0.179001 0.064328 -0.000000 -0.189827 0.943465 0.271736 2.785200 -0.012050 -0.278986 0.960220 -0.000000 0.000000 0.000000 0.000000 1.000000</float_array>
        <technique_common>
          <accessor source="#mixamorig_LeftHandThumb3-Matrix-animation-output-transform-array" count="26" stride="16">
            <param type="float4x4"/>
          </accessor>
        </technique_common>
      </source>
      <source id="mixamorig_LeftHandThumb3-Interpolations">
        <Name_array id="mixamorig_LeftHandThumb3-Interpolations-array" count="26">
 LINEAR LINEAR LINEAR LINEAR LINEAR LINEAR LINEAR LINEAR LINEAR LINEAR LINEAR
LINEAR LINEAR LINEAR LINEAR LINEAR LINEAR LINEAR LINEAR LINEAR LINEAR LINEAR LINEAR
LINEAR LINEAR LINEAR</Name_array>
        <technique_common>
          <accessor source="#mixamorig_LeftHandThumb3-Interpolations-array" count="26">
            <param type="name"/>
          </accessor>
        </technique_common>
      </source>
      <sampler id="mixamorig_LeftHandThumb3-Matrix-animation-transform">
        <input semantic="INPUT" source="#mixamorig_LeftHandThumb3-Matrix-animation-input"/>
        <input semantic="OUTPUT" source="#mixamorig_LeftHandThumb3-Matrix-animation-output-transform"/>
        <input semantic="INTERPOLATION" source="#mixamorig_LeftHandThumb3-Interpolations"/>
      </sampler>
      <channel source="#mixamorig_LeftHandThumb3-Matrix-animation-transform" target="mixamorig_LeftHandThumb3/matrix"/>
    </animation>
    <animation id="mixamorig_LeftHandIndex1-anim" name="mixamorig_LeftHandIndex1">
      <source id="mixamorig_LeftHandIndex1-Matrix-animation-input">
        <float_array id="mixamorig_LeftHandIndex1-Matrix-animation-input-array" count="26">

0.000000 0.033333 0.066667 0.100000 0.133333 0.166667 0.200000 0.233333 0.266667 0.300000 0.333333 0.366667 0.400000 0.433333 0.466667 0.500000
0.533333 0.566667 0.600000 0.633333 0.666667 0.700000 0.733333 0.766667 0.800000 0.833333</float_array>
        <technique_common>
          <accessor source="#mixamorig_LeftHandIndex1-Matrix-animation-input-array" count="26">
            <param name="TIME" type="float"/>
          </accessor>
        </technique_common>
      </source>
      <source id="mixamorig_LeftHandIndex1-Matrix-animation-output-transform">
        <float_array id="mixamorig_LeftHandIndex1-Matrix-animation-output-transform-array" count="416">

0.998233 0.058432 -0.010778 -4.736600 -0.059236 0.964474 -0.257450 18.296801 -0.004648 0.257633 0.966232 0.973500 0.000000 0.000000 0.000000 1.000000
0.998233 0.058432 -0.010778 -4.736600 -0.059236 0.964474 -0.257450 18.296801 -0.004648 0.257633 0.966232 0.973500 0.000000 0.000000 0.000000 1.000000
0.998233 0.058432 -0.010778 -4.736600 -0.059236 0.964474 -0.257450 18.296801 -0.004648 0.257633 0.966232 0.973500 0.000000 0.000000 0.000000 1.000000
0.998233 0.058432 -0.010778 -4.736600 -0.059236 0.964474 -0.257450 18.296801 -0.004648 0.257633 0.966232 0.973500 0.000000 0.000000 0.000000 1.000000
0.998233 0.058432 -0.010778 -4.736600 -0.059236 0.964474 -0.257450 18.296801 -0.004648 0.257634 0.966232 0.973500 0.000000 0.000000 0.000000 1.000000
0.998233 0.058432 -0.010778 -4.736600 -0.059236 0.964474 -0.257450 18.296801 -0.004649 0.257633 0.966232 0.973500 0.000000 0.000000 0.000000 1.000000
0.998233 0.058432 -0.010778 -4.736600 -0.059236 0.964474 -0.257450 18.296801 -0.004648 0.257634 0.966232 0.973500 0.000000 0.000000 0.000000 1.000000
0.998233 0.058432 -0.010778 -4.736600 -0.059236 0.964474 -0.257450 18.296801 -0.004648 0.257633 0.966232 0.973500 0.000000 0.000000 0.000000 1.000000
0.998233 0.058436 -0.010781 -4.736600 -0.059240 0.964462 -0.257496 18.296801 -0.004650 0.257680 0.966219 0.973500 0.000000 0.000000 0.000000 1.000000
0.998231 0.058459 -0.010796 -4.736600 -0.059265 0.964395 -0.257740 18.296801 -0.004656 0.257924 0.966154 0.973500 0.000000 0.000000 0.000000 1.000000
0.998234 0.058417 -0.010768 -4.736600 -0.059219 0.964518 -0.257289 18.296801 -0.004644 0.257472 0.966275 0.973500 0.000000 0.000000 0.000000 1.000000
0.998090 0.060562 -0.012189 -4.736600 -0.061549 0.957954 -0.280244 18.296801 -0.005296 0.280459 0.959851 0.973500 0.000000 0.000000 0.000000 1.000000
0.997626 0.066799 -0.016766 -4.736600 -0.068452 0.934889 -0.348276 18.296801 -0.007590 0.348597 0.937242 0.973500 0.000000 0.000000 0.000000 1.000000
0.996934 0.074610 -0.023582 -4.736600 -0.077408 0.896346 -0.436544 18.296801 -0.011433 0.437031 0.899374 0.973500 0.000000 0.000000 0.000000 1.000000
0.996209 0.081383 -0.030725 -4.736600 -0.085531 0.851945 -0.516598 18.296801 -0.015866 0.517268 0.855677 0.973500 0.000000 0.000000 0.000000 1.000000
0.995725 0.085275 -0.035498 -4.736600 -0.090391 0.820474 -0.564493 18.296801 -0.019012 0.565289 0.824674 0.973500 0.000000 0.000000 0.000000 1.000000
0.995667 0.085708 -0.036066 -4.736600 -0.090942 0.816646 -0.569929 18.296801 -0.019394 0.570740 0.820902 0.973500 0.000000 0.000000 0.000000 1.000000
0.995929 0.083689 -0.033485 -4.736600 -0.088391 0.833908 -0.544780 18.296801 -0.017669 0.545522 0.837910 0.973500 0.000000 0.000000 0.000000 1.000000
0.996378 0.079918 -0.029065 -4.736600 -0.083740 0.862576 -0.498949 18.296801 -0.014804 0.499575 0.866144 0.973500 0.000000 0.000000 0.000000 1.000000
0.996909 0.074864 -0.023828 -4.736600 -0.077707 0.894878 -0.439493 18.296801 -0.011579 0.439986 0.897930 0.973500 0.000000 0.000000 0.000000 1.000000
0.997425 0.069229 -0.018746 -4.736600 -0.071197 0.924151 -0.375333 18.296801 -0.008660 0.375701 0.926700 0.973500 0.000000 0.000000 0.000000 1.000000
0.997850 0.063901 -0.014553 -4.736600 -0.065219 0.946375 -0.316417 18.296801 -0.006447 0.316686 0.948508 0.973500 0.000000 0.000000 0.000000 1.000000
0.998133 0.059940 -0.011769 -4.736600 -0.060871 0.959926 -0.273563 18.296801 -0.005100 0.273769 0.961782 0.973500 0.000000 0.000000 0.000000 1.000000
0.998233 0.058442 -0.010785 -4.736600 -0.059247 0.964444 -0.257559 18.296801 -0.004651 0.257743 0.966202 0.973500 0.000000 0.000000 0.000000 1.000000
0.998232 0.058449 -0.010789 -4.736600 -0.059254 0.964425 -0.257631 18.296801 -0.004653 0.257815 0.966183 0.973500 0.000000 0.000000 0.000000 1.000000
0.998232 0.058454 -0.010792 -4.736600 -0.059260 0.964409 -0.257688 18.296801 -0.004655 0.257871 0.966168 0.973500 0.000000 0.000000 0.000000 1.000000</float_array>
        <technique_common>
          <accessor source="#mixamorig_LeftHandIndex1-Matrix-animation-output-transform-array" count="26" stride="16">
            <param type="float4x4"/>
          </accessor>
        </technique_common>
      </source>
      <source id="mixamorig_LeftHandIndex1-Interpolations">
        <Name_array id="mixamorig_LeftHandIndex1-Interpolations-array" count="26">
 LINEAR LINEAR LINEAR LINEAR LINEAR LINEAR LINEAR LINEAR LINEAR LINEAR LINEAR
LINEAR LINEAR LINEAR LINEAR LINEAR LINEAR LINEAR LINEAR LINEAR LINEAR LINEAR LINEAR
LINEAR LINEAR LINEAR</Name_array>
        <technique_common>
          <accessor source="#mixamorig_LeftHandIndex1-Interpolations-array" count="26">
            <param type="name"/>
          </accessor>
        </technique_common>
      </source>
      <sampler id="mixamorig_LeftHandIndex1-Matrix-animation-transform">
        <input semantic="INPUT" source="#mixamorig_LeftHandIndex1-Matrix-animation-input"/>
        <input semantic="OUTPUT" source="#mixamorig_LeftHandIndex1-Matrix-animation-output-transform"/>
        <input semantic="INTERPOLATION" source="#mixamorig_LeftHandIndex1-Interpolations"/>
      </sampler>
      <channel source="#mixamorig_LeftHandIndex1-Matrix-animation-transform" target="mixamorig_LeftHandIndex1/matrix"/>
    </animation>
    <animation id="mixamorig_LeftHandIndex2-anim" name="mixamorig_LeftHandIndex2">
      <source id="mixamorig_LeftHandIndex2-Matrix-animation-input">
        <float_array id="mixamorig_LeftHandIndex2-Matrix-animation-input-array" count="26">

0.000000 0.033333 0.066667 0.100000 0.133333 0.166667 0.200000 0.233333 0.266667 0.300000 0.333333 0.366667 0.400000 0.433333 0.466667 0.500000
0.533333 0.566667 0.600000 0.633333 0.666667 0.700000 0.733333 0.766667 0.800000 0.833333</float_array>
        <technique_common>
          <accessor source="#mixamorig_LeftHandIndex2-Matrix-animation-input-array" count="26">
            <param name="TIME" type="float"/>
          </accessor>
        </technique_common>
      </source>
      <source id="mixamorig_LeftHandIndex2-Matrix-animation-output-transform">
        <float_array id="mixamorig_LeftHandIndex2-Matrix-animation-output-transform-array" count="416">

0.994743 0.088329 -0.051807 0.000000 -0.088329 0.484165 -0.870507 4.697600 -0.051807 0.870507 0.489422 0.000000 0.000000 0.000000 0.000000 1.000000
0.994743 0.088329 -0.051807 0.000000 -0.088329 0.484165 -0.870507 4.697600 -0.051808 0.870507 0.489422 0.000000 0.000000 0.000000 0.000000 1.000000
0.994743 0.088329 -0.051807 0.000000 -0.088329 0.484165 -0.870507 4.697600 -0.051807 0.870507 0.489422 0.000000 0.000000 0.000000 0.000000 1.000000
0.994743 0.088329 -0.051808 -0.000000 -0.088329 0.484165 -0.870507 4.697600 -0.051807 0.870507 0.489422 -0.000000 0.000000 0.000000 0.000000 1.000000
0.994743 0.088329 -0.051807 0.000000 -0.088329 0.484165 -0.870507 4.697600 -0.051808 0.870507 0.489422 0.000000 0.000000 0.000000 0.000000 1.000000
0.994743 0.088329 -0.051807 0.000000 -0.088329 0.484165 -0.870507 4.697600 -0.051807 0.870507 0.489422 0.000000 0.000000 0.000000 0.000000 1.000000
0.994743 0.088329 -0.051808 -0.000000 -0.088329 0.484165 -0.870507 4.697600 -0.051807 0.870507 0.489422 0.000000 0.000000 0.000000 0.000000 1.000000
0.994743 0.088329 -0.051807 -0.000000 -0.088329 0.484165 -0.870507 4.697600 -0.051807 0.870507 0.489422 0.000000 0.000000 0.000000 0.000000 1.000000
0.994743 0.088332 -0.051813 0.000000 -0.088332 0.484109 -0.870538 4.697600 -0.051813 0.870538 0.489366 0.000000 0.000000 0.000000 0.000000 1.000000
0.994740 0.088349 -0.051843 0.000000 -0.088348 0.483809 -0.870703 4.697600 -0.051843 0.870703 0.489069 -0.000000 0.000000 0.000000 0.000000 1.000000
0.994745 0.088318 -0.051788 0.000000 -0.088318 0.484363 -0.870398 4.697600 -0.051787 0.870398 0.489618 0.000000 0.000000 0.000000 0.000000 1.000000
0.994455 0.089850 -0.054650 0.000000 -0.089851 0.455860 -0.885505 4.697600 -0.054650 0.885505 0.461405 0.000000 0.000000 0.000000 0.000000 1.000000
0.993553 0.093892 -0.063540 -0.000000 -0.093892 0.367349 -0.925332 4.697600 -0.063540 0.925332 0.373797 0.000000 0.000000 0.000000 0.000000 1.000000
0.992290 0.097914 -0.075988 0.000000 -0.097914 0.243406 -0.964970 4.697600 -0.075988 0.964970 0.251117 0.000000 0.000000 0.000000 0.000000 1.000000
0.991050 0.100198 -0.088201 -0.000000 -0.100198 0.121801 -0.987484 4.697600 -0.088201 0.987484 0.130751 0.000000 0.000000 0.000000 0.000000 1.000000
0.990264 0.100849 -0.095950 -0.000000 -0.100849 0.044644 -0.993900 4.697600 -0.095950 0.993900 0.054380 0.000000 0.000000 0.000000 0.000000 1.000000
0.990173 0.100886 -0.096852 -0.000000 -0.100886 0.035669 -0.994258 4.697600 -0.096852 0.994258 0.045497 0.000000 0.000000 0.000000 0.000000 1.000000
0.990592 0.100652 -0.092720 0.000000 -0.100652 0.076814 -0.991952 4.697600 -0.092720 0.991952 0.086222 0.000000 0.000000 0.000000 0.000000 1.000000
0.991332 0.099817 -0.085430 -0.000000 -0.099817 0.149387 -0.983728 4.697600 -0.085430 0.983728 0.158055 -0.000000 0.000000 0.000000 0.000000 1.000000
0.992246 0.098022 -0.076422 0.000000 -0.098022 0.239085 -0.966038 4.697600 -0.076422 0.966038 0.246839 0.000000 0.000000 0.000000 0.000000 1.000000
0.993177 0.095278 -0.067244 0.000000 -0.095278 0.330461 -0.938998 4.697600 -0.067245 0.938998 0.337284 0.000000 0.000000 0.000000 0.000000 1.000000
0.993983 0.092095 -0.059301 0.000000 -0.092095 0.409551 -0.907627 4.697600 -0.059301 0.907627 0.415568 0.000000 0.000000 0.000000 0.000000 1.000000
0.994540 0.089413 -0.053810 0.000000 -0.089413 0.464225 -0.881192 4.697600 -0.053810 0.881192 0.469685 0.000000 0.000000 0.000000 0.000000 1.000000
0.994742 0.088336 -0.051821 0.000000 -0.088336 0.484031 -0.870581 4.697600 -0.051821 0.870581 0.489289 0.000000 0.000000 0.000000 0.000000 1.000000
0.994741 0.088341 -0.051830 0.000000 -0.088341 0.483943 -0.870629 4.697600 -0.051830 0.870629 0.489202 0.000000 0.000000 0.000000 0.000000 1.000000
0.994740 0.088345 -0.051837 -0.000000 -0.088345 0.483874 -0.870667 4.697600 -0.051837 0.870667 0.489133 0.000000 0.000000 0.000000 0.000000 1.000000</float_array>
        <technique_common>
          <accessor source="#mixamorig_LeftHandIndex2-Matrix-animation-output-transform-array" count="26" stride="16">
            <param type="float4x4"/>
          </accessor>
        </technique_common>
      </source>
      <source id="mixamorig_LeftHandIndex2-Interpolations">
        <Name_array id="mixamorig_LeftHandIndex2-Interpolations-array" count="26">
 LINEAR LINEAR LINEAR LINEAR LINEAR LINEAR LINEAR LINEAR LINEAR LINEAR LINEAR
LINEAR LINEAR LINEAR LINEAR LINEAR LINEAR LINEAR LINEAR LINEAR LINEAR LINEAR LINEAR
LINEAR LINEAR LINEAR</Name_array>
        <technique_common>
          <accessor source="#mixamorig_LeftHandIndex2-Interpolations-array" count="26">
            <param type="name"/>
          </accessor>
        </technique_common>
      </source>
      <sampler id="mixamorig_LeftHandIndex2-Matrix-animation-transform">
        <input semantic="INPUT" source="#mixamorig_LeftHandIndex2-Matrix-animation-input"/>
        <input semantic="OUTPUT" source="#mixamorig_LeftHandIndex2-Matrix-animation-output-transform"/>
        <input semantic="INTERPOLATION" source="#mixamorig_LeftHandIndex2-Interpolations"/>
      </sampler>
      <channel source="#mixamorig_LeftHandIndex2-Matrix-animation-transform" target="mixamorig_LeftHandIndex2/matrix"/>
    </animation>
    <animation id="mixamorig_LeftHandIndex3-anim" name="mixamorig_LeftHandIndex3">
      <source id="mixamorig_LeftHandIndex3-Matrix-animation-input">
        <float_array id="mixamorig_LeftHandIndex3-Matrix-animation-input-array" count="26">

0.000000 0.033333 0.066667 0.100000 0.133333 0.166667 0.200000 0.233333 0.266667 0.300000 0.333333 0.366667 0.400000 0.433333 0.466667 0.500000
0.533333 0.566667 0.600000 0.633333 0.666667 0.700000 0.733333 0.766667 0.800000 0.833333</float_array>
        <technique_common>
          <accessor source="#mixamorig_LeftHandIndex3-Matrix-animation-input-array" count="26">
            <param name="TIME" type="float"/>
          </accessor>
        </technique_common>
      </source>
      <source id="mixamorig_LeftHandIndex3-Matrix-animation-output-transform">
        <float_array id="mixamorig_LeftHandIndex3-Matrix-animation-output-transform-array" count="416">

0.998332 0.055343 -0.016438 0.000000 -0.055343 0.836335 -0.545417 2.893900 -0.016438 0.545417 0.838003 -0.000000 0.000000 0.000000 0.000000 1.000000
0.998332 0.055343 -0.016437 -0.000000 -0.055343 0.836336 -0.545417 2.893900 -0.016438 0.545417 0.838003 0.000000 0.000000 0.000000 0.000000 1.000000
0.998332 0.055342 -0.016438 0.000000 -0.055342 0.836335 -0.545417 2.893900 -0.016437 0.545417 0.838003 -0.000000 0.000000 0.000000 0.000000 1.000000
0.998332 0.055343 -0.016437 -0.000000 -0.055343 0.836335 -0.545417 2.893900 -0.016438 0.545417 0.838003 0.000000 0.000000 0.000000 0.000000 1.000000
0.998332 0.055342 -0.016438 0.000000 -0.055342 0.836335 -0.545418 2.893900 -0.016437 0.545418 0.838003 0.000000 0.000000 0.000000 0.000000 1.000000
0.998332 0.055343 -0.016438 0.000000 -0.055343 0.836335 -0.545417 2.893900 -0.016437 0.545417 0.838003 0.000000 0.000000 0.000000 0.000000 1.000000
0.998332 0.055343 -0.016437 -0.000000 -0.055343 0.836335 -0.545417 2.893900 -0.016438 0.545417 0.838003 0.000000 0.000000 0.000000 0.000000 1.000000
0.998332 0.055342 -0.016438 0.000000 -0.055343 0.836335 -0.545417 2.893900 -0.016437 0.545417 0.838003 0.000000 0.000000 0.000000 0.000000 1.000000
0.998332 0.055346 -0.016440 0.000000 -0.055346 0.836312 -0.545453 2.893900 -0.016440 0.545453 0.837980 0.000000 0.000000 0.000000 0.000000 1.000000
0.998331 0.055365 -0.016452 0.000000 -0.055365 0.836188 -0.545641 2.893900 -0.016452 0.545641 0.837858 0.000000 0.000000 0.000000 0.000000 1.000000
0.998333 0.055330 -0.016429 0.000000 -0.055330 0.836417 -0.545293 2.893900 -0.016429 0.545293 0.838084 -0.000000 0.000000 0.000000 0.000000 1.000000
0.998212 0.057119 -0.017623 0.000000 -0.057119 0.824530 -0.562928 2.893900 -0.017623 0.562928 0.826318 0.000000 0.000000 0.000000 0.000000 1.000000
0.997824 0.062343 -0.021441 0.000000 -0.062343 0.786520 -0.614410 2.893900 -0.021441 0.614410 0.788696 0.000000 0.000000 0.000000 0.000000 1.000000
0.997254 0.068939 -0.027066 0.000000 -0.068939 0.730506 -0.679417 2.893900 -0.027066 0.679417 0.733253 -0.000000 0.000000 0.000000 0.000000 1.000000
0.996660 0.074734 -0.032915 0.000000 -0.074734 0.672272 -0.736522 2.893900 -0.032915 0.736522 0.675612 -0.000000 0.000000 0.000000 0.000000 1.000000
0.996265 0.078107 -0.036807 -0.000000 -0.078107 0.633522 -0.769772 2.893900 -0.036807 0.769772 0.637257 0.000000 0.000000 0.000000 0.000000 1.000000
0.996218 0.078486 -0.037269 0.000000 -0.078486 0.628919 -0.773499 2.893900 -0.037270 0.773499 0.632700 0.000000 0.000000 0.000000 0.000000 1.000000
0.996432 0.076728 -0.035167 0.000000 -0.076728 0.649856 -0.756174 2.893900 -0.035166 0.756174 0.653425 -0.000000 0.000000 0.000000 0.000000 1.000000
0.996798 0.073472 -0.031558 0.000000 -0.073472 0.685778 -0.724092 2.893900 -0.031559 0.724092 0.688981 -0.000000 0.000000 0.000000 0.000000 1.000000
0.997233 0.069156 -0.027269 0.000000 -0.069156 0.728494 -0.681553 2.893900 -0.027268 0.681553 0.731261 0.000000 0.000000 0.000000 0.000000 1.000000
0.997658 0.064387 -0.023081 0.000000 -0.064387 0.770191 -0.634555 2.893900 -0.023080 0.634555 0.772533 0.000000 0.000000 0.000000 0.000000 1.000000
0.998011 0.059911 -0.019600 -0.000000 -0.059911 0.804850 -0.590447 2.893900 -0.019600 0.590447 0.806838 0.000000 0.000000 0.000000 0.000000 1.000000
0.998248 0.056600 -0.017271 0.000000 -0.056600 0.828037 -0.557809 2.893900 -0.017271 0.557809 0.829790 0.000000 0.000000 0.000000 0.000000 1.000000
0.998332 0.055351 -0.016443 -0.000000 -0.055351 0.836280 -0.545502 2.893900 -0.016443 0.545502 0.837948 -0.000000 0.000000 0.000000 0.000000 1.000000
0.998331 0.055357 -0.016447 -0.000000 -0.055357 0.836243 -0.545557 2.893900 -0.016447 0.545557 0.837912 0.000000 0.000000 0.000000 0.000000 1.000000
0.998331 0.055361 -0.016450 -0.000000 -0.055361 0.836215 -0.545601 2.893900 -0.016450 0.545601 0.837884 0.000000 0.000000 0.000000 0.000000 1.000000</float_array>
        <technique_common>
          <accessor source="#mixamorig_LeftHandIndex3-Matrix-animation-output-transform-array" count="26" stride="16">
            <param type="float4x4"/>
          </accessor>
        </technique_common>
      </source>
      <source id="mixamorig_LeftHandIndex3-Interpolations">
        <Name_array id="mixamorig_LeftHandIndex3-Interpolations-array" count="26">
 LINEAR LINEAR LINEAR LINEAR LINEAR LINEAR LINEAR LINEAR LINEAR LINEAR LINEAR
LINEAR LINEAR LINEAR LINEAR LINEAR LINEAR LINEAR LINEAR LINEAR LINEAR LINEAR LINEAR
LINEAR LINEAR LINEAR</Name_array>
        <technique_common>
          <accessor source="#mixamorig_LeftHandIndex3-Interpolations-array" count="26">
            <param type="name"/>
          </accessor>
        </technique_common>
      </source>
      <sampler id="mixamorig_LeftHandIndex3-Matrix-animation-transform">
        <input semantic="INPUT" source="#mixamorig_LeftHandIndex3-Matrix-animation-input"/>
        <input semantic="OUTPUT" source="#mixamorig_LeftHandIndex3-Matrix-animation-output-transform"/>
        <input semantic="INTERPOLATION" source="#mixamorig_LeftHandIndex3-Interpolations"/>
      </sampler>
      <channel source="#mixamorig_LeftHandIndex3-Matrix-animation-transform" target="mixamorig_LeftHandIndex3/matrix"/>
    </animation>
    <animation id="mixamorig_LeftHandMiddle1-anim" name="mixamorig_LeftHandMiddle1">
      <source id="mixamorig_LeftHandMiddle1-Matrix-animation-input">
        <float_array id="mixamorig_LeftHandMiddle1-Matrix-animation-input-array" count="26">

0.000000 0.033333 0.066667 0.100000 0.133333 0.166667 0.200000 0.233333 0.266667 0.300000 0.333333 0.366667 0.400000 0.433333 0.466667 0.500000
0.533333 0.566667 0.600000 0.633333 0.666667 0.700000 0.733333 0.766667 0.800000 0.833333</float_array>
        <technique_common>
          <accessor source="#mixamorig_LeftHandMiddle1-Matrix-animation-input-array" count="26">
            <param name="TIME" type="float"/>
          </accessor>
        </technique_common>
      </source>
      <source id="mixamorig_LeftHandMiddle1-Matrix-animation-output-transform">
        <float_array id="mixamorig_LeftHandMiddle1-Matrix-animation-output-transform-array" count="416">

0.997033 0.073580 -0.022605 -0.139500 -0.076205 0.902128 -0.424686 17.924500 -0.010855 0.425148 0.905059 0.050800 0.000000 0.000000 0.000000 1.000000
0.997033 0.073580 -0.022606 -0.139500 -0.076205 0.902128 -0.424686 17.924500 -0.010855 0.425148 0.905059 0.050800 0.000000 0.000000 0.000000 1.000000
0.997033 0.073580 -0.022606 -0.139500 -0.076205 0.902128 -0.424686 17.924500 -0.010855 0.425148 0.905059 0.050800 0.000000 0.000000 0.000000 1.000000
0.997033 0.073580 -0.022606 -0.139500 -0.076205 0.902128 -0.424686 17.924500 -0.010855 0.425149 0.905058 0.050800 0.000000 0.000000 0.000000 1.000000
0.997033 0.073580 -0.022606 -0.139500 -0.076205 0.902128 -0.424686 17.924500 -0.010855 0.425149 0.905058 0.050800 0.000000 0.000000 0.000000 1.000000
0.997033 0.073580 -0.022605 -0.139500 -0.076205 0.902128 -0.424686 17.924500 -0.010856 0.425148 0.905059 0.050800 0.000000 0.000000 0.000000 1.000000
0.997033 0.073580 -0.022605 -0.139500 -0.076205 0.902128 -0.424686 17.924500 -0.010856 0.425148 0.905059 0.050800 0.000000 0.000000 0.000000 1.000000
0.997033 0.073576 -0.022602 -0.139500 -0.076201 0.902148 -0.424644 17.924500 -0.010853 0.425107 0.905078 0.050800 0.000000 0.000000 0.000000 1.000000
0.997034 0.073568 -0.022594 -0.139500 -0.076191 0.902193 -0.424549 17.924500 -0.010849 0.425011 0.905123 0.050800 0.000000 0.000000 0.000000 1.000000
0.997031 0.073605 -0.022630 -0.139500 -0.076235 0.901988 -0.424978 17.924500 -0.010869 0.425441 0.904921 0.050800 0.000000 0.000000 0.000000 1.000000
0.997037 0.073536 -0.022565 -0.139500 -0.076154 0.902368 -0.424185 17.924500 -0.010831 0.424647 0.905294 0.050800 0.000000 0.000000 0.000000 1.000000
0.996695 0.076985 -0.025940 -0.139500 -0.080214 0.882093 -0.464197 17.924500 -0.012855 0.464743 0.885352 0.050800 0.000000 0.000000 0.000000 1.000000
0.995575 0.086392 -0.036977 -0.139500 -0.091817 0.810467 -0.578544 17.924500 -0.020013 0.579379 0.814812 0.050800 0.000000 0.000000 0.000000 1.000000
0.993892 0.096487 -0.053561 -0.139500 -0.105635 0.691373 -0.714734 17.924500 -0.031932 0.716027 0.697342 0.050800 0.000000 0.000000 0.000000 1.000000
0.992147 0.103137 -0.070754 -0.139500 -0.116546 0.557052 -0.822259 17.924500 -0.045391 0.824048 0.564698 0.050800 0.000000 0.000000 0.000000 1.000000
0.991007 0.105745 -0.081994 -0.139500 -0.122122 0.464302 -0.877217 17.924500 -0.054691 0.879341 0.473041 0.050800 0.000000 0.000000 0.000000 1.000000
0.990873 0.105968 -0.083314 -0.139500 -0.122703 0.453173 -0.882937 17.924500 -0.055808 0.885102 0.462039 0.050800 0.000000 0.000000 0.000000 1.000000
0.991485 0.104808 -0.077282 -0.139500 -0.119925 0.503624 -0.855559 17.924500 -0.050748 0.857542 0.511905 0.050800 0.000000 0.000000 0.000000 1.000000
0.992550 0.101903 -0.066791 -0.139500 -0.114298 0.588865 -0.800109 17.924500 -0.042202 0.801782 0.596125 0.050800 0.000000 0.000000 0.000000 1.000000
0.993831 0.096778 -0.054159 -0.139500 -0.106068 0.686874 -0.718995 17.924500 -0.032382 0.720304 0.692902 0.050800 0.000000 0.000000 0.000000 1.000000
0.995086 0.089759 -0.041792 -0.139500 -0.096219 0.777134 -0.621937 17.924500 -0.023347 0.622902 0.781952 0.050800 0.000000 0.000000 0.000000 1.000000
0.996119 0.082146 -0.031617 -0.139500 -0.086470 0.846167 -0.525855 17.924500 -0.016444 0.526548 0.849986 0.050800 0.000000 0.000000 0.000000 1.000000
0.996796 0.075995 -0.024939 -0.139500 -0.079039 0.888194 -0.452619 17.924500 -0.012246 0.453140 0.891355 0.050800 0.000000 0.000000 0.000000 1.000000
0.997033 0.073578 -0.022603 -0.139500 -0.076202 0.902140 -0.424660 17.924500 -0.010854 0.425123 0.905071 0.050800 0.000000 0.000000 0.000000 1.000000
0.997032 0.073589 -0.022614 -0.139500 -0.076215 0.902080 -0.424786 17.924500 -0.010860 0.425249 0.905011 0.050800 0.000000 0.000000 0.000000 1.000000
0.997031 0.073597 -0.022622 -0.139500 -0.076225 0.902032 -0.424886 17.924500 -0.010865 0.425349 0.904964 0.050800 0.000000 0.000000 0.000000 1.000000</float_array>
        <technique_common>
          <accessor source="#mixamorig_LeftHandMiddle1-Matrix-animation-output-transform-array" count="26" stride="16">
            <param type="float4x4"/>
          </accessor>
        </technique_common>
      </source>
      <source id="mixamorig_LeftHandMiddle1-Interpolations">
        <Name_array id="mixamorig_LeftHandMiddle1-Interpolations-array" count="26">
 LINEAR LINEAR LINEAR LINEAR LINEAR LINEAR LINEAR LINEAR LINEAR LINEAR LINEAR
LINEAR LINEAR LINEAR LINEAR LINEAR LINEAR LINEAR LINEAR LINEAR LINEAR LINEAR LINEAR
LINEAR LINEAR LINEAR</Name_array>
        <technique_common>
          <accessor source="#mixamorig_LeftHandMiddle1-Interpolations-array" count="26">
            <param type="name"/>
          </accessor>
        </technique_common>
      </source>
      <sampler id="mixamorig_LeftHandMiddle1-Matrix-animation-transform">
        <input semantic="INPUT" source="#mixamorig_LeftHandMiddle1-Matrix-animation-input"/>
        <input semantic="OUTPUT" source="#mixamorig_LeftHandMiddle1-Matrix-animation-output-transform"/>
        <input semantic="INTERPOLATION" source="#mixamorig_LeftHandMiddle1-Interpolations"/>
      </sampler>
      <channel source="#mixamorig_LeftHandMiddle1-Matrix-animation-transform" target="mixamorig_LeftHandMiddle1/matrix"/>
    </animation>
    <animation id="mixamorig_LeftHandMiddle2-anim" name="mixamorig_LeftHandMiddle2">
      <source id="mixamorig_LeftHandMiddle2-Matrix-animation-input">
        <float_array id="mixamorig_LeftHandMiddle2-Matrix-animation-input-array" count="26">

0.000000 0.033333 0.066667 0.100000 0.133333 0.166667 0.200000 0.233333 0.266667 0.300000 0.333333 0.366667 0.400000 0.433333 0.466667 0.500000
0.533333 0.566667 0.600000 0.633333 0.666667 0.700000 0.733333 0.766667 0.800000 0.833333</float_array>
        <technique_common>
          <accessor source="#mixamorig_LeftHandMiddle2-Matrix-animation-input-array" count="26">
            <param name="TIME" type="float"/>
          </accessor>
        </technique_common>
      </source>
      <source id="mixamorig_LeftHandMiddle2-Matrix-animation-output-transform">
        <float_array id="mixamorig_LeftHandMiddle2-Matrix-animation-output-transform-array" count="416">

0.991600 0.099378 -0.082781 0.000000 -0.099378 0.175767 -0.979403 5.001900 -0.082781 0.979403 0.184166 0.000000 0.000000 0.000000 0.000000 1.000000
0.991600 0.099378 -0.082781 0.000000 -0.099378 0.175766 -0.979403 5.001900 -0.082781 0.979403 0.184166 0.000000 0.000000 0.000000 0.000000 1.000000
0.991600 0.099378 -0.082781 0.000000 -0.099378 0.175767 -0.979403 5.001900 -0.082781 0.979403 0.184166 0.000000 0.000000 0.000000 0.000000 1.000000
0.991600 0.099378 -0.082781 -0.000000 -0.099378 0.175767 -0.979403 5.001900 -0.082781 0.979403 0.184166 0.000000 0.000000 0.000000 0.000000 1.000000
0.991600 0.099379 -0.082781 0.000000 -0.099378 0.175766 -0.979403 5.001900 -0.082781 0.979403 0.184166 -0.000000 0.000000 0.000000 0.000000 1.000000
0.991600 0.099378 -0.082781 0.000000 -0.099378 0.175766 -0.979403 5.001900 -0.082781 0.979403 0.184166 0.000000 0.000000 0.000000 0.000000 1.000000
0.991600 0.099378 -0.082781 0.000000 -0.099378 0.175767 -0.979403 5.001900 -0.082781 0.979403 0.184166 -0.000000 0.000000 0.000000 0.000000 1.000000
0.991600 0.099378 -0.082781 0.000000 -0.099378 0.175766 -0.979403 5.001900 -0.082781 0.979403 0.184166 -0.000000 0.000000 0.000000 0.000000 1.000000
0.991600 0.099378 -0.082781 0.000000 -0.099378 0.175767 -0.979403 5.001900 -0.082781 0.979403 0.184166 0.000000 0.000000 0.000000 0.000000 1.000000
0.991601 0.099378 -0.082779 0.000000 -0.099378 0.175793 -0.979398 5.001900 -0.082778 0.979398 0.184192 0.000000 0.000000 0.000000 0.000000 1.000000
0.991602 0.099375 -0.082764 0.000000 -0.099375 0.175934 -0.979373 5.001900 -0.082764 0.979373 0.184332 0.000000 0.000000 0.000000 0.000000 1.000000
0.991529 0.099502 -0.083485 -0.000000 -0.099502 0.168757 -0.980622 5.001900 -0.083485 0.980622 0.177228 -0.000000 0.000000 0.000000 0.000000 1.000000
0.991308 0.099852 -0.085659 0.000000 -0.099851 0.147111 -0.984067 5.001900 -0.085659 0.984067 0.155803 -0.000000 0.000000 0.000000 0.000000 1.000000
0.991012 0.100244 -0.088585 0.000000 -0.100245 0.117984 -0.987943 5.001900 -0.088584 0.987943 0.126973 -0.000000 0.000000 0.000000 0.000000 1.000000
0.990729 0.100538 -0.091373 0.000000 -0.100538 0.090217 -0.990834 5.001900 -0.091373 0.990834 0.099489 0.000000 0.000000 0.000000 0.000000 1.000000
0.990551 0.100682 -0.093122 0.000000 -0.100682 0.072806 -0.992251 5.001900 -0.093122 0.992251 0.082255 0.000000 0.000000 0.000000 0.000000 1.000000
0.990530 0.100697 -0.093325 0.000000 -0.100696 0.070786 -0.992396 5.001900 -0.093325 0.992396 0.080255 0.000000 0.000000 0.000000 0.000000 1.000000
0.990625 0.100626 -0.092394 0.000000 -0.100626 0.080055 -0.991698 5.001900 -0.092394 0.991698 0.089430 0.000000 0.000000 0.000000 0.000000 1.000000
0.990792 0.100479 -0.090745 0.000000 -0.100479 0.096471 -0.990251 5.001900 -0.090745 0.990251 0.105679 0.000000 0.000000 0.000000 0.000000 1.000000
0.991001 0.100257 -0.088685 0.000000 -0.100257 0.116987 -0.988060 5.001900 -0.088685 0.988060 0.125986 0.000000 0.000000 0.000000 0.000000 1.000000
0.991219 0.099980 -0.086542 -0.000000 -0.099979 0.138323 -0.985328 5.001900 -0.086542 0.985328 0.147104 -0.000000 0.000000 0.000000 0.000000 1.000000
0.991412 0.099692 -0.084633 0.000000 -0.099693 0.157324 -0.982502 5.001900 -0.084633 0.982502 0.165911 0.000000 0.000000 0.000000 0.000000 1.000000
0.991550 0.099466 -0.083275 0.000000 -0.099466 0.170852 -0.980263 5.001900 -0.083275 0.980263 0.179301 0.000000 0.000000 0.000000 0.000000 1.000000
0.991601 0.099377 -0.082773 -0.000000 -0.099377 0.175849 -0.979388 5.001900 -0.082773 0.979388 0.184248 0.000000 0.000000 0.000000 0.000000 1.000000
0.991601 0.099377 -0.082775 0.000000 -0.099377 0.175827 -0.979392 5.001900 -0.082775 0.979392 0.184226 0.000000 0.000000 0.000000 0.000000 1.000000
0.991601 0.099377 -0.082777 -0.000000 -0.099377 0.175809 -0.979395 5.001900 -0.082777 0.979395 0.184209 -0.000000 0.000000 0.000000 0.000000 1.000000</float_array>
        <technique_common>
          <accessor source="#mixamorig_LeftHandMiddle2-Matrix-animation-output-transform-array" count="26" stride="16">
            <param type="float4x4"/>
          </accessor>
        </technique_common>
      </source>
      <source id="mixamorig_LeftHandMiddle2-Interpolations">
        <Name_array id="mixamorig_LeftHandMiddle2-Interpolations-array" count="26">
 LINEAR LINEAR LINEAR LINEAR LINEAR LINEAR LINEAR LINEAR LINEAR LINEAR LINEAR
LINEAR LINEAR LINEAR LINEAR LINEAR LINEAR LINEAR LINEAR LINEAR LINEAR LINEAR LINEAR
LINEAR LINEAR LINEAR</Name_array>
        <technique_common>
          <accessor source="#mixamorig_LeftHandMiddle2-Interpolations-array" count="26">
            <param type="name"/>
          </accessor>
        </technique_common>
      </source>
      <sampler id="mixamorig_LeftHandMiddle2-Matrix-animation-transform">
        <input semantic="INPUT" source="#mixamorig_LeftHandMiddle2-Matrix-animation-input"/>
        <input semantic="OUTPUT" source="#mixamorig_LeftHandMiddle2-Matrix-animation-output-transform"/>
        <input semantic="INTERPOLATION" source="#mixamorig_LeftHandMiddle2-Interpolations"/>
      </sampler>
      <channel source="#mixamorig_LeftHandMiddle2-Matrix-animation-transform" target="mixamorig_LeftHandMiddle2/matrix"/>
    </animation>
    <animation id="mixamorig_LeftHandMiddle3-anim" name="mixamorig_LeftHandMiddle3">
      <source id="mixamorig_LeftHandMiddle3-Matrix-animation-input">
        <float_array id="mixamorig_LeftHandMiddle3-Matrix-animation-input-array" count="26">

0.000000 0.033333 0.066667 0.100000 0.133333 0.166667 0.200000 0.233333 0.266667 0.300000 0.333333 0.366667 0.400000 0.433333 0.466667 0.500000
0.533333 0.566667 0.600000 0.633333 0.666667 0.700000 0.733333 0.766667 0.800000 0.833333</float_array>
        <technique_common>
          <accessor source="#mixamorig_LeftHandMiddle3-Matrix-animation-input-array" count="26">
            <param name="TIME" type="float"/>
          </accessor>
        </technique_common>
      </source>
      <source id="mixamorig_LeftHandMiddle3-Matrix-animation-output-transform">
        <float_array id="mixamorig_LeftHandMiddle3-Matrix-animation-output-transform-array" count="416">

0.997535 0.065834 -0.024296 0.000000 -0.065834 0.758093 -0.648815 3.278600 -0.024296 0.648815 0.760558 -0.000000 0.000000 0.000000 0.000000 1.000000
0.997535 0.065834 -0.024296 0.000000 -0.065834 0.758093 -0.648815 3.278600 -0.024296 0.648815 0.760558 0.000000 0.000000 0.000000 0.000000 1.000000
0.997535 0.065834 -0.024296 0.000000 -0.065834 0.758093 -0.648815 3.278600 -0.024296 0.648815 0.760558 0.000000 0.000000 0.000000 0.000000 1.000000
0.997535 0.065834 -0.024296 0.000000 -0.065834 0.758093 -0.648815 3.278600 -0.024296 0.648815 0.760558 -0.000000 0.000000 0.000000 0.000000 1.000000
0.997535 0.065834 -0.024296 -0.000000 -0.065834 0.758093 -0.648815 3.278600 -0.024296 0.648815 0.760558 0.000000 0.000000 0.000000 0.000000 1.000000
0.997535 0.065834 -0.024296 -0.000000 -0.065834 0.758093 -0.648815 3.278600 -0.024296 0.648815 0.760558 0.000000 0.000000 0.000000 0.000000 1.000000
0.997535 0.065834 -0.024296 0.000000 -0.065834 0.758093 -0.648815 3.278600 -0.024296 0.648815 0.760558 0.000000 0.000000 0.000000 0.000000 1.000000
0.997535 0.065834 -0.024296 0.000000 -0.065834 0.758093 -0.648815 3.278600 -0.024296 0.648815 0.760558 0.000000 0.000000 0.000000 0.000000 1.000000
0.997535 0.065834 -0.024296 0.000000 -0.065834 0.758093 -0.648815 3.278600 -0.024296 0.648815 0.760558 0.000000 0.000000 0.000000 0.000000 1.000000
0.997535 0.065833 -0.024295 -0.000000 -0.065833 0.758104 -0.648803 3.278600 -0.024295 0.648803 0.760569 0.000000 0.000000 0.000000 0.000000 1.000000
0.997535 0.065826 -0.024289 0.000000 -0.065826 0.758162 -0.648736 3.278600 -0.024289 0.648736 0.760626 -0.000000 0.000000 0.000000 0.000000 1.000000
0.997505 0.066173 -0.024587 0.000000 -0.066173 0.755193 -0.652154 3.278600 -0.024587 0.652154 0.757687 -0.000000 0.000000 0.000000 0.000000 1.000000
0.997413 0.067209 -0.025494 0.000000 -0.067209 0.746165 -0.662360 3.278600 -0.025494 0.662360 0.748752 -0.000000 0.000000 0.000000 0.000000 1.000000
0.997288 0.068577 -0.026731 0.000000 -0.068577 0.733844 -0.675848 3.278600 -0.026731 0.675848 0.736556 0.000000 0.000000 0.000000 0.000000 1.000000
0.997166 0.069856 -0.027930 -0.000000 -0.069856 0.721910 -0.688452 3.278600 -0.027930 0.688452 0.724744 0.000000 0.000000 0.000000 0.000000 1.000000
0.997089 0.070645 -0.028691 0.000000 -0.070645 0.714332 -0.696232 3.278600 -0.028691 0.696232 0.717243 0.000000 0.000000 0.000000 0.000000 1.000000
0.997080 0.070736 -0.028780 0.000000 -0.070736 0.713447 -0.697129 3.278600 -0.028780 0.697129 0.716368 -0.000000 0.000000 0.000000 0.000000 1.000000
0.997121 0.070318 -0.028373 0.000000 -0.070318 0.717496 -0.693004 3.278600 -0.028373 0.693004 0.720375 -0.000000 0.000000 0.000000 0.000000 1.000000
0.997194 0.069570 -0.027659 0.000000 -0.069570 0.724614 -0.685634 3.278600 -0.027658 0.685634 0.727420 0.000000 0.000000 0.000000 0.000000 1.000000
0.997283 0.068623 -0.026774 0.000000 -0.068623 0.733418 -0.676305 3.278600 -0.026774 0.676305 0.736135 0.000000 0.000000 0.000000 0.000000 1.000000
0.997376 0.067624 -0.025865 -0.000000 -0.067624 0.742468 -0.666459 3.278600 -0.025865 0.666459 0.745093 -0.000000 0.000000 0.000000 0.000000 1.000000
0.997457 0.066722 -0.025065 0.000000 -0.066722 0.750437 -0.657565 3.278600 -0.025065 0.657565 0.752981 0.000000 0.000000 0.000000 0.000000 1.000000
0.997514 0.066072 -0.024500 0.000000 -0.066072 0.756060 -0.651158 3.278600 -0.024500 0.651158 0.758546 0.000000 0.000000 0.000000 0.000000 1.000000
0.997535 0.065830 -0.024292 0.000000 -0.065830 0.758127 -0.648776 3.278600 -0.024292 0.648776 0.760592 0.000000 0.000000 0.000000 0.000000 1.000000
0.997536 0.065823 -0.024287 -0.000000 -0.065823 0.758185 -0.648708 3.278600 -0.024286 0.648708 0.760649 0.000000 0.000000 0.000000 0.000000 1.000000
0.997536 0.065823 -0.024286 0.000000 -0.065823 0.758185 -0.648708 3.278600 -0.024286 0.648708 0.760650 0.000000 0.000000 0.000000 0.000000 1.000000</float_array>
        <technique_common>
          <accessor source="#mixamorig_LeftHandMiddle3-Matrix-animation-output-transform-array" count="26" stride="16">
            <param type="float4x4"/>
          </accessor>
        </technique_common>
      </source>
      <source id="mixamorig_LeftHandMiddle3-Interpolations">
        <Name_array id="mixamorig_LeftHandMiddle3-Interpolations-array" count="26">
 LINEAR LINEAR LINEAR LINEAR LINEAR LINEAR LINEAR LINEAR LINEAR LINEAR LINEAR
LINEAR LINEAR LINEAR LINEAR LINEAR LINEAR LINEAR LINEAR LINEAR LINEAR LINEAR LINEAR
LINEAR LINEAR LINEAR</Name_array>
        <technique_common>
          <accessor source="#mixamorig_LeftHandMiddle3-Interpolations-array" count="26">
            <param type="name"/>
          </accessor>
        </technique_common>
      </source>
      <sampler id="mixamorig_LeftHandMiddle3-Matrix-animation-transform">
        <input semantic="INPUT" source="#mixamorig_LeftHandMiddle3-Matrix-animation-input"/>
        <input semantic="OUTPUT" source="#mixamorig_LeftHandMiddle3-Matrix-animation-output-transform"/>
        <input semantic="INTERPOLATION" source="#mixamorig_LeftHandMiddle3-Interpolations"/>
      </sampler>
      <channel source="#mixamorig_LeftHandMiddle3-Matrix-animation-transform" target="mixamorig_LeftHandMiddle3/matrix"/>
    </animation>
    <animation id="mixamorig_LeftHandRing1-anim" name="mixamorig_LeftHandRing1">
      <source id="mixamorig_LeftHandRing1-Matrix-animation-input">
        <float_array id="mixamorig_LeftHandRing1-Matrix-animation-input-array" count="26">

0.000000 0.033333 0.066667 0.100000 0.133333 0.166667 0.200000 0.233333 0.266667 0.300000 0.333333 0.366667 0.400000 0.433333 0.466667 0.500000
0.533333 0.566667 0.600000 0.633333 0.666667 0.700000 0.733333 0.766667 0.800000 0.833333</float_array>
        <technique_common>
          <accessor source="#mixamorig_LeftHandRing1-Matrix-animation-input-array" count="26">
            <param name="TIME" type="float"/>
          </accessor>
        </technique_common>
      </source>
      <source id="mixamorig_LeftHandRing1-Matrix-animation-output-transform">
        <float_array id="mixamorig_LeftHandRing1-Matrix-animation-output-transform-array" count="416">

0.994577 0.092870 -0.046807 3.988400 -0.100450 0.741286 -0.663630 15.764500 -0.026934 0.664733 0.746595 0.151700 0.000000 0.000000 0.000000 1.000000
0.994577 0.092870 -0.046807 3.988400 -0.100450 0.741286 -0.663630 15.764500 -0.026934 0.664733 0.746595 0.151700 0.000000 0.000000 0.000000 1.000000
0.994577 0.092870 -0.046807 3.988400 -0.100450 0.741286 -0.663630 15.764500 -0.026934 0.664733 0.746595 0.151700 0.000000 0.000000 0.000000 1.000000
0.994577 0.092870 -0.046807 3.988400 -0.100450 0.741286 -0.663630 15.764500 -0.026934 0.664733 0.746595 0.151700 0.000000 0.000000 0.000000 1.000000
0.994577 0.092870 -0.046807 3.988400 -0.100450 0.741286 -0.663630 15.764500 -0.026934 0.664733 0.746595 0.151700 0.000000 0.000000 0.000000 1.000000
0.994577 0.092870 -0.046806 3.988400 -0.100450 0.741286 -0.663630 15.764500 -0.026935 0.664733 0.746595 0.151700 0.000000 0.000000 0.000000 1.000000
0.994577 0.092870 -0.046806 3.988400 -0.100450 0.741286 -0.663630 15.764500 -0.026934 0.664733 0.746595 0.151700 0.000000 0.000000 0.000000 1.000000
0.994578 0.092867 -0.046801 3.988400 -0.100446 0.741329 -0.663583 15.764500 -0.026930 0.664686 0.746637 0.151700 0.000000 0.000000 0.000000 1.000000
0.994579 0.092859 -0.046787 3.988400 -0.100434 0.741427 -0.663475 15.764500 -0.026920 0.664578 0.746734 0.151700 0.000000 0.000000 0.000000 1.000000
0.994573 0.092894 -0.046848 3.988400 -0.100484 0.740985 -0.663961 15.764500 -0.026964 0.665065 0.746299 0.151700 0.000000 0.000000 0.000000 1.000000
0.994585 0.092829 -0.046736 3.988400 -0.100393 0.741801 -0.663063 15.764500 -0.026883 0.664164 0.747103 0.151700 0.000000 0.000000 0.000000 1.000000
0.993993 0.095994 -0.052568 3.988400 -0.104908 0.698819 -0.707563 15.764500 -0.031186 0.708828 0.704692 0.151700 0.000000 0.000000 0.000000 1.000000
0.992109 0.103246 -0.071134 3.988400 -0.116754 0.553974 -0.824306 15.764500 -0.045700 0.826107 0.561657 0.151700 0.000000 0.000000 0.000000 1.000000
0.989434 0.107307 -0.097500 3.988400 -0.127993 0.330559 -0.935066 15.764500 -0.068110 0.937665 0.340800 0.151700 0.000000 0.000000 0.000000 1.000000
0.986873 0.104964 -0.122739 3.988400 -0.133175 0.098974 -0.986138 15.764500 -0.091361 0.989539 0.111653 0.151700 0.000000 0.000000 0.000000 1.000000
0.985326 0.100468 -0.137978 3.988400 -0.133546 -0.049614 -0.989800 15.764500 -0.106289 0.993702 -0.035469 0.151700 0.000000 0.000000 0.000000 1.000000
0.985152 0.099800 -0.139699 3.988400 -0.133445 -0.066840 -0.988800 15.764500 -0.108020 0.992760 -0.052529 0.151700 0.000000 0.000000 0.000000 1.000000
0.985962 0.102616 -0.131718 3.988400 -0.133663 0.012280 -0.990951 15.764500 -0.100070 0.994645 0.025823 0.151700 0.000000 0.000000 0.000000 1.000000
0.987443 0.106017 -0.117121 3.988400 -0.132497 0.152032 -0.979454 15.764500 -0.086032 0.982673 0.164170 0.151700 0.000000 0.000000 0.000000 1.000000
0.989341 0.107328 -0.098414 3.988400 -0.128275 0.322474 -0.937847 15.764500 -0.068921 0.940474 0.332804 0.151700 0.000000 0.000000 0.000000 1.000000
0.991313 0.105172 -0.078983 3.988400 -0.120741 0.489507 -0.863600 15.764500 -0.052164 0.865634 0.497953 0.151700 0.000000 0.000000 0.000000 1.000000
0.993014 0.100263 -0.062216 3.988400 -0.111511 0.624972 -0.772642 15.764500 -0.038584 0.774182 0.631786 0.151700 0.000000 0.000000 0.000000 1.000000
0.994168 0.095108 -0.050846 3.988400 -0.103619 0.711644 -0.694857 15.764500 -0.029902 0.696073 0.717348 0.151700 0.000000 0.000000 0.000000 1.000000
0.994578 0.092868 -0.046803 3.988400 -0.100447 0.741312 -0.663601 15.764500 -0.026932 0.664704 0.746621 0.151700 0.000000 0.000000 0.000000 1.000000
0.994576 0.092878 -0.046821 3.988400 -0.100462 0.741182 -0.663744 15.764500 -0.026944 0.664848 0.746493 0.151700 0.000000 0.000000 0.000000 1.000000
0.994575 0.092887 -0.046835 3.988400 -0.100473 0.741080 -0.663856 15.764500 -0.026955 0.664960 0.746392 0.151700 0.000000 0.000000 0.000000 1.000000</float_array>
        <technique_common>
          <accessor source="#mixamorig_LeftHandRing1-Matrix-animation-output-transform-array" count="26" stride="16">
            <param type="float4x4"/>
          </accessor>
        </technique_common>
      </source>
      <source id="mixamorig_LeftHandRing1-Interpolations">
        <Name_array id="mixamorig_LeftHandRing1-Interpolations-array" count="26">
 LINEAR LINEAR LINEAR LINEAR LINEAR LINEAR LINEAR LINEAR LINEAR LINEAR LINEAR
LINEAR LINEAR LINEAR LINEAR LINEAR LINEAR LINEAR LINEAR LINEAR LINEAR LINEAR LINEAR
LINEAR LINEAR LINEAR</Name_array>
        <technique_common>
          <accessor source="#mixamorig_LeftHandRing1-Interpolations-array" count="26">
            <param type="name"/>
          </accessor>
        </technique_common>
      </source>
      <sampler id="mixamorig_LeftHandRing1-Matrix-animation-transform">
        <input semantic="INPUT" source="#mixamorig_LeftHandRing1-Matrix-animation-input"/>
        <input semantic="OUTPUT" source="#mixamorig_LeftHandRing1-Matrix-animation-output-transform"/>
        <input semantic="INTERPOLATION" source="#mixamorig_LeftHandRing1-Interpolations"/>
      </sampler>
      <channel source="#mixamorig_LeftHandRing1-Matrix-animation-transform" target="mixamorig_LeftHandRing1/matrix"/>
    </animation>
    <animation id="mixamorig_LeftHandRing2-anim" name="mixamorig_LeftHandRing2">
      <source id="mixamorig_LeftHandRing2-Matrix-animation-input">
        <float_array id="mixamorig_LeftHandRing2-Matrix-animation-input-array" count="26">

0.000000 0.033333 0.066667 0.100000 0.133333 0.166667 0.200000 0.233333 0.266667 0.300000 0.333333 0.366667 0.400000 0.433333 0.466667 0.500000
0.533333 0.566667 0.600000 0.633333 0.666667 0.700000 0.733333 0.766667 0.800000 0.833333</float_array>
        <technique_common>
          <accessor source="#mixamorig_LeftHandRing2-Matrix-animation-input-array" count="26">
            <param name="TIME" type="float"/>
          </accessor>
        </technique_common>
      </source>
      <source id="mixamorig_LeftHandRing2-Matrix-animation-output-transform">
        <float_array id="mixamorig_LeftHandRing2-Matrix-animation-output-transform-array" count="416">

0.988906 0.100553 -0.109330 -0.000000 -0.100553 -0.088570 -0.990982 3.497800 -0.109330 0.990982 -0.077477 0.000000 0.000000 0.000000 0.000000 1.000000
0.988906 0.100553 -0.109330 0.000000 -0.100553 -0.088570 -0.990982 3.497800 -0.109330 0.990982 -0.077477 0.000000 0.000000 0.000000 0.000000 1.000000
0.988906 0.100553 -0.109330 -0.000000 -0.100553 -0.088570 -0.990981 3.497800 -0.109330 0.990981 -0.077477 0.000000 0.000000 0.000000 0.000000 1.000000
0.988906 0.100553 -0.109330 0.000000 -0.100553 -0.088570 -0.990982 3.497800 -0.109330 0.990982 -0.077477 0.000000 0.000000 0.000000 0.000000 1.000000
0.988907 0.100553 -0.109330 -0.000000 -0.100553 -0.088570 -0.990982 3.497800 -0.109330 0.990982 -0.077476 0.000000 0.000000 0.000000 0.000000 1.000000
0.988906 0.100553 -0.109330 0.000000 -0.100553 -0.088570 -0.990982 3.497800 -0.109330 0.990982 -0.077477 0.000000 0.000000 0.000000 0.000000 1.000000
0.988906 0.100553 -0.109330 0.000000 -0.100553 -0.088570 -0.990982 3.497800 -0.109330 0.990982 -0.077477 0.000000 0.000000 0.000000 0.000000 1.000000
0.988906 0.100553 -0.109330 -0.000000 -0.100553 -0.088570 -0.990982 3.497800 -0.109330 0.990982 -0.077477 -0.000000 0.000000 0.000000 0.000000 1.000000
0.988907 0.100554 -0.109325 -0.000000 -0.100554 -0.088525 -0.990985 3.497800 -0.109325 0.990985 -0.077432 0.000000 0.000000 0.000000 0.000000 1.000000
0.988909 0.100556 -0.109302 0.000000 -0.100556 -0.088288 -0.991006 3.497800 -0.109302 0.991006 -0.077197 0.000000 0.000000 0.000000 0.000000 1.000000
0.988905 0.100552 -0.109346 0.000000 -0.100552 -0.088728 -0.990968 3.497800 -0.109346 0.990968 -0.077632 -0.000000 0.000000 0.000000 0.000000 1.000000
0.989134 0.100728 -0.107087 -0.000000 -0.100728 -0.066242 -0.992706 3.497800 -0.107087 0.992706 -0.055376 0.000000 0.000000 0.000000 0.000000 1.000000
0.989825 0.100950 -0.100276 0.000000 -0.100950 0.001571 -0.994890 3.497800 -0.100276 0.994890 0.011746 0.000000 0.000000 0.000000 0.000000 1.000000
0.990751 0.100518 -0.091153 0.000000 -0.100518 0.092417 -0.990634 3.497800 -0.091152 0.990634 0.101666 -0.000000 0.000000 0.000000 0.000000 1.000000
0.991623 0.099337 -0.082555 0.000000 -0.099338 0.178026 -0.978999 3.497800 -0.082554 0.978999 0.186403 -0.000000 0.000000 0.000000 0.000000 1.000000
0.992163 0.098221 -0.077238 0.000000 -0.098221 0.230957 -0.967994 3.497800 -0.077238 0.967994 0.238794 0.000000 0.000000 0.000000 0.000000 1.000000
0.992225 0.098073 -0.076626 -0.000000 -0.098073 0.237055 -0.966533 3.497800 -0.076626 0.966533 0.244831 -0.000000 0.000000 0.000000 0.000000 1.000000
0.991939 0.098721 -0.079444 0.000000 -0.098721 0.209002 -0.972920 3.497800 -0.079443 0.972920 0.217063 -0.000000 0.000000 0.000000 0.000000 1.000000
0.991428 0.099668 -0.084479 0.000000 -0.099668 0.158861 -0.982257 3.497800 -0.084479 0.982257 0.167433 0.000000 0.000000 0.000000 0.000000 1.000000
0.990782 0.100489 -0.090842 0.000000 -0.100489 0.095513 -0.990343 3.497800 -0.090842 0.990343 0.104730 0.000000 0.000000 0.000000 0.000000 1.000000
0.990105 0.100908 -0.097516 0.000000 -0.100907 0.029057 -0.994471 3.497800 -0.097516 0.994471 0.038952 0.000000 0.000000 0.000000 0.000000 1.000000
0.989499 0.100903 -0.103489 -0.000000 -0.100903 -0.030410 -0.994431 3.497800 -0.103489 0.994431 -0.019909 0.000000 0.000000 0.000000 0.000000 1.000000
0.989067 0.100682 -0.107747 0.000000 -0.100683 -0.072806 -0.992251 3.497800 -0.107747 0.992251 -0.061873 -0.000000 0.000000 0.000000 0.000000 1.000000
0.988908 0.100554 -0.109319 0.000000 -0.100554 -0.088463 -0.990991 3.497800 -0.109319 0.990991 -0.077371 0.000000 0.000000 0.000000 0.000000 1.000000
0.988908 0.100555 -0.109312 0.000000 -0.100555 -0.088393 -0.990997 3.497800 -0.109312 0.990997 -0.077301 -0.000000 0.000000 0.000000 0.000000 1.000000
0.988909 0.100555 -0.109306 -0.000000 -0.100555 -0.088338 -0.991002 3.497800 -0.109307 0.991002 -0.077247 0.000000 0.000000 0.000000 0.000000 1.000000</float_array>
        <technique_common>
          <accessor source="#mixamorig_LeftHandRing2-Matrix-animation-output-transform-array" count="26" stride="16">
            <param type="float4x4"/>
          </accessor>
        </technique_common>
      </source>
      <source id="mixamorig_LeftHandRing2-Interpolations">
        <Name_array id="mixamorig_LeftHandRing2-Interpolations-array" count="26">
 LINEAR LINEAR LINEAR LINEAR LINEAR LINEAR LINEAR LINEAR LINEAR LINEAR LINEAR
LINEAR LINEAR LINEAR LINEAR LINEAR LINEAR LINEAR LINEAR LINEAR LINEAR LINEAR LINEAR
LINEAR LINEAR LINEAR</Name_array>
        <technique_common>
          <accessor source="#mixamorig_LeftHandRing2-Interpolations-array" count="26">
            <param type="name"/>
          </accessor>
        </technique_common>
      </source>
      <sampler id="mixamorig_LeftHandRing2-Matrix-animation-transform">
        <input semantic="INPUT" source="#mixamorig_LeftHandRing2-Matrix-animation-input"/>
        <input semantic="OUTPUT" source="#mixamorig_LeftHandRing2-Matrix-animation-output-transform"/>
        <input semantic="INTERPOLATION" source="#mixamorig_LeftHandRing2-Interpolations"/>
      </sampler>
      <channel source="#mixamorig_LeftHandRing2-Matrix-animation-transform" target="mixamorig_LeftHandRing2/matrix"/>
    </animation>
    <animation id="mixamorig_LeftHandRing3-anim" name="mixamorig_LeftHandRing3">
      <source id="mixamorig_LeftHandRing3-Matrix-animation-input">
        <float_array id="mixamorig_LeftHandRing3-Matrix-animation-input-array" count="26">

0.000000 0.033333 0.066667 0.100000 0.133333 0.166667 0.200000 0.233333 0.266667 0.300000 0.333333 0.366667 0.400000 0.433333 0.466667 0.500000
0.533333 0.566667 0.600000 0.633333 0.666667 0.700000 0.733333 0.766667 0.800000 0.833333</float_array>
        <technique_common>
          <accessor source="#mixamorig_LeftHandRing3-Matrix-animation-input-array" count="26">
            <param name="TIME" type="float"/>
          </accessor>
        </technique_common>
      </source>
      <source id="mixamorig_LeftHandRing3-Matrix-animation-output-transform">
        <float_array id="mixamorig_LeftHandRing3-Matrix-animation-output-transform-array" count="416">

0.996520 0.075975 -0.034301 0.000000 -0.075975 0.658476 -0.748757 2.983800 -0.034301 0.748757 0.661956 0.000000 0.000000 0.000000 0.000000 1.000000
0.996520 0.075975 -0.034301 0.000000 -0.075975 0.658476 -0.748757 2.983800 -0.034301 0.748757 0.661956 0.000000 0.000000 0.000000 0.000000 1.000000
0.996520 0.075975 -0.034301 0.000000 -0.075975 0.658476 -0.748757 2.983800 -0.034301 0.748757 0.661956 -0.000000 0.000000 0.000000 0.000000 1.000000
0.996520 0.075975 -0.034301 -0.000000 -0.075975 0.658476 -0.748757 2.983800 -0.034301 0.748757 0.661956 0.000000 0.000000 0.000000 0.000000 1.000000
0.996520 0.075975 -0.034301 -0.000000 -0.075975 0.658476 -0.748757 2.983800 -0.034301 0.748757 0.661956 0.000000 0.000000 0.000000 0.000000 1.000000
0.996520 0.075975 -0.034301 0.000000 -0.075975 0.658476 -0.748757 2.983800 -0.034301 0.748757 0.661956 0.000000 0.000000 0.000000 0.000000 1.000000
0.996520 0.075975 -0.034301 -0.000000 -0.075975 0.658476 -0.748757 2.983800 -0.034301 0.748757 0.661956 0.000000 0.000000 0.000000 0.000000 1.000000
0.996520 0.075975 -0.034301 0.000000 -0.075975 0.658476 -0.748757 2.983800 -0.034301 0.748757 0.661956 0.000000 0.000000 0.000000 0.000000 1.000000
0.996520 0.075973 -0.034299 -0.000000 -0.075973 0.658497 -0.748739 2.983800 -0.034299 0.748739 0.661977 -0.000000 0.000000 0.000000 0.000000 1.000000
0.996521 0.075963 -0.034287 0.000000 -0.075963 0.658608 -0.748642 2.983800 -0.034287 0.748642 0.662087 -0.000000 0.000000 0.000000 0.000000 1.000000
0.996519 0.075981 -0.034308 -0.000000 -0.075982 0.658402 -0.748821 2.983800 -0.034308 0.748821 0.661883 0.000000 0.000000 0.000000 0.000000 1.000000
0.996625 0.075046 -0.033259 0.000000 -0.075046 0.668851 -0.739599 2.983800 -0.033259 0.739599 0.672225 -0.000000 0.000000 0.000000 0.000000 1.000000
0.996938 0.072143 -0.030181 0.000000 -0.072143 0.699493 -0.710988 2.983800 -0.030181 0.710988 0.702556 0.000000 0.000000 0.000000 0.000000 1.000000
0.997336 0.068052 -0.026251 0.000000 -0.068052 0.738626 -0.670671 2.983800 -0.026251 0.670671 0.741290 0.000000 0.000000 0.000000 0.000000 1.000000
0.997693 0.063965 -0.022735 0.000000 -0.063965 0.773635 -0.630395 2.983800 -0.022735 0.630395 0.775941 0.000000 0.000000 0.000000 0.000000 1.000000
0.997905 0.061314 -0.020647 -0.000000 -0.061314 0.794418 -0.604268 2.983800 -0.020647 0.604268 0.796513 0.000000 0.000000 0.000000 0.000000 1.000000
0.997929 0.061002 -0.020411 0.000000 -0.061002 0.796772 -0.601193 2.983800 -0.020411 0.601193 0.798843 -0.000000 0.000000 0.000000 0.000000 1.000000
0.997818 0.062426 -0.021506 0.000000 -0.062426 0.785876 -0.615225 2.983800 -0.021505 0.615225 0.788058 -0.000000 0.000000 0.000000 0.000000 1.000000
0.997615 0.064901 -0.023507 -0.000000 -0.064901 0.765949 -0.639617 2.983800 -0.023507 0.639617 0.768334 0.000000 0.000000 0.000000 0.000000 1.000000
0.997350 0.067908 -0.026121 0.000000 -0.067908 0.739923 -0.669255 2.983800 -0.026121 0.669255 0.742573 0.000000 0.000000 0.000000 0.000000 1.000000
0.997061 0.070930 -0.028969 0.000000 -0.070930 0.711557 -0.699039 2.983800 -0.028970 0.699039 0.714497 0.000000 0.000000 0.000000 0.000000 1.000000
0.996792 0.073527 -0.031617 0.000000 -0.073527 0.685201 -0.724633 2.983800 -0.031617 0.724633 0.688409 0.000000 0.000000 0.000000 0.000000 1.000000
0.996594 0.075320 -0.033563 0.000000 -0.075320 0.665816 -0.742305 2.983800 -0.033564 0.742305 0.669222 0.000000 0.000000 0.000000 0.000000 1.000000
0.996520 0.075971 -0.034296 0.000000 -0.075971 0.658526 -0.748714 2.983800 -0.034296 0.748714 0.662006 0.000000 0.000000 0.000000 0.000000 1.000000
0.996520 0.075968 -0.034293 -0.000000 -0.075968 0.658559 -0.748685 2.983800 -0.034292 0.748685 0.662038 0.000000 0.000000 0.000000 0.000000 1.000000
0.996521 0.075966 -0.034290 -0.000000 -0.075966 0.658584 -0.748663 2.983800 -0.034290 0.748663 0.662064 0.000000 0.000000 0.000000 0.000000 1.000000</float_array>
        <technique_common>
          <accessor source="#mixamorig_LeftHandRing3-Matrix-animation-output-transform-array" count="26" stride="16">
            <param type="float4x4"/>
          </accessor>
        </technique_common>
      </source>
      <source id="mixamorig_LeftHandRing3-Interpolations">
        <Name_array id="mixamorig_LeftHandRing3-Interpolations-array" count="26">
 LINEAR LINEAR LINEAR LINEAR LINEAR LINEAR LINEAR LINEAR LINEAR LINEAR LINEAR
LINEAR LINEAR LINEAR LINEAR LINEAR LINEAR LINEAR LINEAR LINEAR LINEAR LINEAR LINEAR
LINEAR LINEAR LINEAR</Name_array>
        <technique_common>
          <accessor source="#mixamorig_LeftHandRing3-Interpolations-array" count="26">
            <param type="name"/>
          </accessor>
        </technique_common>
      </source>
      <sampler id="mixamorig_LeftHandRing3-Matrix-animation-transform">
        <input semantic="INPUT" source="#mixamorig_LeftHandRing3-Matrix-animation-input"/>
        <input semantic="OUTPUT" source="#mixamorig_LeftHandRing3-Matrix-animation-output-transform"/>
        <input semantic="INTERPOLATION" source="#mixamorig_LeftHandRing3-Interpolations"/>
      </sampler>
      <channel source="#mixamorig_LeftHandRing3-Matrix-animation-transform" target="mixamorig_LeftHandRing3/matrix"/>
    </animation>
    <animation id="mixamorig_LeftHandPinky1-anim" name="mixamorig_LeftHandPinky1">
      <source id="mixamorig_LeftHandPinky1-Matrix-animation-input">
        <float_array id="mixamorig_LeftHandPinky1-Matrix-animation-input-array" count="26">

0.000000 0.033333 0.066667 0.100000 0.133333 0.166667 0.200000 0.233333 0.266667 0.300000 0.333333 0.366667 0.400000 0.433333 0.466667 0.500000
0.533333 0.566667 0.600000 0.633333 0.666667 0.700000 0.733333 0.766667 0.800000 0.833333</float_array>
        <technique_common>
          <accessor source="#mixamorig_LeftHandPinky1-Matrix-animation-input-array" count="26">
            <param name="TIME" type="float"/>
          </accessor>
        </technique_common>
      </source>
      <source id="mixamorig_LeftHandPinky1-Matrix-animation-output-transform">
        <float_array id="mixamorig_LeftHandPinky1-Matrix-animation-output-transform-array" count="416">

0.996313 0.080489 -0.029703 6.663900 -0.084436 0.858507 -0.505803 12.707900 -0.015211 0.506446 0.862137 0.878100 0.000000 0.000000 0.000000 1.000000
0.996313 0.080489 -0.029704 6.663900 -0.084436 0.858507 -0.505803 12.707900 -0.015210 0.506446 0.862137 0.878100 0.000000 0.000000 0.000000 1.000000
0.996313 0.080489 -0.029704 6.663900 -0.084436 0.858507 -0.505803 12.707900 -0.015211 0.506446 0.862137 0.878100 0.000000 0.000000 0.000000 1.000000
0.996313 0.080489 -0.029704 6.663900 -0.084436 0.858507 -0.505803 12.707900 -0.015211 0.506446 0.862137 0.878100 0.000000 0.000000 0.000000 1.000000
0.996313 0.080489 -0.029704 6.663900 -0.084436 0.858507 -0.505803 12.707900 -0.015211 0.506446 0.862137 0.878100 0.000000 0.000000 0.000000 1.000000
0.996313 0.080489 -0.029703 6.663900 -0.084436 0.858507 -0.505803 12.707900 -0.015211 0.506446 0.862137 0.878100 0.000000 0.000000 0.000000 1.000000
0.996313 0.080489 -0.029703 6.663900 -0.084435 0.858507 -0.505803 12.707900 -0.015211 0.506446 0.862137 0.878100 0.000000 0.000000 0.000000 1.000000
0.996314 0.080483 -0.029697 6.663900 -0.084428 0.858549 -0.505732 12.707900 -0.015207 0.506375 0.862179 0.878100 0.000000 0.000000 0.000000 1.000000
0.996315 0.080469 -0.029682 6.663900 -0.084412 0.858646 -0.505570 12.707900 -0.015197 0.506212 0.862275 0.878100 0.000000 0.000000 0.000000 1.000000
0.996308 0.080530 -0.029751 6.663900 -0.084486 0.858208 -0.506301 12.707900 -0.015240 0.506945 0.861844 0.878100 0.000000 0.000000 0.000000 1.000000
0.996321 0.080418 -0.029624 6.663900 -0.084349 0.859017 -0.504950 12.707900 -0.015160 0.505591 0.862640 0.878100 0.000000 0.000000 0.000000 1.000000
0.995644 0.085885 -0.036300 6.663900 -0.091168 0.815062 -0.572155 12.707900 -0.019553 0.572972 0.819341 0.878100 0.000000 0.000000 0.000000 1.000000
0.993369 0.098844 -0.058712 6.663900 -0.109231 0.652167 -0.750165 12.707900 -0.035859 0.751604 0.658639 0.878100 0.000000 0.000000 0.000000 1.000000
0.989958 0.107041 -0.092331 6.663900 -0.126264 0.375861 -0.918034 12.707900 -0.063564 0.920473 0.385603 0.878100 0.000000 0.000000 0.000000 1.000000
0.986632 0.104425 -0.125108 6.663900 -0.133375 0.076326 -0.988122 12.707900 -0.093636 0.991600 0.089234 0.878100 0.000000 0.000000 0.000000 1.000000
0.984653 0.097698 -0.144615 6.663900 -0.132981 -0.116636 -0.984232 12.707900 -0.113025 0.988358 -0.101854 0.878100 0.000000 0.000000 0.000000 1.000000
0.984433 0.096676 -0.146784 6.663900 -0.132691 -0.138871 -0.981380 12.707900 -0.115260 0.985580 -0.123882 0.878100 0.000000 0.000000 0.000000 1.000000
0.985460 0.100958 -0.136657 6.663900 -0.133603 -0.036447 -0.990365 12.707900 -0.104966 0.994223 -0.022428 0.878100 0.000000 0.000000 0.000000 1.000000
0.987371 0.105901 -0.117830 6.663900 -0.132597 0.145382 -0.980450 12.707900 -0.086700 0.983692 0.157588 0.878100 0.000000 0.000000 0.000000 1.000000
0.989838 0.107125 -0.093516 6.663900 -0.126680 0.365540 -0.922135 12.707900 -0.064599 0.924611 0.375395 0.878100 0.000000 0.000000 0.000000 1.000000
0.992370 0.102476 -0.068565 6.663900 -0.115323 0.574681 -0.810211 12.707900 -0.043624 0.811936 0.582114 0.878100 0.000000 0.000000 0.000000 1.000000
0.994481 0.093419 -0.047759 6.663900 -0.101216 0.734350 -0.671182 12.707900 -0.027629 0.672311 0.739753 0.878100 0.000000 0.000000 0.000000 1.000000
0.995846 0.084347 -0.034307 6.663900 -0.089216 0.828446 -0.552917 12.707900 -0.018215 0.553681 0.832530 0.878100 0.000000 0.000000 0.000000 1.000000
0.996313 0.080485 -0.029700 6.663900 -0.084431 0.858533 -0.505760 12.707900 -0.015208 0.506403 0.862163 0.878100 0.000000 0.000000 0.000000 1.000000
0.996311 0.080503 -0.029720 6.663900 -0.084453 0.858404 -0.505975 12.707900 -0.015221 0.506618 0.862036 0.878100 0.000000 0.000000 0.000000 1.000000
0.996310 0.080517 -0.029735 6.663900 -0.084470 0.858303 -0.506143 12.707900 -0.015231 0.506787 0.861937 0.878100 0.000000 0.000000 0.000000 1.000000</float_array>
        <technique_common>
          <accessor source="#mixamorig_LeftHandPinky1-Matrix-animation-output-transform-array" count="26" stride="16">
            <param type="float4x4"/>
          </accessor>
        </technique_common>
      </source>
      <source id="mixamorig_LeftHandPinky1-Interpolations">
        <Name_array id="mixamorig_LeftHandPinky1-Interpolations-array" count="26">
 LINEAR LINEAR LINEAR LINEAR LINEAR LINEAR LINEAR LINEAR LINEAR LINEAR LINEAR
LINEAR LINEAR LINEAR LINEAR LINEAR LINEAR LINEAR LINEAR LINEAR LINEAR LINEAR LINEAR
LINEAR LINEAR LINEAR</Name_array>
        <technique_common>
          <accessor source="#mixamorig_LeftHandPinky1-Interpolations-array" count="26">
            <param type="name"/>
          </accessor>
        </technique_common>
      </source>
      <sampler id="mixamorig_LeftHandPinky1-Matrix-animation-transform">
        <input semantic="INPUT" source="#mixamorig_LeftHandPinky1-Matrix-animation-input"/>
        <input semantic="OUTPUT" source="#mixamorig_LeftHandPinky1-Matrix-animation-output-transform"/>
        <input semantic="INTERPOLATION" source="#mixamorig_LeftHandPinky1-Interpolations"/>
      </sampler>
      <channel source="#mixamorig_LeftHandPinky1-Matrix-animation-transform" target="mixamorig_LeftHandPinky1/matrix"/>
    </animation>
    <animation id="mixamorig_LeftHandPinky2-anim" name="mixamorig_LeftHandPinky2">
      <source id="mixamorig_LeftHandPinky2-Matrix-animation-input">
        <float_array id="mixamorig_LeftHandPinky2-Matrix-animation-input-array" count="26">

0.000000 0.033333 0.066667 0.100000 0.133333 0.166667 0.200000 0.233333 0.266667 0.300000 0.333333 0.366667 0.400000 0.433333 0.466667 0.500000
0.533333 0.566667 0.600000 0.633333 0.666667 0.700000 0.733333 0.766667 0.800000 0.833333</float_array>
        <technique_common>
          <accessor source="#mixamorig_LeftHandPinky2-Matrix-animation-input-array" count="26">
            <param name="TIME" type="float"/>
          </accessor>
        </technique_common>
      </source>
      <source id="mixamorig_LeftHandPinky2-Matrix-animation-output-transform">
        <float_array id="mixamorig_LeftHandPinky2-Matrix-animation-output-transform-array" count="416">

0.993131 0.095437 -0.067700 0.000000 -0.095437 0.325924 -0.940567 3.376600 -0.067700 0.940567 0.332793 0.000000 0.000000 0.000000 0.000000 1.000000
0.993131 0.095437 -0.067700 -0.000000 -0.095437 0.325924 -0.940567 3.376600 -0.067700 0.940567 0.332793 0.000000 0.000000 0.000000 0.000000 1.000000
0.993131 0.095437 -0.067700 0.000000 -0.095437 0.325924 -0.940567 3.376600 -0.067700 0.940567 0.332793 0.000000 0.000000 0.000000 0.000000 1.000000
0.993131 0.095437 -0.067700 0.000000 -0.095437 0.325924 -0.940567 3.376600 -0.067700 0.940567 0.332793 0.000000 0.000000 0.000000 0.000000 1.000000
0.993131 0.095437 -0.067700 -0.000000 -0.095437 0.325924 -0.940567 3.376600 -0.067700 0.940567 0.332793 0.000000 0.000000 0.000000 0.000000 1.000000
0.993131 0.095438 -0.067700 0.000000 -0.095438 0.325923 -0.940567 3.376600 -0.067700 0.940567 0.332793 -0.000000 0.000000 0.000000 0.000000 1.000000
0.993131 0.095437 -0.067700 0.000000 -0.095437 0.325924 -0.940567 3.376600 -0.067700 0.940567 0.332793 0.000000 0.000000 0.000000 0.000000 1.000000
0.993131 0.095437 -0.067700 0.000000 -0.095437 0.325923 -0.940567 3.376600 -0.067700 0.940567 0.332793 0.000000 0.000000 0.000000 0.000000 1.000000
0.993131 0.095436 -0.067696 0.000000 -0.095436 0.325963 -0.940553 3.376600 -0.067696 0.940553 0.332832 0.000000 0.000000 0.000000 0.000000 1.000000
0.993133 0.095429 -0.067675 0.000000 -0.095429 0.326172 -0.940482 3.376600 -0.067675 0.940482 0.333038 0.000000 0.000000 0.000000 0.000000 1.000000
0.993129 0.095442 -0.067714 -0.000000 -0.095442 0.325786 -0.940614 3.376600 -0.067714 0.940614 0.332657 0.000000 0.000000 0.000000 0.000000 1.000000
0.993329 0.094738 -0.065747 -0.000000 -0.094738 0.345370 -0.933672 3.376600 -0.065747 0.933672 0.352041 0.000000 0.000000 0.000000 0.000000 1.000000
0.993920 0.092373 -0.059922 0.000000 -0.092373 0.403364 -0.910365 3.376600 -0.059923 0.910365 0.409444 0.000000 0.000000 0.000000 0.000000 1.000000
0.994686 0.088637 -0.052367 -0.000000 -0.088638 0.478596 -0.873550 3.376600 -0.052367 0.873550 0.483909 0.000000 0.000000 0.000000 0.000000 1.000000
0.995383 0.084511 -0.045501 0.000000 -0.084511 0.546960 -0.832882 3.376600 -0.045500 0.832882 0.551577 -0.000000 0.000000 0.000000 0.000000 1.000000
0.995801 0.081654 -0.041379 0.000000 -0.081654 0.587998 -0.804730 3.376600 -0.041379 0.804730 0.592197 0.000000 0.000000 0.000000 0.000000 1.000000
0.995849 0.081310 -0.040910 0.000000 -0.081310 0.592665 -0.801334 3.376600 -0.040910 0.801334 0.596816 0.000000 0.000000 0.000000 0.000000 1.000000
0.995629 0.082868 -0.043077 0.000000 -0.082868 0.571091 -0.816693 3.376600 -0.043077 0.816693 0.575462 0.000000 0.000000 0.000000 0.000000 1.000000
0.995229 0.085487 -0.047016 0.000000 -0.085487 0.531868 -0.842501 3.376600 -0.047016 0.842501 0.536639 0.000000 0.000000 0.000000 0.000000 1.000000
0.994712 0.088499 -0.052114 0.000000 -0.088499 0.481111 -0.872182 3.376600 -0.052114 0.872181 0.486399 0.000000 0.000000 0.000000 0.000000 1.000000
0.994155 0.091311 -0.057607 0.000000 -0.091312 0.426419 -0.899905 3.376600 -0.057607 0.899905 0.432264 0.000000 0.000000 0.000000 0.000000 1.000000
0.993643 0.093533 -0.062650 -0.000000 -0.093533 0.376212 -0.921800 3.376600 -0.062649 0.921800 0.382569 0.000000 0.000000 0.000000 0.000000 1.000000
0.993271 0.094948 -0.066319 0.000000 -0.094948 0.339672 -0.935739 3.376600 -0.066319 0.935739 0.346402 0.000000 0.000000 0.000000 0.000000 1.000000
0.993132 0.095434 -0.067691 0.000000 -0.095434 0.326017 -0.940535 3.376600 -0.067691 0.940535 0.332885 0.000000 0.000000 0.000000 0.000000 1.000000
0.993132 0.095432 -0.067685 0.000000 -0.095432 0.326079 -0.940513 3.376600 -0.067684 0.940513 0.332946 -0.000000 0.000000 0.000000 0.000000 1.000000
0.993133 0.095430 -0.067680 0.000000 -0.095430 0.326126 -0.940497 3.376600 -0.067680 0.940497 0.332994 -0.000000 0.000000 0.000000 0.000000 1.000000</float_array>
        <technique_common>
          <accessor source="#mixamorig_LeftHandPinky2-Matrix-animation-output-transform-array" count="26" stride="16">
            <param type="float4x4"/>
          </accessor>
        </technique_common>
      </source>
      <source id="mixamorig_LeftHandPinky2-Interpolations">
        <Name_array id="mixamorig_LeftHandPinky2-Interpolations-array" count="26">
 LINEAR LINEAR LINEAR LINEAR LINEAR LINEAR LINEAR LINEAR LINEAR LINEAR LINEAR
LINEAR LINEAR LINEAR LINEAR LINEAR LINEAR LINEAR LINEAR LINEAR LINEAR LINEAR LINEAR
LINEAR LINEAR LINEAR</Name_array>
        <technique_common>
          <accessor source="#mixamorig_LeftHandPinky2-Interpolations-array" count="26">
            <param type="name"/>
          </accessor>
        </technique_common>
      </source>
      <sampler id="mixamorig_LeftHandPinky2-Matrix-animation-transform">
        <input semantic="INPUT" source="#mixamorig_LeftHandPinky2-Matrix-animation-input"/>
        <input semantic="OUTPUT" source="#mixamorig_LeftHandPinky2-Matrix-animation-output-transform"/>
        <input semantic="INTERPOLATION" source="#mixamorig_LeftHandPinky2-Interpolations"/>
      </sampler>
      <channel source="#mixamorig_LeftHandPinky2-Matrix-animation-transform" target="mixamorig_LeftHandPinky2/matrix"/>
    </animation>
    <animation id="mixamorig_LeftHandPinky3-anim" name="mixamorig_LeftHandPinky3">
      <source id="mixamorig_LeftHandPinky3-Matrix-animation-input">
        <float_array id="mixamorig_LeftHandPinky3-Matrix-animation-input-array" count="26">

0.000000 0.033333 0.066667 0.100000 0.133333 0.166667 0.200000 0.233333 0.266667 0.300000 0.333333 0.366667 0.400000 0.433333 0.466667 0.500000
0.533333 0.566667 0.600000 0.633333 0.666667 0.700000 0.733333 0.766667 0.800000 0.833333</float_array>
        <technique_common>
          <accessor source="#mixamorig_LeftHandPinky3-Matrix-animation-input-array" count="26">
            <param name="TIME" type="float"/>
          </accessor>
        </technique_common>
      </source>
      <source id="mixamorig_LeftHandPinky3-Matrix-animation-output-transform">
        <float_array id="mixamorig_LeftHandPinky3-Matrix-animation-output-transform-array" count="416">

0.990335 0.100815 -0.095254 -0.000000 -0.100815 0.051572 -0.993568 2.998500 -0.095254 0.993568 0.061237 0.000000 0.000000 0.000000 0.000000 1.000000
0.990335 0.100815 -0.095254 -0.000000 -0.100815 0.051571 -0.993568 2.998500 -0.095255 0.993568 0.061237 -0.000000 0.000000 0.000000 0.000000 1.000000
0.990335 0.100815 -0.095255 -0.000000 -0.100816 0.051571 -0.993568 2.998500 -0.095255 0.993568 0.061237 0.000000 0.000000 0.000000 0.000000 1.000000
0.990335 0.100815 -0.095254 -0.000000 -0.100815 0.051572 -0.993568 2.998500 -0.095254 0.993568 0.061237 0.000000 0.000000 0.000000 0.000000 1.000000
0.990335 0.100815 -0.095255 0.000000 -0.100815 0.051572 -0.993568 2.998500 -0.095254 0.993568 0.061237 0.000000 0.000000 0.000000 0.000000 1.000000
0.990335 0.100815 -0.095254 0.000000 -0.100815 0.051572 -0.993568 2.998500 -0.095255 0.993568 0.061237 0.000000 0.000000 0.000000 0.000000 1.000000
0.990335 0.100815 -0.095254 -0.000000 -0.100815 0.051572 -0.993568 2.998500 -0.095254 0.993568 0.061237 0.000000 0.000000 0.000000 0.000000 1.000000
0.990335 0.100815 -0.095255 0.000000 -0.100815 0.051572 -0.993568 2.998500 -0.095254 0.993568 0.061237 0.000000 0.000000 0.000000 0.000000 1.000000
0.990335 0.100815 -0.095248 0.000000 -0.100815 0.051632 -0.993565 2.998500 -0.095248 0.993565 0.061297 0.000000 0.000000 0.000000 0.000000 1.000000
0.990339 0.100813 -0.095216 0.000000 -0.100814 0.051954 -0.993548 2.998500 -0.095216 0.993548 0.061616 0.000000 0.000000 0.000000 0.000000 1.000000
0.990333 0.100816 -0.095276 -0.000000 -0.100816 0.051359 -0.993579 2.998500 -0.095276 0.993579 0.061027 0.000000 0.000000 0.000000 0.000000 1.000000
0.990642 0.100612 -0.092228 -0.000000 -0.100612 0.081708 -0.991565 2.998500 -0.092228 0.991565 0.091066 0.000000 0.000000 0.000000 0.000000 1.000000
0.991567 0.099437 -0.083113 -0.000000 -0.099437 0.172456 -0.979985 2.998500 -0.083113 0.979985 0.180890 0.000000 0.000000 0.000000 0.000000 1.000000
0.992782 0.096559 -0.071136 0.000000 -0.096559 0.291716 -0.951619 2.998500 -0.071136 0.951619 0.298934 0.000000 0.000000 0.000000 0.000000 1.000000
0.993896 0.092478 -0.060162 -0.000000 -0.092479 0.400981 -0.911406 2.998500 -0.060162 0.911406 0.407086 0.000000 0.000000 0.000000 0.000000 1.000000
0.994565 0.089283 -0.053564 0.000000 -0.089283 0.466673 -0.879912 2.998500 -0.053564 0.879912 0.472108 -0.000000 0.000000 0.000000 0.000000 1.000000
0.994641 0.088881 -0.052815 0.000000 -0.088881 0.474138 -0.875953 2.998500 -0.052814 0.875953 0.479497 -0.000000 0.000000 0.000000 0.000000 1.000000
0.994289 0.090672 -0.056282 0.000000 -0.090672 0.439615 -0.893598 2.998500 -0.056282 0.893598 0.445326 0.000000 0.000000 0.000000 0.000000 1.000000
0.993649 0.093508 -0.062588 -0.000000 -0.093508 0.376824 -0.921553 2.998500 -0.062588 0.921553 0.383175 0.000000 0.000000 0.000000 0.000000 1.000000
0.992823 0.096434 -0.070733 -0.000000 -0.096434 0.295725 -0.950393 2.998500 -0.070733 0.950393 0.302902 0.000000 0.000000 0.000000 0.000000 1.000000
0.991937 0.098724 -0.079459 0.000000 -0.098724 0.208848 -0.972952 2.998500 -0.079459 0.972952 0.216910 0.000000 0.000000 0.000000 0.000000 1.000000
0.991132 0.100095 -0.087396 -0.000000 -0.100095 0.129817 -0.986473 2.998500 -0.087396 0.986473 0.138684 0.000000 0.000000 0.000000 0.000000 1.000000
0.990552 0.100681 -0.093117 0.000000 -0.100682 0.072861 -0.992247 2.998500 -0.093116 0.992247 0.082309 -0.000000 0.000000 0.000000 0.000000 1.000000
0.990336 0.100814 -0.095240 0.000000 -0.100815 0.051716 -0.993560 2.998500 -0.095240 0.993560 0.061380 0.000000 0.000000 0.000000 0.000000 1.000000
0.990337 0.100814 -0.095230 0.000000 -0.100814 0.051811 -0.993555 2.998500 -0.095230 0.993555 0.061474 0.000000 0.000000 0.000000 0.000000 1.000000
0.990338 0.100814 -0.095223 -0.000000 -0.100814 0.051885 -0.993551 2.998500 -0.095223 0.993551 0.061547 0.000000 0.000000 0.000000 0.000000 1.000000</float_array>
        <technique_common>
          <accessor source="#mixamorig_LeftHandPinky3-Matrix-animation-output-transform-array" count="26" stride="16">
            <param type="float4x4"/>
          </accessor>
        </technique_common>
      </source>
      <source id="mixamorig_LeftHandPinky3-Interpolations">
        <Name_array id="mixamorig_LeftHandPinky3-Interpolations-array" count="26">
 LINEAR LINEAR LINEAR LINEAR LINEAR LINEAR LINEAR LINEAR LINEAR LINEAR LINEAR
LINEAR LINEAR LINEAR LINEAR LINEAR LINEAR LINEAR LINEAR LINEAR LINEAR LINEAR LINEAR
LINEAR LINEAR LINEAR</Name_array>
        <technique_common>
          <accessor source="#mixamorig_LeftHandPinky3-Interpolations-array" count="26">
            <param type="name"/>
          </accessor>
        </technique_common>
      </source>
      <sampler id="mixamorig_LeftHandPinky3-Matrix-animation-transform">
        <input semantic="INPUT" source="#mixamorig_LeftHandPinky3-Matrix-animation-input"/>
        <input semantic="OUTPUT" source="#mixamorig_LeftHandPinky3-Matrix-animation-output-transform"/>
        <input semantic="INTERPOLATION" source="#mixamorig_LeftHandPinky3-Interpolations"/>
      </sampler>
      <channel source="#mixamorig_LeftHandPinky3-Matrix-animation-transform" target="mixamorig_LeftHandPinky3/matrix"/>
    </animation>
    <animation id="mixamorig_RightShoulder-anim" name="mixamorig_RightShoulder">
      <source id="mixamorig_RightShoulder-Matrix-animation-input">
        <float_array id="mixamorig_RightShoulder-Matrix-animation-input-array" count="26">

0.000000 0.033333 0.066667 0.100000 0.133333 0.166667 0.200000 0.233333 0.266667 0.300000 0.333333 0.366667 0.400000 0.433333 0.466667 0.500000
0.533333 0.566667 0.600000 0.633333 0.666667 0.700000 0.733333 0.766667 0.800000 0.833333</float_array>
        <technique_common>
          <accessor source="#mixamorig_RightShoulder-Matrix-animation-input-array" count="26">
            <param name="TIME" type="float"/>
          </accessor>
        </technique_common>
      </source>
      <source id="mixamorig_RightShoulder-Matrix-animation-output-transform">
        <float_array id="mixamorig_RightShoulder-Matrix-animation-output-transform-array" count="416">

0.199370 -0.852267 0.483624 -12.584900 0.016510 -0.490541 -0.871262 11.394900 0.979785 0.181688 -0.083729 -1.453100 0.000000 0.000000 0.000000 1.000000
0.231268 -0.860830 0.453306 -12.584900 0.004097 -0.465071 -0.885264 11.394900 0.972881 0.206591 -0.104029 -1.453100 0.000000 0.000000 0.000000 1.000000
0.251194 -0.870456 0.423330 -12.584900 -0.013020 -0.440352 -0.897731 11.394900 0.967849 0.219993 -0.121947 -1.453100 0.000000 0.000000 0.000000 1.000000
0.274552 -0.871106 0.407180 -12.584900 -0.026828 -0.430227 -0.902322 11.394900 0.961198 0.236811 -0.141490 -1.453100 0.000000 0.000000 0.000000 1.000000
0.297919 -0.867993 0.397282 -12.584900 -0.035417 -0.425945 -0.904056 11.394900 0.953934 0.255264 -0.157639 -1.453100 0.000000 0.000000 0.000000 1.000000
0.307234 -0.865631 0.395336 -12.584900 -0.036036 -0.425713 -0.904140 11.394900 0.950951 0.263536 -0.161987 -1.453100 0.000000 0.000000 0.000000 1.000000
0.298667 -0.861795 0.410010 -12.584900 -0.026059 -0.436822 -0.899170 11.394900 0.954001 0.257868 -0.152922 -1.453100 0.000000 0.000000 0.000000 1.000000
0.276773 -0.860083 0.428548 -12.584900 -0.012234 -0.449087 -0.893404 11.394900 0.960857 0.242027 -0.134818 -1.453100 0.000000 0.000000 0.000000 1.000000
0.244600 -0.857711 0.452220 -12.584900 0.004619 -0.465351 -0.885114 11.394900 0.969613 0.218588 -0.109863 -1.453100 0.000000 0.000000 0.000000 1.000000
0.194692 -0.850974 0.487789 -12.584900 0.024566 -0.492919 -0.869729 11.394900 0.980557 0.181312 -0.075062 -1.453100 0.000000 0.000000 0.000000 1.000000
0.131325 -0.846060 0.516659 -12.584900 0.041777 -0.515987 -0.855577 11.394900 0.990459 0.133943 -0.032416 -1.453100 0.000000 0.000000 0.000000 1.000000
0.061098 -0.836317 0.544832 -12.584900 0.056292 -0.542095 -0.838429 11.394900 0.996543 0.081896 0.013957 -1.453100 0.000000 0.000000 0.000000 1.000000
-0.013485 -0.827164 0.561799 -12.584900 0.066347 -0.561352 -0.824913 11.394900 0.997705 0.026150 0.062450 -1.453100 0.000000 0.000000 0.000000 1.000000
-0.081705 -0.826270 0.557317 -12.584900 0.074015 -0.562673 -0.823359 11.394900 0.993904 -0.026023 0.107129 -1.453100 0.000000 0.000000 0.000000 1.000000
-0.127375 -0.826069 0.548986 -12.584900 0.081146 -0.560318 -0.824293 11.394900 0.988530 -0.060446 0.138403 -1.453100 0.000000 0.000000 0.000000 1.000000
-0.142954 -0.827504 0.542956 -12.584900 0.086937 -0.556968 -0.825971 11.394900 0.985904 -0.070873 0.151562 -1.453100 0.000000 0.000000 0.000000 1.000000
-0.141846 -0.832019 0.536306 -12.584900 0.090449 -0.550412 -0.829980 11.394900 0.985748 -0.069221 0.153329 -1.453100 0.000000 0.000000 0.000000 1.000000
-0.125398 -0.837364 0.532068 -12.584900 0.091997 -0.543805 -0.834154 11.394900 0.987832 -0.055652 0.145227 -1.453100 0.000000 0.000000 0.000000 1.000000
-0.088336 -0.834641 0.543664 -12.584900 0.089780 -0.550248 -0.830161 11.394900 0.992036 -0.024523 0.123541 -1.453100 0.000000 0.000000 0.000000 1.000000
-0.046559 -0.830332 0.555320 -12.584900 0.084217 -0.557207 -0.826092 11.394900 0.995359 0.008305 0.095871 -1.453100 0.000000 0.000000 0.000000 1.000000
-0.010452 -0.828676 0.559631 -12.584900 0.076094 -0.558698 -0.825873 11.394900 0.997046 0.033953 0.068897 -1.453100 0.000000 0.000000 0.000000 1.000000
0.020428 -0.818368 0.574331 -12.584900 0.065724 -0.572109 -0.817540 11.394900 0.997629 0.054448 0.042099 -1.453100 0.000000 0.000000 0.000000 1.000000
0.052590 -0.809564 0.584672 -12.584900 0.054989 -0.582246 -0.811151 11.394900 0.997101 0.074809 0.013896 -1.453100 0.000000 0.000000 0.000000 1.000000
0.104670 -0.818100 0.565470 -12.584900 0.044592 -0.564160 -0.824460 11.394900 0.993507 0.111512 -0.022570 -1.453100 0.000000 0.000000 0.000000 1.000000
0.156768 -0.832834 0.530859 -12.584900 0.032124 -0.532921 -0.845555 11.394900 0.987113 0.149609 -0.056791 -1.453100 0.000000 0.000000 0.000000 1.000000
0.199370 -0.852267 0.483625 -12.584900 0.016509 -0.490541 -0.871261 11.394900 0.979785 0.181688 -0.083729 -1.453100 0.000000 0.000000 0.000000 1.000000</float_array>
        <technique_common>
          <accessor source="#mixamorig_RightShoulder-Matrix-animation-output-transform-array" count="26" stride="16">
            <param type="float4x4"/>
          </accessor>
        </technique_common>
      </source>
      <source id="mixamorig_RightShoulder-Interpolations">
        <Name_array id="mixamorig_RightShoulder-Interpolations-array" count="26">
 LINEAR LINEAR LINEAR LINEAR LINEAR LINEAR LINEAR LINEAR LINEAR LINEAR LINEAR
LINEAR LINEAR LINEAR LINEAR LINEAR LINEAR LINEAR LINEAR LINEAR LINEAR LINEAR LINEAR
LINEAR LINEAR LINEAR</Name_array>
        <technique_common>
          <accessor source="#mixamorig_RightShoulder-Interpolations-array" count="26">
            <param type="name"/>
          </accessor>
        </technique_common>
      </source>
      <sampler id="mixamorig_RightShoulder-Matrix-animation-transform">
        <input semantic="INPUT" source="#mixamorig_RightShoulder-Matrix-animation-input"/>
        <input semantic="OUTPUT" source="#mixamorig_RightShoulder-Matrix-animation-output-transform"/>
        <input semantic="INTERPOLATION" source="#mixamorig_RightShoulder-Interpolations"/>
      </sampler>
      <channel source="#mixamorig_RightShoulder-Matrix-animation-transform" target="mixamorig_RightShoulder/matrix"/>
    </animation>
    <animation id="mixamorig_RightArm-anim" name="mixamorig_RightArm">
      <source id="mixamorig_RightArm-Matrix-animation-input">
        <float_array id="mixamorig_RightArm-Matrix-animation-input-array" count="26">

0.000000 0.033333 0.066667 0.100000 0.133333 0.166667 0.200000 0.233333 0.266667 0.300000 0.333333 0.366667 0.400000 0.433333 0.466667 0.500000
0.533333 0.566667 0.600000 0.633333 0.666667 0.700000 0.733333 0.766667 0.800000 0.833333</float_array>
        <technique_common>
          <accessor source="#mixamorig_RightArm-Matrix-animation-input-array" count="26">
            <param name="TIME" type="float"/>
          </accessor>
        </technique_common>
      </source>
      <source id="mixamorig_RightArm-Matrix-animation-output-transform">
        <float_array id="mixamorig_RightArm-Matrix-animation-output-transform-array" count="416">

0.930543 0.365647 -0.019786 -0.000000 -0.313413 0.767338 -0.559432 15.319300 -0.189373 0.526777 0.828640 0.000000 0.000000 0.000000 0.000000 1.000000
0.919851 0.384166 -0.079318 0.000000 -0.366699 0.770320 -0.521669 15.319300 -0.139307 0.508944 0.849453 0.000000 0.000000 0.000000 0.000000 1.000000
0.906880 0.393606 -0.150477 0.000000 -0.416252 0.781172 -0.465301 15.319300 -0.065597 0.484608 0.872268 0.000000 0.000000 0.000000 0.000000 1.000000
0.893010 0.391180 -0.222513 0.000000 -0.449794 0.792056 -0.412713 15.319300 0.014798 0.468642 0.883264 -0.000000 0.000000 0.000000 0.000000 1.000000
0.880041 0.374633 -0.291854 0.000000 -0.463573 0.811098 -0.356681 15.319300 0.103097 0.449189 0.887468 0.000000 0.000000 0.000000 0.000000 1.000000
0.868993 0.337979 -0.361417 -0.000000 -0.453495 0.836194 -0.308420 15.319300 0.197975 0.431915 0.879918 -0.000000 0.000000 0.000000 0.000000 1.000000
0.855976 0.283268 -0.432508 -0.000000 -0.429530 0.855239 -0.289949 15.319300 0.287764 0.433965 0.853737 0.000000 0.000000 0.000000 0.000000 1.000000
0.841682 0.214500 -0.495541 -0.000000 -0.398034 0.866603 -0.300947 15.319300 0.364884 0.450544 0.814782 -0.000000 0.000000 0.000000 0.000000 1.000000
0.818853 0.140482 -0.556546 0.000000 -0.369204 0.871308 -0.323282 15.319300 0.439508 0.470200 0.765340 0.000000 0.000000 0.000000 0.000000 1.000000
0.800935 0.088690 -0.592146 -0.000000 -0.351827 0.869936 -0.345584 15.319300 0.484480 0.485124 0.727966 0.000000 0.000000 0.000000 0.000000 1.000000
0.811546 0.047210 -0.582379 0.000000 -0.328060 0.861609 -0.387307 15.319300 0.483498 0.505373 0.714722 0.000000 0.000000 0.000000 0.000000 1.000000
0.843655 -0.033632 -0.535832 0.000000 -0.247624 0.861167 -0.443931 15.319300 0.476371 0.507209 0.718199 -0.000000 0.000000 0.000000 0.000000 1.000000
0.859466 -0.152484 -0.487921 -0.000000 -0.130146 0.857753 -0.497314 15.319300 0.494349 0.490925 0.717364 0.000000 0.000000 0.000000 0.000000 1.000000
0.848739 -0.266736 -0.456612 -0.000000 -0.030514 0.837325 -0.545853 15.319300 0.527931 0.477220 0.702531 0.000000 0.000000 0.000000 0.000000 1.000000
0.826279 -0.350991 -0.440533 -0.000000 0.040063 0.816751 -0.575598 15.319300 0.561835 0.457955 0.688926 -0.000000 0.000000 0.000000 0.000000 1.000000
0.809512 -0.405784 -0.424298 0.000000 0.090941 0.800642 -0.592201 15.319300 0.580017 0.440808 0.685032 -0.000000 0.000000 0.000000 0.000000 1.000000
0.806136 -0.438834 -0.396950 0.000000 0.131855 0.787180 -0.602464 15.319300 0.576852 0.433328 0.692437 0.000000 0.000000 0.000000 0.000000 1.000000
0.808686 -0.458981 -0.367918 0.000000 0.167604 0.779312 -0.603806 15.319300 0.563858 0.426625 0.707146 0.000000 0.000000 0.000000 0.000000 1.000000
0.822222 -0.449547 -0.349082 0.000000 0.190610 0.795392 -0.575343 15.319300 0.536301 0.406521 0.739677 -0.000000 0.000000 0.000000 0.000000 1.000000
0.855452 -0.394724 -0.335252 0.000000 0.182377 0.835498 -0.518345 15.319300 0.484706 0.382277 0.786718 0.000000 0.000000 0.000000 0.000000 1.000000
0.902102 -0.320912 -0.288492 -0.000000 0.161877 0.871384 -0.463125 15.319300 0.400010 0.371086 0.838026 0.000000 0.000000 0.000000 0.000000 1.000000
0.955133 -0.231811 -0.184348 0.000000 0.138635 0.899948 -0.413369 15.319300 0.261727 0.369265 0.891707 0.000000 0.000000 0.000000 0.000000 1.000000
0.994971 -0.077248 -0.063755 0.000000 0.047498 0.924311 -0.378673 15.319300 0.088181 0.373740 0.923332 0.000000 0.000000 0.000000 0.000000 1.000000
0.995111 0.097666 0.014663 0.000000 -0.083608 0.912120 -0.401306 15.319300 -0.052569 0.398118 0.915827 0.000000 0.000000 0.000000 0.000000 1.000000
0.967900 0.251074 0.011475 0.000000 -0.216147 0.854816 -0.471773 15.319300 -0.128259 0.454149 0.881645 -0.000000 0.000000 0.000000 0.000000 1.000000
0.930543 0.365647 -0.019786 -0.000000 -0.313413 0.767338 -0.559432 15.319300 -0.189373 0.526777 0.828640 0.000000 0.000000 0.000000 0.000000 1.000000</float_array>
        <technique_common>
          <accessor source="#mixamorig_RightArm-Matrix-animation-output-transform-array" count="26" stride="16">
            <param type="float4x4"/>
          </accessor>
        </technique_common>
      </source>
      <source id="mixamorig_RightArm-Interpolations">
        <Name_array id="mixamorig_RightArm-Interpolations-array" count="26">
 LINEAR LINEAR LINEAR LINEAR LINEAR LINEAR LINEAR LINEAR LINEAR LINEAR LINEAR
LINEAR LINEAR LINEAR LINEAR LINEAR LINEAR LINEAR LINEAR LINEAR LINEAR LINEAR LINEAR
LINEAR LINEAR LINEAR</Name_array>
        <technique_common>
          <accessor source="#mixamorig_RightArm-Interpolations-array" count="26">
            <param type="name"/>
          </accessor>
        </technique_common>
      </source>
      <sampler id="mixamorig_RightArm-Matrix-animation-transform">
        <input semantic="INPUT" source="#mixamorig_RightArm-Matrix-animation-input"/>
        <input semantic="OUTPUT" source="#mixamorig_RightArm-Matrix-animation-output-transform"/>
        <input semantic="INTERPOLATION" source="#mixamorig_RightArm-Interpolations"/>
      </sampler>
      <channel source="#mixamorig_RightArm-Matrix-animation-transform" target="mixamorig_RightArm/matrix"/>
    </animation>
    <animation id="mixamorig_RightForeArm-anim" name="mixamorig_RightForeArm">
      <source id="mixamorig_RightForeArm-Matrix-animation-input">
        <float_array id="mixamorig_RightForeArm-Matrix-animation-input-array" count="26">

0.000000 0.033333 0.066667 0.100000 0.133333 0.166667 0.200000 0.233333 0.266667 0.300000 0.333333 0.366667 0.400000 0.433333 0.466667 0.500000
0.533333 0.566667 0.600000 0.633333 0.666667 0.700000 0.733333 0.766667 0.800000 0.833333</float_array>
        <technique_common>
          <accessor source="#mixamorig_RightForeArm-Matrix-animation-input-array" count="26">
            <param name="TIME" type="float"/>
          </accessor>
        </technique_common>
      </source>
      <source id="mixamorig_RightForeArm-Matrix-animation-output-transform">
        <float_array id="mixamorig_RightForeArm-Matrix-animation-output-transform-array" count="416">

0.655407 0.755276 0.000000 -0.000000 -0.755276 0.655407 0.000000 34.109299 -0.000000 -0.000000 1.000000 0.000000 0.000000 0.000000 0.000000 1.000000
0.553698 0.832717 -0.000000 0.000000 -0.832717 0.553698 0.000000 34.109299 0.000000 -0.000000 1.000000 0.000000 0.000000 0.000000 0.000000 1.000000
0.434582 0.900632 0.000000 -0.000000 -0.900632 0.434582 -0.000000 34.109299 -0.000000 -0.000000 1.000000 0.000000 0.000000 0.000000 0.000000 1.000000
0.317481 0.948265 0.000000 0.000000 -0.948265 0.317481 0.000000 34.109299 -0.000000 -0.000000 1.000000 0.000000 0.000000 0.000000 0.000000 1.000000
0.181789 0.983338 0.000000 0.000000 -0.983338 0.181789 -0.000000 34.109299 -0.000000 -0.000000 1.000000 0.000000 0.000000 0.000000 0.000000 1.000000
0.038406 0.999262 0.000000 0.000000 -0.999262 0.038406 0.000000 34.109299 0.000000 -0.000000 1.000000 0.000000 0.000000 0.000000 0.000000 1.000000
-0.067717 0.997705 -0.000000 -0.000000 -0.997705 -0.067717 0.000000 34.109299 0.000000 0.000000 1.000000 0.000000 0.000000 0.000000 0.000000 1.000000
-0.117703 0.993049 0.000000 0.000000 -0.993049 -0.117703 0.000000 34.109299 0.000000 -0.000000 1.000000 -0.000000 0.000000 0.000000 0.000000 1.000000
-0.098505 0.995137 0.000000 0.000000 -0.995137 -0.098505 -0.000000 34.109299 0.000000 -0.000000 1.000000 -0.000000 0.000000 0.000000 0.000000 1.000000
0.013872 0.999904 0.000000 -0.000000 -0.999904 0.013872 0.000000 34.109299 0.000000 -0.000000 1.000000 -0.000000 0.000000 0.000000 0.000000 1.000000
0.204163 0.978937 -0.000000 0.000000 -0.978937 0.204163 0.000000 34.109299 0.000000 0.000000 1.000000 0.000000 0.000000 0.000000 0.000000 1.000000
0.344229 0.938886 -0.000000 0.000000 -0.938886 0.344229 -0.000000 34.109299 -0.000000 0.000000 1.000000 -0.000000 0.000000 0.000000 0.000000 1.000000
0.386518 0.922282 0.000000 0.000000 -0.922282 0.386518 -0.000000 34.109299 -0.000000 0.000000 1.000000 0.000000 0.000000 0.000000 0.000000 1.000000
0.396660 0.917966 0.000000 0.000000 -0.917966 0.396660 -0.000000 34.109299 -0.000000 -0.000000 1.000000 -0.000000 0.000000 0.000000 0.000000 1.000000
0.396013 0.918245 0.000000 0.000000 -0.918245 0.396013 0.000000 34.109299 0.000000 -0.000000 1.000000 0.000000 0.000000 0.000000 0.000000 1.000000
0.388827 0.921311 0.000000 0.000000 -0.921311 0.388827 -0.000000 34.109299 -0.000000 -0.000000 1.000000 -0.000000 0.000000 0.000000 0.000000 1.000000
0.389538 0.921011 0.000000 0.000000 -0.921011 0.389538 0.000000 34.109299 0.000000 -0.000000 1.000000 0.000000 0.000000 0.000000 0.000000 1.000000
0.395317 0.918545 0.000000 0.000000 -0.918545 0.395317 0.000000 34.109299 0.000000 -0.000000 1.000000 0.000000 0.000000 0.000000 0.000000 1.000000
0.414310 0.910136 0.000000 0.000000 -0.910136 0.414310 -0.000000 34.109299 -0.000000 0.000000 1.000000 -0.000000 0.000000 0.000000 0.000000 1.000000
0.451865 0.892086 0.000000 0.000000 -0.892086 0.451865 -0.000000 34.109299 -0.000000 -0.000000 1.000000 0.000000 0.000000 0.000000 0.000000 1.000000
0.494872 0.868966 0.000000 0.000000 -0.868966 0.494872 -0.000000 34.109299 -0.000000 -0.000000 1.000000 0.000000 0.000000 0.000000 0.000000 1.000000
0.544653 0.838661 -0.000000 0.000000 -0.838661 0.544653 -0.000000 34.109299 -0.000000 0.000000 1.000000 0.000000 0.000000 0.000000 0.000000 1.000000
0.618727 0.785606 -0.000000 0.000000 -0.785606 0.618727 0.000000 34.109299 0.000000 0.000000 1.000000 0.000000 0.000000 0.000000 0.000000 1.000000
0.666002 0.745950 0.000000 -0.000000 -0.745950 0.666002 -0.000000 34.109299 -0.000000 -0.000000 1.000000 0.000000 0.000000 0.000000 0.000000 1.000000
0.667577 0.744541 -0.000000 -0.000000 -0.744541 0.667577 -0.000000 34.109299 0.000000 0.000000 1.000000 0.000000 0.000000 0.000000 0.000000 1.000000
0.655407 0.755276 -0.000000 -0.000000 -0.755276 0.655407 -0.000000 34.109299 0.000000 0.000000 1.000000 0.000000 0.000000 0.000000 0.000000 1.000000</float_array>
        <technique_common>
          <accessor source="#mixamorig_RightForeArm-Matrix-animation-output-transform-array" count="26" stride="16">
            <param type="float4x4"/>
          </accessor>
        </technique_common>
      </source>
      <source id="mixamorig_RightForeArm-Interpolations">
        <Name_array id="mixamorig_RightForeArm-Interpolations-array" count="26">
 LINEAR LINEAR LINEAR LINEAR LINEAR LINEAR LINEAR LINEAR LINEAR LINEAR LINEAR
LINEAR LINEAR LINEAR LINEAR LINEAR LINEAR LINEAR LINEAR LINEAR LINEAR LINEAR LINEAR
LINEAR LINEAR LINEAR</Name_array>
        <technique_common>
          <accessor source="#mixamorig_RightForeArm-Interpolations-array" count="26">
            <param type="name"/>
          </accessor>
        </technique_common>
      </source>
      <sampler id="mixamorig_RightForeArm-Matrix-animation-transform">
        <input semantic="INPUT" source="#mixamorig_RightForeArm-Matrix-animation-input"/>
        <input semantic="OUTPUT" source="#mixamorig_RightForeArm-Matrix-animation-output-transform"/>
        <input semantic="INTERPOLATION" source="#mixamorig_RightForeArm-Interpolations"/>
      </sampler>
      <channel source="#mixamorig_RightForeArm-Matrix-animation-transform" target="mixamorig_RightForeArm/matrix"/>
    </animation>
    <animation id="mixamorig_RightHand-anim" name="mixamorig_RightHand">
      <source id="mixamorig_RightHand-Matrix-animation-input">
        <float_array id="mixamorig_RightHand-Matrix-animation-input-array" count="26">

0.000000 0.033333 0.066667 0.100000 0.133333 0.166667 0.200000 0.233333 0.266667 0.300000 0.333333 0.366667 0.400000 0.433333 0.466667 0.500000
0.533333 0.566667 0.600000 0.633333 0.666667 0.700000 0.733333 0.766667 0.800000 0.833333</float_array>
        <technique_common>
          <accessor source="#mixamorig_RightHand-Matrix-animation-input-array" count="26">
            <param name="TIME" type="float"/>
          </accessor>
        </technique_common>
      </source>
      <source id="mixamorig_RightHand-Matrix-animation-output-transform">
        <float_array id="mixamorig_RightHand-Matrix-animation-output-transform-array" count="416">

0.941087 0.235334 0.242845 0.000000 -0.246291 0.969074 0.015342 41.076000 -0.231725 -0.074249 0.969944 0.000000 0.000000 0.000000 0.000000 1.000000
0.926603 0.196234 0.320778 -0.000000 -0.237969 0.966502 0.096148 41.076000 -0.291165 -0.165427 0.942262 -0.000000 0.000000 0.000000 0.000000 1.000000
0.904719 0.174995 0.388408 0.000000 -0.260840 0.948400 0.180279 41.076000 -0.336818 -0.264414 0.903680 0.000000 0.000000 0.000000 0.000000 1.000000
0.891146 0.156134 0.426006 -0.000000 -0.292655 0.915300 0.276728 41.076000 -0.346717 -0.371278 0.861359 0.000000 0.000000 0.000000 0.000000 1.000000
0.894666 0.156181 0.418546 0.000000 -0.323880 0.872058 0.366902 41.076000 -0.307693 -0.463813 0.830784 0.000000 0.000000 0.000000 0.000000 1.000000
0.908352 0.182164 0.376448 0.000000 -0.349198 0.825696 0.443043 41.076000 -0.230125 -0.533894 0.813634 0.000000 0.000000 0.000000 0.000000 1.000000
0.917271 0.213789 0.336018 0.000000 -0.364249 0.791517 0.490738 41.076000 -0.161049 -0.572534 0.803908 0.000000 0.000000 0.000000 0.000000 1.000000
0.919888 0.233724 0.314926 -0.000000 -0.370947 0.779176 0.505255 41.076000 -0.127292 -0.581599 0.803454 -0.000000 0.000000 0.000000 0.000000 1.000000
0.926606 0.243353 0.286673 -0.000000 -0.361792 0.784769 0.503233 41.076000 -0.102509 -0.570015 0.815215 0.000000 0.000000 0.000000 0.000000 1.000000
0.928242 0.247753 0.277462 0.000000 -0.353245 0.820840 0.448821 41.076000 -0.116555 -0.514627 0.849455 0.000000 0.000000 0.000000 0.000000 1.000000
0.931569 0.248292 0.265576 0.000000 -0.339916 0.853973 0.393938 41.076000 -0.128983 -0.457254 0.879933 0.000000 0.000000 0.000000 0.000000 1.000000
0.932804 0.273892 0.234223 0.000000 -0.343248 0.873252 0.345850 41.076000 -0.109810 -0.403006 0.908585 0.000000 0.000000 0.000000 0.000000 1.000000
0.925705 0.285427 0.248196 0.000000 -0.351486 0.891544 0.285669 41.076000 -0.139740 -0.351683 0.925631 0.000000 0.000000 0.000000 0.000000 1.000000
0.923611 0.292067 0.248271 -0.000000 -0.351846 0.902973 0.246667 41.076000 -0.152139 -0.315178 0.936758 0.000000 0.000000 0.000000 0.000000 1.000000
0.923939 0.302495 0.234165 0.000000 -0.353726 0.908648 0.221894 41.076000 -0.145651 -0.287847 0.946536 0.000000 0.000000 0.000000 0.000000 1.000000
0.922661 0.302235 0.239480 0.000000 -0.351227 0.915033 0.198381 41.076000 -0.159175 -0.267150 0.950418 0.000000 0.000000 0.000000 0.000000 1.000000
0.921444 0.296465 0.251097 -0.000000 -0.345074 0.921477 0.178340 41.076000 -0.178508 -0.250977 0.951391 0.000000 0.000000 0.000000 0.000000 1.000000
0.928063 0.290345 0.233235 0.000000 -0.333979 0.925957 0.176243 41.076000 -0.164795 -0.241460 0.956316 0.000000 0.000000 0.000000 0.000000 1.000000
0.931918 0.289415 0.218560 0.000000 -0.329370 0.927650 0.176014 41.076000 -0.151806 -0.236018 0.959818 0.000000 0.000000 0.000000 0.000000 1.000000
0.933092 0.279497 0.226319 0.000000 -0.319644 0.932933 0.165720 41.076000 -0.164822 -0.226974 0.959852 0.000000 0.000000 0.000000 0.000000 1.000000
0.937460 0.267385 0.222875 0.000000 -0.304572 0.940075 0.153279 41.076000 -0.168535 -0.211574 0.962721 0.000000 0.000000 0.000000 0.000000 1.000000
0.939037 0.255858 0.229665 0.000000 -0.290713 0.947511 0.133072 41.076000 -0.183563 -0.191726 0.964130 0.000000 0.000000 0.000000 0.000000 1.000000
0.934892 0.252129 0.249815 0.000000 -0.284790 0.952929 0.104025 41.076000 -0.211828 -0.168397 0.962690 0.000000 0.000000 0.000000 0.000000 1.000000
0.935584 0.255551 0.243674 -0.000000 -0.276188 0.959582 0.054068 41.076000 -0.220008 -0.117885 0.968349 -0.000000 0.000000 0.000000 0.000000 1.000000
0.941754 0.238846 0.236755 0.000000 -0.256209 0.965571 0.045039 41.076000 -0.217847 -0.103075 0.970525 0.000000 0.000000 0.000000 0.000000 1.000000
0.941087 0.235333 0.242846 0.000000 -0.246291 0.969074 0.015342 41.076000 -0.231725 -0.074249 0.969944 0.000000 0.000000 0.000000 0.000000 1.000000</float_array>
        <technique_common>
          <accessor source="#mixamorig_RightHand-Matrix-animation-output-transform-array" count="26" stride="16">
            <param type="float4x4"/>
          </accessor>
        </technique_common>
      </source>
      <source id="mixamorig_RightHand-Interpolations">
        <Name_array id="mixamorig_RightHand-Interpolations-array" count="26">
 LINEAR LINEAR LINEAR LINEAR LINEAR LINEAR LINEAR LINEAR LINEAR LINEAR LINEAR
LINEAR LINEAR LINEAR LINEAR LINEAR LINEAR LINEAR LINEAR LINEAR LINEAR LINEAR LINEAR
LINEAR LINEAR LINEAR</Name_array>
        <technique_common>
          <accessor source="#mixamorig_RightHand-Interpolations-array" count="26">
            <param type="name"/>
          </accessor>
        </technique_common>
      </source>
      <sampler id="mixamorig_RightHand-Matrix-animation-transform">
        <input semantic="INPUT" source="#mixamorig_RightHand-Matrix-animation-input"/>
        <input semantic="OUTPUT" source="#mixamorig_RightHand-Matrix-animation-output-transform"/>
        <input semantic="INTERPOLATION" source="#mixamorig_RightHand-Interpolations"/>
      </sampler>
      <channel source="#mixamorig_RightHand-Matrix-animation-transform" target="mixamorig_RightHand/matrix"/>
    </animation>
    <animation id="mixamorig_RightHandThumb1-anim" name="mixamorig_RightHandThumb1">
      <source id="mixamorig_RightHandThumb1-Matrix-animation-input">
        <float_array id="mixamorig_RightHandThumb1-Matrix-animation-input-array" count="26">

0.000000 0.033333 0.066667 0.100000 0.133333 0.166667 0.200000 0.233333 0.266667 0.300000 0.333333 0.366667 0.400000 0.433333 0.466667 0.500000
0.533333 0.566667 0.600000 0.633333 0.666667 0.700000 0.733333 0.766667 0.800000 0.833333</float_array>
        <technique_common>
          <accessor source="#mixamorig_RightHandThumb1-Matrix-animation-input-array" count="26">
            <param name="TIME" type="float"/>
          </accessor>
        </technique_common>
      </source>
      <source id="mixamorig_RightHandThumb1-Matrix-animation-output-transform">
        <float_array id="mixamorig_RightHandThumb1-Matrix-animation-output-transform-array" count="416">

0.879494 0.442199 -0.175929 9.706200 -0.474198 0.845588 -0.245188 9.903700 0.040341 0.299066 0.953379 7.214200 0.000000 0.000000 0.000000 1.000000
0.868636 0.463510 -0.175015 9.706200 -0.495334 0.820112 -0.286461 9.903700 0.010754 0.335521 0.941971 7.214200 0.000000 0.000000 0.000000 1.000000
0.855761 0.486210 -0.176843 9.706200 -0.516898 0.788852 -0.332460 9.903700 -0.022142 0.375916 0.926389 7.214200 0.000000 0.000000 0.000000 1.000000
0.843184 0.506130 -0.181310 9.706200 -0.535051 0.757028 -0.375006 9.903700 -0.052545 0.413209 0.909119 7.214200 0.000000 0.000000 0.000000 1.000000
0.833516 0.520100 -0.186405 9.706200 -0.547380 0.731581 -0.406403 9.903700 -0.075000 0.440778 0.894477 7.214200 0.000000 0.000000 0.000000 1.000000
0.829283 0.525873 -0.189071 9.706200 -0.552385 0.720144 -0.419838 9.903700 -0.084624 0.452605 0.887687 7.214200 0.000000 0.000000 0.000000 1.000000
0.833549 0.520054 -0.186387 9.706200 -0.547342 0.731666 -0.406302 9.903700 -0.074926 0.440690 0.894527 7.214200 0.000000 0.000000 0.000000 1.000000
0.845459 0.502667 -0.180348 9.706200 -0.531957 0.762878 -0.367476 9.903700 -0.047135 0.406623 0.912379 7.214200 0.000000 0.000000 0.000000 1.000000
0.860098 0.478824 -0.175951 9.706200 -0.510004 0.799513 -0.317292 9.903700 -0.011252 0.362638 0.931862 7.214200 0.000000 0.000000 0.000000 1.000000
0.872708 0.455761 -0.175107 9.706200 -0.487762 0.829750 -0.271298 9.903700 0.021648 0.322174 0.946433 7.214200 0.000000 0.000000 0.000000 1.000000
0.878910 0.443402 -0.175818 9.706200 -0.475415 0.844237 -0.247476 9.903700 0.038701 0.301096 0.952808 7.214200 0.000000 0.000000 0.000000 1.000000
0.879538 0.442117 -0.175912 9.706200 -0.474106 0.845691 -0.245011 9.903700 0.040444 0.298897 0.953428 7.214200 0.000000 0.000000 0.000000 1.000000
0.879455 0.442299 -0.175868 9.706200 -0.474282 0.845498 -0.245337 9.903700 0.040184 0.299173 0.953352 7.214200 0.000000 0.000000 0.000000 1.000000
0.879456 0.442299 -0.175868 9.706200 -0.474282 0.845498 -0.245336 9.903700 0.040184 0.299173 0.953352 7.214200 0.000000 0.000000 0.000000 1.000000
0.879455 0.442299 -0.175868 9.706200 -0.474282 0.845498 -0.245336 9.903700 0.040184 0.299173 0.953352 7.214200 0.000000 0.000000 0.000000 1.000000
0.879455 0.442299 -0.175868 9.706200 -0.474282 0.845498 -0.245337 9.903700 0.040184 0.299174 0.953352 7.214200 0.000000 0.000000 0.000000 1.000000
0.879455 0.442299 -0.175868 9.706200 -0.474282 0.845498 -0.245336 9.903700 0.040184 0.299174 0.953352 7.214200 0.000000 0.000000 0.000000 1.000000
0.879455 0.442299 -0.175868 9.706200 -0.474282 0.845498 -0.245336 9.903700 0.040184 0.299173 0.953352 7.214200 0.000000 0.000000 0.000000 1.000000
0.879456 0.442299 -0.175868 9.706200 -0.474282 0.845498 -0.245337 9.903700 0.040184 0.299174 0.953352 7.214200 0.000000 0.000000 0.000000 1.000000
0.879455 0.442299 -0.175868 9.706200 -0.474282 0.845498 -0.245336 9.903700 0.040184 0.299174 0.953352 7.214200 0.000000 0.000000 0.000000 1.000000
0.879455 0.442299 -0.175868 9.706200 -0.474282 0.845498 -0.245336 9.903700 0.040184 0.299173 0.953352 7.214200 0.000000 0.000000 0.000000 1.000000
0.879455 0.442299 -0.175868 9.706200 -0.474282 0.845498 -0.245336 9.903700 0.040184 0.299173 0.953352 7.214200 0.000000 0.000000 0.000000 1.000000
0.879455 0.442299 -0.175868 9.706200 -0.474282 0.845498 -0.245336 9.903700 0.040184 0.299173 0.953352 7.214200 0.000000 0.000000 0.000000 1.000000
0.879456 0.442299 -0.175868 9.706200 -0.474282 0.845498 -0.245336 9.903700 0.040184 0.299173 0.953352 7.214200 0.000000 0.000000 0.000000 1.000000
0.879456 0.442299 -0.175868 9.706200 -0.474282 0.845498 -0.245336 9.903700 0.040184 0.299173 0.953352 7.214200 0.000000 0.000000 0.000000 1.000000
0.879455 0.442299 -0.175868 9.706200 -0.474282 0.845498 -0.245336 9.903700 0.040184 0.299173 0.953352 7.214200 0.000000 0.000000 0.000000 1.000000</float_array>
        <technique_common>
          <accessor source="#mixamorig_RightHandThumb1-Matrix-animation-output-transform-array" count="26" stride="16">
            <param type="float4x4"/>
          </accessor>
        </technique_common>
      </source>
      <source id="mixamorig_RightHandThumb1-Interpolations">
        <Name_array id="mixamorig_RightHandThumb1-Interpolations-array" count="26">
 LINEAR LINEAR LINEAR LINEAR LINEAR LINEAR LINEAR LINEAR LINEAR LINEAR LINEAR
LINEAR LINEAR LINEAR LINEAR LINEAR LINEAR LINEAR LINEAR LINEAR LINEAR LINEAR LINEAR
LINEAR LINEAR LINEAR</Name_array>
        <technique_common>
          <accessor source="#mixamorig_RightHandThumb1-Interpolations-array" count="26">
            <param type="name"/>
          </accessor>
        </technique_common>
      </source>
      <sampler id="mixamorig_RightHandThumb1-Matrix-animation-transform">
        <input semantic="INPUT" source="#mixamorig_RightHandThumb1-Matrix-animation-input"/>
        <input semantic="OUTPUT" source="#mixamorig_RightHandThumb1-Matrix-animation-output-transform"/>
        <input semantic="INTERPOLATION" source="#mixamorig_RightHandThumb1-Interpolations"/>
      </sampler>
      <channel source="#mixamorig_RightHandThumb1-Matrix-animation-transform" target="mixamorig_RightHandThumb1/matrix"/>
    </animation>
    <animation id="mixamorig_RightHandThumb2-anim" name="mixamorig_RightHandThumb2">
      <source id="mixamorig_RightHandThumb2-Matrix-animation-input">
        <float_array id="mixamorig_RightHandThumb2-Matrix-animation-input-array" count="26">

0.000000 0.033333 0.066667 0.100000 0.133333 0.166667 0.200000 0.233333 0.266667 0.300000 0.333333 0.366667 0.400000 0.433333 0.466667 0.500000
0.533333 0.566667 0.600000 0.633333 0.666667 0.700000 0.733333 0.766667 0.800000 0.833333</float_array>
        <technique_common>
          <accessor source="#mixamorig_RightHandThumb2-Matrix-animation-input-array" count="26">
            <param name="TIME" type="float"/>
          </accessor>
        </technique_common>
      </source>
      <source id="mixamorig_RightHandThumb2-Matrix-animation-output-transform">
        <float_array id="mixamorig_RightHandThumb2-Matrix-animation-output-transform-array" count="416">

0.893390 -0.446482 0.050084 0.000000 0.447000 0.894533 0.000941 2.369600 -0.045222 0.021547 0.998745 0.000000 0.000000 0.000000 0.000000 1.000000
0.880528 -0.470585 0.056749 -0.000000 0.471111 0.882062 0.004553 2.369600 -0.052199 0.022726 0.998378 0.000000 0.000000 0.000000 0.000000 1.000000
0.865093 -0.497488 0.064182 0.000000 0.498002 0.867131 0.008867 2.369600 -0.060066 0.024292 0.997899 -0.000000 0.000000 0.000000 0.000000 1.000000
0.849642 -0.522545 0.071100 0.000000 0.523025 0.852215 0.013167 2.369600 -0.067473 0.026000 0.997382 0.000000 0.000000 0.000000 0.000000 1.000000
0.837412 -0.541227 0.076253 0.000000 0.541669 0.840429 0.016559 2.369600 -0.073048 0.027438 0.996951 0.000000 0.000000 0.000000 0.000000 1.000000
0.831940 -0.549289 0.078476 0.000000 0.549710 0.835160 0.018073 2.369600 -0.075468 0.028103 0.996752 0.000000 0.000000 0.000000 0.000000 1.000000
0.837452 -0.541167 0.076237 -0.000000 0.541609 0.840468 0.016547 2.369600 -0.073029 0.027433 0.996952 0.000000 0.000000 0.000000 0.000000 1.000000
0.852465 -0.518094 0.069872 0.000000 0.518582 0.854938 0.012383 2.369600 -0.066151 0.025678 0.997479 0.000000 0.000000 0.000000 0.000000 1.000000
0.870318 -0.488606 0.061729 0.000000 0.489126 0.872182 0.007409 2.369600 -0.057459 0.023745 0.998065 0.000000 0.000000 0.000000 0.000000 1.000000
0.885355 -0.461733 0.054302 0.000000 0.462258 0.886740 0.003200 2.369600 -0.049629 0.022269 0.998519 -0.000000 0.000000 0.000000 0.000000 1.000000
0.892699 -0.447819 0.050455 0.000000 0.448339 0.893863 0.001135 2.369600 -0.045608 0.021607 0.998726 0.000000 0.000000 0.000000 0.000000 1.000000
0.893441 -0.446382 0.050057 0.000000 0.446900 0.894583 0.000927 2.369600 -0.045194 0.021542 0.998746 -0.000000 0.000000 0.000000 0.000000 1.000000
0.893342 -0.446576 0.050111 0.000000 0.447094 0.894486 0.000955 2.369600 -0.045250 0.021551 0.998743 0.000000 0.000000 0.000000 0.000000 1.000000
0.893342 -0.446576 0.050111 0.000000 0.447094 0.894486 0.000955 2.369600 -0.045250 0.021551 0.998743 0.000000 0.000000 0.000000 0.000000 1.000000
0.893342 -0.446576 0.050111 0.000000 0.447094 0.894486 0.000955 2.369600 -0.045250 0.021551 0.998743 0.000000 0.000000 0.000000 0.000000 1.000000
0.893342 -0.446576 0.050110 0.000000 0.447094 0.894486 0.000955 2.369600 -0.045249 0.021551 0.998743 0.000000 0.000000 0.000000 0.000000 1.000000
0.893342 -0.446575 0.050110 -0.000000 0.447094 0.894486 0.000955 2.369600 -0.045250 0.021551 0.998743 0.000000 0.000000 0.000000 0.000000 1.000000
0.893342 -0.446576 0.050111 -0.000000 0.447094 0.894486 0.000955 2.369600 -0.045250 0.021551 0.998743 -0.000000 0.000000 0.000000 0.000000 1.000000
0.893342 -0.446576 0.050110 0.000000 0.447094 0.894486 0.000955 2.369600 -0.045250 0.021551 0.998743 -0.000000 0.000000 0.000000 0.000000 1.000000
0.893342 -0.446576 0.050111 -0.000000 0.447094 0.894486 0.000955 2.369600 -0.045250 0.021551 0.998743 0.000000 0.000000 0.000000 0.000000 1.000000
0.893342 -0.446575 0.050111 0.000000 0.447094 0.894486 0.000955 2.369600 -0.045250 0.021552 0.998743 0.000000 0.000000 0.000000 0.000000 1.000000
0.893342 -0.446576 0.050111 0.000000 0.447094 0.894486 0.000955 2.369600 -0.045250 0.021551 0.998743 0.000000 0.000000 0.000000 0.000000 1.000000
0.893342 -0.446576 0.050111 0.000000 0.447094 0.894486 0.000955 2.369600 -0.045250 0.021551 0.998743 0.000000 0.000000 0.000000 0.000000 1.000000
0.893342 -0.446576 0.050111 -0.000000 0.447094 0.894486 0.000955 2.369600 -0.045250 0.021551 0.998743 0.000000 0.000000 0.000000 0.000000 1.000000
0.893341 -0.446576 0.050110 -0.000000 0.447095 0.894486 0.000955 2.369600 -0.045250 0.021551 0.998743 0.000000 0.000000 0.000000 0.000000 1.000000
0.893342 -0.446576 0.050110 0.000000 0.447094 0.894486 0.000955 2.369600 -0.045250 0.021551 0.998743 -0.000000 0.000000 0.000000 0.000000 1.000000</float_array>
        <technique_common>
          <accessor source="#mixamorig_RightHandThumb2-Matrix-animation-output-transform-array" count="26" stride="16">
            <param type="float4x4"/>
          </accessor>
        </technique_common>
      </source>
      <source id="mixamorig_RightHandThumb2-Interpolations">
        <Name_array id="mixamorig_RightHandThumb2-Interpolations-array" count="26">
 LINEAR LINEAR LINEAR LINEAR LINEAR LINEAR LINEAR LINEAR LINEAR LINEAR LINEAR
LINEAR LINEAR LINEAR LINEAR LINEAR LINEAR LINEAR LINEAR LINEAR LINEAR LINEAR LINEAR
LINEAR LINEAR LINEAR</Name_array>
        <technique_common>
          <accessor source="#mixamorig_RightHandThumb2-Interpolations-array" count="26">
            <param type="name"/>
          </accessor>
        </technique_common>
      </source>
      <sampler id="mixamorig_RightHandThumb2-Matrix-animation-transform">
        <input semantic="INPUT" source="#mixamorig_RightHandThumb2-Matrix-animation-input"/>
        <input semantic="OUTPUT" source="#mixamorig_RightHandThumb2-Matrix-animation-output-transform"/>
        <input semantic="INTERPOLATION" source="#mixamorig_RightHandThumb2-Interpolations"/>
      </sampler>
      <channel source="#mixamorig_RightHandThumb2-Matrix-animation-transform" target="mixamorig_RightHandThumb2/matrix"/>
    </animation>
    <animation id="mixamorig_RightHandThumb3-anim" name="mixamorig_RightHandThumb3">
      <source id="mixamorig_RightHandThumb3-Matrix-animation-input">
        <float_array id="mixamorig_RightHandThumb3-Matrix-animation-input-array" count="26">

0.000000 0.033333 0.066667 0.100000 0.133333 0.166667 0.200000 0.233333 0.266667 0.300000 0.333333 0.366667 0.400000 0.433333 0.466667 0.500000
0.533333 0.566667 0.600000 0.633333 0.666667 0.700000 0.733333 0.766667 0.800000 0.833333</float_array>
        <technique_common>
          <accessor source="#mixamorig_RightHandThumb3-Matrix-animation-input-array" count="26">
            <param name="TIME" type="float"/>
          </accessor>
        </technique_common>
      </source>
      <source id="mixamorig_RightHandThumb3-Matrix-animation-output-transform">
        <float_array id="mixamorig_RightHandThumb3-Matrix-animation-output-transform-array" count="416">

0.942362 -0.322160 -0.090371 0.000000 0.334571 0.904057 0.265976 2.785100 -0.003986 -0.280881 0.959734 -0.000000 0.000000 0.000000 0.000000 1.000000
0.932440 -0.346917 -0.101020 0.000000 0.361309 0.892520 0.269932 2.785100 -0.003482 -0.288195 0.957566 0.000000 0.000000 0.000000 0.000000 1.000000
0.920210 -0.374649 -0.113363 0.000000 0.391414 0.878578 0.273673 2.785100 -0.002933 -0.296208 0.955119 0.000000 0.000000 0.000000 0.000000 1.000000
0.907659 -0.400572 -0.125291 0.000000 0.419702 0.864529 0.276476 2.785100 -0.002431 -0.303531 0.952819 -0.000000 0.000000 0.000000 0.000000 1.000000
0.897527 -0.419960 -0.134455 0.000000 0.440954 0.853354 0.278113 2.785100 -0.002059 -0.308903 0.951091 0.000000 0.000000 0.000000 0.000000 1.000000
0.892943 -0.428341 -0.138481 -0.000000 0.450166 0.848339 0.278696 2.785100 -0.001898 -0.311199 0.950343 0.000000 0.000000 0.000000 0.000000 1.000000
0.897561 -0.419898 -0.134425 0.000000 0.440885 0.853391 0.278108 2.785100 -0.002060 -0.308886 0.951097 -0.000000 0.000000 0.000000 0.000000 1.000000
0.909972 -0.395963 -0.123144 0.000000 0.414662 0.867103 0.276022 2.785100 -0.002516 -0.302235 0.953230 -0.000000 0.000000 0.000000 0.000000 1.000000
0.924385 -0.365484 -0.109239 0.000000 0.381447 0.883310 0.272509 2.785100 -0.003106 -0.293572 0.955932 0.000000 0.000000 0.000000 0.000000 1.000000
0.936193 -0.337816 -0.097067 -0.000000 0.351466 0.896861 0.268536 2.785100 -0.003660 -0.285518 0.958366 0.000000 0.000000 0.000000 0.000000 1.000000
0.941836 -0.323531 -0.090952 -0.000000 0.336049 0.903440 0.266209 2.785100 -0.003957 -0.281290 0.959615 0.000000 0.000000 0.000000 0.000000 1.000000
0.942409 -0.322057 -0.090242 0.000000 0.334437 0.904122 0.265923 2.785100 -0.004053 -0.280789 0.959761 0.000000 0.000000 0.000000 0.000000 1.000000
0.942342 -0.322256 -0.090238 0.000000 0.334627 0.904052 0.265922 2.785100 -0.004115 -0.280785 0.959762 0.000000 0.000000 0.000000 0.000000 1.000000
0.942342 -0.322256 -0.090238 0.000000 0.334627 0.904052 0.265922 2.785100 -0.004115 -0.280785 0.959762 0.000000 0.000000 0.000000 0.000000 1.000000
0.942342 -0.322256 -0.090238 -0.000000 0.334627 0.904052 0.265922 2.785100 -0.004115 -0.280785 0.959762 0.000000 0.000000 0.000000 0.000000 1.000000
0.942342 -0.322256 -0.090238 0.000000 0.334627 0.904052 0.265922 2.785100 -0.004115 -0.280785 0.959762 0.000000 0.000000 0.000000 0.000000 1.000000
0.942342 -0.322256 -0.090238 0.000000 0.334627 0.904052 0.265922 2.785100 -0.004115 -0.280785 0.959762 -0.000000 0.000000 0.000000 0.000000 1.000000
0.942342 -0.322256 -0.090238 0.000000 0.334627 0.904052 0.265922 2.785100 -0.004115 -0.280785 0.959762 -0.000000 0.000000 0.000000 0.000000 1.000000
0.942342 -0.322256 -0.090238 0.000000 0.334627 0.904052 0.265922 2.785100 -0.004115 -0.280785 0.959762 0.000000 0.000000 0.000000 0.000000 1.000000
0.942342 -0.322256 -0.090238 0.000000 0.334627 0.904052 0.265922 2.785100 -0.004115 -0.280785 0.959762 -0.000000 0.000000 0.000000 0.000000 1.000000
0.942342 -0.322256 -0.090238 0.000000 0.334627 0.904052 0.265922 2.785100 -0.004115 -0.280785 0.959762 -0.000000 0.000000 0.000000 0.000000 1.000000
0.942342 -0.322256 -0.090238 0.000000 0.334627 0.904052 0.265922 2.785100 -0.004115 -0.280785 0.959762 0.000000 0.000000 0.000000 0.000000 1.000000
0.942342 -0.322256 -0.090238 0.000000 0.334627 0.904052 0.265922 2.785100 -0.004115 -0.280785 0.959762 0.000000 0.000000 0.000000 0.000000 1.000000
0.942342 -0.322256 -0.090238 0.000000 0.334627 0.904052 0.265922 2.785100 -0.004115 -0.280785 0.959762 0.000000 0.000000 0.000000 0.000000 1.000000
0.942342 -0.322256 -0.090238 -0.000000 0.334627 0.904052 0.265922 2.785100 -0.004115 -0.280785 0.959762 0.000000 0.000000 0.000000 0.000000 1.000000
0.942342 -0.322256 -0.090238 0.000000 0.334627 0.904052 0.265922 2.785100 -0.004115 -0.280785 0.959762 0.000000 0.000000 0.000000 0.000000 1.000000</float_array>
        <technique_common>
          <accessor source="#mixamorig_RightHandThumb3-Matrix-animation-output-transform-array" count="26" stride="16">
            <param type="float4x4"/>
          </accessor>
        </technique_common>
      </source>
      <source id="mixamorig_RightHandThumb3-Interpolations">
        <Name_array id="mixamorig_RightHandThumb3-Interpolations-array" count="26">
 LINEAR LINEAR LINEAR LINEAR LINEAR LINEAR LINEAR LINEAR LINEAR LINEAR LINEAR
LINEAR LINEAR LINEAR LINEAR LINEAR LINEAR LINEAR LINEAR LINEAR LINEAR LINEAR LINEAR
LINEAR LINEAR LINEAR</Name_array>
        <technique_common>
          <accessor source="#mixamorig_RightHandThumb3-Interpolations-array" count="26">
            <param type="name"/>
          </accessor>
        </technique_common>
      </source>
      <sampler id="mixamorig_RightHandThumb3-Matrix-animation-transform">
        <input semantic="INPUT" source="#mixamorig_RightHandThumb3-Matrix-animation-input"/>
        <input semantic="OUTPUT" source="#mixamorig_RightHandThumb3-Matrix-animation-output-transform"/>
        <input semantic="INTERPOLATION" source="#mixamorig_RightHandThumb3-Interpolations"/>
      </sampler>
      <channel source="#mixamorig_RightHandThumb3-Matrix-animation-transform" target="mixamorig_RightHandThumb3/matrix"/>
    </animation>
    <animation id="mixamorig_RightHandIndex1-anim" name="mixamorig_RightHandIndex1">
      <source id="mixamorig_RightHandIndex1-Matrix-animation-input">
        <float_array id="mixamorig_RightHandIndex1-Matrix-animation-input-array" count="26">

0.000000 0.033333 0.066667 0.100000 0.133333 0.166667 0.200000 0.233333 0.266667 0.300000 0.333333 0.366667 0.400000 0.433333 0.466667 0.500000
0.533333 0.566667 0.600000 0.633333 0.666667 0.700000 0.733333 0.766667 0.800000 0.833333</float_array>
        <technique_common>
          <accessor source="#mixamorig_RightHandIndex1-Matrix-animation-input-array" count="26">
            <param name="TIME" type="float"/>
          </accessor>
        </technique_common>
      </source>
      <source id="mixamorig_RightHandIndex1-Matrix-animation-output-transform">
        <float_array id="mixamorig_RightHandIndex1-Matrix-animation-output-transform-array" count="416">

0.998559 -0.052588 0.010674 4.736600 0.053516 0.961404 -0.269887 18.296400 0.003931 0.270070 0.962833 0.973900 0.000000 0.000000 0.000000 1.000000
0.998303 -0.056560 0.013858 4.736600 0.057989 0.943770 -0.325479 18.296400 0.005330 0.325730 0.945448 0.973900 0.000000 0.000000 0.000000 1.000000
0.998000 -0.060704 0.017622 4.736600 0.062802 0.920645 -0.385316 18.296400 0.007167 0.385652 0.922617 0.973900 0.000000 0.000000 0.000000 1.000000
0.997690 -0.064446 0.021478 4.736600 0.067303 0.894853 -0.441257 18.296400 0.009218 0.441683 0.897124 0.973900 0.000000 0.000000 0.000000 1.000000
0.997423 -0.067322 0.024795 4.736600 0.070880 0.871237 -0.485718 18.296400 0.011097 0.486224 0.873764 0.973900 0.000000 0.000000 0.000000 1.000000
0.997257 -0.068972 0.026861 4.736600 0.072986 0.855938 -0.511901 18.296400 0.012315 0.512457 0.858624 0.973900 0.000000 0.000000 0.000000 1.000000
0.997230 -0.069233 0.027201 4.736600 0.073324 0.853387 -0.516096 18.296400 0.012518 0.516661 0.856099 0.973900 0.000000 0.000000 0.000000 1.000000
0.997319 -0.068372 0.026095 4.736600 0.072215 0.861664 -0.502314 18.296400 0.011859 0.502852 0.864291 0.973900 0.000000 0.000000 0.000000 1.000000
0.997477 -0.066768 0.024130 4.736600 0.070182 0.876074 -0.477041 18.296400 0.010712 0.477531 0.878550 0.973900 0.000000 0.000000 0.000000 1.000000
0.997660 -0.064789 0.021856 4.736600 0.067724 0.892224 -0.446487 18.296400 0.009427 0.446922 0.894523 0.973900 0.000000 0.000000 0.000000 1.000000
0.997823 -0.062901 0.019827 4.736600 0.065425 0.906131 -0.417908 18.296400 0.008321 0.418295 0.908273 0.973900 0.000000 0.000000 0.000000 1.000000
0.997978 -0.060986 0.017896 4.736600 0.063136 0.918876 -0.389461 18.296400 0.007308 0.389803 0.920869 0.973900 0.000000 0.000000 0.000000 1.000000
0.998160 -0.058580 0.015633 4.736600 0.060315 0.933148 -0.354397 18.296400 0.006173 0.354688 0.934964 0.973900 0.000000 0.000000 0.000000 1.000000
0.998339 -0.056034 0.013414 4.736600 0.057389 0.946344 -0.318025 18.296400 0.005126 0.318266 0.947988 0.973900 0.000000 0.000000 0.000000 1.000000
0.998479 -0.053881 0.011669 4.736600 0.054958 0.956108 -0.287813 18.296400 0.004351 0.288016 0.957616 0.973900 0.000000 0.000000 0.000000 1.000000
0.998551 -0.052729 0.010780 4.736600 0.053673 0.960848 -0.271829 18.296400 0.003976 0.272013 0.962285 0.973900 0.000000 0.000000 0.000000 1.000000
0.998560 -0.052577 0.010665 4.736600 0.053503 0.961449 -0.269727 18.296400 0.003928 0.269909 0.962878 0.973900 0.000000 0.000000 0.000000 1.000000
0.998559 -0.052595 0.010678 4.736600 0.053524 0.961378 -0.269978 18.296400 0.003933 0.270160 0.962807 0.973900 0.000000 0.000000 0.000000 1.000000
0.998559 -0.052595 0.010678 4.736600 0.053524 0.961378 -0.269978 18.296400 0.003934 0.270161 0.962807 0.973900 0.000000 0.000000 0.000000 1.000000
0.998559 -0.052595 0.010679 4.736600 0.053524 0.961378 -0.269978 18.296400 0.003933 0.270161 0.962807 0.973900 0.000000 0.000000 0.000000 1.000000
0.998559 -0.052595 0.010678 4.736600 0.053524 0.961378 -0.269978 18.296400 0.003934 0.270160 0.962807 0.973900 0.000000 0.000000 0.000000 1.000000
0.998559 -0.052595 0.010678 4.736600 0.053524 0.961378 -0.269978 18.296400 0.003934 0.270160 0.962807 0.973900 0.000000 0.000000 0.000000 1.000000
0.998559 -0.052595 0.010679 4.736600 0.053524 0.961378 -0.269978 18.296400 0.003933 0.270161 0.962807 0.973900 0.000000 0.000000 0.000000 1.000000
0.998559 -0.052595 0.010678 4.736600 0.053524 0.961378 -0.269978 18.296400 0.003934 0.270161 0.962807 0.973900 0.000000 0.000000 0.000000 1.000000
0.998559 -0.052595 0.010678 4.736600 0.053524 0.961378 -0.269978 18.296400 0.003933 0.270161 0.962807 0.973900 0.000000 0.000000 0.000000 1.000000
0.998559 -0.052595 0.010679 4.736600 0.053524 0.961378 -0.269978 18.296400 0.003933 0.270161 0.962807 0.973900 0.000000 0.000000 0.000000 1.000000</float_array>
        <technique_common>
          <accessor source="#mixamorig_RightHandIndex1-Matrix-animation-output-transform-array" count="26" stride="16">
            <param type="float4x4"/>
          </accessor>
        </technique_common>
      </source>
      <source id="mixamorig_RightHandIndex1-Interpolations">
        <Name_array id="mixamorig_RightHandIndex1-Interpolations-array" count="26">
 LINEAR LINEAR LINEAR LINEAR LINEAR LINEAR LINEAR LINEAR LINEAR LINEAR LINEAR
LINEAR LINEAR LINEAR LINEAR LINEAR LINEAR LINEAR LINEAR LINEAR LINEAR LINEAR LINEAR
LINEAR LINEAR LINEAR</Name_array>
        <technique_common>
          <accessor source="#mixamorig_RightHandIndex1-Interpolations-array" count="26">
            <param type="name"/>
          </accessor>
        </technique_common>
      </source>
      <sampler id="mixamorig_RightHandIndex1-Matrix-animation-transform">
        <input semantic="INPUT" source="#mixamorig_RightHandIndex1-Matrix-animation-input"/>
        <input semantic="OUTPUT" source="#mixamorig_RightHandIndex1-Matrix-animation-output-transform"/>
        <input semantic="INTERPOLATION" source="#mixamorig_RightHandIndex1-Interpolations"/>
      </sampler>
      <channel source="#mixamorig_RightHandIndex1-Matrix-animation-transform" target="mixamorig_RightHandIndex1/matrix"/>
    </animation>
    <animation id="mixamorig_RightHandIndex2-anim" name="mixamorig_RightHandIndex2">
      <source id="mixamorig_RightHandIndex2-Matrix-animation-input">
        <float_array id="mixamorig_RightHandIndex2-Matrix-animation-input-array" count="26">

0.000000 0.033333 0.066667 0.100000 0.133333 0.166667 0.200000 0.233333 0.266667 0.300000 0.333333 0.366667 0.400000 0.433333 0.466667 0.500000
0.533333 0.566667 0.600000 0.633333 0.666667 0.700000 0.733333 0.766667 0.800000 0.833333</float_array>
        <technique_common>
          <accessor source="#mixamorig_RightHandIndex2-Matrix-animation-input-array" count="26">
            <param name="TIME" type="float"/>
          </accessor>
        </technique_common>
      </source>
      <source id="mixamorig_RightHandIndex2-Matrix-animation-output-transform">
        <float_array id="mixamorig_RightHandIndex2-Matrix-animation-output-transform-array" count="416">

0.996771 -0.069547 0.040140 0.000000 0.069547 0.497824 -0.864485 4.698000 0.040140 0.864485 0.501053 0.000000 0.000000 0.000000 0.000000 1.000000
0.996564 -0.070968 0.042716 0.000000 0.070968 0.465588 -0.882151 4.698000 0.042716 0.882151 0.469025 0.000000 0.000000 0.000000 0.000000 1.000000
0.996329 -0.072431 0.045630 -0.000000 0.072431 0.429142 -0.900328 4.698000 0.045630 0.900328 0.432813 0.000000 0.000000 0.000000 0.000000 1.000000
0.996101 -0.073718 0.048471 -0.000000 0.073717 0.393585 -0.916328 4.698000 0.048472 0.916328 0.397485 0.000000 0.000000 0.000000 0.000000 1.000000
0.995914 -0.074670 0.050789 -0.000000 0.074670 0.364593 -0.928168 4.698000 0.050789 0.928168 0.368679 0.000000 0.000000 0.000000 0.000000 1.000000
0.995808 -0.075176 0.052111 0.000000 0.075176 0.348056 -0.934455 4.698000 0.052111 0.934455 0.352249 0.000000 0.000000 0.000000 0.000000 1.000000
0.995809 -0.075170 0.052095 0.000000 0.075170 0.348255 -0.934381 4.698000 0.052095 0.934381 0.352446 -0.000000 0.000000 0.000000 0.000000 1.000000
0.995901 -0.074735 0.050954 -0.000000 0.074735 0.362531 -0.928971 4.698000 0.050954 0.928971 0.366630 0.000000 0.000000 0.000000 0.000000 1.000000
0.996044 -0.074018 0.049180 -0.000000 0.074018 0.384728 -0.920057 4.698000 0.049180 0.920057 0.388685 -0.000000 0.000000 0.000000 0.000000 1.000000
0.996200 -0.073177 0.047241 0.000000 0.073177 0.408983 -0.909603 4.698000 0.047241 0.909603 0.412783 0.000000 0.000000 0.000000 0.000000 1.000000
0.996330 -0.072427 0.045623 0.000000 0.072427 0.429223 -0.900290 4.698000 0.045623 0.900290 0.432894 0.000000 0.000000 0.000000 0.000000 1.000000
0.996435 -0.071790 0.044318 0.000000 0.071790 0.445556 -0.892371 4.698000 0.044317 0.892371 0.449122 0.000000 0.000000 0.000000 0.000000 1.000000
0.996543 -0.071099 0.042965 0.000000 0.071099 0.462472 -0.883779 4.698000 0.042966 0.883779 0.465929 0.000000 0.000000 0.000000 0.000000 1.000000
0.996646 -0.070418 0.041692 -0.000000 0.070418 0.478398 -0.875315 4.698000 0.041692 0.875315 0.481752 0.000000 0.000000 0.000000 0.000000 1.000000
0.996726 -0.069868 0.040702 0.000000 0.069868 0.490782 -0.868476 4.698000 0.040703 0.868476 0.494057 -0.000000 0.000000 0.000000 0.000000 1.000000
0.996766 -0.069581 0.040200 0.000000 0.069581 0.497076 -0.864912 4.698000 0.040199 0.864912 0.500310 0.000000 0.000000 0.000000 0.000000 1.000000
0.996771 -0.069542 0.040131 -0.000000 0.069542 0.497930 -0.864424 4.698000 0.040131 0.864424 0.501159 -0.000000 0.000000 0.000000 0.000000 1.000000
0.996771 -0.069542 0.040131 0.000000 0.069542 0.497930 -0.864424 4.698000 0.040131 0.864424 0.501159 0.000000 0.000000 0.000000 0.000000 1.000000
0.996771 -0.069542 0.040131 0.000000 0.069542 0.497930 -0.864424 4.698000 0.040131 0.864424 0.501159 0.000000 0.000000 0.000000 0.000000 1.000000
0.996771 -0.069542 0.040131 0.000000 0.069542 0.497930 -0.864424 4.698000 0.040131 0.864424 0.501159 0.000000 0.000000 0.000000 0.000000 1.000000
0.996771 -0.069542 0.040131 0.000000 0.069542 0.497930 -0.864424 4.698000 0.040131 0.864424 0.501159 0.000000 0.000000 0.000000 0.000000 1.000000
0.996771 -0.069542 0.040131 0.000000 0.069542 0.497930 -0.864424 4.698000 0.040131 0.864424 0.501159 0.000000 0.000000 0.000000 0.000000 1.000000
0.996771 -0.069542 0.040131 0.000000 0.069542 0.497930 -0.864424 4.698000 0.040131 0.864424 0.501159 0.000000 0.000000 0.000000 0.000000 1.000000
0.996771 -0.069542 0.040131 -0.000000 0.069542 0.497930 -0.864424 4.698000 0.040131 0.864424 0.501159 0.000000 0.000000 0.000000 0.000000 1.000000
0.996771 -0.069542 0.040131 -0.000000 0.069542 0.497930 -0.864424 4.698000 0.040131 0.864424 0.501159 0.000000 0.000000 0.000000 0.000000 1.000000
0.996771 -0.069542 0.040131 0.000000 0.069542 0.497930 -0.864424 4.698000 0.040131 0.864424 0.501159 -0.000000 0.000000 0.000000 0.000000 1.000000</float_array>
        <technique_common>
          <accessor source="#mixamorig_RightHandIndex2-Matrix-animation-output-transform-array" count="26" stride="16">
            <param type="float4x4"/>
          </accessor>
        </technique_common>
      </source>
      <source id="mixamorig_RightHandIndex2-Interpolations">
        <Name_array id="mixamorig_RightHandIndex2-Interpolations-array" count="26">
 LINEAR LINEAR LINEAR LINEAR LINEAR LINEAR LINEAR LINEAR LINEAR LINEAR LINEAR
LINEAR LINEAR LINEAR LINEAR LINEAR LINEAR LINEAR LINEAR LINEAR LINEAR LINEAR LINEAR
LINEAR LINEAR LINEAR</Name_array>
        <technique_common>
          <accessor source="#mixamorig_RightHandIndex2-Interpolations-array" count="26">
            <param type="name"/>
          </accessor>
        </technique_common>
      </source>
      <sampler id="mixamorig_RightHandIndex2-Matrix-animation-transform">
        <input semantic="INPUT" source="#mixamorig_RightHandIndex2-Matrix-animation-input"/>
        <input semantic="OUTPUT" source="#mixamorig_RightHandIndex2-Matrix-animation-output-transform"/>
        <input semantic="INTERPOLATION" source="#mixamorig_RightHandIndex2-Interpolations"/>
      </sampler>
      <channel source="#mixamorig_RightHandIndex2-Matrix-animation-transform" target="mixamorig_RightHandIndex2/matrix"/>
    </animation>
    <animation id="mixamorig_RightHandIndex3-anim" name="mixamorig_RightHandIndex3">
      <source id="mixamorig_RightHandIndex3-Matrix-animation-input">
        <float_array id="mixamorig_RightHandIndex3-Matrix-animation-input-array" count="26">

0.000000 0.033333 0.066667 0.100000 0.133333 0.166667 0.200000 0.233333 0.266667 0.300000 0.333333 0.366667 0.400000 0.433333 0.466667 0.500000
0.533333 0.566667 0.600000 0.633333 0.666667 0.700000 0.733333 0.766667 0.800000 0.833333</float_array>
        <technique_common>
          <accessor source="#mixamorig_RightHandIndex3-Matrix-animation-input-array" count="26">
            <param name="TIME" type="float"/>
          </accessor>
        </technique_common>
      </source>
      <source id="mixamorig_RightHandIndex3-Matrix-animation-output-transform">
        <float_array id="mixamorig_RightHandIndex3-Matrix-animation-output-transform-array" count="416">

0.998793 -0.046771 0.015003 -0.000000 0.046771 0.812293 -0.581371 2.894000 0.015004 0.581371 0.813500 0.000000 0.000000 0.000000 0.000000 1.000000
0.998360 -0.053492 0.020383 0.000000 0.053492 0.744997 -0.664920 2.894000 0.020383 0.664920 0.746637 0.000000 0.000000 0.000000 0.000000 1.000000
0.997806 -0.060329 0.027274 0.000000 0.060329 0.658788 -0.749906 2.894000 0.027274 0.749906 0.660982 0.000000 0.000000 0.000000 0.000000 1.000000
0.997221 -0.066005 0.034540 -0.000000 0.066005 0.567884 -0.820458 2.894000 0.034540 0.820458 0.570663 0.000000 0.000000 0.000000 0.000000 1.000000
0.996739 -0.069774 0.040537 0.000000 0.069774 0.492850 -0.867312 2.894000 0.040537 0.867312 0.496111 0.000000 0.000000 0.000000 0.000000 1.000000
0.996505 -0.071346 0.043441 0.000000 0.071346 0.456523 -0.886847 2.894000 0.043441 0.886847 0.460018 0.000000 0.000000 0.000000 0.000000 1.000000
0.996647 -0.070407 0.041673 0.000000 0.070407 0.478641 -0.875183 2.894000 0.041673 0.875183 0.481994 -0.000000 0.000000 0.000000 0.000000 1.000000
0.997103 -0.067003 0.036016 0.000000 0.067003 0.549413 -0.832860 2.894000 0.036016 0.832860 0.552311 0.000000 0.000000 0.000000 0.000000 1.000000
0.997677 -0.061699 0.028875 0.000000 0.061699 0.638752 -0.766935 2.894000 0.028875 0.766935 0.641075 0.000000 0.000000 0.000000 0.000000 1.000000
0.998202 -0.055619 0.022351 -0.000000 0.055619 0.720368 -0.691359 2.894000 0.022352 0.691359 0.722166 -0.000000 0.000000 0.000000 0.000000 1.000000
0.998551 -0.050713 0.018014 -0.000000 0.050713 0.774633 -0.630374 2.894000 0.018014 0.630374 0.776083 -0.000000 0.000000 0.000000 0.000000 1.000000
0.998717 -0.048055 0.015942 0.000000 0.048055 0.800553 -0.597332 2.894000 0.015942 0.597332 0.801836 -0.000000 0.000000 0.000000 0.000000 1.000000
0.998791 -0.046799 0.015024 0.000000 0.046799 0.812042 -0.581719 2.894000 0.015024 0.581719 0.813251 -0.000000 0.000000 0.000000 0.000000 1.000000
0.998813 -0.046415 0.014751 0.000000 0.046415 0.815459 -0.576951 2.894000 0.014751 0.576951 0.816646 0.000000 0.000000 0.000000 0.000000 1.000000
0.998806 -0.046540 0.014839 -0.000000 0.046540 0.814352 -0.578502 2.894000 0.014839 0.578502 0.815546 0.000000 0.000000 0.000000 0.000000 1.000000
0.998795 -0.046737 0.014979 0.000000 0.046737 0.812599 -0.580946 2.894000 0.014979 0.580946 0.813804 0.000000 0.000000 0.000000 0.000000 1.000000
0.998793 -0.046776 0.015008 0.000000 0.046776 0.812244 -0.581439 2.894000 0.015008 0.581439 0.813451 0.000000 0.000000 0.000000 0.000000 1.000000
0.998793 -0.046776 0.015008 0.000000 0.046776 0.812244 -0.581440 2.894000 0.015008 0.581440 0.813451 0.000000 0.000000 0.000000 0.000000 1.000000
0.998793 -0.046776 0.015008 -0.000000 0.046776 0.812244 -0.581439 2.894000 0.015008 0.581439 0.813451 -0.000000 0.000000 0.000000 0.000000 1.000000
0.998793 -0.046776 0.015008 0.000000 0.046776 0.812244 -0.581439 2.894000 0.015008 0.581439 0.813451 -0.000000 0.000000 0.000000 0.000000 1.000000
0.998793 -0.046776 0.015008 0.000000 0.046776 0.812244 -0.581439 2.894000 0.015007 0.581439 0.813451 0.000000 0.000000 0.000000 0.000000 1.000000
0.998793 -0.046776 0.015008 0.000000 0.046776 0.812244 -0.581439 2.894000 0.015007 0.581439 0.813451 0.000000 0.000000 0.000000 0.000000 1.000000
0.998793 -0.046776 0.015008 -0.000000 0.046776 0.812244 -0.581440 2.894000 0.015008 0.581440 0.813451 0.000000 0.000000 0.000000 0.000000 1.000000
0.998793 -0.046776 0.015008 -0.000000 0.046776 0.812244 -0.581439 2.894000 0.015008 0.581439 0.813451 0.000000 0.000000 0.000000 0.000000 1.000000
0.998793 -0.046776 0.015008 0.000000 0.046776 0.812244 -0.581439 2.894000 0.015008 0.581439 0.813451 -0.000000 0.000000 0.000000 0.000000 1.000000
0.998793 -0.046776 0.015008 0.000000 0.046776 0.812244 -0.581440 2.894000 0.015008 0.581440 0.813451 0.000000 0.000000 0.000000 0.000000 1.000000</float_array>
        <technique_common>
          <accessor source="#mixamorig_RightHandIndex3-Matrix-animation-output-transform-array" count="26" stride="16">
            <param type="float4x4"/>
          </accessor>
        </technique_common>
      </source>
      <source id="mixamorig_RightHandIndex3-Interpolations">
        <Name_array id="mixamorig_RightHandIndex3-Interpolations-array" count="26">
 LINEAR LINEAR LINEAR LINEAR LINEAR LINEAR LINEAR LINEAR LINEAR LINEAR LINEAR
LINEAR LINEAR LINEAR LINEAR LINEAR LINEAR LINEAR LINEAR LINEAR LINEAR LINEAR LINEAR
LINEAR LINEAR LINEAR</Name_array>
        <technique_common>
          <accessor source="#mixamorig_RightHandIndex3-Interpolations-array" count="26">
            <param type="name"/>
          </accessor>
        </technique_common>
      </source>
      <sampler id="mixamorig_RightHandIndex3-Matrix-animation-transform">
        <input semantic="INPUT" source="#mixamorig_RightHandIndex3-Matrix-animation-input"/>
        <input semantic="OUTPUT" source="#mixamorig_RightHandIndex3-Matrix-animation-output-transform"/>
        <input semantic="INTERPOLATION" source="#mixamorig_RightHandIndex3-Interpolations"/>
      </sampler>
      <channel source="#mixamorig_RightHandIndex3-Matrix-animation-transform" target="mixamorig_RightHandIndex3/matrix"/>
    </animation>
    <animation id="mixamorig_RightHandMiddle1-anim" name="mixamorig_RightHandMiddle1">
      <source id="mixamorig_RightHandMiddle1-Matrix-animation-input">
        <float_array id="mixamorig_RightHandMiddle1-Matrix-animation-input-array" count="26">

0.000000 0.033333 0.066667 0.100000 0.133333 0.166667 0.200000 0.233333 0.266667 0.300000 0.333333 0.366667 0.400000 0.433333 0.466667 0.500000
0.533333 0.566667 0.600000 0.633333 0.666667 0.700000 0.733333 0.766667 0.800000 0.833333</float_array>
        <technique_common>
          <accessor source="#mixamorig_RightHandMiddle1-Matrix-animation-input-array" count="26">
            <param name="TIME" type="float"/>
          </accessor>
        </technique_common>
      </source>
      <source id="mixamorig_RightHandMiddle1-Matrix-animation-output-transform">
        <float_array id="mixamorig_RightHandMiddle1-Matrix-animation-output-transform-array" count="416">

0.996594 -0.074623 0.035105 0.139500 0.080593 0.791022 -0.606456 17.923901 0.017486 0.607219 0.794342 0.051600 0.000000 0.000000 0.000000 1.000000
0.996288 -0.076789 0.038905 0.139500 0.083723 0.759274 -0.645363 17.923901 0.020017 0.646224 0.762885 0.051600 0.000000 0.000000 0.000000 1.000000
0.995934 -0.078993 0.043303 0.139500 0.087085 0.721271 -0.687157 17.923901 0.023048 0.688134 0.725217 0.051600 0.000000 0.000000 0.000000 1.000000
0.995589 -0.080854 0.047595 0.139500 0.090119 0.682970 -0.724866 17.923901 0.026103 0.725958 0.687244 0.051600 0.000000 0.000000 0.000000 1.000000
0.995316 -0.082134 0.050983 0.139500 0.092351 0.651953 -0.752615 17.923901 0.028577 0.753798 0.656485 0.051600 0.000000 0.000000 0.000000 1.000000
0.995183 -0.082702 0.052638 0.139500 0.093392 0.636559 -0.765552 17.923901 0.029806 0.766781 0.641217 0.051600 0.000000 0.000000 0.000000 1.000000
0.995248 -0.082430 0.051832 0.139500 0.092889 0.644078 -0.759299 17.923901 0.029206 0.760505 0.648674 0.051600 0.000000 0.000000 0.000000 1.000000
0.995482 -0.081374 0.048920 0.139500 0.091008 0.670924 -0.735920 17.923901 0.027063 0.737048 0.675299 0.051600 0.000000 0.000000 0.000000 1.000000
0.995798 -0.079761 0.044998 0.139500 0.088312 0.706280 -0.702403 17.923901 0.024243 0.703425 0.710356 0.051600 0.000000 0.000000 0.000000 1.000000
0.996111 -0.077932 0.041108 0.139500 0.085440 0.740401 -0.666713 17.923901 0.021522 0.667632 0.744180 0.051600 0.000000 0.000000 0.000000 1.000000
0.996340 -0.076440 0.038261 0.139500 0.083208 0.764723 -0.638964 17.923901 0.019583 0.639808 0.768285 0.051600 0.000000 0.000000 0.000000 1.000000
0.996465 -0.075566 0.036703 0.139500 0.081936 0.777797 -0.623152 17.923901 0.018541 0.623957 0.781239 0.051600 0.000000 0.000000 0.000000 1.000000
0.996537 -0.075043 0.035808 0.139500 0.081188 0.785229 -0.613860 17.923901 0.017948 0.614642 0.788602 0.051600 0.000000 0.000000 0.000000 1.000000
0.996576 -0.074757 0.035327 0.139500 0.080782 0.789192 -0.608810 17.923901 0.017633 0.609579 0.792529 0.051600 0.000000 0.000000 0.000000 1.000000
0.996591 -0.074645 0.035141 0.139500 0.080623 0.790728 -0.606835 17.923901 0.017510 0.607600 0.794050 0.051600 0.000000 0.000000 0.000000 1.000000
0.996594 -0.074623 0.035105 0.139500 0.080592 0.791027 -0.606450 17.923901 0.017486 0.607214 0.794346 0.051600 0.000000 0.000000 0.000000 1.000000
0.996594 -0.074623 0.035104 0.139500 0.080592 0.791029 -0.606447 17.923901 0.017486 0.607211 0.794348 0.051600 0.000000 0.000000 0.000000 1.000000
0.996594 -0.074623 0.035104 0.139500 0.080592 0.791029 -0.606447 17.923901 0.017486 0.607210 0.794349 0.051600 0.000000 0.000000 0.000000 1.000000
0.996594 -0.074623 0.035104 0.139500 0.080592 0.791029 -0.606447 17.923901 0.017486 0.607211 0.794348 0.051600 0.000000 0.000000 0.000000 1.000000
0.996594 -0.074622 0.035104 0.139500 0.080592 0.791029 -0.606447 17.923901 0.017486 0.607211 0.794348 0.051600 0.000000 0.000000 0.000000 1.000000
0.996594 -0.074623 0.035104 0.139500 0.080592 0.791029 -0.606447 17.923901 0.017486 0.607211 0.794348 0.051600 0.000000 0.000000 0.000000 1.000000
0.996594 -0.074623 0.035104 0.139500 0.080592 0.791029 -0.606447 17.923901 0.017486 0.607210 0.794349 0.051600 0.000000 0.000000 0.000000 1.000000
0.996594 -0.074622 0.035105 0.139500 0.080592 0.791029 -0.606447 17.923901 0.017486 0.607211 0.794348 0.051600 0.000000 0.000000 0.000000 1.000000
0.996594 -0.074623 0.035104 0.139500 0.080592 0.791029 -0.606447 17.923901 0.017486 0.607211 0.794348 0.051600 0.000000 0.000000 0.000000 1.000000
0.996594 -0.074623 0.035104 0.139500 0.080592 0.791029 -0.606447 17.923901 0.017486 0.607211 0.794348 0.051600 0.000000 0.000000 0.000000 1.000000
0.996594 -0.074622 0.035104 0.139500 0.080592 0.791029 -0.606447 17.923901 0.017486 0.607211 0.794348 0.051600 0.000000 0.000000 0.000000 1.000000</float_array>
        <technique_common>
          <accessor source="#mixamorig_RightHandMiddle1-Matrix-animation-output-transform-array" count="26" stride="16">
            <param type="float4x4"/>
          </accessor>
        </technique_common>
      </source>
      <source id="mixamorig_RightHandMiddle1-Interpolations">
        <Name_array id="mixamorig_RightHandMiddle1-Interpolations-array" count="26">
 LINEAR LINEAR LINEAR LINEAR LINEAR LINEAR LINEAR LINEAR LINEAR LINEAR LINEAR
LINEAR LINEAR LINEAR LINEAR LINEAR LINEAR LINEAR LINEAR LINEAR LINEAR LINEAR LINEAR
LINEAR LINEAR LINEAR</Name_array>
        <technique_common>
          <accessor source="#mixamorig_RightHandMiddle1-Interpolations-array" count="26">
            <param type="name"/>
          </accessor>
        </technique_common>
      </source>
      <sampler id="mixamorig_RightHandMiddle1-Matrix-animation-transform">
        <input semantic="INPUT" source="#mixamorig_RightHandMiddle1-Matrix-animation-input"/>
        <input semantic="OUTPUT" source="#mixamorig_RightHandMiddle1-Matrix-animation-output-transform"/>
        <input semantic="INTERPOLATION" source="#mixamorig_RightHandMiddle1-Interpolations"/>
      </sampler>
      <channel source="#mixamorig_RightHandMiddle1-Matrix-animation-transform" target="mixamorig_RightHandMiddle1/matrix"/>
    </animation>
    <animation id="mixamorig_RightHandMiddle2-anim" name="mixamorig_RightHandMiddle2">
      <source id="mixamorig_RightHandMiddle2-Matrix-animation-input">
        <float_array id="mixamorig_RightHandMiddle2-Matrix-animation-input-array" count="26">

0.000000 0.033333 0.066667 0.100000 0.133333 0.166667 0.200000 0.233333 0.266667 0.300000 0.333333 0.366667 0.400000 0.433333 0.466667 0.500000
0.533333 0.566667 0.600000 0.633333 0.666667 0.700000 0.733333 0.766667 0.800000 0.833333</float_array>
        <technique_common>
          <accessor source="#mixamorig_RightHandMiddle2-Matrix-animation-input-array" count="26">
            <param name="TIME" type="float"/>
          </accessor>
        </technique_common>
      </source>
      <source id="mixamorig_RightHandMiddle2-Matrix-animation-output-transform">
        <float_array id="mixamorig_RightHandMiddle2-Matrix-animation-output-transform-array" count="416">

0.994498 -0.079350 0.068395 0.000000 0.079350 0.144323 -0.986344 5.002000 0.068395 0.986344 0.149825 0.000000 0.000000 0.000000 0.000000 1.000000
0.994224 -0.079774 0.071803 0.000000 0.079774 0.101692 -0.991612 5.002000 0.071803 0.991612 0.107468 -0.000000 0.000000 0.000000 0.000000 1.000000
0.993921 -0.080070 0.075564 0.000000 0.080069 0.054631 -0.995291 5.002000 0.075564 0.995291 0.060710 0.000000 0.000000 0.000000 0.000000 1.000000
0.993630 -0.080186 0.079187 0.000000 0.080186 0.009316 -0.996736 5.002000 0.079187 0.996736 0.015686 0.000000 0.000000 0.000000 0.000000 1.000000
0.993391 -0.080158 0.082154 -0.000000 0.080158 -0.027804 -0.996394 5.002000 0.082154 0.996394 -0.021194 0.000000 0.000000 0.000000 0.000000 1.000000
0.993246 -0.080088 0.083952 -0.000000 0.080088 -0.050302 -0.995518 5.002000 0.083952 0.995518 -0.043548 0.000000 0.000000 0.000000 0.000000 1.000000
0.993220 -0.080071 0.084276 0.000000 0.080071 -0.054358 -0.995306 5.002000 0.084276 0.995306 -0.047578 0.000000 0.000000 0.000000 0.000000 1.000000
0.993292 -0.080115 0.083387 0.000000 0.080114 -0.043230 -0.995848 5.002000 0.083387 0.995848 -0.036522 -0.000000 0.000000 0.000000 0.000000 1.000000
0.993424 -0.080169 0.081736 -0.000000 0.080169 -0.022581 -0.996525 5.002000 0.081736 0.996525 -0.016006 -0.000000 0.000000 0.000000 0.000000 1.000000
0.993584 -0.080189 0.079753 -0.000000 0.080189 0.002235 -0.996777 5.002000 0.079752 0.996777 0.008651 0.000000 0.000000 0.000000 0.000000 1.000000
0.993733 -0.080163 0.077906 -0.000000 0.080163 0.025330 -0.996460 5.002000 0.077906 0.996460 0.031597 0.000000 0.000000 0.000000 0.000000 1.000000
0.993881 -0.080095 0.076057 0.000000 0.080095 0.048469 -0.995608 5.002000 0.076057 0.995608 0.054587 0.000000 0.000000 0.000000 0.000000 1.000000
0.994064 -0.079952 0.073780 0.000000 0.079952 0.076952 -0.993824 5.002000 0.073780 0.993824 0.082888 0.000000 0.000000 0.000000 0.000000 1.000000
0.994252 -0.079736 0.071444 0.000000 0.079736 0.106184 -0.991144 5.002000 0.071444 0.991144 0.111931 -0.000000 0.000000 0.000000 0.000000 1.000000
0.994407 -0.079507 0.069524 0.000000 0.079507 0.130193 -0.988296 5.002000 0.069525 0.988296 0.135786 0.000000 0.000000 0.000000 0.000000 1.000000
0.994488 -0.079368 0.068517 0.000000 0.079368 0.142796 -0.986565 5.002000 0.068517 0.986565 0.148308 0.000000 0.000000 0.000000 0.000000 1.000000
0.994499 -0.079348 0.068385 -0.000000 0.079348 0.144449 -0.986326 5.002000 0.068385 0.986326 0.149950 -0.000000 0.000000 0.000000 0.000000 1.000000
0.994497 -0.079351 0.068401 0.000000 0.079351 0.144252 -0.986354 5.002000 0.068401 0.986354 0.149754 0.000000 0.000000 0.000000 0.000000 1.000000
0.994497 -0.079351 0.068401 0.000000 0.079351 0.144252 -0.986354 5.002000 0.068401 0.986354 0.149754 0.000000 0.000000 0.000000 0.000000 1.000000
0.994497 -0.079351 0.068401 0.000000 0.079351 0.144252 -0.986354 5.002000 0.068401 0.986354 0.149754 0.000000 0.000000 0.000000 0.000000 1.000000
0.994497 -0.079351 0.068401 -0.000000 0.079351 0.144252 -0.986354 5.002000 0.068401 0.986354 0.149754 0.000000 0.000000 0.000000 0.000000 1.000000
0.994497 -0.079351 0.068401 -0.000000 0.079351 0.144252 -0.986354 5.002000 0.068401 0.986354 0.149755 0.000000 0.000000 0.000000 0.000000 1.000000
0.994497 -0.079351 0.068401 0.000000 0.079351 0.144251 -0.986354 5.002000 0.068401 0.986354 0.149754 0.000000 0.000000 0.000000 0.000000 1.000000
0.994497 -0.079350 0.068401 0.000000 0.079351 0.144252 -0.986354 5.002000 0.068401 0.986354 0.149755 -0.000000 0.000000 0.000000 0.000000 1.000000
0.994497 -0.079351 0.068401 0.000000 0.079351 0.144252 -0.986354 5.002000 0.068401 0.986354 0.149754 0.000000 0.000000 0.000000 0.000000 1.000000
0.994497 -0.079351 0.068401 -0.000000 0.079351 0.144252 -0.986354 5.002000 0.068401 0.986354 0.149754 0.000000 0.000000 0.000000 0.000000 1.000000</float_array>
        <technique_common>
          <accessor source="#mixamorig_RightHandMiddle2-Matrix-animation-output-transform-array" count="26" stride="16">
            <param type="float4x4"/>
          </accessor>
        </technique_common>
      </source>
      <source id="mixamorig_RightHandMiddle2-Interpolations">
        <Name_array id="mixamorig_RightHandMiddle2-Interpolations-array" count="26">
 LINEAR LINEAR LINEAR LINEAR LINEAR LINEAR LINEAR LINEAR LINEAR LINEAR LINEAR
LINEAR LINEAR LINEAR LINEAR LINEAR LINEAR LINEAR LINEAR LINEAR LINEAR LINEAR LINEAR
LINEAR LINEAR LINEAR</Name_array>
        <technique_common>
          <accessor source="#mixamorig_RightHandMiddle2-Interpolations-array" count="26">
            <param type="name"/>
          </accessor>
        </technique_common>
      </source>
      <sampler id="mixamorig_RightHandMiddle2-Matrix-animation-transform">
        <input semantic="INPUT" source="#mixamorig_RightHandMiddle2-Matrix-animation-input"/>
        <input semantic="OUTPUT" source="#mixamorig_RightHandMiddle2-Matrix-animation-output-transform"/>
        <input semantic="INTERPOLATION" source="#mixamorig_RightHandMiddle2-Interpolations"/>
      </sampler>
      <channel source="#mixamorig_RightHandMiddle2-Matrix-animation-transform" target="mixamorig_RightHandMiddle2/matrix"/>
    </animation>
    <animation id="mixamorig_RightHandMiddle3-anim" name="mixamorig_RightHandMiddle3">
      <source id="mixamorig_RightHandMiddle3-Matrix-animation-input">
        <float_array id="mixamorig_RightHandMiddle3-Matrix-animation-input-array" count="26">

0.000000 0.033333 0.066667 0.100000 0.133333 0.166667 0.200000 0.233333 0.266667 0.300000 0.333333 0.366667 0.400000 0.433333 0.466667 0.500000
0.533333 0.566667 0.600000 0.633333 0.666667 0.700000 0.733333 0.766667 0.800000 0.833333</float_array>
        <technique_common>
          <accessor source="#mixamorig_RightHandMiddle3-Matrix-animation-input-array" count="26">
            <param name="TIME" type="float"/>
          </accessor>
        </technique_common>
      </source>
      <source id="mixamorig_RightHandMiddle3-Matrix-animation-output-transform">
        <float_array id="mixamorig_RightHandMiddle3-Matrix-animation-output-transform-array" count="416">

0.998209 -0.055523 0.022260 -0.000000 0.055523 0.721514 -0.690170 3.279000 0.022260 0.690170 0.723305 0.000000 0.000000 0.000000 0.000000 1.000000
0.998075 -0.057216 0.023928 0.000000 0.057216 0.700641 -0.711216 3.279000 0.023928 0.711216 0.702566 0.000000 0.000000 0.000000 0.000000 1.000000
0.997923 -0.059020 0.025820 0.000000 0.059020 0.676972 -0.733639 3.279000 0.025820 0.733639 0.679049 0.000000 0.000000 0.000000 0.000000 1.000000
0.997772 -0.060693 0.027691 -0.000000 0.060693 0.653567 -0.754431 3.279000 0.027691 0.754431 0.655795 0.000000 0.000000 0.000000 0.000000 1.000000
0.997646 -0.062015 0.029258 0.000000 0.062015 0.633963 -0.770873 3.279000 0.029258 0.770873 0.636316 0.000000 0.000000 0.000000 0.000000 1.000000
0.997569 -0.062793 0.030218 -0.000000 0.062793 0.621949 -0.780536 3.279000 0.030218 0.780536 0.624380 0.000000 0.000000 0.000000 0.000000 1.000000
0.997556 -0.062918 0.030376 0.000000 0.062918 0.619978 -0.782093 3.279000 0.030375 0.782093 0.622421 -0.000000 0.000000 0.000000 0.000000 1.000000
0.997597 -0.062511 0.029866 0.000000 0.062511 0.626353 -0.777029 3.279000 0.029866 0.777029 0.628755 0.000000 0.000000 0.000000 0.000000 1.000000
0.997671 -0.061762 0.028951 0.000000 0.061762 0.637799 -0.767722 3.279000 0.028951 0.767722 0.640128 0.000000 0.000000 0.000000 0.000000 1.000000
0.997757 -0.060855 0.027878 0.000000 0.060855 0.651226 -0.756440 3.279000 0.027878 0.756440 0.653469 -0.000000 0.000000 0.000000 0.000000 1.000000
0.997836 -0.060003 0.026905 -0.000000 0.060003 0.663405 -0.745851 3.279000 0.026904 0.745851 0.665570 -0.000000 0.000000 0.000000 0.000000 1.000000
0.997911 -0.059151 0.025962 0.000000 0.059150 0.675198 -0.735261 3.279000 0.025962 0.735261 0.677287 0.000000 0.000000 0.000000 0.000000 1.000000
0.998002 -0.058095 0.024834 -0.000000 0.058095 0.689304 -0.722139 3.279000 0.024834 0.722139 0.691302 -0.000000 0.000000 0.000000 0.000000 1.000000
0.998093 -0.056993 0.023703 0.000000 0.056993 0.703463 -0.708444 3.279000 0.023703 0.708444 0.705369 0.000000 0.000000 0.000000 0.000000 1.000000
0.998167 -0.056072 0.022790 0.000000 0.056072 0.714880 -0.696996 3.279000 0.022790 0.696996 0.716713 0.000000 0.000000 0.000000 0.000000 1.000000
0.998205 -0.055583 0.022317 -0.000000 0.055583 0.720801 -0.690910 3.279000 0.022317 0.690910 0.722596 0.000000 0.000000 0.000000 0.000000 1.000000
0.998210 -0.055515 0.022251 0.000000 0.055515 0.721617 -0.690063 3.279000 0.022252 0.690063 0.723407 0.000000 0.000000 0.000000 0.000000 1.000000
0.998210 -0.055515 0.022251 0.000000 0.055515 0.721617 -0.690063 3.279000 0.022252 0.690063 0.723407 0.000000 0.000000 0.000000 0.000000 1.000000
0.998210 -0.055514 0.022251 0.000000 0.055514 0.721617 -0.690063 3.279000 0.022252 0.690063 0.723407 0.000000 0.000000 0.000000 0.000000 1.000000
0.998210 -0.055515 0.022252 -0.000000 0.055515 0.721617 -0.690063 3.279000 0.022251 0.690063 0.723407 0.000000 0.000000 0.000000 0.000000 1.000000
0.998210 -0.055514 0.022251 0.000000 0.055514 0.721617 -0.690063 3.279000 0.022252 0.690063 0.723407 0.000000 0.000000 0.000000 0.000000 1.000000
0.998210 -0.055514 0.022252 0.000000 0.055514 0.721617 -0.690063 3.279000 0.022251 0.690063 0.723407 -0.000000 0.000000 0.000000 0.000000 1.000000
0.998210 -0.055515 0.022251 0.000000 0.055514 0.721617 -0.690063 3.279000 0.022252 0.690063 0.723407 0.000000 0.000000 0.000000 0.000000 1.000000
0.998210 -0.055514 0.022251 0.000000 0.055514 0.721617 -0.690063 3.279000 0.022252 0.690063 0.723407 0.000000 0.000000 0.000000 0.000000 1.000000
0.998210 -0.055515 0.022252 0.000000 0.055515 0.721617 -0.690063 3.279000 0.022252 0.690063 0.723407 0.000000 0.000000 0.000000 0.000000 1.000000
0.998210 -0.055515 0.022252 -0.000000 0.055515 0.721617 -0.690063 3.279000 0.022251 0.690063 0.723407 0.000000 0.000000 0.000000 0.000000 1.000000</float_array>
        <technique_common>
          <accessor source="#mixamorig_RightHandMiddle3-Matrix-animation-output-transform-array" count="26" stride="16">
            <param type="float4x4"/>
          </accessor>
        </technique_common>
      </source>
      <source id="mixamorig_RightHandMiddle3-Interpolations">
        <Name_array id="mixamorig_RightHandMiddle3-Interpolations-array" count="26">
 LINEAR LINEAR LINEAR LINEAR LINEAR LINEAR LINEAR LINEAR LINEAR LINEAR LINEAR
LINEAR LINEAR LINEAR LINEAR LINEAR LINEAR LINEAR LINEAR LINEAR LINEAR LINEAR LINEAR
LINEAR LINEAR LINEAR</Name_array>
        <technique_common>
          <accessor source="#mixamorig_RightHandMiddle3-Interpolations-array" count="26">
            <param type="name"/>
          </accessor>
        </technique_common>
      </source>
      <sampler id="mixamorig_RightHandMiddle3-Matrix-animation-transform">
        <input semantic="INPUT" source="#mixamorig_RightHandMiddle3-Matrix-animation-input"/>
        <input semantic="OUTPUT" source="#mixamorig_RightHandMiddle3-Matrix-animation-output-transform"/>
        <input semantic="INTERPOLATION" source="#mixamorig_RightHandMiddle3-Interpolations"/>
      </sampler>
      <channel source="#mixamorig_RightHandMiddle3-Matrix-animation-transform" target="mixamorig_RightHandMiddle3/matrix"/>
    </animation>
    <animation id="mixamorig_RightHandRing1-anim" name="mixamorig_RightHandRing1">
      <source id="mixamorig_RightHandRing1-Matrix-animation-input">
        <float_array id="mixamorig_RightHandRing1-Matrix-animation-input-array" count="26">

0.000000 0.033333 0.066667 0.100000 0.133333 0.166667 0.200000 0.233333 0.266667 0.300000 0.333333 0.366667 0.400000 0.433333 0.466667 0.500000
0.533333 0.566667 0.600000 0.633333 0.666667 0.700000 0.733333 0.766667 0.800000 0.833333</float_array>
        <technique_common>
          <accessor source="#mixamorig_RightHandRing1-Matrix-animation-input-array" count="26">
            <param name="TIME" type="float"/>
          </accessor>
        </technique_common>
      </source>
      <source id="mixamorig_RightHandRing1-Matrix-animation-output-transform">
        <float_array id="mixamorig_RightHandRing1-Matrix-animation-output-transform-array" count="416">

0.993502 -0.086869 0.073539 -3.988400 0.103965 0.429695 -0.896969 15.764000 0.046319 0.898786 0.435934 0.151600 0.000000 0.000000 0.000000 1.000000
0.993432 -0.086928 0.074407 -3.988400 0.104306 0.420632 -0.901215 15.764000 0.047043 0.903057 0.426936 0.151600 0.000000 0.000000 0.000000 1.000000
0.993348 -0.086989 0.075455 -3.988400 0.104709 0.409636 -0.906220 15.764000 0.047922 0.908092 0.416019 0.151600 0.000000 0.000000 0.000000 1.000000
0.993270 -0.087033 0.076425 -3.988400 0.105072 0.399414 -0.910730 15.764000 0.048739 0.912630 0.405870 0.151600 0.000000 0.000000 0.000000 1.000000
0.993220 -0.087055 0.077046 -3.988400 0.105299 0.392844 -0.913557 15.764000 0.049263 0.915475 0.399347 0.151600 0.000000 0.000000 0.000000 1.000000
0.993219 -0.087056 0.077051 -3.988400 0.105301 0.392787 -0.913581 15.764000 0.049268 0.915500 0.399291 0.151600 0.000000 0.000000 0.000000 1.000000
0.993297 -0.087019 0.076083 -3.988400 0.104945 0.403019 -0.909155 15.764000 0.048451 0.911045 0.409450 0.151600 0.000000 0.000000 0.000000 1.000000
0.993446 -0.086917 0.074228 -3.988400 0.104237 0.422504 -0.900347 15.764000 0.046894 0.902184 0.428795 0.151600 0.000000 0.000000 0.000000 1.000000
0.993622 -0.086746 0.072039 -3.988400 0.103357 0.445272 -0.889410 15.764000 0.045076 0.891184 0.451398 0.151600 0.000000 0.000000 0.000000 1.000000
0.993781 -0.086544 0.070073 -3.988400 0.102525 0.465521 -0.879078 15.764000 0.043458 0.880795 0.471499 0.151600 0.000000 0.000000 0.000000 1.000000
0.993875 -0.086402 0.068897 -3.988400 0.102010 0.477541 -0.872668 15.764000 0.042499 0.874351 0.483430 0.151600 0.000000 0.000000 0.000000 1.000000
0.993875 -0.086403 0.068903 -3.988400 0.102012 0.477486 -0.872698 15.764000 0.042503 0.874381 0.483375 0.151600 0.000000 0.000000 0.000000 1.000000
0.993797 -0.086521 0.069872 -3.988400 0.102438 0.467586 -0.877992 15.764000 0.043294 0.879703 0.473549 0.151600 0.000000 0.000000 0.000000 1.000000
0.993683 -0.086674 0.071288 -3.988400 0.103044 0.453025 -0.885522 15.764000 0.044457 0.887274 0.459095 0.151600 0.000000 0.000000 0.000000 1.000000
0.993573 -0.086800 0.072658 -3.988400 0.103610 0.438856 -0.892564 15.764000 0.045588 0.894355 0.445029 0.151600 0.000000 0.000000 0.000000 1.000000
0.993510 -0.086862 0.073439 -3.988400 0.103925 0.430732 -0.896476 15.764000 0.046237 0.898290 0.436964 0.151600 0.000000 0.000000 0.000000 1.000000
0.993501 -0.086870 0.073547 -3.988400 0.103968 0.429607 -0.897011 15.764000 0.046327 0.898828 0.435847 0.151600 0.000000 0.000000 0.000000 1.000000
0.993502 -0.086869 0.073534 -3.988400 0.103963 0.429745 -0.896946 15.764000 0.046316 0.898762 0.435983 0.151600 0.000000 0.000000 0.000000 1.000000
0.993502 -0.086869 0.073534 -3.988400 0.103963 0.429745 -0.896945 15.764000 0.046316 0.898762 0.435984 0.151600 0.000000 0.000000 0.000000 1.000000
0.993502 -0.086869 0.073534 -3.988400 0.103963 0.429745 -0.896946 15.764000 0.046316 0.898762 0.435983 0.151600 0.000000 0.000000 0.000000 1.000000
0.993502 -0.086869 0.073534 -3.988400 0.103963 0.429745 -0.896945 15.764000 0.046316 0.898762 0.435984 0.151600 0.000000 0.000000 0.000000 1.000000
0.993502 -0.086869 0.073534 -3.988400 0.103963 0.429745 -0.896945 15.764000 0.046316 0.898762 0.435984 0.151600 0.000000 0.000000 0.000000 1.000000
0.993502 -0.086869 0.073534 -3.988400 0.103963 0.429745 -0.896945 15.764000 0.046316 0.898762 0.435984 0.151600 0.000000 0.000000 0.000000 1.000000
0.993502 -0.086869 0.073534 -3.988400 0.103963 0.429745 -0.896945 15.764000 0.046316 0.898762 0.435984 0.151600 0.000000 0.000000 0.000000 1.000000
0.993502 -0.086869 0.073534 -3.988400 0.103963 0.429745 -0.896946 15.764000 0.046316 0.898762 0.435983 0.151600 0.000000 0.000000 0.000000 1.000000
0.993502 -0.086869 0.073534 -3.988400 0.103963 0.429745 -0.896945 15.764000 0.046316 0.898762 0.435984 0.151600 0.000000 0.000000 0.000000 1.000000</float_array>
        <technique_common>
          <accessor source="#mixamorig_RightHandRing1-Matrix-animation-output-transform-array" count="26" stride="16">
            <param type="float4x4"/>
          </accessor>
        </technique_common>
      </source>
      <source id="mixamorig_RightHandRing1-Interpolations">
        <Name_array id="mixamorig_RightHandRing1-Interpolations-array" count="26">
 LINEAR LINEAR LINEAR LINEAR LINEAR LINEAR LINEAR LINEAR LINEAR LINEAR LINEAR
LINEAR LINEAR LINEAR LINEAR LINEAR LINEAR LINEAR LINEAR LINEAR LINEAR LINEAR LINEAR
LINEAR LINEAR LINEAR</Name_array>
        <technique_common>
          <accessor source="#mixamorig_RightHandRing1-Interpolations-array" count="26">
            <param type="name"/>
          </accessor>
        </technique_common>
      </source>
      <sampler id="mixamorig_RightHandRing1-Matrix-animation-transform">
        <input semantic="INPUT" source="#mixamorig_RightHandRing1-Matrix-animation-input"/>
        <input semantic="OUTPUT" source="#mixamorig_RightHandRing1-Matrix-animation-output-transform"/>
        <input semantic="INTERPOLATION" source="#mixamorig_RightHandRing1-Interpolations"/>
      </sampler>
      <channel source="#mixamorig_RightHandRing1-Matrix-animation-transform" target="mixamorig_RightHandRing1/matrix"/>
    </animation>
    <animation id="mixamorig_RightHandRing2-anim" name="mixamorig_RightHandRing2">
      <source id="mixamorig_RightHandRing2-Matrix-animation-input">
        <float_array id="mixamorig_RightHandRing2-Matrix-animation-input-array" count="26">

0.000000 0.033333 0.066667 0.100000 0.133333 0.166667 0.200000 0.233333 0.266667 0.300000 0.333333 0.366667 0.400000 0.433333 0.466667 0.500000
0.533333 0.566667 0.600000 0.633333 0.666667 0.700000 0.733333 0.766667 0.800000 0.833333</float_array>
        <technique_common>
          <accessor source="#mixamorig_RightHandRing2-Matrix-animation-input-array" count="26">
            <param name="TIME" type="float"/>
          </accessor>
        </technique_common>
      </source>
      <source id="mixamorig_RightHandRing2-Matrix-animation-output-transform">
        <float_array id="mixamorig_RightHandRing2-Matrix-animation-output-transform-array" count="416">

0.995081 -0.077945 0.061150 -0.000000 0.077945 0.234975 -0.968871 3.498000 0.061150 0.968871 0.239895 -0.000000 0.000000 0.000000 0.000000 1.000000
0.994602 -0.079149 0.067092 -0.000000 0.079149 0.160633 -0.983836 3.498000 0.067092 0.983836 0.166031 -0.000000 0.000000 0.000000 0.000000 1.000000
0.994079 -0.079938 0.073602 0.000000 0.079938 0.079193 -0.993649 3.498000 0.073602 0.993649 0.085114 0.000000 0.000000 0.000000 0.000000 1.000000
0.993569 -0.080190 0.079936 0.000000 0.080190 -0.000057 -0.996780 3.498000 0.079936 0.996780 0.006374 0.000000 0.000000 0.000000 0.000000 1.000000
0.993136 -0.080008 0.085317 0.000000 0.080008 -0.067368 -0.994515 3.498000 0.085316 0.994515 -0.060504 0.000000 0.000000 0.000000 0.000000 1.000000
0.992842 -0.079675 0.088980 0.000000 0.079675 -0.113202 -0.990372 3.498000 0.088980 0.990372 -0.106044 0.000000 0.000000 0.000000 0.000000 1.000000
0.992703 -0.079458 0.090709 -0.000000 0.079458 -0.134826 -0.987678 3.498000 0.090709 0.987678 -0.127528 -0.000000 0.000000 0.000000 0.000000 1.000000
0.992683 -0.079425 0.090950 0.000000 0.079425 -0.137841 -0.987265 3.498000 0.090950 0.987265 -0.130524 0.000000 0.000000 0.000000 0.000000 1.000000
0.992758 -0.079549 0.090017 0.000000 0.079549 -0.126178 -0.988813 3.498000 0.090017 0.988813 -0.118936 0.000000 0.000000 0.000000 0.000000 1.000000
0.992907 -0.079763 0.088165 0.000000 0.079764 -0.103004 -0.991478 3.498000 0.088165 0.991478 -0.095911 0.000000 0.000000 0.000000 0.000000 1.000000
0.993105 -0.079980 0.085711 -0.000000 0.079980 -0.072303 -0.994171 3.498000 0.085711 0.994171 -0.065408 0.000000 0.000000 0.000000 0.000000 1.000000
0.993410 -0.080165 0.081920 0.000000 0.080165 -0.024877 -0.996471 3.498000 0.081920 0.996471 -0.018287 0.000000 0.000000 0.000000 0.000000 1.000000
0.993872 -0.080101 0.076166 0.000000 0.080101 0.047114 -0.995673 3.498000 0.076166 0.995673 0.053241 0.000000 0.000000 0.000000 0.000000 1.000000
0.994384 -0.079543 0.069803 -0.000000 0.079543 0.126716 -0.988745 3.498000 0.069803 0.988745 0.132332 -0.000000 0.000000 0.000000 0.000000 1.000000
0.994820 -0.078659 0.064389 0.000000 0.078659 0.194449 -0.977754 3.498000 0.064389 0.977754 0.199629 0.000000 0.000000 0.000000 0.000000 1.000000
0.995052 -0.078030 0.061503 0.000000 0.078030 0.230552 -0.969926 3.498000 0.061504 0.969926 0.235500 -0.000000 0.000000 0.000000 0.000000 1.000000
0.995083 -0.077938 0.061121 0.000000 0.077938 0.235343 -0.968782 3.498000 0.061121 0.968782 0.240260 0.000000 0.000000 0.000000 0.000000 1.000000
0.995080 -0.077947 0.061160 0.000000 0.077947 0.234841 -0.968903 3.498000 0.061160 0.968903 0.239762 0.000000 0.000000 0.000000 0.000000 1.000000
0.995081 -0.077944 0.061144 0.000000 0.077944 0.235046 -0.968854 3.498000 0.061144 0.968854 0.239965 -0.000000 0.000000 0.000000 0.000000 1.000000
0.995081 -0.077943 0.061144 0.000000 0.077944 0.235046 -0.968854 3.498000 0.061144 0.968854 0.239965 0.000000 0.000000 0.000000 0.000000 1.000000
0.995081 -0.077943 0.061144 0.000000 0.077943 0.235046 -0.968854 3.498000 0.061144 0.968854 0.239965 -0.000000 0.000000 0.000000 0.000000 1.000000
0.995081 -0.077943 0.061144 -0.000000 0.077943 0.235046 -0.968854 3.498000 0.061144 0.968854 0.239965 -0.000000 0.000000 0.000000 0.000000 1.000000
0.995081 -0.077943 0.061144 0.000000 0.077943 0.235046 -0.968854 3.498000 0.061144 0.968854 0.239965 -0.000000 0.000000 0.000000 0.000000 1.000000
0.995081 -0.077944 0.061144 0.000000 0.077943 0.235046 -0.968854 3.498000 0.061144 0.968854 0.239965 -0.000000 0.000000 0.000000 0.000000 1.000000
0.995081 -0.077943 0.061144 0.000000 0.077943 0.235046 -0.968854 3.498000 0.061144 0.968854 0.239965 -0.000000 0.000000 0.000000 0.000000 1.000000
0.995081 -0.077943 0.061144 0.000000 0.077943 0.235046 -0.968854 3.498000 0.061144 0.968854 0.239965 0.000000 0.000000 0.000000 0.000000 1.000000</float_array>
        <technique_common>
          <accessor source="#mixamorig_RightHandRing2-Matrix-animation-output-transform-array" count="26" stride="16">
            <param type="float4x4"/>
          </accessor>
        </technique_common>
      </source>
      <source id="mixamorig_RightHandRing2-Interpolations">
        <Name_array id="mixamorig_RightHandRing2-Interpolations-array" count="26">
 LINEAR LINEAR LINEAR LINEAR LINEAR LINEAR LINEAR LINEAR LINEAR LINEAR LINEAR
LINEAR LINEAR LINEAR LINEAR LINEAR LINEAR LINEAR LINEAR LINEAR LINEAR LINEAR LINEAR
LINEAR LINEAR LINEAR</Name_array>
        <technique_common>
          <accessor source="#mixamorig_RightHandRing2-Interpolations-array" count="26">
            <param type="name"/>
          </accessor>
        </technique_common>
      </source>
      <sampler id="mixamorig_RightHandRing2-Matrix-animation-transform">
        <input semantic="INPUT" source="#mixamorig_RightHandRing2-Matrix-animation-input"/>
        <input semantic="OUTPUT" source="#mixamorig_RightHandRing2-Matrix-animation-output-transform"/>
        <input semantic="INTERPOLATION" source="#mixamorig_RightHandRing2-Interpolations"/>
      </sampler>
      <channel source="#mixamorig_RightHandRing2-Matrix-animation-transform" target="mixamorig_RightHandRing2/matrix"/>
    </animation>
    <animation id="mixamorig_RightHandRing3-anim" name="mixamorig_RightHandRing3">
      <source id="mixamorig_RightHandRing3-Matrix-animation-input">
        <float_array id="mixamorig_RightHandRing3-Matrix-animation-input-array" count="26">

0.000000 0.033333 0.066667 0.100000 0.133333 0.166667 0.200000 0.233333 0.266667 0.300000 0.333333 0.366667 0.400000 0.433333 0.466667 0.500000
0.533333 0.566667 0.600000 0.633333 0.666667 0.700000 0.733333 0.766667 0.800000 0.833333</float_array>
        <technique_common>
          <accessor source="#mixamorig_RightHandRing3-Matrix-animation-input-array" count="26">
            <param name="TIME" type="float"/>
          </accessor>
        </technique_common>
      </source>
      <source id="mixamorig_RightHandRing3-Matrix-animation-output-transform">
        <float_array id="mixamorig_RightHandRing3-Matrix-animation-output-transform-array" count="416">

0.998555 -0.050644 0.017958 -0.000000 0.050644 0.775333 -0.629519 2.984000 0.017958 0.629519 0.776777 0.000000 0.000000 0.000000 0.000000 1.000000
0.998347 -0.053677 0.020548 0.000000 0.053677 0.742931 -0.667212 2.984000 0.020548 0.667212 0.744584 0.000000 0.000000 0.000000 0.000000 1.000000
0.998108 -0.056809 0.023517 -0.000000 0.056809 0.705782 -0.706148 2.984000 0.023518 0.706148 0.707674 0.000000 0.000000 0.000000 0.000000 1.000000
0.997865 -0.059680 0.026543 -0.000000 0.059679 0.667927 -0.741830 2.984000 0.026543 0.741830 0.670063 0.000000 0.000000 0.000000 0.000000 1.000000
0.997649 -0.061986 0.029222 0.000000 0.061986 0.634418 -0.770501 2.984000 0.029222 0.770501 0.636769 0.000000 0.000000 0.000000 0.000000 1.000000
0.997498 -0.063485 0.031099 0.000000 0.063485 0.610936 -0.789131 2.984000 0.031099 0.789131 0.613438 0.000000 0.000000 0.000000 0.000000 1.000000
0.997427 -0.064156 0.031979 -0.000000 0.064157 0.599926 -0.797479 2.984000 0.031978 0.797479 0.602499 0.000000 0.000000 0.000000 0.000000 1.000000
0.997421 -0.064217 0.032059 0.000000 0.064217 0.598916 -0.798233 2.984000 0.032060 0.798233 0.601495 -0.000000 0.000000 0.000000 0.000000 1.000000
0.997465 -0.063805 0.031515 0.000000 0.063805 0.605720 -0.793115 2.984000 0.031516 0.793115 0.608255 0.000000 0.000000 0.000000 0.000000 1.000000
0.997546 -0.063021 0.030505 0.000000 0.063021 0.618356 -0.783367 2.984000 0.030506 0.783367 0.620810 -0.000000 0.000000 0.000000 0.000000 1.000000
0.997649 -0.061989 0.029224 0.000000 0.061988 0.634380 -0.770532 2.984000 0.029225 0.770532 0.636731 0.000000 0.000000 0.000000 0.000000 1.000000
0.997801 -0.060384 0.027336 0.000000 0.060384 0.658006 -0.750588 2.984000 0.027336 0.750588 0.660205 0.000000 0.000000 0.000000 0.000000 1.000000
0.998022 -0.057862 0.024590 0.000000 0.057862 0.692352 -0.719237 2.984000 0.024591 0.719237 0.694330 -0.000000 0.000000 0.000000 0.000000 1.000000
0.998255 -0.054923 0.021692 0.000000 0.054923 0.728621 -0.682712 2.984000 0.021692 0.682712 0.730366 0.000000 0.000000 0.000000 0.000000 1.000000
0.998445 -0.052287 0.019328 0.000000 0.052287 0.758186 -0.649939 2.984000 0.019329 0.649939 0.759741 0.000000 0.000000 0.000000 0.000000 1.000000
0.998543 -0.050826 0.018106 -0.000000 0.050826 0.773481 -0.631779 2.984000 0.018106 0.631779 0.774937 0.000000 0.000000 0.000000 0.000000 1.000000
0.998556 -0.050629 0.017946 -0.000000 0.050629 0.775486 -0.629331 2.984000 0.017946 0.629331 0.776930 0.000000 0.000000 0.000000 0.000000 1.000000
0.998555 -0.050653 0.017965 0.000000 0.050653 0.775246 -0.629625 2.984000 0.017965 0.629625 0.776691 -0.000000 0.000000 0.000000 0.000000 1.000000
0.998555 -0.050653 0.017965 0.000000 0.050653 0.775246 -0.629626 2.984000 0.017965 0.629626 0.776691 0.000000 0.000000 0.000000 0.000000 1.000000
0.998555 -0.050653 0.017965 0.000000 0.050653 0.775246 -0.629626 2.984000 0.017965 0.629626 0.776691 0.000000 0.000000 0.000000 0.000000 1.000000
0.998555 -0.050653 0.017965 0.000000 0.050653 0.775246 -0.629626 2.984000 0.017965 0.629626 0.776691 -0.000000 0.000000 0.000000 0.000000 1.000000
0.998555 -0.050653 0.017965 0.000000 0.050653 0.775246 -0.629626 2.984000 0.017965 0.629626 0.776691 0.000000 0.000000 0.000000 0.000000 1.000000
0.998555 -0.050653 0.017965 0.000000 0.050653 0.775246 -0.629626 2.984000 0.017965 0.629626 0.776691 0.000000 0.000000 0.000000 0.000000 1.000000
0.998555 -0.050653 0.017965 -0.000000 0.050653 0.775246 -0.629626 2.984000 0.017965 0.629626 0.776691 0.000000 0.000000 0.000000 0.000000 1.000000
0.998555 -0.050653 0.017965 0.000000 0.050653 0.775246 -0.629625 2.984000 0.017965 0.629625 0.776691 -0.000000 0.000000 0.000000 0.000000 1.000000
0.998555 -0.050653 0.017965 0.000000 0.050653 0.775246 -0.629626 2.984000 0.017965 0.629626 0.776691 -0.000000 0.000000 0.000000 0.000000 1.000000</float_array>
        <technique_common>
          <accessor source="#mixamorig_RightHandRing3-Matrix-animation-output-transform-array" count="26" stride="16">
            <param type="float4x4"/>
          </accessor>
        </technique_common>
      </source>
      <source id="mixamorig_RightHandRing3-Interpolations">
        <Name_array id="mixamorig_RightHandRing3-Interpolations-array" count="26">
 LINEAR LINEAR LINEAR LINEAR LINEAR LINEAR LINEAR LINEAR LINEAR LINEAR LINEAR
LINEAR LINEAR LINEAR LINEAR LINEAR LINEAR LINEAR LINEAR LINEAR LINEAR LINEAR LINEAR
LINEAR LINEAR LINEAR</Name_array>
        <technique_common>
          <accessor source="#mixamorig_RightHandRing3-Interpolations-array" count="26">
            <param type="name"/>
          </accessor>
        </technique_common>
      </source>
      <sampler id="mixamorig_RightHandRing3-Matrix-animation-transform">
        <input semantic="INPUT" source="#mixamorig_RightHandRing3-Matrix-animation-input"/>
        <input semantic="OUTPUT" source="#mixamorig_RightHandRing3-Matrix-animation-output-transform"/>
        <input semantic="INTERPOLATION" source="#mixamorig_RightHandRing3-Interpolations"/>
      </sampler>
      <channel source="#mixamorig_RightHandRing3-Matrix-animation-transform" target="mixamorig_RightHandRing3/matrix"/>
    </animation>
    <animation id="mixamorig_RightHandPinky1-anim" name="mixamorig_RightHandPinky1">
      <source id="mixamorig_RightHandPinky1-Matrix-animation-input">
        <float_array id="mixamorig_RightHandPinky1-Matrix-animation-input-array" count="26">

0.000000 0.033333 0.066667 0.100000 0.133333 0.166667 0.200000 0.233333 0.266667 0.300000 0.333333 0.366667 0.400000 0.433333 0.466667 0.500000
0.533333 0.566667 0.600000 0.633333 0.666667 0.700000 0.733333 0.766667 0.800000 0.833333</float_array>
        <technique_common>
          <accessor source="#mixamorig_RightHandPinky1-Matrix-animation-input-array" count="26">
            <param name="TIME" type="float"/>
          </accessor>
        </technique_common>
      </source>
      <source id="mixamorig_RightHandPinky1-Matrix-animation-output-transform">
        <float_array id="mixamorig_RightHandPinky1-Matrix-animation-output-transform-array" count="416">

0.992318 -0.086696 0.088257 -6.663900 0.108744 0.271062 -0.956400 12.707500 0.058993 0.958650 0.278407 0.878800 0.000000 0.000000 0.000000 1.000000
0.992216 -0.086563 0.089527 -6.663900 0.109056 0.256887 -0.960269 12.707500 0.060126 0.962557 0.264327 0.878800 0.000000 0.000000 0.000000 1.000000
0.992096 -0.086384 0.091009 -6.663900 0.109398 0.240240 -0.964529 12.707500 0.061456 0.966862 0.247791 0.878800 0.000000 0.000000 0.000000 1.000000
0.991985 -0.086193 0.092394 -6.663900 0.109698 0.224588 -0.968260 12.707500 0.062707 0.970634 0.232243 0.878800 0.000000 0.000000 0.000000 1.000000
0.991907 -0.086046 0.093361 -6.663900 0.109896 0.213599 -0.970721 12.707500 0.063585 0.973125 0.221326 0.878800 0.000000 0.000000 0.000000 1.000000
0.991888 -0.086009 0.093595 -6.663900 0.109943 0.210933 -0.971298 12.707500 0.063798 0.973709 0.218678 0.878800 0.000000 0.000000 0.000000 1.000000
0.991959 -0.086146 0.092718 -6.663900 0.109766 0.220906 -0.969098 12.707500 0.063001 0.971483 0.228586 0.878800 0.000000 0.000000 0.000000 1.000000
0.992110 -0.086406 0.090839 -6.663900 0.109360 0.242149 -0.964056 12.707500 0.061303 0.966384 0.249688 0.878800 0.000000 0.000000 0.000000 1.000000
0.992295 -0.086668 0.088536 -6.663900 0.108814 0.267951 -0.957268 12.707500 0.059242 0.959526 0.275317 0.878800 0.000000 0.000000 0.000000 1.000000
0.992468 -0.086857 0.086394 -6.663900 0.108258 0.291717 -0.950359 12.707500 0.057343 0.952553 0.298922 0.878800 0.000000 0.000000 0.000000 1.000000
0.992578 -0.086949 0.085024 -6.663900 0.107879 0.306801 -0.945640 12.707500 0.056138 0.947794 0.313904 0.878800 0.000000 0.000000 0.000000 1.000000
0.992597 -0.086963 0.084791 -6.663900 0.107812 0.309355 -0.944815 12.707500 0.055934 0.946962 0.316440 0.878800 0.000000 0.000000 0.000000 1.000000
0.992545 -0.086924 0.085432 -6.663900 0.107993 0.302319 -0.947069 12.707500 0.056495 0.949235 0.309452 0.878800 0.000000 0.000000 0.000000 1.000000
0.992460 -0.086849 0.086493 -6.663900 0.108285 0.290619 -0.950692 12.707500 0.057430 0.952889 0.297832 0.878800 0.000000 0.000000 0.000000 1.000000
0.992374 -0.086761 0.087559 -6.663900 0.108566 0.278813 -0.954189 12.707500 0.058374 0.956418 0.286106 0.878800 0.000000 0.000000 0.000000 1.000000
0.992324 -0.086704 0.088177 -6.663900 0.108724 0.271946 -0.956151 12.707500 0.058922 0.958399 0.279285 0.878800 0.000000 0.000000 0.000000 1.000000
0.992317 -0.086695 0.088268 -6.663900 0.108747 0.270932 -0.956436 12.707500 0.059004 0.958687 0.278278 0.878800 0.000000 0.000000 0.000000 1.000000
0.992317 -0.086695 0.088268 -6.663900 0.108747 0.270932 -0.956436 12.707500 0.059004 0.958687 0.278278 0.878800 0.000000 0.000000 0.000000 1.000000
0.992317 -0.086695 0.088268 -6.663900 0.108747 0.270931 -0.956436 12.707500 0.059003 0.958687 0.278278 0.878800 0.000000 0.000000 0.000000 1.000000
0.992317 -0.086695 0.088268 -6.663900 0.108747 0.270932 -0.956436 12.707500 0.059004 0.958687 0.278278 0.878800 0.000000 0.000000 0.000000 1.000000
0.992317 -0.086695 0.088268 -6.663900 0.108747 0.270932 -0.956436 12.707500 0.059004 0.958687 0.278278 0.878800 0.000000 0.000000 0.000000 1.000000
0.992317 -0.086695 0.088268 -6.663900 0.108747 0.270932 -0.956436 12.707500 0.059004 0.958687 0.278278 0.878800 0.000000 0.000000 0.000000 1.000000
0.992317 -0.086695 0.088268 -6.663900 0.108747 0.270932 -0.956436 12.707500 0.059004 0.958687 0.278278 0.878800 0.000000 0.000000 0.000000 1.000000
0.992317 -0.086695 0.088269 -6.663900 0.108747 0.270931 -0.956436 12.707500 0.059003 0.958687 0.278278 0.878800 0.000000 0.000000 0.000000 1.000000
0.992317 -0.086695 0.088268 -6.663900 0.108747 0.270931 -0.956436 12.707500 0.059004 0.958687 0.278278 0.878800 0.000000 0.000000 0.000000 1.000000
0.992317 -0.086695 0.088268 -6.663900 0.108747 0.270931 -0.956436 12.707500 0.059004 0.958687 0.278278 0.878800 0.000000 0.000000 0.000000 1.000000</float_array>
        <technique_common>
          <accessor source="#mixamorig_RightHandPinky1-Matrix-animation-output-transform-array" count="26" stride="16">
            <param type="float4x4"/>
          </accessor>
        </technique_common>
      </source>
      <source id="mixamorig_RightHandPinky1-Interpolations">
        <Name_array id="mixamorig_RightHandPinky1-Interpolations-array" count="26">
 LINEAR LINEAR LINEAR LINEAR LINEAR LINEAR LINEAR LINEAR LINEAR LINEAR LINEAR
LINEAR LINEAR LINEAR LINEAR LINEAR LINEAR LINEAR LINEAR LINEAR LINEAR LINEAR LINEAR
LINEAR LINEAR LINEAR</Name_array>
        <technique_common>
          <accessor source="#mixamorig_RightHandPinky1-Interpolations-array" count="26">
            <param type="name"/>
          </accessor>
        </technique_common>
      </source>
      <sampler id="mixamorig_RightHandPinky1-Matrix-animation-transform">
        <input semantic="INPUT" source="#mixamorig_RightHandPinky1-Matrix-animation-input"/>
        <input semantic="OUTPUT" source="#mixamorig_RightHandPinky1-Matrix-animation-output-transform"/>
        <input semantic="INTERPOLATION" source="#mixamorig_RightHandPinky1-Interpolations"/>
      </sampler>
      <channel source="#mixamorig_RightHandPinky1-Matrix-animation-transform" target="mixamorig_RightHandPinky1/matrix"/>
    </animation>
    <animation id="mixamorig_RightHandPinky2-anim" name="mixamorig_RightHandPinky2">
      <source id="mixamorig_RightHandPinky2-Matrix-animation-input">
        <float_array id="mixamorig_RightHandPinky2-Matrix-animation-input-array" count="26">

0.000000 0.033333 0.066667 0.100000 0.133333 0.166667 0.200000 0.233333 0.266667 0.300000 0.333333 0.366667 0.400000 0.433333 0.466667 0.500000
0.533333 0.566667 0.600000 0.633333 0.666667 0.700000 0.733333 0.766667 0.800000 0.833333</float_array>
        <technique_common>
          <accessor source="#mixamorig_RightHandPinky2-Matrix-animation-input-array" count="26">
            <param name="TIME" type="float"/>
          </accessor>
        </technique_common>
      </source>
      <source id="mixamorig_RightHandPinky2-Matrix-animation-output-transform">
        <float_array id="mixamorig_RightHandPinky2-Matrix-animation-output-transform-array" count="416">

0.996876 -0.068779 0.038836 -0.000000 0.068779 0.514127 -0.854952 3.377000 0.038836 0.854952 0.517251 0.000000 0.000000 0.000000 0.000000 1.000000
0.996851 -0.068963 0.039145 0.000000 0.068963 0.510256 -0.857253 3.377000 0.039145 0.857253 0.513405 0.000000 0.000000 0.000000 0.000000 1.000000
0.996831 -0.069109 0.039390 -0.000000 0.069109 0.507199 -0.859054 3.377000 0.039389 0.859054 0.510368 0.000000 0.000000 0.000000 0.000000 1.000000
0.996809 -0.069269 0.039664 0.000000 0.069270 0.503774 -0.861054 3.377000 0.039663 0.861054 0.506965 0.000000 0.000000 0.000000 0.000000 1.000000
0.996777 -0.069504 0.040067 0.000000 0.069504 0.498722 -0.863971 3.377000 0.040067 0.863971 0.501945 0.000000 0.000000 0.000000 0.000000 1.000000
0.996726 -0.069865 0.040699 0.000000 0.069865 0.490822 -0.868454 3.377000 0.040699 0.868454 0.494097 0.000000 0.000000 0.000000 0.000000 1.000000
0.996635 -0.070490 0.041826 0.000000 0.070490 0.476714 -0.876228 3.377000 0.041826 0.876228 0.480079 0.000000 0.000000 0.000000 0.000000 1.000000
0.996503 -0.071358 0.043468 0.000000 0.071359 0.456183 -0.887020 3.377000 0.043467 0.887021 0.459679 -0.000000 0.000000 0.000000 0.000000 1.000000
0.996363 -0.072228 0.045211 0.000000 0.072228 0.434367 -0.897835 3.377000 0.045211 0.897835 0.438004 0.000000 0.000000 0.000000 0.000000 1.000000
0.996250 -0.072890 0.046614 0.000000 0.072890 0.416815 -0.906064 3.377000 0.046614 0.906064 0.420565 0.000000 0.000000 0.000000 0.000000 1.000000
0.996202 -0.073164 0.047216 0.000000 0.073164 0.409281 -0.909470 3.377000 0.047216 0.909470 0.413080 0.000000 0.000000 0.000000 0.000000 1.000000
0.996257 -0.072849 0.046524 0.000000 0.072849 0.417942 -0.905548 3.377000 0.046524 0.905548 0.421685 0.000000 0.000000 0.000000 0.000000 1.000000
0.996409 -0.071946 0.044634 -0.000000 0.071946 0.441593 -0.894326 3.377000 0.044634 0.894326 0.445184 -0.000000 0.000000 0.000000 0.000000 1.000000
0.996599 -0.070730 0.042270 -0.000000 0.070730 0.471160 -0.879207 3.377000 0.042270 0.879207 0.474560 0.000000 0.000000 0.000000 0.000000 1.000000
0.996770 -0.069549 0.040146 0.000000 0.069550 0.497738 -0.864535 3.377000 0.040146 0.864535 0.500967 0.000000 0.000000 0.000000 0.000000 1.000000
0.996864 -0.068866 0.038981 -0.000000 0.068866 0.512309 -0.856036 3.377000 0.038981 0.856036 0.515445 0.000000 0.000000 0.000000 0.000000 1.000000
0.996877 -0.068771 0.038824 0.000000 0.068771 0.514280 -0.854861 3.377000 0.038823 0.854861 0.517403 0.000000 0.000000 0.000000 0.000000 1.000000
0.996875 -0.068783 0.038843 -0.000000 0.068783 0.514041 -0.855003 3.377000 0.038843 0.855003 0.517166 0.000000 0.000000 0.000000 0.000000 1.000000
0.996875 -0.068783 0.038843 0.000000 0.068783 0.514041 -0.855003 3.377000 0.038843 0.855003 0.517166 -0.000000 0.000000 0.000000 0.000000 1.000000
0.996875 -0.068783 0.038843 -0.000000 0.068783 0.514041 -0.855003 3.377000 0.038843 0.855003 0.517166 -0.000000 0.000000 0.000000 0.000000 1.000000
0.996875 -0.068782 0.038843 0.000000 0.068782 0.514041 -0.855003 3.377000 0.038843 0.855003 0.517166 0.000000 0.000000 0.000000 0.000000 1.000000
0.996875 -0.068783 0.038843 0.000000 0.068783 0.514041 -0.855003 3.377000 0.038842 0.855003 0.517166 0.000000 0.000000 0.000000 0.000000 1.000000
0.996875 -0.068783 0.038843 -0.000000 0.068783 0.514041 -0.855003 3.377000 0.038843 0.855003 0.517166 -0.000000 0.000000 0.000000 0.000000 1.000000
0.996875 -0.068783 0.038843 0.000000 0.068783 0.514041 -0.855003 3.377000 0.038842 0.855003 0.517166 0.000000 0.000000 0.000000 0.000000 1.000000
0.996875 -0.068783 0.038843 0.000000 0.068783 0.514041 -0.855003 3.377000 0.038843 0.855003 0.517166 -0.000000 0.000000 0.000000 0.000000 1.000000
0.996875 -0.068783 0.038843 0.000000 0.068783 0.514041 -0.855004 3.377000 0.038843 0.855004 0.517166 0.000000 0.000000 0.000000 0.000000 1.000000</float_array>
        <technique_common>
          <accessor source="#mixamorig_RightHandPinky2-Matrix-animation-output-transform-array" count="26" stride="16">
            <param type="float4x4"/>
          </accessor>
        </technique_common>
      </source>
      <source id="mixamorig_RightHandPinky2-Interpolations">
        <Name_array id="mixamorig_RightHandPinky2-Interpolations-array" count="26">
 LINEAR LINEAR LINEAR LINEAR LINEAR LINEAR LINEAR LINEAR LINEAR LINEAR LINEAR
LINEAR LINEAR LINEAR LINEAR LINEAR LINEAR LINEAR LINEAR LINEAR LINEAR LINEAR LINEAR
LINEAR LINEAR LINEAR</Name_array>
        <technique_common>
          <accessor source="#mixamorig_RightHandPinky2-Interpolations-array" count="26">
            <param type="name"/>
          </accessor>
        </technique_common>
      </source>
      <sampler id="mixamorig_RightHandPinky2-Matrix-animation-transform">
        <input semantic="INPUT" source="#mixamorig_RightHandPinky2-Matrix-animation-input"/>
        <input semantic="OUTPUT" source="#mixamorig_RightHandPinky2-Matrix-animation-output-transform"/>
        <input semantic="INTERPOLATION" source="#mixamorig_RightHandPinky2-Interpolations"/>
      </sampler>
      <channel source="#mixamorig_RightHandPinky2-Matrix-animation-transform" target="mixamorig_RightHandPinky2/matrix"/>
    </animation>
    <animation id="mixamorig_RightHandPinky3-anim" name="mixamorig_RightHandPinky3">
      <source id="mixamorig_RightHandPinky3-Matrix-animation-input">
        <float_array id="mixamorig_RightHandPinky3-Matrix-animation-input-array" count="26">

0.000000 0.033333 0.066667 0.100000 0.133333 0.166667 0.200000 0.233333 0.266667 0.300000 0.333333 0.366667 0.400000 0.433333 0.466667 0.500000
0.533333 0.566667 0.600000 0.633333 0.666667 0.700000 0.733333 0.766667 0.800000 0.833333</float_array>
        <technique_common>
          <accessor source="#mixamorig_RightHandPinky3-Matrix-animation-input-array" count="26">
            <param name="TIME" type="float"/>
          </accessor>
        </technique_common>
      </source>
      <source id="mixamorig_RightHandPinky3-Matrix-animation-output-transform">
        <float_array id="mixamorig_RightHandPinky3-Matrix-animation-output-transform-array" count="416">

0.995767 -0.075363 0.052622 -0.000000 0.075363 0.341642 -0.936804 2.998000 0.052623 0.936804 0.345876 0.000000 0.000000 0.000000 0.000000 1.000000
0.995728 -0.075536 0.053102 -0.000000 0.075537 0.335651 -0.938953 2.998000 0.053101 0.938953 0.339922 0.000000 0.000000 0.000000 0.000000 1.000000
0.995698 -0.075668 0.053471 0.000000 0.075668 0.331023 -0.940584 2.998000 0.053472 0.940584 0.335325 0.000000 0.000000 0.000000 0.000000 1.000000
0.995665 -0.075814 0.053890 0.000000 0.075814 0.325784 -0.942400 2.998000 0.053890 0.942400 0.330119 0.000000 0.000000 0.000000 0.000000 1.000000
0.995614 -0.076030 0.054525 -0.000000 0.076030 0.317833 -0.945093 2.998000 0.054526 0.945093 0.322220 0.000000 0.000000 0.000000 0.000000 1.000000
0.995532 -0.076364 0.055540 0.000000 0.076364 0.305140 -0.949241 2.998000 0.055540 0.949241 0.309609 0.000000 0.000000 0.000000 0.000000 1.000000
0.995385 -0.076929 0.057372 -0.000000 0.076929 0.282222 -0.956260 2.998000 0.057372 0.956260 0.286837 -0.000000 0.000000 0.000000 0.000000 1.000000
0.995170 -0.077667 0.060043 -0.000000 0.077667 0.248805 -0.965435 2.998000 0.060043 0.965435 0.253635 -0.000000 0.000000 0.000000 0.000000 1.000000
0.994942 -0.078342 0.062878 -0.000000 0.078342 0.213338 -0.973832 2.998000 0.062878 0.973832 0.218397 -0.000000 0.000000 0.000000 0.000000 1.000000
0.994758 -0.078807 0.065156 0.000000 0.078807 0.184833 -0.979605 2.998000 0.065157 0.979605 0.190075 -0.000000 0.000000 0.000000 0.000000 1.000000
0.994679 -0.078986 0.066140 0.000000 0.078986 0.172527 -0.981833 2.998000 0.066140 0.981833 0.177848 -0.000000 0.000000 0.000000 0.000000 1.000000
0.994768 -0.078785 0.065041 0.000000 0.078785 0.186282 -0.979332 2.998000 0.065041 0.979332 0.191514 -0.000000 0.000000 0.000000 0.000000 1.000000
0.995012 -0.078146 0.062007 0.000000 0.078146 0.224238 -0.971396 2.998000 0.062007 0.971396 0.229226 0.000000 0.000000 0.000000 0.000000 1.000000
0.995319 -0.077166 0.058193 0.000000 0.077166 0.271951 -0.959212 2.998000 0.058193 0.959212 0.276633 0.000000 0.000000 0.000000 0.000000 1.000000
0.995595 -0.076106 0.054750 0.000000 0.076105 0.315021 -0.946029 2.998000 0.054751 0.946029 0.319425 0.000000 0.000000 0.000000 0.000000 1.000000
0.995748 -0.075449 0.052859 0.000000 0.075449 0.338686 -0.937869 2.998000 0.052859 0.937869 0.342939 0.000000 0.000000 0.000000 0.000000 1.000000
0.995768 -0.075356 0.052603 0.000000 0.075356 0.341891 -0.936713 2.998000 0.052603 0.936713 0.346123 0.000000 0.000000 0.000000 0.000000 1.000000
0.995766 -0.075368 0.052634 0.000000 0.075367 0.341503 -0.936854 2.998000 0.052634 0.936854 0.345737 0.000000 0.000000 0.000000 0.000000 1.000000
0.995766 -0.075368 0.052634 0.000000 0.075367 0.341503 -0.936854 2.998000 0.052634 0.936854 0.345737 -0.000000 0.000000 0.000000 0.000000 1.000000
0.995766 -0.075367 0.052634 0.000000 0.075367 0.341502 -0.936854 2.998000 0.052634 0.936854 0.345737 -0.000000 0.000000 0.000000 0.000000 1.000000
0.995766 -0.075368 0.052634 0.000000 0.075368 0.341503 -0.936854 2.998000 0.052634 0.936854 0.345737 0.000000 0.000000 0.000000 0.000000 1.000000
0.995766 -0.075367 0.052634 0.000000 0.075367 0.341503 -0.936854 2.998000 0.052634 0.936854 0.345737 0.000000 0.000000 0.000000 0.000000 1.000000
0.995766 -0.075367 0.052634 0.000000 0.075367 0.341503 -0.936854 2.998000 0.052634 0.936854 0.345737 0.000000 0.000000 0.000000 0.000000 1.000000
0.995766 -0.075368 0.052634 0.000000 0.075367 0.341503 -0.936854 2.998000 0.052634 0.936854 0.345737 -0.000000 0.000000 0.000000 0.000000 1.000000
0.995766 -0.075368 0.052634 -0.000000 0.075368 0.341502 -0.936854 2.998000 0.052634 0.936854 0.345737 -0.000000 0.000000 0.000000 0.000000 1.000000
0.995766 -0.075368 0.052634 0.000000 0.075367 0.341503 -0.936854 2.998000 0.052634 0.936854 0.345737 0.000000 0.000000 0.000000 0.000000 1.000000</float_array>
        <technique_common>
          <accessor source="#mixamorig_RightHandPinky3-Matrix-animation-output-transform-array" count="26" stride="16">
            <param type="float4x4"/>
          </accessor>
        </technique_common>
      </source>
      <source id="mixamorig_RightHandPinky3-Interpolations">
        <Name_array id="mixamorig_RightHandPinky3-Interpolations-array" count="26">
 LINEAR LINEAR LINEAR LINEAR LINEAR LINEAR LINEAR LINEAR LINEAR LINEAR LINEAR
LINEAR LINEAR LINEAR LINEAR LINEAR LINEAR LINEAR LINEAR LINEAR LINEAR LINEAR LINEAR
LINEAR LINEAR LINEAR</Name_array>
        <technique_common>
          <accessor source="#mixamorig_RightHandPinky3-Interpolations-array" count="26">
            <param type="name"/>
          </accessor>
        </technique_common>
      </source>
      <sampler id="mixamorig_RightHandPinky3-Matrix-animation-transform">
        <input semantic="INPUT" source="#mixamorig_RightHandPinky3-Matrix-animation-input"/>
        <input semantic="OUTPUT" source="#mixamorig_RightHandPinky3-Matrix-animation-output-transform"/>
        <input semantic="INTERPOLATION" source="#mixamorig_RightHandPinky3-Interpolations"/>
      </sampler>
      <channel source="#mixamorig_RightHandPinky3-Matrix-animation-transform" target="mixamorig_RightHandPinky3/matrix"/>
    </animation>
    <animation id="mixamorig_L_horn1-anim" name="mixamorig_L_horn1">
      <source id="mixamorig_L_horn1-Matrix-animation-input">
        <float_array id="mixamorig_L_horn1-Matrix-animation-input-array" count="26">

0.000000 0.033333 0.066667 0.100000 0.133333 0.166667 0.200000 0.233333 0.266667 0.300000 0.333333 0.366667 0.400000 0.433333 0.466667 0.500000
0.533333 0.566667 0.600000 0.633333 0.666667 0.700000 0.733333 0.766667 0.800000 0.833333</float_array>
        <technique_common>
          <accessor source="#mixamorig_L_horn1-Matrix-animation-input-array" count="26">
            <param name="TIME" type="float"/>
          </accessor>
        </technique_common>
      </source>
      <source id="mixamorig_L_horn1-Matrix-animation-output-transform">
        <float_array id="mixamorig_L_horn1-Matrix-animation-output-transform-array" count="416">

0.602488 0.000515 0.798128 1.847600 -0.698753 0.483576 0.527160 4.379700 -0.385684 -0.875302 0.291709 -10.115900 0.000000 0.000000 0.000000 1.000000
0.602488 0.000515 0.798128 1.847600 -0.698753 0.483576 0.527160 4.379700 -0.385684 -0.875302 0.291709 -10.115900 0.000000 0.000000 0.000000 1.000000
0.602488 0.000515 0.798128 1.847600 -0.698753 0.483576 0.527160 4.379700 -0.385684 -0.875302 0.291709 -10.115900 0.000000 0.000000 0.000000 1.000000
0.602488 0.000515 0.798128 1.847600 -0.698753 0.483576 0.527160 4.379700 -0.385684 -0.875302 0.291709 -10.115900 0.000000 0.000000 0.000000 1.000000
0.602488 0.000515 0.798128 1.847600 -0.698753 0.483576 0.527160 4.379700 -0.385684 -0.875302 0.291709 -10.115900 0.000000 0.000000 0.000000 1.000000
0.602488 0.000515 0.798128 1.847600 -0.698753 0.483576 0.527160 4.379700 -0.385684 -0.875302 0.291709 -10.115900 0.000000 0.000000 0.000000 1.000000
0.602488 0.000515 0.798128 1.847600 -0.698753 0.483576 0.527160 4.379700 -0.385684 -0.875302 0.291709 -10.115900 0.000000 0.000000 0.000000 1.000000
0.602488 0.000515 0.798128 1.847600 -0.698753 0.483576 0.527160 4.379700 -0.385684 -0.875302 0.291709 -10.115900 0.000000 0.000000 0.000000 1.000000
0.602488 0.000515 0.798128 1.847600 -0.698753 0.483576 0.527160 4.379700 -0.385684 -0.875302 0.291709 -10.115900 0.000000 0.000000 0.000000 1.000000
0.602488 0.000515 0.798128 1.847600 -0.698753 0.483576 0.527160 4.379700 -0.385684 -0.875302 0.291709 -10.115900 0.000000 0.000000 0.000000 1.000000
0.602488 0.000515 0.798128 1.847600 -0.698753 0.483576 0.527160 4.379700 -0.385684 -0.875302 0.291709 -10.115900 0.000000 0.000000 0.000000 1.000000
0.602488 0.000515 0.798128 1.847600 -0.698753 0.483576 0.527160 4.379700 -0.385684 -0.875302 0.291709 -10.115900 0.000000 0.000000 0.000000 1.000000
0.602488 0.000515 0.798128 1.847600 -0.698753 0.483576 0.527160 4.379700 -0.385684 -0.875302 0.291709 -10.115900 0.000000 0.000000 0.000000 1.000000
0.602488 0.000515 0.798128 1.847600 -0.698753 0.483576 0.527160 4.379700 -0.385684 -0.875302 0.291709 -10.115900 0.000000 0.000000 0.000000 1.000000
0.602488 0.000515 0.798128 1.847600 -0.698753 0.483576 0.527160 4.379700 -0.385684 -0.875302 0.291709 -10.115900 0.000000 0.000000 0.000000 1.000000
0.602488 0.000515 0.798128 1.847600 -0.698753 0.483576 0.527160 4.379700 -0.385684 -0.875302 0.291709 -10.115900 0.000000 0.000000 0.000000 1.000000
0.602488 0.000515 0.798128 1.847600 -0.698753 0.483576 0.527160 4.379700 -0.385684 -0.875302 0.291709 -10.115900 0.000000 0.000000 0.000000 1.000000
0.602488 0.000515 0.798128 1.847600 -0.698753 0.483576 0.527160 4.379700 -0.385684 -0.875302 0.291709 -10.115900 0.000000 0.000000 0.000000 1.000000
0.602488 0.000515 0.798128 1.847600 -0.698753 0.483576 0.527160 4.379700 -0.385684 -0.875302 0.291709 -10.115900 0.000000 0.000000 0.000000 1.000000
0.602488 0.000515 0.798128 1.847600 -0.698753 0.483576 0.527160 4.379700 -0.385684 -0.875302 0.291709 -10.115900 0.000000 0.000000 0.000000 1.000000
0.602488 0.000515 0.798128 1.847600 -0.698753 0.483576 0.527160 4.379700 -0.385684 -0.875302 0.291709 -10.115900 0.000000 0.000000 0.000000 1.000000
0.602488 0.000515 0.798128 1.847600 -0.698753 0.483576 0.527160 4.379700 -0.385684 -0.875302 0.291709 -10.115900 0.000000 0.000000 0.000000 1.000000
0.602488 0.000515 0.798128 1.847600 -0.698753 0.483576 0.527160 4.379700 -0.385684 -0.875302 0.291709 -10.115900 0.000000 0.000000 0.000000 1.000000
0.602488 0.000515 0.798128 1.847600 -0.698753 0.483576 0.527160 4.379700 -0.385684 -0.875302 0.291709 -10.115900 0.000000 0.000000 0.000000 1.000000
0.602488 0.000515 0.798128 1.847600 -0.698753 0.483576 0.527160 4.379700 -0.385684 -0.875302 0.291709 -10.115900 0.000000 0.000000 0.000000 1.000000
0.602488 0.000515 0.798128 1.847600 -0.698753 0.483576 0.527160 4.379700 -0.385684 -0.875302 0.291709 -10.115900 0.000000 0.000000 0.000000 1.000000</float_array>
        <technique_common>
          <accessor source="#mixamorig_L_horn1-Matrix-animation-output-transform-array" count="26" stride="16">
            <param type="float4x4"/>
          </accessor>
        </technique_common>
      </source>
      <source id="mixamorig_L_horn1-Interpolations">
        <Name_array id="mixamorig_L_horn1-Interpolations-array" count="26">
 LINEAR LINEAR LINEAR LINEAR LINEAR LINEAR LINEAR LINEAR LINEAR LINEAR LINEAR
LINEAR LINEAR LINEAR LINEAR LINEAR LINEAR LINEAR LINEAR LINEAR LINEAR LINEAR LINEAR
LINEAR LINEAR LINEAR</Name_array>
        <technique_common>
          <accessor source="#mixamorig_L_horn1-Interpolations-array" count="26">
            <param type="name"/>
          </accessor>
        </technique_common>
      </source>
      <sampler id="mixamorig_L_horn1-Matrix-animation-transform">
        <input semantic="INPUT" source="#mixamorig_L_horn1-Matrix-animation-input"/>
        <input semantic="OUTPUT" source="#mixamorig_L_horn1-Matrix-animation-output-transform"/>
        <input semantic="INTERPOLATION" source="#mixamorig_L_horn1-Interpolations"/>
      </sampler>
      <channel source="#mixamorig_L_horn1-Matrix-animation-transform" target="mixamorig_L_horn1/matrix"/>
    </animation>
    <animation id="mixamorig_R_horn1-anim" name="mixamorig_R_horn1">
      <source id="mixamorig_R_horn1-Matrix-animation-input">
        <float_array id="mixamorig_R_horn1-Matrix-animation-input-array" count="26">

0.000000 0.033333 0.066667 0.100000 0.133333 0.166667 0.200000 0.233333 0.266667 0.300000 0.333333 0.366667 0.400000 0.433333 0.466667 0.500000
0.533333 0.566667 0.600000 0.633333 0.666667 0.700000 0.733333 0.766667 0.800000 0.833333</float_array>
        <technique_common>
          <accessor source="#mixamorig_R_horn1-Matrix-animation-input-array" count="26">
            <param name="TIME" type="float"/>
          </accessor>
        </technique_common>
      </source>
      <source id="mixamorig_R_horn1-Matrix-animation-output-transform">
        <float_array id="mixamorig_R_horn1-Matrix-animation-output-transform-array" count="416">

-0.591028 -0.129171 0.796242 -3.147700 -0.778219 0.351067 -0.520699 4.536700 -0.212275 -0.927398 -0.308014 -10.290500 0.000000 0.000000 0.000000 1.000000
-0.591028 -0.129171 0.796242 -3.147700 -0.778219 0.351067 -0.520699 4.536700 -0.212275 -0.927398 -0.308014 -10.290500 0.000000 0.000000 0.000000 1.000000
-0.591028 -0.129171 0.796242 -3.147700 -0.778219 0.351067 -0.520699 4.536700 -0.212275 -0.927398 -0.308014 -10.290500 0.000000 0.000000 0.000000 1.000000
-0.591028 -0.129171 0.796242 -3.147700 -0.778219 0.351067 -0.520699 4.536700 -0.212275 -0.927398 -0.308014 -10.290500 0.000000 0.000000 0.000000 1.000000
-0.591028 -0.129171 0.796242 -3.147700 -0.778219 0.351067 -0.520699 4.536700 -0.212275 -0.927398 -0.308014 -10.290500 0.000000 0.000000 0.000000 1.000000
-0.591028 -0.129171 0.796242 -3.147700 -0.778219 0.351067 -0.520699 4.536700 -0.212275 -0.927398 -0.308014 -10.290500 0.000000 0.000000 0.000000 1.000000
-0.591028 -0.129171 0.796242 -3.147700 -0.778219 0.351067 -0.520699 4.536700 -0.212275 -0.927398 -0.308014 -10.290500 0.000000 0.000000 0.000000 1.000000
-0.591028 -0.129171 0.796242 -3.147700 -0.778219 0.351067 -0.520699 4.536700 -0.212275 -0.927398 -0.308014 -10.290500 0.000000 0.000000 0.000000 1.000000
-0.591028 -0.129171 0.796242 -3.147700 -0.778219 0.351067 -0.520699 4.536700 -0.212275 -0.927398 -0.308014 -10.290500 0.000000 0.000000 0.000000 1.000000
-0.591028 -0.129171 0.796242 -3.147700 -0.778219 0.351067 -0.520699 4.536700 -0.212275 -0.927398 -0.308014 -10.290500 0.000000 0.000000 0.000000 1.000000
-0.591028 -0.129171 0.796242 -3.147700 -0.778219 0.351067 -0.520699 4.536700 -0.212275 -0.927398 -0.308014 -10.290500 0.000000 0.000000 0.000000 1.000000
-0.591028 -0.129171 0.796242 -3.147700 -0.778219 0.351067 -0.520699 4.536700 -0.212275 -0.927398 -0.308014 -10.290500 0.000000 0.000000 0.000000 1.000000
-0.591028 -0.129171 0.796242 -3.147700 -0.778219 0.351067 -0.520699 4.536700 -0.212275 -0.927398 -0.308014 -10.290500 0.000000 0.000000 0.000000 1.000000
-0.591028 -0.129171 0.796242 -3.147700 -0.778219 0.351067 -0.520699 4.536700 -0.212275 -0.927398 -0.308014 -10.290500 0.000000 0.000000 0.000000 1.000000
-0.591028 -0.129171 0.796242 -3.147700 -0.778219 0.351067 -0.520699 4.536700 -0.212275 -0.927398 -0.308014 -10.290500 0.000000 0.000000 0.000000 1.000000
-0.591028 -0.129171 0.796242 -3.147700 -0.778219 0.351067 -0.520699 4.536700 -0.212275 -0.927398 -0.308014 -10.290500 0.000000 0.000000 0.000000 1.000000
-0.591028 -0.129171 0.796242 -3.147700 -0.778219 0.351067 -0.520699 4.536700 -0.212275 -0.927398 -0.308014 -10.290500 0.000000 0.000000 0.000000 1.000000
-0.591028 -0.129171 0.796242 -3.147700 -0.778219 0.351067 -0.520699 4.536700 -0.212275 -0.927398 -0.308014 -10.290500 0.000000 0.000000 0.000000 1.000000
-0.591028 -0.129171 0.796242 -3.147700 -0.778219 0.351067 -0.520699 4.536700 -0.212275 -0.927398 -0.308014 -10.290500 0.000000 0.000000 0.000000 1.000000
-0.591028 -0.129171 0.796242 -3.147700 -0.778219 0.351067 -0.520699 4.536700 -0.212275 -0.927398 -0.308014 -10.290500 0.000000 0.000000 0.000000 1.000000
-0.591028 -0.129171 0.796242 -3.147700 -0.778219 0.351067 -0.520699 4.536700 -0.212275 -0.927398 -0.308014 -10.290500 0.000000 0.000000 0.000000 1.000000
-0.591028 -0.129171 0.796242 -3.147700 -0.778219 0.351067 -0.520699 4.536700 -0.212275 -0.927398 -0.308014 -10.290500 0.000000 0.000000 0.000000 1.000000
-0.591028 -0.129171 0.796242 -3.147700 -0.778219 0.351067 -0.520699 4.536700 -0.212275 -0.927398 -0.308014 -10.290500 0.000000 0.000000 0.000000 1.000000
-0.591028 -0.129171 0.796242 -3.147700 -0.778219 0.351067 -0.520699 4.536700 -0.212275 -0.927398 -0.308014 -10.290500 0.000000 0.000000 0.000000 1.000000
-0.591028 -0.129171 0.796242 -3.147700 -0.778219 0.351067 -0.520699 4.536700 -0.212275 -0.927398 -0.308014 -10.290500 0.000000 0.000000 0.000000 1.000000
-0.591028 -0.129171 0.796242 -3.147700 -0.778219 0.351067 -0.520699 4.536700 -0.212275 -0.927398 -0.308014 -10.290500 0.000000 0.000000 0.000000 1.000000</float_array>
        <technique_common>
          <accessor source="#mixamorig_R_horn1-Matrix-animation-output-transform-array" count="26" stride="16">
            <param type="float4x4"/>
          </accessor>
        </technique_common>
      </source>
      <source id="mixamorig_R_horn1-Interpolations">
        <Name_array id="mixamorig_R_horn1-Interpolations-array" count="26">
 LINEAR LINEAR LINEAR LINEAR LINEAR LINEAR LINEAR LINEAR LINEAR LINEAR LINEAR
LINEAR LINEAR LINEAR LINEAR LINEAR LINEAR LINEAR LINEAR LINEAR LINEAR LINEAR LINEAR
LINEAR LINEAR LINEAR</Name_array>
        <technique_common>
          <accessor source="#mixamorig_R_horn1-Interpolations-array" count="26">
            <param type="name"/>
          </accessor>
        </technique_common>
      </source>
      <sampler id="mixamorig_R_horn1-Matrix-animation-transform">
        <input semantic="INPUT" source="#mixamorig_R_horn1-Matrix-animation-input"/>
        <input semantic="OUTPUT" source="#mixamorig_R_horn1-Matrix-animation-output-transform"/>
        <input semantic="INTERPOLATION" source="#mixamorig_R_horn1-Interpolations"/>
      </sampler>
      <channel source="#mixamorig_R_horn1-Matrix-animation-transform" target="mixamorig_R_horn1/matrix"/>
    </animation>
    <animation id="mixamorig_LeftUpLeg-anim" name="mixamorig_LeftUpLeg">
      <source id="mixamorig_LeftUpLeg-Matrix-animation-input">
        <float_array id="mixamorig_LeftUpLeg-Matrix-animation-input-array" count="26">

0.000000 0.033333 0.066667 0.100000 0.133333 0.166667 0.200000 0.233333 0.266667 0.300000 0.333333 0.366667 0.400000 0.433333 0.466667 0.500000
0.533333 0.566667 0.600000 0.633333 0.666667 0.700000 0.733333 0.766667 0.800000 0.833333</float_array>
        <technique_common>
          <accessor source="#mixamorig_LeftUpLeg-Matrix-animation-input-array" count="26">
            <param name="TIME" type="float"/>
          </accessor>
        </technique_common>
      </source>
      <source id="mixamorig_LeftUpLeg-Matrix-animation-output-transform">
        <float_array id="mixamorig_LeftUpLeg-Matrix-animation-output-transform-array" count="416">

-0.998342 0.017662 -0.054792 13.026900 -0.052436 -0.671818 0.738858 -6.336300 -0.023760 0.740506 0.671630 -1.092800 0.000000 0.000000 0.000000 1.000000
-0.999327 0.013233 -0.034217 13.026900 -0.034833 -0.634987 0.771737 -6.336300 -0.011515 0.772410 0.635020 -1.092800 0.000000 0.000000 0.000000 1.000000
-0.999995 0.001628 -0.002628 13.026900 -0.003078 -0.602933 0.797786 -6.336300 -0.000286 0.797790 0.602935 -1.092800 0.000000 0.000000 0.000000 1.000000
-0.999408 -0.020705 0.027470 13.026900 0.034397 -0.608681 0.792669 -6.336300 0.000308 0.793145 0.609033 -1.092800 0.000000 0.000000 0.000000 1.000000
-0.998182 -0.045155 0.039928 13.026900 0.059832 -0.661990 0.747121 -6.336300 -0.007304 0.748151 0.663488 -1.092800 0.000000 0.000000 0.000000 1.000000
-0.997008 -0.059243 0.049661 13.026900 0.076930 -0.697218 0.712719 -6.336300 -0.007599 0.714407 0.699689 -1.092800 0.000000 0.000000 0.000000 1.000000
-0.995774 -0.063315 0.066528 13.026900 0.091841 -0.685862 0.721913 -6.336300 -0.000078 0.724972 0.688778 -1.092800 0.000000 0.000000 0.000000 1.000000
-0.992716 -0.072133 0.096501 13.026900 0.119968 -0.665624 0.736582 -6.336300 0.011102 0.742794 0.669429 -1.092800 0.000000 0.000000 0.000000 1.000000
-0.990900 -0.088451 0.101460 13.026900 0.134584 -0.638854 0.757465 -6.336300 -0.002180 0.764227 0.644944 -1.092800 0.000000 0.000000 0.000000 1.000000
-0.989436 -0.103933 0.101066 13.026900 0.143977 -0.623023 0.768839 -6.336300 -0.016941 0.775268 0.631405 -1.092800 0.000000 0.000000 0.000000 1.000000
-0.989485 -0.123584 0.075141 13.026900 0.138606 -0.661809 0.736748 -6.336300 -0.041321 0.739416 0.671980 -1.092800 0.000000 0.000000 0.000000 1.000000
-0.989312 -0.136862 0.050301 13.026900 0.136328 -0.745790 0.652082 -6.336300 -0.051731 0.651970 0.756478 -1.092800 0.000000 0.000000 0.000000 1.000000
-0.990129 -0.130069 0.052212 13.026900 0.137849 -0.836408 0.530490 -6.336300 -0.025330 0.532451 0.846082 -1.092800 0.000000 0.000000 0.000000 1.000000
-0.993067 -0.090016 0.075603 13.026900 0.112741 -0.911444 0.395677 -6.336300 0.033291 0.401457 0.915273 -1.092800 0.000000 0.000000 0.000000 1.000000
-0.991526 -0.001878 0.129896 13.026900 0.042955 -0.948393 0.314175 -6.336300 0.122602 0.317093 0.940437 -1.092800 0.000000 0.000000 0.000000 1.000000
-0.982833 0.076186 0.168031 13.026900 -0.032105 -0.967487 0.250877 -6.336300 0.181681 0.241175 0.953324 -1.092800 0.000000 0.000000 0.000000 1.000000
-0.980522 0.094802 0.172018 13.026900 -0.070092 -0.987029 0.144432 -6.336300 0.183479 0.129561 0.974448 -1.092800 0.000000 0.000000 0.000000 1.000000
-0.986308 0.088636 0.139072 13.026900 -0.077357 -0.993414 0.084524 -6.336300 0.145648 0.072608 0.986669 -1.092800 0.000000 0.000000 0.000000 1.000000
-0.993090 0.076622 0.088891 13.026900 -0.069055 -0.993960 0.085287 -6.336300 0.094889 0.078560 0.992383 -1.092800 0.000000 0.000000 0.000000 1.000000
-0.994734 0.090656 0.047811 13.026900 -0.084342 -0.989100 0.120693 -6.336300 0.058232 0.116025 0.991538 -1.092800 0.000000 0.000000 0.000000 1.000000
-0.995179 0.097211 0.012969 13.026900 -0.093169 -0.978415 0.184456 -6.336300 0.030621 0.182358 0.982755 -1.092800 0.000000 0.000000 0.000000 1.000000
-0.996609 0.080920 -0.014920 13.026900 -0.081793 -0.954445 0.286956 -6.336300 0.008980 0.287203 0.957828 -1.092800 0.000000 0.000000 0.000000 1.000000
-0.996178 0.070288 -0.051856 13.026900 -0.086024 -0.892423 0.442923 -6.336300 -0.015146 0.445691 0.895059 -1.092800 0.000000 0.000000 0.000000 1.000000
-0.995936 0.053465 -0.072482 13.026900 -0.086248 -0.797991 0.596466 -6.336300 -0.025950 0.600293 0.799359 -1.092800 0.000000 0.000000 0.000000 1.000000
-0.996929 0.036547 -0.069255 13.026900 -0.074379 -0.718513 0.691525 -6.336300 -0.024487 0.694553 0.719025 -1.092800 0.000000 0.000000 0.000000 1.000000
-0.998342 0.017660 -0.054788 13.026900 -0.052432 -0.671810 0.738865 -6.336300 -0.023759 0.740513 0.671622 -1.092800 0.000000 0.000000 0.000000 1.000000</float_array>
        <technique_common>
          <accessor source="#mixamorig_LeftUpLeg-Matrix-animation-output-transform-array" count="26" stride="16">
            <param type="float4x4"/>
          </accessor>
        </technique_common>
      </source>
      <source id="mixamorig_LeftUpLeg-Interpolations">
        <Name_array id="mixamorig_LeftUpLeg-Interpolations-array" count="26">
 LINEAR LINEAR LINEAR LINEAR LINEAR LINEAR LINEAR LINEAR LINEAR LINEAR LINEAR
LINEAR LINEAR LINEAR LINEAR LINEAR LINEAR LINEAR LINEAR LINEAR LINEAR LINEAR LINEAR
LINEAR LINEAR LINEAR</Name_array>
        <technique_common>
          <accessor source="#mixamorig_LeftUpLeg-Interpolations-array" count="26">
            <param type="name"/>
          </accessor>
        </technique_common>
      </source>
      <sampler id="mixamorig_LeftUpLeg-Matrix-animation-transform">
        <input semantic="INPUT" source="#mixamorig_LeftUpLeg-Matrix-animation-input"/>
        <input semantic="OUTPUT" source="#mixamorig_LeftUpLeg-Matrix-animation-output-transform"/>
        <input semantic="INTERPOLATION" source="#mixamorig_LeftUpLeg-Interpolations"/>
      </sampler>
      <channel source="#mixamorig_LeftUpLeg-Matrix-animation-transform" target="mixamorig_LeftUpLeg/matrix"/>
    </animation>
    <animation id="mixamorig_LeftLeg-anim" name="mixamorig_LeftLeg">
      <source id="mixamorig_LeftLeg-Matrix-animation-input">
        <float_array id="mixamorig_LeftLeg-Matrix-animation-input-array" count="26">

0.000000 0.033333 0.066667 0.100000 0.133333 0.166667 0.200000 0.233333 0.266667 0.300000 0.333333 0.366667 0.400000 0.433333 0.466667 0.500000
0.533333 0.566667 0.600000 0.633333 0.666667 0.700000 0.733333 0.766667 0.800000 0.833333</float_array>
        <technique_common>
          <accessor source="#mixamorig_LeftLeg-Matrix-animation-input-array" count="26">
            <param name="TIME" type="float"/>
          </accessor>
        </technique_common>
      </source>
      <source id="mixamorig_LeftLeg-Matrix-animation-output-transform">
        <float_array id="mixamorig_LeftLeg-Matrix-animation-output-transform-array" count="416">

0.993109 0.030712 -0.113097 0.000000 0.116326 -0.141148 0.983130 46.951000 0.014230 -0.989512 -0.143748 0.000000 0.000000 0.000000 0.000000 1.000000
0.987016 0.062476 -0.147976 0.000000 0.148858 -0.009676 0.988811 46.951000 0.060346 -0.998000 -0.018850 0.000000 0.000000 0.000000 0.000000 1.000000
0.985158 0.086044 -0.148529 0.000000 0.132392 0.169874 0.976532 46.951000 0.109256 -0.981702 0.155961 0.000000 0.000000 0.000000 0.000000 1.000000
0.983859 0.097773 -0.149873 0.000000 0.097369 0.410190 0.906787 46.951000 0.150135 -0.906744 0.394049 0.000000 0.000000 0.000000 0.000000 1.000000
0.983573 0.088641 -0.157245 0.000000 0.056388 0.676648 0.734144 46.951000 0.171475 -0.730951 0.660535 -0.000000 0.000000 0.000000 0.000000 1.000000
0.983588 0.078381 -0.162517 0.000000 0.030145 0.816670 0.576318 46.951000 0.177895 -0.571758 0.800903 0.000000 0.000000 0.000000 0.000000 1.000000
0.981656 0.087653 -0.169315 0.000000 0.027210 0.814554 0.579449 46.951000 0.188707 -0.573427 0.797227 -0.000000 0.000000 0.000000 0.000000 1.000000
0.980129 0.103996 -0.168913 0.000000 0.035218 0.746783 0.664135 46.951000 0.195209 -0.656887 0.728281 0.000000 0.000000 0.000000 0.000000 1.000000
0.977588 0.106613 -0.181539 0.000000 0.086679 0.581996 0.808559 46.951000 0.191857 -0.806173 0.559711 0.000000 0.000000 0.000000 0.000000 1.000000
0.982321 0.107085 -0.153552 -0.000000 0.092935 0.433073 0.896555 46.951000 0.162507 -0.894975 0.415465 0.000000 0.000000 0.000000 0.000000 1.000000
0.980800 0.116468 -0.156420 0.000000 0.103936 0.366495 0.924597 46.951000 0.165013 -0.923102 0.347353 0.000000 0.000000 0.000000 0.000000 1.000000
0.983269 0.104456 -0.149233 0.000000 0.095859 0.399919 0.911524 46.951000 0.154895 -0.910579 0.383215 0.000000 0.000000 0.000000 0.000000 1.000000
0.991171 0.060915 -0.117768 0.000000 0.071657 0.501228 0.862343 46.951000 0.111559 -0.863168 0.492438 -0.000000 0.000000 0.000000 0.000000 1.000000
0.996900 0.011306 -0.077859 0.000000 0.054701 0.611688 0.789206 46.951000 0.056548 -0.791018 0.609173 -0.000000 0.000000 0.000000 0.000000 1.000000
0.999850 -0.010397 -0.013848 0.000000 0.017251 0.667547 0.744368 46.951000 0.001506 -0.744495 0.667626 0.000000 0.000000 0.000000 0.000000 1.000000
0.999912 -0.013200 0.001056 -0.000000 0.008830 0.724053 0.689688 46.951000 -0.009869 -0.689618 0.724106 0.000000 0.000000 0.000000 0.000000 1.000000
0.997535 -0.006445 -0.069869 0.000000 0.048679 0.780720 0.622982 46.951000 0.050533 -0.624848 0.779109 0.000000 0.000000 0.000000 0.000000 1.000000
0.993476 -0.020775 -0.112133 0.000000 0.092145 0.725564 0.681958 46.951000 0.067192 -0.687842 0.722744 -0.000000 0.000000 0.000000 0.000000 1.000000
0.994311 -0.044691 -0.096684 0.000000 0.104787 0.573224 0.812671 46.951000 0.019103 -0.818179 0.574646 0.000000 0.000000 0.000000 0.000000 1.000000
0.993637 -0.046243 -0.102699 0.000000 0.112594 0.385000 0.916023 46.951000 -0.002820 -0.921757 0.387757 0.000000 0.000000 0.000000 0.000000 1.000000
0.987629 -0.045379 -0.150100 0.000000 0.155952 0.184276 0.970423 46.951000 -0.016377 -0.981826 0.189073 0.000000 0.000000 0.000000 0.000000 1.000000
0.985219 -0.049823 -0.163892 0.000000 0.162699 -0.027150 0.986302 46.951000 -0.053590 -0.998389 -0.018642 0.000000 0.000000 0.000000 0.000000 1.000000
0.988488 -0.036522 -0.146823 -0.000000 0.135694 -0.215201 0.967097 46.951000 -0.066917 -0.975887 -0.207767 0.000000 0.000000 0.000000 0.000000 1.000000
0.992075 -0.010703 -0.125194 0.000000 0.115854 -0.307785 0.944376 46.951000 -0.048640 -0.951396 -0.304106 0.000000 0.000000 0.000000 0.000000 1.000000
0.993263 0.011363 -0.115328 0.000000 0.113937 -0.277503 0.953945 46.951000 -0.021164 -0.960658 -0.276927 0.000000 0.000000 0.000000 0.000000 1.000000
0.993109 0.030712 -0.113100 0.000000 0.116329 -0.141148 0.983130 46.951000 0.014231 -0.989512 -0.143748 -0.000000 0.000000 0.000000 0.000000 1.000000</float_array>
        <technique_common>
          <accessor source="#mixamorig_LeftLeg-Matrix-animation-output-transform-array" count="26" stride="16">
            <param type="float4x4"/>
          </accessor>
        </technique_common>
      </source>
      <source id="mixamorig_LeftLeg-Interpolations">
        <Name_array id="mixamorig_LeftLeg-Interpolations-array" count="26">
 LINEAR LINEAR LINEAR LINEAR LINEAR LINEAR LINEAR LINEAR LINEAR LINEAR LINEAR
LINEAR LINEAR LINEAR LINEAR LINEAR LINEAR LINEAR LINEAR LINEAR LINEAR LINEAR LINEAR
LINEAR LINEAR LINEAR</Name_array>
        <technique_common>
          <accessor source="#mixamorig_LeftLeg-Interpolations-array" count="26">
            <param type="name"/>
          </accessor>
        </technique_common>
      </source>
      <sampler id="mixamorig_LeftLeg-Matrix-animation-transform">
        <input semantic="INPUT" source="#mixamorig_LeftLeg-Matrix-animation-input"/>
        <input semantic="OUTPUT" source="#mixamorig_LeftLeg-Matrix-animation-output-transform"/>
        <input semantic="INTERPOLATION" source="#mixamorig_LeftLeg-Interpolations"/>
      </sampler>
      <channel source="#mixamorig_LeftLeg-Matrix-animation-transform" target="mixamorig_LeftLeg/matrix"/>
    </animation>
    <animation id="mixamorig_LeftFoot-anim" name="mixamorig_LeftFoot">
      <source id="mixamorig_LeftFoot-Matrix-animation-input">
        <float_array id="mixamorig_LeftFoot-Matrix-animation-input-array" count="26">

0.000000 0.033333 0.066667 0.100000 0.133333 0.166667 0.200000 0.233333 0.266667 0.300000 0.333333 0.366667 0.400000 0.433333 0.466667 0.500000
0.533333 0.566667 0.600000 0.633333 0.666667 0.700000 0.733333 0.766667 0.800000 0.833333</float_array>
        <technique_common>
          <accessor source="#mixamorig_LeftFoot-Matrix-animation-input-array" count="26">
            <param name="TIME" type="float"/>
          </accessor>
        </technique_common>
      </source>
      <source id="mixamorig_LeftFoot-Matrix-animation-output-transform">
        <float_array id="mixamorig_LeftFoot-Matrix-animation-output-transform-array" count="416">

0.987929 0.112141 -0.106870 0.000000 -0.154183 0.645086 -0.748392 55.112000 -0.014985 0.755836 0.654590 0.000000 0.000000 0.000000 0.000000 1.000000
0.984775 0.102180 -0.140633 0.000000 -0.173737 0.605563 -0.776601 55.112000 0.005809 0.789210 0.614096 -0.000000 0.000000 0.000000 0.000000 1.000000
0.984593 0.052146 -0.166908 0.000000 -0.166783 0.566860 -0.806755 55.112000 0.052545 0.822162 0.566823 0.000000 0.000000 0.000000 0.000000 1.000000
0.980766 0.021410 -0.194008 0.000000 -0.171948 0.565134 -0.806882 55.112000 0.092365 0.824722 0.557945 -0.000000 0.000000 0.000000 0.000000 1.000000
0.974317 0.038797 -0.221815 0.000000 -0.202038 0.585594 -0.785023 55.112000 0.099437 0.809676 0.578392 0.000000 0.000000 0.000000 0.000000 1.000000
0.966965 0.091572 -0.237891 0.000000 -0.240503 0.637018 -0.732370 55.112000 0.084476 0.765390 0.637998 0.000000 0.000000 0.000000 0.000000 1.000000
0.966606 0.092381 -0.239037 0.000000 -0.240348 0.650433 -0.720534 55.112000 0.088914 0.753925 0.650916 -0.000000 0.000000 0.000000 0.000000 1.000000
0.988021 0.061282 -0.141630 -0.000000 -0.146222 0.665148 -0.732255 55.112000 0.049331 0.744192 0.666141 -0.000000 0.000000 0.000000 0.000000 1.000000
0.998081 0.017533 -0.059380 0.000000 -0.059959 0.512868 -0.856371 55.112000 0.015439 0.858289 0.512935 -0.000000 0.000000 0.000000 0.000000 1.000000
0.995318 -0.016683 -0.095206 0.000000 -0.080932 0.394682 -0.915247 55.112000 0.052845 0.918666 0.391484 -0.000000 0.000000 0.000000 0.000000 1.000000
0.993648 -0.009420 -0.112139 0.000000 -0.104456 0.293529 -0.950226 55.112000 0.041867 0.955904 0.290681 0.000000 0.000000 0.000000 0.000000 1.000000
0.993773 0.007953 -0.111140 0.000000 -0.109978 0.230214 -0.966906 55.112000 0.017896 0.973107 0.229655 0.000000 0.000000 0.000000 0.000000 1.000000
0.994604 0.019734 -0.101845 0.000000 -0.103604 0.239144 -0.965441 55.112000 0.005304 0.970784 0.239898 -0.000000 0.000000 0.000000 0.000000 1.000000
0.989690 0.058605 -0.130684 0.000000 -0.143121 0.370262 -0.917836 55.112000 -0.005402 0.927077 0.374833 -0.000000 0.000000 0.000000 0.000000 1.000000
0.992309 0.069435 -0.102478 0.000000 -0.123773 0.544775 -0.829398 55.112000 -0.001761 0.835703 0.549179 0.000000 0.000000 0.000000 0.000000 1.000000
0.989057 0.106017 -0.102595 0.000000 -0.147513 0.699747 -0.698995 55.112000 -0.002315 0.706480 0.707729 -0.000000 0.000000 0.000000 0.000000 1.000000
0.990033 0.108907 -0.089301 -0.000000 -0.140803 0.779574 -0.610278 55.112000 0.003154 0.616769 0.787138 0.000000 0.000000 0.000000 0.000000 1.000000
0.991734 0.100745 -0.079457 -0.000000 -0.128307 0.776572 -0.616826 55.112000 -0.000438 0.621922 0.783079 0.000000 0.000000 0.000000 0.000000 1.000000
0.992421 0.096931 -0.075527 0.000000 -0.122718 0.750074 -0.649868 55.112000 -0.006342 0.654212 0.756285 0.000000 0.000000 0.000000 0.000000 1.000000
0.991923 0.103964 -0.072664 0.000000 -0.126134 0.748087 -0.651502 55.112000 -0.013374 0.655406 0.755159 -0.000000 0.000000 0.000000 0.000000 1.000000
0.993892 0.049019 -0.098877 -0.000000 -0.100658 0.769990 -0.630066 55.112000 0.045249 0.636170 0.770221 0.000000 0.000000 0.000000 0.000000 1.000000
0.986554 -0.049761 -0.155675 0.000000 -0.060868 0.772127 -0.632546 55.112000 0.151677 0.633517 0.758716 -0.000000 0.000000 0.000000 0.000000 1.000000
0.985398 -0.076202 -0.152262 0.000000 -0.038905 0.769834 -0.637057 55.112000 0.165761 0.633679 0.755629 0.000000 0.000000 0.000000 0.000000 1.000000
0.995533 -0.015219 -0.093184 0.000000 -0.050648 0.746837 -0.663076 55.112000 0.079684 0.664833 0.742730 0.000000 0.000000 0.000000 0.000000 1.000000
0.995003 0.069218 -0.071964 0.000000 -0.099812 0.709310 -0.697795 55.112000 0.002745 0.701490 0.712674 0.000000 0.000000 0.000000 0.000000 1.000000
0.987930 0.112138 -0.106866 0.000000 -0.154177 0.645095 -0.748386 55.112000 -0.014984 0.755829 0.654598 0.000000 0.000000 0.000000 0.000000 1.000000</float_array>
        <technique_common>
          <accessor source="#mixamorig_LeftFoot-Matrix-animation-output-transform-array" count="26" stride="16">
            <param type="float4x4"/>
          </accessor>
        </technique_common>
      </source>
      <source id="mixamorig_LeftFoot-Interpolations">
        <Name_array id="mixamorig_LeftFoot-Interpolations-array" count="26">
 LINEAR LINEAR LINEAR LINEAR LINEAR LINEAR LINEAR LINEAR LINEAR LINEAR LINEAR
LINEAR LINEAR LINEAR LINEAR LINEAR LINEAR LINEAR LINEAR LINEAR LINEAR LINEAR LINEAR
LINEAR LINEAR LINEAR</Name_array>
        <technique_common>
          <accessor source="#mixamorig_LeftFoot-Interpolations-array" count="26">
            <param type="name"/>
          </accessor>
        </technique_common>
      </source>
      <sampler id="mixamorig_LeftFoot-Matrix-animation-transform">
        <input semantic="INPUT" source="#mixamorig_LeftFoot-Matrix-animation-input"/>
        <input semantic="OUTPUT" source="#mixamorig_LeftFoot-Matrix-animation-output-transform"/>
        <input semantic="INTERPOLATION" source="#mixamorig_LeftFoot-Interpolations"/>
      </sampler>
      <channel source="#mixamorig_LeftFoot-Matrix-animation-transform" target="mixamorig_LeftFoot/matrix"/>
    </animation>
    <animation id="mixamorig_LeftToeBase-anim" name="mixamorig_LeftToeBase">
      <source id="mixamorig_LeftToeBase-Matrix-animation-input">
        <float_array id="mixamorig_LeftToeBase-Matrix-animation-input-array" count="26">

0.000000 0.033333 0.066667 0.100000 0.133333 0.166667 0.200000 0.233333 0.266667 0.300000 0.333333 0.366667 0.400000 0.433333 0.466667 0.500000
0.533333 0.566667 0.600000 0.633333 0.666667 0.700000 0.733333 0.766667 0.800000 0.833333</float_array>
        <technique_common>
          <accessor source="#mixamorig_LeftToeBase-Matrix-animation-input-array" count="26">
            <param name="TIME" type="float"/>
          </accessor>
        </technique_common>
      </source>
      <source id="mixamorig_LeftToeBase-Matrix-animation-output-transform">
        <float_array id="mixamorig_LeftToeBase-Matrix-animation-output-transform-array" count="416">

1.000000 -0.000000 0.000002 0.000000 0.000001 0.641824 -0.766852 22.799999 -0.000001 0.766852 0.641824 0.000000 0.000000 0.000000 0.000000 1.000000
1.000000 0.000000 0.000002 0.000000 0.000001 0.682953 -0.730462 22.799999 -0.000001 0.730462 0.682953 0.000000 0.000000 0.000000 0.000000 1.000000
1.000000 0.000000 0.000002 -0.000000 0.000001 0.713309 -0.700850 22.799999 -0.000001 0.700850 0.713309 0.000000 0.000000 0.000000 0.000000 1.000000
1.000000 -0.000000 0.000002 -0.000000 0.000001 0.725096 -0.688648 22.799999 -0.000001 0.688648 0.725096 0.000000 0.000000 0.000000 0.000000 1.000000
1.000000 -0.000000 0.000002 0.000000 0.000001 0.716262 -0.697831 22.799999 -0.000001 0.697831 0.716262 0.000000 0.000000 0.000000 0.000000 1.000000
1.000000 0.000000 0.000002 0.000000 0.000001 0.712944 -0.701221 22.799999 -0.000001 0.701221 0.712944 0.000000 0.000000 0.000000 0.000000 1.000000
1.000000 0.000000 0.000002 0.000000 0.000001 0.719628 -0.694360 22.799999 -0.000001 0.694360 0.719628 0.000000 0.000000 0.000000 0.000000 1.000000
0.999861 0.000226 0.016651 -0.000000 0.011709 0.701442 -0.712630 22.799999 -0.011841 0.712726 0.701342 0.000000 0.000000 0.000000 0.000000 1.000000
0.999098 0.001509 0.042439 0.000000 0.030151 0.678524 -0.733959 22.799999 -0.029904 0.734576 0.677867 0.000000 0.000000 0.000000 0.000000 1.000000
0.998783 0.002040 0.049283 0.000000 0.035658 0.660484 -0.749993 22.799999 -0.034081 0.750837 0.659608 0.000000 0.000000 0.000000 0.000000 1.000000
0.998829 0.001962 0.048336 0.000000 0.035605 0.646601 -0.761997 22.799999 -0.032749 0.762825 0.645775 0.000000 0.000000 0.000000 0.000000 1.000000
0.998747 0.002100 0.050004 -0.000000 0.037496 0.630371 -0.775388 22.799999 -0.033149 0.776291 0.629502 0.000000 0.000000 0.000000 0.000000 1.000000
0.997764 0.003743 0.066724 0.000000 0.051364 0.595788 -0.801497 22.799999 -0.042753 0.803133 0.594264 0.000000 0.000000 0.000000 0.000000 1.000000
0.997012 0.009959 0.076600 -0.000000 0.062556 0.477655 -0.876317 22.799999 -0.045316 0.878491 0.475605 0.000000 0.000000 0.000000 0.000000 1.000000
0.999367 0.005182 0.035189 0.000000 0.030191 0.399453 -0.916257 22.799999 -0.018804 0.916739 0.399043 0.000000 0.000000 0.000000 0.000000 1.000000
0.999985 0.000610 0.005467 -0.000000 0.004352 0.520167 -0.854054 22.799999 -0.003365 0.854065 0.520156 -0.000000 0.000000 0.000000 0.000000 1.000000
1.000000 0.000000 0.000002 0.000000 0.000001 0.694909 -0.719098 22.799999 -0.000001 0.719098 0.694909 0.000000 0.000000 0.000000 0.000000 1.000000
1.000000 0.000000 0.000002 0.000000 0.000001 0.692613 -0.721309 22.799999 -0.000001 0.721309 0.692613 0.000000 0.000000 0.000000 0.000000 1.000000
1.000000 -0.000000 0.000002 0.000000 0.000001 0.685255 -0.728303 22.799999 -0.000001 0.728303 0.685255 0.000000 0.000000 0.000000 0.000000 1.000000
1.000000 -0.000000 0.000002 0.000000 0.000001 0.677588 -0.735442 22.799999 -0.000001 0.735442 0.677588 -0.000000 0.000000 0.000000 0.000000 1.000000
1.000000 -0.000000 0.000002 0.000000 0.000001 0.681345 -0.731963 22.799999 -0.000001 0.731963 0.681345 0.000000 0.000000 0.000000 0.000000 1.000000
1.000000 -0.000000 0.000002 -0.000000 0.000001 0.679748 -0.733446 22.799999 -0.000001 0.733446 0.679748 0.000000 0.000000 0.000000 0.000000 1.000000
1.000000 0.000000 0.000002 0.000000 0.000001 0.661204 -0.750206 22.799999 -0.000001 0.750206 0.661204 0.000000 0.000000 0.000000 0.000000 1.000000
1.000000 -0.000000 0.000002 0.000000 0.000001 0.662463 -0.749094 22.799999 -0.000001 0.749094 0.662463 -0.000000 0.000000 0.000000 0.000000 1.000000
1.000000 0.000000 0.000002 -0.000000 0.000001 0.648697 -0.761047 22.799999 -0.000001 0.761047 0.648697 0.000000 0.000000 0.000000 0.000000 1.000000
1.000000 0.000000 0.000002 0.000000 0.000001 0.641824 -0.766852 22.799999 -0.000001 0.766852 0.641824 0.000000 0.000000 0.000000 0.000000 1.000000</float_array>
        <technique_common>
          <accessor source="#mixamorig_LeftToeBase-Matrix-animation-output-transform-array" count="26" stride="16">
            <param type="float4x4"/>
          </accessor>
        </technique_common>
      </source>
      <source id="mixamorig_LeftToeBase-Interpolations">
        <Name_array id="mixamorig_LeftToeBase-Interpolations-array" count="26">
 LINEAR LINEAR LINEAR LINEAR LINEAR LINEAR LINEAR LINEAR LINEAR LINEAR LINEAR
LINEAR LINEAR LINEAR LINEAR LINEAR LINEAR LINEAR LINEAR LINEAR LINEAR LINEAR LINEAR
LINEAR LINEAR LINEAR</Name_array>
        <technique_common>
          <accessor source="#mixamorig_LeftToeBase-Interpolations-array" count="26">
            <param type="name"/>
          </accessor>
        </technique_common>
      </source>
      <sampler id="mixamorig_LeftToeBase-Matrix-animation-transform">
        <input semantic="INPUT" source="#mixamorig_LeftToeBase-Matrix-animation-input"/>
        <input semantic="OUTPUT" source="#mixamorig_LeftToeBase-Matrix-animation-output-transform"/>
        <input semantic="INTERPOLATION" source="#mixamorig_LeftToeBase-Interpolations"/>
      </sampler>
      <channel source="#mixamorig_LeftToeBase-Matrix-animation-transform" target="mixamorig_LeftToeBase/matrix"/>
    </animation>
    <animation id="mixamorig_RightUpLeg-anim" name="mixamorig_RightUpLeg">
      <source id="mixamorig_RightUpLeg-Matrix-animation-input">
        <float_array id="mixamorig_RightUpLeg-Matrix-animation-input-array" count="26">

0.000000 0.033333 0.066667 0.100000 0.133333 0.166667 0.200000 0.233333 0.266667 0.300000 0.333333 0.366667 0.400000 0.433333 0.466667 0.500000
0.533333 0.566667 0.600000 0.633333 0.666667 0.700000 0.733333 0.766667 0.800000 0.833333</float_array>
        <technique_common>
          <accessor source="#mixamorig_RightUpLeg-Matrix-animation-input-array" count="26">
            <param name="TIME" type="float"/>
          </accessor>
        </technique_common>
      </source>
      <source id="mixamorig_RightUpLeg-Matrix-animation-output-transform">
        <float_array id="mixamorig_RightUpLeg-Matrix-animation-output-transform-array" count="416">

-0.989439 0.056108 -0.133651 -12.883000 -0.101268 -0.927275 0.360423 -6.336200 -0.103708 0.370151 0.923164 -1.092800 0.000000 0.000000 0.000000 1.000000
-0.985595 0.035896 -0.165272 -12.883000 -0.074076 -0.970118 0.231050 -6.336200 -0.152040 0.239964 0.958802 -1.092800 0.000000 0.000000 0.000000 1.000000
-0.980572 -0.030523 -0.193768 -12.883000 -0.005061 -0.983554 0.180545 -6.336200 -0.196092 0.178018 0.964291 -1.092800 0.000000 0.000000 0.000000 1.000000
-0.975449 -0.086664 -0.202459 -12.883000 0.055850 -0.986610 0.153236 -6.336200 -0.213028 0.138167 0.967227 -1.092800 0.000000 0.000000 0.000000 1.000000
-0.975752 -0.095932 -0.196737 -12.883000 0.079859 -0.992907 0.088083 -6.336200 -0.203791 0.070236 0.976492 -1.092800 0.000000 0.000000 0.000000 1.000000
-0.980870 -0.081321 -0.176862 -12.883000 0.078066 -0.996627 0.025297 -6.336200 -0.178322 0.011006 0.983911 -1.092800 0.000000 0.000000 0.000000 1.000000
-0.987138 -0.039974 -0.154795 -12.883000 0.035562 -0.998881 0.031166 -6.336200 -0.155868 0.025260 0.987455 -1.092800 0.000000 0.000000 0.000000 1.000000
-0.988831 -0.029604 -0.146074 -12.883000 0.013401 -0.993765 0.110684 -6.336200 -0.148440 0.107490 0.983062 -1.092800 0.000000 0.000000 0.000000 1.000000
-0.988701 -0.051681 -0.140711 -12.883000 0.016623 -0.970699 0.239724 -6.336200 -0.148977 0.234676 0.960590 -1.092800 0.000000 0.000000 0.000000 1.000000
-0.989295 -0.083014 -0.120013 -12.883000 0.024607 -0.905545 0.423537 -6.336200 -0.143837 0.416050 0.897894 -1.092800 0.000000 0.000000 0.000000 1.000000
-0.991544 -0.092319 -0.091204 -12.883000 0.017087 -0.789552 0.613446 -6.336200 -0.128643 0.606700 0.784452 -1.092800 0.000000 0.000000 0.000000 1.000000
-0.993316 -0.101668 -0.054662 -12.883000 0.023309 -0.640456 0.767641 -6.336200 -0.113053 0.761236 0.638544 -1.092800 0.000000 0.000000 0.000000 1.000000
-0.993938 -0.103118 -0.038144 -12.883000 0.020641 -0.515775 0.856475 -6.336200 -0.107991 0.850496 0.514777 -1.092800 0.000000 0.000000 0.000000 1.000000
-0.994482 -0.098039 -0.037327 -12.883000 0.011134 -0.452443 0.891724 -6.336200 -0.104312 0.886388 0.451038 -1.092800 0.000000 0.000000 0.000000 1.000000
-0.995877 -0.077711 -0.046795 -12.883000 -0.009891 -0.419765 0.907579 -6.336200 -0.090172 0.904300 0.417266 -1.092800 0.000000 0.000000 0.000000 1.000000
-0.997608 -0.042777 -0.054302 -12.883000 -0.029792 -0.442793 0.896129 -6.336200 -0.062378 0.895603 0.440459 -1.092800 0.000000 0.000000 0.000000 1.000000
-0.998226 -0.023990 -0.054500 -12.883000 -0.034638 -0.510536 0.859159 -6.336200 -0.048435 0.859522 0.508799 -1.092800 0.000000 0.000000 0.000000 1.000000
-0.997632 -0.020927 -0.065520 -12.883000 -0.043576 -0.544733 0.837477 -6.336200 -0.053217 0.838349 0.542531 -1.092800 0.000000 0.000000 0.000000 1.000000
-0.997180 -0.018922 -0.072624 -12.883000 -0.050132 -0.552185 0.832213 -6.336200 -0.055849 0.833507 0.549680 -1.092800 0.000000 0.000000 0.000000 1.000000
-0.996693 0.001279 -0.081254 -12.883000 -0.065606 -0.602699 0.795267 -6.336200 -0.047954 0.797968 0.600790 -1.092800 0.000000 0.000000 0.000000 1.000000
-0.993853 0.024688 -0.107920 -12.883000 -0.097934 -0.650641 0.753044 -6.336200 -0.051626 0.758984 0.649059 -1.092800 0.000000 0.000000 0.000000 1.000000
-0.991747 0.016762 -0.127106 -12.883000 -0.107718 -0.646583 0.755200 -6.336200 -0.069526 0.762659 0.643053 -1.092800 0.000000 0.000000 0.000000 1.000000
-0.988774 0.022354 -0.147734 -12.883000 -0.121540 -0.695444 0.708227 -6.336200 -0.086909 0.718233 0.690354 -1.092800 0.000000 0.000000 0.000000 1.000000
-0.988195 0.030287 -0.150180 -12.883000 -0.119548 -0.765479 0.632258 -6.336200 -0.095810 0.642747 0.760063 -1.092800 0.000000 0.000000 0.000000 1.000000
-0.988637 0.040220 -0.144843 -12.883000 -0.111793 -0.840872 0.529563 -6.336200 -0.100496 0.539738 0.835813 -1.092800 0.000000 0.000000 0.000000 1.000000
-0.989439 0.056105 -0.133648 -12.883000 -0.101265 -0.927273 0.360432 -6.336200 -0.103707 0.370159 0.923161 -1.092800 0.000000 0.000000 0.000000 1.000000</float_array>
        <technique_common>
          <accessor source="#mixamorig_RightUpLeg-Matrix-animation-output-transform-array" count="26" stride="16">
            <param type="float4x4"/>
          </accessor>
        </technique_common>
      </source>
      <source id="mixamorig_RightUpLeg-Interpolations">
        <Name_array id="mixamorig_RightUpLeg-Interpolations-array" count="26">
 LINEAR LINEAR LINEAR LINEAR LINEAR LINEAR LINEAR LINEAR LINEAR LINEAR LINEAR
LINEAR LINEAR LINEAR LINEAR LINEAR LINEAR LINEAR LINEAR LINEAR LINEAR LINEAR LINEAR
LINEAR LINEAR LINEAR</Name_array>
        <technique_common>
          <accessor source="#mixamorig_RightUpLeg-Interpolations-array" count="26">
            <param type="name"/>
          </accessor>
        </technique_common>
      </source>
      <sampler id="mixamorig_RightUpLeg-Matrix-animation-transform">
        <input semantic="INPUT" source="#mixamorig_RightUpLeg-Matrix-animation-input"/>
        <input semantic="OUTPUT" source="#mixamorig_RightUpLeg-Matrix-animation-output-transform"/>
        <input semantic="INTERPOLATION" source="#mixamorig_RightUpLeg-Interpolations"/>
      </sampler>
      <channel source="#mixamorig_RightUpLeg-Matrix-animation-transform" target="mixamorig_RightUpLeg/matrix"/>
    </animation>
    <animation id="mixamorig_RightLeg-anim" name="mixamorig_RightLeg">
      <source id="mixamorig_RightLeg-Matrix-animation-input">
        <float_array id="mixamorig_RightLeg-Matrix-animation-input-array" count="26">

0.000000 0.033333 0.066667 0.100000 0.133333 0.166667 0.200000 0.233333 0.266667 0.300000 0.333333 0.366667 0.400000 0.433333 0.466667 0.500000
0.533333 0.566667 0.600000 0.633333 0.666667 0.700000 0.733333 0.766667 0.800000 0.833333</float_array>
        <technique_common>
          <accessor source="#mixamorig_RightLeg-Matrix-animation-input-array" count="26">
            <param name="TIME" type="float"/>
          </accessor>
        </technique_common>
      </source>
      <source id="mixamorig_RightLeg-Matrix-animation-output-transform">
        <float_array id="mixamorig_RightLeg-Matrix-animation-output-transform-array" count="416">

0.990606 0.098002 -0.095375 0.000000 0.035217 0.491088 0.870398 46.951099 0.132138 -0.865580 0.483023 0.000000 0.000000 0.000000 0.000000 1.000000
0.980376 0.152854 -0.124493 -0.000000 0.003917 0.616280 0.787518 46.951099 0.197098 -0.772551 0.603587 0.000000 0.000000 0.000000 0.000000 1.000000
0.985856 0.130783 -0.104808 0.000000 -0.008465 0.663417 0.748202 46.951099 0.167384 -0.736732 0.655140 0.000000 0.000000 0.000000 0.000000 1.000000
0.994167 0.088974 -0.060959 0.000000 -0.016125 0.681463 0.731675 46.951099 0.106642 -0.726424 0.678923 0.000000 0.000000 0.000000 0.000000 1.000000
0.995115 0.098304 -0.009121 0.000000 -0.065784 0.729133 0.681203 46.951099 0.073616 -0.677275 0.732038 0.000000 0.000000 0.000000 0.000000 1.000000
0.991467 0.104866 0.077437 -0.000000 -0.129144 0.709258 0.693019 46.951099 0.017751 -0.697106 0.716748 0.000000 0.000000 0.000000 0.000000 1.000000
0.989498 0.116338 0.085787 0.000000 -0.138074 0.585111 0.799112 46.951099 0.042772 -0.802565 0.595030 0.000000 0.000000 0.000000 0.000000 1.000000
0.990204 0.102179 0.095157 -0.000000 -0.126435 0.367013 0.921583 46.951099 0.059242 -0.924587 0.376337 0.000000 0.000000 0.000000 0.000000 1.000000
0.991906 0.087157 0.092339 0.000000 -0.098965 0.075035 0.992258 46.951099 0.079554 -0.993365 0.083053 -0.000000 0.000000 0.000000 0.000000 1.000000
0.988798 0.080774 0.125517 0.000000 -0.109234 -0.181483 0.977309 46.951099 0.101720 -0.980071 -0.170626 0.000000 0.000000 0.000000 0.000000 1.000000
0.988447 0.070107 0.134376 0.000000 -0.100635 -0.359384 0.927748 46.951099 0.113334 -0.930553 -0.348177 0.000000 0.000000 0.000000 0.000000 1.000000
0.987141 0.053091 0.150777 0.000000 -0.115355 -0.416376 0.901845 46.951099 0.110660 -0.907641 -0.404897 0.000000 0.000000 0.000000 0.000000 1.000000
0.989653 0.041896 0.137225 0.000000 -0.114752 -0.343000 0.932300 46.951099 0.086128 -0.938401 -0.334644 -0.000000 0.000000 0.000000 0.000000 1.000000
0.990887 0.030247 0.131255 0.000000 -0.124073 -0.174327 0.976840 46.951099 0.052427 -0.984223 -0.168986 0.000000 0.000000 0.000000 0.000000 1.000000
0.989581 0.021778 0.142324 -0.000000 -0.143263 0.050368 0.988402 46.951099 0.014357 -0.998493 0.052963 0.000000 0.000000 0.000000 0.000000 1.000000
0.989763 0.032838 0.138893 0.000000 -0.141460 0.354833 0.924166 46.951099 -0.018936 -0.934353 0.355846 0.000000 0.000000 0.000000 0.000000 1.000000
0.987217 0.043121 0.153438 -0.000000 -0.145671 0.634759 0.758855 46.951099 -0.064674 -0.771506 0.632927 0.000000 0.000000 0.000000 0.000000 1.000000
0.982612 0.028383 0.183491 0.000000 -0.142060 0.751261 0.644536 46.951099 -0.119555 -0.659395 0.742230 0.000000 0.000000 0.000000 0.000000 1.000000
0.984167 0.000685 0.177244 0.000000 -0.117910 0.749156 0.651815 46.951099 -0.132337 -0.662394 0.737375 0.000000 0.000000 0.000000 0.000000 1.000000
0.996181 -0.011176 0.086594 0.000000 -0.049678 0.743041 0.667399 46.951099 -0.071802 -0.669152 0.739649 0.000000 0.000000 0.000000 0.000000 1.000000
0.999816 -0.019053 -0.002164 0.000000 0.014401 0.671592 0.740781 46.951099 -0.012661 -0.740676 0.671743 0.000000 0.000000 0.000000 0.000000 1.000000
0.999544 -0.018431 -0.023923 0.000000 0.029783 0.470629 0.881828 46.951099 -0.004994 -0.882139 0.470964 0.000000 0.000000 0.000000 0.000000 1.000000
0.997902 -0.018255 -0.062123 0.000000 0.064477 0.368264 0.927483 46.951099 0.005946 -0.929542 0.368668 -0.000000 0.000000 0.000000 0.000000 1.000000
0.991722 -0.003419 -0.128357 0.000000 0.121828 0.340831 0.932198 46.951099 0.040561 -0.940119 0.338426 0.000000 0.000000 0.000000 0.000000 1.000000
0.992137 0.039097 -0.118895 0.000000 0.096467 0.366360 0.925459 46.951099 0.079741 -0.929651 0.359708 0.000000 0.000000 0.000000 0.000000 1.000000
0.990606 0.098001 -0.095375 -0.000000 0.035218 0.491089 0.870397 46.951099 0.132138 -0.865579 0.483024 0.000000 0.000000 0.000000 0.000000 1.000000</float_array>
        <technique_common>
          <accessor source="#mixamorig_RightLeg-Matrix-animation-output-transform-array" count="26" stride="16">
            <param type="float4x4"/>
          </accessor>
        </technique_common>
      </source>
      <source id="mixamorig_RightLeg-Interpolations">
        <Name_array id="mixamorig_RightLeg-Interpolations-array" count="26">
 LINEAR LINEAR LINEAR LINEAR LINEAR LINEAR LINEAR LINEAR LINEAR LINEAR LINEAR
LINEAR LINEAR LINEAR LINEAR LINEAR LINEAR LINEAR LINEAR LINEAR LINEAR LINEAR LINEAR
LINEAR LINEAR LINEAR</Name_array>
        <technique_common>
          <accessor source="#mixamorig_RightLeg-Interpolations-array" count="26">
            <param type="name"/>
          </accessor>
        </technique_common>
      </source>
      <sampler id="mixamorig_RightLeg-Matrix-animation-transform">
        <input semantic="INPUT" source="#mixamorig_RightLeg-Matrix-animation-input"/>
        <input semantic="OUTPUT" source="#mixamorig_RightLeg-Matrix-animation-output-transform"/>
        <input semantic="INTERPOLATION" source="#mixamorig_RightLeg-Interpolations"/>
      </sampler>
      <channel source="#mixamorig_RightLeg-Matrix-animation-transform" target="mixamorig_RightLeg/matrix"/>
    </animation>
    <animation id="mixamorig_RightFoot-anim" name="mixamorig_RightFoot">
      <source id="mixamorig_RightFoot-Matrix-animation-input">
        <float_array id="mixamorig_RightFoot-Matrix-animation-input-array" count="26">

0.000000 0.033333 0.066667 0.100000 0.133333 0.166667 0.200000 0.233333 0.266667 0.300000 0.333333 0.366667 0.400000 0.433333 0.466667 0.500000
0.533333 0.566667 0.600000 0.633333 0.666667 0.700000 0.733333 0.766667 0.800000 0.833333</float_array>
        <technique_common>
          <accessor source="#mixamorig_RightFoot-Matrix-animation-input-array" count="26">
            <param name="TIME" type="float"/>
          </accessor>
        </technique_common>
      </source>
      <source id="mixamorig_RightFoot-Matrix-animation-output-transform">
        <float_array id="mixamorig_RightFoot-Matrix-animation-output-transform-array" count="416">

0.999826 0.010369 -0.015527 -0.000000 -0.017084 0.172641 -0.984837 55.112000 -0.007531 0.984930 0.172788 0.000000 0.000000 0.000000 0.000000 1.000000
0.996424 -0.071693 0.044720 0.000000 0.065349 0.318335 -0.945723 55.112000 0.053566 0.945263 0.321882 0.000000 0.000000 0.000000 0.000000 1.000000
0.983499 -0.160269 0.083923 0.000000 0.152869 0.488144 -0.859271 55.112000 0.096748 0.857922 0.504589 0.000000 0.000000 0.000000 0.000000 1.000000
0.993074 -0.113941 0.028663 0.000000 0.097934 0.667990 -0.737698 55.112000 0.064907 0.735396 0.674522 0.000000 0.000000 0.000000 0.000000 1.000000
0.985802 -0.154030 0.066855 0.000000 0.162960 0.781620 -0.602091 55.112000 0.040485 0.604437 0.795624 0.000000 0.000000 0.000000 0.000000 1.000000
0.966934 -0.184426 0.176139 -0.000000 0.252769 0.784744 -0.565937 55.112000 -0.033850 0.591746 0.805413 0.000000 0.000000 0.000000 0.000000 1.000000
0.953938 -0.122627 0.273796 0.000000 0.266662 0.764734 -0.586577 55.112000 -0.137451 0.632570 0.762209 0.000000 0.000000 0.000000 0.000000 1.000000
0.966410 -0.071820 0.246768 0.000000 0.212432 0.763644 -0.609689 55.112000 -0.144655 0.641630 0.753250 0.000000 0.000000 0.000000 0.000000 1.000000
0.967780 -0.051303 0.246514 0.000000 0.201889 0.743162 -0.637927 55.112000 -0.150473 0.667142 0.729575 0.000000 0.000000 0.000000 0.000000 1.000000
0.944176 0.045364 0.326305 0.000000 0.196956 0.716247 -0.669476 55.112000 -0.264085 0.696371 0.667328 0.000000 0.000000 0.000000 0.000000 1.000000
0.942063 0.095602 0.321523 0.000000 0.166370 0.699148 -0.695351 55.112000 -0.291269 0.708556 0.642737 -0.000000 0.000000 0.000000 0.000000 1.000000
0.957972 0.026876 0.285600 0.000000 0.196567 0.663621 -0.721781 55.112000 -0.208929 0.747586 0.630448 0.000000 0.000000 0.000000 0.000000 1.000000
0.977198 0.050942 0.206127 -0.000000 0.120045 0.668193 -0.734239 55.112000 -0.175136 0.742242 0.646842 0.000000 0.000000 0.000000 0.000000 1.000000
0.980519 0.111715 0.161561 0.000000 0.048424 0.659645 -0.750015 55.112000 -0.190361 0.743228 0.641385 0.000000 0.000000 0.000000 0.000000 1.000000
0.972622 0.097934 0.210748 0.000000 0.105256 0.622870 -0.775213 55.112000 -0.207188 0.776172 0.595509 -0.000000 0.000000 0.000000 0.000000 1.000000
0.967322 0.089160 0.237359 0.000000 0.123177 0.652997 -0.747277 55.112000 -0.221622 0.752094 0.620676 -0.000000 0.000000 0.000000 0.000000 1.000000
0.969466 -0.021912 0.244243 0.000000 0.193912 0.678190 -0.708842 55.112000 -0.150111 0.734560 0.661731 -0.000000 0.000000 0.000000 0.000000 1.000000
0.955641 -0.178342 0.234404 0.000000 0.292634 0.665177 -0.686953 55.112000 -0.033408 0.725075 0.687860 -0.000000 0.000000 0.000000 0.000000 1.000000
0.964959 -0.163842 0.204963 0.000000 0.261833 0.652558 -0.711063 55.112000 -0.017248 0.739813 0.672591 0.000000 0.000000 0.000000 0.000000 1.000000
0.987077 -0.095310 0.128823 0.000000 0.159862 0.641379 -0.750385 55.112000 -0.011105 0.761282 0.648326 0.000000 0.000000 0.000000 0.000000 1.000000
0.999151 0.026741 -0.031351 -0.000000 -0.040947 0.559141 -0.828061 55.112000 -0.004613 0.828642 0.559761 -0.000000 0.000000 0.000000 0.000000 1.000000
0.998562 0.036490 -0.039277 0.000000 -0.049941 0.366682 -0.929005 55.112000 -0.019498 0.929630 0.367977 0.000000 0.000000 0.000000 0.000000 1.000000
0.996579 0.051433 -0.064685 0.000000 -0.074216 0.212698 -0.974296 55.112000 -0.036353 0.975763 0.215787 -0.000000 0.000000 0.000000 0.000000 1.000000
0.990193 0.079618 -0.114797 0.000000 -0.122914 0.105920 -0.986749 55.112000 -0.066404 0.991182 0.114667 0.000000 0.000000 0.000000 0.000000 1.000000
0.994928 0.056619 -0.083137 0.000000 -0.088989 0.110193 -0.989918 55.112000 -0.046887 0.992296 0.114673 0.000000 0.000000 0.000000 0.000000 1.000000
0.999826 0.010367 -0.015524 -0.000000 -0.017081 0.172651 -0.984835 55.112000 -0.007530 0.984929 0.172798 0.000000 0.000000 0.000000 0.000000 1.000000</float_array>
        <technique_common>
          <accessor source="#mixamorig_RightFoot-Matrix-animation-output-transform-array" count="26" stride="16">
            <param type="float4x4"/>
          </accessor>
        </technique_common>
      </source>
      <source id="mixamorig_RightFoot-Interpolations">
        <Name_array id="mixamorig_RightFoot-Interpolations-array" count="26">
 LINEAR LINEAR LINEAR LINEAR LINEAR LINEAR LINEAR LINEAR LINEAR LINEAR LINEAR
LINEAR LINEAR LINEAR LINEAR LINEAR LINEAR LINEAR LINEAR LINEAR LINEAR LINEAR LINEAR
LINEAR LINEAR LINEAR</Name_array>
        <technique_common>
          <accessor source="#mixamorig_RightFoot-Interpolations-array" count="26">
            <param type="name"/>
          </accessor>
        </technique_common>
      </source>
      <sampler id="mixamorig_RightFoot-Matrix-animation-transform">
        <input semantic="INPUT" source="#mixamorig_RightFoot-Matrix-animation-input"/>
        <input semantic="OUTPUT" source="#mixamorig_RightFoot-Matrix-animation-output-transform"/>
        <input semantic="INTERPOLATION" source="#mixamorig_RightFoot-Interpolations"/>
      </sampler>
      <channel source="#mixamorig_RightFoot-Matrix-animation-transform" target="mixamorig_RightFoot/matrix"/>
    </animation>
    <animation id="mixamorig_RightToeBase-anim" name="mixamorig_RightToeBase">
      <source id="mixamorig_RightToeBase-Matrix-animation-input">
        <float_array id="mixamorig_RightToeBase-Matrix-animation-input-array" count="26">

0.000000 0.033333 0.066667 0.100000 0.133333 0.166667 0.200000 0.233333 0.266667 0.300000 0.333333 0.366667 0.400000 0.433333 0.466667 0.500000
0.533333 0.566667 0.600000 0.633333 0.666667 0.700000 0.733333 0.766667 0.800000 0.833333</float_array>
        <technique_common>
          <accessor source="#mixamorig_RightToeBase-Matrix-animation-input-array" count="26">
            <param name="TIME" type="float"/>
          </accessor>
        </technique_common>
      </source>
      <source id="mixamorig_RightToeBase-Matrix-animation-output-transform">
        <float_array id="mixamorig_RightToeBase-Matrix-animation-output-transform-array" count="416">

0.997976 -0.005059 -0.063390 -0.000000 -0.048392 0.586295 -0.808651 22.799999 0.041256 0.810082 0.584863 0.000000 0.000000 0.000000 0.000000 1.000000
0.993446 -0.011018 -0.113770 0.000000 -0.092828 0.502997 -0.859288 22.799999 0.066694 0.864218 0.498678 0.000000 0.000000 0.000000 0.000000 1.000000
0.993242 -0.011529 -0.115489 -0.000000 -0.097021 0.463636 -0.880698 22.799999 0.063699 0.885951 0.459384 0.000000 0.000000 0.000000 0.000000 1.000000
0.999515 -0.000811 -0.031142 0.000000 -0.024650 0.590664 -0.806541 22.799999 0.019049 0.806917 0.590357 -0.000000 0.000000 0.000000 0.000000 1.000000
1.000000 -0.000001 0.000001 0.000000 0.000002 0.678327 -0.734760 22.799999 0.000000 0.734760 0.678327 -0.000000 0.000000 0.000000 0.000000 1.000000
1.000000 -0.000001 0.000001 0.000000 0.000002 0.676218 -0.736701 22.799999 0.000000 0.736701 0.676218 0.000000 0.000000 0.000000 0.000000 1.000000
1.000000 -0.000002 0.000001 -0.000000 0.000002 0.640231 -0.768182 22.799999 0.000000 0.768182 0.640231 -0.000000 0.000000 0.000000 0.000000 1.000000
1.000000 -0.000001 0.000001 0.000000 0.000002 0.614568 -0.788864 22.799999 0.000000 0.788864 0.614568 0.000000 0.000000 0.000000 0.000000 1.000000
1.000000 -0.000001 0.000001 0.000000 0.000002 0.634998 -0.772514 22.799999 0.000000 0.772514 0.634998 0.000000 0.000000 0.000000 0.000000 1.000000
1.000000 -0.000001 0.000001 0.000000 0.000002 0.646318 -0.763068 22.799999 0.000000 0.763068 0.646318 0.000000 0.000000 0.000000 0.000000 1.000000
1.000000 -0.000001 0.000001 0.000000 0.000002 0.701365 -0.712803 22.799999 -0.000000 0.712803 0.701365 0.000000 0.000000 0.000000 0.000000 1.000000
1.000000 -0.000001 0.000001 0.000000 0.000002 0.756274 -0.654255 22.799999 -0.000000 0.654255 0.756274 0.000000 0.000000 0.000000 0.000000 1.000000
1.000000 -0.000001 0.000001 0.000000 0.000002 0.705361 -0.708848 22.799999 -0.000000 0.708848 0.705361 0.000000 0.000000 0.000000 0.000000 1.000000
1.000000 -0.000001 0.000001 0.000000 0.000002 0.663549 -0.748133 22.799999 0.000000 0.748133 0.663549 0.000000 0.000000 0.000000 0.000000 1.000000
1.000000 -0.000001 0.000001 0.000000 0.000002 0.695216 -0.718801 22.799999 -0.000000 0.718801 0.695216 0.000000 0.000000 0.000000 0.000000 1.000000
1.000000 -0.000001 0.000001 -0.000000 0.000002 0.696546 -0.717512 22.799999 0.000000 0.717512 0.696546 0.000000 0.000000 0.000000 0.000000 1.000000
1.000000 -0.000001 0.000001 0.000000 0.000002 0.694183 -0.719799 22.799999 0.000000 0.719799 0.694183 0.000000 0.000000 0.000000 0.000000 1.000000
1.000000 -0.000001 0.000001 0.000000 0.000002 0.689627 -0.724165 22.799999 -0.000000 0.724165 0.689627 0.000000 0.000000 0.000000 0.000000 1.000000
1.000000 -0.000001 0.000001 0.000000 0.000002 0.698878 -0.715241 22.799999 -0.000000 0.715241 0.698878 0.000000 0.000000 0.000000 0.000000 1.000000
1.000000 -0.000001 0.000001 0.000000 0.000002 0.717339 -0.696724 22.799999 -0.000000 0.696724 0.717339 0.000000 0.000000 0.000000 0.000000 1.000000
1.000000 -0.000001 0.000001 0.000000 0.000002 0.722199 -0.691685 22.799999 -0.000000 0.691685 0.722199 0.000000 0.000000 0.000000 0.000000 1.000000
1.000000 -0.000001 0.000001 -0.000000 0.000002 0.718778 -0.695240 22.799999 -0.000000 0.695240 0.718778 -0.000000 0.000000 0.000000 0.000000 1.000000
1.000000 -0.000001 0.000001 0.000000 0.000002 0.713843 -0.700306 22.799999 -0.000000 0.700306 0.713843 -0.000000 0.000000 0.000000 0.000000 1.000000
1.000000 -0.000001 0.000001 0.000000 0.000002 0.707458 -0.706756 22.799999 0.000000 0.706756 0.707458 0.000000 0.000000 0.000000 0.000000 1.000000
0.999712 -0.000846 -0.023989 0.000000 -0.017580 0.654674 -0.755707 22.799999 0.016344 0.755911 0.654470 0.000000 0.000000 0.000000 0.000000 1.000000
0.997976 -0.005059 -0.063390 0.000000 -0.048392 0.586295 -0.808651 22.799999 0.041256 0.810082 0.584864 -0.000000 0.000000 0.000000 0.000000 1.000000</float_array>
        <technique_common>
          <accessor source="#mixamorig_RightToeBase-Matrix-animation-output-transform-array" count="26" stride="16">
            <param type="float4x4"/>
          </accessor>
        </technique_common>
      </source>
      <source id="mixamorig_RightToeBase-Interpolations">
        <Name_array id="mixamorig_RightToeBase-Interpolations-array" count="26">
 LINEAR LINEAR LINEAR LINEAR LINEAR LINEAR LINEAR LINEAR LINEAR LINEAR LINEAR
LINEAR LINEAR LINEAR LINEAR LINEAR LINEAR LINEAR LINEAR LINEAR LINEAR LINEAR LINEAR
LINEAR LINEAR LINEAR</Name_array>
        <technique_common>
          <accessor source="#mixamorig_RightToeBase-Interpolations-array" count="26">
            <param type="name"/>
          </accessor>
        </technique_common>
      </source>
      <sampler id="mixamorig_RightToeBase-Matrix-animation-transform">
        <input semantic="INPUT" source="#mixamorig_RightToeBase-Matrix-animation-input"/>
        <input semantic="OUTPUT" source="#mixamorig_RightToeBase-Matrix-animation-output-transform"/>
        <input semantic="INTERPOLATION" source="#mixamorig_RightToeBase-Interpolations"/>
      </sampler>
      <channel source="#mixamorig_RightToeBase-Matrix-animation-transform" target="mixamorig_RightToeBase/matrix"/>
    </animation>
    <animation id="mixamorig_L_C_skirt1-anim" name="mixamorig_L_C_skirt1">
      <source id="mixamorig_L_C_skirt1-Matrix-animation-input">
        <float_array id="mixamorig_L_C_skirt1-Matrix-animation-input-array" count="26">

0.000000 0.033333 0.066667 0.100000 0.133333 0.166667 0.200000 0.233333 0.266667 0.300000 0.333333 0.366667 0.400000 0.433333 0.466667 0.500000
0.533333 0.566667 0.600000 0.633333 0.666667 0.700000 0.733333 0.766667 0.800000 0.833333</float_array>
        <technique_common>
          <accessor source="#mixamorig_L_C_skirt1-Matrix-animation-input-array" count="26">
            <param name="TIME" type="float"/>
          </accessor>
        </technique_common>
      </source>
      <source id="mixamorig_L_C_skirt1-Matrix-animation-output-transform">
        <float_array id="mixamorig_L_C_skirt1-Matrix-animation-output-transform-array" count="416">

0.035066 0.292039 0.955763 12.441200 -0.989026 0.147481 -0.008777 4.607000 -0.143520 -0.944967 0.294006 -11.833000 0.000000 0.000000 0.000000 1.000000
0.035066 0.292039 0.955763 12.441200 -0.989026 0.147481 -0.008777 4.607000 -0.143520 -0.944967 0.294006 -11.833000 0.000000 0.000000 0.000000 1.000000
0.035066 0.292039 0.955763 12.441200 -0.989026 0.147481 -0.008777 4.607000 -0.143520 -0.944967 0.294006 -11.833000 0.000000 0.000000 0.000000 1.000000
0.035066 0.292039 0.955763 12.441200 -0.989026 0.147481 -0.008777 4.607000 -0.143520 -0.944967 0.294006 -11.833000 0.000000 0.000000 0.000000 1.000000
0.035066 0.292039 0.955763 12.441200 -0.989026 0.147481 -0.008777 4.607000 -0.143520 -0.944967 0.294006 -11.833000 0.000000 0.000000 0.000000 1.000000
0.035066 0.292039 0.955763 12.441200 -0.989026 0.147481 -0.008777 4.607000 -0.143520 -0.944967 0.294006 -11.833000 0.000000 0.000000 0.000000 1.000000
0.035066 0.292039 0.955763 12.441200 -0.989026 0.147481 -0.008777 4.607000 -0.143520 -0.944967 0.294006 -11.833000 0.000000 0.000000 0.000000 1.000000
0.035066 0.292039 0.955763 12.441200 -0.989026 0.147481 -0.008777 4.607000 -0.143520 -0.944967 0.294006 -11.833000 0.000000 0.000000 0.000000 1.000000
0.035066 0.292039 0.955763 12.441200 -0.989026 0.147481 -0.008777 4.607000 -0.143520 -0.944967 0.294006 -11.833000 0.000000 0.000000 0.000000 1.000000
0.035066 0.292039 0.955763 12.441200 -0.989026 0.147481 -0.008777 4.607000 -0.143520 -0.944967 0.294006 -11.833000 0.000000 0.000000 0.000000 1.000000
0.035066 0.292039 0.955763 12.441200 -0.989026 0.147481 -0.008777 4.607000 -0.143520 -0.944967 0.294006 -11.833000 0.000000 0.000000 0.000000 1.000000
0.035066 0.292039 0.955763 12.441200 -0.989026 0.147481 -0.008777 4.607000 -0.143520 -0.944967 0.294006 -11.833000 0.000000 0.000000 0.000000 1.000000
0.035066 0.292039 0.955763 12.441200 -0.989026 0.147481 -0.008777 4.607000 -0.143520 -0.944967 0.294006 -11.833000 0.000000 0.000000 0.000000 1.000000
0.035066 0.292039 0.955763 12.441200 -0.989026 0.147481 -0.008777 4.607000 -0.143520 -0.944967 0.294006 -11.833000 0.000000 0.000000 0.000000 1.000000
0.035066 0.292039 0.955763 12.441200 -0.989026 0.147481 -0.008777 4.607000 -0.143520 -0.944967 0.294006 -11.833000 0.000000 0.000000 0.000000 1.000000
0.035066 0.292039 0.955763 12.441200 -0.989026 0.147481 -0.008777 4.607000 -0.143520 -0.944967 0.294006 -11.833000 0.000000 0.000000 0.000000 1.000000
0.035066 0.292039 0.955763 12.441200 -0.989026 0.147481 -0.008777 4.607000 -0.143520 -0.944967 0.294006 -11.833000 0.000000 0.000000 0.000000 1.000000
0.035066 0.292039 0.955763 12.441200 -0.989026 0.147481 -0.008777 4.607000 -0.143520 -0.944967 0.294006 -11.833000 0.000000 0.000000 0.000000 1.000000
0.035066 0.292039 0.955763 12.441200 -0.989026 0.147481 -0.008777 4.607000 -0.143520 -0.944967 0.294006 -11.833000 0.000000 0.000000 0.000000 1.000000
0.035066 0.292039 0.955763 12.441200 -0.989026 0.147481 -0.008777 4.607000 -0.143520 -0.944967 0.294006 -11.833000 0.000000 0.000000 0.000000 1.000000
0.035066 0.292039 0.955763 12.441200 -0.989026 0.147481 -0.008777 4.607000 -0.143520 -0.944967 0.294006 -11.833000 0.000000 0.000000 0.000000 1.000000
0.035066 0.292039 0.955763 12.441200 -0.989026 0.147481 -0.008777 4.607000 -0.143520 -0.944967 0.294006 -11.833000 0.000000 0.000000 0.000000 1.000000
0.035066 0.292039 0.955763 12.441200 -0.989026 0.147481 -0.008777 4.607000 -0.143520 -0.944967 0.294006 -11.833000 0.000000 0.000000 0.000000 1.000000
0.035066 0.292039 0.955763 12.441200 -0.989026 0.147481 -0.008777 4.607000 -0.143520 -0.944967 0.294006 -11.833000 0.000000 0.000000 0.000000 1.000000
0.035066 0.292039 0.955763 12.441200 -0.989026 0.147481 -0.008777 4.607000 -0.143520 -0.944967 0.294006 -11.833000 0.000000 0.000000 0.000000 1.000000
0.035066 0.292039 0.955763 12.441200 -0.989026 0.147481 -0.008777 4.607000 -0.143520 -0.944967 0.294006 -11.833000 0.000000 0.000000 0.000000 1.000000</float_array>
        <technique_common>
          <accessor source="#mixamorig_L_C_skirt1-Matrix-animation-output-transform-array" count="26" stride="16">
            <param type="float4x4"/>
          </accessor>
        </technique_common>
      </source>
      <source id="mixamorig_L_C_skirt1-Interpolations">
        <Name_array id="mixamorig_L_C_skirt1-Interpolations-array" count="26">
 LINEAR LINEAR LINEAR LINEAR LINEAR LINEAR LINEAR LINEAR LINEAR LINEAR LINEAR
LINEAR LINEAR LINEAR LINEAR LINEAR LINEAR LINEAR LINEAR LINEAR LINEAR LINEAR LINEAR
LINEAR LINEAR LINEAR</Name_array>
        <technique_common>
          <accessor source="#mixamorig_L_C_skirt1-Interpolations-array" count="26">
            <param type="name"/>
          </accessor>
        </technique_common>
      </source>
      <sampler id="mixamorig_L_C_skirt1-Matrix-animation-transform">
        <input semantic="INPUT" source="#mixamorig_L_C_skirt1-Matrix-animation-input"/>
        <input semantic="OUTPUT" source="#mixamorig_L_C_skirt1-Matrix-animation-output-transform"/>
        <input semantic="INTERPOLATION" source="#mixamorig_L_C_skirt1-Interpolations"/>
      </sampler>
      <channel source="#mixamorig_L_C_skirt1-Matrix-animation-transform" target="mixamorig_L_C_skirt1/matrix"/>
    </animation>
    <animation id="mixamorig_L_C_skirt2-anim" name="mixamorig_L_C_skirt2">
      <source id="mixamorig_L_C_skirt2-Matrix-animation-input">
        <float_array id="mixamorig_L_C_skirt2-Matrix-animation-input-array" count="26">

0.000000 0.033333 0.066667 0.100000 0.133333 0.166667 0.200000 0.233333 0.266667 0.300000 0.333333 0.366667 0.400000 0.433333 0.466667 0.500000
0.533333 0.566667 0.600000 0.633333 0.666667 0.700000 0.733333 0.766667 0.800000 0.833333</float_array>
        <technique_common>
          <accessor source="#mixamorig_L_C_skirt2-Matrix-animation-input-array" count="26">
            <param name="TIME" type="float"/>
          </accessor>
        </technique_common>
      </source>
      <source id="mixamorig_L_C_skirt2-Matrix-animation-output-transform">
        <float_array id="mixamorig_L_C_skirt2-Matrix-animation-output-transform-array" count="416">

1.000000 0.000000 0.000000 27.657801 0.000000 1.000000 0.000000 0.000000 0.000000 0.000000 1.000000 -0.000000 0.000000 0.000000 0.000000 1.000000
1.000000 0.000000 0.000000 27.657801 0.000000 1.000000 -0.000000 0.000000 0.000000 0.000000 1.000000 -0.000000 0.000000 0.000000 0.000000 1.000000
1.000000 -0.000000 0.000000 27.657801 0.000000 1.000000 -0.000000 0.000000 0.000000 0.000000 1.000000 0.000000 0.000000 0.000000 0.000000 1.000000
1.000000 -0.000000 0.000000 27.657801 0.000000 1.000000 -0.000000 0.000000 0.000000 0.000000 1.000000 0.000000 0.000000 0.000000 0.000000 1.000000
1.000000 0.000000 -0.000000 27.657801 0.000000 1.000000 -0.000000 0.000000 0.000000 0.000000 1.000000 0.000000 0.000000 0.000000 0.000000 1.000000
1.000000 -0.000000 0.000000 27.657801 -0.000000 1.000000 0.000000 0.000000 -0.000000 -0.000000 1.000000 0.000000 0.000000 0.000000 0.000000 1.000000
1.000000 0.000000 0.000000 27.657801 -0.000000 1.000000 -0.000000 0.000000 0.000000 -0.000000 1.000000 -0.000000 0.000000 0.000000 0.000000 1.000000
1.000000 -0.000000 -0.000000 27.657801 0.000000 1.000000 -0.000000 -0.000000 0.000000 0.000000 1.000000 0.000000 0.000000 0.000000 0.000000 1.000000
1.000000 0.000000 0.000000 27.657801 -0.000000 1.000000 0.000000 0.000000 0.000000 0.000000 1.000000 0.000000 0.000000 0.000000 0.000000 1.000000
1.000000 0.000000 0.000000 27.657801 -0.000000 1.000000 0.000000 0.000000 -0.000000 -0.000000 1.000000 0.000000 0.000000 0.000000 0.000000 1.000000
1.000000 0.000000 -0.000000 27.657801 0.000000 1.000000 0.000000 0.000000 -0.000000 0.000000 1.000000 0.000000 0.000000 0.000000 0.000000 1.000000
1.000000 -0.000000 0.000000 27.657801 0.000000 1.000000 0.000000 0.000000 0.000000 0.000000 1.000000 0.000000 0.000000 0.000000 0.000000 1.000000
1.000000 0.000000 0.000000 27.657801 0.000000 1.000000 0.000000 -0.000000 0.000000 0.000000 1.000000 0.000000 0.000000 0.000000 0.000000 1.000000
1.000000 -0.000000 -0.000000 27.657801 0.000000 1.000000 -0.000000 0.000000 -0.000000 -0.000000 1.000000 -0.000000 0.000000 0.000000 0.000000 1.000000
1.000000 -0.000000 -0.000000 27.657801 0.000000 1.000000 0.000000 0.000000 0.000000 -0.000000 1.000000 -0.000000 0.000000 0.000000 0.000000 1.000000
1.000000 -0.000000 0.000000 27.657801 -0.000000 1.000000 -0.000000 0.000000 0.000000 0.000000 1.000000 -0.000000 0.000000 0.000000 0.000000 1.000000
1.000000 0.000000 -0.000000 27.657801 0.000000 1.000000 0.000000 0.000000 0.000000 0.000000 1.000000 0.000000 0.000000 0.000000 0.000000 1.000000
1.000000 0.000000 0.000000 27.657801 0.000000 1.000000 0.000000 0.000000 0.000000 0.000000 1.000000 0.000000 0.000000 0.000000 0.000000 1.000000
1.000000 0.000000 0.000000 27.657801 -0.000000 1.000000 0.000000 0.000000 -0.000000 0.000000 1.000000 0.000000 0.000000 0.000000 0.000000 1.000000
1.000000 -0.000000 0.000000 27.657801 0.000000 1.000000 0.000000 0.000000 0.000000 0.000000 1.000000 0.000000 0.000000 0.000000 0.000000 1.000000
1.000000 0.000000 0.000000 27.657801 0.000000 1.000000 -0.000000 0.000000 0.000000 -0.000000 1.000000 0.000000 0.000000 0.000000 0.000000 1.000000
1.000000 -0.000000 0.000000 27.657801 0.000000 1.000000 -0.000000 0.000000 0.000000 0.000000 1.000000 0.000000 0.000000 0.000000 0.000000 1.000000
1.000000 -0.000000 0.000000 27.657801 0.000000 1.000000 -0.000000 0.000000 0.000000 0.000000 1.000000 -0.000000 0.000000 0.000000 0.000000 1.000000
1.000000 0.000000 0.000000 27.657801 0.000000 1.000000 0.000000 0.000000 -0.000000 -0.000000 1.000000 0.000000 0.000000 0.000000 0.000000 1.000000
1.000000 -0.000000 0.000000 27.657801 0.000000 1.000000 0.000000 0.000000 -0.000000 0.000000 1.000000 -0.000000 0.000000 0.000000 0.000000 1.000000
1.000000 -0.000000 -0.000000 27.657801 -0.000000 1.000000 0.000000 0.000000 0.000000 0.000000 1.000000 0.000000 0.000000 0.000000 0.000000 1.000000</float_array>
        <technique_common>
          <accessor source="#mixamorig_L_C_skirt2-Matrix-animation-output-transform-array" count="26" stride="16">
            <param type="float4x4"/>
          </accessor>
        </technique_common>
      </source>
      <source id="mixamorig_L_C_skirt2-Interpolations">
        <Name_array id="mixamorig_L_C_skirt2-Interpolations-array" count="26">
 LINEAR LINEAR LINEAR LINEAR LINEAR LINEAR LINEAR LINEAR LINEAR LINEAR LINEAR
LINEAR LINEAR LINEAR LINEAR LINEAR LINEAR LINEAR LINEAR LINEAR LINEAR LINEAR LINEAR
LINEAR LINEAR LINEAR</Name_array>
        <technique_common>
          <accessor source="#mixamorig_L_C_skirt2-Interpolations-array" count="26">
            <param type="name"/>
          </accessor>
        </technique_common>
      </source>
      <sampler id="mixamorig_L_C_skirt2-Matrix-animation-transform">
        <input semantic="INPUT" source="#mixamorig_L_C_skirt2-Matrix-animation-input"/>
        <input semantic="OUTPUT" source="#mixamorig_L_C_skirt2-Matrix-animation-output-transform"/>
        <input semantic="INTERPOLATION" source="#mixamorig_L_C_skirt2-Interpolations"/>
      </sampler>
      <channel source="#mixamorig_L_C_skirt2-Matrix-animation-transform" target="mixamorig_L_C_skirt2/matrix"/>
    </animation>
    <animation id="mixamorig_L_C_skirt3-anim" name="mixamorig_L_C_skirt3">
      <source id="mixamorig_L_C_skirt3-Matrix-animation-input">
        <float_array id="mixamorig_L_C_skirt3-Matrix-animation-input-array" count="26">

0.000000 0.033333 0.066667 0.100000 0.133333 0.166667 0.200000 0.233333 0.266667 0.300000 0.333333 0.366667 0.400000 0.433333 0.466667 0.500000
0.533333 0.566667 0.600000 0.633333 0.666667 0.700000 0.733333 0.766667 0.800000 0.833333</float_array>
        <technique_common>
          <accessor source="#mixamorig_L_C_skirt3-Matrix-animation-input-array" count="26">
            <param name="TIME" type="float"/>
          </accessor>
        </technique_common>
      </source>
      <source id="mixamorig_L_C_skirt3-Matrix-animation-output-transform">
        <float_array id="mixamorig_L_C_skirt3-Matrix-animation-output-transform-array" count="416">

1.000000 0.000000 0.000000 23.970100 0.000000 1.000000 0.000000 0.000000 -0.000000 0.000000 1.000000 -0.000000 0.000000 0.000000 0.000000 1.000000
1.000000 0.000000 0.000000 23.970100 0.000000 1.000000 0.000000 0.000000 0.000000 0.000000 1.000000 0.000000 0.000000 0.000000 0.000000 1.000000
1.000000 0.000000 0.000000 23.970100 -0.000000 1.000000 0.000000 0.000000 -0.000000 -0.000000 1.000000 0.000000 0.000000 0.000000 0.000000 1.000000
1.000000 0.000000 0.000000 23.970100 0.000000 1.000000 0.000000 0.000000 -0.000000 0.000000 1.000000 0.000000 0.000000 0.000000 0.000000 1.000000
1.000000 -0.000000 -0.000000 23.970100 0.000000 1.000000 -0.000000 -0.000000 -0.000000 0.000000 1.000000 0.000000 0.000000 0.000000 0.000000 1.000000
1.000000 -0.000000 -0.000000 23.970100 -0.000000 1.000000 0.000000 -0.000000 -0.000000 0.000000 1.000000 0.000000 0.000000 0.000000 0.000000 1.000000
1.000000 -0.000000 0.000000 23.970100 -0.000000 1.000000 0.000000 0.000000 0.000000 0.000000 1.000000 -0.000000 0.000000 0.000000 0.000000 1.000000
1.000000 -0.000000 0.000000 23.970100 0.000000 1.000000 0.000000 0.000000 0.000000 -0.000000 1.000000 0.000000 0.000000 0.000000 0.000000 1.000000
1.000000 0.000000 0.000000 23.970100 -0.000000 1.000000 0.000000 0.000000 -0.000000 0.000000 1.000000 -0.000000 0.000000 0.000000 0.000000 1.000000
1.000000 0.000000 0.000000 23.970100 0.000000 1.000000 0.000000 0.000000 -0.000000 0.000000 1.000000 0.000000 0.000000 0.000000 0.000000 1.000000
1.000000 0.000000 0.000000 23.970100 -0.000000 1.000000 0.000000 0.000000 -0.000000 0.000000 1.000000 -0.000000 0.000000 0.000000 0.000000 1.000000
1.000000 0.000000 0.000000 23.970100 0.000000 1.000000 -0.000000 0.000000 0.000000 0.000000 1.000000 -0.000000 0.000000 0.000000 0.000000 1.000000
1.000000 0.000000 0.000000 23.970100 0.000000 1.000000 0.000000 0.000000 0.000000 0.000000 1.000000 -0.000000 0.000000 0.000000 0.000000 1.000000
1.000000 0.000000 -0.000000 23.970100 0.000000 1.000000 -0.000000 0.000000 0.000000 0.000000 1.000000 0.000000 0.000000 0.000000 0.000000 1.000000
1.000000 -0.000000 -0.000000 23.970100 0.000000 1.000000 0.000000 0.000000 -0.000000 0.000000 1.000000 -0.000000 0.000000 0.000000 0.000000 1.000000
1.000000 -0.000000 0.000000 23.970100 -0.000000 1.000000 0.000000 0.000000 -0.000000 0.000000 1.000000 0.000000 0.000000 0.000000 0.000000 1.000000
1.000000 -0.000000 -0.000000 23.970100 0.000000 1.000000 0.000000 0.000000 -0.000000 0.000000 1.000000 -0.000000 0.000000 0.000000 0.000000 1.000000
1.000000 0.000000 0.000000 23.970100 0.000000 1.000000 -0.000000 0.000000 0.000000 -0.000000 1.000000 0.000000 0.000000 0.000000 0.000000 1.000000
1.000000 -0.000000 -0.000000 23.970100 -0.000000 1.000000 0.000000 0.000000 -0.000000 -0.000000 1.000000 -0.000000 0.000000 0.000000 0.000000 1.000000
1.000000 0.000000 0.000000 23.970100 0.000000 1.000000 0.000000 -0.000000 0.000000 0.000000 1.000000 0.000000 0.000000 0.000000 0.000000 1.000000
1.000000 -0.000000 0.000000 23.970100 0.000000 1.000000 -0.000000 0.000000 0.000000 0.000000 1.000000 0.000000 0.000000 0.000000 0.000000 1.000000
1.000000 0.000000 0.000000 23.970100 -0.000000 1.000000 -0.000000 0.000000 0.000000 0.000000 1.000000 -0.000000 0.000000 0.000000 0.000000 1.000000
1.000000 0.000000 0.000000 23.970100 0.000000 1.000000 0.000000 0.000000 0.000000 0.000000 1.000000 0.000000 0.000000 0.000000 0.000000 1.000000
1.000000 0.000000 0.000000 23.970100 0.000000 1.000000 0.000000 0.000000 -0.000000 -0.000000 1.000000 0.000000 0.000000 0.000000 0.000000 1.000000
1.000000 -0.000000 0.000000 23.970100 0.000000 1.000000 0.000000 0.000000 -0.000000 -0.000000 1.000000 -0.000000 0.000000 0.000000 0.000000 1.000000
1.000000 -0.000000 -0.000000 23.970100 0.000000 1.000000 0.000000 0.000000 0.000000 0.000000 1.000000 -0.000000 0.000000 0.000000 0.000000 1.000000</float_array>
        <technique_common>
          <accessor source="#mixamorig_L_C_skirt3-Matrix-animation-output-transform-array" count="26" stride="16">
            <param type="float4x4"/>
          </accessor>
        </technique_common>
      </source>
      <source id="mixamorig_L_C_skirt3-Interpolations">
        <Name_array id="mixamorig_L_C_skirt3-Interpolations-array" count="26">
 LINEAR LINEAR LINEAR LINEAR LINEAR LINEAR LINEAR LINEAR LINEAR LINEAR LINEAR
LINEAR LINEAR LINEAR LINEAR LINEAR LINEAR LINEAR LINEAR LINEAR LINEAR LINEAR LINEAR
LINEAR LINEAR LINEAR</Name_array>
        <technique_common>
          <accessor source="#mixamorig_L_C_skirt3-Interpolations-array" count="26">
            <param type="name"/>
          </accessor>
        </technique_common>
      </source>
      <sampler id="mixamorig_L_C_skirt3-Matrix-animation-transform">
        <input semantic="INPUT" source="#mixamorig_L_C_skirt3-Matrix-animation-input"/>
        <input semantic="OUTPUT" source="#mixamorig_L_C_skirt3-Matrix-animation-output-transform"/>
        <input semantic="INTERPOLATION" source="#mixamorig_L_C_skirt3-Interpolations"/>
      </sampler>
      <channel source="#mixamorig_L_C_skirt3-Matrix-animation-transform" target="mixamorig_L_C_skirt3/matrix"/>
    </animation>
    <animation id="mixamorig_L_A_skirt1-anim" name="mixamorig_L_A_skirt1">
      <source id="mixamorig_L_A_skirt1-Matrix-animation-input">
        <float_array id="mixamorig_L_A_skirt1-Matrix-animation-input-array" count="26">

0.000000 0.033333 0.066667 0.100000 0.133333 0.166667 0.200000 0.233333 0.266667 0.300000 0.333333 0.366667 0.400000 0.433333 0.466667 0.500000
0.533333 0.566667 0.600000 0.633333 0.666667 0.700000 0.733333 0.766667 0.800000 0.833333</float_array>
        <technique_common>
          <accessor source="#mixamorig_L_A_skirt1-Matrix-animation-input-array" count="26">
            <param name="TIME" type="float"/>
          </accessor>
        </technique_common>
      </source>
      <source id="mixamorig_L_A_skirt1-Matrix-animation-output-transform">
        <float_array id="mixamorig_L_A_skirt1-Matrix-animation-output-transform-array" count="416">

0.142123 0.623442 -0.768844 18.178400 -0.988646 0.051128 -0.141295 3.981100 -0.048780 0.780196 0.623630 19.504801 0.000000 0.000000 0.000000 1.000000
0.142123 0.623442 -0.768844 18.178400 -0.988646 0.051128 -0.141295 3.981100 -0.048780 0.780196 0.623630 19.504801 0.000000 0.000000 0.000000 1.000000
0.142123 0.623442 -0.768844 18.178400 -0.988646 0.051128 -0.141295 3.981100 -0.048780 0.780196 0.623630 19.504801 0.000000 0.000000 0.000000 1.000000
0.142123 0.623442 -0.768844 18.178400 -0.988646 0.051128 -0.141295 3.981100 -0.048780 0.780196 0.623630 19.504801 0.000000 0.000000 0.000000 1.000000
0.142123 0.623442 -0.768844 18.178400 -0.988646 0.051128 -0.141295 3.981100 -0.048780 0.780196 0.623630 19.504801 0.000000 0.000000 0.000000 1.000000
0.142123 0.623442 -0.768844 18.178400 -0.988646 0.051128 -0.141295 3.981100 -0.048780 0.780196 0.623630 19.504801 0.000000 0.000000 0.000000 1.000000
0.142123 0.623442 -0.768844 18.178400 -0.988646 0.051128 -0.141295 3.981100 -0.048780 0.780196 0.623630 19.504801 0.000000 0.000000 0.000000 1.000000
0.142123 0.623442 -0.768844 18.178400 -0.988646 0.051128 -0.141295 3.981100 -0.048780 0.780196 0.623630 19.504801 0.000000 0.000000 0.000000 1.000000
0.142123 0.623442 -0.768844 18.178400 -0.988646 0.051128 -0.141295 3.981100 -0.048780 0.780196 0.623630 19.504801 0.000000 0.000000 0.000000 1.000000
0.142123 0.623442 -0.768844 18.178400 -0.988646 0.051128 -0.141295 3.981100 -0.048780 0.780196 0.623630 19.504801 0.000000 0.000000 0.000000 1.000000
0.142123 0.623442 -0.768844 18.178400 -0.988646 0.051128 -0.141295 3.981100 -0.048780 0.780196 0.623630 19.504801 0.000000 0.000000 0.000000 1.000000
0.142123 0.623442 -0.768844 18.178400 -0.988646 0.051128 -0.141295 3.981100 -0.048780 0.780196 0.623630 19.504801 0.000000 0.000000 0.000000 1.000000
0.142123 0.623442 -0.768844 18.178400 -0.988646 0.051128 -0.141295 3.981100 -0.048780 0.780196 0.623630 19.504801 0.000000 0.000000 0.000000 1.000000
0.142123 0.623442 -0.768844 18.178400 -0.988646 0.051128 -0.141295 3.981100 -0.048780 0.780196 0.623630 19.504801 0.000000 0.000000 0.000000 1.000000
0.142123 0.623442 -0.768844 18.178400 -0.988646 0.051128 -0.141295 3.981100 -0.048780 0.780196 0.623630 19.504801 0.000000 0.000000 0.000000 1.000000
0.142123 0.623442 -0.768844 18.178400 -0.988646 0.051128 -0.141295 3.981100 -0.048780 0.780196 0.623630 19.504801 0.000000 0.000000 0.000000 1.000000
0.142123 0.623442 -0.768844 18.178400 -0.988646 0.051128 -0.141295 3.981100 -0.048780 0.780196 0.623630 19.504801 0.000000 0.000000 0.000000 1.000000
0.142123 0.623442 -0.768844 18.178400 -0.988646 0.051128 -0.141295 3.981100 -0.048780 0.780196 0.623630 19.504801 0.000000 0.000000 0.000000 1.000000
0.142123 0.623442 -0.768844 18.178400 -0.988646 0.051128 -0.141295 3.981100 -0.048780 0.780196 0.623630 19.504801 0.000000 0.000000 0.000000 1.000000
0.142123 0.623442 -0.768844 18.178400 -0.988646 0.051128 -0.141295 3.981100 -0.048780 0.780196 0.623630 19.504801 0.000000 0.000000 0.000000 1.000000
0.142123 0.623442 -0.768844 18.178400 -0.988646 0.051128 -0.141295 3.981100 -0.048780 0.780196 0.623630 19.504801 0.000000 0.000000 0.000000 1.000000
0.142123 0.623442 -0.768844 18.178400 -0.988646 0.051128 -0.141295 3.981100 -0.048780 0.780196 0.623630 19.504801 0.000000 0.000000 0.000000 1.000000
0.142123 0.623442 -0.768844 18.178400 -0.988646 0.051128 -0.141295 3.981100 -0.048780 0.780196 0.623630 19.504801 0.000000 0.000000 0.000000 1.000000
0.142123 0.623442 -0.768844 18.178400 -0.988646 0.051128 -0.141295 3.981100 -0.048780 0.780196 0.623630 19.504801 0.000000 0.000000 0.000000 1.000000
0.142123 0.623442 -0.768844 18.178400 -0.988646 0.051128 -0.141295 3.981100 -0.048780 0.780196 0.623630 19.504801 0.000000 0.000000 0.000000 1.000000
0.142123 0.623442 -0.768844 18.178400 -0.988646 0.051128 -0.141295 3.981100 -0.048780 0.780196 0.623630 19.504801 0.000000 0.000000 0.000000 1.000000</float_array>
        <technique_common>
          <accessor source="#mixamorig_L_A_skirt1-Matrix-animation-output-transform-array" count="26" stride="16">
            <param type="float4x4"/>
          </accessor>
        </technique_common>
      </source>
      <source id="mixamorig_L_A_skirt1-Interpolations">
        <Name_array id="mixamorig_L_A_skirt1-Interpolations-array" count="26">
 LINEAR LINEAR LINEAR LINEAR LINEAR LINEAR LINEAR LINEAR LINEAR LINEAR LINEAR
LINEAR LINEAR LINEAR LINEAR LINEAR LINEAR LINEAR LINEAR LINEAR LINEAR LINEAR LINEAR
LINEAR LINEAR LINEAR</Name_array>
        <technique_common>
          <accessor source="#mixamorig_L_A_skirt1-Interpolations-array" count="26">
            <param type="name"/>
          </accessor>
        </technique_common>
      </source>
      <sampler id="mixamorig_L_A_skirt1-Matrix-animation-transform">
        <input semantic="INPUT" source="#mixamorig_L_A_skirt1-Matrix-animation-input"/>
        <input semantic="OUTPUT" source="#mixamorig_L_A_skirt1-Matrix-animation-output-transform"/>
        <input semantic="INTERPOLATION" source="#mixamorig_L_A_skirt1-Interpolations"/>
      </sampler>
      <channel source="#mixamorig_L_A_skirt1-Matrix-animation-transform" target="mixamorig_L_A_skirt1/matrix"/>
    </animation>
    <animation id="mixamorig_L_A_skirt2-anim" name="mixamorig_L_A_skirt2">
      <source id="mixamorig_L_A_skirt2-Matrix-animation-input">
        <float_array id="mixamorig_L_A_skirt2-Matrix-animation-input-array" count="26">

0.000000 0.033333 0.066667 0.100000 0.133333 0.166667 0.200000 0.233333 0.266667 0.300000 0.333333 0.366667 0.400000 0.433333 0.466667 0.500000
0.533333 0.566667 0.600000 0.633333 0.666667 0.700000 0.733333 0.766667 0.800000 0.833333</float_array>
        <technique_common>
          <accessor source="#mixamorig_L_A_skirt2-Matrix-animation-input-array" count="26">
            <param name="TIME" type="float"/>
          </accessor>
        </technique_common>
      </source>
      <source id="mixamorig_L_A_skirt2-Matrix-animation-output-transform">
        <float_array id="mixamorig_L_A_skirt2-Matrix-animation-output-transform-array" count="416">

1.000000 0.000000 0.000000 27.335699 0.000000 1.000000 0.000000 0.000000 0.000000 -0.000000 1.000000 0.000000 0.000000 0.000000 0.000000 1.000000
1.000000 -0.000000 0.000000 27.335699 -0.000000 1.000000 0.000000 0.000000 0.000000 -0.000000 1.000000 0.000000 0.000000 0.000000 0.000000 1.000000
1.000000 0.000000 0.000000 27.335699 -0.000000 1.000000 0.000000 0.000000 -0.000000 -0.000000 1.000000 0.000000 0.000000 0.000000 0.000000 1.000000
1.000000 0.000000 0.000000 27.335699 -0.000000 1.000000 -0.000000 0.000000 -0.000000 -0.000000 1.000000 -0.000000 0.000000 0.000000 0.000000 1.000000
1.000000 0.000000 0.000000 27.335699 -0.000000 1.000000 0.000000 -0.000000 0.000000 -0.000000 1.000000 0.000000 0.000000 0.000000 0.000000 1.000000
1.000000 0.000000 0.000000 27.335699 0.000000 1.000000 0.000000 0.000000 -0.000000 0.000000 1.000000 0.000000 0.000000 0.000000 0.000000 1.000000
1.000000 0.000000 0.000000 27.335699 -0.000000 1.000000 -0.000000 0.000000 -0.000000 0.000000 1.000000 -0.000000 0.000000 0.000000 0.000000 1.000000
1.000000 0.000000 0.000000 27.335699 -0.000000 1.000000 0.000000 0.000000 -0.000000 0.000000 1.000000 0.000000 0.000000 0.000000 0.000000 1.000000
1.000000 0.000000 -0.000000 27.335699 0.000000 1.000000 -0.000000 0.000000 -0.000000 0.000000 1.000000 -0.000000 0.000000 0.000000 0.000000 1.000000
1.000000 -0.000000 -0.000000 27.335699 -0.000000 1.000000 0.000000 0.000000 0.000000 -0.000000 1.000000 -0.000000 0.000000 0.000000 0.000000 1.000000
1.000000 0.000000 0.000000 27.335699 0.000000 1.000000 -0.000000 0.000000 -0.000000 0.000000 1.000000 -0.000000 0.000000 0.000000 0.000000 1.000000
1.000000 -0.000000 -0.000000 27.335699 0.000000 1.000000 0.000000 0.000000 -0.000000 0.000000 1.000000 0.000000 0.000000 0.000000 0.000000 1.000000
1.000000 -0.000000 -0.000000 27.335699 -0.000000 1.000000 -0.000000 0.000000 0.000000 0.000000 1.000000 -0.000000 0.000000 0.000000 0.000000 1.000000
1.000000 -0.000000 -0.000000 27.335699 0.000000 1.000000 0.000000 0.000000 -0.000000 0.000000 1.000000 -0.000000 0.000000 0.000000 0.000000 1.000000
1.000000 0.000000 0.000000 27.335699 0.000000 1.000000 -0.000000 -0.000000 -0.000000 0.000000 1.000000 0.000000 0.000000 0.000000 0.000000 1.000000
1.000000 -0.000000 -0.000000 27.335699 -0.000000 1.000000 0.000000 0.000000 -0.000000 -0.000000 1.000000 0.000000 0.000000 0.000000 0.000000 1.000000
1.000000 0.000000 0.000000 27.335699 -0.000000 1.000000 0.000000 0.000000 -0.000000 -0.000000 1.000000 0.000000 0.000000 0.000000 0.000000 1.000000
1.000000 -0.000000 0.000000 27.335699 -0.000000 1.000000 0.000000 0.000000 0.000000 -0.000000 1.000000 0.000000 0.000000 0.000000 0.000000 1.000000
1.000000 0.000000 -0.000000 27.335699 0.000000 1.000000 -0.000000 0.000000 -0.000000 -0.000000 1.000000 0.000000 0.000000 0.000000 0.000000 1.000000
1.000000 0.000000 0.000000 27.335699 -0.000000 1.000000 0.000000 0.000000 0.000000 0.000000 1.000000 0.000000 0.000000 0.000000 0.000000 1.000000
1.000000 0.000000 0.000000 27.335699 -0.000000 1.000000 0.000000 0.000000 -0.000000 -0.000000 1.000000 0.000000 0.000000 0.000000 0.000000 1.000000
1.000000 0.000000 -0.000000 27.335699 0.000000 1.000000 0.000000 0.000000 0.000000 -0.000000 1.000000 0.000000 0.000000 0.000000 0.000000 1.000000
1.000000 -0.000000 -0.000000 27.335699 0.000000 1.000000 0.000000 0.000000 0.000000 0.000000 1.000000 -0.000000 0.000000 0.000000 0.000000 1.000000
1.000000 0.000000 0.000000 27.335699 0.000000 1.000000 0.000000 0.000000 0.000000 0.000000 1.000000 0.000000 0.000000 0.000000 0.000000 1.000000
1.000000 0.000000 0.000000 27.335699 -0.000000 1.000000 0.000000 0.000000 0.000000 -0.000000 1.000000 0.000000 0.000000 0.000000 0.000000 1.000000
1.000000 0.000000 0.000000 27.335699 0.000000 1.000000 0.000000 0.000000 0.000000 0.000000 1.000000 0.000000 0.000000 0.000000 0.000000 1.000000</float_array>
        <technique_common>
          <accessor source="#mixamorig_L_A_skirt2-Matrix-animation-output-transform-array" count="26" stride="16">
            <param type="float4x4"/>
          </accessor>
        </technique_common>
      </source>
      <source id="mixamorig_L_A_skirt2-Interpolations">
        <Name_array id="mixamorig_L_A_skirt2-Interpolations-array" count="26">
 LINEAR LINEAR LINEAR LINEAR LINEAR LINEAR LINEAR LINEAR LINEAR LINEAR LINEAR
LINEAR LINEAR LINEAR LINEAR LINEAR LINEAR LINEAR LINEAR LINEAR LINEAR LINEAR LINEAR
LINEAR LINEAR LINEAR</Name_array>
        <technique_common>
          <accessor source="#mixamorig_L_A_skirt2-Interpolations-array" count="26">
            <param type="name"/>
          </accessor>
        </technique_common>
      </source>
      <sampler id="mixamorig_L_A_skirt2-Matrix-animation-transform">
        <input semantic="INPUT" source="#mixamorig_L_A_skirt2-Matrix-animation-input"/>
        <input semantic="OUTPUT" source="#mixamorig_L_A_skirt2-Matrix-animation-output-transform"/>
        <input semantic="INTERPOLATION" source="#mixamorig_L_A_skirt2-Interpolations"/>
      </sampler>
      <channel source="#mixamorig_L_A_skirt2-Matrix-animation-transform" target="mixamorig_L_A_skirt2/matrix"/>
    </animation>
    <animation id="mixamorig_L_A_skirt3-anim" name="mixamorig_L_A_skirt3">
      <source id="mixamorig_L_A_skirt3-Matrix-animation-input">
        <float_array id="mixamorig_L_A_skirt3-Matrix-animation-input-array" count="26">

0.000000 0.033333 0.066667 0.100000 0.133333 0.166667 0.200000 0.233333 0.266667 0.300000 0.333333 0.366667 0.400000 0.433333 0.466667 0.500000
0.533333 0.566667 0.600000 0.633333 0.666667 0.700000 0.733333 0.766667 0.800000 0.833333</float_array>
        <technique_common>
          <accessor source="#mixamorig_L_A_skirt3-Matrix-animation-input-array" count="26">
            <param name="TIME" type="float"/>
          </accessor>
        </technique_common>
      </source>
      <source id="mixamorig_L_A_skirt3-Matrix-animation-output-transform">
        <float_array id="mixamorig_L_A_skirt3-Matrix-animation-output-transform-array" count="416">

1.000000 0.000000 -0.000000 27.066099 -0.000000 1.000000 0.000000 0.000000 0.000000 -0.000000 1.000000 0.000000 0.000000 0.000000 0.000000 1.000000
1.000000 0.000000 -0.000000 27.066099 0.000000 1.000000 0.000000 -0.000000 0.000000 -0.000000 1.000000 0.000000 0.000000 0.000000 0.000000 1.000000
1.000000 -0.000000 -0.000000 27.066099 -0.000000 1.000000 0.000000 0.000000 0.000000 0.000000 1.000000 0.000000 0.000000 0.000000 0.000000 1.000000
1.000000 0.000000 0.000000 27.066099 0.000000 1.000000 -0.000000 0.000000 -0.000000 0.000000 1.000000 -0.000000 0.000000 0.000000 0.000000 1.000000
1.000000 0.000000 0.000000 27.066099 0.000000 1.000000 -0.000000 0.000000 0.000000 -0.000000 1.000000 0.000000 0.000000 0.000000 0.000000 1.000000
1.000000 0.000000 -0.000000 27.066099 0.000000 1.000000 0.000000 -0.000000 -0.000000 -0.000000 1.000000 -0.000000 0.000000 0.000000 0.000000 1.000000
1.000000 0.000000 -0.000000 27.066099 0.000000 1.000000 0.000000 -0.000000 0.000000 -0.000000 1.000000 0.000000 0.000000 0.000000 0.000000 1.000000
1.000000 0.000000 0.000000 27.066099 -0.000000 1.000000 0.000000 0.000000 -0.000000 0.000000 1.000000 0.000000 0.000000 0.000000 0.000000 1.000000
1.000000 0.000000 0.000000 27.066099 0.000000 1.000000 0.000000 -0.000000 -0.000000 0.000000 1.000000 0.000000 0.000000 0.000000 0.000000 1.000000
1.000000 -0.000000 0.000000 27.066099 -0.000000 1.000000 0.000000 0.000000 -0.000000 -0.000000 1.000000 0.000000 0.000000 0.000000 0.000000 1.000000
1.000000 0.000000 0.000000 27.066099 -0.000000 1.000000 0.000000 0.000000 -0.000000 0.000000 1.000000 0.000000 0.000000 0.000000 0.000000 1.000000
1.000000 0.000000 -0.000000 27.066099 -0.000000 1.000000 -0.000000 0.000000 0.000000 -0.000000 1.000000 0.000000 0.000000 0.000000 0.000000 1.000000
1.000000 0.000000 -0.000000 27.066099 -0.000000 1.000000 0.000000 -0.000000 0.000000 -0.000000 1.000000 0.000000 0.000000 0.000000 0.000000 1.000000
1.000000 -0.000000 0.000000 27.066099 0.000000 1.000000 0.000000 -0.000000 -0.000000 0.000000 1.000000 0.000000 0.000000 0.000000 0.000000 1.000000
1.000000 0.000000 0.000000 27.066099 0.000000 1.000000 0.000000 -0.000000 -0.000000 0.000000 1.000000 0.000000 0.000000 0.000000 0.000000 1.000000
1.000000 -0.000000 0.000000 27.066099 0.000000 1.000000 0.000000 0.000000 -0.000000 0.000000 1.000000 -0.000000 0.000000 0.000000 0.000000 1.000000
1.000000 0.000000 0.000000 27.066099 -0.000000 1.000000 0.000000 0.000000 -0.000000 -0.000000 1.000000 0.000000 0.000000 0.000000 0.000000 1.000000
1.000000 0.000000 0.000000 27.066099 0.000000 1.000000 0.000000 0.000000 0.000000 -0.000000 1.000000 0.000000 0.000000 0.000000 0.000000 1.000000
1.000000 0.000000 0.000000 27.066099 0.000000 1.000000 0.000000 0.000000 0.000000 -0.000000 1.000000 -0.000000 0.000000 0.000000 0.000000 1.000000
1.000000 0.000000 0.000000 27.066099 0.000000 1.000000 -0.000000 -0.000000 0.000000 0.000000 1.000000 0.000000 0.000000 0.000000 0.000000 1.000000
1.000000 0.000000 0.000000 27.066099 0.000000 1.000000 0.000000 0.000000 0.000000 0.000000 1.000000 -0.000000 0.000000 0.000000 0.000000 1.000000
1.000000 -0.000000 -0.000000 27.066099 0.000000 1.000000 0.000000 0.000000 0.000000 -0.000000 1.000000 0.000000 0.000000 0.000000 0.000000 1.000000
1.000000 -0.000000 0.000000 27.066099 -0.000000 1.000000 0.000000 0.000000 0.000000 -0.000000 1.000000 0.000000 0.000000 0.000000 0.000000 1.000000
1.000000 0.000000 0.000000 27.066099 -0.000000 1.000000 -0.000000 0.000000 -0.000000 0.000000 1.000000 0.000000 0.000000 0.000000 0.000000 1.000000
1.000000 0.000000 0.000000 27.066099 0.000000 1.000000 -0.000000 0.000000 -0.000000 0.000000 1.000000 0.000000 0.000000 0.000000 0.000000 1.000000
1.000000 0.000000 0.000000 27.066099 0.000000 1.000000 0.000000 0.000000 0.000000 -0.000000 1.000000 0.000000 0.000000 0.000000 0.000000 1.000000</float_array>
        <technique_common>
          <accessor source="#mixamorig_L_A_skirt3-Matrix-animation-output-transform-array" count="26" stride="16">
            <param type="float4x4"/>
          </accessor>
        </technique_common>
      </source>
      <source id="mixamorig_L_A_skirt3-Interpolations">
        <Name_array id="mixamorig_L_A_skirt3-Interpolations-array" count="26">
 LINEAR LINEAR LINEAR LINEAR LINEAR LINEAR LINEAR LINEAR LINEAR LINEAR LINEAR
LINEAR LINEAR LINEAR LINEAR LINEAR LINEAR LINEAR LINEAR LINEAR LINEAR LINEAR LINEAR
LINEAR LINEAR LINEAR</Name_array>
        <technique_common>
          <accessor source="#mixamorig_L_A_skirt3-Interpolations-array" count="26">
            <param type="name"/>
          </accessor>
        </technique_common>
      </source>
      <sampler id="mixamorig_L_A_skirt3-Matrix-animation-transform">
        <input semantic="INPUT" source="#mixamorig_L_A_skirt3-Matrix-animation-input"/>
        <input semantic="OUTPUT" source="#mixamorig_L_A_skirt3-Matrix-animation-output-transform"/>
        <input semantic="INTERPOLATION" source="#mixamorig_L_A_skirt3-Interpolations"/>
      </sampler>
      <channel source="#mixamorig_L_A_skirt3-Matrix-animation-transform" target="mixamorig_L_A_skirt3/matrix"/>
    </animation>
    <animation id="mixamorig_L_B_skirt1-anim" name="mixamorig_L_B_skirt1">
      <source id="mixamorig_L_B_skirt1-Matrix-animation-input">
        <float_array id="mixamorig_L_B_skirt1-Matrix-animation-input-array" count="26">

0.000000 0.033333 0.066667 0.100000 0.133333 0.166667 0.200000 0.233333 0.266667 0.300000 0.333333 0.366667 0.400000 0.433333 0.466667 0.500000
0.533333 0.566667 0.600000 0.633333 0.666667 0.700000 0.733333 0.766667 0.800000 0.833333</float_array>
        <technique_common>
          <accessor source="#mixamorig_L_B_skirt1-Matrix-animation-input-array" count="26">
            <param name="TIME" type="float"/>
          </accessor>
        </technique_common>
      </source>
      <source id="mixamorig_L_B_skirt1-Matrix-animation-output-transform">
        <float_array id="mixamorig_L_B_skirt1-Matrix-animation-output-transform-array" count="416">

0.142186 0.942169 0.303482 22.933800 -0.985105 0.164643 -0.049605 6.145800 -0.096702 -0.291908 0.951545 0.309300 0.000000 0.000000 0.000000 1.000000
0.142186 0.942169 0.303482 22.933800 -0.985105 0.164643 -0.049605 6.145800 -0.096702 -0.291908 0.951545 0.309300 0.000000 0.000000 0.000000 1.000000
0.142186 0.942169 0.303482 22.933800 -0.985105 0.164643 -0.049605 6.145800 -0.096702 -0.291908 0.951545 0.309300 0.000000 0.000000 0.000000 1.000000
0.142186 0.942169 0.303482 22.933800 -0.985105 0.164643 -0.049605 6.145800 -0.096702 -0.291908 0.951545 0.309300 0.000000 0.000000 0.000000 1.000000
0.142186 0.942169 0.303482 22.933800 -0.985105 0.164643 -0.049605 6.145800 -0.096702 -0.291908 0.951545 0.309300 0.000000 0.000000 0.000000 1.000000
0.142186 0.942169 0.303482 22.933800 -0.985105 0.164643 -0.049605 6.145800 -0.096702 -0.291908 0.951545 0.309300 0.000000 0.000000 0.000000 1.000000
0.142186 0.942169 0.303482 22.933800 -0.985105 0.164643 -0.049605 6.145800 -0.096702 -0.291908 0.951545 0.309300 0.000000 0.000000 0.000000 1.000000
0.142186 0.942169 0.303482 22.933800 -0.985105 0.164643 -0.049605 6.145800 -0.096702 -0.291908 0.951545 0.309300 0.000000 0.000000 0.000000 1.000000
0.142186 0.942169 0.303482 22.933800 -0.985105 0.164643 -0.049605 6.145800 -0.096702 -0.291908 0.951545 0.309300 0.000000 0.000000 0.000000 1.000000
0.142186 0.942169 0.303482 22.933800 -0.985105 0.164643 -0.049605 6.145800 -0.096702 -0.291908 0.951545 0.309300 0.000000 0.000000 0.000000 1.000000
0.142186 0.942169 0.303482 22.933800 -0.985105 0.164643 -0.049605 6.145800 -0.096702 -0.291908 0.951545 0.309300 0.000000 0.000000 0.000000 1.000000
0.142186 0.942169 0.303482 22.933800 -0.985105 0.164643 -0.049605 6.145800 -0.096702 -0.291908 0.951545 0.309300 0.000000 0.000000 0.000000 1.000000
0.142186 0.942169 0.303482 22.933800 -0.985105 0.164643 -0.049605 6.145800 -0.096702 -0.291908 0.951545 0.309300 0.000000 0.000000 0.000000 1.000000
0.142186 0.942169 0.303482 22.933800 -0.985105 0.164643 -0.049605 6.145800 -0.096702 -0.291908 0.951545 0.309300 0.000000 0.000000 0.000000 1.000000
0.142186 0.942169 0.303482 22.933800 -0.985105 0.164643 -0.049605 6.145800 -0.096702 -0.291908 0.951545 0.309300 0.000000 0.000000 0.000000 1.000000
0.142186 0.942169 0.303482 22.933800 -0.985105 0.164643 -0.049605 6.145800 -0.096702 -0.291908 0.951545 0.309300 0.000000 0.000000 0.000000 1.000000
0.142186 0.942169 0.303482 22.933800 -0.985105 0.164643 -0.049605 6.145800 -0.096702 -0.291908 0.951545 0.309300 0.000000 0.000000 0.000000 1.000000
0.142186 0.942169 0.303482 22.933800 -0.985105 0.164643 -0.049605 6.145800 -0.096702 -0.291908 0.951545 0.309300 0.000000 0.000000 0.000000 1.000000
0.142186 0.942169 0.303482 22.933800 -0.985105 0.164643 -0.049605 6.145800 -0.096702 -0.291908 0.951545 0.309300 0.000000 0.000000 0.000000 1.000000
0.142186 0.942169 0.303482 22.933800 -0.985105 0.164643 -0.049605 6.145800 -0.096702 -0.291908 0.951545 0.309300 0.000000 0.000000 0.000000 1.000000
0.142186 0.942169 0.303482 22.933800 -0.985105 0.164643 -0.049605 6.145800 -0.096702 -0.291908 0.951545 0.309300 0.000000 0.000000 0.000000 1.000000
0.142186 0.942169 0.303482 22.933800 -0.985105 0.164643 -0.049605 6.145800 -0.096702 -0.291908 0.951545 0.309300 0.000000 0.000000 0.000000 1.000000
0.142186 0.942169 0.303482 22.933800 -0.985105 0.164643 -0.049605 6.145800 -0.096702 -0.291908 0.951545 0.309300 0.000000 0.000000 0.000000 1.000000
0.142186 0.942169 0.303482 22.933800 -0.985105 0.164643 -0.049605 6.145800 -0.096702 -0.291908 0.951545 0.309300 0.000000 0.000000 0.000000 1.000000
0.142186 0.942169 0.303482 22.933800 -0.985105 0.164643 -0.049605 6.145800 -0.096702 -0.291908 0.951545 0.309300 0.000000 0.000000 0.000000 1.000000
0.142186 0.942169 0.303482 22.933800 -0.985105 0.164643 -0.049605 6.145800 -0.096702 -0.291908 0.951545 0.309300 0.000000 0.000000 0.000000 1.000000</float_array>
        <technique_common>
          <accessor source="#mixamorig_L_B_skirt1-Matrix-animation-output-transform-array" count="26" stride="16">
            <param type="float4x4"/>
          </accessor>
        </technique_common>
      </source>
      <source id="mixamorig_L_B_skirt1-Interpolations">
        <Name_array id="mixamorig_L_B_skirt1-Interpolations-array" count="26">
 LINEAR LINEAR LINEAR LINEAR LINEAR LINEAR LINEAR LINEAR LINEAR LINEAR LINEAR
LINEAR LINEAR LINEAR LINEAR LINEAR LINEAR LINEAR LINEAR LINEAR LINEAR LINEAR LINEAR
LINEAR LINEAR LINEAR</Name_array>
        <technique_common>
          <accessor source="#mixamorig_L_B_skirt1-Interpolations-array" count="26">
            <param type="name"/>
          </accessor>
        </technique_common>
      </source>
      <sampler id="mixamorig_L_B_skirt1-Matrix-animation-transform">
        <input semantic="INPUT" source="#mixamorig_L_B_skirt1-Matrix-animation-input"/>
        <input semantic="OUTPUT" source="#mixamorig_L_B_skirt1-Matrix-animation-output-transform"/>
        <input semantic="INTERPOLATION" source="#mixamorig_L_B_skirt1-Interpolations"/>
      </sampler>
      <channel source="#mixamorig_L_B_skirt1-Matrix-animation-transform" target="mixamorig_L_B_skirt1/matrix"/>
    </animation>
    <animation id="mixamorig_L_B_skirt2-anim" name="mixamorig_L_B_skirt2">
      <source id="mixamorig_L_B_skirt2-Matrix-animation-input">
        <float_array id="mixamorig_L_B_skirt2-Matrix-animation-input-array" count="26">

0.000000 0.033333 0.066667 0.100000 0.133333 0.166667 0.200000 0.233333 0.266667 0.300000 0.333333 0.366667 0.400000 0.433333 0.466667 0.500000
0.533333 0.566667 0.600000 0.633333 0.666667 0.700000 0.733333 0.766667 0.800000 0.833333</float_array>
        <technique_common>
          <accessor source="#mixamorig_L_B_skirt2-Matrix-animation-input-array" count="26">
            <param name="TIME" type="float"/>
          </accessor>
        </technique_common>
      </source>
      <source id="mixamorig_L_B_skirt2-Matrix-animation-output-transform">
        <float_array id="mixamorig_L_B_skirt2-Matrix-animation-output-transform-array" count="416">

1.000000 0.000000 0.000000 27.083401 0.000000 1.000000 0.000000 0.000000 -0.000000 0.000000 1.000000 0.000000 0.000000 0.000000 0.000000 1.000000
1.000000 -0.000000 0.000000 27.083401 0.000000 1.000000 0.000000 0.000000 0.000000 -0.000000 1.000000 0.000000 0.000000 0.000000 0.000000 1.000000
1.000000 0.000000 0.000000 27.083401 0.000000 1.000000 0.000000 0.000000 0.000000 0.000000 1.000000 0.000000 0.000000 0.000000 0.000000 1.000000
1.000000 0.000000 0.000000 27.083401 0.000000 1.000000 0.000000 0.000000 0.000000 0.000000 1.000000 0.000000 0.000000 0.000000 0.000000 1.000000
1.000000 0.000000 0.000000 27.083401 0.000000 1.000000 -0.000000 0.000000 -0.000000 0.000000 1.000000 -0.000000 0.000000 0.000000 0.000000 1.000000
1.000000 -0.000000 0.000000 27.083401 0.000000 1.000000 -0.000000 0.000000 0.000000 0.000000 1.000000 -0.000000 0.000000 0.000000 0.000000 1.000000
1.000000 0.000000 0.000000 27.083401 -0.000000 1.000000 0.000000 0.000000 -0.000000 0.000000 1.000000 0.000000 0.000000 0.000000 0.000000 1.000000
1.000000 -0.000000 0.000000 27.083401 -0.000000 1.000000 -0.000000 -0.000000 -0.000000 -0.000000 1.000000 0.000000 0.000000 0.000000 0.000000 1.000000
1.000000 -0.000000 0.000000 27.083401 -0.000000 1.000000 0.000000 0.000000 0.000000 -0.000000 1.000000 0.000000 0.000000 0.000000 0.000000 1.000000
1.000000 0.000000 0.000000 27.083401 0.000000 1.000000 0.000000 0.000000 0.000000 -0.000000 1.000000 0.000000 0.000000 0.000000 0.000000 1.000000
1.000000 -0.000000 0.000000 27.083401 0.000000 1.000000 0.000000 0.000000 0.000000 0.000000 1.000000 0.000000 0.000000 0.000000 0.000000 1.000000
1.000000 0.000000 -0.000000 27.083401 -0.000000 1.000000 -0.000000 -0.000000 0.000000 0.000000 1.000000 -0.000000 0.000000 0.000000 0.000000 1.000000
1.000000 -0.000000 -0.000000 27.083401 -0.000000 1.000000 0.000000 0.000000 0.000000 -0.000000 1.000000 -0.000000 0.000000 0.000000 0.000000 1.000000
1.000000 -0.000000 -0.000000 27.083401 0.000000 1.000000 0.000000 -0.000000 0.000000 -0.000000 1.000000 0.000000 0.000000 0.000000 0.000000 1.000000
1.000000 0.000000 -0.000000 27.083401 0.000000 1.000000 0.000000 0.000000 0.000000 0.000000 1.000000 -0.000000 0.000000 0.000000 0.000000 1.000000
1.000000 0.000000 0.000000 27.083401 0.000000 1.000000 -0.000000 0.000000 0.000000 -0.000000 1.000000 0.000000 0.000000 0.000000 0.000000 1.000000
1.000000 -0.000000 0.000000 27.083401 0.000000 1.000000 0.000000 0.000000 0.000000 -0.000000 1.000000 0.000000 0.000000 0.000000 0.000000 1.000000
1.000000 0.000000 0.000000 27.083401 0.000000 1.000000 -0.000000 -0.000000 -0.000000 -0.000000 1.000000 0.000000 0.000000 0.000000 0.000000 1.000000
1.000000 0.000000 0.000000 27.083401 -0.000000 1.000000 0.000000 0.000000 0.000000 0.000000 1.000000 0.000000 0.000000 0.000000 0.000000 1.000000
1.000000 0.000000 -0.000000 27.083401 0.000000 1.000000 -0.000000 0.000000 0.000000 0.000000 1.000000 -0.000000 0.000000 0.000000 0.000000 1.000000
1.000000 0.000000 -0.000000 27.083401 0.000000 1.000000 0.000000 -0.000000 0.000000 -0.000000 1.000000 0.000000 0.000000 0.000000 0.000000 1.000000
1.000000 -0.000000 0.000000 27.083401 -0.000000 1.000000 0.000000 0.000000 0.000000 0.000000 1.000000 0.000000 0.000000 0.000000 0.000000 1.000000
1.000000 0.000000 0.000000 27.083401 0.000000 1.000000 0.000000 0.000000 -0.000000 -0.000000 1.000000 0.000000 0.000000 0.000000 0.000000 1.000000
1.000000 0.000000 0.000000 27.083401 0.000000 1.000000 0.000000 0.000000 -0.000000 -0.000000 1.000000 0.000000 0.000000 0.000000 0.000000 1.000000
1.000000 0.000000 0.000000 27.083401 -0.000000 1.000000 -0.000000 -0.000000 0.000000 -0.000000 1.000000 0.000000 0.000000 0.000000 0.000000 1.000000
1.000000 0.000000 0.000000 27.083401 -0.000000 1.000000 -0.000000 -0.000000 0.000000 0.000000 1.000000 0.000000 0.000000 0.000000 0.000000 1.000000</float_array>
        <technique_common>
          <accessor source="#mixamorig_L_B_skirt2-Matrix-animation-output-transform-array" count="26" stride="16">
            <param type="float4x4"/>
          </accessor>
        </technique_common>
      </source>
      <source id="mixamorig_L_B_skirt2-Interpolations">
        <Name_array id="mixamorig_L_B_skirt2-Interpolations-array" count="26">
 LINEAR LINEAR LINEAR LINEAR LINEAR LINEAR LINEAR LINEAR LINEAR LINEAR LINEAR
LINEAR LINEAR LINEAR LINEAR LINEAR LINEAR LINEAR LINEAR LINEAR LINEAR LINEAR LINEAR
LINEAR LINEAR LINEAR</Name_array>
        <technique_common>
          <accessor source="#mixamorig_L_B_skirt2-Interpolations-array" count="26">
            <param type="name"/>
          </accessor>
        </technique_common>
      </source>
      <sampler id="mixamorig_L_B_skirt2-Matrix-animation-transform">
        <input semantic="INPUT" source="#mixamorig_L_B_skirt2-Matrix-animation-input"/>
        <input semantic="OUTPUT" source="#mixamorig_L_B_skirt2-Matrix-animation-output-transform"/>
        <input semantic="INTERPOLATION" source="#mixamorig_L_B_skirt2-Interpolations"/>
      </sampler>
      <channel source="#mixamorig_L_B_skirt2-Matrix-animation-transform" target="mixamorig_L_B_skirt2/matrix"/>
    </animation>
    <animation id="mixamorig_L_B_skirt3-anim" name="mixamorig_L_B_skirt3">
      <source id="mixamorig_L_B_skirt3-Matrix-animation-input">
        <float_array id="mixamorig_L_B_skirt3-Matrix-animation-input-array" count="26">

0.000000 0.033333 0.066667 0.100000 0.133333 0.166667 0.200000 0.233333 0.266667 0.300000 0.333333 0.366667 0.400000 0.433333 0.466667 0.500000
0.533333 0.566667 0.600000 0.633333 0.666667 0.700000 0.733333 0.766667 0.800000 0.833333</float_array>
        <technique_common>
          <accessor source="#mixamorig_L_B_skirt3-Matrix-animation-input-array" count="26">
            <param name="TIME" type="float"/>
          </accessor>
        </technique_common>
      </source>
      <source id="mixamorig_L_B_skirt3-Matrix-animation-output-transform">
        <float_array id="mixamorig_L_B_skirt3-Matrix-animation-output-transform-array" count="416">

1.000000 0.000000 0.000000 26.734800 0.000000 1.000000 0.000000 0.000000 0.000000 0.000000 1.000000 0.000000 0.000000 0.000000 0.000000 1.000000
1.000000 -0.000000 -0.000000 26.734800 0.000000 1.000000 0.000000 0.000000 -0.000000 0.000000 1.000000 0.000000 0.000000 0.000000 0.000000 1.000000
1.000000 0.000000 0.000000 26.734800 0.000000 1.000000 0.000000 0.000000 0.000000 0.000000 1.000000 0.000000 0.000000 0.000000 0.000000 1.000000
1.000000 -0.000000 0.000000 26.734800 0.000000 1.000000 0.000000 0.000000 0.000000 0.000000 1.000000 0.000000 0.000000 0.000000 0.000000 1.000000
1.000000 0.000000 -0.000000 26.734800 -0.000000 1.000000 -0.000000 0.000000 0.000000 0.000000 1.000000 0.000000 0.000000 0.000000 0.000000 1.000000
1.000000 -0.000000 -0.000000 26.734800 -0.000000 1.000000 -0.000000 -0.000000 0.000000 0.000000 1.000000 0.000000 0.000000 0.000000 0.000000 1.000000
1.000000 -0.000000 0.000000 26.734800 -0.000000 1.000000 -0.000000 0.000000 0.000000 0.000000 1.000000 0.000000 0.000000 0.000000 0.000000 1.000000
1.000000 0.000000 0.000000 26.734800 -0.000000 1.000000 -0.000000 0.000000 -0.000000 -0.000000 1.000000 -0.000000 0.000000 0.000000 0.000000 1.000000
1.000000 0.000000 0.000000 26.734800 -0.000000 1.000000 -0.000000 -0.000000 0.000000 -0.000000 1.000000 0.000000 0.000000 0.000000 0.000000 1.000000
1.000000 -0.000000 0.000000 26.734800 0.000000 1.000000 -0.000000 0.000000 0.000000 0.000000 1.000000 -0.000000 0.000000 0.000000 0.000000 1.000000
1.000000 0.000000 0.000000 26.734800 0.000000 1.000000 -0.000000 0.000000 0.000000 -0.000000 1.000000 0.000000 0.000000 0.000000 0.000000 1.000000
1.000000 -0.000000 -0.000000 26.734800 0.000000 1.000000 0.000000 0.000000 0.000000 0.000000 1.000000 0.000000 0.000000 0.000000 0.000000 1.000000
1.000000 -0.000000 -0.000000 26.734800 -0.000000 1.000000 -0.000000 -0.000000 0.000000 -0.000000 1.000000 0.000000 0.000000 0.000000 0.000000 1.000000
1.000000 0.000000 0.000000 26.734800 -0.000000 1.000000 -0.000000 0.000000 -0.000000 0.000000 1.000000 0.000000 0.000000 0.000000 0.000000 1.000000
1.000000 0.000000 0.000000 26.734800 -0.000000 1.000000 -0.000000 -0.000000 0.000000 0.000000 1.000000 0.000000 0.000000 0.000000 0.000000 1.000000
1.000000 -0.000000 0.000000 26.734800 0.000000 1.000000 0.000000 0.000000 0.000000 0.000000 1.000000 0.000000 0.000000 0.000000 0.000000 1.000000
1.000000 0.000000 0.000000 26.734800 0.000000 1.000000 -0.000000 0.000000 0.000000 0.000000 1.000000 0.000000 0.000000 0.000000 0.000000 1.000000
1.000000 0.000000 -0.000000 26.734800 0.000000 1.000000 -0.000000 0.000000 -0.000000 -0.000000 1.000000 0.000000 0.000000 0.000000 0.000000 1.000000
1.000000 0.000000 0.000000 26.734800 -0.000000 1.000000 0.000000 -0.000000 0.000000 0.000000 1.000000 -0.000000 0.000000 0.000000 0.000000 1.000000
1.000000 0.000000 0.000000 26.734800 -0.000000 1.000000 0.000000 0.000000 0.000000 0.000000 1.000000 0.000000 0.000000 0.000000 0.000000 1.000000
1.000000 0.000000 -0.000000 26.734800 -0.000000 1.000000 0.000000 0.000000 -0.000000 -0.000000 1.000000 0.000000 0.000000 0.000000 0.000000 1.000000
1.000000 -0.000000 0.000000 26.734800 -0.000000 1.000000 0.000000 0.000000 0.000000 0.000000 1.000000 0.000000 0.000000 0.000000 0.000000 1.000000
1.000000 -0.000000 0.000000 26.734800 0.000000 1.000000 0.000000 0.000000 0.000000 0.000000 1.000000 0.000000 0.000000 0.000000 0.000000 1.000000
1.000000 0.000000 0.000000 26.734800 0.000000 1.000000 -0.000000 -0.000000 -0.000000 -0.000000 1.000000 -0.000000 0.000000 0.000000 0.000000 1.000000
1.000000 0.000000 0.000000 26.734800 -0.000000 1.000000 -0.000000 0.000000 0.000000 0.000000 1.000000 0.000000 0.000000 0.000000 0.000000 1.000000
1.000000 0.000000 -0.000000 26.734800 0.000000 1.000000 -0.000000 0.000000 0.000000 0.000000 1.000000 0.000000 0.000000 0.000000 0.000000 1.000000</float_array>
        <technique_common>
          <accessor source="#mixamorig_L_B_skirt3-Matrix-animation-output-transform-array" count="26" stride="16">
            <param type="float4x4"/>
          </accessor>
        </technique_common>
      </source>
      <source id="mixamorig_L_B_skirt3-Interpolations">
        <Name_array id="mixamorig_L_B_skirt3-Interpolations-array" count="26">
 LINEAR LINEAR LINEAR LINEAR LINEAR LINEAR LINEAR LINEAR LINEAR LINEAR LINEAR
LINEAR LINEAR LINEAR LINEAR LINEAR LINEAR LINEAR LINEAR LINEAR LINEAR LINEAR LINEAR
LINEAR LINEAR LINEAR</Name_array>
        <technique_common>
          <accessor source="#mixamorig_L_B_skirt3-Interpolations-array" count="26">
            <param type="name"/>
          </accessor>
        </technique_common>
      </source>
      <sampler id="mixamorig_L_B_skirt3-Matrix-animation-transform">
        <input semantic="INPUT" source="#mixamorig_L_B_skirt3-Matrix-animation-input"/>
        <input semantic="OUTPUT" source="#mixamorig_L_B_skirt3-Matrix-animation-output-transform"/>
        <input semantic="INTERPOLATION" source="#mixamorig_L_B_skirt3-Interpolations"/>
      </sampler>
      <channel source="#mixamorig_L_B_skirt3-Matrix-animation-transform" target="mixamorig_L_B_skirt3/matrix"/>
    </animation>
    <animation id="mixamorig_R_C_skirt1-anim" name="mixamorig_R_C_skirt1">
      <source id="mixamorig_R_C_skirt1-Matrix-animation-input">
        <float_array id="mixamorig_R_C_skirt1-Matrix-animation-input-array" count="26">

0.000000 0.033333 0.066667 0.100000 0.133333 0.166667 0.200000 0.233333 0.266667 0.300000 0.333333 0.366667 0.400000 0.433333 0.466667 0.500000
0.533333 0.566667 0.600000 0.633333 0.666667 0.700000 0.733333 0.766667 0.800000 0.833333</float_array>
        <technique_common>
          <accessor source="#mixamorig_R_C_skirt1-Matrix-animation-input-array" count="26">
            <param name="TIME" type="float"/>
          </accessor>
        </technique_common>
      </source>
      <source id="mixamorig_R_C_skirt1-Matrix-animation-output-transform">
        <float_array id="mixamorig_R_C_skirt1-Matrix-animation-output-transform-array" count="416">

-0.035070 -0.292039 0.955763 -12.297300 -0.989026 0.147482 0.008774 4.606800 -0.143520 -0.944967 -0.294006 -11.833000 0.000000 0.000000 0.000000 1.000000
-0.035070 -0.292039 0.955763 -12.297300 -0.989026 0.147482 0.008774 4.606800 -0.143520 -0.944967 -0.294006 -11.833000 0.000000 0.000000 0.000000 1.000000
-0.035070 -0.292039 0.955763 -12.297300 -0.989026 0.147482 0.008774 4.606800 -0.143520 -0.944967 -0.294006 -11.833000 0.000000 0.000000 0.000000 1.000000
-0.035070 -0.292039 0.955763 -12.297300 -0.989026 0.147482 0.008774 4.606800 -0.143520 -0.944967 -0.294006 -11.833000 0.000000 0.000000 0.000000 1.000000
-0.035070 -0.292039 0.955763 -12.297300 -0.989026 0.147482 0.008774 4.606800 -0.143520 -0.944967 -0.294006 -11.833000 0.000000 0.000000 0.000000 1.000000
-0.035070 -0.292039 0.955763 -12.297300 -0.989026 0.147482 0.008774 4.606800 -0.143520 -0.944967 -0.294006 -11.833000 0.000000 0.000000 0.000000 1.000000
-0.035070 -0.292039 0.955763 -12.297300 -0.989026 0.147482 0.008774 4.606800 -0.143520 -0.944967 -0.294006 -11.833000 0.000000 0.000000 0.000000 1.000000
-0.035070 -0.292039 0.955763 -12.297300 -0.989026 0.147482 0.008774 4.606800 -0.143520 -0.944967 -0.294006 -11.833000 0.000000 0.000000 0.000000 1.000000
-0.035070 -0.292039 0.955763 -12.297300 -0.989026 0.147482 0.008774 4.606800 -0.143520 -0.944967 -0.294006 -11.833000 0.000000 0.000000 0.000000 1.000000
-0.035070 -0.292039 0.955763 -12.297300 -0.989026 0.147482 0.008774 4.606800 -0.143520 -0.944967 -0.294006 -11.833000 0.000000 0.000000 0.000000 1.000000
-0.035070 -0.292039 0.955763 -12.297300 -0.989026 0.147482 0.008774 4.606800 -0.143520 -0.944967 -0.294006 -11.833000 0.000000 0.000000 0.000000 1.000000
-0.035070 -0.292039 0.955763 -12.297300 -0.989026 0.147482 0.008774 4.606800 -0.143520 -0.944967 -0.294006 -11.833000 0.000000 0.000000 0.000000 1.000000
-0.035070 -0.292039 0.955763 -12.297300 -0.989026 0.147482 0.008774 4.606800 -0.143520 -0.944967 -0.294006 -11.833000 0.000000 0.000000 0.000000 1.000000
-0.035070 -0.292039 0.955763 -12.297300 -0.989026 0.147482 0.008774 4.606800 -0.143520 -0.944967 -0.294006 -11.833000 0.000000 0.000000 0.000000 1.000000
-0.035070 -0.292039 0.955763 -12.297300 -0.989026 0.147482 0.008774 4.606800 -0.143520 -0.944967 -0.294006 -11.833000 0.000000 0.000000 0.000000 1.000000
-0.035070 -0.292039 0.955763 -12.297300 -0.989026 0.147482 0.008774 4.606800 -0.143520 -0.944967 -0.294006 -11.833000 0.000000 0.000000 0.000000 1.000000
-0.035070 -0.292039 0.955763 -12.297300 -0.989026 0.147482 0.008774 4.606800 -0.143520 -0.944967 -0.294006 -11.833000 0.000000 0.000000 0.000000 1.000000
-0.035070 -0.292039 0.955763 -12.297300 -0.989026 0.147482 0.008774 4.606800 -0.143520 -0.944967 -0.294006 -11.833000 0.000000 0.000000 0.000000 1.000000
-0.035070 -0.292039 0.955763 -12.297300 -0.989026 0.147482 0.008774 4.606800 -0.143520 -0.944967 -0.294006 -11.833000 0.000000 0.000000 0.000000 1.000000
-0.035070 -0.292039 0.955763 -12.297300 -0.989026 0.147482 0.008774 4.606800 -0.143520 -0.944967 -0.294006 -11.833000 0.000000 0.000000 0.000000 1.000000
-0.035070 -0.292039 0.955763 -12.297300 -0.989026 0.147482 0.008774 4.606800 -0.143520 -0.944967 -0.294006 -11.833000 0.000000 0.000000 0.000000 1.000000
-0.035070 -0.292039 0.955763 -12.297300 -0.989026 0.147482 0.008774 4.606800 -0.143520 -0.944967 -0.294006 -11.833000 0.000000 0.000000 0.000000 1.000000
-0.035070 -0.292039 0.955763 -12.297300 -0.989026 0.147482 0.008774 4.606800 -0.143520 -0.944967 -0.294006 -11.833000 0.000000 0.000000 0.000000 1.000000
-0.035070 -0.292039 0.955763 -12.297300 -0.989026 0.147482 0.008774 4.606800 -0.143520 -0.944967 -0.294006 -11.833000 0.000000 0.000000 0.000000 1.000000
-0.035070 -0.292039 0.955763 -12.297300 -0.989026 0.147482 0.008774 4.606800 -0.143520 -0.944967 -0.294006 -11.833000 0.000000 0.000000 0.000000 1.000000
-0.035070 -0.292039 0.955763 -12.297300 -0.989026 0.147482 0.008774 4.606800 -0.143520 -0.944967 -0.294006 -11.833000 0.000000 0.000000 0.000000 1.000000</float_array>
        <technique_common>
          <accessor source="#mixamorig_R_C_skirt1-Matrix-animation-output-transform-array" count="26" stride="16">
            <param type="float4x4"/>
          </accessor>
        </technique_common>
      </source>
      <source id="mixamorig_R_C_skirt1-Interpolations">
        <Name_array id="mixamorig_R_C_skirt1-Interpolations-array" count="26">
 LINEAR LINEAR LINEAR LINEAR LINEAR LINEAR LINEAR LINEAR LINEAR LINEAR LINEAR
LINEAR LINEAR LINEAR LINEAR LINEAR LINEAR LINEAR LINEAR LINEAR LINEAR LINEAR LINEAR
LINEAR LINEAR LINEAR</Name_array>
        <technique_common>
          <accessor source="#mixamorig_R_C_skirt1-Interpolations-array" count="26">
            <param type="name"/>
          </accessor>
        </technique_common>
      </source>
      <sampler id="mixamorig_R_C_skirt1-Matrix-animation-transform">
        <input semantic="INPUT" source="#mixamorig_R_C_skirt1-Matrix-animation-input"/>
        <input semantic="OUTPUT" source="#mixamorig_R_C_skirt1-Matrix-animation-output-transform"/>
        <input semantic="INTERPOLATION" source="#mixamorig_R_C_skirt1-Interpolations"/>
      </sampler>
      <channel source="#mixamorig_R_C_skirt1-Matrix-animation-transform" target="mixamorig_R_C_skirt1/matrix"/>
    </animation>
    <animation id="mixamorig_R_C_skirt2-anim" name="mixamorig_R_C_skirt2">
      <source id="mixamorig_R_C_skirt2-Matrix-animation-input">
        <float_array id="mixamorig_R_C_skirt2-Matrix-animation-input-array" count="26">

0.000000 0.033333 0.066667 0.100000 0.133333 0.166667 0.200000 0.233333 0.266667 0.300000 0.333333 0.366667 0.400000 0.433333 0.466667 0.500000
0.533333 0.566667 0.600000 0.633333 0.666667 0.700000 0.733333 0.766667 0.800000 0.833333</float_array>
        <technique_common>
          <accessor source="#mixamorig_R_C_skirt2-Matrix-animation-input-array" count="26">
            <param name="TIME" type="float"/>
          </accessor>
        </technique_common>
      </source>
      <source id="mixamorig_R_C_skirt2-Matrix-animation-output-transform">
        <float_array id="mixamorig_R_C_skirt2-Matrix-animation-output-transform-array" count="416">

1.000000 -0.000000 -0.000000 27.657600 -0.000000 1.000000 -0.000000 0.000100 -0.000000 0.000000 1.000000 -0.000000 0.000000 0.000000 0.000000 1.000000
1.000000 0.000000 0.000000 27.657600 -0.000000 1.000000 0.000000 0.000100 0.000000 -0.000000 1.000000 0.000000 0.000000 0.000000 0.000000 1.000000
1.000000 0.000000 0.000000 27.657600 0.000000 1.000000 0.000000 0.000100 0.000000 -0.000000 1.000000 0.000000 0.000000 0.000000 0.000000 1.000000
1.000000 0.000000 -0.000000 27.657600 0.000000 1.000000 -0.000000 0.000100 0.000000 0.000000 1.000000 0.000000 0.000000 0.000000 0.000000 1.000000
1.000000 0.000000 -0.000000 27.657600 0.000000 1.000000 0.000000 0.000100 0.000000 0.000000 1.000000 0.000000 0.000000 0.000000 0.000000 1.000000
1.000000 0.000000 0.000000 27.657600 -0.000000 1.000000 0.000000 0.000100 -0.000000 -0.000000 1.000000 0.000000 0.000000 0.000000 0.000000 1.000000
1.000000 0.000000 0.000000 27.657600 -0.000000 1.000000 -0.000000 0.000100 0.000000 0.000000 1.000000 0.000000 0.000000 0.000000 0.000000 1.000000
1.000000 0.000000 0.000000 27.657600 -0.000000 1.000000 -0.000000 0.000100 -0.000000 -0.000000 1.000000 0.000000 0.000000 0.000000 0.000000 1.000000
1.000000 0.000000 0.000000 27.657600 0.000000 1.000000 0.000000 0.000100 -0.000000 -0.000000 1.000000 0.000000 0.000000 0.000000 0.000000 1.000000
1.000000 0.000000 0.000000 27.657600 0.000000 1.000000 0.000000 0.000100 -0.000000 0.000000 1.000000 0.000000 0.000000 0.000000 0.000000 1.000000
1.000000 0.000000 -0.000000 27.657600 0.000000 1.000000 0.000000 0.000100 0.000000 0.000000 1.000000 -0.000000 0.000000 0.000000 0.000000 1.000000
1.000000 -0.000000 0.000000 27.657600 -0.000000 1.000000 0.000000 0.000100 -0.000000 -0.000000 1.000000 0.000000 0.000000 0.000000 0.000000 1.000000
1.000000 -0.000000 0.000000 27.657600 0.000000 1.000000 0.000000 0.000100 0.000000 0.000000 1.000000 0.000000 0.000000 0.000000 0.000000 1.000000
1.000000 0.000000 0.000000 27.657600 -0.000000 1.000000 0.000000 0.000100 -0.000000 -0.000000 1.000000 0.000000 0.000000 0.000000 0.000000 1.000000
1.000000 -0.000000 -0.000000 27.657600 -0.000000 1.000000 -0.000000 0.000100 0.000000 -0.000000 1.000000 0.000000 0.000000 0.000000 0.000000 1.000000
1.000000 0.000000 -0.000000 27.657600 0.000000 1.000000 0.000000 0.000100 -0.000000 0.000000 1.000000 0.000000 0.000000 0.000000 0.000000 1.000000
1.000000 0.000000 -0.000000 27.657600 -0.000000 1.000000 -0.000000 0.000100 0.000000 -0.000000 1.000000 0.000000 0.000000 0.000000 0.000000 1.000000
1.000000 0.000000 0.000000 27.657600 -0.000000 1.000000 0.000000 0.000100 -0.000000 0.000000 1.000000 -0.000000 0.000000 0.000000 0.000000 1.000000
1.000000 -0.000000 -0.000000 27.657600 0.000000 1.000000 -0.000000 0.000100 -0.000000 -0.000000 1.000000 0.000000 0.000000 0.000000 0.000000 1.000000
1.000000 -0.000000 -0.000000 27.657600 0.000000 1.000000 -0.000000 0.000100 0.000000 0.000000 1.000000 0.000000 0.000000 0.000000 0.000000 1.000000
1.000000 0.000000 -0.000000 27.657600 0.000000 1.000000 0.000000 0.000100 0.000000 0.000000 1.000000 0.000000 0.000000 0.000000 0.000000 1.000000
1.000000 0.000000 0.000000 27.657600 -0.000000 1.000000 0.000000 0.000100 -0.000000 -0.000000 1.000000 -0.000000 0.000000 0.000000 0.000000 1.000000
1.000000 0.000000 0.000000 27.657600 0.000000 1.000000 -0.000000 0.000100 0.000000 0.000000 1.000000 -0.000000 0.000000 0.000000 0.000000 1.000000
1.000000 -0.000000 0.000000 27.657600 -0.000000 1.000000 -0.000000 0.000100 -0.000000 -0.000000 1.000000 0.000000 0.000000 0.000000 0.000000 1.000000
1.000000 0.000000 -0.000000 27.657600 0.000000 1.000000 0.000000 0.000100 0.000000 0.000000 1.000000 -0.000000 0.000000 0.000000 0.000000 1.000000
1.000000 0.000000 0.000000 27.657600 0.000000 1.000000 -0.000000 0.000100 -0.000000 -0.000000 1.000000 -0.000000 0.000000 0.000000 0.000000 1.000000</float_array>
        <technique_common>
          <accessor source="#mixamorig_R_C_skirt2-Matrix-animation-output-transform-array" count="26" stride="16">
            <param type="float4x4"/>
          </accessor>
        </technique_common>
      </source>
      <source id="mixamorig_R_C_skirt2-Interpolations">
        <Name_array id="mixamorig_R_C_skirt2-Interpolations-array" count="26">
 LINEAR LINEAR LINEAR LINEAR LINEAR LINEAR LINEAR LINEAR LINEAR LINEAR LINEAR
LINEAR LINEAR LINEAR LINEAR LINEAR LINEAR LINEAR LINEAR LINEAR LINEAR LINEAR LINEAR
LINEAR LINEAR LINEAR</Name_array>
        <technique_common>
          <accessor source="#mixamorig_R_C_skirt2-Interpolations-array" count="26">
            <param type="name"/>
          </accessor>
        </technique_common>
      </source>
      <sampler id="mixamorig_R_C_skirt2-Matrix-animation-transform">
        <input semantic="INPUT" source="#mixamorig_R_C_skirt2-Matrix-animation-input"/>
        <input semantic="OUTPUT" source="#mixamorig_R_C_skirt2-Matrix-animation-output-transform"/>
        <input semantic="INTERPOLATION" source="#mixamorig_R_C_skirt2-Interpolations"/>
      </sampler>
      <channel source="#mixamorig_R_C_skirt2-Matrix-animation-transform" target="mixamorig_R_C_skirt2/matrix"/>
    </animation>
    <animation id="mixamorig_R_C_skirt3-anim" name="mixamorig_R_C_skirt3">
      <source id="mixamorig_R_C_skirt3-Matrix-animation-input">
        <float_array id="mixamorig_R_C_skirt3-Matrix-animation-input-array" count="26">

0.000000 0.033333 0.066667 0.100000 0.133333 0.166667 0.200000 0.233333 0.266667 0.300000 0.333333 0.366667 0.400000 0.433333 0.466667 0.500000
0.533333 0.566667 0.600000 0.633333 0.666667 0.700000 0.733333 0.766667 0.800000 0.833333</float_array>
        <technique_common>
          <accessor source="#mixamorig_R_C_skirt3-Matrix-animation-input-array" count="26">
            <param name="TIME" type="float"/>
          </accessor>
        </technique_common>
      </source>
      <source id="mixamorig_R_C_skirt3-Matrix-animation-output-transform">
        <float_array id="mixamorig_R_C_skirt3-Matrix-animation-output-transform-array" count="416">

1.000000 0.000000 -0.000000 23.969999 0.000000 1.000000 -0.000000 0.000000 -0.000000 0.000000 1.000000 0.000100 0.000000 0.000000 0.000000 1.000000
1.000000 0.000000 0.000000 23.969999 -0.000000 1.000000 0.000000 0.000000 0.000000 0.000000 1.000000 0.000100 0.000000 0.000000 0.000000 1.000000
1.000000 0.000000 0.000000 23.969999 -0.000000 1.000000 0.000000 0.000000 0.000000 -0.000000 1.000000 0.000100 0.000000 0.000000 0.000000 1.000000
1.000000 0.000000 -0.000000 23.969999 0.000000 1.000000 -0.000000 0.000000 -0.000000 -0.000000 1.000000 0.000100 0.000000 0.000000 0.000000 1.000000
1.000000 0.000000 -0.000000 23.969999 0.000000 1.000000 0.000000 -0.000000 0.000000 0.000000 1.000000 0.000100 0.000000 0.000000 0.000000 1.000000
1.000000 0.000000 -0.000000 23.969999 -0.000000 1.000000 0.000000 0.000000 0.000000 -0.000000 1.000000 0.000100 0.000000 0.000000 0.000000 1.000000
1.000000 -0.000000 0.000000 23.969999 -0.000000 1.000000 0.000000 0.000000 -0.000000 0.000000 1.000000 0.000100 0.000000 0.000000 0.000000 1.000000
1.000000 0.000000 0.000000 23.969999 0.000000 1.000000 -0.000000 0.000000 0.000000 -0.000000 1.000000 0.000100 0.000000 0.000000 0.000000 1.000000
1.000000 -0.000000 -0.000000 23.969999 0.000000 1.000000 -0.000000 0.000000 -0.000000 -0.000000 1.000000 0.000100 0.000000 0.000000 0.000000 1.000000
1.000000 -0.000000 0.000000 23.969999 0.000000 1.000000 -0.000000 -0.000000 0.000000 0.000000 1.000000 0.000100 0.000000 0.000000 0.000000 1.000000
1.000000 -0.000000 0.000000 23.969999 0.000000 1.000000 0.000000 0.000000 -0.000000 -0.000000 1.000000 0.000100 0.000000 0.000000 0.000000 1.000000
1.000000 0.000000 -0.000000 23.969999 0.000000 1.000000 0.000000 0.000000 0.000000 0.000000 1.000000 0.000100 0.000000 0.000000 0.000000 1.000000
1.000000 -0.000000 -0.000000 23.969999 0.000000 1.000000 0.000000 0.000000 -0.000000 0.000000 1.000000 0.000100 0.000000 0.000000 0.000000 1.000000
1.000000 0.000000 0.000000 23.969999 0.000000 1.000000 -0.000000 -0.000000 0.000000 -0.000000 1.000000 0.000100 0.000000 0.000000 0.000000 1.000000
1.000000 0.000000 0.000000 23.969999 0.000000 1.000000 0.000000 -0.000000 0.000000 -0.000000 1.000000 0.000100 0.000000 0.000000 0.000000 1.000000
1.000000 -0.000000 -0.000000 23.969999 0.000000 1.000000 0.000000 0.000000 0.000000 0.000000 1.000000 0.000100 0.000000 0.000000 0.000000 1.000000
1.000000 0.000000 0.000000 23.969999 0.000000 1.000000 -0.000000 -0.000000 0.000000 0.000000 1.000000 0.000100 0.000000 0.000000 0.000000 1.000000
1.000000 0.000000 0.000000 23.969999 -0.000000 1.000000 0.000000 -0.000000 0.000000 0.000000 1.000000 0.000100 0.000000 0.000000 0.000000 1.000000
1.000000 0.000000 0.000000 23.969999 -0.000000 1.000000 0.000000 0.000000 0.000000 0.000000 1.000000 0.000100 0.000000 0.000000 0.000000 1.000000
1.000000 -0.000000 0.000000 23.969999 0.000000 1.000000 0.000000 0.000000 0.000000 0.000000 1.000000 0.000100 0.000000 0.000000 0.000000 1.000000
1.000000 -0.000000 0.000000 23.969999 0.000000 1.000000 0.000000 0.000000 0.000000 0.000000 1.000000 0.000100 0.000000 0.000000 0.000000 1.000000
1.000000 0.000000 0.000000 23.969999 0.000000 1.000000 0.000000 0.000000 0.000000 -0.000000 1.000000 0.000100 0.000000 0.000000 0.000000 1.000000
1.000000 0.000000 0.000000 23.969999 -0.000000 1.000000 -0.000000 -0.000000 0.000000 0.000000 1.000000 0.000100 0.000000 0.000000 0.000000 1.000000
1.000000 0.000000 0.000000 23.969999 -0.000000 1.000000 -0.000000 0.000000 0.000000 0.000000 1.000000 0.000100 0.000000 0.000000 0.000000 1.000000
1.000000 0.000000 -0.000000 23.969999 0.000000 1.000000 0.000000 0.000000 -0.000000 0.000000 1.000000 0.000100 0.000000 0.000000 0.000000 1.000000
1.000000 0.000000 0.000000 23.969999 0.000000 1.000000 -0.000000 0.000000 -0.000000 0.000000 1.000000 0.000100 0.000000 0.000000 0.000000 1.000000</float_array>
        <technique_common>
          <accessor source="#mixamorig_R_C_skirt3-Matrix-animation-output-transform-array" count="26" stride="16">
            <param type="float4x4"/>
          </accessor>
        </technique_common>
      </source>
      <source id="mixamorig_R_C_skirt3-Interpolations">
        <Name_array id="mixamorig_R_C_skirt3-Interpolations-array" count="26">
 LINEAR LINEAR LINEAR LINEAR LINEAR LINEAR LINEAR LINEAR LINEAR LINEAR LINEAR
LINEAR LINEAR LINEAR LINEAR LINEAR LINEAR LINEAR LINEAR LINEAR LINEAR LINEAR LINEAR
LINEAR LINEAR LINEAR</Name_array>
        <technique_common>
          <accessor source="#mixamorig_R_C_skirt3-Interpolations-array" count="26">
            <param type="name"/>
          </accessor>
        </technique_common>
      </source>
      <sampler id="mixamorig_R_C_skirt3-Matrix-animation-transform">
        <input semantic="INPUT" source="#mixamorig_R_C_skirt3-Matrix-animation-input"/>
        <input semantic="OUTPUT" source="#mixamorig_R_C_skirt3-Matrix-animation-output-transform"/>
        <input semantic="INTERPOLATION" source="#mixamorig_R_C_skirt3-Interpolations"/>
      </sampler>
      <channel source="#mixamorig_R_C_skirt3-Matrix-animation-transform" target="mixamorig_R_C_skirt3/matrix"/>
    </animation>
    <animation id="mixamorig_R_A_skirt1-anim" name="mixamorig_R_A_skirt1">
      <source id="mixamorig_R_A_skirt1-Matrix-animation-input">
        <float_array id="mixamorig_R_A_skirt1-Matrix-animation-input-array" count="26">

0.000000 0.033333 0.066667 0.100000 0.133333 0.166667 0.200000 0.233333 0.266667 0.300000 0.333333 0.366667 0.400000 0.433333 0.466667 0.500000
0.533333 0.566667 0.600000 0.633333 0.666667 0.700000 0.733333 0.766667 0.800000 0.833333</float_array>
        <technique_common>
          <accessor source="#mixamorig_R_A_skirt1-Matrix-animation-input-array" count="26">
            <param name="TIME" type="float"/>
          </accessor>
        </technique_common>
      </source>
      <source id="mixamorig_R_A_skirt1-Matrix-animation-output-transform">
        <float_array id="mixamorig_R_A_skirt1-Matrix-animation-output-transform-array" count="416">

-0.142126 -0.623440 -0.768845 -18.034500 -0.988646 0.051130 0.141298 3.980800 -0.048780 0.780197 -0.623629 19.504801 0.000000 0.000000 0.000000 1.000000
-0.142126 -0.623440 -0.768845 -18.034500 -0.988646 0.051130 0.141298 3.980800 -0.048780 0.780197 -0.623629 19.504801 0.000000 0.000000 0.000000 1.000000
-0.142126 -0.623440 -0.768845 -18.034500 -0.988646 0.051130 0.141298 3.980800 -0.048780 0.780197 -0.623629 19.504801 0.000000 0.000000 0.000000 1.000000
-0.142126 -0.623440 -0.768845 -18.034500 -0.988646 0.051130 0.141298 3.980800 -0.048780 0.780197 -0.623629 19.504801 0.000000 0.000000 0.000000 1.000000
-0.142126 -0.623440 -0.768845 -18.034500 -0.988646 0.051130 0.141298 3.980800 -0.048780 0.780197 -0.623629 19.504801 0.000000 0.000000 0.000000 1.000000
-0.142126 -0.623440 -0.768845 -18.034500 -0.988646 0.051130 0.141298 3.980800 -0.048780 0.780197 -0.623629 19.504801 0.000000 0.000000 0.000000 1.000000
-0.142126 -0.623440 -0.768845 -18.034500 -0.988646 0.051130 0.141298 3.980800 -0.048780 0.780197 -0.623629 19.504801 0.000000 0.000000 0.000000 1.000000
-0.142126 -0.623440 -0.768845 -18.034500 -0.988646 0.051130 0.141298 3.980800 -0.048780 0.780197 -0.623629 19.504801 0.000000 0.000000 0.000000 1.000000
-0.142126 -0.623440 -0.768845 -18.034500 -0.988646 0.051130 0.141298 3.980800 -0.048780 0.780197 -0.623629 19.504801 0.000000 0.000000 0.000000 1.000000
-0.142126 -0.623440 -0.768845 -18.034500 -0.988646 0.051130 0.141298 3.980800 -0.048780 0.780197 -0.623629 19.504801 0.000000 0.000000 0.000000 1.000000
-0.142126 -0.623440 -0.768845 -18.034500 -0.988646 0.051130 0.141298 3.980800 -0.048780 0.780197 -0.623629 19.504801 0.000000 0.000000 0.000000 1.000000
-0.142126 -0.623440 -0.768845 -18.034500 -0.988646 0.051130 0.141298 3.980800 -0.048780 0.780197 -0.623629 19.504801 0.000000 0.000000 0.000000 1.000000
-0.142126 -0.623440 -0.768845 -18.034500 -0.988646 0.051130 0.141298 3.980800 -0.048780 0.780197 -0.623629 19.504801 0.000000 0.000000 0.000000 1.000000
-0.142126 -0.623440 -0.768845 -18.034500 -0.988646 0.051130 0.141298 3.980800 -0.048780 0.780197 -0.623629 19.504801 0.000000 0.000000 0.000000 1.000000
-0.142126 -0.623440 -0.768845 -18.034500 -0.988646 0.051130 0.141298 3.980800 -0.048780 0.780197 -0.623629 19.504801 0.000000 0.000000 0.000000 1.000000
-0.142126 -0.623440 -0.768845 -18.034500 -0.988646 0.051130 0.141298 3.980800 -0.048780 0.780197 -0.623629 19.504801 0.000000 0.000000 0.000000 1.000000
-0.142126 -0.623440 -0.768845 -18.034500 -0.988646 0.051130 0.141298 3.980800 -0.048780 0.780197 -0.623629 19.504801 0.000000 0.000000 0.000000 1.000000
-0.142126 -0.623440 -0.768845 -18.034500 -0.988646 0.051130 0.141298 3.980800 -0.048780 0.780197 -0.623629 19.504801 0.000000 0.000000 0.000000 1.000000
-0.142126 -0.623440 -0.768845 -18.034500 -0.988646 0.051130 0.141298 3.980800 -0.048780 0.780197 -0.623629 19.504801 0.000000 0.000000 0.000000 1.000000
-0.142126 -0.623440 -0.768845 -18.034500 -0.988646 0.051130 0.141298 3.980800 -0.048780 0.780197 -0.623629 19.504801 0.000000 0.000000 0.000000 1.000000
-0.142126 -0.623440 -0.768845 -18.034500 -0.988646 0.051130 0.141298 3.980800 -0.048780 0.780197 -0.623629 19.504801 0.000000 0.000000 0.000000 1.000000
-0.142126 -0.623440 -0.768845 -18.034500 -0.988646 0.051130 0.141298 3.980800 -0.048780 0.780197 -0.623629 19.504801 0.000000 0.000000 0.000000 1.000000
-0.142126 -0.623440 -0.768845 -18.034500 -0.988646 0.051130 0.141298 3.980800 -0.048780 0.780197 -0.623629 19.504801 0.000000 0.000000 0.000000 1.000000
-0.142126 -0.623440 -0.768845 -18.034500 -0.988646 0.051130 0.141298 3.980800 -0.048780 0.780197 -0.623629 19.504801 0.000000 0.000000 0.000000 1.000000
-0.142126 -0.623440 -0.768845 -18.034500 -0.988646 0.051130 0.141298 3.980800 -0.048780 0.780197 -0.623629 19.504801 0.000000 0.000000 0.000000 1.000000
-0.142126 -0.623440 -0.768845 -18.034500 -0.988646 0.051130 0.141298 3.980800 -0.048780 0.780197 -0.623629 19.504801 0.000000 0.000000 0.000000 1.000000</float_array>
        <technique_common>
          <accessor source="#mixamorig_R_A_skirt1-Matrix-animation-output-transform-array" count="26" stride="16">
            <param type="float4x4"/>
          </accessor>
        </technique_common>
      </source>
      <source id="mixamorig_R_A_skirt1-Interpolations">
        <Name_array id="mixamorig_R_A_skirt1-Interpolations-array" count="26">
 LINEAR LINEAR LINEAR LINEAR LINEAR LINEAR LINEAR LINEAR LINEAR LINEAR LINEAR
LINEAR LINEAR LINEAR LINEAR LINEAR LINEAR LINEAR LINEAR LINEAR LINEAR LINEAR LINEAR
LINEAR LINEAR LINEAR</Name_array>
        <technique_common>
          <accessor source="#mixamorig_R_A_skirt1-Interpolations-array" count="26">
            <param type="name"/>
          </accessor>
        </technique_common>
      </source>
      <sampler id="mixamorig_R_A_skirt1-Matrix-animation-transform">
        <input semantic="INPUT" source="#mixamorig_R_A_skirt1-Matrix-animation-input"/>
        <input semantic="OUTPUT" source="#mixamorig_R_A_skirt1-Matrix-animation-output-transform"/>
        <input semantic="INTERPOLATION" source="#mixamorig_R_A_skirt1-Interpolations"/>
      </sampler>
      <channel source="#mixamorig_R_A_skirt1-Matrix-animation-transform" target="mixamorig_R_A_skirt1/matrix"/>
    </animation>
    <animation id="mixamorig_R_A_skirt2-anim" name="mixamorig_R_A_skirt2">
      <source id="mixamorig_R_A_skirt2-Matrix-animation-input">
        <float_array id="mixamorig_R_A_skirt2-Matrix-animation-input-array" count="26">

0.000000 0.033333 0.066667 0.100000 0.133333 0.166667 0.200000 0.233333 0.266667 0.300000 0.333333 0.366667 0.400000 0.433333 0.466667 0.500000
0.533333 0.566667 0.600000 0.633333 0.666667 0.700000 0.733333 0.766667 0.800000 0.833333</float_array>
        <technique_common>
          <accessor source="#mixamorig_R_A_skirt2-Matrix-animation-input-array" count="26">
            <param name="TIME" type="float"/>
          </accessor>
        </technique_common>
      </source>
      <source id="mixamorig_R_A_skirt2-Matrix-animation-output-transform">
        <float_array id="mixamorig_R_A_skirt2-Matrix-animation-output-transform-array" count="416">

1.000000 0.000000 0.000000 27.335400 -0.000000 1.000000 -0.000000 -0.000100 -0.000000 0.000000 1.000000 0.000100 0.000000 0.000000 0.000000 1.000000
1.000000 0.000000 -0.000000 27.335400 0.000000 1.000000 0.000000 -0.000100 0.000000 0.000000 1.000000 0.000100 0.000000 0.000000 0.000000 1.000000
1.000000 0.000000 -0.000000 27.335400 0.000000 1.000000 -0.000000 -0.000100 -0.000000 -0.000000 1.000000 0.000100 0.000000 0.000000 0.000000 1.000000
1.000000 -0.000000 -0.000000 27.335400 -0.000000 1.000000 -0.000000 -0.000100 0.000000 -0.000000 1.000000 0.000100 0.000000 0.000000 0.000000 1.000000
1.000000 0.000000 0.000000 27.335400 0.000000 1.000000 0.000000 -0.000100 0.000000 0.000000 1.000000 0.000100 0.000000 0.000000 0.000000 1.000000
1.000000 -0.000000 0.000000 27.335400 -0.000000 1.000000 0.000000 -0.000100 0.000000 -0.000000 1.000000 0.000100 0.000000 0.000000 0.000000 1.000000
1.000000 -0.000000 0.000000 27.335400 0.000000 1.000000 0.000000 -0.000100 -0.000000 0.000000 1.000000 0.000100 0.000000 0.000000 0.000000 1.000000
1.000000 0.000000 0.000000 27.335400 0.000000 1.000000 0.000000 -0.000100 -0.000000 0.000000 1.000000 0.000100 0.000000 0.000000 0.000000 1.000000
1.000000 -0.000000 0.000000 27.335400 0.000000 1.000000 0.000000 -0.000100 0.000000 0.000000 1.000000 0.000100 0.000000 0.000000 0.000000 1.000000
1.000000 -0.000000 -0.000000 27.335400 0.000000 1.000000 -0.000000 -0.000100 -0.000000 0.000000 1.000000 0.000100 0.000000 0.000000 0.000000 1.000000
1.000000 0.000000 0.000000 27.335400 -0.000000 1.000000 -0.000000 -0.000100 0.000000 0.000000 1.000000 0.000100 0.000000 0.000000 0.000000 1.000000
1.000000 0.000000 0.000000 27.335400 0.000000 1.000000 -0.000000 -0.000100 0.000000 0.000000 1.000000 0.000100 0.000000 0.000000 0.000000 1.000000
1.000000 0.000000 -0.000000 27.335400 0.000000 1.000000 -0.000000 -0.000100 -0.000000 0.000000 1.000000 0.000100 0.000000 0.000000 0.000000 1.000000
1.000000 -0.000000 0.000000 27.335400 -0.000000 1.000000 0.000000 -0.000100 0.000000 0.000000 1.000000 0.000100 0.000000 0.000000 0.000000 1.000000
1.000000 0.000000 -0.000000 27.335400 -0.000000 1.000000 0.000000 -0.000100 0.000000 0.000000 1.000000 0.000100 0.000000 0.000000 0.000000 1.000000
1.000000 -0.000000 -0.000000 27.335400 0.000000 1.000000 -0.000000 -0.000100 0.000000 -0.000000 1.000000 0.000100 0.000000 0.000000 0.000000 1.000000
1.000000 0.000000 0.000000 27.335400 0.000000 1.000000 -0.000000 -0.000100 0.000000 0.000000 1.000000 0.000100 0.000000 0.000000 0.000000 1.000000
1.000000 -0.000000 0.000000 27.335400 -0.000000 1.000000 0.000000 -0.000100 0.000000 0.000000 1.000000 0.000100 0.000000 0.000000 0.000000 1.000000
1.000000 0.000000 0.000000 27.335400 0.000000 1.000000 0.000000 -0.000100 0.000000 -0.000000 1.000000 0.000100 0.000000 0.000000 0.000000 1.000000
1.000000 0.000000 0.000000 27.335400 0.000000 1.000000 0.000000 -0.000100 -0.000000 -0.000000 1.000000 0.000100 0.000000 0.000000 0.000000 1.000000
1.000000 0.000000 0.000000 27.335400 -0.000000 1.000000 -0.000000 -0.000100 0.000000 0.000000 1.000000 0.000100 0.000000 0.000000 0.000000 1.000000
1.000000 -0.000000 -0.000000 27.335400 0.000000 1.000000 0.000000 -0.000100 0.000000 0.000000 1.000000 0.000100 0.000000 0.000000 0.000000 1.000000
1.000000 -0.000000 0.000000 27.335400 0.000000 1.000000 -0.000000 -0.000100 0.000000 0.000000 1.000000 0.000100 0.000000 0.000000 0.000000 1.000000
1.000000 0.000000 0.000000 27.335400 0.000000 1.000000 0.000000 -0.000100 -0.000000 0.000000 1.000000 0.000100 0.000000 0.000000 0.000000 1.000000
1.000000 0.000000 0.000000 27.335400 0.000000 1.000000 -0.000000 -0.000100 -0.000000 0.000000 1.000000 0.000100 0.000000 0.000000 0.000000 1.000000
1.000000 0.000000 -0.000000 27.335400 0.000000 1.000000 0.000000 -0.000100 -0.000000 -0.000000 1.000000 0.000100 0.000000 0.000000 0.000000 1.000000</float_array>
        <technique_common>
          <accessor source="#mixamorig_R_A_skirt2-Matrix-animation-output-transform-array" count="26" stride="16">
            <param type="float4x4"/>
          </accessor>
        </technique_common>
      </source>
      <source id="mixamorig_R_A_skirt2-Interpolations">
        <Name_array id="mixamorig_R_A_skirt2-Interpolations-array" count="26">
 LINEAR LINEAR LINEAR LINEAR LINEAR LINEAR LINEAR LINEAR LINEAR LINEAR LINEAR
LINEAR LINEAR LINEAR LINEAR LINEAR LINEAR LINEAR LINEAR LINEAR LINEAR LINEAR LINEAR
LINEAR LINEAR LINEAR</Name_array>
        <technique_common>
          <accessor source="#mixamorig_R_A_skirt2-Interpolations-array" count="26">
            <param type="name"/>
          </accessor>
        </technique_common>
      </source>
      <sampler id="mixamorig_R_A_skirt2-Matrix-animation-transform">
        <input semantic="INPUT" source="#mixamorig_R_A_skirt2-Matrix-animation-input"/>
        <input semantic="OUTPUT" source="#mixamorig_R_A_skirt2-Matrix-animation-output-transform"/>
        <input semantic="INTERPOLATION" source="#mixamorig_R_A_skirt2-Interpolations"/>
      </sampler>
      <channel source="#mixamorig_R_A_skirt2-Matrix-animation-transform" target="mixamorig_R_A_skirt2/matrix"/>
    </animation>
    <animation id="mixamorig_R_A_skirt3-anim" name="mixamorig_R_A_skirt3">
      <source id="mixamorig_R_A_skirt3-Matrix-animation-input">
        <float_array id="mixamorig_R_A_skirt3-Matrix-animation-input-array" count="26">

0.000000 0.033333 0.066667 0.100000 0.133333 0.166667 0.200000 0.233333 0.266667 0.300000 0.333333 0.366667 0.400000 0.433333 0.466667 0.500000
0.533333 0.566667 0.600000 0.633333 0.666667 0.700000 0.733333 0.766667 0.800000 0.833333</float_array>
        <technique_common>
          <accessor source="#mixamorig_R_A_skirt3-Matrix-animation-input-array" count="26">
            <param name="TIME" type="float"/>
          </accessor>
        </technique_common>
      </source>
      <source id="mixamorig_R_A_skirt3-Matrix-animation-output-transform">
        <float_array id="mixamorig_R_A_skirt3-Matrix-animation-output-transform-array" count="416">

1.000000 0.000000 -0.000000 27.066099 -0.000000 1.000000 -0.000000 0.000100 -0.000000 0.000000 1.000000 0.000000 0.000000 0.000000 0.000000 1.000000
1.000000 0.000000 0.000000 27.066099 0.000000 1.000000 0.000000 0.000100 0.000000 0.000000 1.000000 0.000000 0.000000 0.000000 0.000000 1.000000
1.000000 0.000000 -0.000000 27.066099 0.000000 1.000000 -0.000000 0.000100 0.000000 -0.000000 1.000000 0.000000 0.000000 0.000000 0.000000 1.000000
1.000000 -0.000000 0.000000 27.066099 -0.000000 1.000000 -0.000000 0.000100 0.000000 -0.000000 1.000000 0.000000 0.000000 0.000000 0.000000 1.000000
1.000000 0.000000 -0.000000 27.066099 0.000000 1.000000 -0.000000 0.000100 0.000000 0.000000 1.000000 -0.000000 0.000000 0.000000 0.000000 1.000000
1.000000 -0.000000 -0.000000 27.066099 0.000000 1.000000 0.000000 0.000100 0.000000 0.000000 1.000000 -0.000000 0.000000 0.000000 0.000000 1.000000
1.000000 -0.000000 0.000000 27.066099 0.000000 1.000000 0.000000 0.000100 -0.000000 0.000000 1.000000 0.000000 0.000000 0.000000 0.000000 1.000000
1.000000 -0.000000 0.000000 27.066099 0.000000 1.000000 0.000000 0.000100 0.000000 -0.000000 1.000000 0.000000 0.000000 0.000000 0.000000 1.000000
1.000000 0.000000 0.000000 27.066099 0.000000 1.000000 0.000000 0.000100 0.000000 -0.000000 1.000000 0.000000 0.000000 0.000000 0.000000 1.000000
1.000000 0.000000 0.000000 27.066099 0.000000 1.000000 -0.000000 0.000100 0.000000 -0.000000 1.000000 -0.000000 0.000000 0.000000 0.000000 1.000000
1.000000 0.000000 0.000000 27.066099 0.000000 1.000000 0.000000 0.000100 0.000000 0.000000 1.000000 -0.000000 0.000000 0.000000 0.000000 1.000000
1.000000 0.000000 -0.000000 27.066099 0.000000 1.000000 0.000000 0.000100 0.000000 0.000000 1.000000 0.000000 0.000000 0.000000 0.000000 1.000000
1.000000 0.000000 -0.000000 27.066099 0.000000 1.000000 -0.000000 0.000100 -0.000000 0.000000 1.000000 0.000000 0.000000 0.000000 0.000000 1.000000
1.000000 -0.000000 -0.000000 27.066099 -0.000000 1.000000 0.000000 0.000100 0.000000 -0.000000 1.000000 0.000000 0.000000 0.000000 0.000000 1.000000
1.000000 0.000000 0.000000 27.066099 0.000000 1.000000 0.000000 0.000100 -0.000000 0.000000 1.000000 0.000000 0.000000 0.000000 0.000000 1.000000
1.000000 0.000000 -0.000000 27.066099 0.000000 1.000000 0.000000 0.000100 0.000000 -0.000000 1.000000 0.000000 0.000000 0.000000 0.000000 1.000000
1.000000 0.000000 0.000000 27.066099 0.000000 1.000000 -0.000000 0.000100 -0.000000 0.000000 1.000000 -0.000000 0.000000 0.000000 0.000000 1.000000
1.000000 0.000000 0.000000 27.066099 -0.000000 1.000000 -0.000000 0.000100 0.000000 0.000000 1.000000 0.000000 0.000000 0.000000 0.000000 1.000000
1.000000 0.000000 -0.000000 27.066099 0.000000 1.000000 0.000000 0.000100 -0.000000 -0.000000 1.000000 0.000000 0.000000 0.000000 0.000000 1.000000
1.000000 0.000000 0.000000 27.066099 0.000000 1.000000 0.000000 0.000100 -0.000000 0.000000 1.000000 0.000000 0.000000 0.000000 0.000000 1.000000
1.000000 0.000000 -0.000000 27.066099 -0.000000 1.000000 0.000000 0.000100 0.000000 0.000000 1.000000 -0.000000 0.000000 0.000000 0.000000 1.000000
1.000000 -0.000000 0.000000 27.066099 0.000000 1.000000 0.000000 0.000100 0.000000 0.000000 1.000000 0.000000 0.000000 0.000000 0.000000 1.000000
1.000000 -0.000000 0.000000 27.066099 -0.000000 1.000000 -0.000000 0.000100 -0.000000 0.000000 1.000000 -0.000000 0.000000 0.000000 0.000000 1.000000
1.000000 -0.000000 0.000000 27.066099 -0.000000 1.000000 -0.000000 0.000100 0.000000 0.000000 1.000000 0.000000 0.000000 0.000000 0.000000 1.000000
1.000000 0.000000 -0.000000 27.066099 -0.000000 1.000000 -0.000000 0.000100 -0.000000 0.000000 1.000000 0.000000 0.000000 0.000000 0.000000 1.000000
1.000000 0.000000 0.000000 27.066099 0.000000 1.000000 0.000000 0.000100 -0.000000 -0.000000 1.000000 0.000000 0.000000 0.000000 0.000000 1.000000</float_array>
        <technique_common>
          <accessor source="#mixamorig_R_A_skirt3-Matrix-animation-output-transform-array" count="26" stride="16">
            <param type="float4x4"/>
          </accessor>
        </technique_common>
      </source>
      <source id="mixamorig_R_A_skirt3-Interpolations">
        <Name_array id="mixamorig_R_A_skirt3-Interpolations-array" count="26">
 LINEAR LINEAR LINEAR LINEAR LINEAR LINEAR LINEAR LINEAR LINEAR LINEAR LINEAR
LINEAR LINEAR LINEAR LINEAR LINEAR LINEAR LINEAR LINEAR LINEAR LINEAR LINEAR LINEAR
LINEAR LINEAR LINEAR</Name_array>
        <technique_common>
          <accessor source="#mixamorig_R_A_skirt3-Interpolations-array" count="26">
            <param type="name"/>
          </accessor>
        </technique_common>
      </source>
      <sampler id="mixamorig_R_A_skirt3-Matrix-animation-transform">
        <input semantic="INPUT" source="#mixamorig_R_A_skirt3-Matrix-animation-input"/>
        <input semantic="OUTPUT" source="#mixamorig_R_A_skirt3-Matrix-animation-output-transform"/>
        <input semantic="INTERPOLATION" source="#mixamorig_R_A_skirt3-Interpolations"/>
      </sampler>
      <channel source="#mixamorig_R_A_skirt3-Matrix-animation-transform" target="mixamorig_R_A_skirt3/matrix"/>
    </animation>
    <animation id="mixamorig_R_B_skirt1-anim" name="mixamorig_R_B_skirt1">
      <source id="mixamorig_R_B_skirt1-Matrix-animation-input">
        <float_array id="mixamorig_R_B_skirt1-Matrix-animation-input-array" count="26">

0.000000 0.033333 0.066667 0.100000 0.133333 0.166667 0.200000 0.233333 0.266667 0.300000 0.333333 0.366667 0.400000 0.433333 0.466667 0.500000
0.533333 0.566667 0.600000 0.633333 0.666667 0.700000 0.733333 0.766667 0.800000 0.833333</float_array>
        <technique_common>
          <accessor source="#mixamorig_R_B_skirt1-Matrix-animation-input-array" count="26">
            <param name="TIME" type="float"/>
          </accessor>
        </technique_common>
      </source>
      <source id="mixamorig_R_B_skirt1-Matrix-animation-output-transform">
        <float_array id="mixamorig_R_B_skirt1-Matrix-animation-output-transform-array" count="416">

-0.142189 -0.942168 0.303482 -22.789900 -0.985105 0.164647 0.049604 6.145800 -0.096702 -0.291908 -0.951545 0.309300 0.000000 0.000000 0.000000 1.000000
-0.142189 -0.942168 0.303482 -22.789900 -0.985105 0.164647 0.049604 6.145800 -0.096702 -0.291908 -0.951545 0.309300 0.000000 0.000000 0.000000 1.000000
-0.142189 -0.942168 0.303482 -22.789900 -0.985105 0.164647 0.049604 6.145800 -0.096702 -0.291908 -0.951545 0.309300 0.000000 0.000000 0.000000 1.000000
-0.142189 -0.942168 0.303482 -22.789900 -0.985105 0.164647 0.049604 6.145800 -0.096702 -0.291908 -0.951545 0.309300 0.000000 0.000000 0.000000 1.000000
-0.142189 -0.942168 0.303482 -22.789900 -0.985105 0.164647 0.049604 6.145800 -0.096702 -0.291908 -0.951545 0.309300 0.000000 0.000000 0.000000 1.000000
-0.142189 -0.942168 0.303482 -22.789900 -0.985105 0.164647 0.049604 6.145800 -0.096702 -0.291908 -0.951545 0.309300 0.000000 0.000000 0.000000 1.000000
-0.142189 -0.942168 0.303482 -22.789900 -0.985105 0.164647 0.049604 6.145800 -0.096702 -0.291908 -0.951545 0.309300 0.000000 0.000000 0.000000 1.000000
-0.142189 -0.942168 0.303482 -22.789900 -0.985105 0.164647 0.049604 6.145800 -0.096702 -0.291908 -0.951545 0.309300 0.000000 0.000000 0.000000 1.000000
-0.142189 -0.942168 0.303482 -22.789900 -0.985105 0.164647 0.049604 6.145800 -0.096702 -0.291908 -0.951545 0.309300 0.000000 0.000000 0.000000 1.000000
-0.142189 -0.942168 0.303482 -22.789900 -0.985105 0.164647 0.049604 6.145800 -0.096702 -0.291908 -0.951545 0.309300 0.000000 0.000000 0.000000 1.000000
-0.142189 -0.942168 0.303482 -22.789900 -0.985105 0.164647 0.049604 6.145800 -0.096702 -0.291908 -0.951545 0.309300 0.000000 0.000000 0.000000 1.000000
-0.142189 -0.942168 0.303482 -22.789900 -0.985105 0.164647 0.049604 6.145800 -0.096702 -0.291908 -0.951545 0.309300 0.000000 0.000000 0.000000 1.000000
-0.142189 -0.942168 0.303482 -22.789900 -0.985105 0.164647 0.049604 6.145800 -0.096702 -0.291908 -0.951545 0.309300 0.000000 0.000000 0.000000 1.000000
-0.142189 -0.942168 0.303482 -22.789900 -0.985105 0.164647 0.049604 6.145800 -0.096702 -0.291908 -0.951545 0.309300 0.000000 0.000000 0.000000 1.000000
-0.142189 -0.942168 0.303482 -22.789900 -0.985105 0.164647 0.049604 6.145800 -0.096702 -0.291908 -0.951545 0.309300 0.000000 0.000000 0.000000 1.000000
-0.142189 -0.942168 0.303482 -22.789900 -0.985105 0.164647 0.049604 6.145800 -0.096702 -0.291908 -0.951545 0.309300 0.000000 0.000000 0.000000 1.000000
-0.142189 -0.942168 0.303482 -22.789900 -0.985105 0.164647 0.049604 6.145800 -0.096702 -0.291908 -0.951545 0.309300 0.000000 0.000000 0.000000 1.000000
-0.142189 -0.942168 0.303482 -22.789900 -0.985105 0.164647 0.049604 6.145800 -0.096702 -0.291908 -0.951545 0.309300 0.000000 0.000000 0.000000 1.000000
-0.142189 -0.942168 0.303482 -22.789900 -0.985105 0.164647 0.049604 6.145800 -0.096702 -0.291908 -0.951545 0.309300 0.000000 0.000000 0.000000 1.000000
-0.142189 -0.942168 0.303482 -22.789900 -0.985105 0.164647 0.049604 6.145800 -0.096702 -0.291908 -0.951545 0.309300 0.000000 0.000000 0.000000 1.000000
-0.142189 -0.942168 0.303482 -22.789900 -0.985105 0.164647 0.049604 6.145800 -0.096702 -0.291908 -0.951545 0.309300 0.000000 0.000000 0.000000 1.000000
-0.142189 -0.942168 0.303482 -22.789900 -0.985105 0.164647 0.049604 6.145800 -0.096702 -0.291908 -0.951545 0.309300 0.000000 0.000000 0.000000 1.000000
-0.142189 -0.942168 0.303482 -22.789900 -0.985105 0.164647 0.049604 6.145800 -0.096702 -0.291908 -0.951545 0.309300 0.000000 0.000000 0.000000 1.000000
-0.142189 -0.942168 0.303482 -22.789900 -0.985105 0.164647 0.049604 6.145800 -0.096702 -0.291908 -0.951545 0.309300 0.000000 0.000000 0.000000 1.000000
-0.142189 -0.942168 0.303482 -22.789900 -0.985105 0.164647 0.049604 6.145800 -0.096702 -0.291908 -0.951545 0.309300 0.000000 0.000000 0.000000 1.000000
-0.142189 -0.942168 0.303482 -22.789900 -0.985105 0.164647 0.049604 6.145800 -0.096702 -0.291908 -0.951545 0.309300 0.000000 0.000000 0.000000 1.000000</float_array>
        <technique_common>
          <accessor source="#mixamorig_R_B_skirt1-Matrix-animation-output-transform-array" count="26" stride="16">
            <param type="float4x4"/>
          </accessor>
        </technique_common>
      </source>
      <source id="mixamorig_R_B_skirt1-Interpolations">
        <Name_array id="mixamorig_R_B_skirt1-Interpolations-array" count="26">
 LINEAR LINEAR LINEAR LINEAR LINEAR LINEAR LINEAR LINEAR LINEAR LINEAR LINEAR
LINEAR LINEAR LINEAR LINEAR LINEAR LINEAR LINEAR LINEAR LINEAR LINEAR LINEAR LINEAR
LINEAR LINEAR LINEAR</Name_array>
        <technique_common>
          <accessor source="#mixamorig_R_B_skirt1-Interpolations-array" count="26">
            <param type="name"/>
          </accessor>
        </technique_common>
      </source>
      <sampler id="mixamorig_R_B_skirt1-Matrix-animation-transform">
        <input semantic="INPUT" source="#mixamorig_R_B_skirt1-Matrix-animation-input"/>
        <input semantic="OUTPUT" source="#mixamorig_R_B_skirt1-Matrix-animation-output-transform"/>
        <input semantic="INTERPOLATION" source="#mixamorig_R_B_skirt1-Interpolations"/>
      </sampler>
      <channel source="#mixamorig_R_B_skirt1-Matrix-animation-transform" target="mixamorig_R_B_skirt1/matrix"/>
    </animation>
    <animation id="mixamorig_R_B_skirt2-anim" name="mixamorig_R_B_skirt2">
      <source id="mixamorig_R_B_skirt2-Matrix-animation-input">
        <float_array id="mixamorig_R_B_skirt2-Matrix-animation-input-array" count="26">

0.000000 0.033333 0.066667 0.100000 0.133333 0.166667 0.200000 0.233333 0.266667 0.300000 0.333333 0.366667 0.400000 0.433333 0.466667 0.500000
0.533333 0.566667 0.600000 0.633333 0.666667 0.700000 0.733333 0.766667 0.800000 0.833333</float_array>
        <technique_common>
          <accessor source="#mixamorig_R_B_skirt2-Matrix-animation-input-array" count="26">
            <param name="TIME" type="float"/>
          </accessor>
        </technique_common>
      </source>
      <source id="mixamorig_R_B_skirt2-Matrix-animation-output-transform">
        <float_array id="mixamorig_R_B_skirt2-Matrix-animation-output-transform-array" count="416">

1.000000 -0.000000 0.000000 27.083401 -0.000000 1.000000 0.000000 -0.000000 0.000000 -0.000000 1.000000 0.000000 0.000000 0.000000 0.000000 1.000000
1.000000 -0.000000 0.000000 27.083401 -0.000000 1.000000 0.000000 0.000000 0.000000 0.000000 1.000000 0.000000 0.000000 0.000000 0.000000 1.000000
1.000000 0.000000 0.000000 27.083401 0.000000 1.000000 0.000000 0.000000 0.000000 -0.000000 1.000000 0.000000 0.000000 0.000000 0.000000 1.000000
1.000000 -0.000000 0.000000 27.083401 0.000000 1.000000 0.000000 0.000000 0.000000 0.000000 1.000000 0.000000 0.000000 0.000000 0.000000 1.000000
1.000000 -0.000000 -0.000000 27.083401 0.000000 1.000000 0.000000 0.000000 0.000000 0.000000 1.000000 0.000000 0.000000 0.000000 0.000000 1.000000
1.000000 -0.000000 0.000000 27.083401 -0.000000 1.000000 0.000000 0.000000 -0.000000 -0.000000 1.000000 0.000000 0.000000 0.000000 0.000000 1.000000
1.000000 0.000000 -0.000000 27.083401 0.000000 1.000000 0.000000 0.000000 0.000000 0.000000 1.000000 0.000000 0.000000 0.000000 0.000000 1.000000
1.000000 -0.000000 0.000000 27.083401 0.000000 1.000000 0.000000 0.000000 0.000000 0.000000 1.000000 0.000000 0.000000 0.000000 0.000000 1.000000
1.000000 0.000000 0.000000 27.083401 0.000000 1.000000 0.000000 0.000000 0.000000 -0.000000 1.000000 -0.000000 0.000000 0.000000 0.000000 1.000000
1.000000 0.000000 0.000000 27.083401 -0.000000 1.000000 0.000000 -0.000000 0.000000 -0.000000 1.000000 0.000000 0.000000 0.000000 0.000000 1.000000
1.000000 0.000000 0.000000 27.083401 0.000000 1.000000 0.000000 0.000000 0.000000 0.000000 1.000000 0.000000 0.000000 0.000000 0.000000 1.000000
1.000000 0.000000 0.000000 27.083401 -0.000000 1.000000 0.000000 0.000000 0.000000 0.000000 1.000000 0.000000 0.000000 0.000000 0.000000 1.000000
1.000000 -0.000000 -0.000000 27.083401 0.000000 1.000000 0.000000 0.000000 0.000000 -0.000000 1.000000 -0.000000 0.000000 0.000000 0.000000 1.000000
1.000000 0.000000 0.000000 27.083401 -0.000000 1.000000 0.000000 0.000000 -0.000000 -0.000000 1.000000 0.000000 0.000000 0.000000 0.000000 1.000000
1.000000 -0.000000 0.000000 27.083401 -0.000000 1.000000 0.000000 0.000000 0.000000 -0.000000 1.000000 0.000000 0.000000 0.000000 0.000000 1.000000
1.000000 0.000000 -0.000000 27.083401 0.000000 1.000000 -0.000000 0.000000 -0.000000 0.000000 1.000000 0.000000 0.000000 0.000000 0.000000 1.000000
1.000000 -0.000000 -0.000000 27.083401 0.000000 1.000000 -0.000000 0.000000 -0.000000 0.000000 1.000000 0.000000 0.000000 0.000000 0.000000 1.000000
1.000000 0.000000 0.000000 27.083401 0.000000 1.000000 -0.000000 0.000000 -0.000000 0.000000 1.000000 0.000000 0.000000 0.000000 0.000000 1.000000
1.000000 0.000000 -0.000000 27.083401 0.000000 1.000000 0.000000 0.000000 0.000000 0.000000 1.000000 -0.000000 0.000000 0.000000 0.000000 1.000000
1.000000 0.000000 0.000000 27.083401 -0.000000 1.000000 -0.000000 0.000000 0.000000 -0.000000 1.000000 0.000000 0.000000 0.000000 0.000000 1.000000
1.000000 0.000000 0.000000 27.083401 0.000000 1.000000 0.000000 0.000000 0.000000 0.000000 1.000000 0.000000 0.000000 0.000000 0.000000 1.000000
1.000000 0.000000 0.000000 27.083401 0.000000 1.000000 0.000000 0.000000 0.000000 0.000000 1.000000 -0.000000 0.000000 0.000000 0.000000 1.000000
1.000000 0.000000 0.000000 27.083401 -0.000000 1.000000 0.000000 0.000000 -0.000000 0.000000 1.000000 0.000000 0.000000 0.000000 0.000000 1.000000
1.000000 0.000000 0.000000 27.083401 -0.000000 1.000000 0.000000 0.000000 -0.000000 -0.000000 1.000000 0.000000 0.000000 0.000000 0.000000 1.000000
1.000000 0.000000 0.000000 27.083401 -0.000000 1.000000 0.000000 -0.000000 0.000000 0.000000 1.000000 0.000000 0.000000 0.000000 0.000000 1.000000
1.000000 0.000000 0.000000 27.083401 0.000000 1.000000 0.000000 0.000000 -0.000000 -0.000000 1.000000 0.000000 0.000000 0.000000 0.000000 1.000000</float_array>
        <technique_common>
          <accessor source="#mixamorig_R_B_skirt2-Matrix-animation-output-transform-array" count="26" stride="16">
            <param type="float4x4"/>
          </accessor>
        </technique_common>
      </source>
      <source id="mixamorig_R_B_skirt2-Interpolations">
        <Name_array id="mixamorig_R_B_skirt2-Interpolations-array" count="26">
 LINEAR LINEAR LINEAR LINEAR LINEAR LINEAR LINEAR LINEAR LINEAR LINEAR LINEAR
LINEAR LINEAR LINEAR LINEAR LINEAR LINEAR LINEAR LINEAR LINEAR LINEAR LINEAR LINEAR
LINEAR LINEAR LINEAR</Name_array>
        <technique_common>
          <accessor source="#mixamorig_R_B_skirt2-Interpolations-array" count="26">
            <param type="name"/>
          </accessor>
        </technique_common>
      </source>
      <sampler id="mixamorig_R_B_skirt2-Matrix-animation-transform">
        <input semantic="INPUT" source="#mixamorig_R_B_skirt2-Matrix-animation-input"/>
        <input semantic="OUTPUT" source="#mixamorig_R_B_skirt2-Matrix-animation-output-transform"/>
        <input semantic="INTERPOLATION" source="#mixamorig_R_B_skirt2-Interpolations"/>
      </sampler>
      <channel source="#mixamorig_R_B_skirt2-Matrix-animation-transform" target="mixamorig_R_B_skirt2/matrix"/>
    </animation>
    <animation id="mixamorig_R_B_skirt3-anim" name="mixamorig_R_B_skirt3">
      <source id="mixamorig_R_B_skirt3-Matrix-animation-input">
        <float_array id="mixamorig_R_B_skirt3-Matrix-animation-input-array" count="26">

0.000000 0.033333 0.066667 0.100000 0.133333 0.166667 0.200000 0.233333 0.266667 0.300000 0.333333 0.366667 0.400000 0.433333 0.466667 0.500000
0.533333 0.566667 0.600000 0.633333 0.666667 0.700000 0.733333 0.766667 0.800000 0.833333</float_array>
        <technique_common>
          <accessor source="#mixamorig_R_B_skirt3-Matrix-animation-input-array" count="26">
            <param name="TIME" type="float"/>
          </accessor>
        </technique_common>
      </source>
      <source id="mixamorig_R_B_skirt3-Matrix-animation-output-transform">
        <float_array id="mixamorig_R_B_skirt3-Matrix-animation-output-transform-array" count="416">

1.000000 0.000000 0.000000 26.734699 -0.000000 1.000000 0.000000 0.000000 0.000000 -0.000000 1.000000 0.000000 0.000000 0.000000 0.000000 1.000000
1.000000 0.000000 0.000000 26.734699 -0.000000 1.000000 0.000000 -0.000000 0.000000 0.000000 1.000000 0.000000 0.000000 0.000000 0.000000 1.000000
1.000000 0.000000 0.000000 26.734699 0.000000 1.000000 0.000000 0.000000 0.000000 0.000000 1.000000 0.000000 0.000000 0.000000 0.000000 1.000000
1.000000 0.000000 0.000000 26.734699 0.000000 1.000000 -0.000000 0.000000 0.000000 0.000000 1.000000 0.000000 0.000000 0.000000 0.000000 1.000000
1.000000 -0.000000 0.000000 26.734699 -0.000000 1.000000 0.000000 0.000000 -0.000000 -0.000000 1.000000 0.000000 0.000000 0.000000 0.000000 1.000000
1.000000 0.000000 0.000000 26.734699 0.000000 1.000000 0.000000 0.000000 0.000000 0.000000 1.000000 -0.000000 0.000000 0.000000 0.000000 1.000000
1.000000 0.000000 0.000000 26.734699 0.000000 1.000000 0.000000 0.000000 0.000000 0.000000 1.000000 0.000000 0.000000 0.000000 0.000000 1.000000
1.000000 -0.000000 0.000000 26.734699 -0.000000 1.000000 0.000000 0.000000 -0.000000 -0.000000 1.000000 0.000000 0.000000 0.000000 0.000000 1.000000
1.000000 0.000000 0.000000 26.734699 0.000000 1.000000 0.000000 0.000000 0.000000 0.000000 1.000000 0.000000 0.000000 0.000000 0.000000 1.000000
1.000000 0.000000 0.000000 26.734699 -0.000000 1.000000 0.000000 0.000000 0.000000 -0.000000 1.000000 0.000000 0.000000 0.000000 0.000000 1.000000
1.000000 0.000000 0.000000 26.734699 0.000000 1.000000 -0.000000 -0.000000 0.000000 0.000000 1.000000 0.000000 0.000000 0.000000 0.000000 1.000000
1.000000 0.000000 0.000000 26.734699 0.000000 1.000000 0.000000 0.000000 0.000000 -0.000000 1.000000 0.000000 0.000000 0.000000 0.000000 1.000000
1.000000 -0.000000 -0.000000 26.734699 -0.000000 1.000000 -0.000000 0.000000 0.000000 -0.000000 1.000000 0.000000 0.000000 0.000000 0.000000 1.000000
1.000000 0.000000 0.000000 26.734699 -0.000000 1.000000 0.000000 0.000000 0.000000 -0.000000 1.000000 0.000000 0.000000 0.000000 0.000000 1.000000
1.000000 -0.000000 0.000000 26.734699 0.000000 1.000000 0.000000 0.000000 -0.000000 -0.000000 1.000000 0.000000 0.000000 0.000000 0.000000 1.000000
1.000000 -0.000000 -0.000000 26.734699 0.000000 1.000000 -0.000000 0.000000 -0.000000 0.000000 1.000000 0.000000 0.000000 0.000000 0.000000 1.000000
1.000000 0.000000 0.000000 26.734699 0.000000 1.000000 0.000000 0.000000 0.000000 -0.000000 1.000000 0.000000 0.000000 0.000000 0.000000 1.000000
1.000000 0.000000 0.000000 26.734699 0.000000 1.000000 -0.000000 0.000000 -0.000000 0.000000 1.000000 -0.000000 0.000000 0.000000 0.000000 1.000000
1.000000 0.000000 0.000000 26.734699 0.000000 1.000000 -0.000000 0.000000 0.000000 -0.000000 1.000000 0.000000 0.000000 0.000000 0.000000 1.000000
1.000000 0.000000 0.000000 26.734699 -0.000000 1.000000 -0.000000 0.000000 -0.000000 -0.000000 1.000000 0.000000 0.000000 0.000000 0.000000 1.000000
1.000000 -0.000000 0.000000 26.734699 0.000000 1.000000 0.000000 0.000000 0.000000 0.000000 1.000000 0.000000 0.000000 0.000000 0.000000 1.000000
1.000000 -0.000000 0.000000 26.734699 -0.000000 1.000000 -0.000000 -0.000000 0.000000 0.000000 1.000000 0.000000 0.000000 0.000000 0.000000 1.000000
1.000000 -0.000000 0.000000 26.734699 -0.000000 1.000000 0.000000 -0.000000 0.000000 -0.000000 1.000000 0.000000 0.000000 0.000000 0.000000 1.000000
1.000000 0.000000 0.000000 26.734699 -0.000000 1.000000 -0.000000 -0.000000 -0.000000 -0.000000 1.000000 0.000000 0.000000 0.000000 0.000000 1.000000
1.000000 0.000000 0.000000 26.734699 0.000000 1.000000 0.000000 0.000000 -0.000000 0.000000 1.000000 -0.000000 0.000000 0.000000 0.000000 1.000000
1.000000 0.000000 0.000000 26.734699 -0.000000 1.000000 0.000000 0.000000 0.000000 -0.000000 1.000000 0.000000 0.000000 0.000000 0.000000 1.000000</float_array>
        <technique_common>
          <accessor source="#mixamorig_R_B_skirt3-Matrix-animation-output-transform-array" count="26" stride="16">
            <param type="float4x4"/>
          </accessor>
        </technique_common>
      </source>
      <source id="mixamorig_R_B_skirt3-Interpolations">
        <Name_array id="mixamorig_R_B_skirt3-Interpolations-array" count="26">
 LINEAR LINEAR LINEAR LINEAR LINEAR LINEAR LINEAR LINEAR LINEAR LINEAR LINEAR
LINEAR LINEAR LINEAR LINEAR LINEAR LINEAR LINEAR LINEAR LINEAR LINEAR LINEAR LINEAR
LINEAR LINEAR LINEAR</Name_array>
        <technique_common>
          <accessor source="#mixamorig_R_B_skirt3-Interpolations-array" count="26">
            <param type="name"/>
          </accessor>
        </technique_common>
      </source>
      <sampler id="mixamorig_R_B_skirt3-Matrix-animation-transform">
        <input semantic="INPUT" source="#mixamorig_R_B_skirt3-Matrix-animation-input"/>
        <input semantic="OUTPUT" source="#mixamorig_R_B_skirt3-Matrix-animation-output-transform"/>
        <input semantic="INTERPOLATION" source="#mixamorig_R_B_skirt3-Interpolations"/>
      </sampler>
      <channel source="#mixamorig_R_B_skirt3-Matrix-animation-transform" target="mixamorig_R_B_skirt3/matrix"/>
    </animation>
    <animation id="mixamorig_F_skirt1-anim" name="mixamorig_F_skirt1">
      <source id="mixamorig_F_skirt1-Matrix-animation-input">
        <float_array id="mixamorig_F_skirt1-Matrix-animation-input-array" count="26">

0.000000 0.033333 0.066667 0.100000 0.133333 0.166667 0.200000 0.233333 0.266667 0.300000 0.333333 0.366667 0.400000 0.433333 0.466667 0.500000
0.533333 0.566667 0.600000 0.633333 0.666667 0.700000 0.733333 0.766667 0.800000 0.833333</float_array>
        <technique_common>
          <accessor source="#mixamorig_F_skirt1-Matrix-animation-input-array" count="26">
            <param name="TIME" type="float"/>
          </accessor>
        </technique_common>
      </source>
      <source id="mixamorig_F_skirt1-Matrix-animation-output-transform">
        <float_array id="mixamorig_F_skirt1-Matrix-animation-output-transform-array" count="416">

-0.000002 0.000000 -1.000000 -0.093700 -0.998606 0.052777 0.000002 -3.741800 0.052777 0.998606 0.000000 24.067699 0.000000 0.000000 0.000000 1.000000
-0.000002 0.000000 -1.000000 -0.093700 -0.998606 0.052777 0.000002 -3.741800 0.052777 0.998606 0.000000 24.067699 0.000000 0.000000 0.000000 1.000000
-0.000002 0.000000 -1.000000 -0.093700 -0.998606 0.052777 0.000002 -3.741800 0.052777 0.998606 0.000000 24.067699 0.000000 0.000000 0.000000 1.000000
-0.000002 0.000000 -1.000000 -0.093700 -0.998606 0.052777 0.000002 -3.741800 0.052777 0.998606 0.000000 24.067699 0.000000 0.000000 0.000000 1.000000
-0.000002 0.000000 -1.000000 -0.093700 -0.998606 0.052777 0.000002 -3.741800 0.052777 0.998606 0.000000 24.067699 0.000000 0.000000 0.000000 1.000000
-0.000002 0.000000 -1.000000 -0.093700 -0.998606 0.052777 0.000002 -3.741800 0.052777 0.998606 0.000000 24.067699 0.000000 0.000000 0.000000 1.000000
-0.000002 0.000000 -1.000000 -0.093700 -0.998606 0.052777 0.000002 -3.741800 0.052777 0.998606 0.000000 24.067699 0.000000 0.000000 0.000000 1.000000
-0.000002 0.000000 -1.000000 -0.093700 -0.998606 0.052777 0.000002 -3.741800 0.052777 0.998606 0.000000 24.067699 0.000000 0.000000 0.000000 1.000000
-0.000002 0.000000 -1.000000 -0.093700 -0.998606 0.052777 0.000002 -3.741800 0.052777 0.998606 0.000000 24.067699 0.000000 0.000000 0.000000 1.000000
-0.000002 0.000000 -1.000000 -0.093700 -0.998606 0.052777 0.000002 -3.741800 0.052777 0.998606 0.000000 24.067699 0.000000 0.000000 0.000000 1.000000
-0.000002 0.000000 -1.000000 -0.093700 -0.998606 0.052777 0.000002 -3.741800 0.052777 0.998606 0.000000 24.067699 0.000000 0.000000 0.000000 1.000000
-0.000002 0.000000 -1.000000 -0.093700 -0.998606 0.052777 0.000002 -3.741800 0.052777 0.998606 0.000000 24.067699 0.000000 0.000000 0.000000 1.000000
-0.000002 0.000000 -1.000000 -0.093700 -0.998606 0.052777 0.000002 -3.741800 0.052777 0.998606 0.000000 24.067699 0.000000 0.000000 0.000000 1.000000
-0.000002 0.000000 -1.000000 -0.093700 -0.998606 0.052777 0.000002 -3.741800 0.052777 0.998606 0.000000 24.067699 0.000000 0.000000 0.000000 1.000000
-0.000002 0.000000 -1.000000 -0.093700 -0.998606 0.052777 0.000002 -3.741800 0.052777 0.998606 0.000000 24.067699 0.000000 0.000000 0.000000 1.000000
-0.000002 0.000000 -1.000000 -0.093700 -0.998606 0.052777 0.000002 -3.741800 0.052777 0.998606 0.000000 24.067699 0.000000 0.000000 0.000000 1.000000
-0.000002 0.000000 -1.000000 -0.093700 -0.998606 0.052777 0.000002 -3.741800 0.052777 0.998606 0.000000 24.067699 0.000000 0.000000 0.000000 1.000000
-0.000002 0.000000 -1.000000 -0.093700 -0.998606 0.052777 0.000002 -3.741800 0.052777 0.998606 0.000000 24.067699 0.000000 0.000000 0.000000 1.000000
-0.000002 0.000000 -1.000000 -0.093700 -0.998606 0.052777 0.000002 -3.741800 0.052777 0.998606 0.000000 24.067699 0.000000 0.000000 0.000000 1.000000
-0.000002 0.000000 -1.000000 -0.093700 -0.998606 0.052777 0.000002 -3.741800 0.052777 0.998606 0.000000 24.067699 0.000000 0.000000 0.000000 1.000000
-0.000002 0.000000 -1.000000 -0.093700 -0.998606 0.052777 0.000002 -3.741800 0.052777 0.998606 0.000000 24.067699 0.000000 0.000000 0.000000 1.000000
-0.000002 0.000000 -1.000000 -0.093700 -0.998606 0.052777 0.000002 -3.741800 0.052777 0.998606 0.000000 24.067699 0.000000 0.000000 0.000000 1.000000
-0.000002 0.000000 -1.000000 -0.093700 -0.998606 0.052777 0.000002 -3.741800 0.052777 0.998606 0.000000 24.067699 0.000000 0.000000 0.000000 1.000000
-0.000002 0.000000 -1.000000 -0.093700 -0.998606 0.052777 0.000002 -3.741800 0.052777 0.998606 0.000000 24.067699 0.000000 0.000000 0.000000 1.000000
-0.000002 0.000000 -1.000000 -0.093700 -0.998606 0.052777 0.000002 -3.741800 0.052777 0.998606 0.000000 24.067699 0.000000 0.000000 0.000000 1.000000
-0.000002 0.000000 -1.000000 -0.093700 -0.998606 0.052777 0.000002 -3.741800 0.052777 0.998606 0.000000 24.067699 0.000000 0.000000 0.000000 1.000000</float_array>
        <technique_common>
          <accessor source="#mixamorig_F_skirt1-Matrix-animation-output-transform-array" count="26" stride="16">
            <param type="float4x4"/>
          </accessor>
        </technique_common>
      </source>
      <source id="mixamorig_F_skirt1-Interpolations">
        <Name_array id="mixamorig_F_skirt1-Interpolations-array" count="26">
 LINEAR LINEAR LINEAR LINEAR LINEAR LINEAR LINEAR LINEAR LINEAR LINEAR LINEAR
LINEAR LINEAR LINEAR LINEAR LINEAR LINEAR LINEAR LINEAR LINEAR LINEAR LINEAR LINEAR
LINEAR LINEAR LINEAR</Name_array>
        <technique_common>
          <accessor source="#mixamorig_F_skirt1-Interpolations-array" count="26">
            <param type="name"/>
          </accessor>
        </technique_common>
      </source>
      <sampler id="mixamorig_F_skirt1-Matrix-animation-transform">
        <input semantic="INPUT" source="#mixamorig_F_skirt1-Matrix-animation-input"/>
        <input semantic="OUTPUT" source="#mixamorig_F_skirt1-Matrix-animation-output-transform"/>
        <input semantic="INTERPOLATION" source="#mixamorig_F_skirt1-Interpolations"/>
      </sampler>
      <channel source="#mixamorig_F_skirt1-Matrix-animation-transform" target="mixamorig_F_skirt1/matrix"/>
    </animation>
    <animation id="mixamorig_F_skirt2-anim" name="mixamorig_F_skirt2">
      <source id="mixamorig_F_skirt2-Matrix-animation-input">
        <float_array id="mixamorig_F_skirt2-Matrix-animation-input-array" count="26">

0.000000 0.033333 0.066667 0.100000 0.133333 0.166667 0.200000 0.233333 0.266667 0.300000 0.333333 0.366667 0.400000 0.433333 0.466667 0.500000
0.533333 0.566667 0.600000 0.633333 0.666667 0.700000 0.733333 0.766667 0.800000 0.833333</float_array>
        <technique_common>
          <accessor source="#mixamorig_F_skirt2-Matrix-animation-input-array" count="26">
            <param name="TIME" type="float"/>
          </accessor>
        </technique_common>
      </source>
      <source id="mixamorig_F_skirt2-Matrix-animation-output-transform">
        <float_array id="mixamorig_F_skirt2-Matrix-animation-output-transform-array" count="416">

1.000000 -0.000000 -0.000000 23.567801 0.000000 1.000000 -0.000000 -0.000000 -0.000000 -0.000000 1.000000 0.000000 0.000000 0.000000 0.000000 1.000000
1.000000 0.000000 -0.000000 23.567801 -0.000000 1.000000 -0.000000 0.000000 -0.000000 0.000000 1.000000 0.000000 0.000000 0.000000 0.000000 1.000000
1.000000 -0.000000 0.000000 23.567801 0.000000 1.000000 0.000000 0.000000 0.000000 0.000000 1.000000 0.000000 0.000000 0.000000 0.000000 1.000000
1.000000 -0.000000 -0.000000 23.567801 -0.000000 1.000000 -0.000000 0.000000 -0.000000 0.000000 1.000000 0.000000 0.000000 0.000000 0.000000 1.000000
1.000000 -0.000000 -0.000000 23.567801 0.000000 1.000000 -0.000000 -0.000000 0.000000 0.000000 1.000000 0.000000 0.000000 0.000000 0.000000 1.000000
1.000000 0.000000 -0.000000 23.567801 0.000000 1.000000 0.000000 0.000000 0.000000 -0.000000 1.000000 0.000000 0.000000 0.000000 0.000000 1.000000
1.000000 -0.000000 -0.000000 23.567801 0.000000 1.000000 0.000000 0.000000 -0.000000 0.000000 1.000000 0.000000 0.000000 0.000000 0.000000 1.000000
1.000000 -0.000000 -0.000000 23.567801 0.000000 1.000000 0.000000 0.000000 -0.000000 0.000000 1.000000 0.000000 0.000000 0.000000 0.000000 1.000000
1.000000 0.000000 0.000000 23.567801 0.000000 1.000000 -0.000000 -0.000000 -0.000000 0.000000 1.000000 0.000000 0.000000 0.000000 0.000000 1.000000
1.000000 0.000000 0.000000 23.567801 -0.000000 1.000000 0.000000 0.000000 -0.000000 -0.000000 1.000000 0.000000 0.000000 0.000000 0.000000 1.000000
1.000000 0.000000 -0.000000 23.567801 -0.000000 1.000000 -0.000000 0.000000 0.000000 0.000000 1.000000 0.000000 0.000000 0.000000 0.000000 1.000000
1.000000 -0.000000 -0.000000 23.567801 0.000000 1.000000 -0.000000 -0.000000 0.000000 0.000000 1.000000 0.000000 0.000000 0.000000 0.000000 1.000000
1.000000 0.000000 -0.000000 23.567801 -0.000000 1.000000 -0.000000 0.000000 -0.000000 -0.000000 1.000000 0.000000 0.000000 0.000000 0.000000 1.000000
1.000000 -0.000000 0.000000 23.567801 0.000000 1.000000 0.000000 0.000000 -0.000000 0.000000 1.000000 0.000000 0.000000 0.000000 0.000000 1.000000
1.000000 0.000000 -0.000000 23.567801 0.000000 1.000000 -0.000000 0.000000 -0.000000 0.000000 1.000000 0.000000 0.000000 0.000000 0.000000 1.000000
1.000000 -0.000000 0.000000 23.567801 -0.000000 1.000000 0.000000 -0.000000 0.000000 0.000000 1.000000 0.000000 0.000000 0.000000 0.000000 1.000000
1.000000 0.000000 0.000000 23.567801 -0.000000 1.000000 -0.000000 -0.000000 0.000000 0.000000 1.000000 -0.000000 0.000000 0.000000 0.000000 1.000000
1.000000 0.000000 0.000000 23.567801 -0.000000 1.000000 0.000000 0.000000 0.000000 0.000000 1.000000 0.000000 0.000000 0.000000 0.000000 1.000000
1.000000 0.000000 0.000000 23.567801 0.000000 1.000000 0.000000 -0.000000 -0.000000 0.000000 1.000000 -0.000000 0.000000 0.000000 0.000000 1.000000
1.000000 0.000000 0.000000 23.567801 -0.000000 1.000000 0.000000 0.000000 -0.000000 -0.000000 1.000000 0.000000 0.000000 0.000000 0.000000 1.000000
1.000000 -0.000000 0.000000 23.567801 0.000000 1.000000 0.000000 -0.000000 -0.000000 0.000000 1.000000 -0.000000 0.000000 0.000000 0.000000 1.000000
1.000000 0.000000 -0.000000 23.567801 0.000000 1.000000 0.000000 -0.000000 0.000000 -0.000000 1.000000 0.000000 0.000000 0.000000 0.000000 1.000000
1.000000 -0.000000 0.000000 23.567801 0.000000 1.000000 0.000000 0.000000 0.000000 -0.000000 1.000000 0.000000 0.000000 0.000000 0.000000 1.000000
1.000000 -0.000000 -0.000000 23.567801 -0.000000 1.000000 -0.000000 -0.000000 0.000000 0.000000 1.000000 -0.000000 0.000000 0.000000 0.000000 1.000000
1.000000 -0.000000 0.000000 23.567801 -0.000000 1.000000 0.000000 -0.000000 0.000000 0.000000 1.000000 0.000000 0.000000 0.000000 0.000000 1.000000
1.000000 0.000000 0.000000 23.567801 0.000000 1.000000 -0.000000 -0.000000 -0.000000 0.000000 1.000000 0.000000 0.000000 0.000000 0.000000 1.000000</float_array>
        <technique_common>
          <accessor source="#mixamorig_F_skirt2-Matrix-animation-output-transform-array" count="26" stride="16">
            <param type="float4x4"/>
          </accessor>
        </technique_common>
      </source>
      <source id="mixamorig_F_skirt2-Interpolations">
        <Name_array id="mixamorig_F_skirt2-Interpolations-array" count="26">
 LINEAR LINEAR LINEAR LINEAR LINEAR LINEAR LINEAR LINEAR LINEAR LINEAR LINEAR
LINEAR LINEAR LINEAR LINEAR LINEAR LINEAR LINEAR LINEAR LINEAR LINEAR LINEAR LINEAR
LINEAR LINEAR LINEAR</Name_array>
        <technique_common>
          <accessor source="#mixamorig_F_skirt2-Interpolations-array" count="26">
            <param type="name"/>
          </accessor>
        </technique_common>
      </source>
      <sampler id="mixamorig_F_skirt2-Matrix-animation-transform">
        <input semantic="INPUT" source="#mixamorig_F_skirt2-Matrix-animation-input"/>
        <input semantic="OUTPUT" source="#mixamorig_F_skirt2-Matrix-animation-output-transform"/>
        <input semantic="INTERPOLATION" source="#mixamorig_F_skirt2-Interpolations"/>
      </sampler>
      <channel source="#mixamorig_F_skirt2-Matrix-animation-transform" target="mixamorig_F_skirt2/matrix"/>
    </animation>
    <animation id="mixamorig_F_skirt3-anim" name="mixamorig_F_skirt3">
      <source id="mixamorig_F_skirt3-Matrix-animation-input">
        <float_array id="mixamorig_F_skirt3-Matrix-animation-input-array" count="26">

0.000000 0.033333 0.066667 0.100000 0.133333 0.166667 0.200000 0.233333 0.266667 0.300000 0.333333 0.366667 0.400000 0.433333 0.466667 0.500000
0.533333 0.566667 0.600000 0.633333 0.666667 0.700000 0.733333 0.766667 0.800000 0.833333</float_array>
        <technique_common>
          <accessor source="#mixamorig_F_skirt3-Matrix-animation-input-array" count="26">
            <param name="TIME" type="float"/>
          </accessor>
        </technique_common>
      </source>
      <source id="mixamorig_F_skirt3-Matrix-animation-output-transform">
        <float_array id="mixamorig_F_skirt3-Matrix-animation-output-transform-array" count="416">

1.000000 -0.000000 0.000000 23.545500 0.000000 1.000000 -0.000000 0.000000 0.000000 -0.000000 1.000000 -0.000000 0.000000 0.000000 0.000000 1.000000
1.000000 0.000000 0.000000 23.545500 -0.000000 1.000000 -0.000000 0.000000 0.000000 -0.000000 1.000000 0.000000 0.000000 0.000000 0.000000 1.000000
1.000000 -0.000000 -0.000000 23.545500 0.000000 1.000000 0.000000 0.000000 0.000000 -0.000000 1.000000 0.000000 0.000000 0.000000 0.000000 1.000000
1.000000 0.000000 -0.000000 23.545500 -0.000000 1.000000 -0.000000 0.000000 -0.000000 0.000000 1.000000 0.000000 0.000000 0.000000 0.000000 1.000000
1.000000 -0.000000 0.000000 23.545500 0.000000 1.000000 0.000000 0.000000 0.000000 -0.000000 1.000000 0.000000 0.000000 0.000000 0.000000 1.000000
1.000000 0.000000 -0.000000 23.545500 0.000000 1.000000 -0.000000 0.000000 0.000000 0.000000 1.000000 0.000000 0.000000 0.000000 0.000000 1.000000
1.000000 -0.000000 -0.000000 23.545500 0.000000 1.000000 0.000000 0.000000 -0.000000 0.000000 1.000000 0.000000 0.000000 0.000000 0.000000 1.000000
1.000000 -0.000000 -0.000000 23.545500 0.000000 1.000000 0.000000 0.000000 -0.000000 -0.000000 1.000000 0.000000 0.000000 0.000000 0.000000 1.000000
1.000000 0.000000 0.000000 23.545500 0.000000 1.000000 -0.000000 -0.000000 -0.000000 -0.000000 1.000000 0.000000 0.000000 0.000000 0.000000 1.000000
1.000000 0.000000 0.000000 23.545500 -0.000000 1.000000 0.000000 -0.000000 0.000000 0.000000 1.000000 -0.000000 0.000000 0.000000 0.000000 1.000000
1.000000 -0.000000 -0.000000 23.545500 0.000000 1.000000 -0.000000 0.000000 0.000000 0.000000 1.000000 0.000000 0.000000 0.000000 0.000000 1.000000
1.000000 -0.000000 0.000000 23.545500 0.000000 1.000000 0.000000 0.000000 0.000000 0.000000 1.000000 -0.000000 0.000000 0.000000 0.000000 1.000000
1.000000 -0.000000 -0.000000 23.545500 -0.000000 1.000000 -0.000000 -0.000000 0.000000 -0.000000 1.000000 0.000000 0.000000 0.000000 0.000000 1.000000
1.000000 -0.000000 -0.000000 23.545500 -0.000000 1.000000 -0.000000 -0.000000 0.000000 0.000000 1.000000 0.000000 0.000000 0.000000 0.000000 1.000000
1.000000 0.000000 0.000000 23.545500 0.000000 1.000000 0.000000 -0.000000 0.000000 0.000000 1.000000 0.000000 0.000000 0.000000 0.000000 1.000000
1.000000 0.000000 0.000000 23.545500 -0.000000 1.000000 0.000000 0.000000 0.000000 0.000000 1.000000 0.000000 0.000000 0.000000 0.000000 1.000000
1.000000 0.000000 -0.000000 23.545500 -0.000000 1.000000 0.000000 0.000000 0.000000 0.000000 1.000000 0.000000 0.000000 0.000000 0.000000 1.000000
1.000000 0.000000 0.000000 23.545500 0.000000 1.000000 0.000000 -0.000000 0.000000 -0.000000 1.000000 0.000000 0.000000 0.000000 0.000000 1.000000
1.000000 0.000000 0.000000 23.545500 0.000000 1.000000 0.000000 0.000000 -0.000000 0.000000 1.000000 0.000000 0.000000 0.000000 0.000000 1.000000
1.000000 0.000000 -0.000000 23.545500 -0.000000 1.000000 0.000000 -0.000000 -0.000000 0.000000 1.000000 0.000000 0.000000 0.000000 0.000000 1.000000
1.000000 0.000000 -0.000000 23.545500 0.000000 1.000000 0.000000 0.000000 -0.000000 0.000000 1.000000 0.000000 0.000000 0.000000 0.000000 1.000000
1.000000 0.000000 -0.000000 23.545500 -0.000000 1.000000 -0.000000 -0.000000 -0.000000 0.000000 1.000000 0.000000 0.000000 0.000000 0.000000 1.000000
1.000000 0.000000 0.000000 23.545500 0.000000 1.000000 0.000000 0.000000 0.000000 -0.000000 1.000000 -0.000000 0.000000 0.000000 0.000000 1.000000
1.000000 0.000000 0.000000 23.545500 -0.000000 1.000000 0.000000 -0.000000 0.000000 -0.000000 1.000000 0.000000 0.000000 0.000000 0.000000 1.000000
1.000000 -0.000000 0.000000 23.545500 -0.000000 1.000000 0.000000 0.000000 0.000000 -0.000000 1.000000 0.000000 0.000000 0.000000 0.000000 1.000000
1.000000 0.000000 0.000000 23.545500 0.000000 1.000000 -0.000000 0.000000 0.000000 0.000000 1.000000 0.000000 0.000000 0.000000 0.000000 1.000000</float_array>
        <technique_common>
          <accessor source="#mixamorig_F_skirt3-Matrix-animation-output-transform-array" count="26" stride="16">
            <param type="float4x4"/>
          </accessor>
        </technique_common>
      </source>
      <source id="mixamorig_F_skirt3-Interpolations">
        <Name_array id="mixamorig_F_skirt3-Interpolations-array" count="26">
 LINEAR LINEAR LINEAR LINEAR LINEAR LINEAR LINEAR LINEAR LINEAR LINEAR LINEAR
LINEAR LINEAR LINEAR LINEAR LINEAR LINEAR LINEAR LINEAR LINEAR LINEAR LINEAR LINEAR
LINEAR LINEAR LINEAR</Name_array>
        <technique_common>
          <accessor source="#mixamorig_F_skirt3-Interpolations-array" count="26">
            <param type="name"/>
          </accessor>
        </technique_common>
      </source>
      <sampler id="mixamorig_F_skirt3-Matrix-animation-transform">
        <input semantic="INPUT" source="#mixamorig_F_skirt3-Matrix-animation-input"/>
        <input semantic="OUTPUT" source="#mixamorig_F_skirt3-Matrix-animation-output-transform"/>
        <input semantic="INTERPOLATION" source="#mixamorig_F_skirt3-Interpolations"/>
      </sampler>
      <channel source="#mixamorig_F_skirt3-Matrix-animation-transform" target="mixamorig_F_skirt3/matrix"/>
    </animation>
  </library_animations>
  <library_visual_scenes>
    <visual_scene id="RootNode" name="RootNode">
      <node id="mixamorig_Hips" name="mixamorig_Hips" sid="mixamorig_Hips" type="JOINT">
        <matrix sid="matrix">0.999951 0.009805 -0.001684 0.538403 -0.009949 0.985109 -0.171641 108.278137 -0.000025 0.171649 0.985158 -1.713192 0.000000 0.000000 0.000000 1.000000</matrix>
        <node id="mixamorig_Spine" name="mixamorig_Spine" sid="mixamorig_Spine" type="JOINT">
          <matrix sid="matrix">0.997667 -0.044652 0.051638 0.072000 0.047468 0.997375 -0.054673 7.257300 -0.049061 0.056997 0.997168 -0.789700 0.000000 0.000000 0.000000 1.000000</matrix>
          <node id="mixamorig_Spine1" name="mixamorig_Spine1" sid="mixamorig_Spine1" type="JOINT">
            <matrix sid="matrix">0.999668 -0.016110 0.020097 0.000000 0.016668 0.999470 -0.027953 8.558700 -0.019636 0.028278 0.999407 0.000000 0.000000 0.000000 0.000000 1.000000</matrix>
            <node id="mixamorig_Spine2" name="mixamorig_Spine2" sid="mixamorig_Spine2" type="JOINT">
              <matrix sid="matrix">0.999674 -0.013906 0.021399 0.000000 0.016430 0.992310 -0.122681 29.149500 -0.019529 0.122993 0.992215 1.721100 0.000000 0.000000 0.000000 1.000000</matrix>
              <node id="mixamorig_Neck" name="mixamorig_Neck" sid="mixamorig_Neck" type="JOINT">
                <matrix sid="matrix">0.999978 0.001546 -0.006375 0.000000 -0.001466 0.999921 0.012520 13.857900 0.006394 -0.012510 0.999901 7.405300 0.000000 0.000000 0.000000 1.000000</matrix>
                <node id="mixamorig_Head" name="mixamorig_Head" sid="mixamorig_Head" type="JOINT">
                  <matrix sid="matrix">0.994144 0.085348 -0.066287 0.000000 -0.064030 0.959338 0.274902 8.198500 0.087054 -0.269047 0.959185 5.703100 0.000000 0.000000 0.000000 1.000000</matrix>
                  <node id="mixamorig_HeadTop_End" name="mixamorig_HeadTop_End" sid="mixamorig_HeadTop_End" type="JOINT">
                    <matrix sid="matrix">1.000000 -0.000000 -0.000000 0.000000 -0.000000 1.000000 -0.000000 17.760799 -0.000000 0.000000 1.000000 13.332700 0.000000 0.000000 0.000000 1.000000</matrix>
                  </node>
                  <node id="LeftEye" name="LeftEye" sid="LeftEye" type="JOINT">
                    <matrix sid="matrix">1.000000 -0.000000 -0.000000 3.087900 -0.000000 1.000000 -0.000000 3.070100 -0.000000 0.000000 1.000000 16.773399 0.000000 0.000000 0.000000 1.000000</matrix>
                  </node>
                  <node id="RightEye" name="RightEye" sid="RightEye" type="JOINT">
                    <matrix sid="matrix">1.000000 -0.000000 -0.000000 -3.303100 -0.000000 1.000000 -0.000000 3.070100 -0.000000 0.000000 1.000000 16.773399 0.000000 0.000000 0.000000 1.000000</matrix>
                  </node>
                </node>
              </node>
              <node id="mixamorig_LeftShoulder" name="mixamorig_LeftShoulder" sid="mixamorig_LeftShoulder" type="JOINT">
                <matrix sid="matrix">0.025709 0.849919 -0.526286 12.584900 -0.020504 -0.525901 -0.850299 11.395200 -0.999459 0.032652 0.003906 -1.453100 0.000000 0.000000 0.000000 1.000000</matrix>
                <node id="mixamorig_LeftArm" name="mixamorig_LeftArm" sid="mixamorig_LeftArm" type="JOINT">
                  <matrix sid="matrix">0.918437 0.120875 0.376648 0.000000 0.138204 0.794110 -0.591852 15.319300 -0.370640 0.595633 0.712634 0.000000 0.000000 0.000000 0.000000 1.000000</matrix>
                  <node id="mixamorig_LeftForeArm" name="mixamorig_LeftForeArm" sid="mixamorig_LeftForeArm" type="JOINT">
                    <matrix sid="matrix">0.763671 -0.645605 -0.000000 0.000000 0.645605 0.763671 0.000000 34.109299 0.000000 -0.000000 1.000000 0.000000 0.000000 0.000000 0.000000 1.000000</matrix>
                    <node id="mixamorig_LeftHand" name="mixamorig_LeftHand" sid="mixamorig_LeftHand" type="JOINT">
                      <matrix sid="matrix">0.964882 -0.255706 -0.060143 0.000000 0.241506 0.953594 -0.179817 41.076000 0.103332 0.158977 0.981860 0.000000 0.000000 0.000000 0.000000 1.000000</matrix>
                      <node id="mixamorig_LeftHandThumb1" name="mixamorig_LeftHandThumb1" sid="mixamorig_LeftHandThumb1" type="JOINT">
                        <matrix sid="matrix">0.871836 -0.454119 0.183515 -9.706200 0.488132 0.836459 -0.249126 9.904300 -0.040369 0.306777 0.950925 7.213800 0.000000 0.000000 0.000000 1.000000</matrix>
                        <node id="mixamorig_LeftHandThumb2" name="mixamorig_LeftHandThumb2" sid="mixamorig_LeftHandThumb2" type="JOINT">
                          <matrix sid="matrix">0.919991 0.389594 -0.042818 0.000000 -0.390473 0.920505 -0.014208 2.369000 0.033879 0.029790 0.998982 0.000000 0.000000 0.000000 0.000000 1.000000</matrix>
                          <node id="mixamorig_LeftHandThumb3" name="mixamorig_LeftHandThumb3" sid="mixamorig_LeftHandThumb3" type="JOINT">
                            <matrix sid="matrix">0.981768 0.178862 0.064345 0.000000 -0.189700 0.943439 0.271912 2.785200 -0.012071 -0.279161 0.960169 -0.000000 0.000000 0.000000 0.000000 1.000000</matrix>
                            <node id="mixamorig_LeftHandThumb4" name="mixamorig_LeftHandThumb4" sid="mixamorig_LeftHandThumb4" type="JOINT">
                              <matrix sid="matrix">1.000000 0.000000 -0.000000 -0.000000 -0.000000 1.000000 0.000000 6.195100 0.000000 -0.000000 1.000000 0.000000 0.000000 0.000000 0.000000 1.000000</matrix>
                            </node>
                          </node>
                        </node>
                      </node>
                      <node id="mixamorig_LeftHandIndex1" name="mixamorig_LeftHandIndex1" sid="mixamorig_LeftHandIndex1" type="JOINT">
                        <matrix sid="matrix">0.998233 0.058432 -0.010778 -4.736600 -0.059236 0.964474 -0.257450 18.296801 -0.004648 0.257633 0.966232 0.973500 0.000000 0.000000 0.000000 1.000000</matrix>
                        <node id="mixamorig_LeftHandIndex2" name="mixamorig_LeftHandIndex2" sid="mixamorig_LeftHandIndex2" type="JOINT">
                          <matrix sid="matrix">0.994743 0.088329 -0.051807 0.000000 -0.088329 0.484165 -0.870507 4.697600 -0.051807 0.870507 0.489422 0.000000 0.000000 0.000000 0.000000 1.000000</matrix>
                          <node id="mixamorig_LeftHandIndex3" name="mixamorig_LeftHandIndex3" sid="mixamorig_LeftHandIndex3" type="JOINT">
                            <matrix sid="matrix">0.998332 0.055343 -0.016438 0.000000 -0.055343 0.836335 -0.545417 2.893900 -0.016438 0.545417 0.838003 -0.000000 0.000000 0.000000 0.000000 1.000000</matrix>
                            <node id="mixamorig_LeftHandIndex4" name="mixamorig_LeftHandIndex4" sid="mixamorig_LeftHandIndex4" type="JOINT">
                              <matrix sid="matrix">1.000000 0.000000 0.000000 0.000000 0.000000 1.000000 0.000000 6.140600 -0.000000 0.000000 1.000000 0.000000 0.000000 0.000000 0.000000 1.000000</matrix>
                            </node>
                          </node>
                        </node>
                      </node>
                      <node id="mixamorig_LeftHandMiddle1" name="mixamorig_LeftHandMiddle1" sid="mixamorig_LeftHandMiddle1" type="JOINT">
                        <matrix sid="matrix">0.997033 0.073580 -0.022605 -0.139500 -0.076205 0.902128 -0.424686 17.924500 -0.010855 0.425148 0.905059 0.050800 0.000000 0.000000 0.000000 1.000000</matrix>
                        <node id="mixamorig_LeftHandMiddle2" name="mixamorig_LeftHandMiddle2" sid="mixamorig_LeftHandMiddle2" type="JOINT">
                          <matrix sid="matrix">0.991600 0.099378 -0.082781 0.000000 -0.099378 0.175767 -0.979403 5.001900 -0.082781 0.979403 0.184166 0.000000 0.000000 0.000000 0.000000 1.000000</matrix>
                          <node id="mixamorig_LeftHandMiddle3" name="mixamorig_LeftHandMiddle3" sid="mixamorig_LeftHandMiddle3" type="JOINT">
                            <matrix sid="matrix">0.997535 0.065834 -0.024296 0.000000 -0.065834 0.758093 -0.648815 3.278600 -0.024296 0.648815 0.760558 -0.000000 0.000000 0.000000 0.000000 1.000000</matrix>
                            <node id="mixamorig_LeftHandMiddle4" name="mixamorig_LeftHandMiddle4" sid="mixamorig_LeftHandMiddle4" type="JOINT">
                              <matrix sid="matrix">1.000000 0.000000 0.000000 -0.000000 -0.000000 1.000000 -0.000000 4.422900 0.000000 -0.000000 1.000000 -0.000000 0.000000 0.000000 0.000000 1.000000</matrix>
                            </node>
                          </node>
                        </node>
                      </node>
                      <node id="mixamorig_LeftHandRing1" name="mixamorig_LeftHandRing1" sid="mixamorig_LeftHandRing1" type="JOINT">
                        <matrix sid="matrix">0.994577 0.092870 -0.046807 3.988400 -0.100450 0.741286 -0.663630 15.764500 -0.026934 0.664733 0.746595 0.151700 0.000000 0.000000 0.000000 1.000000</matrix>
                        <node id="mixamorig_LeftHandRing2" name="mixamorig_LeftHandRing2" sid="mixamorig_LeftHandRing2" type="JOINT">
                          <matrix sid="matrix">0.988906 0.100553 -0.109330 -0.000000 -0.100553 -0.088570 -0.990982 3.497800 -0.109330 0.990982 -0.077477 0.000000 0.000000 0.000000 0.000000 1.000000</matrix>
                          <node id="mixamorig_LeftHandRing3" name="mixamorig_LeftHandRing3" sid="mixamorig_LeftHandRing3" type="JOINT">
                            <matrix sid="matrix">0.996520 0.075975 -0.034301 0.000000 -0.075975 0.658476 -0.748757 2.983800 -0.034301 0.748757 0.661956 0.000000 0.000000 0.000000 0.000000 1.000000</matrix>
                            <node id="mixamorig_LeftHandRing4" name="mixamorig_LeftHandRing4" sid="mixamorig_LeftHandRing4" type="JOINT">
                              <matrix sid="matrix">1.000000 0.000000 0.000000 -0.000000 0.000000 1.000000 0.000000 4.922500 0.000000 -0.000000 1.000000 0.000000 0.000000 0.000000 0.000000 1.000000</matrix>
                            </node>
                          </node>
                        </node>
                      </node>
                      <node id="mixamorig_LeftHandPinky1" name="mixamorig_LeftHandPinky1" sid="mixamorig_LeftHandPinky1" type="JOINT">
                        <matrix sid="matrix">0.996313 0.080489 -0.029703 6.663900 -0.084436 0.858507 -0.505803 12.707900 -0.015211 0.506446 0.862137 0.878100 0.000000 0.000000 0.000000 1.000000</matrix>
                        <node id="mixamorig_LeftHandPinky2" name="mixamorig_LeftHandPinky2" sid="mixamorig_LeftHandPinky2" type="JOINT">
                          <matrix sid="matrix">0.993131 0.095437 -0.067700 0.000000 -0.095437 0.325924 -0.940567 3.376600 -0.067700 0.940567 0.332793 0.000000 0.000000 0.000000 0.000000 1.000000</matrix>
                          <node id="mixamorig_LeftHandPinky3" name="mixamorig_LeftHandPinky3" sid="mixamorig_LeftHandPinky3" type="JOINT">
                            <matrix sid="matrix">0.990335 0.100815 -0.095254 -0.000000 -0.100815 0.051572 -0.993568 2.998500 -0.095254 0.993568 0.061237 0.000000 0.000000 0.000000 0.000000 1.000000</matrix>
                            <node id="mixamorig_LeftHandPinky4" name="mixamorig_LeftHandPinky4" sid="mixamorig_LeftHandPinky4" type="JOINT">
                              <matrix sid="matrix">1.000000 -0.000000 -0.000000 0.000000 0.000000 1.000000 -0.000000 5.798100 -0.000000 -0.000000 1.000000 0.000000 0.000000 0.000000 0.000000 1.000000</matrix>
                            </node>
                          </node>
                        </node>
                      </node>
                    </node>
                  </node>
                </node>
              </node>
              <node id="mixamorig_RightShoulder" name="mixamorig_RightShoulder" sid="mixamorig_RightShoulder" type="JOINT">
                <matrix sid="matrix">0.199370 -0.852267 0.483624 -12.584900 0.016510 -0.490541 -0.871262 11.394900 0.979785 0.181688 -0.083729 -1.453100 0.000000 0.000000 0.000000 1.000000</matrix>
                <node id="mixamorig_RightArm" name="mixamorig_RightArm" sid="mixamorig_RightArm" type="JOINT">
                  <matrix sid="matrix">0.930543 0.365647 -0.019786 -0.000000 -0.313413 0.767338 -0.559432 15.319300 -0.189373 0.526777 0.828640 0.000000 0.000000 0.000000 0.000000 1.000000</matrix>
                  <node id="mixamorig_RightForeArm" name="mixamorig_RightForeArm" sid="mixamorig_RightForeArm" type="JOINT">
                    <matrix sid="matrix">0.655407 0.755276 0.000000 -0.000000 -0.755276 0.655407 0.000000 34.109299 -0.000000 -0.000000 1.000000 0.000000 0.000000 0.000000 0.000000 1.000000</matrix>
                    <node id="mixamorig_RightHand" name="mixamorig_RightHand" sid="mixamorig_RightHand" type="JOINT">
                      <matrix sid="matrix">0.941087 0.235334 0.242845 0.000000 -0.246291 0.969074 0.015342 41.076000 -0.231725 -0.074249 0.969944 0.000000 0.000000 0.000000 0.000000 1.000000</matrix>
                      <node id="mixamorig_RightHandThumb1" name="mixamorig_RightHandThumb1" sid="mixamorig_RightHandThumb1" type="JOINT">
                        <matrix sid="matrix">0.879494 0.442199 -0.175929 9.706200 -0.474198 0.845588 -0.245188 9.903700 0.040341 0.299066 0.953379 7.214200 0.000000 0.000000 0.000000 1.000000</matrix>
                        <node id="mixamorig_RightHandThumb2" name="mixamorig_RightHandThumb2" sid="mixamorig_RightHandThumb2" type="JOINT">
                          <matrix sid="matrix">0.893390 -0.446482 0.050084 0.000000 0.447000 0.894533 0.000941 2.369600 -0.045222 0.021547 0.998745 0.000000 0.000000 0.000000 0.000000 1.000000</matrix>
                          <node id="mixamorig_RightHandThumb3" name="mixamorig_RightHandThumb3" sid="mixamorig_RightHandThumb3" type="JOINT">
                            <matrix sid="matrix">0.942362 -0.322160 -0.090371 0.000000 0.334571 0.904057 0.265976 2.785100 -0.003986 -0.280881 0.959734 -0.000000 0.000000 0.000000 0.000000 1.000000</matrix>
                            <node id="mixamorig_RightHandThumb4" name="mixamorig_RightHandThumb4" sid="mixamorig_RightHandThumb4" type="JOINT">
                              <matrix sid="matrix">1.000000 -0.000000 0.000000 -0.000000 -0.000000 1.000000 0.000000 6.195100 0.000000 0.000000 1.000000 0.000000 0.000000 0.000000 0.000000 1.000000</matrix>
                            </node>
                          </node>
                        </node>
                      </node>
                      <node id="mixamorig_RightHandIndex1" name="mixamorig_RightHandIndex1" sid="mixamorig_RightHandIndex1" type="JOINT">
                        <matrix sid="matrix">0.998559 -0.052588 0.010674 4.736600 0.053516 0.961404 -0.269887 18.296400 0.003931 0.270070 0.962833 0.973900 0.000000 0.000000 0.000000 1.000000</matrix>
                        <node id="mixamorig_RightHandIndex2" name="mixamorig_RightHandIndex2" sid="mixamorig_RightHandIndex2" type="JOINT">
                          <matrix sid="matrix">0.996771 -0.069547 0.040140 0.000000 0.069547 0.497824 -0.864485 4.698000 0.040140 0.864485 0.501053 0.000000 0.000000 0.000000 0.000000 1.000000</matrix>
                          <node id="mixamorig_RightHandIndex3" name="mixamorig_RightHandIndex3" sid="mixamorig_RightHandIndex3" type="JOINT">
                            <matrix sid="matrix">0.998793 -0.046771 0.015003 -0.000000 0.046771 0.812293 -0.581371 2.894000 0.015004 0.581371 0.813500 0.000000 0.000000 0.000000 0.000000 1.000000</matrix>
                            <node id="mixamorig_RightHandIndex4" name="mixamorig_RightHandIndex4" sid="mixamorig_RightHandIndex4" type="JOINT">
                              <matrix sid="matrix">1.000000 -0.000000 0.000000 -0.000000 -0.000000 1.000000 0.000000 6.140000 0.000000 0.000000 1.000000 0.000000 0.000000 0.000000 0.000000 1.000000</matrix>
                            </node>
                          </node>
                        </node>
                      </node>
                      <node id="mixamorig_RightHandMiddle1" name="mixamorig_RightHandMiddle1" sid="mixamorig_RightHandMiddle1" type="JOINT">
                        <matrix sid="matrix">0.996594 -0.074623 0.035105 0.139500 0.080593 0.791022 -0.606456 17.923901 0.017486 0.607219 0.794342 0.051600 0.000000 0.000000 0.000000 1.000000</matrix>
                        <node id="mixamorig_RightHandMiddle2" name="mixamorig_RightHandMiddle2" sid="mixamorig_RightHandMiddle2" type="JOINT">
                          <matrix sid="matrix">0.994498 -0.079350 0.068395 0.000000 0.079350 0.144323 -0.986344 5.002000 0.068395 0.986344 0.149825 0.000000 0.000000 0.000000 0.000000 1.000000</matrix>
                          <node id="mixamorig_RightHandMiddle3" name="mixamorig_RightHandMiddle3" sid="mixamorig_RightHandMiddle3" type="JOINT">
                            <matrix sid="matrix">0.998209 -0.055523 0.022260 -0.000000 0.055523 0.721514 -0.690170 3.279000 0.022260 0.690170 0.723305 0.000000 0.000000 0.000000 0.000000 1.000000</matrix>
                            <node id="mixamorig_RightHandMiddle4" name="mixamorig_RightHandMiddle4" sid="mixamorig_RightHandMiddle4" type="JOINT">
                              <matrix sid="matrix">1.000000 0.000000 0.000000 0.000000 0.000000 1.000000 -0.000000 4.423000 -0.000000 -0.000000 1.000000 0.000000 0.000000 0.000000 0.000000 1.000000</matrix>
                            </node>
                          </node>
                        </node>
                      </node>
                      <node id="mixamorig_RightHandRing1" name="mixamorig_RightHandRing1" sid="mixamorig_RightHandRing1" type="JOINT">
                        <matrix sid="matrix">0.993502 -0.086869 0.073539 -3.988400 0.103965 0.429695 -0.896969 15.764000 0.046319 0.898786 0.435934 0.151600 0.000000 0.000000 0.000000 1.000000</matrix>
                        <node id="mixamorig_RightHandRing2" name="mixamorig_RightHandRing2" sid="mixamorig_RightHandRing2" type="JOINT">
                          <matrix sid="matrix">0.995081 -0.077945 0.061150 -0.000000 0.077945 0.234975 -0.968871 3.498000 0.061150 0.968871 0.239895 -0.000000 0.000000 0.000000 0.000000 1.000000</matrix>
                          <node id="mixamorig_RightHandRing3" name="mixamorig_RightHandRing3" sid="mixamorig_RightHandRing3" type="JOINT">
                            <matrix sid="matrix">0.998555 -0.050644 0.017958 -0.000000 0.050644 0.775333 -0.629519 2.984000 0.017958 0.629519 0.776777 0.000000 0.000000 0.000000 0.000000 1.000000</matrix>
                            <node id="mixamorig_RightHandRing4" name="mixamorig_RightHandRing4" sid="mixamorig_RightHandRing4" type="JOINT">
                              <matrix sid="matrix">1.000000 -0.000000 -0.000000 0.000000 -0.000000 1.000000 0.000000 4.922000 0.000000 -0.000000 1.000000 0.000000 0.000000 0.000000 0.000000 1.000000</matrix>
                            </node>
                          </node>
                        </node>
                      </node>
                      <node id="mixamorig_RightHandPinky1" name="mixamorig_RightHandPinky1" sid="mixamorig_RightHandPinky1" type="JOINT">
                        <matrix sid="matrix">0.992318 -0.086696 0.088257 -6.663900 0.108744 0.271062 -0.956400 12.707500 0.058993 0.958650 0.278407 0.878800 0.000000 0.000000 0.000000 1.000000</matrix>
                        <node id="mixamorig_RightHandPinky2" name="mixamorig_RightHandPinky2" sid="mixamorig_RightHandPinky2" type="JOINT">
                          <matrix sid="matrix">0.996876 -0.068779 0.038836 -0.000000 0.068779 0.514127 -0.854952 3.377000 0.038836 0.854952 0.517251 0.000000 0.000000 0.000000 0.000000 1.000000</matrix>
                          <node id="mixamorig_RightHandPinky3" name="mixamorig_RightHandPinky3" sid="mixamorig_RightHandPinky3" type="JOINT">
                            <matrix sid="matrix">0.995767 -0.075363 0.052622 -0.000000 0.075363 0.341642 -0.936804 2.998000 0.052623 0.936804 0.345876 0.000000 0.000000 0.000000 0.000000 1.000000</matrix>
                            <node id="mixamorig_RightHandPinky4" name="mixamorig_RightHandPinky4" sid="mixamorig_RightHandPinky4" type="JOINT">
                              <matrix sid="matrix">1.000000 0.000000 0.000000 0.000000 0.000000 1.000000 0.000000 5.798000 -0.000000 -0.000000 1.000000 -0.000000 0.000000 0.000000 0.000000 1.000000</matrix>
                            </node>
                          </node>
                        </node>
                      </node>
                    </node>
                  </node>
                </node>
              </node>
            </node>
            <node id="mixamorig_L_horn1" name="mixamorig_L_horn1" sid="mixamorig_L_horn1" type="JOINT">
              <matrix sid="matrix">0.602488 0.000515 0.798128 1.847600 -0.698753 0.483576 0.527160 4.379700 -0.385684 -0.875302 0.291709 -10.115900 0.000000 0.000000 0.000000 1.000000</matrix>
              <node id="mixamorig_L_horn2" name="mixamorig_L_horn2" sid="mixamorig_L_horn2" type="JOINT">
                <matrix sid="matrix">1.000000 0.000000 -0.000000 20.340599 -0.000000 1.000000 0.000000 0.000000 0.000000 -0.000000 1.000000 0.000000 0.000000 0.000000 0.000000 1.000000</matrix>
              </node>
            </node>
            <node id="mixamorig_R_horn1" name="mixamorig_R_horn1" sid="mixamorig_R_horn1" type="JOINT">
              <matrix sid="matrix">-0.591028 -0.129171 0.796242 -3.147700 -0.778219 0.351067 -0.520699 4.536700 -0.212275 -0.927398 -0.308014 -10.290500 0.000000 0.000000 0.000000 1.000000</matrix>
              <node id="mixamorig_R_horn2" name="mixamorig_R_horn2" sid="mixamorig_R_horn2" type="JOINT">
                <matrix sid="matrix">1.000000 0.000000 -0.000000 21.374399 0.000000 1.000000 0.000000 0.000000 -0.000000 0.000000 1.000000 0.000000 0.000000 0.000000 0.000000 1.000000</matrix>
              </node>
            </node>
          </node>
        </node>
        <node id="mixamorig_LeftUpLeg" name="mixamorig_LeftUpLeg" sid="mixamorig_LeftUpLeg" type="JOINT">
          <matrix sid="matrix">-0.998342 0.017662 -0.054792 13.026900 -0.052436 -0.671818 0.738858 -6.336300 -0.023760 0.740506 0.671630 -1.092800 0.000000 0.000000 0.000000 1.000000</matrix>
          <node id="mixamorig_LeftLeg" name="mixamorig_LeftLeg" sid="mixamorig_LeftLeg" type="JOINT">
            <matrix sid="matrix">0.993109 0.030712 -0.113097 0.000000 0.116326 -0.141148 0.983130 46.951000 0.014230 -0.989512 -0.143748 0.000000 0.000000 0.000000 0.000000 1.000000</matrix>
            <node id="mixamorig_LeftFoot" name="mixamorig_LeftFoot" sid="mixamorig_LeftFoot" type="JOINT">
              <matrix sid="matrix">0.987929 0.112141 -0.106870 0.000000 -0.154183 0.645086 -0.748392 55.112000 -0.014985 0.755836 0.654590 0.000000 0.000000 0.000000 0.000000 1.000000</matrix>
              <node id="mixamorig_LeftToeBase" name="mixamorig_LeftToeBase" sid="mixamorig_LeftToeBase" type="JOINT">
                <matrix sid="matrix">1.000000 -0.000000 0.000002 0.000000 0.000001 0.641824 -0.766852 22.799999 -0.000001 0.766852 0.641824 0.000000 0.000000 0.000000 0.000000 1.000000</matrix>
                <node id="mixamorig_LeftToe_End" name="mixamorig_LeftToe_End" sid="mixamorig_LeftToe_End" type="JOINT">
                  <matrix sid="matrix">1.000000 -0.000000 0.000000 -0.000000 0.000000 1.000000 0.000000 9.596000 0.000000 0.000000 1.000000 0.000000 0.000000 0.000000 0.000000 1.000000</matrix>
                </node>
              </node>
            </node>
          </node>
        </node>
        <node id="mixamorig_RightUpLeg" name="mixamorig_RightUpLeg" sid="mixamorig_RightUpLeg" type="JOINT">
          <matrix sid="matrix">-0.989439 0.056108 -0.133651 -12.883000 -0.101268 -0.927275 0.360423 -6.336200 -0.103708 0.370151 0.923164 -1.092800 0.000000 0.000000 0.000000 1.000000</matrix>
          <node id="mixamorig_RightLeg" name="mixamorig_RightLeg" sid="mixamorig_RightLeg" type="JOINT">
            <matrix sid="matrix">0.990606 0.098002 -0.095375 0.000000 0.035217 0.491088 0.870398 46.951099 0.132138 -0.865580 0.483023 0.000000 0.000000 0.000000 0.000000 1.000000</matrix>
            <node id="mixamorig_RightFoot" name="mixamorig_RightFoot" sid="mixamorig_RightFoot" type="JOINT">
              <matrix sid="matrix">0.999826 0.010369 -0.015527 -0.000000 -0.017084 0.172641 -0.984837 55.112000 -0.007531 0.984930 0.172788 0.000000 0.000000 0.000000 0.000000 1.000000</matrix>
              <node id="mixamorig_RightToeBase" name="mixamorig_RightToeBase" sid="mixamorig_RightToeBase" type="JOINT">
                <matrix sid="matrix">0.997976 -0.005059 -0.063390 -0.000000 -0.048392 0.586295 -0.808651 22.799999 0.041256 0.810082 0.584863 0.000000 0.000000 0.000000 0.000000 1.000000</matrix>
                <node id="mixamorig_RightToe_End" name="mixamorig_RightToe_End" sid="mixamorig_RightToe_End" type="JOINT">
                  <matrix sid="matrix">1.000000 0.000000 0.000000 0.000000 -0.000000 1.000000 0.000000 9.596000 -0.000000 0.000000 1.000000 0.000000 0.000000 0.000000 0.000000 1.000000</matrix>
                </node>
              </node>
            </node>
          </node>
        </node>
        <node id="mixamorig_L_C_skirt1" name="mixamorig_L_C_skirt1" sid="mixamorig_L_C_skirt1" type="JOINT">
          <matrix sid="matrix">0.035066 0.292039 0.955763 12.441200 -0.989026 0.147481 -0.008777 4.607000 -0.143520 -0.944967 0.294006 -11.833000 0.000000 0.000000 0.000000 1.000000</matrix>
          <node id="mixamorig_L_C_skirt2" name="mixamorig_L_C_skirt2" sid="mixamorig_L_C_skirt2" type="JOINT">
            <matrix sid="matrix">1.000000 0.000000 0.000000 27.657801 0.000000 1.000000 0.000000 0.000000 0.000000 0.000000 1.000000 -0.000000 0.000000 0.000000 0.000000 1.000000</matrix>
            <node id="mixamorig_L_C_skirt3" name="mixamorig_L_C_skirt3" sid="mixamorig_L_C_skirt3" type="JOINT">
              <matrix sid="matrix">1.000000 0.000000 0.000000 23.970100 0.000000 1.000000 0.000000 0.000000 -0.000000 0.000000 1.000000 -0.000000 0.000000 0.000000 0.000000 1.000000</matrix>
              <node id="mixamorig_L_C_skirt4" name="mixamorig_L_C_skirt4" sid="mixamorig_L_C_skirt4" type="JOINT">
                <matrix sid="matrix">1.000000 0.000000 0.000000 30.792400 0.000000 1.000000 0.000000 -0.000000 -0.000000 0.000000 1.000000 0.000000 0.000000 0.000000 0.000000 1.000000</matrix>
              </node>
            </node>
          </node>
        </node>
        <node id="mixamorig_L_A_skirt1" name="mixamorig_L_A_skirt1" sid="mixamorig_L_A_skirt1" type="JOINT">
          <matrix sid="matrix">0.142123 0.623442 -0.768844 18.178400 -0.988646 0.051128 -0.141295 3.981100 -0.048780 0.780196 0.623630 19.504801 0.000000 0.000000 0.000000 1.000000</matrix>
          <node id="mixamorig_L_A_skirt2" name="mixamorig_L_A_skirt2" sid="mixamorig_L_A_skirt2" type="JOINT">
            <matrix sid="matrix">1.000000 0.000000 0.000000 27.335699 0.000000 1.000000 0.000000 0.000000 0.000000 -0.000000 1.000000 0.000000 0.000000 0.000000 0.000000 1.000000</matrix>
            <node id="mixamorig_L_A_skirt3" name="mixamorig_L_A_skirt3" sid="mixamorig_L_A_skirt3" type="JOINT">
              <matrix sid="matrix">1.000000 0.000000 -0.000000 27.066099 -0.000000 1.000000 0.000000 0.000000 0.000000 -0.000000 1.000000 0.000000 0.000000 0.000000 0.000000 1.000000</matrix>
              <node id="mixamorig_L_A_skirt4" name="mixamorig_L_A_skirt4" sid="mixamorig_L_A_skirt4" type="JOINT">
                <matrix sid="matrix">1.000000 0.000000 -0.000000 30.881599 -0.000000 1.000000 -0.000000 0.000000 0.000000 0.000000 1.000000 0.000000 0.000000 0.000000 0.000000 1.000000</matrix>
              </node>
            </node>
          </node>
        </node>
        <node id="mixamorig_L_B_skirt1" name="mixamorig_L_B_skirt1" sid="mixamorig_L_B_skirt1" type="JOINT">
          <matrix sid="matrix">0.142186 0.942169 0.303482 22.933800 -0.985105 0.164643 -0.049605 6.145800 -0.096702 -0.291908 0.951545 0.309300 0.000000 0.000000 0.000000 1.000000</matrix>
          <node id="mixamorig_L_B_skirt2" name="mixamorig_L_B_skirt2" sid="mixamorig_L_B_skirt2" type="JOINT">
            <matrix sid="matrix">1.000000 0.000000 0.000000 27.083401 0.000000 1.000000 0.000000 0.000000 -0.000000 0.000000 1.000000 0.000000 0.000000 0.000000 0.000000 1.000000</matrix>
            <node id="mixamorig_L_B_skirt3" name="mixamorig_L_B_skirt3" sid="mixamorig_L_B_skirt3" type="JOINT">
              <matrix sid="matrix">1.000000 0.000000 0.000000 26.734800 0.000000 1.000000 0.000000 0.000000 0.000000 0.000000 1.000000 0.000000 0.000000 0.000000 0.000000 1.000000</matrix>
              <node id="mixamorig_L_B_skirt4" name="mixamorig_L_B_skirt4" sid="mixamorig_L_B_skirt4" type="JOINT">
                <matrix sid="matrix">1.000000 0.000000 0.000000 29.821199 0.000000 1.000000 -0.000000 -0.000000 0.000000 -0.000000 1.000000 -0.000000 0.000000 0.000000 0.000000 1.000000</matrix>
              </node>
            </node>
          </node>
        </node>
        <node id="mixamorig_R_C_skirt1" name="mixamorig_R_C_skirt1" sid="mixamorig_R_C_skirt1" type="JOINT">
          <matrix sid="matrix">-0.035070 -0.292039 0.955763 -12.297300 -0.989026 0.147482 0.008774 4.606800 -0.143520 -0.944967 -0.294006 -11.833000 0.000000 0.000000 0.000000 1.000000</matrix>
          <node id="mixamorig_R_C_skirt2" name="mixamorig_R_C_skirt2" sid="mixamorig_R_C_skirt2" type="JOINT">
            <matrix sid="matrix">1.000000 -0.000000 -0.000000 27.657600 -0.000000 1.000000 -0.000000 0.000100 -0.000000 0.000000 1.000000 -0.000000 0.000000 0.000000 0.000000 1.000000</matrix>
            <node id="mixamorig_R_C_skirt3" name="mixamorig_R_C_skirt3" sid="mixamorig_R_C_skirt3" type="JOINT">
              <matrix sid="matrix">1.000000 0.000000 -0.000000 23.969999 0.000000 1.000000 -0.000000 0.000000 -0.000000 0.000000 1.000000 0.000100 0.000000 0.000000 0.000000 1.000000</matrix>
              <node id="mixamorig_R_C_skirt4" name="mixamorig_R_C_skirt4" sid="mixamorig_R_C_skirt4" type="JOINT">
                <matrix sid="matrix">1.000000 0.000000 0.000000 30.792400 0.000000 1.000000 -0.000000 0.000000 -0.000000 0.000000 1.000000 -0.000000 0.000000 0.000000 0.000000 1.000000</matrix>
              </node>
            </node>
          </node>
        </node>
        <node id="mixamorig_R_A_skirt1" name="mixamorig_R_A_skirt1" sid="mixamorig_R_A_skirt1" type="JOINT">
          <matrix sid="matrix">-0.142126 -0.623440 -0.768845 -18.034500 -0.988646 0.051130 0.141298 3.980800 -0.048780 0.780197 -0.623629 19.504801 0.000000 0.000000 0.000000 1.000000</matrix>
          <node id="mixamorig_R_A_skirt2" name="mixamorig_R_A_skirt2" sid="mixamorig_R_A_skirt2" type="JOINT">
            <matrix sid="matrix">1.000000 0.000000 0.000000 27.335400 -0.000000 1.000000 -0.000000 -0.000100 -0.000000 0.000000 1.000000 0.000100 0.000000 0.000000 0.000000 1.000000</matrix>
            <node id="mixamorig_R_A_skirt3" name="mixamorig_R_A_skirt3" sid="mixamorig_R_A_skirt3" type="JOINT">
              <matrix sid="matrix">1.000000 0.000000 -0.000000 27.066099 -0.000000 1.000000 -0.000000 0.000100 -0.000000 0.000000 1.000000 0.000000 0.000000 0.000000 0.000000 1.000000</matrix>
              <node id="mixamorig_R_A_skirt4" name="mixamorig_R_A_skirt4" sid="mixamorig_R_A_skirt4" type="JOINT">
                <matrix sid="matrix">1.000000 0.000000 0.000000 30.881599 0.000000 1.000000 0.000000 0.000000 0.000000 0.000000 1.000000 0.000000 0.000000 0.000000 0.000000 1.000000</matrix>
              </node>
            </node>
          </node>
        </node>
        <node id="mixamorig_R_B_skirt1" name="mixamorig_R_B_skirt1" sid="mixamorig_R_B_skirt1" type="JOINT">
          <matrix sid="matrix">-0.142189 -0.942168 0.303482 -22.789900 -0.985105 0.164647 0.049604 6.145800 -0.096702 -0.291908 -0.951545 0.309300 0.000000 0.000000 0.000000 1.000000</matrix>
          <node id="mixamorig_R_B_skirt2" name="mixamorig_R_B_skirt2" sid="mixamorig_R_B_skirt2" type="JOINT">
            <matrix sid="matrix">1.000000 -0.000000 0.000000 27.083401 -0.000000 1.000000 0.000000 -0.000000 0.000000 -0.000000 1.000000 0.000000 0.000000 0.000000 0.000000 1.000000</matrix>
            <node id="mixamorig_R_B_skirt3" name="mixamorig_R_B_skirt3" sid="mixamorig_R_B_skirt3" type="JOINT">
              <matrix sid="matrix">1.000000 0.000000 0.000000 26.734699 -0.000000 1.000000 0.000000 0.000000 0.000000 -0.000000 1.000000 0.000000 0.000000 0.000000 0.000000 1.000000</matrix>
              <node id="mixamorig_R_B_skirt4" name="mixamorig_R_B_skirt4" sid="mixamorig_R_B_skirt4" type="JOINT">
                <matrix sid="matrix">1.000000 0.000000 0.000000 29.821199 0.000000 1.000000 0.000000 -0.000000 0.000000 0.000000 1.000000 0.000000 0.000000 0.000000 0.000000 1.000000</matrix>
              </node>
            </node>
          </node>
        </node>
        <node id="mixamorig_F_skirt1" name="mixamorig_F_skirt1" sid="mixamorig_F_skirt1" type="JOINT">
          <matrix sid="matrix">-0.000002 0.000000 -1.000000 -0.093700 -0.998606 0.052777 0.000002 -3.741800 0.052777 0.998606 0.000000 24.067699 0.000000 0.000000 0.000000 1.000000</matrix>
          <node id="mixamorig_F_skirt2" name="mixamorig_F_skirt2" sid="mixamorig_F_skirt2" type="JOINT">
            <matrix sid="matrix">1.000000 -0.000000 -0.000000 23.567801 0.000000 1.000000 -0.000000 -0.000000 -0.000000 -0.000000 1.000000 0.000000 0.000000 0.000000 0.000000 1.000000</matrix>
            <node id="mixamorig_F_skirt3" name="mixamorig_F_skirt3" sid="mixamorig_F_skirt3" type="JOINT">
              <matrix sid="matrix">1.000000 -0.000000 0.000000 23.545500 0.000000 1.000000 -0.000000 0.000000 0.000000 -0.000000 1.000000 -0.000000 0.000000 0.000000 0.000000 1.000000</matrix>
              <node id="mixamorig_F_skirt4" name="mixamorig_F_skirt4" sid="mixamorig_F_skirt4" type="JOINT">
                <matrix sid="matrix">1.000000 -0.000000 0.000000 24.919500 0.000000 1.000000 -0.000000 0.000000 0.000000 0.000000 1.000000 0.000000 0.000000 0.000000 0.000000 1.000000</matrix>
              </node>
            </node>
          </node>
        </node>
      </node>
    </visual_scene>
  </library_visual_scenes>
  <scene>
    <instance_visual_scene url="#RootNode"/>
  </scene>
</COLLADA>
