<?xml version="1.0" encoding="utf-8"?>
<COLLADA xmlns="http://www.collada.org/2005/11/COLLADASchema" version="1.4.1">
  <asset>
    <contributor>
      <author>Mixamo</author>
      <authoring_tool>COLLADA Mixamo exporter</authoring_tool>
      <comments/>
    </contributor>
    <created>2025-11-06T08:42:52Z</created>
    <modified>2025-11-06T08:42:52Z</modified>
    <revision/>
    <title/>
    <unit meter="0.010000"/>
    <up_axis>Y_UP</up_axis>
  </asset>
  <library_animations>
    <animation id="mixamorig_Hips-anim" name="mixamorig_Hips">
      <source id="mixamorig_Hips-Matrix-animation-input">
        <float_array id="mixamorig_Hips-Matrix-animation-input-array" count="22">

0.000000 0.033333 0.066667 0.100000 0.133333 0.166667 0.200000 0.233333 0.266667 0.300000 0.333333 0.366667 0.400000 0.433333 0.466667 0.500000
0.533333 0.566667 0.600000 0.633333 0.666667 0.700000</float_array>
        <technique_common>
          <accessor source="#mixamorig_Hips-Matrix-animation-input-array" count="22">
            <param name="TIME" type="float"/>
          </accessor>
        </technique_common>
      </source>
      <source id="mixamorig_Hips-Matrix-animation-output-transform">
        <float_array id="mixamorig_Hips-Matrix-animation-output-transform-array" count="352">

0.994296 0.090257 0.056833 -0.290854 -0.084595 0.991858 -0.095189 105.388687 -0.064961 0.089839 0.993836 -1.558046 0.000000 0.000000 0.000000 1.000000
0.996660 0.069695 0.042568 0.416512 -0.065435 0.993382 -0.094394 108.488220 -0.048865 0.091294 0.994624 0.898483 0.000000 0.000000 0.000000 1.000000
0.997394 0.045027 0.056365 0.860669 -0.039938 0.995287 -0.088367 113.281052 -0.060078 0.085885 0.994492 2.764916 0.000000 0.000000 0.000000 1.000000
0.995143 0.006579 0.098224 1.239807 0.002212 0.996018 -0.089127 117.259605 -0.098420 0.088911 0.991165 4.695791 0.000000 0.000000 0.000000 1.000000
0.994364 -0.001744 0.106008 1.333664 0.011691 0.995570 -0.093290 117.911713 -0.105376 0.094003 0.989979 6.559781 0.000000 0.000000 0.000000 1.000000
0.997262 0.000797 0.073948 1.742521 0.004432 0.997500 -0.070528 117.465935 -0.073819 0.070663 0.994765 7.248622 0.000000 0.000000 0.000000 1.000000
0.996955 -0.006504 0.077703 1.828846 0.010396 0.998706 -0.049782 116.204247 -0.077279 0.050438 0.995733 7.319216 0.000000 0.000000 0.000000 1.000000
0.994300 -0.014530 0.105627 1.751354 0.018953 0.998980 -0.040991 113.957855 -0.104924 0.042759 0.993561 5.821187 0.000000 0.000000 0.000000 1.000000
0.994595 -0.024999 0.100779 1.270801 0.028944 0.998864 -0.037867 109.223083 -0.099718 0.040579 0.994188 3.129099 0.000000 0.000000 0.000000 1.000000
0.995669 -0.035571 0.085897 0.877797 0.040452 0.997624 -0.055767 104.549744 -0.083709 0.059000 0.994742 0.446671 0.000000 0.000000 0.000000 1.000000
0.995513 -0.043677 0.083939 0.304562 0.049193 0.996684 -0.064813 103.341850 -0.080830 0.068651 0.994361 -0.960809 0.000000 0.000000 0.000000 1.000000
0.995822 -0.014093 0.090223 0.192579 0.020603 0.997218 -0.071636 105.901016 -0.088962 0.073196 0.993342 -0.168560 0.000000 0.000000 0.000000 1.000000
0.997850 0.024842 0.060641 0.255496 -0.019307 0.995735 -0.090217 110.179657 -0.062623 0.088852 0.994074 1.430697 0.000000 0.000000 0.000000 1.000000
0.997849 0.065447 0.003672 0.297361 -0.064483 0.990127 -0.124464 114.041817 -0.011782 0.123960 0.992217 1.979689 0.000000 0.000000 0.000000 1.000000
0.997168 0.074401 -0.010977 0.508611 -0.075205 0.985532 -0.151891 116.477180 -0.000483 0.152286 0.988336 1.336434 0.000000 0.000000 0.000000 1.000000
0.997719 0.066753 -0.010083 0.607103 -0.067501 0.988882 -0.132502 116.097458 0.001126 0.132881 0.991131 1.843421 0.000000 0.000000 0.000000 1.000000
0.998041 0.061412 -0.011930 0.549711 -0.062364 0.991737 -0.112112 114.767799 0.004946 0.112636 0.993624 2.420482 0.000000 0.000000 0.000000 1.000000
0.997929 0.064019 0.006236 0.334678 -0.062938 0.991865 -0.110645 112.375809 -0.013269 0.110023 0.993840 1.230142 0.000000 0.000000 0.000000 1.000000
0.997560 0.059975 0.035733 -0.129702 -0.055768 0.992482 -0.108948 109.301842 -0.041998 0.106690 0.993405 0.192478 0.000000 0.000000 0.000000 1.000000
0.993863 0.090912 0.063011 -0.648379 -0.083459 0.990172 -0.112226 105.214203 -0.072594 0.106279 0.991683 -1.975946 0.000000 0.000000 0.000000 1.000000
0.988860 0.123994 0.082351 -0.907898 -0.115436 0.988103 -0.101625 103.316589 -0.093973 0.090987 0.991408 -2.736887 0.000000 0.000000 0.000000 1.000000
0.994296 0.090257 0.056833 -0.290854 -0.084595 0.991858 -0.095189 105.388687 -0.064961 0.089839 0.993836 -1.558046 0.000000 0.000000 0.000000 1.000000</float_array>
        <technique_common>
          <accessor source="#mixamorig_Hips-Matrix-animation-output-transform-array" count="22" stride="16">
            <param type="float4x4"/>
          </accessor>
        </technique_common>
      </source>
      <source id="mixamorig_Hips-Interpolations">
        <Name_array id="mixamorig_Hips-Interpolations-array" count="22">
 LINEAR LINEAR LINEAR LINEAR LINEAR LINEAR LINEAR LINEAR LINEAR LINEAR LINEAR
LINEAR LINEAR LINEAR LINEAR LINEAR LINEAR LINEAR LINEAR LINEAR LINEAR LINEAR</Name_array>
        <technique_common>
          <accessor source="#mixamorig_Hips-Interpolations-array" count="22">
            <param type="name"/>
          </accessor>
        </technique_common>
      </source>
      <sampler id="mixamorig_Hips-Matrix-animation-transform">
        <input semantic="INPUT" source="#mixamorig_Hips-Matrix-animation-input"/>
        <input semantic="OUTPUT" source="#mixamorig_Hips-Matrix-animation-output-transform"/>
        <input semantic="INTERPOLATION" source="#mixamorig_Hips-Interpolations"/>
      </sampler>
      <channel source="#mixamorig_Hips-Matrix-animation-transform" target="mixamorig_Hips/matrix"/>
    </animation>
    <animation id="mixamorig_Spine-anim" name="mixamorig_Spine">
      <source id="mixamorig_Spine-Matrix-animation-input">
        <float_array id="mixamorig_Spine-Matrix-animation-input-array" count="22">

0.000000 0.033333 0.066667 0.100000 0.133333 0.166667 0.200000 0.233333 0.266667 0.300000 0.333333 0.366667 0.400000 0.433333 0.466667 0.500000
0.533333 0.566667 0.600000 0.633333 0.666667 0.700000</float_array>
        <technique_common>
          <accessor source="#mixamorig_Spine-Matrix-animation-input-array" count="22">
            <param name="TIME" type="float"/>
          </accessor>
        </technique_common>
      </source>
      <source id="mixamorig_Spine-Matrix-animation-output-transform">
        <float_array id="mixamorig_Spine-Matrix-animation-output-transform-array" count="352">

0.997782 -0.063247 0.020753 -0.000000 0.064793 0.994270 -0.085022 13.214800 -0.015256 0.086178 0.996163 0.000000 0.000000 0.000000 0.000000 1.000000
0.997539 -0.053414 0.045419 0.000000 0.056806 0.995411 -0.077006 13.214800 -0.041098 0.079396 0.995996 -0.000000 0.000000 0.000000 0.000000 1.000000
0.997339 -0.033901 0.064548 0.000000 0.038344 0.996888 -0.068882 13.214800 -0.062012 0.071174 0.995534 -0.000000 0.000000 0.000000 0.000000 1.000000
0.997519 -0.004144 0.070271 0.000000 0.008317 0.998212 -0.059198 13.214800 -0.069900 0.059636 0.995770 -0.000000 0.000000 0.000000 0.000000 1.000000
0.997115 0.010861 0.075125 0.000000 -0.007136 0.998739 -0.049684 13.214800 -0.075570 0.049005 0.995936 -0.000000 0.000000 0.000000 0.000000 1.000000
0.996899 0.016824 0.076870 0.000000 -0.012849 0.998569 -0.051907 13.214800 -0.077633 0.050759 0.995689 0.000000 0.000000 0.000000 0.000000 1.000000
0.996883 0.024291 0.075066 -0.000000 -0.019879 0.998062 -0.058962 13.214800 -0.076353 0.057286 0.995434 -0.000000 0.000000 0.000000 0.000000 1.000000
0.996974 0.030845 0.071360 -0.000000 -0.025950 0.997311 -0.068535 13.214800 -0.073282 0.066475 0.995093 0.000000 0.000000 0.000000 0.000000 1.000000
0.996974 0.040100 0.066597 0.000000 -0.034672 0.996131 -0.080747 13.214800 -0.069578 0.078193 0.994507 0.000000 0.000000 0.000000 0.000000 1.000000
0.997728 0.051745 0.043139 -0.000000 -0.047764 0.994914 -0.088685 13.214800 -0.047508 0.086423 0.995125 -0.000000 0.000000 0.000000 0.000000 1.000000
0.998165 0.060313 0.005458 0.000000 -0.059533 0.993781 -0.094099 13.214800 -0.011100 0.093602 0.995548 0.000000 0.000000 0.000000 0.000000 1.000000
0.998420 0.048246 -0.028814 -0.000000 -0.050754 0.994295 -0.093818 13.214800 0.024123 0.095132 0.995172 0.000000 0.000000 0.000000 0.000000 1.000000
0.998355 0.020136 -0.053689 0.000000 -0.024684 0.996037 -0.085442 13.214800 0.051756 0.086627 0.994896 0.000000 0.000000 0.000000 0.000000 1.000000
0.997387 -0.014435 -0.070793 0.000000 0.009012 0.997041 -0.076335 13.214800 0.071685 0.075497 0.994566 -0.000000 0.000000 0.000000 0.000000 1.000000
0.996301 -0.037152 -0.077483 0.000000 0.031580 0.996909 -0.071937 13.214800 0.079916 0.069224 0.994395 0.000000 0.000000 0.000000 0.000000 1.000000
0.996076 -0.044784 -0.076340 -0.000000 0.038772 0.996160 -0.078502 13.214800 0.079562 0.075234 0.993987 0.000000 0.000000 0.000000 0.000000 1.000000
0.996505 -0.047865 -0.068458 0.000000 0.042150 0.995690 -0.082610 13.214800 0.072117 0.079435 0.994228 0.000000 0.000000 0.000000 0.000000 1.000000
0.996237 -0.053407 -0.068268 -0.000000 0.047555 0.995275 -0.084653 13.214800 0.072466 0.081088 0.994069 0.000000 0.000000 0.000000 0.000000 1.000000
0.996335 -0.055691 -0.064931 0.000000 0.049901 0.994903 -0.087624 13.214800 0.069480 0.084063 0.994035 0.000000 0.000000 0.000000 0.000000 1.000000
0.996628 -0.068706 -0.044855 -0.000000 0.064341 0.993641 -0.092404 13.214800 0.050918 0.089206 0.994711 0.000000 0.000000 0.000000 0.000000 1.000000
0.996427 -0.082479 -0.018191 -0.000000 0.080448 0.992410 -0.093009 13.214800 0.025724 0.091213 0.995499 0.000000 0.000000 0.000000 0.000000 1.000000
0.997782 -0.063247 0.020753 -0.000000 0.064793 0.994270 -0.085022 13.214800 -0.015256 0.086178 0.996163 0.000000 0.000000 0.000000 0.000000 1.000000</float_array>
        <technique_common>
          <accessor source="#mixamorig_Spine-Matrix-animation-output-transform-array" count="22" stride="16">
            <param type="float4x4"/>
          </accessor>
        </technique_common>
      </source>
      <source id="mixamorig_Spine-Interpolations">
        <Name_array id="mixamorig_Spine-Interpolations-array" count="22">
 LINEAR LINEAR LINEAR LINEAR LINEAR LINEAR LINEAR LINEAR LINEAR LINEAR LINEAR
LINEAR LINEAR LINEAR LINEAR LINEAR LINEAR LINEAR LINEAR LINEAR LINEAR LINEAR</Name_array>
        <technique_common>
          <accessor source="#mixamorig_Spine-Interpolations-array" count="22">
            <param type="name"/>
          </accessor>
        </technique_common>
      </source>
      <sampler id="mixamorig_Spine-Matrix-animation-transform">
        <input semantic="INPUT" source="#mixamorig_Spine-Matrix-animation-input"/>
        <input semantic="OUTPUT" source="#mixamorig_Spine-Matrix-animation-output-transform"/>
        <input semantic="INTERPOLATION" source="#mixamorig_Spine-Interpolations"/>
      </sampler>
      <channel source="#mixamorig_Spine-Matrix-animation-transform" target="mixamorig_Spine/matrix"/>
    </animation>
    <animation id="mixamorig_Spine1-anim" name="mixamorig_Spine1">
      <source id="mixamorig_Spine1-Matrix-animation-input">
        <float_array id="mixamorig_Spine1-Matrix-animation-input-array" count="22">

0.000000 0.033333 0.066667 0.100000 0.133333 0.166667 0.200000 0.233333 0.266667 0.300000 0.333333 0.366667 0.400000 0.433333 0.466667 0.500000
0.533333 0.566667 0.600000 0.633333 0.666667 0.700000</float_array>
        <technique_common>
          <accessor source="#mixamorig_Spine1-Matrix-animation-input-array" count="22">
            <param name="TIME" type="float"/>
          </accessor>
        </technique_common>
      </source>
      <source id="mixamorig_Spine1-Matrix-animation-output-transform">
        <float_array id="mixamorig_Spine1-Matrix-animation-output-transform-array" count="352">

0.998374 -0.029681 0.048664 0.000000 0.037606 0.984549 -0.171026 9.224200 -0.042836 0.172578 0.984064 0.000000 0.000000 0.000000 0.000000 1.000000
0.996010 -0.013078 0.088280 0.000000 0.026874 0.987240 -0.156952 9.224200 -0.085100 0.158699 0.983653 0.000000 0.000000 0.000000 0.000000 1.000000
0.992382 0.003703 0.123147 0.000000 0.013831 0.989882 -0.141216 9.224200 -0.122424 0.141843 0.982290 -0.000000 0.000000 0.000000 0.000000 1.000000
0.989297 0.022980 0.144097 0.000000 -0.005545 0.992728 -0.120248 9.224200 -0.145813 0.118162 0.982230 -0.000000 0.000000 0.000000 0.000000 1.000000
0.986458 0.035923 0.160029 -0.000000 -0.019877 0.994712 -0.100766 9.224200 -0.162803 0.096221 0.981956 0.000000 0.000000 0.000000 0.000000 1.000000
0.985815 0.037290 0.163639 0.000000 -0.020284 0.994330 -0.104389 9.224200 -0.166603 0.099589 0.980982 -0.000000 0.000000 0.000000 0.000000 1.000000
0.987968 0.037548 0.150032 0.000000 -0.019926 0.992899 -0.117277 9.224200 -0.153370 0.112877 0.981701 0.000000 0.000000 0.000000 0.000000 1.000000
0.990757 0.037912 0.130242 0.000000 -0.020093 0.990574 -0.135496 9.224200 -0.134151 0.131627 0.982180 0.000000 0.000000 0.000000 0.000000 1.000000
0.993343 0.043770 0.106554 0.000000 -0.026396 0.986876 -0.159310 9.224200 -0.112129 0.155437 0.981461 0.000000 0.000000 0.000000 0.000000 1.000000
0.997488 0.040352 0.058214 0.000000 -0.029614 0.984165 -0.174761 9.224200 -0.064344 0.172598 0.982888 0.000000 0.000000 0.000000 0.000000 1.000000
0.999636 0.026479 -0.005230 0.000000 -0.026990 0.981962 -0.187140 9.224200 0.000180 0.187213 0.982319 -0.000000 0.000000 0.000000 0.000000 1.000000
0.998230 -0.003329 -0.059380 0.000000 -0.007998 0.981848 -0.189498 9.224200 0.058933 0.189638 0.980084 0.000000 0.000000 0.000000 0.000000 1.000000
0.994540 -0.038418 -0.097029 0.000000 0.020988 0.984408 -0.174644 9.224200 0.102226 0.171654 0.979839 0.000000 0.000000 0.000000 0.000000 1.000000
0.989478 -0.062219 -0.130624 0.000000 0.041516 0.986944 -0.155618 9.224200 0.138601 0.148558 0.979143 -0.000000 0.000000 0.000000 0.000000 1.000000
0.985022 -0.077767 -0.153896 0.000000 0.055247 0.987807 -0.145550 9.224200 0.163338 0.134868 0.977308 0.000000 0.000000 0.000000 0.000000 1.000000
0.983947 -0.079857 -0.159596 0.000000 0.054480 0.986017 -0.157490 9.224200 0.169941 0.146267 0.974539 -0.000000 0.000000 0.000000 0.000000 1.000000
0.986555 -0.077776 -0.143734 -0.000000 0.053611 0.984846 -0.164937 9.224200 0.154384 0.155013 0.975775 0.000000 0.000000 0.000000 0.000000 1.000000
0.988148 -0.078358 -0.131995 -0.000000 0.055556 0.984163 -0.168335 9.224200 0.143095 0.159007 0.976852 -0.000000 0.000000 0.000000 0.000000 1.000000
0.991323 -0.074610 -0.108226 -0.000000 0.055034 0.983250 -0.173752 9.224200 0.119377 0.166289 0.978824 -0.000000 0.000000 0.000000 0.000000 1.000000
0.995349 -0.073222 -0.062597 0.000000 0.060713 0.981329 -0.182505 9.224200 0.074791 0.177856 0.981210 0.000000 0.000000 0.000000 0.000000 1.000000
0.997395 -0.070211 -0.016517 0.000000 0.065984 0.980675 -0.184181 9.224200 0.029129 0.182611 0.982754 0.000000 0.000000 0.000000 0.000000 1.000000
0.998374 -0.029681 0.048664 0.000000 0.037606 0.984549 -0.171026 9.224200 -0.042836 0.172578 0.984064 0.000000 0.000000 0.000000 0.000000 1.000000</float_array>
        <technique_common>
          <accessor source="#mixamorig_Spine1-Matrix-animation-output-transform-array" count="22" stride="16">
            <param type="float4x4"/>
          </accessor>
        </technique_common>
      </source>
      <source id="mixamorig_Spine1-Interpolations">
        <Name_array id="mixamorig_Spine1-Interpolations-array" count="22">
 LINEAR LINEAR LINEAR LINEAR LINEAR LINEAR LINEAR LINEAR LINEAR LINEAR LINEAR
LINEAR LINEAR LINEAR LINEAR LINEAR LINEAR LINEAR LINEAR LINEAR LINEAR LINEAR</Name_array>
        <technique_common>
          <accessor source="#mixamorig_Spine1-Interpolations-array" count="22">
            <param type="name"/>
          </accessor>
        </technique_common>
      </source>
      <sampler id="mixamorig_Spine1-Matrix-animation-transform">
        <input semantic="INPUT" source="#mixamorig_Spine1-Matrix-animation-input"/>
        <input semantic="OUTPUT" source="#mixamorig_Spine1-Matrix-animation-output-transform"/>
        <input semantic="INTERPOLATION" source="#mixamorig_Spine1-Interpolations"/>
      </sampler>
      <channel source="#mixamorig_Spine1-Matrix-animation-transform" target="mixamorig_Spine1/matrix"/>
    </animation>
    <animation id="mixamorig_Spine2-anim" name="mixamorig_Spine2">
      <source id="mixamorig_Spine2-Matrix-animation-input">
        <float_array id="mixamorig_Spine2-Matrix-animation-input-array" count="22">

0.000000 0.033333 0.066667 0.100000 0.133333 0.166667 0.200000 0.233333 0.266667 0.300000 0.333333 0.366667 0.400000 0.433333 0.466667 0.500000
0.533333 0.566667 0.600000 0.633333 0.666667 0.700000</float_array>
        <technique_common>
          <accessor source="#mixamorig_Spine2-Matrix-animation-input-array" count="22">
            <param name="TIME" type="float"/>
          </accessor>
        </technique_common>
      </source>
      <source id="mixamorig_Spine2-Matrix-animation-output-transform">
        <float_array id="mixamorig_Spine2-Matrix-animation-output-transform-array" count="352">

0.998376 -0.029555 0.048710 0.000000 0.037489 0.984556 -0.171011 11.063000 -0.042904 0.172559 0.984064 -0.000000 0.000000 0.000000 0.000000 1.000000
0.996008 -0.012955 0.088321 0.000000 0.026756 0.987249 -0.156922 11.063000 -0.085162 0.158658 0.983654 0.000000 0.000000 0.000000 0.000000 1.000000
0.992377 0.003823 0.123183 0.000000 0.013710 0.989890 -0.141172 11.063000 -0.122477 0.141784 0.982292 0.000000 0.000000 0.000000 0.000000 1.000000
0.989290 0.023096 0.144125 -0.000000 -0.005666 0.992734 -0.120195 11.063000 -0.145854 0.118091 0.982233 -0.000000 0.000000 0.000000 0.000000 1.000000
0.986451 0.036036 0.160050 0.000000 -0.019999 0.994715 -0.100706 11.063000 -0.162834 0.096141 0.981958 0.000000 0.000000 0.000000 0.000000 1.000000
0.985807 0.037403 0.163661 0.000000 -0.020407 0.994334 -0.104328 11.063000 -0.166636 0.099507 0.980985 0.000000 0.000000 0.000000 0.000000 1.000000
0.987959 0.037664 0.150059 -0.000000 -0.020048 0.992903 -0.117221 11.063000 -0.153409 0.112801 0.981703 0.000000 0.000000 0.000000 0.000000 1.000000
0.990748 0.038031 0.130275 0.000000 -0.020214 0.990578 -0.135447 11.063000 -0.134199 0.131561 0.982182 0.000000 0.000000 0.000000 0.000000 1.000000
0.993333 0.043892 0.106597 0.000000 -0.026515 0.986879 -0.159269 11.063000 -0.112189 0.155381 0.981463 0.000000 0.000000 0.000000 0.000000 1.000000
0.997480 0.040478 0.058262 -0.000000 -0.029732 0.984166 -0.174738 11.063000 -0.064412 0.172566 0.982890 -0.000000 0.000000 0.000000 0.000000 1.000000
0.999633 0.026608 -0.005178 0.000000 -0.027107 0.981959 -0.187140 11.063000 0.000105 0.187211 0.982320 0.000000 0.000000 0.000000 0.000000 1.000000
0.998233 -0.003201 -0.059327 0.000000 -0.008115 0.981843 -0.189520 11.063000 0.058856 0.189666 0.980083 0.000000 0.000000 0.000000 0.000000 1.000000
0.994549 -0.038293 -0.096982 0.000000 0.020869 0.984404 -0.174681 11.063000 0.102158 0.171705 0.979837 -0.000000 0.000000 0.000000 0.000000 1.000000
0.989491 -0.062099 -0.130583 -0.000000 0.041395 0.986942 -0.155669 11.063000 0.138545 0.148627 0.979140 -0.000000 0.000000 0.000000 0.000000 1.000000
0.985037 -0.077650 -0.153859 0.000000 0.055124 0.987805 -0.145610 11.063000 0.163289 0.134950 0.977305 0.000000 0.000000 0.000000 0.000000 1.000000
0.983964 -0.079739 -0.159554 0.000000 0.054358 0.986013 -0.157552 11.063000 0.169886 0.146353 0.974536 0.000000 0.000000 0.000000 0.000000 1.000000
0.986571 -0.077656 -0.143690 0.000000 0.053490 0.984843 -0.164993 11.063000 0.154325 0.155091 0.975772 -0.000000 0.000000 0.000000 0.000000 1.000000
0.988164 -0.078237 -0.131950 -0.000000 0.055435 0.984161 -0.168387 11.063000 0.143034 0.159080 0.976849 0.000000 0.000000 0.000000 0.000000 1.000000
0.991337 -0.074487 -0.108179 -0.000000 0.054914 0.983249 -0.173796 11.063000 0.119312 0.166349 0.978822 0.000000 0.000000 0.000000 0.000000 1.000000
0.995362 -0.073095 -0.062546 0.000000 0.060595 0.981331 -0.182532 11.063000 0.074721 0.177895 0.981208 0.000000 0.000000 0.000000 0.000000 1.000000
0.997405 -0.070084 -0.016466 -0.000000 0.065868 0.980681 -0.184191 11.063000 0.029056 0.182628 0.982753 0.000000 0.000000 0.000000 0.000000 1.000000
0.998376 -0.029555 0.048710 0.000000 0.037489 0.984556 -0.171011 11.063000 -0.042904 0.172559 0.984064 -0.000000 0.000000 0.000000 0.000000 1.000000</float_array>
        <technique_common>
          <accessor source="#mixamorig_Spine2-Matrix-animation-output-transform-array" count="22" stride="16">
            <param type="float4x4"/>
          </accessor>
        </technique_common>
      </source>
      <source id="mixamorig_Spine2-Interpolations">
        <Name_array id="mixamorig_Spine2-Interpolations-array" count="22">
 LINEAR LINEAR LINEAR LINEAR LINEAR LINEAR LINEAR LINEAR LINEAR LINEAR LINEAR
LINEAR LINEAR LINEAR LINEAR LINEAR LINEAR LINEAR LINEAR LINEAR LINEAR LINEAR</Name_array>
        <technique_common>
          <accessor source="#mixamorig_Spine2-Interpolations-array" count="22">
            <param type="name"/>
          </accessor>
        </technique_common>
      </source>
      <sampler id="mixamorig_Spine2-Matrix-animation-transform">
        <input semantic="INPUT" source="#mixamorig_Spine2-Matrix-animation-input"/>
        <input semantic="OUTPUT" source="#mixamorig_Spine2-Matrix-animation-output-transform"/>
        <input semantic="INTERPOLATION" source="#mixamorig_Spine2-Interpolations"/>
      </sampler>
      <channel source="#mixamorig_Spine2-Matrix-animation-transform" target="mixamorig_Spine2/matrix"/>
    </animation>
    <animation id="mixamorig_Neck-anim" name="mixamorig_Neck">
      <source id="mixamorig_Neck-Matrix-animation-input">
        <float_array id="mixamorig_Neck-Matrix-animation-input-array" count="22">

0.000000 0.033333 0.066667 0.100000 0.133333 0.166667 0.200000 0.233333 0.266667 0.300000 0.333333 0.366667 0.400000 0.433333 0.466667 0.500000
0.533333 0.566667 0.600000 0.633333 0.666667 0.700000</float_array>
        <technique_common>
          <accessor source="#mixamorig_Neck-Matrix-animation-input-array" count="22">
            <param name="TIME" type="float"/>
          </accessor>
        </technique_common>
      </source>
      <source id="mixamorig_Neck-Matrix-animation-output-transform">
        <float_array id="mixamorig_Neck-Matrix-animation-output-transform-array" count="352">

0.998465 0.007577 -0.054863 -0.006000 -0.000366 0.991478 0.130270 23.723499 0.055382 -0.130050 0.989959 -1.446200 0.000000 0.000000 0.000000 1.000000
0.996896 0.019106 -0.076371 -0.006000 -0.008832 0.991122 0.132664 23.723499 0.078228 -0.131578 0.988214 -1.446200 0.000000 0.000000 0.000000 1.000000
0.994094 0.009508 -0.108101 -0.006000 0.002986 0.993380 0.114837 23.723499 0.108478 -0.114481 0.987485 -1.446200 0.000000 0.000000 0.000000 1.000000
0.991785 0.010401 -0.127490 -0.006000 0.001978 0.995322 0.096592 23.723499 0.127898 -0.096051 0.987125 -1.446200 0.000000 0.000000 0.000000 1.000000
0.989549 -0.007671 -0.143994 -0.006000 0.015297 0.998534 0.051927 23.723499 0.143385 -0.053587 0.988215 -1.446200 0.000000 0.000000 0.000000 1.000000
0.989677 -0.025513 -0.141026 -0.006000 0.029022 0.999317 0.022885 23.723499 0.140345 -0.026742 0.989741 -1.446200 0.000000 0.000000 0.000000 1.000000
0.991887 -0.007040 -0.126924 -0.006000 0.011374 0.999375 0.033455 23.723499 0.126609 -0.034627 0.991348 -1.446200 0.000000 0.000000 0.000000 1.000000
0.992798 -0.005584 -0.119669 -0.006000 0.010990 0.998946 0.044567 23.723499 0.119294 -0.045561 0.991813 -1.446200 0.000000 0.000000 0.000000 1.000000
0.993754 -0.023328 -0.109128 -0.006000 0.032332 0.996150 0.081489 23.723499 0.106807 -0.084508 0.990682 -1.446200 0.000000 0.000000 0.000000 1.000000
0.996500 -0.027115 -0.079078 -0.006000 0.035412 0.993790 0.105482 23.723499 0.075727 -0.107913 0.991272 -1.446200 0.000000 0.000000 0.000000 1.000000
0.999161 -0.012875 -0.038886 -0.006000 0.017251 0.993288 0.114374 23.723499 0.037152 -0.114949 0.992676 -1.446200 0.000000 0.000000 0.000000 1.000000
0.999112 -0.036681 -0.020743 -0.006000 0.039281 0.988902 0.143282 23.723499 0.015258 -0.143970 0.989464 -1.446200 0.000000 0.000000 0.000000 1.000000
0.999287 0.021230 0.031229 -0.006000 -0.025097 0.991302 0.129192 23.723499 -0.028215 -0.129883 0.991128 -1.446200 0.000000 0.000000 0.000000 1.000000
0.997906 0.004524 0.064527 -0.006000 -0.014466 0.987893 0.154459 23.723499 -0.063047 -0.155069 0.985890 -1.446200 0.000000 0.000000 0.000000 1.000000
0.996213 0.005410 0.086781 -0.006000 -0.020289 0.984974 0.171508 23.723499 -0.084550 -0.172619 0.981353 -1.446200 0.000000 0.000000 0.000000 1.000000
0.995232 0.013044 0.096661 -0.006000 -0.030297 0.983339 0.179241 23.723499 -0.092713 -0.181315 0.979045 -1.446200 0.000000 0.000000 0.000000 1.000000
0.995988 0.021531 0.086859 -0.006000 -0.034963 0.987103 0.156221 23.723499 -0.082375 -0.158631 0.983896 -1.446200 0.000000 0.000000 0.000000 1.000000
0.996209 0.031453 0.081110 -0.006000 -0.043023 0.988479 0.145112 23.723499 -0.075612 -0.148052 0.986085 -1.446200 0.000000 0.000000 0.000000 1.000000
0.995684 0.055416 0.074446 -0.006000 -0.066329 0.985968 0.153189 23.723499 -0.064912 -0.157465 0.985389 -1.446200 0.000000 0.000000 0.000000 1.000000
0.998210 0.047049 0.036931 -0.006000 -0.052447 0.985348 0.162291 23.723499 -0.028755 -0.163937 0.986052 -1.446200 0.000000 0.000000 0.000000 1.000000
0.999081 0.042798 -0.002178 -0.006000 -0.041947 0.987086 0.154603 23.723499 0.008766 -0.154370 0.987974 -1.446200 0.000000 0.000000 0.000000 1.000000
0.998465 0.007577 -0.054863 -0.006000 -0.000366 0.991478 0.130270 23.723499 0.055382 -0.130050 0.989959 -1.446200 0.000000 0.000000 0.000000 1.000000</float_array>
        <technique_common>
          <accessor source="#mixamorig_Neck-Matrix-animation-output-transform-array" count="22" stride="16">
            <param type="float4x4"/>
          </accessor>
        </technique_common>
      </source>
      <source id="mixamorig_Neck-Interpolations">
        <Name_array id="mixamorig_Neck-Interpolations-array" count="22">
 LINEAR LINEAR LINEAR LINEAR LINEAR LINEAR LINEAR LINEAR LINEAR LINEAR LINEAR
LINEAR LINEAR LINEAR LINEAR LINEAR LINEAR LINEAR LINEAR LINEAR LINEAR LINEAR</Name_array>
        <technique_common>
          <accessor source="#mixamorig_Neck-Interpolations-array" count="22">
            <param type="name"/>
          </accessor>
        </technique_common>
      </source>
      <sampler id="mixamorig_Neck-Matrix-animation-transform">
        <input semantic="INPUT" source="#mixamorig_Neck-Matrix-animation-input"/>
        <input semantic="OUTPUT" source="#mixamorig_Neck-Matrix-animation-output-transform"/>
        <input semantic="INTERPOLATION" source="#mixamorig_Neck-Interpolations"/>
      </sampler>
      <channel source="#mixamorig_Neck-Matrix-animation-transform" target="mixamorig_Neck/matrix"/>
    </animation>
    <animation id="mixamorig_Head-anim" name="mixamorig_Head">
      <source id="mixamorig_Head-Matrix-animation-input">
        <float_array id="mixamorig_Head-Matrix-animation-input-array" count="22">

0.000000 0.033333 0.066667 0.100000 0.133333 0.166667 0.200000 0.233333 0.266667 0.300000 0.333333 0.366667 0.400000 0.433333 0.466667 0.500000
0.533333 0.566667 0.600000 0.633333 0.666667 0.700000</float_array>
        <technique_common>
          <accessor source="#mixamorig_Head-Matrix-animation-input-array" count="22">
            <param name="TIME" type="float"/>
          </accessor>
        </technique_common>
      </source>
      <source id="mixamorig_Head-Matrix-animation-output-transform">
        <float_array id="mixamorig_Head-Matrix-animation-output-transform-array" count="352">

0.987594 0.090815 -0.128108 -0.000000 -0.057729 0.968649 0.241632 10.037100 0.146036 -0.231239 0.961874 3.529500 0.000000 0.000000 0.000000 1.000000
0.975794 0.083797 -0.201999 0.000000 -0.042689 0.978893 0.199864 10.037100 0.214483 -0.186403 0.958776 3.529500 0.000000 0.000000 0.000000 1.000000
0.957954 0.084562 -0.274178 0.000000 -0.037339 0.984198 0.173088 10.037100 0.284482 -0.155573 0.945974 3.529500 0.000000 0.000000 0.000000 1.000000
0.940384 0.052648 -0.336014 0.000000 -0.015807 0.993644 0.111451 10.037100 0.339746 -0.099496 0.935240 3.529500 0.000000 0.000000 0.000000 1.000000
0.931204 0.051046 -0.360907 0.000000 -0.014226 0.994480 0.103953 10.037100 0.364221 -0.091667 0.926790 3.529500 0.000000 0.000000 0.000000 1.000000
0.942001 0.065988 -0.329058 0.000000 -0.028125 0.992552 0.118530 10.037100 0.334428 -0.102401 0.936841 3.529500 0.000000 0.000000 0.000000 1.000000
0.944878 0.027019 -0.326307 0.000000 0.003490 0.995702 0.092554 10.037100 0.327405 -0.088591 0.940722 3.529500 0.000000 0.000000 0.000000 1.000000
0.945484 -0.009167 -0.325539 0.000000 0.043517 0.994196 0.098393 10.037100 0.322748 -0.107196 0.940395 3.529500 0.000000 0.000000 0.000000 1.000000
0.956296 -0.033052 -0.290527 0.000000 0.074930 0.988114 0.134227 10.037100 0.282637 -0.150130 0.947405 3.529500 0.000000 0.000000 0.000000 1.000000
0.972242 -0.061276 -0.225810 -0.000000 0.110912 0.970474 0.214192 10.037100 0.206018 -0.233292 0.950332 3.529500 0.000000 0.000000 0.000000 1.000000
0.984650 -0.083840 -0.153088 0.000000 0.121702 0.958489 0.257850 10.037100 0.125115 -0.272523 0.953980 3.529500 0.000000 0.000000 0.000000 1.000000
0.996402 -0.054169 -0.065186 -0.000000 0.069100 0.964549 0.254695 10.037100 0.049079 -0.258283 0.964822 3.529500 0.000000 0.000000 0.000000 1.000000
0.998550 -0.053496 0.005989 0.000000 0.050330 0.967300 0.248591 10.037100 -0.019092 -0.247929 0.968590 3.529500 0.000000 0.000000 0.000000 1.000000
0.991852 -0.027532 0.124383 -0.000000 0.005423 0.984607 0.174701 10.037100 -0.127278 -0.172604 0.976733 3.529500 0.000000 0.000000 0.000000 1.000000
0.982253 -0.006468 0.187448 -0.000000 -0.024852 0.986105 0.164251 10.037100 -0.185906 -0.165995 0.968445 3.529500 0.000000 0.000000 0.000000 1.000000
0.978103 -0.001826 0.208116 0.000000 -0.036766 0.982719 0.181417 10.037100 -0.204851 -0.185096 0.961133 3.529500 0.000000 0.000000 0.000000 1.000000
0.980500 0.033284 0.193679 -0.000000 -0.072698 0.977071 0.200120 10.037100 -0.182577 -0.210298 0.960438 3.529500 0.000000 0.000000 0.000000 1.000000
0.982984 0.052703 0.175966 -0.000000 -0.088757 0.974980 0.203804 10.037100 -0.160822 -0.215955 0.963068 3.529500 0.000000 0.000000 0.000000 1.000000
0.992033 0.037550 0.120252 -0.000000 -0.063202 0.974074 0.217224 10.037100 -0.108977 -0.223094 0.968686 3.529500 0.000000 0.000000 0.000000 1.000000
0.996762 0.064214 0.048392 0.000000 -0.074679 0.962409 0.261135 10.037100 -0.029804 -0.263903 0.964089 3.529500 0.000000 0.000000 0.000000 1.000000
0.996117 0.077053 -0.042592 0.000000 -0.063278 0.962947 0.262160 10.037100 0.061214 -0.258447 0.964084 3.529500 0.000000 0.000000 0.000000 1.000000
0.987594 0.090815 -0.128108 -0.000000 -0.057729 0.968649 0.241632 10.037100 0.146036 -0.231239 0.961874 3.529500 0.000000 0.000000 0.000000 1.000000</float_array>
        <technique_common>
          <accessor source="#mixamorig_Head-Matrix-animation-output-transform-array" count="22" stride="16">
            <param type="float4x4"/>
          </accessor>
        </technique_common>
      </source>
      <source id="mixamorig_Head-Interpolations">
        <Name_array id="mixamorig_Head-Interpolations-array" count="22">
 LINEAR LINEAR LINEAR LINEAR LINEAR LINEAR LINEAR LINEAR LINEAR LINEAR LINEAR
LINEAR LINEAR LINEAR LINEAR LINEAR LINEAR LINEAR LINEAR LINEAR LINEAR LINEAR</Name_array>
        <technique_common>
          <accessor source="#mixamorig_Head-Interpolations-array" count="22">
            <param type="name"/>
          </accessor>
        </technique_common>
      </source>
      <sampler id="mixamorig_Head-Matrix-animation-transform">
        <input semantic="INPUT" source="#mixamorig_Head-Matrix-animation-input"/>
        <input semantic="OUTPUT" source="#mixamorig_Head-Matrix-animation-output-transform"/>
        <input semantic="INTERPOLATION" source="#mixamorig_Head-Interpolations"/>
      </sampler>
      <channel source="#mixamorig_Head-Matrix-animation-transform" target="mixamorig_Head/matrix"/>
    </animation>
    <animation id="mixamorig_LeftShoulder-anim" name="mixamorig_LeftShoulder">
      <source id="mixamorig_LeftShoulder-Matrix-animation-input">
        <float_array id="mixamorig_LeftShoulder-Matrix-animation-input-array" count="22">

0.000000 0.033333 0.066667 0.100000 0.133333 0.166667 0.200000 0.233333 0.266667 0.300000 0.333333 0.366667 0.400000 0.433333 0.466667 0.500000
0.533333 0.566667 0.600000 0.633333 0.666667 0.700000</float_array>
        <technique_common>
          <accessor source="#mixamorig_LeftShoulder-Matrix-animation-input-array" count="22">
            <param name="TIME" type="float"/>
          </accessor>
        </technique_common>
      </source>
      <source id="mixamorig_LeftShoulder-Matrix-animation-output-transform">
        <float_array id="mixamorig_LeftShoulder-Matrix-animation-output-transform-array" count="352">

0.004181 0.808519 -0.588455 11.304900 0.031532 -0.588275 -0.808046 19.886000 -0.999494 -0.015177 -0.027954 -3.966000 0.000000 0.000000 0.000000 1.000000
-0.011090 0.813878 -0.580930 11.304900 0.032410 -0.580368 -0.813709 19.886000 -0.999413 -0.027852 -0.019942 -3.966000 0.000000 0.000000 0.000000 1.000000
-0.028661 0.820498 -0.570930 11.304900 0.033105 -0.570072 -0.820927 19.886000 -0.999041 -0.042429 -0.010823 -3.966000 0.000000 0.000000 0.000000 1.000000
-0.045815 0.826820 -0.560598 11.304900 0.033315 -0.559610 -0.828086 19.886000 -0.998394 -0.056615 -0.001907 -3.966000 0.000000 0.000000 0.000000 1.000000
-0.058280 0.830704 -0.553655 11.304900 0.033096 -0.552685 -0.832733 19.886000 -0.997752 -0.066855 0.004718 -3.966000 0.000000 0.000000 0.000000 1.000000
-0.060577 0.829693 -0.554923 11.304900 0.032888 -0.553983 -0.831878 19.886000 -0.997622 -0.068643 0.006272 -3.966000 0.000000 0.000000 0.000000 1.000000
-0.048696 0.822561 -0.566588 11.304900 0.032882 -0.565633 -0.824001 19.886000 -0.998272 -0.058756 0.000497 -3.966000 0.000000 0.000000 0.000000 1.000000
-0.022847 0.810767 -0.584923 11.304900 0.032416 -0.584167 -0.810986 19.886000 -0.999213 -0.037489 -0.012935 -3.966000 0.000000 0.000000 0.000000 1.000000
0.011859 0.798673 -0.601648 11.304900 0.030860 -0.601696 -0.798129 19.886000 -0.999453 -0.009102 -0.031782 -3.966000 0.000000 0.000000 0.000000 1.000000
0.047456 0.791143 -0.609787 11.304900 0.028905 -0.611307 -0.790866 19.886000 -0.998455 0.019906 -0.051878 -3.966000 0.000000 0.000000 0.000000 1.000000
0.076039 0.789798 -0.608636 11.304900 0.027886 -0.611849 -0.790483 19.886000 -0.996715 0.043135 -0.068549 -3.966000 0.000000 0.000000 0.000000 1.000000
0.092138 0.792037 -0.603479 11.304900 0.028048 -0.607881 -0.793532 19.886000 -0.995351 0.056188 -0.078224 -3.966000 0.000000 0.000000 0.000000 1.000000
0.095098 0.793985 -0.600454 11.304900 0.028494 -0.605111 -0.795631 19.886000 -0.995060 0.058554 -0.080168 -3.966000 0.000000 0.000000 0.000000 1.000000
0.090015 0.793709 -0.601601 11.304900 0.028579 -0.605863 -0.795056 19.886000 -0.995530 0.054374 -0.077220 -3.966000 0.000000 0.000000 0.000000 1.000000
0.084599 0.791712 -0.605008 11.304900 0.028338 -0.608851 -0.792778 19.886000 -0.996012 0.049923 -0.073944 -3.966000 0.000000 0.000000 0.000000 1.000000
0.083583 0.789256 -0.608349 11.304900 0.027944 -0.612101 -0.790286 19.886000 -0.996109 0.049054 -0.073217 -3.966000 0.000000 0.000000 0.000000 1.000000
0.085886 0.787081 -0.610841 11.304900 0.027519 -0.614747 -0.788244 19.886000 -0.995925 0.050889 -0.074457 -3.966000 0.000000 0.000000 0.000000 1.000000
0.086350 0.786128 -0.612001 11.304900 0.027332 -0.615934 -0.787324 19.886000 -0.995890 0.051258 -0.074672 -3.966000 0.000000 0.000000 0.000000 1.000000
0.079642 0.788121 -0.610346 11.304900 0.027810 -0.613810 -0.788964 19.886000 -0.996436 0.045861 -0.070803 -3.966000 0.000000 0.000000 0.000000 1.000000
0.063020 0.793917 -0.604751 11.304900 0.029052 -0.607158 -0.794050 19.886000 -0.997589 0.032472 -0.061328 -3.966000 0.000000 0.000000 0.000000 1.000000
0.037018 0.801823 -0.596414 11.304900 0.030508 -0.597451 -0.801325 19.886000 -0.998849 0.011468 -0.046579 -3.966000 0.000000 0.000000 0.000000 1.000000
0.004181 0.808519 -0.588455 11.304900 0.031532 -0.588275 -0.808046 19.886000 -0.999494 -0.015177 -0.027954 -3.966000 0.000000 0.000000 0.000000 1.000000</float_array>
        <technique_common>
          <accessor source="#mixamorig_LeftShoulder-Matrix-animation-output-transform-array" count="22" stride="16">
            <param type="float4x4"/>
          </accessor>
        </technique_common>
      </source>
      <source id="mixamorig_LeftShoulder-Interpolations">
        <Name_array id="mixamorig_LeftShoulder-Interpolations-array" count="22">
 LINEAR LINEAR LINEAR LINEAR LINEAR LINEAR LINEAR LINEAR LINEAR LINEAR LINEAR
LINEAR LINEAR LINEAR LINEAR LINEAR LINEAR LINEAR LINEAR LINEAR LINEAR LINEAR</Name_array>
        <technique_common>
          <accessor source="#mixamorig_LeftShoulder-Interpolations-array" count="22">
            <param type="name"/>
          </accessor>
        </technique_common>
      </source>
      <sampler id="mixamorig_LeftShoulder-Matrix-animation-transform">
        <input semantic="INPUT" source="#mixamorig_LeftShoulder-Matrix-animation-input"/>
        <input semantic="OUTPUT" source="#mixamorig_LeftShoulder-Matrix-animation-output-transform"/>
        <input semantic="INTERPOLATION" source="#mixamorig_LeftShoulder-Interpolations"/>
      </sampler>
      <channel source="#mixamorig_LeftShoulder-Matrix-animation-transform" target="mixamorig_LeftShoulder/matrix"/>
    </animation>
    <animation id="mixamorig_LeftArm-anim" name="mixamorig_LeftArm">
      <source id="mixamorig_LeftArm-Matrix-animation-input">
        <float_array id="mixamorig_LeftArm-Matrix-animation-input-array" count="22">

0.000000 0.033333 0.066667 0.100000 0.133333 0.166667 0.200000 0.233333 0.266667 0.300000 0.333333 0.366667 0.400000 0.433333 0.466667 0.500000
0.533333 0.566667 0.600000 0.633333 0.666667 0.700000</float_array>
        <technique_common>
          <accessor source="#mixamorig_LeftArm-Matrix-animation-input-array" count="22">
            <param name="TIME" type="float"/>
          </accessor>
        </technique_common>
      </source>
      <source id="mixamorig_LeftArm-Matrix-animation-output-transform">
        <float_array id="mixamorig_LeftArm-Matrix-animation-output-transform-array" count="352">

0.899531 0.425439 -0.099223 0.000000 -0.391311 0.683716 -0.615961 12.686800 -0.194213 0.592904 0.781503 0.000000 0.000000 0.000000 0.000000 1.000000
0.878924 0.467969 -0.092179 0.000000 -0.431931 0.698964 -0.569986 12.686800 -0.202306 0.540790 0.816467 0.000000 0.000000 0.000000 0.000000 1.000000
0.866079 0.496992 -0.053916 0.000000 -0.450431 0.729026 -0.515396 12.686800 -0.216841 0.470659 0.855254 0.000000 0.000000 0.000000 0.000000 1.000000
0.858395 0.512985 -0.001931 0.000000 -0.456259 0.761742 -0.459974 12.686800 -0.234489 0.395720 0.887930 0.000000 0.000000 0.000000 0.000000 1.000000
0.854124 0.518092 0.045313 0.000000 -0.455633 0.787459 -0.415098 12.686800 -0.250741 0.333899 0.908648 0.000000 0.000000 0.000000 0.000000 1.000000
0.859553 0.505874 0.072533 0.000000 -0.443335 0.808717 -0.386564 12.686800 -0.254211 0.300115 0.919406 0.000000 0.000000 0.000000 0.000000 1.000000
0.886474 0.456972 0.073083 -0.000000 -0.401389 0.837829 -0.370040 12.686800 -0.230328 0.298696 0.926137 0.000000 0.000000 0.000000 0.000000 1.000000
0.933869 0.354276 0.048758 0.000000 -0.313410 0.876452 -0.365521 12.686800 -0.172230 0.326067 0.929525 0.000000 0.000000 0.000000 0.000000 1.000000
0.978404 0.206423 0.010747 0.000000 -0.186315 0.903228 -0.386608 12.686800 -0.089512 0.376256 0.922182 -0.000000 0.000000 0.000000 0.000000 1.000000
0.998265 0.054511 -0.022259 0.000000 -0.058755 0.897526 -0.437029 12.686800 -0.003845 0.437579 0.899172 0.000000 0.000000 0.000000 0.000000 1.000000
0.997367 -0.057715 -0.043901 0.000000 0.028678 0.869991 -0.492233 12.686800 0.066603 0.489678 0.869356 0.000000 0.000000 0.000000 0.000000 1.000000
0.990864 -0.116571 -0.067828 0.000000 0.064070 0.849402 -0.523843 12.686800 0.118678 0.514712 0.849110 0.000000 0.000000 0.000000 0.000000 1.000000
0.985413 -0.133814 -0.105141 0.000000 0.059576 0.849987 -0.523424 12.686800 0.159410 0.509525 0.845561 0.000000 0.000000 0.000000 0.000000 1.000000
0.980354 -0.128408 -0.149726 -0.000000 0.036712 0.864599 -0.501120 12.686800 0.193801 0.485778 0.852327 0.000000 0.000000 0.000000 0.000000 1.000000
0.975944 -0.113200 -0.186333 0.000000 0.011057 0.879245 -0.476242 12.686800 0.217743 0.462725 0.859345 0.000000 0.000000 0.000000 0.000000 1.000000
0.975681 -0.083660 -0.202603 0.000000 -0.020533 0.885353 -0.464466 12.686800 0.218232 0.457330 0.862104 0.000000 0.000000 0.000000 0.000000 1.000000
0.980647 -0.025546 -0.194113 0.000000 -0.070172 0.879724 -0.470279 12.686800 0.182779 0.474799 0.860905 0.000000 0.000000 0.000000 0.000000 1.000000
0.984391 0.061059 -0.165063 0.000000 -0.135927 0.859527 -0.492683 12.686800 0.111793 0.507430 0.854411 0.000000 0.000000 0.000000 0.000000 1.000000
0.979341 0.157997 -0.126210 0.000000 -0.201147 0.825292 -0.527668 12.686800 0.020790 0.542154 0.840022 0.000000 0.000000 0.000000 0.000000 1.000000
0.963807 0.250206 -0.092043 0.000000 -0.257399 0.783415 -0.565692 12.686800 -0.069431 0.568910 0.819464 0.000000 0.000000 0.000000 0.000000 1.000000
0.938066 0.337493 -0.078299 0.000000 -0.315074 0.737033 -0.597922 12.686800 -0.144086 0.585560 0.797721 0.000000 0.000000 0.000000 0.000000 1.000000
0.899531 0.425439 -0.099223 0.000000 -0.391311 0.683716 -0.615961 12.686800 -0.194213 0.592904 0.781503 0.000000 0.000000 0.000000 0.000000 1.000000</float_array>
        <technique_common>
          <accessor source="#mixamorig_LeftArm-Matrix-animation-output-transform-array" count="22" stride="16">
            <param type="float4x4"/>
          </accessor>
        </technique_common>
      </source>
      <source id="mixamorig_LeftArm-Interpolations">
        <Name_array id="mixamorig_LeftArm-Interpolations-array" count="22">
 LINEAR LINEAR LINEAR LINEAR LINEAR LINEAR LINEAR LINEAR LINEAR LINEAR LINEAR
LINEAR LINEAR LINEAR LINEAR LINEAR LINEAR LINEAR LINEAR LINEAR LINEAR LINEAR</Name_array>
        <technique_common>
          <accessor source="#mixamorig_LeftArm-Interpolations-array" count="22">
            <param type="name"/>
          </accessor>
        </technique_common>
      </source>
      <sampler id="mixamorig_LeftArm-Matrix-animation-transform">
        <input semantic="INPUT" source="#mixamorig_LeftArm-Matrix-animation-input"/>
        <input semantic="OUTPUT" source="#mixamorig_LeftArm-Matrix-animation-output-transform"/>
        <input semantic="INTERPOLATION" source="#mixamorig_LeftArm-Interpolations"/>
      </sampler>
      <channel source="#mixamorig_LeftArm-Matrix-animation-transform" target="mixamorig_LeftArm/matrix"/>
    </animation>
    <animation id="mixamorig_LeftForeArm-anim" name="mixamorig_LeftForeArm">
      <source id="mixamorig_LeftForeArm-Matrix-animation-input">
        <float_array id="mixamorig_LeftForeArm-Matrix-animation-input-array" count="22">

0.000000 0.033333 0.066667 0.100000 0.133333 0.166667 0.200000 0.233333 0.266667 0.300000 0.333333 0.366667 0.400000 0.433333 0.466667 0.500000
0.533333 0.566667 0.600000 0.633333 0.666667 0.700000</float_array>
        <technique_common>
          <accessor source="#mixamorig_LeftForeArm-Matrix-animation-input-array" count="22">
            <param name="TIME" type="float"/>
          </accessor>
        </technique_common>
      </source>
      <source id="mixamorig_LeftForeArm-Matrix-animation-output-transform">
        <float_array id="mixamorig_LeftForeArm-Matrix-animation-output-transform-array" count="352">

-0.240755 -0.951157 0.193228 0.000000 0.970338 -0.240371 0.025787 30.736700 0.021919 0.193705 0.980815 0.000000 0.000000 0.000000 0.000000 1.000000
-0.128847 -0.965936 0.224424 0.000000 0.991139 -0.118068 0.060863 30.736700 -0.032292 0.230277 0.972589 0.000000 0.000000 0.000000 0.000000 1.000000
-0.012423 -0.967835 0.251279 -0.000000 0.995630 0.011287 0.092699 30.736700 -0.092554 0.251332 0.963466 0.000000 0.000000 0.000000 0.000000 1.000000
0.085016 -0.958342 0.272677 0.000000 0.985819 0.120643 0.116646 30.736700 -0.144683 0.258893 0.955008 -0.000000 0.000000 0.000000 0.000000 1.000000
0.145863 -0.947100 0.285878 0.000000 0.973586 0.188729 0.128496 30.736700 -0.175652 0.259584 0.949612 0.000000 0.000000 0.000000 0.000000 1.000000
0.168418 -0.941085 0.293248 -0.000000 0.969092 0.212487 0.125341 30.736700 -0.180268 0.263075 0.947784 0.000000 0.000000 0.000000 0.000000 1.000000
0.164299 -0.939959 0.299136 -0.000000 0.973162 0.203995 0.106498 30.736700 -0.161126 0.273610 0.948249 -0.000000 0.000000 0.000000 0.000000 1.000000
0.149164 -0.941454 0.302349 0.000000 0.980887 0.179517 0.075057 30.736700 -0.124939 0.285374 0.950238 -0.000000 0.000000 0.000000 0.000000 1.000000
0.131648 -0.946384 0.295001 -0.000000 0.988052 0.149328 0.038124 30.736700 -0.080132 0.286457 0.954736 0.000000 0.000000 0.000000 0.000000 1.000000
0.106562 -0.956997 0.269816 0.000000 0.993704 0.111943 0.004590 30.736700 -0.034597 0.267628 0.962901 0.000000 0.000000 0.000000 0.000000 1.000000
0.058967 -0.972129 0.226908 0.000000 0.998241 0.056026 -0.019382 30.736700 0.006129 0.227652 0.973723 0.000000 0.000000 0.000000 0.000000 1.000000
-0.023480 -0.984678 0.172797 0.000000 0.998966 -0.029838 -0.034291 30.736700 0.038922 0.171813 0.984360 0.000000 0.000000 0.000000 0.000000 1.000000
-0.138368 -0.983556 0.116066 0.000000 0.988434 -0.144490 -0.046059 30.736700 0.062072 0.108351 0.992173 0.000000 0.000000 0.000000 0.000000 1.000000
-0.265628 -0.961804 0.066140 -0.000000 0.961206 -0.269502 -0.058753 30.736700 0.074334 0.047968 0.996079 0.000000 0.000000 0.000000 0.000000 1.000000
-0.378938 -0.924871 0.031926 -0.000000 0.922242 -0.380268 -0.069752 30.736700 0.076652 0.003011 0.997053 -0.000000 0.000000 0.000000 0.000000 1.000000
-0.460817 -0.887293 0.018954 0.000000 0.884324 -0.460869 -0.074632 30.736700 0.074956 -0.017630 0.997031 0.000000 0.000000 0.000000 0.000000 1.000000
-0.505464 -0.862362 0.028946 -0.000000 0.859295 -0.506140 -0.073716 30.736700 0.078221 -0.012387 0.996859 0.000000 0.000000 0.000000 0.000000 1.000000
-0.510756 -0.857634 0.059937 0.000000 0.854802 -0.514046 -0.071209 30.736700 0.091882 0.014864 0.995659 0.000000 0.000000 0.000000 0.000000 1.000000
-0.474655 -0.873974 0.104272 -0.000000 0.873258 -0.482430 -0.068422 30.736700 0.110102 0.058579 0.992192 0.000000 0.000000 0.000000 0.000000 1.000000
-0.403276 -0.902966 0.148398 0.000000 0.907867 -0.415121 -0.058756 30.736700 0.114658 0.111031 0.987181 -0.000000 0.000000 0.000000 0.000000 1.000000
-0.317048 -0.931138 0.180173 0.000000 0.944342 -0.327515 -0.030857 30.736700 0.087742 0.160362 0.983151 0.000000 0.000000 0.000000 0.000000 1.000000
-0.240755 -0.951157 0.193228 0.000000 0.970338 -0.240371 0.025787 30.736700 0.021919 0.193704 0.980815 0.000000 0.000000 0.000000 0.000000 1.000000</float_array>
        <technique_common>
          <accessor source="#mixamorig_LeftForeArm-Matrix-animation-output-transform-array" count="22" stride="16">
            <param type="float4x4"/>
          </accessor>
        </technique_common>
      </source>
      <source id="mixamorig_LeftForeArm-Interpolations">
        <Name_array id="mixamorig_LeftForeArm-Interpolations-array" count="22">
 LINEAR LINEAR LINEAR LINEAR LINEAR LINEAR LINEAR LINEAR LINEAR LINEAR LINEAR
LINEAR LINEAR LINEAR LINEAR LINEAR LINEAR LINEAR LINEAR LINEAR LINEAR LINEAR</Name_array>
        <technique_common>
          <accessor source="#mixamorig_LeftForeArm-Interpolations-array" count="22">
            <param type="name"/>
          </accessor>
        </technique_common>
      </source>
      <sampler id="mixamorig_LeftForeArm-Matrix-animation-transform">
        <input semantic="INPUT" source="#mixamorig_LeftForeArm-Matrix-animation-input"/>
        <input semantic="OUTPUT" source="#mixamorig_LeftForeArm-Matrix-animation-output-transform"/>
        <input semantic="INTERPOLATION" source="#mixamorig_LeftForeArm-Interpolations"/>
      </sampler>
      <channel source="#mixamorig_LeftForeArm-Matrix-animation-transform" target="mixamorig_LeftForeArm/matrix"/>
    </animation>
    <animation id="mixamorig_LeftHand-anim" name="mixamorig_LeftHand">
      <source id="mixamorig_LeftHand-Matrix-animation-input">
        <float_array id="mixamorig_LeftHand-Matrix-animation-input-array" count="22">

0.000000 0.033333 0.066667 0.100000 0.133333 0.166667 0.200000 0.233333 0.266667 0.300000 0.333333 0.366667 0.400000 0.433333 0.466667 0.500000
0.533333 0.566667 0.600000 0.633333 0.666667 0.700000</float_array>
        <technique_common>
          <accessor source="#mixamorig_LeftHand-Matrix-animation-input-array" count="22">
            <param name="TIME" type="float"/>
          </accessor>
        </technique_common>
      </source>
      <source id="mixamorig_LeftHand-Matrix-animation-output-transform">
        <float_array id="mixamorig_LeftHand-Matrix-animation-output-transform-array" count="352">

0.918344 -0.348409 0.187767 0.000000 0.346011 0.937078 0.046491 26.713100 -0.192151 0.022275 0.981113 -0.000000 0.000000 0.000000 0.000000 1.000000
0.910218 -0.346771 0.226393 0.000000 0.344805 0.937369 0.049492 26.713100 -0.229376 0.033013 0.972778 -0.000000 0.000000 0.000000 0.000000 1.000000
0.905809 -0.348750 0.240590 -0.000000 0.346090 0.936608 0.054657 26.713100 -0.244401 0.033757 0.969087 -0.000000 0.000000 0.000000 0.000000 1.000000
0.905124 -0.352487 0.237705 0.000000 0.348730 0.935356 0.059136 26.713100 -0.243184 0.029370 0.969536 0.000000 0.000000 0.000000 0.000000 1.000000
0.907086 -0.356221 0.224281 0.000000 0.351987 0.934080 0.059997 26.713100 -0.230869 0.024522 0.972676 -0.000000 0.000000 0.000000 0.000000 1.000000
0.910424 -0.360049 0.203698 -0.000000 0.356398 0.932676 0.055648 26.713100 -0.210020 0.021934 0.977451 -0.000000 0.000000 0.000000 0.000000 1.000000
0.913945 -0.366129 0.175084 -0.000000 0.363617 0.930342 0.047405 26.713100 -0.180245 0.020338 0.983412 -0.000000 0.000000 0.000000 0.000000 1.000000
0.916113 -0.376592 0.137531 0.000000 0.374649 0.926270 0.040761 26.713100 -0.142741 0.014184 0.989658 -0.000000 0.000000 0.000000 0.000000 1.000000
0.915580 -0.390783 0.094874 0.000000 0.388376 0.920478 0.043405 26.713100 -0.104292 -0.002894 0.994543 0.000000 0.000000 0.000000 0.000000 1.000000
0.912379 -0.405461 0.056263 0.000000 0.402411 0.913603 0.058271 26.713100 -0.075028 -0.030525 0.996714 0.000000 0.000000 0.000000 0.000000 1.000000
0.907907 -0.418072 0.030356 -0.000000 0.414740 0.906452 0.079600 26.713100 -0.060795 -0.059679 0.996365 0.000000 0.000000 0.000000 0.000000 1.000000
0.903548 -0.428052 0.019305 0.000000 0.424430 0.900268 0.096837 26.713100 -0.058831 -0.079303 0.995113 0.000000 0.000000 0.000000 0.000000 1.000000
0.900191 -0.435100 0.018546 0.000000 0.431246 0.896532 0.101277 26.713100 -0.060693 -0.083171 0.994685 -0.000000 0.000000 0.000000 0.000000 1.000000
0.898480 -0.438481 0.021635 0.000000 0.434969 0.895794 0.091411 26.713100 -0.059463 -0.072720 0.995578 0.000000 0.000000 0.000000 0.000000 1.000000
0.898555 -0.438076 0.026253 -0.000000 0.435351 0.897322 0.072684 26.713100 -0.055399 -0.053881 0.997009 0.000000 0.000000 0.000000 0.000000 1.000000
0.899687 -0.435037 0.036151 0.000000 0.433030 0.899870 0.052153 26.713100 -0.055220 -0.031267 0.997985 0.000000 0.000000 0.000000 0.000000 1.000000
0.902195 -0.427739 0.055529 0.000000 0.426306 0.903859 0.036087 26.713100 -0.065627 -0.008885 0.997805 0.000000 0.000000 0.000000 0.000000 1.000000
0.904746 -0.418318 0.080276 0.000000 0.417185 0.908286 0.031214 26.713100 -0.085970 0.005249 0.996284 0.000000 0.000000 0.000000 0.000000 1.000000
0.905513 -0.412378 0.099952 -0.000000 0.410316 0.911006 0.041346 26.713100 -0.108107 0.003572 0.994133 -0.000000 0.000000 0.000000 0.000000 1.000000
0.906044 -0.407976 0.112426 -0.000000 0.403670 0.912951 0.059766 26.713100 -0.127022 -0.008768 0.991861 -0.000000 0.000000 0.000000 0.000000 1.000000
0.909230 -0.394427 0.133151 0.000000 0.388674 0.918874 0.067852 26.713100 -0.149112 -0.009941 0.988770 0.000000 0.000000 0.000000 0.000000 1.000000
0.918344 -0.348409 0.187768 0.000000 0.346010 0.937078 0.046491 26.713100 -0.192151 0.022275 0.981113 0.000000 0.000000 0.000000 0.000000 1.000000</float_array>
        <technique_common>
          <accessor source="#mixamorig_LeftHand-Matrix-animation-output-transform-array" count="22" stride="16">
            <param type="float4x4"/>
          </accessor>
        </technique_common>
      </source>
      <source id="mixamorig_LeftHand-Interpolations">
        <Name_array id="mixamorig_LeftHand-Interpolations-array" count="22">
 LINEAR LINEAR LINEAR LINEAR LINEAR LINEAR LINEAR LINEAR LINEAR LINEAR LINEAR
LINEAR LINEAR LINEAR LINEAR LINEAR LINEAR LINEAR LINEAR LINEAR LINEAR LINEAR</Name_array>
        <technique_common>
          <accessor source="#mixamorig_LeftHand-Interpolations-array" count="22">
            <param type="name"/>
          </accessor>
        </technique_common>
      </source>
      <sampler id="mixamorig_LeftHand-Matrix-animation-transform">
        <input semantic="INPUT" source="#mixamorig_LeftHand-Matrix-animation-input"/>
        <input semantic="OUTPUT" source="#mixamorig_LeftHand-Matrix-animation-output-transform"/>
        <input semantic="INTERPOLATION" source="#mixamorig_LeftHand-Interpolations"/>
      </sampler>
      <channel source="#mixamorig_LeftHand-Matrix-animation-transform" target="mixamorig_LeftHand/matrix"/>
    </animation>
    <animation id="mixamorig_LeftHandThumb1-anim" name="mixamorig_LeftHandThumb1">
      <source id="mixamorig_LeftHandThumb1-Matrix-animation-input">
        <float_array id="mixamorig_LeftHandThumb1-Matrix-animation-input-array" count="22">

0.000000 0.033333 0.066667 0.100000 0.133333 0.166667 0.200000 0.233333 0.266667 0.300000 0.333333 0.366667 0.400000 0.433333 0.466667 0.500000
0.533333 0.566667 0.600000 0.633333 0.666667 0.700000</float_array>
        <technique_common>
          <accessor source="#mixamorig_LeftHandThumb1-Matrix-animation-input-array" count="22">
            <param name="TIME" type="float"/>
          </accessor>
        </technique_common>
      </source>
      <source id="mixamorig_LeftHandThumb1-Matrix-animation-output-transform">
        <float_array id="mixamorig_LeftHandThumb1-Matrix-animation-output-transform-array" count="352">

0.786593 -0.565599 0.247728 -2.604400 0.611365 0.657101 -0.440966 4.344900 0.086628 0.498313 0.862658 2.566800 0.000000 0.000000 0.000000 1.000000
0.786593 -0.565599 0.247729 -2.604400 0.611365 0.657101 -0.440966 4.344900 0.086627 0.498314 0.862658 2.566800 0.000000 0.000000 0.000000 1.000000
0.786593 -0.565599 0.247729 -2.604400 0.611365 0.657100 -0.440967 4.344900 0.086628 0.498314 0.862658 2.566800 0.000000 0.000000 0.000000 1.000000
0.786593 -0.565599 0.247729 -2.604400 0.611365 0.657101 -0.440966 4.344900 0.086628 0.498313 0.862658 2.566800 0.000000 0.000000 0.000000 1.000000
0.786593 -0.565599 0.247729 -2.604400 0.611365 0.657101 -0.440966 4.344900 0.086628 0.498314 0.862658 2.566800 0.000000 0.000000 0.000000 1.000000
0.786593 -0.565599 0.247728 -2.604400 0.611365 0.657101 -0.440966 4.344900 0.086628 0.498313 0.862658 2.566800 0.000000 0.000000 0.000000 1.000000
0.786593 -0.565599 0.247728 -2.604400 0.611365 0.657101 -0.440966 4.344900 0.086628 0.498313 0.862658 2.566800 0.000000 0.000000 0.000000 1.000000
0.786593 -0.565599 0.247728 -2.604400 0.611365 0.657101 -0.440966 4.344900 0.086628 0.498313 0.862658 2.566800 0.000000 0.000000 0.000000 1.000000
0.786593 -0.565599 0.247728 -2.604400 0.611365 0.657100 -0.440966 4.344900 0.086628 0.498314 0.862658 2.566800 0.000000 0.000000 0.000000 1.000000
0.786593 -0.565599 0.247728 -2.604400 0.611365 0.657101 -0.440966 4.344900 0.086628 0.498314 0.862658 2.566800 0.000000 0.000000 0.000000 1.000000
0.786593 -0.565599 0.247728 -2.604400 0.611365 0.657100 -0.440966 4.344900 0.086628 0.498314 0.862658 2.566800 0.000000 0.000000 0.000000 1.000000
0.786593 -0.565599 0.247728 -2.604400 0.611365 0.657101 -0.440966 4.344900 0.086627 0.498313 0.862658 2.566800 0.000000 0.000000 0.000000 1.000000
0.786593 -0.565599 0.247728 -2.604400 0.611365 0.657101 -0.440966 4.344900 0.086628 0.498313 0.862658 2.566800 0.000000 0.000000 0.000000 1.000000
0.786593 -0.565599 0.247728 -2.604400 0.611365 0.657101 -0.440966 4.344900 0.086628 0.498313 0.862658 2.566800 0.000000 0.000000 0.000000 1.000000
0.786593 -0.565599 0.247728 -2.604400 0.611365 0.657101 -0.440966 4.344900 0.086628 0.498313 0.862658 2.566800 0.000000 0.000000 0.000000 1.000000
0.786593 -0.565599 0.247728 -2.604400 0.611365 0.657101 -0.440966 4.344900 0.086628 0.498313 0.862658 2.566800 0.000000 0.000000 0.000000 1.000000
0.786593 -0.565599 0.247728 -2.604400 0.611365 0.657100 -0.440967 4.344900 0.086628 0.498314 0.862658 2.566800 0.000000 0.000000 0.000000 1.000000
0.786593 -0.565599 0.247728 -2.604400 0.611365 0.657101 -0.440966 4.344900 0.086628 0.498313 0.862658 2.566800 0.000000 0.000000 0.000000 1.000000
0.786593 -0.565599 0.247728 -2.604400 0.611365 0.657101 -0.440966 4.344900 0.086628 0.498313 0.862658 2.566800 0.000000 0.000000 0.000000 1.000000
0.786593 -0.565599 0.247729 -2.604400 0.611365 0.657100 -0.440966 4.344900 0.086628 0.498314 0.862658 2.566800 0.000000 0.000000 0.000000 1.000000
0.786593 -0.565599 0.247728 -2.604400 0.611365 0.657101 -0.440966 4.344900 0.086628 0.498313 0.862658 2.566800 0.000000 0.000000 0.000000 1.000000
0.786593 -0.565599 0.247728 -2.604400 0.611365 0.657101 -0.440966 4.344900 0.086628 0.498313 0.862658 2.566800 0.000000 0.000000 0.000000 1.000000</float_array>
        <technique_common>
          <accessor source="#mixamorig_LeftHandThumb1-Matrix-animation-output-transform-array" count="22" stride="16">
            <param type="float4x4"/>
          </accessor>
        </technique_common>
      </source>
      <source id="mixamorig_LeftHandThumb1-Interpolations">
        <Name_array id="mixamorig_LeftHandThumb1-Interpolations-array" count="22">
 LINEAR LINEAR LINEAR LINEAR LINEAR LINEAR LINEAR LINEAR LINEAR LINEAR LINEAR
LINEAR LINEAR LINEAR LINEAR LINEAR LINEAR LINEAR LINEAR LINEAR LINEAR LINEAR</Name_array>
        <technique_common>
          <accessor source="#mixamorig_LeftHandThumb1-Interpolations-array" count="22">
            <param type="name"/>
          </accessor>
        </technique_common>
      </source>
      <sampler id="mixamorig_LeftHandThumb1-Matrix-animation-transform">
        <input semantic="INPUT" source="#mixamorig_LeftHandThumb1-Matrix-animation-input"/>
        <input semantic="OUTPUT" source="#mixamorig_LeftHandThumb1-Matrix-animation-output-transform"/>
        <input semantic="INTERPOLATION" source="#mixamorig_LeftHandThumb1-Interpolations"/>
      </sampler>
      <channel source="#mixamorig_LeftHandThumb1-Matrix-animation-transform" target="mixamorig_LeftHandThumb1/matrix"/>
    </animation>
    <animation id="mixamorig_LeftHandThumb2-anim" name="mixamorig_LeftHandThumb2">
      <source id="mixamorig_LeftHandThumb2-Matrix-animation-input">
        <float_array id="mixamorig_LeftHandThumb2-Matrix-animation-input-array" count="22">

0.000000 0.033333 0.066667 0.100000 0.133333 0.166667 0.200000 0.233333 0.266667 0.300000 0.333333 0.366667 0.400000 0.433333 0.466667 0.500000
0.533333 0.566667 0.600000 0.633333 0.666667 0.700000</float_array>
        <technique_common>
          <accessor source="#mixamorig_LeftHandThumb2-Matrix-animation-input-array" count="22">
            <param name="TIME" type="float"/>
          </accessor>
        </technique_common>
      </source>
      <source id="mixamorig_LeftHandThumb2-Matrix-animation-output-transform">
        <float_array id="mixamorig_LeftHandThumb2-Matrix-animation-output-transform-array" count="352">

0.965722 0.259558 -0.003399 0.000000 -0.259573 0.965710 -0.005102 4.523200 0.001958 0.005809 0.999981 -0.000000 0.000000 0.000000 0.000000 1.000000
0.965722 0.259558 -0.003399 0.000000 -0.259573 0.965710 -0.005102 4.523200 0.001958 0.005809 0.999981 -0.000000 0.000000 0.000000 0.000000 1.000000
0.965722 0.259558 -0.003398 0.000000 -0.259573 0.965710 -0.005102 4.523200 0.001958 0.005809 0.999981 0.000000 0.000000 0.000000 0.000000 1.000000
0.965722 0.259558 -0.003399 0.000000 -0.259573 0.965710 -0.005102 4.523200 0.001958 0.005809 0.999981 -0.000000 0.000000 0.000000 0.000000 1.000000
0.965722 0.259558 -0.003398 0.000000 -0.259573 0.965710 -0.005102 4.523200 0.001958 0.005809 0.999981 0.000000 0.000000 0.000000 0.000000 1.000000
0.965722 0.259558 -0.003399 0.000000 -0.259573 0.965710 -0.005102 4.523200 0.001958 0.005809 0.999981 0.000000 0.000000 0.000000 0.000000 1.000000
0.965722 0.259558 -0.003399 -0.000000 -0.259572 0.965710 -0.005102 4.523200 0.001958 0.005809 0.999981 -0.000000 0.000000 0.000000 0.000000 1.000000
0.965722 0.259558 -0.003398 0.000000 -0.259573 0.965710 -0.005102 4.523200 0.001958 0.005809 0.999981 0.000000 0.000000 0.000000 0.000000 1.000000
0.965722 0.259558 -0.003399 0.000000 -0.259573 0.965710 -0.005102 4.523200 0.001958 0.005809 0.999981 0.000000 0.000000 0.000000 0.000000 1.000000
0.965722 0.259558 -0.003398 -0.000000 -0.259573 0.965710 -0.005102 4.523200 0.001958 0.005809 0.999981 0.000000 0.000000 0.000000 0.000000 1.000000
0.965722 0.259558 -0.003398 -0.000000 -0.259573 0.965710 -0.005102 4.523200 0.001958 0.005809 0.999981 0.000000 0.000000 0.000000 0.000000 1.000000
0.965722 0.259558 -0.003399 -0.000000 -0.259573 0.965710 -0.005102 4.523200 0.001958 0.005809 0.999981 0.000000 0.000000 0.000000 0.000000 1.000000
0.965722 0.259558 -0.003399 0.000000 -0.259573 0.965710 -0.005102 4.523200 0.001958 0.005809 0.999981 -0.000000 0.000000 0.000000 0.000000 1.000000
0.965722 0.259558 -0.003398 0.000000 -0.259573 0.965710 -0.005102 4.523200 0.001958 0.005809 0.999981 0.000000 0.000000 0.000000 0.000000 1.000000
0.965722 0.259558 -0.003399 0.000000 -0.259573 0.965710 -0.005102 4.523200 0.001958 0.005809 0.999981 0.000000 0.000000 0.000000 0.000000 1.000000
0.965722 0.259558 -0.003398 0.000000 -0.259573 0.965710 -0.005102 4.523200 0.001958 0.005809 0.999981 0.000000 0.000000 0.000000 0.000000 1.000000
0.965722 0.259558 -0.003399 -0.000000 -0.259573 0.965710 -0.005102 4.523200 0.001958 0.005809 0.999981 -0.000000 0.000000 0.000000 0.000000 1.000000
0.965722 0.259558 -0.003398 0.000000 -0.259573 0.965710 -0.005102 4.523200 0.001958 0.005809 0.999981 -0.000000 0.000000 0.000000 0.000000 1.000000
0.965722 0.259558 -0.003398 0.000000 -0.259572 0.965710 -0.005102 4.523200 0.001958 0.005809 0.999981 0.000000 0.000000 0.000000 0.000000 1.000000
0.965722 0.259558 -0.003398 -0.000000 -0.259573 0.965710 -0.005102 4.523200 0.001958 0.005809 0.999981 0.000000 0.000000 0.000000 0.000000 1.000000
0.965722 0.259558 -0.003399 0.000000 -0.259573 0.965710 -0.005102 4.523200 0.001958 0.005809 0.999981 0.000000 0.000000 0.000000 0.000000 1.000000
0.965722 0.259558 -0.003399 0.000000 -0.259573 0.965710 -0.005102 4.523200 0.001958 0.005809 0.999981 0.000000 0.000000 0.000000 0.000000 1.000000</float_array>
        <technique_common>
          <accessor source="#mixamorig_LeftHandThumb2-Matrix-animation-output-transform-array" count="22" stride="16">
            <param type="float4x4"/>
          </accessor>
        </technique_common>
      </source>
      <source id="mixamorig_LeftHandThumb2-Interpolations">
        <Name_array id="mixamorig_LeftHandThumb2-Interpolations-array" count="22">
 LINEAR LINEAR LINEAR LINEAR LINEAR LINEAR LINEAR LINEAR LINEAR LINEAR LINEAR
LINEAR LINEAR LINEAR LINEAR LINEAR LINEAR LINEAR LINEAR LINEAR LINEAR LINEAR</Name_array>
        <technique_common>
          <accessor source="#mixamorig_LeftHandThumb2-Interpolations-array" count="22">
            <param type="name"/>
          </accessor>
        </technique_common>
      </source>
      <sampler id="mixamorig_LeftHandThumb2-Matrix-animation-transform">
        <input semantic="INPUT" source="#mixamorig_LeftHandThumb2-Matrix-animation-input"/>
        <input semantic="OUTPUT" source="#mixamorig_LeftHandThumb2-Matrix-animation-output-transform"/>
        <input semantic="INTERPOLATION" source="#mixamorig_LeftHandThumb2-Interpolations"/>
      </sampler>
      <channel source="#mixamorig_LeftHandThumb2-Matrix-animation-transform" target="mixamorig_LeftHandThumb2/matrix"/>
    </animation>
    <animation id="mixamorig_LeftHandThumb3-anim" name="mixamorig_LeftHandThumb3">
      <source id="mixamorig_LeftHandThumb3-Matrix-animation-input">
        <float_array id="mixamorig_LeftHandThumb3-Matrix-animation-input-array" count="22">

0.000000 0.033333 0.066667 0.100000 0.133333 0.166667 0.200000 0.233333 0.266667 0.300000 0.333333 0.366667 0.400000 0.433333 0.466667 0.500000
0.533333 0.566667 0.600000 0.633333 0.666667 0.700000</float_array>
        <technique_common>
          <accessor source="#mixamorig_LeftHandThumb3-Matrix-animation-input-array" count="22">
            <param name="TIME" type="float"/>
          </accessor>
        </technique_common>
      </source>
      <source id="mixamorig_LeftHandThumb3-Matrix-animation-output-transform">
        <float_array id="mixamorig_LeftHandThumb3-Matrix-animation-output-transform-array" count="352">

1.000000 -0.000000 0.000000 0.000000 0.000000 1.000000 0.000000 3.636400 -0.000000 -0.000000 1.000000 0.000000 0.000000 0.000000 0.000000 1.000000
1.000000 0.000000 -0.000000 0.000000 -0.000000 1.000000 -0.000000 3.636400 -0.000000 0.000000 1.000000 0.000000 0.000000 0.000000 0.000000 1.000000
1.000000 -0.000000 -0.000000 -0.000000 0.000000 1.000000 -0.000000 3.636400 0.000000 0.000000 1.000000 0.000000 0.000000 0.000000 0.000000 1.000000
1.000000 0.000000 0.000000 0.000000 -0.000000 1.000000 0.000000 3.636400 -0.000000 -0.000000 1.000000 0.000000 0.000000 0.000000 0.000000 1.000000
1.000000 0.000000 -0.000000 -0.000000 -0.000000 1.000000 -0.000000 3.636400 0.000000 0.000000 1.000000 0.000000 0.000000 0.000000 0.000000 1.000000
1.000000 0.000000 0.000000 -0.000000 -0.000000 1.000000 -0.000000 3.636400 -0.000000 0.000000 1.000000 0.000000 0.000000 0.000000 0.000000 1.000000
1.000000 0.000000 0.000000 0.000000 -0.000000 1.000000 0.000000 3.636400 -0.000000 -0.000000 1.000000 0.000000 0.000000 0.000000 0.000000 1.000000
1.000000 0.000000 -0.000000 0.000000 -0.000000 1.000000 -0.000000 3.636400 -0.000000 0.000000 1.000000 0.000000 0.000000 0.000000 0.000000 1.000000
1.000000 0.000000 0.000000 -0.000000 -0.000000 1.000000 -0.000000 3.636400 -0.000000 0.000000 1.000000 0.000000 0.000000 0.000000 0.000000 1.000000
1.000000 0.000000 0.000000 0.000000 -0.000000 1.000000 -0.000000 3.636400 -0.000000 0.000000 1.000000 0.000000 0.000000 0.000000 0.000000 1.000000
1.000000 -0.000000 0.000000 0.000000 0.000000 1.000000 -0.000000 3.636400 -0.000000 0.000000 1.000000 0.000000 0.000000 0.000000 0.000000 1.000000
1.000000 -0.000000 -0.000000 0.000000 0.000000 1.000000 -0.000000 3.636400 0.000000 0.000000 1.000000 0.000000 0.000000 0.000000 0.000000 1.000000
1.000000 -0.000000 -0.000000 0.000000 0.000000 1.000000 0.000000 3.636400 0.000000 -0.000000 1.000000 0.000000 0.000000 0.000000 0.000000 1.000000
1.000000 -0.000000 0.000000 0.000000 0.000000 1.000000 0.000000 3.636400 -0.000000 -0.000000 1.000000 -0.000000 0.000000 0.000000 0.000000 1.000000
1.000000 0.000000 0.000000 0.000000 -0.000000 1.000000 -0.000000 3.636400 -0.000000 0.000000 1.000000 -0.000000 0.000000 0.000000 0.000000 1.000000
1.000000 0.000000 0.000000 0.000000 -0.000000 1.000000 0.000000 3.636400 -0.000000 -0.000000 1.000000 0.000000 0.000000 0.000000 0.000000 1.000000
1.000000 -0.000000 0.000000 0.000000 0.000000 1.000000 -0.000000 3.636400 -0.000000 0.000000 1.000000 0.000000 0.000000 0.000000 0.000000 1.000000
1.000000 -0.000000 0.000000 -0.000000 0.000000 1.000000 0.000000 3.636400 -0.000000 -0.000000 1.000000 0.000000 0.000000 0.000000 0.000000 1.000000
1.000000 0.000000 0.000000 0.000000 -0.000000 1.000000 -0.000000 3.636400 -0.000000 0.000000 1.000000 -0.000000 0.000000 0.000000 0.000000 1.000000
1.000000 -0.000000 -0.000000 0.000000 0.000000 1.000000 -0.000000 3.636400 0.000000 0.000000 1.000000 0.000000 0.000000 0.000000 0.000000 1.000000
1.000000 0.000000 0.000000 0.000000 -0.000000 1.000000 0.000000 3.636400 -0.000000 -0.000000 1.000000 0.000000 0.000000 0.000000 0.000000 1.000000
1.000000 -0.000000 0.000000 0.000000 0.000000 1.000000 -0.000000 3.636400 -0.000000 0.000000 1.000000 0.000000 0.000000 0.000000 0.000000 1.000000</float_array>
        <technique_common>
          <accessor source="#mixamorig_LeftHandThumb3-Matrix-animation-output-transform-array" count="22" stride="16">
            <param type="float4x4"/>
          </accessor>
        </technique_common>
      </source>
      <source id="mixamorig_LeftHandThumb3-Interpolations">
        <Name_array id="mixamorig_LeftHandThumb3-Interpolations-array" count="22">
 LINEAR LINEAR LINEAR LINEAR LINEAR LINEAR LINEAR LINEAR LINEAR LINEAR LINEAR
LINEAR LINEAR LINEAR LINEAR LINEAR LINEAR LINEAR LINEAR LINEAR LINEAR LINEAR</Name_array>
        <technique_common>
          <accessor source="#mixamorig_LeftHandThumb3-Interpolations-array" count="22">
            <param type="name"/>
          </accessor>
        </technique_common>
      </source>
      <sampler id="mixamorig_LeftHandThumb3-Matrix-animation-transform">
        <input semantic="INPUT" source="#mixamorig_LeftHandThumb3-Matrix-animation-input"/>
        <input semantic="OUTPUT" source="#mixamorig_LeftHandThumb3-Matrix-animation-output-transform"/>
        <input semantic="INTERPOLATION" source="#mixamorig_LeftHandThumb3-Interpolations"/>
      </sampler>
      <channel source="#mixamorig_LeftHandThumb3-Matrix-animation-transform" target="mixamorig_LeftHandThumb3/matrix"/>
    </animation>
    <animation id="mixamorig_LeftHandIndex1-anim" name="mixamorig_LeftHandIndex1">
      <source id="mixamorig_LeftHandIndex1-Matrix-animation-input">
        <float_array id="mixamorig_LeftHandIndex1-Matrix-animation-input-array" count="22">

0.000000 0.033333 0.066667 0.100000 0.133333 0.166667 0.200000 0.233333 0.266667 0.300000 0.333333 0.366667 0.400000 0.433333 0.466667 0.500000
0.533333 0.566667 0.600000 0.633333 0.666667 0.700000</float_array>
        <technique_common>
          <accessor source="#mixamorig_LeftHandIndex1-Matrix-animation-input-array" count="22">
            <param name="TIME" type="float"/>
          </accessor>
        </technique_common>
      </source>
      <source id="mixamorig_LeftHandIndex1-Matrix-animation-output-transform">
        <float_array id="mixamorig_LeftHandIndex1-Matrix-animation-output-transform-array" count="352">

0.992391 -0.095975 0.077129 -3.402400 0.095564 0.205395 -0.974002 12.111600 0.077638 0.973962 0.213004 0.315900 0.000000 0.000000 0.000000 1.000000
0.992639 -0.095377 0.074639 -3.402400 0.094999 0.230922 -0.968323 12.111600 0.075120 0.968286 0.238283 0.315900 0.000000 0.000000 0.000000 1.000000
0.993223 -0.093690 0.068770 -3.402400 0.093385 0.291124 -0.952117 12.111600 0.069184 0.952087 0.297901 0.315900 0.000000 0.000000 0.000000 1.000000
0.993906 -0.091201 0.061917 -3.402400 0.090976 0.361478 -0.927931 12.111600 0.062246 0.927909 0.367572 0.315900 0.000000 0.000000 0.000000 1.000000
0.994462 -0.088725 0.056332 -3.402400 0.088564 0.418896 -0.903705 12.111600 0.056584 0.903689 0.424434 0.315900 0.000000 0.000000 0.000000 1.000000
0.994690 -0.087584 0.054037 -3.402400 0.087448 0.442502 -0.892494 12.111600 0.054257 0.892480 0.447812 0.315900 0.000000 0.000000 0.000000 1.000000
0.994632 -0.087882 0.054623 -3.402400 0.087740 0.436477 -0.895427 12.111600 0.054851 0.895413 0.441845 0.315900 0.000000 0.000000 0.000000 1.000000
0.994471 -0.088680 0.056238 -3.402400 0.088520 0.419856 -0.903264 12.111600 0.056490 0.903248 0.425385 0.315900 0.000000 0.000000 0.000000 1.000000
0.994228 -0.089817 0.058679 -3.402400 0.089629 0.394759 -0.914402 12.111600 0.058965 0.914384 0.400531 0.315900 0.000000 0.000000 0.000000 1.000000
0.993924 -0.091128 0.061738 -3.402400 0.090906 0.363324 -0.927217 12.111600 0.062064 0.927195 0.369401 0.315900 0.000000 0.000000 0.000000 1.000000
0.993579 -0.092465 0.065197 -3.402400 0.092202 0.327793 -0.940240 12.111600 0.065568 0.940214 0.334214 0.315900 0.000000 0.000000 0.000000 1.000000
0.993218 -0.093708 0.068825 -3.402400 0.093402 0.290549 -0.952291 12.111600 0.069240 0.952260 0.297331 0.315900 0.000000 0.000000 0.000000 1.000000
0.992864 -0.094774 0.072376 -3.402400 0.094423 0.254116 -0.962554 12.111600 0.072833 0.962519 0.261251 0.315900 0.000000 0.000000 0.000000 1.000000
0.992544 -0.095615 0.075595 -3.402400 0.095223 0.221118 -0.970587 12.111600 0.076087 0.970549 0.228574 0.315900 0.000000 0.000000 0.000000 1.000000
0.992283 -0.096214 0.078218 -3.402400 0.095789 0.194237 -0.976267 12.111600 0.078738 0.976225 0.201955 0.315900 0.000000 0.000000 0.000000 1.000000
0.992107 -0.096574 0.079982 -3.402400 0.096126 0.176162 -0.979656 12.111600 0.080519 0.979612 0.184055 0.315900 0.000000 0.000000 0.000000 1.000000
0.992043 -0.096698 0.080627 -3.402400 0.096241 0.169556 -0.980810 12.111600 0.081171 0.980765 0.177513 0.315900 0.000000 0.000000 0.000000 1.000000
0.992079 -0.096629 0.080262 -3.402400 0.096177 0.173295 -0.980163 12.111600 0.080803 0.980118 0.181216 0.315900 0.000000 0.000000 0.000000 1.000000
0.992166 -0.096458 0.079393 -3.402400 0.096018 0.182200 -0.978562 12.111600 0.079925 0.978519 0.190034 0.315900 0.000000 0.000000 0.000000 1.000000
0.992269 -0.096244 0.078358 -3.402400 0.095818 0.192809 -0.976547 12.111600 0.078879 0.976505 0.200540 0.315900 0.000000 0.000000 0.000000 1.000000
0.992355 -0.096056 0.077492 -3.402400 0.095641 0.201680 -0.974771 12.111600 0.078004 0.974730 0.209325 0.315900 0.000000 0.000000 0.000000 1.000000
0.992387 -0.095990 0.077168 -3.402400 0.095605 0.205394 -0.973998 12.111600 0.077644 0.973961 0.213007 0.315900 0.000000 0.000000 0.000000 1.000000</float_array>
        <technique_common>
          <accessor source="#mixamorig_LeftHandIndex1-Matrix-animation-output-transform-array" count="22" stride="16">
            <param type="float4x4"/>
          </accessor>
        </technique_common>
      </source>
      <source id="mixamorig_LeftHandIndex1-Interpolations">
        <Name_array id="mixamorig_LeftHandIndex1-Interpolations-array" count="22">
 LINEAR LINEAR LINEAR LINEAR LINEAR LINEAR LINEAR LINEAR LINEAR LINEAR LINEAR
LINEAR LINEAR LINEAR LINEAR LINEAR LINEAR LINEAR LINEAR LINEAR LINEAR LINEAR</Name_array>
        <technique_common>
          <accessor source="#mixamorig_LeftHandIndex1-Interpolations-array" count="22">
            <param type="name"/>
          </accessor>
        </technique_common>
      </source>
      <sampler id="mixamorig_LeftHandIndex1-Matrix-animation-transform">
        <input semantic="INPUT" source="#mixamorig_LeftHandIndex1-Matrix-animation-input"/>
        <input semantic="OUTPUT" source="#mixamorig_LeftHandIndex1-Matrix-animation-output-transform"/>
        <input semantic="INTERPOLATION" source="#mixamorig_LeftHandIndex1-Interpolations"/>
      </sampler>
      <channel source="#mixamorig_LeftHandIndex1-Matrix-animation-transform" target="mixamorig_LeftHandIndex1/matrix"/>
    </animation>
    <animation id="mixamorig_LeftHandIndex2-anim" name="mixamorig_LeftHandIndex2">
      <source id="mixamorig_LeftHandIndex2-Matrix-animation-input">
        <float_array id="mixamorig_LeftHandIndex2-Matrix-animation-input-array" count="22">

0.000000 0.033333 0.066667 0.100000 0.133333 0.166667 0.200000 0.233333 0.266667 0.300000 0.333333 0.366667 0.400000 0.433333 0.466667 0.500000
0.533333 0.566667 0.600000 0.633333 0.666667 0.700000</float_array>
        <technique_common>
          <accessor source="#mixamorig_LeftHandIndex2-Matrix-animation-input-array" count="22">
            <param name="TIME" type="float"/>
          </accessor>
        </technique_common>
      </source>
      <source id="mixamorig_LeftHandIndex2-Matrix-animation-output-transform">
        <float_array id="mixamorig_LeftHandIndex2-Matrix-animation-output-transform-array" count="352">

0.991672 -0.111266 0.064862 -0.000000 0.072693 0.067821 -0.995046 4.509100 0.106315 0.991474 0.075345 0.000000 0.000000 0.000000 0.000000 1.000000
0.992022 -0.109773 0.061991 0.000000 0.072436 0.093864 -0.992946 4.509100 0.103180 0.989515 0.101066 0.000000 0.000000 0.000000 0.000000 1.000000
0.992836 -0.105911 0.055311 0.000000 0.071492 0.155669 -0.985219 4.509100 0.095735 0.982115 0.162126 0.000000 0.000000 0.000000 0.000000 1.000000
0.993768 -0.100761 0.047671 0.000000 0.069760 0.228623 -0.971012 4.509100 0.086942 0.968287 0.234227 0.000000 0.000000 0.000000 0.000000 1.000000
0.994511 -0.096016 0.041577 0.000000 0.067806 0.288789 -0.954989 4.509100 0.079687 0.952566 0.293714 0.000000 0.000000 0.000000 0.000000 1.000000
0.994812 -0.093914 0.039111 0.000000 0.066852 0.313699 -0.947166 4.509100 0.076684 0.944867 0.318350 0.000000 0.000000 0.000000 0.000000 1.000000
0.994735 -0.094460 0.039738 0.000000 0.067104 0.307331 -0.949234 4.509100 0.077452 0.946903 0.312051 0.000000 0.000000 0.000000 0.000000 1.000000
0.994523 -0.095933 0.041475 0.000000 0.067768 0.289799 -0.954685 4.509100 0.079566 0.952268 0.294713 0.000000 0.000000 0.000000 0.000000 1.000000
0.994201 -0.098073 0.044121 0.000000 0.068687 0.263425 -0.962231 4.509100 0.082746 0.959682 0.268634 0.000000 0.000000 0.000000 0.000000 1.000000
0.993792 -0.100616 0.047471 -0.000000 0.069703 0.230548 -0.970561 4.509100 0.086709 0.967845 0.236130 -0.000000 0.000000 0.000000 0.000000 1.000000
0.993325 -0.103314 0.051303 0.000000 0.070674 0.193588 -0.978534 4.509100 0.091164 0.975628 0.199598 0.000000 0.000000 0.000000 0.000000 1.000000
0.992829 -0.105948 0.055371 0.000000 0.071500 0.155071 -0.985312 4.509100 0.095805 0.982206 0.161534 0.000000 0.000000 0.000000 0.000000 1.000000
0.992338 -0.108340 0.059398 0.000000 0.072124 0.117603 -0.990438 4.509100 0.100319 0.987133 0.124516 -0.000000 0.000000 0.000000 0.000000 1.000000
0.991888 -0.110355 0.063086 0.000000 0.072538 0.083845 -0.993835 4.509100 0.104385 0.990349 0.091169 0.000000 0.000000 0.000000 0.000000 1.000000
0.991518 -0.111891 0.066117 0.000000 0.072771 0.056464 -0.995749 4.509100 0.107682 0.992115 0.064128 0.000000 0.000000 0.000000 0.000000 1.000000
0.991268 -0.112872 0.068169 0.000000 0.072876 0.038113 -0.996613 4.509100 0.109892 0.992878 0.046006 -0.000000 0.000000 0.000000 0.000000 1.000000
0.991176 -0.113221 0.068922 0.000000 0.072905 0.031418 -0.996844 4.509100 0.110698 0.993073 0.039395 0.000000 0.000000 0.000000 0.000000 1.000000
0.991228 -0.113024 0.068497 -0.000000 0.072891 0.035207 -0.996718 4.509100 0.110242 0.992968 0.043136 0.000000 0.000000 0.000000 0.000000 1.000000
0.991352 -0.112550 0.067485 0.000000 0.072848 0.044239 -0.996361 4.509100 0.109155 0.992661 0.052055 0.000000 0.000000 0.000000 0.000000 1.000000
0.991498 -0.111971 0.066283 0.000000 0.072786 0.055015 -0.995829 4.509100 0.107857 0.992187 0.062697 0.000000 0.000000 0.000000 0.000000 1.000000
0.991621 -0.111476 0.065282 0.000000 0.072723 0.064039 -0.995294 4.509100 0.106771 0.991702 0.071609 0.000000 0.000000 0.000000 0.000000 1.000000
0.991672 -0.111265 0.064863 0.000000 0.072693 0.067821 -0.995046 4.509100 0.106315 0.991474 0.075345 0.000000 0.000000 0.000000 0.000000 1.000000</float_array>
        <technique_common>
          <accessor source="#mixamorig_LeftHandIndex2-Matrix-animation-output-transform-array" count="22" stride="16">
            <param type="float4x4"/>
          </accessor>
        </technique_common>
      </source>
      <source id="mixamorig_LeftHandIndex2-Interpolations">
        <Name_array id="mixamorig_LeftHandIndex2-Interpolations-array" count="22">
 LINEAR LINEAR LINEAR LINEAR LINEAR LINEAR LINEAR LINEAR LINEAR LINEAR LINEAR
LINEAR LINEAR LINEAR LINEAR LINEAR LINEAR LINEAR LINEAR LINEAR LINEAR LINEAR</Name_array>
        <technique_common>
          <accessor source="#mixamorig_LeftHandIndex2-Interpolations-array" count="22">
            <param type="name"/>
          </accessor>
        </technique_common>
      </source>
      <sampler id="mixamorig_LeftHandIndex2-Matrix-animation-transform">
        <input semantic="INPUT" source="#mixamorig_LeftHandIndex2-Matrix-animation-input"/>
        <input semantic="OUTPUT" source="#mixamorig_LeftHandIndex2-Matrix-animation-output-transform"/>
        <input semantic="INTERPOLATION" source="#mixamorig_LeftHandIndex2-Interpolations"/>
      </sampler>
      <channel source="#mixamorig_LeftHandIndex2-Matrix-animation-transform" target="mixamorig_LeftHandIndex2/matrix"/>
    </animation>
    <animation id="mixamorig_LeftHandIndex3-anim" name="mixamorig_LeftHandIndex3">
      <source id="mixamorig_LeftHandIndex3-Matrix-animation-input">
        <float_array id="mixamorig_LeftHandIndex3-Matrix-animation-input-array" count="22">

0.000000 0.033333 0.066667 0.100000 0.133333 0.166667 0.200000 0.233333 0.266667 0.300000 0.333333 0.366667 0.400000 0.433333 0.466667 0.500000
0.533333 0.566667 0.600000 0.633333 0.666667 0.700000</float_array>
        <technique_common>
          <accessor source="#mixamorig_LeftHandIndex3-Matrix-animation-input-array" count="22">
            <param name="TIME" type="float"/>
          </accessor>
        </technique_common>
      </source>
      <source id="mixamorig_LeftHandIndex3-Matrix-animation-output-transform">
        <float_array id="mixamorig_LeftHandIndex3-Matrix-animation-output-transform-array" count="352">

1.000000 0.000000 -0.000000 -0.000000 -0.000000 1.000000 -0.000000 2.907200 0.000000 0.000000 1.000000 0.000000 0.000000 0.000000 0.000000 1.000000
1.000000 -0.000000 0.000000 0.000000 0.000000 1.000000 0.000000 2.907200 0.000000 -0.000000 1.000000 0.000000 0.000000 0.000000 0.000000 1.000000
1.000000 -0.000000 -0.000000 -0.000000 0.000000 1.000000 -0.000000 2.907200 0.000000 0.000000 1.000000 0.000000 0.000000 0.000000 0.000000 1.000000
1.000000 -0.000000 0.000000 0.000000 0.000000 1.000000 0.000000 2.907200 0.000000 -0.000000 1.000000 0.000000 0.000000 0.000000 0.000000 1.000000
1.000000 0.000000 -0.000000 -0.000000 -0.000000 1.000000 -0.000000 2.907200 0.000000 0.000000 1.000000 -0.000000 0.000000 0.000000 0.000000 1.000000
1.000000 -0.000000 -0.000000 0.000000 0.000000 1.000000 0.000000 2.907200 0.000000 -0.000000 1.000000 0.000000 0.000000 0.000000 0.000000 1.000000
1.000000 0.000000 0.000000 0.000000 -0.000000 1.000000 0.000000 2.907200 -0.000000 -0.000000 1.000000 0.000000 0.000000 0.000000 0.000000 1.000000
1.000000 0.000000 -0.000000 0.000000 -0.000000 1.000000 0.000000 2.907200 0.000000 -0.000000 1.000000 0.000000 0.000000 0.000000 0.000000 1.000000
1.000000 -0.000000 0.000000 0.000000 0.000000 1.000000 -0.000000 2.907200 -0.000000 0.000000 1.000000 0.000000 0.000000 0.000000 0.000000 1.000000
1.000000 0.000000 -0.000000 0.000000 -0.000000 1.000000 -0.000000 2.907200 0.000000 0.000000 1.000000 -0.000000 0.000000 0.000000 0.000000 1.000000
1.000000 -0.000000 0.000000 0.000000 0.000000 1.000000 0.000000 2.907200 -0.000000 -0.000000 1.000000 0.000000 0.000000 0.000000 0.000000 1.000000
1.000000 -0.000000 -0.000000 -0.000000 0.000000 1.000000 0.000000 2.907200 -0.000000 -0.000000 1.000000 -0.000000 0.000000 0.000000 0.000000 1.000000
1.000000 -0.000000 0.000000 0.000000 0.000000 1.000000 0.000000 2.907200 0.000000 -0.000000 1.000000 0.000000 0.000000 0.000000 0.000000 1.000000
1.000000 -0.000000 0.000000 0.000000 0.000000 1.000000 0.000000 2.907200 0.000000 -0.000000 1.000000 0.000000 0.000000 0.000000 0.000000 1.000000
1.000000 -0.000000 0.000000 0.000000 0.000000 1.000000 0.000000 2.907200 0.000000 -0.000000 1.000000 0.000000 0.000000 0.000000 0.000000 1.000000
1.000000 -0.000000 -0.000000 0.000000 0.000000 1.000000 0.000000 2.907200 0.000000 -0.000000 1.000000 0.000000 0.000000 0.000000 0.000000 1.000000
1.000000 -0.000000 0.000000 0.000000 0.000000 1.000000 -0.000000 2.907200 -0.000000 0.000000 1.000000 0.000000 0.000000 0.000000 0.000000 1.000000
1.000000 -0.000000 -0.000000 -0.000000 0.000000 1.000000 0.000000 2.907200 -0.000000 -0.000000 1.000000 0.000000 0.000000 0.000000 0.000000 1.000000
1.000000 -0.000000 0.000000 0.000000 0.000000 1.000000 0.000000 2.907200 0.000000 -0.000000 1.000000 0.000000 0.000000 0.000000 0.000000 1.000000
1.000000 -0.000000 -0.000000 0.000000 0.000000 1.000000 0.000000 2.907200 0.000000 -0.000000 1.000000 0.000000 0.000000 0.000000 0.000000 1.000000
1.000000 -0.000000 -0.000000 0.000000 0.000000 1.000000 0.000000 2.907200 0.000000 -0.000000 1.000000 0.000000 0.000000 0.000000 0.000000 1.000000
1.000000 -0.000000 -0.000000 0.000000 0.000000 1.000000 0.000000 2.907200 -0.000000 -0.000000 1.000000 0.000000 0.000000 0.000000 0.000000 1.000000</float_array>
        <technique_common>
          <accessor source="#mixamorig_LeftHandIndex3-Matrix-animation-output-transform-array" count="22" stride="16">
            <param type="float4x4"/>
          </accessor>
        </technique_common>
      </source>
      <source id="mixamorig_LeftHandIndex3-Interpolations">
        <Name_array id="mixamorig_LeftHandIndex3-Interpolations-array" count="22">
 LINEAR LINEAR LINEAR LINEAR LINEAR LINEAR LINEAR LINEAR LINEAR LINEAR LINEAR
LINEAR LINEAR LINEAR LINEAR LINEAR LINEAR LINEAR LINEAR LINEAR LINEAR LINEAR</Name_array>
        <technique_common>
          <accessor source="#mixamorig_LeftHandIndex3-Interpolations-array" count="22">
            <param type="name"/>
          </accessor>
        </technique_common>
      </source>
      <sampler id="mixamorig_LeftHandIndex3-Matrix-animation-transform">
        <input semantic="INPUT" source="#mixamorig_LeftHandIndex3-Matrix-animation-input"/>
        <input semantic="OUTPUT" source="#mixamorig_LeftHandIndex3-Matrix-animation-output-transform"/>
        <input semantic="INTERPOLATION" source="#mixamorig_LeftHandIndex3-Interpolations"/>
      </sampler>
      <channel source="#mixamorig_LeftHandIndex3-Matrix-animation-transform" target="mixamorig_LeftHandIndex3/matrix"/>
    </animation>
    <animation id="mixamorig_LeftHandMiddle1-anim" name="mixamorig_LeftHandMiddle1">
      <source id="mixamorig_LeftHandMiddle1-Matrix-animation-input">
        <float_array id="mixamorig_LeftHandMiddle1-Matrix-animation-input-array" count="22">

0.000000 0.033333 0.066667 0.100000 0.133333 0.166667 0.200000 0.233333 0.266667 0.300000 0.333333 0.366667 0.400000 0.433333 0.466667 0.500000
0.533333 0.566667 0.600000 0.633333 0.666667 0.700000</float_array>
        <technique_common>
          <accessor source="#mixamorig_LeftHandMiddle1-Matrix-animation-input-array" count="22">
            <param name="TIME" type="float"/>
          </accessor>
        </technique_common>
      </source>
      <source id="mixamorig_LeftHandMiddle1-Matrix-animation-output-transform">
        <float_array id="mixamorig_LeftHandMiddle1-Matrix-animation-output-transform-array" count="352">

0.994356 -0.092410 0.052119 0.000000 0.065323 0.146172 -0.987100 13.093800 0.083600 0.984934 0.151383 0.000000 0.000000 0.000000 0.000000 1.000000
0.994588 -0.091205 0.049767 0.000000 0.064956 0.171983 -0.982956 13.093800 0.081091 0.980869 0.176976 -0.000000 0.000000 0.000000 0.000000 1.000000
0.995135 -0.088046 0.044202 -0.000000 0.063720 0.233024 -0.970381 13.093800 0.075138 0.968477 0.237500 0.000000 0.000000 0.000000 0.000000 1.000000
0.995762 -0.083829 0.037831 0.000000 0.061759 0.304675 -0.950452 13.093800 0.068149 0.948760 0.308561 -0.000000 0.000000 0.000000 0.000000 1.000000
0.996262 -0.079937 0.032746 0.000000 0.059719 0.363422 -0.929709 13.093800 0.062417 0.928189 0.366837 0.000000 0.000000 0.000000 0.000000 1.000000
0.996464 -0.078212 0.030688 0.000000 0.058757 0.387650 -0.919932 13.093800 0.060054 0.918483 0.390875 0.000000 0.000000 0.000000 0.000000 1.000000
0.996413 -0.078659 0.031211 0.000000 0.059010 0.381462 -0.922499 13.093800 0.060657 0.921032 0.384735 0.000000 0.000000 0.000000 0.000000 1.000000
0.996270 -0.079868 0.032662 0.000000 0.059681 0.364406 -0.929326 13.093800 0.062322 0.927809 0.367814 0.000000 0.000000 0.000000 0.000000 1.000000
0.996053 -0.081625 0.034870 0.000000 0.060627 0.338695 -0.938941 13.093800 0.064831 0.937349 0.342307 0.000000 0.000000 0.000000 0.000000 1.000000
0.995778 -0.083711 0.037666 -0.000000 0.061700 0.306560 -0.949850 13.093800 0.067966 0.948163 0.310430 0.000000 0.000000 0.000000 0.000000 1.000000
0.995464 -0.085921 0.040862 0.000000 0.062769 0.270325 -0.960721 13.093800 0.071500 0.958928 0.274491 0.000000 0.000000 0.000000 0.000000 1.000000
0.995130 -0.088078 0.044254 -0.000000 0.063733 0.232440 -0.970520 13.093800 0.075195 0.968615 0.236921 0.000000 0.000000 0.000000 0.000000 1.000000
0.994800 -0.090036 0.047610 0.000000 0.064526 0.195471 -0.978584 13.093800 0.078801 0.976568 0.200264 0.000000 0.000000 0.000000 0.000000 1.000000
0.994498 -0.091682 0.050682 -0.000000 0.065120 0.162064 -0.984629 13.093800 0.082059 0.982512 0.167143 0.000000 0.000000 0.000000 0.000000 1.000000
0.994249 -0.092936 0.053207 0.000000 0.065520 0.134903 -0.988690 13.093800 0.084707 0.986491 0.140217 -0.000000 0.000000 0.000000 0.000000 1.000000
0.994086 -0.093719 0.054869 0.000000 0.065698 0.116665 -0.990996 13.093800 0.086474 0.988740 0.122132 0.000000 0.000000 0.000000 0.000000 1.000000
0.994027 -0.093980 0.055478 -0.000000 0.065752 0.110004 -0.991754 13.093800 0.087102 0.989478 0.115526 0.000000 0.000000 0.000000 0.000000 1.000000
0.994061 -0.093825 0.055132 0.000000 0.065719 0.113774 -0.991331 13.093800 0.086739 0.989066 0.119264 0.000000 0.000000 0.000000 0.000000 1.000000
0.994140 -0.093463 0.054318 -0.000000 0.065647 0.122755 -0.990263 13.093800 0.085885 0.988026 0.128171 0.000000 0.000000 0.000000 0.000000 1.000000
0.994234 -0.093011 0.053371 0.000000 0.065569 0.133461 -0.988883 13.093800 0.084854 0.986680 0.138790 -0.000000 0.000000 0.000000 0.000000 1.000000
0.994312 -0.092625 0.052582 0.000000 0.065497 0.142419 -0.987637 13.093800 0.083992 0.985463 0.147676 0.000000 0.000000 0.000000 0.000000 1.000000
0.994340 -0.092515 0.052232 -0.000000 0.065452 0.146174 -0.987091 13.093800 0.083686 0.984923 0.151402 0.000000 0.000000 0.000000 0.000000 1.000000</float_array>
        <technique_common>
          <accessor source="#mixamorig_LeftHandMiddle1-Matrix-animation-output-transform-array" count="22" stride="16">
            <param type="float4x4"/>
          </accessor>
        </technique_common>
      </source>
      <source id="mixamorig_LeftHandMiddle1-Interpolations">
        <Name_array id="mixamorig_LeftHandMiddle1-Interpolations-array" count="22">
 LINEAR LINEAR LINEAR LINEAR LINEAR LINEAR LINEAR LINEAR LINEAR LINEAR LINEAR
LINEAR LINEAR LINEAR LINEAR LINEAR LINEAR LINEAR LINEAR LINEAR LINEAR LINEAR</Name_array>
        <technique_common>
          <accessor source="#mixamorig_LeftHandMiddle1-Interpolations-array" count="22">
            <param type="name"/>
          </accessor>
        </technique_common>
      </source>
      <sampler id="mixamorig_LeftHandMiddle1-Matrix-animation-transform">
        <input semantic="INPUT" source="#mixamorig_LeftHandMiddle1-Matrix-animation-input"/>
        <input semantic="OUTPUT" source="#mixamorig_LeftHandMiddle1-Matrix-animation-output-transform"/>
        <input semantic="INTERPOLATION" source="#mixamorig_LeftHandMiddle1-Interpolations"/>
      </sampler>
      <channel source="#mixamorig_LeftHandMiddle1-Matrix-animation-transform" target="mixamorig_LeftHandMiddle1/matrix"/>
    </animation>
    <animation id="mixamorig_LeftHandMiddle2-anim" name="mixamorig_LeftHandMiddle2">
      <source id="mixamorig_LeftHandMiddle2-Matrix-animation-input">
        <float_array id="mixamorig_LeftHandMiddle2-Matrix-animation-input-array" count="22">

0.000000 0.033333 0.066667 0.100000 0.133333 0.166667 0.200000 0.233333 0.266667 0.300000 0.333333 0.366667 0.400000 0.433333 0.466667 0.500000
0.533333 0.566667 0.600000 0.633333 0.666667 0.700000</float_array>
        <technique_common>
          <accessor source="#mixamorig_LeftHandMiddle2-Matrix-animation-input-array" count="22">
            <param name="TIME" type="float"/>
          </accessor>
        </technique_common>
      </source>
      <source id="mixamorig_LeftHandMiddle2-Matrix-animation-output-transform">
        <float_array id="mixamorig_LeftHandMiddle2-Matrix-animation-output-transform-array" count="352">

0.991619 -0.104440 0.076057 0.000000 0.093603 0.174978 -0.980113 3.620200 0.089055 0.979017 0.183287 0.000000 0.000000 0.000000 0.000000 1.000000
0.991915 -0.103561 0.073351 -0.000000 0.093068 0.200667 -0.975229 3.620200 0.086276 0.974170 0.208683 0.000000 0.000000 0.000000 0.000000 1.000000
0.992610 -0.101177 0.067001 0.000000 0.091499 0.261340 -0.960900 3.620200 0.079711 0.959929 0.268667 0.000000 0.000000 0.000000 0.000000 1.000000
0.993416 -0.097816 0.059635 0.000000 0.089093 0.332404 -0.938920 3.620200 0.072019 0.938051 0.338930 0.000000 0.000000 0.000000 0.000000 1.000000
0.994069 -0.094583 0.053668 0.000000 0.086639 0.390542 -0.916499 3.620200 0.065726 0.915713 0.396421 -0.000000 0.000000 0.000000 0.000000 1.000000
0.994336 -0.093117 0.051228 0.000000 0.085494 0.414484 -0.906032 3.620200 0.063134 0.905280 0.420098 0.000000 0.000000 0.000000 0.000000 1.000000
0.994268 -0.093500 0.051849 -0.000000 0.085794 0.408371 -0.908775 3.620200 0.063796 0.908015 0.414052 0.000000 0.000000 0.000000 0.000000 1.000000
0.994080 -0.094526 0.053568 0.000000 0.086594 0.391515 -0.916088 3.620200 0.065621 0.915304 0.397383 0.000000 0.000000 0.000000 0.000000 1.000000
0.993795 -0.095998 0.056169 0.000000 0.087725 0.366086 -0.926437 3.620200 0.068374 0.925616 0.372236 0.000000 0.000000 0.000000 0.000000 1.000000
0.993438 -0.097718 0.059440 0.000000 0.089019 0.334270 -0.938264 3.620200 0.071816 0.937398 0.340775 0.000000 0.000000 0.000000 0.000000 1.000000
0.993031 -0.099504 0.063151 0.000000 0.090321 0.298353 -0.950172 3.620200 0.075704 0.949255 0.305261 0.000000 0.000000 0.000000 0.000000 1.000000
0.992604 -0.101199 0.067058 0.000000 0.091512 0.260755 -0.961058 3.620200 0.079773 0.960086 0.268087 0.000000 0.000000 0.000000 0.000000 1.000000
0.992184 -0.102692 0.070895 0.000000 0.092509 0.224022 -0.970184 3.620200 0.083748 0.969159 0.231771 0.000000 0.000000 0.000000 0.000000 1.000000
0.991802 -0.103905 0.074383 0.000000 0.093276 0.190793 -0.977189 3.620200 0.087343 0.976116 0.198921 -0.000000 0.000000 0.000000 0.000000 1.000000
0.991490 -0.104800 0.077234 0.000000 0.093805 0.163750 -0.982032 3.620200 0.090270 0.980919 0.172187 -0.000000 0.000000 0.000000 0.000000 1.000000
0.991280 -0.105353 0.079154 0.000000 0.094114 0.145580 -0.984860 3.620200 0.092235 0.983721 0.154225 -0.000000 0.000000 0.000000 0.000000 1.000000
0.991206 -0.105538 0.079832 0.000000 0.094192 0.138942 -0.985811 3.620200 0.092948 0.984661 0.147661 0.000000 0.000000 0.000000 0.000000 1.000000
0.991248 -0.105433 0.079447 -0.000000 0.094147 0.142699 -0.985278 3.620200 0.092544 0.984135 0.151376 -0.000000 0.000000 0.000000 0.000000 1.000000
0.991350 -0.105173 0.078516 0.000000 0.094018 0.151650 -0.983953 3.620200 0.091579 0.982823 0.160226 0.000000 0.000000 0.000000 0.000000 1.000000
0.991473 -0.104846 0.077392 0.000000 0.093839 0.162317 -0.982267 3.620200 0.090425 0.981153 0.170771 0.000000 0.000000 0.000000 0.000000 1.000000
0.991571 -0.104575 0.076486 0.000000 0.093712 0.171239 -0.980763 3.620200 0.089466 0.979664 0.179596 0.000000 0.000000 0.000000 0.000000 1.000000
0.991609 -0.104491 0.076117 -0.000000 0.093672 0.174978 -0.980106 3.620200 0.089094 0.979012 0.183297 0.000000 0.000000 0.000000 0.000000 1.000000</float_array>
        <technique_common>
          <accessor source="#mixamorig_LeftHandMiddle2-Matrix-animation-output-transform-array" count="22" stride="16">
            <param type="float4x4"/>
          </accessor>
        </technique_common>
      </source>
      <source id="mixamorig_LeftHandMiddle2-Interpolations">
        <Name_array id="mixamorig_LeftHandMiddle2-Interpolations-array" count="22">
 LINEAR LINEAR LINEAR LINEAR LINEAR LINEAR LINEAR LINEAR LINEAR LINEAR LINEAR
LINEAR LINEAR LINEAR LINEAR LINEAR LINEAR LINEAR LINEAR LINEAR LINEAR LINEAR</Name_array>
        <technique_common>
          <accessor source="#mixamorig_LeftHandMiddle2-Interpolations-array" count="22">
            <param type="name"/>
          </accessor>
        </technique_common>
      </source>
      <sampler id="mixamorig_LeftHandMiddle2-Matrix-animation-transform">
        <input semantic="INPUT" source="#mixamorig_LeftHandMiddle2-Matrix-animation-input"/>
        <input semantic="OUTPUT" source="#mixamorig_LeftHandMiddle2-Matrix-animation-output-transform"/>
        <input semantic="INTERPOLATION" source="#mixamorig_LeftHandMiddle2-Interpolations"/>
      </sampler>
      <channel source="#mixamorig_LeftHandMiddle2-Matrix-animation-transform" target="mixamorig_LeftHandMiddle2/matrix"/>
    </animation>
    <animation id="mixamorig_LeftHandMiddle3-anim" name="mixamorig_LeftHandMiddle3">
      <source id="mixamorig_LeftHandMiddle3-Matrix-animation-input">
        <float_array id="mixamorig_LeftHandMiddle3-Matrix-animation-input-array" count="22">

0.000000 0.033333 0.066667 0.100000 0.133333 0.166667 0.200000 0.233333 0.266667 0.300000 0.333333 0.366667 0.400000 0.433333 0.466667 0.500000
0.533333 0.566667 0.600000 0.633333 0.666667 0.700000</float_array>
        <technique_common>
          <accessor source="#mixamorig_LeftHandMiddle3-Matrix-animation-input-array" count="22">
            <param name="TIME" type="float"/>
          </accessor>
        </technique_common>
      </source>
      <source id="mixamorig_LeftHandMiddle3-Matrix-animation-output-transform">
        <float_array id="mixamorig_LeftHandMiddle3-Matrix-animation-output-transform-array" count="352">

1.000000 0.000000 0.000000 -0.000000 -0.000000 1.000000 -0.000000 2.832500 0.000000 0.000000 1.000000 0.000000 0.000000 0.000000 0.000000 1.000000
1.000000 -0.000000 0.000000 -0.000000 0.000000 1.000000 0.000000 2.832500 -0.000000 -0.000000 1.000000 0.000000 0.000000 0.000000 0.000000 1.000000
1.000000 0.000000 -0.000000 0.000000 -0.000000 1.000000 -0.000000 2.832500 0.000000 0.000000 1.000000 -0.000000 0.000000 0.000000 0.000000 1.000000
1.000000 0.000000 -0.000000 -0.000000 -0.000000 1.000000 -0.000000 2.832500 0.000000 0.000000 1.000000 0.000000 0.000000 0.000000 0.000000 1.000000
1.000000 -0.000000 0.000000 -0.000000 0.000000 1.000000 0.000000 2.832500 -0.000000 -0.000000 1.000000 0.000000 0.000000 0.000000 0.000000 1.000000
1.000000 0.000000 0.000000 0.000000 -0.000000 1.000000 -0.000000 2.832500 0.000000 0.000000 1.000000 0.000000 0.000000 0.000000 0.000000 1.000000
1.000000 0.000000 0.000000 0.000000 -0.000000 1.000000 -0.000000 2.832500 -0.000000 0.000000 1.000000 0.000000 0.000000 0.000000 0.000000 1.000000
1.000000 -0.000000 -0.000000 -0.000000 0.000000 1.000000 -0.000000 2.832500 0.000000 0.000000 1.000000 0.000000 0.000000 0.000000 0.000000 1.000000
1.000000 0.000000 -0.000000 -0.000000 -0.000000 1.000000 0.000000 2.832500 0.000000 -0.000000 1.000000 0.000000 0.000000 0.000000 0.000000 1.000000
1.000000 -0.000000 0.000000 0.000000 0.000000 1.000000 0.000000 2.832500 -0.000000 -0.000000 1.000000 -0.000000 0.000000 0.000000 0.000000 1.000000
1.000000 0.000000 0.000000 0.000000 -0.000000 1.000000 -0.000000 2.832500 -0.000000 0.000000 1.000000 0.000000 0.000000 0.000000 0.000000 1.000000
1.000000 0.000000 0.000000 -0.000000 -0.000000 1.000000 -0.000000 2.832500 -0.000000 0.000000 1.000000 0.000000 0.000000 0.000000 0.000000 1.000000
1.000000 0.000000 -0.000000 0.000000 -0.000000 1.000000 -0.000000 2.832500 0.000000 0.000000 1.000000 -0.000000 0.000000 0.000000 0.000000 1.000000
1.000000 -0.000000 0.000000 -0.000000 0.000000 1.000000 -0.000000 2.832500 -0.000000 0.000000 1.000000 0.000000 0.000000 0.000000 0.000000 1.000000
1.000000 -0.000000 0.000000 0.000000 0.000000 1.000000 -0.000000 2.832500 -0.000000 0.000000 1.000000 0.000000 0.000000 0.000000 0.000000 1.000000
1.000000 0.000000 -0.000000 -0.000000 -0.000000 1.000000 -0.000000 2.832500 0.000000 0.000000 1.000000 0.000000 0.000000 0.000000 0.000000 1.000000
1.000000 0.000000 0.000000 0.000000 -0.000000 1.000000 -0.000000 2.832500 -0.000000 0.000000 1.000000 0.000000 0.000000 0.000000 0.000000 1.000000
1.000000 0.000000 0.000000 0.000000 -0.000000 1.000000 -0.000000 2.832500 -0.000000 0.000000 1.000000 0.000000 0.000000 0.000000 0.000000 1.000000
1.000000 -0.000000 -0.000000 0.000000 0.000000 1.000000 -0.000000 2.832500 0.000000 0.000000 1.000000 0.000000 0.000000 0.000000 0.000000 1.000000
1.000000 0.000000 0.000000 0.000000 -0.000000 1.000000 -0.000000 2.832500 0.000000 0.000000 1.000000 0.000000 0.000000 0.000000 0.000000 1.000000
1.000000 -0.000000 0.000000 0.000000 0.000000 1.000000 -0.000000 2.832500 -0.000000 0.000000 1.000000 0.000000 0.000000 0.000000 0.000000 1.000000
1.000000 0.000000 0.000000 0.000000 -0.000000 1.000000 -0.000000 2.832500 0.000000 0.000000 1.000000 0.000000 0.000000 0.000000 0.000000 1.000000</float_array>
        <technique_common>
          <accessor source="#mixamorig_LeftHandMiddle3-Matrix-animation-output-transform-array" count="22" stride="16">
            <param type="float4x4"/>
          </accessor>
        </technique_common>
      </source>
      <source id="mixamorig_LeftHandMiddle3-Interpolations">
        <Name_array id="mixamorig_LeftHandMiddle3-Interpolations-array" count="22">
 LINEAR LINEAR LINEAR LINEAR LINEAR LINEAR LINEAR LINEAR LINEAR LINEAR LINEAR
LINEAR LINEAR LINEAR LINEAR LINEAR LINEAR LINEAR LINEAR LINEAR LINEAR LINEAR</Name_array>
        <technique_common>
          <accessor source="#mixamorig_LeftHandMiddle3-Interpolations-array" count="22">
            <param type="name"/>
          </accessor>
        </technique_common>
      </source>
      <sampler id="mixamorig_LeftHandMiddle3-Matrix-animation-transform">
        <input semantic="INPUT" source="#mixamorig_LeftHandMiddle3-Matrix-animation-input"/>
        <input semantic="OUTPUT" source="#mixamorig_LeftHandMiddle3-Matrix-animation-output-transform"/>
        <input semantic="INTERPOLATION" source="#mixamorig_LeftHandMiddle3-Interpolations"/>
      </sampler>
      <channel source="#mixamorig_LeftHandMiddle3-Matrix-animation-transform" target="mixamorig_LeftHandMiddle3/matrix"/>
    </animation>
    <animation id="mixamorig_LeftHandRing1-anim" name="mixamorig_LeftHandRing1">
      <source id="mixamorig_LeftHandRing1-Matrix-animation-input">
        <float_array id="mixamorig_LeftHandRing1-Matrix-animation-input-array" count="22">

0.000000 0.033333 0.066667 0.100000 0.133333 0.166667 0.200000 0.233333 0.266667 0.300000 0.333333 0.366667 0.400000 0.433333 0.466667 0.500000
0.533333 0.566667 0.600000 0.633333 0.666667 0.700000</float_array>
        <technique_common>
          <accessor source="#mixamorig_LeftHandRing1-Matrix-animation-input-array" count="22">
            <param name="TIME" type="float"/>
          </accessor>
        </technique_common>
      </source>
      <source id="mixamorig_LeftHandRing1-Matrix-animation-output-transform">
        <float_array id="mixamorig_LeftHandRing1-Matrix-animation-output-transform-array" count="352">

0.994790 -0.057509 -0.084176 3.523100 -0.079721 0.075801 -0.993931 12.918800 0.063540 0.995463 0.070822 -0.015900 0.000000 0.000000 0.000000 1.000000
0.994889 -0.053465 -0.085659 3.523100 -0.079919 0.101560 -0.991614 12.918800 0.061716 0.993392 0.096768 -0.015900 0.000000 0.000000 0.000000 1.000000
0.995100 -0.043714 -0.088683 3.523100 -0.080493 0.162679 -0.983390 12.918800 0.057414 0.985710 0.158363 -0.015900 0.000000 0.000000 0.000000 1.000000
0.995296 -0.031856 -0.091491 3.523100 -0.081525 0.234780 -0.968624 12.918800 0.052337 0.971526 0.231079 -0.015900 0.000000 0.000000 0.000000 1.000000
0.995413 -0.021782 -0.093160 3.523100 -0.082675 0.294203 -0.952161 12.918800 0.048148 0.955495 0.291052 -0.015900 0.000000 0.000000 0.000000 1.000000
0.995449 -0.017530 -0.093673 3.523100 -0.083233 0.318795 -0.944162 12.918800 0.046414 0.947662 0.315884 -0.015900 0.000000 0.000000 0.000000 1.000000
0.995440 -0.018622 -0.093553 3.523100 -0.083086 0.312509 -0.946274 12.918800 0.046857 0.949732 0.309537 -0.015900 0.000000 0.000000 0.000000 1.000000
0.995414 -0.021611 -0.093184 3.523100 -0.082697 0.295201 -0.951850 12.918800 0.048078 0.955191 0.292060 -0.015900 0.000000 0.000000 0.000000 1.000000
0.995369 -0.026062 -0.092530 3.523100 -0.082157 0.269157 -0.959586 12.918800 0.049914 0.962744 0.265770 -0.015900 0.000000 0.000000 0.000000 1.000000
0.995301 -0.031538 -0.091554 3.523100 -0.081557 0.236683 -0.968158 12.918800 0.052203 0.971075 0.232998 -0.015900 0.000000 0.000000 0.000000 1.000000
0.995209 -0.037598 -0.090248 3.523100 -0.080981 0.200165 -0.976410 12.918800 0.054775 0.979041 0.196161 -0.015900 0.000000 0.000000 0.000000 1.000000
0.995098 -0.043809 -0.088658 3.523100 -0.080487 0.162093 -0.983488 12.918800 0.057456 0.985803 0.157772 -0.015900 0.000000 0.000000 0.000000 1.000000
0.994975 -0.049750 -0.086891 3.523100 -0.080109 0.125046 -0.988912 12.918800 0.060064 0.990903 0.120432 -0.015900 0.000000 0.000000 0.000000 1.000000
0.994851 -0.055020 -0.085115 3.523100 -0.079852 0.091656 -0.992584 12.918800 0.062413 0.994270 0.086790 -0.015900 0.000000 0.000000 0.000000 1.000000
0.994741 -0.059237 -0.083549 3.523100 -0.079702 0.064567 -0.994725 12.918800 0.064319 0.996154 0.059506 -0.015900 0.000000 0.000000 0.000000 1.000000
0.994666 -0.062048 -0.082395 3.523100 -0.079590 0.046409 -0.995747 12.918800 0.065608 0.996994 0.041223 -0.015900 0.000000 0.000000 0.000000 1.000000
0.994637 -0.063080 -0.081963 3.523100 -0.079555 0.039786 -0.996036 12.918800 0.066090 0.997215 0.034554 -0.015900 0.000000 0.000000 0.000000 1.000000
0.994654 -0.062490 -0.082213 3.523100 -0.079579 0.043533 -0.995878 12.918800 0.065812 0.997096 0.038327 -0.015900 0.000000 0.000000 0.000000 1.000000
0.994690 -0.061104 -0.082813 3.523100 -0.079653 0.052468 -0.995441 12.918800 0.065171 0.996751 0.047322 -0.015900 0.000000 0.000000 0.000000 1.000000
0.994732 -0.059440 -0.083515 3.523100 -0.079750 0.063126 -0.994814 12.918800 0.064403 0.996234 0.058053 -0.015900 0.000000 0.000000 0.000000 1.000000
0.994767 -0.058039 -0.084089 3.523100 -0.079838 0.072051 -0.994200 12.918800 0.063761 0.995711 0.067040 -0.015900 0.000000 0.000000 0.000000 1.000000
0.994785 -0.057401 -0.084307 3.523100 -0.079861 0.075784 -0.993921 12.918800 0.063442 0.995471 0.070805 -0.015900 0.000000 0.000000 0.000000 1.000000</float_array>
        <technique_common>
          <accessor source="#mixamorig_LeftHandRing1-Matrix-animation-output-transform-array" count="22" stride="16">
            <param type="float4x4"/>
          </accessor>
        </technique_common>
      </source>
      <source id="mixamorig_LeftHandRing1-Interpolations">
        <Name_array id="mixamorig_LeftHandRing1-Interpolations-array" count="22">
 LINEAR LINEAR LINEAR LINEAR LINEAR LINEAR LINEAR LINEAR LINEAR LINEAR LINEAR
LINEAR LINEAR LINEAR LINEAR LINEAR LINEAR LINEAR LINEAR LINEAR LINEAR LINEAR</Name_array>
        <technique_common>
          <accessor source="#mixamorig_LeftHandRing1-Interpolations-array" count="22">
            <param type="name"/>
          </accessor>
        </technique_common>
      </source>
      <sampler id="mixamorig_LeftHandRing1-Matrix-animation-transform">
        <input semantic="INPUT" source="#mixamorig_LeftHandRing1-Matrix-animation-input"/>
        <input semantic="OUTPUT" source="#mixamorig_LeftHandRing1-Matrix-animation-output-transform"/>
        <input semantic="INTERPOLATION" source="#mixamorig_LeftHandRing1-Interpolations"/>
      </sampler>
      <channel source="#mixamorig_LeftHandRing1-Matrix-animation-transform" target="mixamorig_LeftHandRing1/matrix"/>
    </animation>
    <animation id="mixamorig_LeftHandRing2-anim" name="mixamorig_LeftHandRing2">
      <source id="mixamorig_LeftHandRing2-Matrix-animation-input">
        <float_array id="mixamorig_LeftHandRing2-Matrix-animation-input-array" count="22">

0.000000 0.033333 0.066667 0.100000 0.133333 0.166667 0.200000 0.233333 0.266667 0.300000 0.333333 0.366667 0.400000 0.433333 0.466667 0.500000
0.533333 0.566667 0.600000 0.633333 0.666667 0.700000</float_array>
        <technique_common>
          <accessor source="#mixamorig_LeftHandRing2-Matrix-animation-input-array" count="22">
            <param name="TIME" type="float"/>
          </accessor>
        </technique_common>
      </source>
      <source id="mixamorig_LeftHandRing2-Matrix-animation-output-transform">
        <float_array id="mixamorig_LeftHandRing2-Matrix-animation-output-transform-array" count="352">

0.995752 -0.062729 0.067396 0.000000 0.075019 0.128382 -0.988883 2.936000 0.053379 0.989739 0.132542 0.000000 0.000000 0.000000 0.000000 1.000000
0.995852 -0.062885 0.065756 0.000000 0.074794 0.154274 -0.985193 2.936000 0.051810 0.986025 0.158337 -0.000000 0.000000 0.000000 0.000000 1.000000
0.996091 -0.063081 0.061831 0.000000 0.074091 0.215557 -0.973676 2.936000 0.048093 0.974452 0.219389 0.000000 0.000000 0.000000 0.000000 1.000000
0.996377 -0.062993 0.057145 0.000000 0.072952 0.287583 -0.954973 2.936000 0.043722 0.955682 0.291137 0.000000 0.000000 0.000000 0.000000 1.000000
0.996615 -0.062650 0.053232 -0.000000 0.071749 0.346719 -0.935221 2.936000 0.040135 0.935874 0.350040 -0.000000 0.000000 0.000000 0.000000 1.000000
0.996714 -0.062434 0.051598 0.000000 0.071177 0.371130 -0.925849 2.936000 0.038655 0.926480 0.374355 0.000000 0.000000 0.000000 0.000000 1.000000
0.996689 -0.062494 0.052016 0.000000 0.071327 0.364894 -0.928313 2.936000 0.039033 0.928949 0.368143 0.000000 0.000000 0.000000 0.000000 1.000000
0.996619 -0.062643 0.053165 0.000000 0.071725 0.347710 -0.934855 2.936000 0.040076 0.935507 0.351027 -0.000000 0.000000 0.000000 0.000000 1.000000
0.996514 -0.062825 0.054885 0.000000 0.072284 0.321819 -0.944038 2.936000 0.041646 0.944714 0.325239 0.000000 0.000000 0.000000 0.000000 1.000000
0.996384 -0.062985 0.057017 0.000000 0.072914 0.289478 -0.954404 2.936000 0.043608 0.955110 0.293024 -0.000000 0.000000 0.000000 0.000000 1.000000
0.996239 -0.063078 0.059399 0.000000 0.073538 0.253037 -0.964658 2.936000 0.045818 0.965398 0.256724 0.000000 0.000000 0.000000 0.000000 1.000000
0.996089 -0.063079 0.061865 0.000000 0.074094 0.214965 -0.973807 2.936000 0.048128 0.974583 0.218798 0.000000 0.000000 0.000000 0.000000 1.000000
0.995944 -0.062988 0.064247 0.000000 0.074546 0.177841 -0.981232 2.936000 0.050380 0.982041 0.181816 0.000000 0.000000 0.000000 0.000000 1.000000
0.995814 -0.062829 0.066380 0.000000 0.074878 0.144317 -0.986694 2.936000 0.052414 0.987535 0.148418 0.000000 0.000000 0.000000 0.000000 1.000000
0.995710 -0.062648 0.068101 0.000000 0.075096 0.117075 -0.990280 2.936000 0.054066 0.991145 0.121278 0.000000 0.000000 0.000000 0.000000 1.000000
0.995640 -0.062500 0.069249 0.000000 0.075215 0.098791 -0.992262 2.936000 0.055175 0.993144 0.103061 0.000000 0.000000 0.000000 0.000000 1.000000
0.995611 -0.062466 0.069684 0.000000 0.075274 0.092116 -0.992899 2.936000 0.055604 0.993787 0.096413 0.000000 0.000000 0.000000 0.000000 1.000000
0.995627 -0.062479 0.069446 0.000000 0.075248 0.095895 -0.992543 2.936000 0.055354 0.993429 0.100177 0.000000 0.000000 0.000000 0.000000 1.000000
0.995663 -0.062552 0.068869 0.000000 0.075181 0.104898 -0.991637 2.936000 0.054805 0.992514 0.109145 0.000000 0.000000 0.000000 0.000000 1.000000
0.995704 -0.062637 0.068195 0.000000 0.075109 0.115633 -0.990448 2.936000 0.054153 0.991315 0.119841 0.000000 0.000000 0.000000 0.000000 1.000000
0.995741 -0.062690 0.067600 0.000000 0.075013 0.124617 -0.989365 2.936000 0.053599 0.990223 0.128788 0.000000 0.000000 0.000000 0.000000 1.000000
0.995759 -0.062683 0.067340 0.000000 0.074957 0.128382 -0.988888 2.936000 0.053341 0.989742 0.132536 -0.000000 0.000000 0.000000 0.000000 1.000000</float_array>
        <technique_common>
          <accessor source="#mixamorig_LeftHandRing2-Matrix-animation-output-transform-array" count="22" stride="16">
            <param type="float4x4"/>
          </accessor>
        </technique_common>
      </source>
      <source id="mixamorig_LeftHandRing2-Interpolations">
        <Name_array id="mixamorig_LeftHandRing2-Interpolations-array" count="22">
 LINEAR LINEAR LINEAR LINEAR LINEAR LINEAR LINEAR LINEAR LINEAR LINEAR LINEAR
LINEAR LINEAR LINEAR LINEAR LINEAR LINEAR LINEAR LINEAR LINEAR LINEAR LINEAR</Name_array>
        <technique_common>
          <accessor source="#mixamorig_LeftHandRing2-Interpolations-array" count="22">
            <param type="name"/>
          </accessor>
        </technique_common>
      </source>
      <sampler id="mixamorig_LeftHandRing2-Matrix-animation-transform">
        <input semantic="INPUT" source="#mixamorig_LeftHandRing2-Matrix-animation-input"/>
        <input semantic="OUTPUT" source="#mixamorig_LeftHandRing2-Matrix-animation-output-transform"/>
        <input semantic="INTERPOLATION" source="#mixamorig_LeftHandRing2-Interpolations"/>
      </sampler>
      <channel source="#mixamorig_LeftHandRing2-Matrix-animation-transform" target="mixamorig_LeftHandRing2/matrix"/>
    </animation>
    <animation id="mixamorig_LeftHandRing3-anim" name="mixamorig_LeftHandRing3">
      <source id="mixamorig_LeftHandRing3-Matrix-animation-input">
        <float_array id="mixamorig_LeftHandRing3-Matrix-animation-input-array" count="22">

0.000000 0.033333 0.066667 0.100000 0.133333 0.166667 0.200000 0.233333 0.266667 0.300000 0.333333 0.366667 0.400000 0.433333 0.466667 0.500000
0.533333 0.566667 0.600000 0.633333 0.666667 0.700000</float_array>
        <technique_common>
          <accessor source="#mixamorig_LeftHandRing3-Matrix-animation-input-array" count="22">
            <param name="TIME" type="float"/>
          </accessor>
        </technique_common>
      </source>
      <source id="mixamorig_LeftHandRing3-Matrix-animation-output-transform">
        <float_array id="mixamorig_LeftHandRing3-Matrix-animation-output-transform-array" count="352">

1.000000 -0.000000 0.000000 0.000000 0.000000 1.000000 -0.000000 3.435600 -0.000000 0.000000 1.000000 0.000000 0.000000 0.000000 0.000000 1.000000
1.000000 -0.000000 -0.000000 -0.000000 0.000000 1.000000 0.000000 3.435600 0.000000 -0.000000 1.000000 -0.000000 0.000000 0.000000 0.000000 1.000000
1.000000 0.000000 0.000000 0.000000 -0.000000 1.000000 -0.000000 3.435600 -0.000000 0.000000 1.000000 0.000000 0.000000 0.000000 0.000000 1.000000
1.000000 0.000000 -0.000000 0.000000 -0.000000 1.000000 0.000000 3.435600 0.000000 -0.000000 1.000000 0.000000 0.000000 0.000000 0.000000 1.000000
1.000000 0.000000 0.000000 0.000000 -0.000000 1.000000 -0.000000 3.435600 0.000000 0.000000 1.000000 0.000000 0.000000 0.000000 0.000000 1.000000
1.000000 0.000000 0.000000 0.000000 -0.000000 1.000000 -0.000000 3.435600 0.000000 0.000000 1.000000 -0.000000 0.000000 0.000000 0.000000 1.000000
1.000000 0.000000 -0.000000 0.000000 -0.000000 1.000000 0.000000 3.435600 0.000000 -0.000000 1.000000 0.000000 0.000000 0.000000 0.000000 1.000000
1.000000 0.000000 -0.000000 0.000000 -0.000000 1.000000 -0.000000 3.435600 0.000000 0.000000 1.000000 0.000000 0.000000 0.000000 0.000000 1.000000
1.000000 0.000000 -0.000000 -0.000000 -0.000000 1.000000 -0.000000 3.435600 0.000000 0.000000 1.000000 0.000000 0.000000 0.000000 0.000000 1.000000
1.000000 -0.000000 0.000000 0.000000 0.000000 1.000000 -0.000000 3.435600 -0.000000 0.000000 1.000000 0.000000 0.000000 0.000000 0.000000 1.000000
1.000000 -0.000000 -0.000000 0.000000 0.000000 1.000000 -0.000000 3.435600 0.000000 0.000000 1.000000 -0.000000 0.000000 0.000000 0.000000 1.000000
1.000000 0.000000 -0.000000 0.000000 -0.000000 1.000000 0.000000 3.435600 0.000000 -0.000000 1.000000 0.000000 0.000000 0.000000 0.000000 1.000000
1.000000 0.000000 -0.000000 0.000000 -0.000000 1.000000 -0.000000 3.435600 0.000000 0.000000 1.000000 0.000000 0.000000 0.000000 0.000000 1.000000
1.000000 -0.000000 -0.000000 0.000000 0.000000 1.000000 0.000000 3.435600 0.000000 -0.000000 1.000000 0.000000 0.000000 0.000000 0.000000 1.000000
1.000000 -0.000000 -0.000000 0.000000 0.000000 1.000000 -0.000000 3.435600 0.000000 0.000000 1.000000 -0.000000 0.000000 0.000000 0.000000 1.000000
1.000000 0.000000 0.000000 0.000000 -0.000000 1.000000 0.000000 3.435600 -0.000000 -0.000000 1.000000 0.000000 0.000000 0.000000 0.000000 1.000000
1.000000 0.000000 0.000000 0.000000 -0.000000 1.000000 0.000000 3.435600 -0.000000 -0.000000 1.000000 -0.000000 0.000000 0.000000 0.000000 1.000000
1.000000 0.000000 -0.000000 0.000000 -0.000000 1.000000 -0.000000 3.435600 0.000000 0.000000 1.000000 0.000000 0.000000 0.000000 0.000000 1.000000
1.000000 0.000000 0.000000 0.000000 -0.000000 1.000000 -0.000000 3.435600 0.000000 0.000000 1.000000 0.000000 0.000000 0.000000 0.000000 1.000000
1.000000 0.000000 0.000000 0.000000 -0.000000 1.000000 0.000000 3.435600 -0.000000 -0.000000 1.000000 0.000000 0.000000 0.000000 0.000000 1.000000
1.000000 0.000000 -0.000000 -0.000000 -0.000000 1.000000 -0.000000 3.435600 0.000000 0.000000 1.000000 -0.000000 0.000000 0.000000 0.000000 1.000000
1.000000 0.000000 -0.000000 0.000000 -0.000000 1.000000 -0.000000 3.435600 0.000000 0.000000 1.000000 0.000000 0.000000 0.000000 0.000000 1.000000</float_array>
        <technique_common>
          <accessor source="#mixamorig_LeftHandRing3-Matrix-animation-output-transform-array" count="22" stride="16">
            <param type="float4x4"/>
          </accessor>
        </technique_common>
      </source>
      <source id="mixamorig_LeftHandRing3-Interpolations">
        <Name_array id="mixamorig_LeftHandRing3-Interpolations-array" count="22">
 LINEAR LINEAR LINEAR LINEAR LINEAR LINEAR LINEAR LINEAR LINEAR LINEAR LINEAR
LINEAR LINEAR LINEAR LINEAR LINEAR LINEAR LINEAR LINEAR LINEAR LINEAR LINEAR</Name_array>
        <technique_common>
          <accessor source="#mixamorig_LeftHandRing3-Interpolations-array" count="22">
            <param type="name"/>
          </accessor>
        </technique_common>
      </source>
      <sampler id="mixamorig_LeftHandRing3-Matrix-animation-transform">
        <input semantic="INPUT" source="#mixamorig_LeftHandRing3-Matrix-animation-input"/>
        <input semantic="OUTPUT" source="#mixamorig_LeftHandRing3-Matrix-animation-output-transform"/>
        <input semantic="INTERPOLATION" source="#mixamorig_LeftHandRing3-Interpolations"/>
      </sampler>
      <channel source="#mixamorig_LeftHandRing3-Matrix-animation-transform" target="mixamorig_LeftHandRing3/matrix"/>
    </animation>
    <animation id="mixamorig_LeftHandPinky1-anim" name="mixamorig_LeftHandPinky1">
      <source id="mixamorig_LeftHandPinky1-Matrix-animation-input">
        <float_array id="mixamorig_LeftHandPinky1-Matrix-animation-input-array" count="22">

0.000000 0.033333 0.066667 0.100000 0.133333 0.166667 0.200000 0.233333 0.266667 0.300000 0.333333 0.366667 0.400000 0.433333 0.466667 0.500000
0.533333 0.566667 0.600000 0.633333 0.666667 0.700000</float_array>
        <technique_common>
          <accessor source="#mixamorig_LeftHandPinky1-Matrix-animation-input-array" count="22">
            <param name="TIME" type="float"/>
          </accessor>
        </technique_common>
      </source>
      <source id="mixamorig_LeftHandPinky1-Matrix-animation-output-transform">
        <float_array id="mixamorig_LeftHandPinky1-Matrix-animation-output-transform-array" count="352">

0.980232 -0.061368 -0.188094 6.518400 -0.189749 -0.022321 -0.981579 11.479300 0.056039 0.997866 -0.033524 0.316100 0.000000 0.000000 0.000000 1.000000
0.980314 -0.055062 -0.189614 6.518400 -0.189736 0.003057 -0.981830 11.479300 0.054642 0.998478 -0.007451 0.316100 0.000000 0.000000 0.000000 1.000000
0.980472 -0.039883 -0.192572 6.518400 -0.189847 0.063534 -0.979756 11.479300 0.051310 0.997182 0.054721 0.316100 0.000000 0.000000 0.000000 1.000000
0.980594 -0.021567 -0.194857 6.518400 -0.190243 0.135375 -0.972359 11.479300 0.047349 0.990560 0.128645 0.316100 0.000000 0.000000 0.000000 1.000000
0.980641 -0.006125 -0.195719 6.518400 -0.190794 0.195002 -0.962066 11.479300 0.044059 0.980784 0.190058 0.316100 0.000000 0.000000 0.000000 1.000000
0.980645 0.000360 -0.195795 6.518400 -0.191084 0.219795 -0.956649 11.479300 0.042690 0.975546 0.215610 0.316100 0.000000 0.000000 0.000000 1.000000
0.980645 -0.001303 -0.195792 6.518400 -0.191007 0.213452 -0.958100 11.479300 0.043040 0.976953 0.209072 0.316100 0.000000 0.000000 0.000000 1.000000
0.980641 -0.005864 -0.195726 6.518400 -0.190806 0.196008 -0.961860 11.479300 0.044004 0.980585 0.191095 0.316100 0.000000 0.000000 0.000000 1.000000
0.980627 -0.012673 -0.195472 6.518400 -0.190537 0.169823 -0.966879 11.479300 0.045449 0.985393 0.164118 0.316100 0.000000 0.000000 0.000000 1.000000
0.980597 -0.021078 -0.194899 6.518400 -0.190257 0.137278 -0.972089 11.479300 0.047245 0.990308 0.130604 0.316100 0.000000 0.000000 0.000000 1.000000
0.980544 -0.030417 -0.193926 6.518400 -0.190017 0.100815 -0.976591 11.479300 0.049255 0.994440 0.093074 0.316100 0.000000 0.000000 0.000000 1.000000
0.980471 -0.040030 -0.192549 6.518400 -0.189845 0.062952 -0.979794 11.479300 0.051343 0.997213 0.054123 0.316100 0.000000 0.000000 0.000000 1.000000
0.980380 -0.049267 -0.190860 6.518400 -0.189755 0.026251 -0.981480 11.479300 0.053365 0.998441 0.016387 0.316100 0.000000 0.000000 0.000000 1.000000
0.980283 -0.057493 -0.189049 6.518400 -0.189737 -0.006708 -0.981812 11.479300 0.055179 0.998323 -0.017485 0.316100 0.000000 0.000000 0.000000 1.000000
0.980194 -0.064100 -0.187381 6.518400 -0.189767 -0.033366 -0.981262 11.479300 0.056647 0.997386 -0.044869 0.316100 0.000000 0.000000 0.000000 1.000000
0.980128 -0.068495 -0.186163 6.518400 -0.189808 -0.051195 -0.980485 11.479300 0.057627 0.996337 -0.063179 0.316100 0.000000 0.000000 0.000000 1.000000
0.980108 -0.070095 -0.185675 6.518400 -0.189804 -0.057691 -0.980126 11.479300 0.057990 0.995871 -0.069848 0.316100 0.000000 0.000000 0.000000 1.000000
0.980120 -0.069191 -0.185950 6.518400 -0.189804 -0.054016 -0.980335 11.479300 0.057786 0.996140 -0.066075 0.316100 0.000000 0.000000 0.000000 1.000000
0.980151 -0.067031 -0.186578 6.518400 -0.189792 -0.045248 -0.980781 11.479300 0.057301 0.996724 -0.057072 0.316100 0.000000 0.000000 0.000000 1.000000
0.980188 -0.064448 -0.187288 6.518400 -0.189771 -0.034778 -0.981212 11.479300 0.056724 0.997315 -0.046319 0.316100 0.000000 0.000000 0.000000 1.000000
0.980212 -0.062273 -0.187899 6.518400 -0.189794 -0.026004 -0.981480 11.479300 0.056233 0.997720 -0.037308 0.316100 0.000000 0.000000 0.000000 1.000000
0.980218 -0.061355 -0.188171 6.518400 -0.189827 -0.022325 -0.981564 11.479300 0.056023 0.997866 -0.033530 0.316100 0.000000 0.000000 0.000000 1.000000</float_array>
        <technique_common>
          <accessor source="#mixamorig_LeftHandPinky1-Matrix-animation-output-transform-array" count="22" stride="16">
            <param type="float4x4"/>
          </accessor>
        </technique_common>
      </source>
      <source id="mixamorig_LeftHandPinky1-Interpolations">
        <Name_array id="mixamorig_LeftHandPinky1-Interpolations-array" count="22">
 LINEAR LINEAR LINEAR LINEAR LINEAR LINEAR LINEAR LINEAR LINEAR LINEAR LINEAR
LINEAR LINEAR LINEAR LINEAR LINEAR LINEAR LINEAR LINEAR LINEAR LINEAR LINEAR</Name_array>
        <technique_common>
          <accessor source="#mixamorig_LeftHandPinky1-Interpolations-array" count="22">
            <param type="name"/>
          </accessor>
        </technique_common>
      </source>
      <sampler id="mixamorig_LeftHandPinky1-Matrix-animation-transform">
        <input semantic="INPUT" source="#mixamorig_LeftHandPinky1-Matrix-animation-input"/>
        <input semantic="OUTPUT" source="#mixamorig_LeftHandPinky1-Matrix-animation-output-transform"/>
        <input semantic="INTERPOLATION" source="#mixamorig_LeftHandPinky1-Interpolations"/>
      </sampler>
      <channel source="#mixamorig_LeftHandPinky1-Matrix-animation-transform" target="mixamorig_LeftHandPinky1/matrix"/>
    </animation>
    <animation id="mixamorig_LeftHandPinky2-anim" name="mixamorig_LeftHandPinky2">
      <source id="mixamorig_LeftHandPinky2-Matrix-animation-input">
        <float_array id="mixamorig_LeftHandPinky2-Matrix-animation-input-array" count="22">

0.000000 0.033333 0.066667 0.100000 0.133333 0.166667 0.200000 0.233333 0.266667 0.300000 0.333333 0.366667 0.400000 0.433333 0.466667 0.500000
0.533333 0.566667 0.600000 0.633333 0.666667 0.700000</float_array>
        <technique_common>
          <accessor source="#mixamorig_LeftHandPinky2-Matrix-animation-input-array" count="22">
            <param name="TIME" type="float"/>
          </accessor>
        </technique_common>
      </source>
      <source id="mixamorig_LeftHandPinky2-Matrix-animation-output-transform">
        <float_array id="mixamorig_LeftHandPinky2-Matrix-animation-output-transform-array" count="352">

0.993693 -0.025489 0.109198 -0.000000 0.108224 -0.036878 -0.993442 2.474700 0.029348 0.998995 -0.033887 0.000000 0.000000 0.000000 0.000000 1.000000
0.993708 -0.027781 0.108501 -0.000000 0.108237 -0.010827 -0.994066 2.474700 0.028791 0.999555 -0.007752 0.000000 0.000000 0.000000 0.000000 1.000000
0.993749 -0.033166 0.106599 0.000000 0.108209 0.051291 -0.992804 2.474700 0.027460 0.998133 0.054559 0.000000 0.000000 0.000000 0.000000 1.000000
0.993807 -0.039421 0.103897 0.000000 0.108070 0.125149 -0.986235 2.474700 0.025875 0.991354 0.128634 -0.000000 0.000000 0.000000 0.000000 1.000000
0.993862 -0.044495 0.101280 0.000000 0.107862 0.186513 -0.976514 2.474700 0.024560 0.981444 0.190167 -0.000000 0.000000 0.000000 0.000000 1.000000
0.993888 -0.046573 0.100089 0.000000 0.107750 0.212044 -0.971302 2.474700 0.024013 0.976150 0.215766 0.000000 0.000000 0.000000 0.000000 1.000000
0.993881 -0.046043 0.100399 0.000000 0.107780 0.205510 -0.972702 2.474700 0.024153 0.977571 0.209215 0.000000 0.000000 0.000000 0.000000 1.000000
0.993864 -0.044580 0.101231 0.000000 0.107856 0.187547 -0.976316 2.474700 0.024538 0.981243 0.191204 0.000000 0.000000 0.000000 0.000000 1.000000
0.993838 -0.042366 0.102425 0.000000 0.107958 0.160592 -0.981099 2.474700 0.025116 0.986111 0.164176 0.000000 0.000000 0.000000 0.000000 1.000000
0.993809 -0.039584 0.103815 -0.000000 0.108061 0.127104 -0.985985 2.474700 0.025834 0.991099 0.130595 0.000000 0.000000 0.000000 0.000000 1.000000
0.993778 -0.036430 0.105253 0.000000 0.108147 0.089605 -0.990088 2.474700 0.026638 0.995311 0.092988 -0.000000 0.000000 0.000000 0.000000 1.000000
0.993749 -0.033113 0.106614 0.000000 0.108205 0.050686 -0.992836 2.474700 0.027472 0.998166 0.053952 0.000000 0.000000 0.000000 0.000000 1.000000
0.993724 -0.029858 0.107805 0.000000 0.108229 0.012983 -0.994041 2.474700 0.028281 0.999470 0.016133 0.000000 0.000000 0.000000 0.000000 1.000000
0.993703 -0.026901 0.108768 0.000000 0.108226 -0.020860 -0.993907 2.474700 0.029006 0.999420 -0.017817 0.000000 0.000000 0.000000 0.000000 1.000000
0.993688 -0.024486 0.109473 0.000000 0.108205 -0.048220 -0.992959 2.474700 0.029592 0.998537 -0.045266 0.000000 0.000000 0.000000 0.000000 1.000000
0.993679 -0.022859 0.109907 0.000000 0.108180 -0.066514 -0.991904 2.474700 0.029985 0.997524 -0.063620 0.000000 0.000000 0.000000 0.000000 1.000000
0.993676 -0.022264 0.110060 0.000000 0.108172 -0.073179 -0.991435 2.474700 0.030128 0.997070 -0.070308 0.000000 0.000000 0.000000 0.000000 1.000000
0.993677 -0.022601 0.109975 -0.000000 0.108179 -0.069407 -0.991706 2.474700 0.030046 0.997332 -0.066523 0.000000 0.000000 0.000000 0.000000 1.000000
0.993681 -0.023403 0.109770 -0.000000 0.108194 -0.060410 -0.992293 2.474700 0.029854 0.997899 -0.057496 -0.000000 0.000000 0.000000 0.000000 1.000000
0.993687 -0.024357 0.109515 0.000000 0.108209 -0.049664 -0.992887 2.474700 0.029623 0.998469 -0.046715 -0.000000 0.000000 0.000000 0.000000 1.000000
0.993691 -0.025155 0.109293 -0.000000 0.108221 -0.040657 -0.993295 2.474700 0.029429 0.998856 -0.037678 0.000000 0.000000 0.000000 0.000000 1.000000
0.993697 -0.025476 0.109165 0.000000 0.108192 -0.036878 -0.993446 2.474700 0.029335 0.998995 -0.033889 0.000000 0.000000 0.000000 0.000000 1.000000</float_array>
        <technique_common>
          <accessor source="#mixamorig_LeftHandPinky2-Matrix-animation-output-transform-array" count="22" stride="16">
            <param type="float4x4"/>
          </accessor>
        </technique_common>
      </source>
      <source id="mixamorig_LeftHandPinky2-Interpolations">
        <Name_array id="mixamorig_LeftHandPinky2-Interpolations-array" count="22">
 LINEAR LINEAR LINEAR LINEAR LINEAR LINEAR LINEAR LINEAR LINEAR LINEAR LINEAR
LINEAR LINEAR LINEAR LINEAR LINEAR LINEAR LINEAR LINEAR LINEAR LINEAR LINEAR</Name_array>
        <technique_common>
          <accessor source="#mixamorig_LeftHandPinky2-Interpolations-array" count="22">
            <param type="name"/>
          </accessor>
        </technique_common>
      </source>
      <sampler id="mixamorig_LeftHandPinky2-Matrix-animation-transform">
        <input semantic="INPUT" source="#mixamorig_LeftHandPinky2-Matrix-animation-input"/>
        <input semantic="OUTPUT" source="#mixamorig_LeftHandPinky2-Matrix-animation-output-transform"/>
        <input semantic="INTERPOLATION" source="#mixamorig_LeftHandPinky2-Interpolations"/>
      </sampler>
      <channel source="#mixamorig_LeftHandPinky2-Matrix-animation-transform" target="mixamorig_LeftHandPinky2/matrix"/>
    </animation>
    <animation id="mixamorig_LeftHandPinky3-anim" name="mixamorig_LeftHandPinky3">
      <source id="mixamorig_LeftHandPinky3-Matrix-animation-input">
        <float_array id="mixamorig_LeftHandPinky3-Matrix-animation-input-array" count="22">

0.000000 0.033333 0.066667 0.100000 0.133333 0.166667 0.200000 0.233333 0.266667 0.300000 0.333333 0.366667 0.400000 0.433333 0.466667 0.500000
0.533333 0.566667 0.600000 0.633333 0.666667 0.700000</float_array>
        <technique_common>
          <accessor source="#mixamorig_LeftHandPinky3-Matrix-animation-input-array" count="22">
            <param name="TIME" type="float"/>
          </accessor>
        </technique_common>
      </source>
      <source id="mixamorig_LeftHandPinky3-Matrix-animation-output-transform">
        <float_array id="mixamorig_LeftHandPinky3-Matrix-animation-output-transform-array" count="352">

1.000000 0.000000 -0.000000 0.000000 -0.000000 1.000000 -0.000000 2.073800 0.000000 0.000000 1.000000 0.000000 0.000000 0.000000 0.000000 1.000000
1.000000 -0.000000 0.000000 0.000000 0.000000 1.000000 0.000000 2.073800 -0.000000 -0.000000 1.000000 0.000000 0.000000 0.000000 0.000000 1.000000
1.000000 -0.000000 -0.000000 0.000000 -0.000000 1.000000 0.000000 2.073800 -0.000000 -0.000000 1.000000 0.000000 0.000000 0.000000 0.000000 1.000000
1.000000 0.000000 -0.000000 0.000000 -0.000000 1.000000 0.000000 2.073800 0.000000 -0.000000 1.000000 0.000000 0.000000 0.000000 0.000000 1.000000
1.000000 -0.000000 0.000000 -0.000000 0.000000 1.000000 0.000000 2.073800 -0.000000 -0.000000 1.000000 -0.000000 0.000000 0.000000 0.000000 1.000000
1.000000 0.000000 -0.000000 0.000000 0.000000 1.000000 0.000000 2.073800 0.000000 -0.000000 1.000000 -0.000000 0.000000 0.000000 0.000000 1.000000
1.000000 0.000000 0.000000 0.000000 0.000000 1.000000 0.000000 2.073800 -0.000000 -0.000000 1.000000 0.000000 0.000000 0.000000 0.000000 1.000000
1.000000 0.000000 0.000000 0.000000 0.000000 1.000000 0.000000 2.073800 0.000000 -0.000000 1.000000 -0.000000 0.000000 0.000000 0.000000 1.000000
1.000000 -0.000000 -0.000000 0.000000 0.000000 1.000000 0.000000 2.073800 0.000000 -0.000000 1.000000 0.000000 0.000000 0.000000 0.000000 1.000000
1.000000 -0.000000 -0.000000 0.000000 0.000000 1.000000 0.000000 2.073800 0.000000 -0.000000 1.000000 0.000000 0.000000 0.000000 0.000000 1.000000
1.000000 0.000000 -0.000000 0.000000 -0.000000 1.000000 0.000000 2.073800 0.000000 -0.000000 1.000000 0.000000 0.000000 0.000000 0.000000 1.000000
1.000000 0.000000 0.000000 0.000000 -0.000000 1.000000 0.000000 2.073800 -0.000000 -0.000000 1.000000 -0.000000 0.000000 0.000000 0.000000 1.000000
1.000000 -0.000000 0.000000 0.000000 0.000000 1.000000 0.000000 2.073800 0.000000 -0.000000 1.000000 0.000000 0.000000 0.000000 0.000000 1.000000
1.000000 0.000000 -0.000000 0.000000 0.000000 1.000000 0.000000 2.073800 0.000000 -0.000000 1.000000 0.000000 0.000000 0.000000 0.000000 1.000000
1.000000 -0.000000 0.000000 0.000000 0.000000 1.000000 0.000000 2.073800 0.000000 -0.000000 1.000000 0.000000 0.000000 0.000000 0.000000 1.000000
1.000000 0.000000 -0.000000 0.000000 -0.000000 1.000000 0.000000 2.073800 -0.000000 -0.000000 1.000000 0.000000 0.000000 0.000000 0.000000 1.000000
1.000000 -0.000000 -0.000000 0.000000 -0.000000 1.000000 0.000000 2.073800 0.000000 -0.000000 1.000000 0.000000 0.000000 0.000000 0.000000 1.000000
1.000000 0.000000 0.000000 0.000000 -0.000000 1.000000 -0.000000 2.073800 -0.000000 0.000000 1.000000 0.000000 0.000000 0.000000 0.000000 1.000000
1.000000 -0.000000 0.000000 0.000000 0.000000 1.000000 0.000000 2.073800 -0.000000 -0.000000 1.000000 0.000000 0.000000 0.000000 0.000000 1.000000
1.000000 -0.000000 -0.000000 0.000000 0.000000 1.000000 0.000000 2.073800 0.000000 -0.000000 1.000000 0.000000 0.000000 0.000000 0.000000 1.000000
1.000000 -0.000000 -0.000000 -0.000000 0.000000 1.000000 0.000000 2.073800 0.000000 -0.000000 1.000000 0.000000 0.000000 0.000000 0.000000 1.000000
1.000000 -0.000000 0.000000 0.000000 -0.000000 1.000000 0.000000 2.073800 -0.000000 -0.000000 1.000000 0.000000 0.000000 0.000000 0.000000 1.000000</float_array>
        <technique_common>
          <accessor source="#mixamorig_LeftHandPinky3-Matrix-animation-output-transform-array" count="22" stride="16">
            <param type="float4x4"/>
          </accessor>
        </technique_common>
      </source>
      <source id="mixamorig_LeftHandPinky3-Interpolations">
        <Name_array id="mixamorig_LeftHandPinky3-Interpolations-array" count="22">
 LINEAR LINEAR LINEAR LINEAR LINEAR LINEAR LINEAR LINEAR LINEAR LINEAR LINEAR
LINEAR LINEAR LINEAR LINEAR LINEAR LINEAR LINEAR LINEAR LINEAR LINEAR LINEAR</Name_array>
        <technique_common>
          <accessor source="#mixamorig_LeftHandPinky3-Interpolations-array" count="22">
            <param type="name"/>
          </accessor>
        </technique_common>
      </source>
      <sampler id="mixamorig_LeftHandPinky3-Matrix-animation-transform">
        <input semantic="INPUT" source="#mixamorig_LeftHandPinky3-Matrix-animation-input"/>
        <input semantic="OUTPUT" source="#mixamorig_LeftHandPinky3-Matrix-animation-output-transform"/>
        <input semantic="INTERPOLATION" source="#mixamorig_LeftHandPinky3-Interpolations"/>
      </sampler>
      <channel source="#mixamorig_LeftHandPinky3-Matrix-animation-transform" target="mixamorig_LeftHandPinky3/matrix"/>
    </animation>
    <animation id="mixamorig_RightShoulder-anim" name="mixamorig_RightShoulder">
      <source id="mixamorig_RightShoulder-Matrix-animation-input">
        <float_array id="mixamorig_RightShoulder-Matrix-animation-input-array" count="22">

0.000000 0.033333 0.066667 0.100000 0.133333 0.166667 0.200000 0.233333 0.266667 0.300000 0.333333 0.366667 0.400000 0.433333 0.466667 0.500000
0.533333 0.566667 0.600000 0.633333 0.666667 0.700000</float_array>
        <technique_common>
          <accessor source="#mixamorig_RightShoulder-Matrix-animation-input-array" count="22">
            <param name="TIME" type="float"/>
          </accessor>
        </technique_common>
      </source>
      <source id="mixamorig_RightShoulder-Matrix-animation-output-transform">
        <float_array id="mixamorig_RightShoulder-Matrix-animation-output-transform-array" count="352">

0.088409 -0.801676 0.591185 -11.278600 -0.026161 -0.595173 -0.803171 19.886000 0.995741 0.055541 -0.073591 -3.966000 0.000000 0.000000 0.000000 1.000000
0.115285 -0.811849 0.572372 -11.278600 -0.029287 -0.578742 -0.814985 19.886000 0.992901 0.077192 -0.090497 -3.966000 0.000000 0.000000 0.000000 1.000000
0.130441 -0.809078 0.573043 -11.278600 -0.029436 -0.580887 -0.813452 19.886000 0.991019 0.089240 -0.099588 -3.966000 0.000000 0.000000 0.000000 1.000000
0.119232 -0.806394 0.579234 -11.278600 -0.028295 -0.585919 -0.809876 19.886000 0.992463 0.080173 -0.092677 -3.966000 0.000000 0.000000 0.000000 1.000000
0.122952 -0.804904 0.580528 -11.278600 -0.028142 -0.587559 -0.808692 19.886000 0.992014 0.083093 -0.094893 -3.966000 0.000000 0.000000 0.000000 1.000000
0.141144 -0.810698 0.568196 -11.278600 -0.030377 -0.577218 -0.816025 19.886000 0.989523 0.097917 -0.106098 -3.966000 0.000000 0.000000 0.000000 1.000000
0.134243 -0.817640 0.559860 -11.278600 -0.031566 -0.568215 -0.822274 19.886000 0.990445 0.092712 -0.102089 -3.966000 0.000000 0.000000 0.000000 1.000000
0.123634 -0.815083 0.565998 -11.278600 -0.030351 -0.573214 -0.818844 19.886000 0.991864 0.084058 -0.095608 -3.966000 0.000000 0.000000 0.000000 1.000000
0.105712 -0.809584 0.577407 -11.278600 -0.028289 -0.582874 -0.812070 19.886000 0.993994 0.069512 -0.084519 -3.966000 0.000000 0.000000 0.000000 1.000000
0.085593 -0.815751 0.572035 -11.278600 -0.028502 -0.575912 -0.817015 19.886000 0.995922 0.053627 -0.072545 -3.966000 0.000000 0.000000 0.000000 1.000000
0.070565 -0.821123 0.566372 -11.278600 -0.028684 -0.569223 -0.821682 19.886000 0.997095 0.041736 -0.063720 -3.966000 0.000000 0.000000 0.000000 1.000000
0.034150 -0.809877 0.585605 -11.278600 -0.025528 -0.586463 -0.809574 19.886000 0.999091 0.012697 -0.040702 -3.966000 0.000000 0.000000 0.000000 1.000000
0.001578 -0.830583 0.556892 -11.278600 -0.026563 -0.556731 -0.830268 19.886000 0.999646 -0.013483 -0.022941 -3.966000 0.000000 0.000000 0.000000 1.000000
0.005113 -0.839598 0.543184 -11.278600 -0.027613 -0.543103 -0.839212 19.886000 0.999606 -0.010708 -0.025961 -3.966000 0.000000 0.000000 0.000000 1.000000
-0.028726 -0.852530 0.521888 -11.278600 -0.026581 -0.521267 -0.852980 19.886000 0.999234 -0.038375 -0.007688 -3.966000 0.000000 0.000000 0.000000 1.000000
-0.054060 -0.861044 0.505649 -11.278600 -0.025035 -0.505062 -0.862720 19.886000 0.998224 -0.059297 0.005747 -3.966000 0.000000 0.000000 0.000000 1.000000
-0.055391 -0.856015 0.513975 -11.278600 -0.024649 -0.513436 -0.857774 19.886000 0.998160 -0.060182 0.007339 -3.966000 0.000000 0.000000 0.000000 1.000000
-0.043039 -0.845479 0.532272 -11.278600 -0.024830 -0.531696 -0.846571 19.886000 0.998765 -0.049652 0.001891 -3.966000 0.000000 0.000000 0.000000 1.000000
-0.031775 -0.832032 0.553817 -11.278600 -0.024583 -0.553279 -0.832633 19.886000 0.999193 -0.040072 -0.002873 -3.966000 0.000000 0.000000 0.000000 1.000000
-0.001554 -0.810177 0.586183 -11.278600 -0.024160 -0.585983 -0.809963 19.886000 0.999707 -0.015421 -0.018664 -3.966000 0.000000 0.000000 0.000000 1.000000
0.045680 -0.802735 0.594583 -11.278600 -0.024860 -0.595934 -0.802649 19.886000 0.998647 0.021883 -0.047178 -3.966000 0.000000 0.000000 0.000000 1.000000
0.088409 -0.801676 0.591185 -11.278600 -0.026161 -0.595173 -0.803171 19.886000 0.995741 0.055541 -0.073591 -3.966000 0.000000 0.000000 0.000000 1.000000</float_array>
        <technique_common>
          <accessor source="#mixamorig_RightShoulder-Matrix-animation-output-transform-array" count="22" stride="16">
            <param type="float4x4"/>
          </accessor>
        </technique_common>
      </source>
      <source id="mixamorig_RightShoulder-Interpolations">
        <Name_array id="mixamorig_RightShoulder-Interpolations-array" count="22">
 LINEAR LINEAR LINEAR LINEAR LINEAR LINEAR LINEAR LINEAR LINEAR LINEAR LINEAR
LINEAR LINEAR LINEAR LINEAR LINEAR LINEAR LINEAR LINEAR LINEAR LINEAR LINEAR</Name_array>
        <technique_common>
          <accessor source="#mixamorig_RightShoulder-Interpolations-array" count="22">
            <param type="name"/>
          </accessor>
        </technique_common>
      </source>
      <sampler id="mixamorig_RightShoulder-Matrix-animation-transform">
        <input semantic="INPUT" source="#mixamorig_RightShoulder-Matrix-animation-input"/>
        <input semantic="OUTPUT" source="#mixamorig_RightShoulder-Matrix-animation-output-transform"/>
        <input semantic="INTERPOLATION" source="#mixamorig_RightShoulder-Interpolations"/>
      </sampler>
      <channel source="#mixamorig_RightShoulder-Matrix-animation-transform" target="mixamorig_RightShoulder/matrix"/>
    </animation>
    <animation id="mixamorig_RightArm-anim" name="mixamorig_RightArm">
      <source id="mixamorig_RightArm-Matrix-animation-input">
        <float_array id="mixamorig_RightArm-Matrix-animation-input-array" count="22">

0.000000 0.033333 0.066667 0.100000 0.133333 0.166667 0.200000 0.233333 0.266667 0.300000 0.333333 0.366667 0.400000 0.433333 0.466667 0.500000
0.533333 0.566667 0.600000 0.633333 0.666667 0.700000</float_array>
        <technique_common>
          <accessor source="#mixamorig_RightArm-Matrix-animation-input-array" count="22">
            <param name="TIME" type="float"/>
          </accessor>
        </technique_common>
      </source>
      <source id="mixamorig_RightArm-Matrix-animation-output-transform">
        <float_array id="mixamorig_RightArm-Matrix-animation-output-transform-array" count="352">

0.982800 -0.163571 0.085727 0.000000 0.184670 0.867109 -0.462622 12.686800 0.001337 0.470496 0.882401 -0.000000 0.000000 0.000000 0.000000 1.000000
0.994520 -0.043897 0.094880 0.000000 0.083287 0.881225 -0.465301 12.686800 -0.063185 0.470654 0.880053 -0.000000 0.000000 0.000000 0.000000 1.000000
0.994239 -0.024995 0.104233 -0.000000 0.071136 0.881277 -0.467215 12.686800 -0.080180 0.471938 0.877978 -0.000000 0.000000 0.000000 0.000000 1.000000
0.994784 -0.003444 0.101945 0.000000 0.050385 0.885584 -0.461738 12.686800 -0.088690 0.464466 0.881138 0.000000 0.000000 0.000000 0.000000 1.000000
0.995582 0.005928 0.093713 -0.000000 0.036756 0.893763 -0.447030 12.686800 -0.086407 0.448500 0.889596 0.000000 0.000000 0.000000 0.000000 1.000000
0.997484 0.010807 0.070068 -0.000000 0.021486 0.895752 -0.444034 12.686800 -0.067562 0.444422 0.893266 0.000000 0.000000 0.000000 0.000000 1.000000
0.998109 -0.024793 0.056239 -0.000000 0.047452 0.892389 -0.448764 12.686800 -0.039061 0.450585 0.891879 0.000000 0.000000 0.000000 0.000000 1.000000
0.989544 -0.130602 0.061202 -0.000000 0.143981 0.869556 -0.472379 12.686800 0.008475 0.476252 0.879268 0.000000 0.000000 0.000000 0.000000 1.000000
0.974861 -0.213632 0.063307 0.000000 0.216163 0.837873 -0.501241 12.686800 0.054038 0.502325 0.862989 -0.000000 0.000000 0.000000 0.000000 1.000000
0.965808 -0.252504 0.058799 0.000000 0.244524 0.811807 -0.530262 12.686800 0.086160 0.526509 0.845793 0.000000 0.000000 0.000000 0.000000 1.000000
0.948583 -0.310259 0.062690 0.000000 0.296715 0.802615 -0.517465 12.686800 0.110233 0.509460 0.853405 0.000000 0.000000 0.000000 0.000000 1.000000
0.912632 -0.403720 0.064131 -0.000000 0.384742 0.795318 -0.468447 12.686800 0.138117 0.452193 0.881161 -0.000000 0.000000 0.000000 0.000000 1.000000
0.843854 -0.532867 0.062950 0.000000 0.512209 0.765026 -0.390354 12.686800 0.159849 0.361646 0.918510 0.000000 0.000000 0.000000 0.000000 1.000000
0.780246 -0.623156 0.053786 0.000000 0.603803 0.727986 -0.324742 12.686800 0.163210 0.285855 0.944272 0.000000 0.000000 0.000000 0.000000 1.000000
0.750607 -0.658806 0.050623 -0.000000 0.639740 0.705441 -0.305100 12.686800 0.165290 0.261396 0.950974 0.000000 0.000000 0.000000 0.000000 1.000000
0.730132 -0.680180 0.065280 -0.000000 0.657080 0.672685 -0.340205 12.686800 0.187488 0.291289 0.938083 -0.000000 0.000000 0.000000 0.000000 1.000000
0.729693 -0.679924 0.072468 -0.000000 0.652288 0.660380 -0.372046 12.686800 0.205107 0.318750 0.925381 0.000000 0.000000 0.000000 0.000000 1.000000
0.771386 -0.633273 0.062680 0.000000 0.604527 0.698462 -0.383012 12.686800 0.198772 0.333342 0.921615 0.000000 0.000000 0.000000 0.000000 1.000000
0.837048 -0.544610 0.052454 0.000000 0.519160 0.760336 -0.390336 12.686800 0.172698 0.353961 0.919177 0.000000 0.000000 0.000000 0.000000 1.000000
0.911316 -0.407843 0.056274 0.000000 0.392520 0.819453 -0.417642 12.686800 0.124218 0.402693 0.906867 -0.000000 0.000000 0.000000 0.000000 1.000000
0.967813 -0.242566 0.067072 -0.000000 0.246559 0.860441 -0.445927 12.686800 0.050455 0.448111 0.892553 -0.000000 0.000000 0.000000 0.000000 1.000000
0.982800 -0.163571 0.085727 0.000000 0.184670 0.867109 -0.462622 12.686800 0.001337 0.470496 0.882401 -0.000000 0.000000 0.000000 0.000000 1.000000</float_array>
        <technique_common>
          <accessor source="#mixamorig_RightArm-Matrix-animation-output-transform-array" count="22" stride="16">
            <param type="float4x4"/>
          </accessor>
        </technique_common>
      </source>
      <source id="mixamorig_RightArm-Interpolations">
        <Name_array id="mixamorig_RightArm-Interpolations-array" count="22">
 LINEAR LINEAR LINEAR LINEAR LINEAR LINEAR LINEAR LINEAR LINEAR LINEAR LINEAR
LINEAR LINEAR LINEAR LINEAR LINEAR LINEAR LINEAR LINEAR LINEAR LINEAR LINEAR</Name_array>
        <technique_common>
          <accessor source="#mixamorig_RightArm-Interpolations-array" count="22">
            <param type="name"/>
          </accessor>
        </technique_common>
      </source>
      <sampler id="mixamorig_RightArm-Matrix-animation-transform">
        <input semantic="INPUT" source="#mixamorig_RightArm-Matrix-animation-input"/>
        <input semantic="OUTPUT" source="#mixamorig_RightArm-Matrix-animation-output-transform"/>
        <input semantic="INTERPOLATION" source="#mixamorig_RightArm-Interpolations"/>
      </sampler>
      <channel source="#mixamorig_RightArm-Matrix-animation-transform" target="mixamorig_RightArm/matrix"/>
    </animation>
    <animation id="mixamorig_RightForeArm-anim" name="mixamorig_RightForeArm">
      <source id="mixamorig_RightForeArm-Matrix-animation-input">
        <float_array id="mixamorig_RightForeArm-Matrix-animation-input-array" count="22">

0.000000 0.033333 0.066667 0.100000 0.133333 0.166667 0.200000 0.233333 0.266667 0.300000 0.333333 0.366667 0.400000 0.433333 0.466667 0.500000
0.533333 0.566667 0.600000 0.633333 0.666667 0.700000</float_array>
        <technique_common>
          <accessor source="#mixamorig_RightForeArm-Matrix-animation-input-array" count="22">
            <param name="TIME" type="float"/>
          </accessor>
        </technique_common>
      </source>
      <source id="mixamorig_RightForeArm-Matrix-animation-output-transform">
        <float_array id="mixamorig_RightForeArm-Matrix-animation-output-transform-array" count="352">

0.018779 0.996479 -0.081713 -0.000000 -0.998352 0.014257 -0.055582 30.736700 -0.054222 0.082622 0.995105 0.000000 0.000000 0.000000 0.000000 1.000000
-0.034498 0.997999 -0.052982 0.000000 -0.996743 -0.038224 -0.071015 30.736700 -0.072898 0.050360 0.996067 0.000000 0.000000 0.000000 0.000000 1.000000
-0.113162 0.992552 -0.045102 -0.000000 -0.984917 -0.118040 -0.126510 30.736700 -0.130892 0.030105 0.990939 0.000000 0.000000 0.000000 0.000000 1.000000
-0.195431 0.979463 -0.049594 0.000000 -0.965924 -0.200987 -0.163077 30.736700 -0.169696 0.016034 0.985366 0.000000 0.000000 0.000000 0.000000 1.000000
-0.247246 0.967214 -0.058024 0.000000 -0.957571 -0.253055 -0.137917 30.736700 -0.148079 0.021463 0.988743 0.000000 0.000000 0.000000 0.000000 1.000000
-0.268878 0.959621 -0.082658 0.000000 -0.951438 -0.277978 -0.132265 30.736700 -0.149902 0.043081 0.987762 -0.000000 0.000000 0.000000 0.000000 1.000000
-0.259113 0.961039 -0.096254 0.000000 -0.953214 -0.270516 -0.134920 30.736700 -0.155702 0.056792 0.986170 0.000000 0.000000 0.000000 0.000000 1.000000
-0.237809 0.966427 -0.097287 0.000000 -0.961642 -0.248356 -0.116467 30.736700 -0.136718 0.065858 0.988418 0.000000 0.000000 0.000000 0.000000 1.000000
-0.141848 0.985035 -0.097901 0.000000 -0.982678 -0.152040 -0.105958 30.736700 -0.119257 0.081176 0.989539 0.000000 0.000000 0.000000 0.000000 1.000000
0.064951 0.990777 -0.118924 0.000000 -0.995305 0.055751 -0.079121 30.736700 -0.071761 0.123504 0.989746 0.000000 0.000000 0.000000 0.000000 1.000000
0.240528 0.956088 -0.167457 0.000000 -0.970248 0.231906 -0.069566 30.736700 -0.027677 0.179208 0.983422 0.000000 0.000000 0.000000 0.000000 1.000000
0.284220 0.935463 -0.210065 0.000000 -0.958722 0.275386 -0.070812 30.736700 -0.008393 0.221520 0.975120 0.000000 0.000000 0.000000 0.000000 1.000000
0.247367 0.938494 -0.240911 0.000000 -0.968903 0.241139 -0.055486 30.736700 0.006020 0.247145 0.968960 0.000000 0.000000 0.000000 0.000000 1.000000
0.207361 0.945138 -0.252420 -0.000000 -0.978145 0.196278 -0.068615 30.736700 -0.015306 0.261131 0.965182 0.000000 0.000000 0.000000 0.000000 1.000000
0.183075 0.951058 -0.248943 0.000000 -0.983057 0.174748 -0.055345 30.736700 -0.009134 0.254857 0.966936 0.000000 0.000000 0.000000 0.000000 1.000000
0.150306 0.961286 -0.230947 0.000000 -0.988627 0.147321 -0.030217 30.736700 0.004977 0.232862 0.972497 0.000000 0.000000 0.000000 0.000000 1.000000
0.111120 0.970450 -0.214195 0.000000 -0.993799 0.107624 -0.027954 30.736700 -0.004075 0.215973 0.976391 0.000000 0.000000 0.000000 0.000000 1.000000
0.062762 0.975765 -0.209628 -0.000000 -0.998029 0.061324 -0.013358 30.736700 -0.000179 0.210053 0.977690 -0.000000 0.000000 0.000000 0.000000 1.000000
0.033131 0.980204 -0.195198 0.000000 -0.999443 0.033270 -0.002565 30.736700 0.003980 0.195175 0.980760 0.000000 0.000000 0.000000 0.000000 1.000000
0.065465 0.984995 -0.159687 0.000000 -0.997411 0.059818 -0.039925 30.736700 -0.029774 0.161887 0.986360 0.000000 0.000000 0.000000 0.000000 1.000000
0.088623 0.988023 -0.126316 0.000000 -0.995350 0.083040 -0.048809 30.736700 -0.037735 0.130054 0.990789 0.000000 0.000000 0.000000 0.000000 1.000000
0.018780 0.996479 -0.081712 -0.000000 -0.998352 0.014257 -0.055583 30.736700 -0.054222 0.082622 0.995105 0.000000 0.000000 0.000000 0.000000 1.000000</float_array>
        <technique_common>
          <accessor source="#mixamorig_RightForeArm-Matrix-animation-output-transform-array" count="22" stride="16">
            <param type="float4x4"/>
          </accessor>
        </technique_common>
      </source>
      <source id="mixamorig_RightForeArm-Interpolations">
        <Name_array id="mixamorig_RightForeArm-Interpolations-array" count="22">
 LINEAR LINEAR LINEAR LINEAR LINEAR LINEAR LINEAR LINEAR LINEAR LINEAR LINEAR
LINEAR LINEAR LINEAR LINEAR LINEAR LINEAR LINEAR LINEAR LINEAR LINEAR LINEAR</Name_array>
        <technique_common>
          <accessor source="#mixamorig_RightForeArm-Interpolations-array" count="22">
            <param type="name"/>
          </accessor>
        </technique_common>
      </source>
      <sampler id="mixamorig_RightForeArm-Matrix-animation-transform">
        <input semantic="INPUT" source="#mixamorig_RightForeArm-Matrix-animation-input"/>
        <input semantic="OUTPUT" source="#mixamorig_RightForeArm-Matrix-animation-output-transform"/>
        <input semantic="INTERPOLATION" source="#mixamorig_RightForeArm-Interpolations"/>
      </sampler>
      <channel source="#mixamorig_RightForeArm-Matrix-animation-transform" target="mixamorig_RightForeArm/matrix"/>
    </animation>
    <animation id="mixamorig_RightHand-anim" name="mixamorig_RightHand">
      <source id="mixamorig_RightHand-Matrix-animation-input">
        <float_array id="mixamorig_RightHand-Matrix-animation-input-array" count="22">

0.000000 0.033333 0.066667 0.100000 0.133333 0.166667 0.200000 0.233333 0.266667 0.300000 0.333333 0.366667 0.400000 0.433333 0.466667 0.500000
0.533333 0.566667 0.600000 0.633333 0.666667 0.700000</float_array>
        <technique_common>
          <accessor source="#mixamorig_RightHand-Matrix-animation-input-array" count="22">
            <param name="TIME" type="float"/>
          </accessor>
        </technique_common>
      </source>
      <source id="mixamorig_RightHand-Matrix-animation-output-transform">
        <float_array id="mixamorig_RightHand-Matrix-animation-output-transform-array" count="352">

0.994847 0.101254 0.005143 0.000000 -0.100949 0.993993 -0.042287 26.713100 -0.009394 0.041550 0.999092 0.000000 0.000000 0.000000 0.000000 1.000000
0.992258 0.123588 0.012273 0.000000 -0.123074 0.991734 -0.036295 26.713100 -0.016657 0.034503 0.999266 0.000000 0.000000 0.000000 0.000000 1.000000
0.973228 0.217675 0.073788 0.000000 -0.213495 0.975066 -0.060552 26.713100 -0.085129 0.043178 0.995434 -0.000000 0.000000 0.000000 0.000000 1.000000
0.943165 0.314846 0.106357 0.000000 -0.300947 0.944942 -0.128514 26.713100 -0.140963 0.089202 0.985988 -0.000000 0.000000 0.000000 0.000000 1.000000
0.884299 0.465245 0.039531 0.000000 -0.450013 0.871793 -0.193558 26.713100 -0.124514 0.153373 0.980292 0.000000 0.000000 0.000000 0.000000 1.000000
0.883918 0.466974 0.024972 0.000000 -0.452225 0.867157 -0.208644 26.713100 -0.119086 0.173131 0.977673 0.000000 0.000000 0.000000 0.000000 1.000000
0.886835 0.461282 0.027259 -0.000000 -0.445994 0.869891 -0.210666 26.713100 -0.120889 0.174669 0.977178 0.000000 0.000000 0.000000 0.000000 1.000000
0.862749 0.505604 -0.005412 -0.000000 -0.498915 0.849499 -0.171567 26.713100 -0.082148 0.150719 0.985158 -0.000000 0.000000 0.000000 0.000000 1.000000
0.910439 0.413221 0.018667 0.000000 -0.402737 0.895827 -0.187874 26.713100 -0.094355 0.163530 0.982016 -0.000000 0.000000 0.000000 0.000000 1.000000
0.906494 0.421162 0.029860 0.000000 -0.412772 0.898869 -0.147155 26.713100 -0.088816 0.121069 0.988663 -0.000000 0.000000 0.000000 0.000000 1.000000
0.906572 0.420093 0.040608 0.000000 -0.416669 0.906176 -0.072338 26.713100 -0.067186 0.048660 0.996553 0.000000 0.000000 0.000000 0.000000 1.000000
0.909230 0.413558 0.047643 -0.000000 -0.410523 0.909725 -0.062213 26.713100 -0.069071 0.037008 0.996925 0.000000 0.000000 0.000000 0.000000 1.000000
0.926935 0.373893 0.031544 -0.000000 -0.369649 0.924372 -0.094319 26.713100 -0.064424 0.075767 0.995042 0.000000 0.000000 0.000000 0.000000 1.000000
0.942554 0.329209 0.056693 -0.000000 -0.320901 0.939460 -0.120154 26.713100 -0.092817 0.095059 0.991135 0.000000 0.000000 0.000000 0.000000 1.000000
0.950259 0.308691 0.041453 0.000000 -0.300960 0.944319 -0.132985 26.713100 -0.080196 0.113894 0.990251 0.000000 0.000000 0.000000 0.000000 1.000000
0.963657 0.267123 0.003321 -0.000000 -0.264511 0.955827 -0.128175 26.713100 -0.037413 0.122638 0.991746 0.000000 0.000000 0.000000 0.000000 1.000000
0.971772 0.235873 -0.004707 -0.000000 -0.235184 0.966973 -0.098246 26.713100 -0.018621 0.096580 0.995151 -0.000000 0.000000 0.000000 0.000000 1.000000
0.978315 0.204149 -0.034963 -0.000000 -0.206700 0.973081 -0.101923 26.713100 0.013215 0.106939 0.994178 0.000000 0.000000 0.000000 0.000000 1.000000
0.985958 0.157480 -0.055561 -0.000000 -0.162523 0.981364 -0.102526 26.713100 0.038380 0.110116 0.993177 0.000000 0.000000 0.000000 0.000000 1.000000
0.983818 0.179091 0.005407 0.000000 -0.176164 0.972361 -0.153232 26.713100 -0.032700 0.149799 0.988175 0.000000 0.000000 0.000000 0.000000 1.000000
0.993985 0.108693 0.013370 0.000000 -0.108397 0.993882 -0.021182 26.713100 -0.015590 0.019605 0.999686 -0.000000 0.000000 0.000000 0.000000 1.000000
0.994847 0.101254 0.005143 0.000000 -0.100949 0.993993 -0.042287 26.713100 -0.009394 0.041550 0.999092 -0.000000 0.000000 0.000000 0.000000 1.000000</float_array>
        <technique_common>
          <accessor source="#mixamorig_RightHand-Matrix-animation-output-transform-array" count="22" stride="16">
            <param type="float4x4"/>
          </accessor>
        </technique_common>
      </source>
      <source id="mixamorig_RightHand-Interpolations">
        <Name_array id="mixamorig_RightHand-Interpolations-array" count="22">
 LINEAR LINEAR LINEAR LINEAR LINEAR LINEAR LINEAR LINEAR LINEAR LINEAR LINEAR
LINEAR LINEAR LINEAR LINEAR LINEAR LINEAR LINEAR LINEAR LINEAR LINEAR LINEAR</Name_array>
        <technique_common>
          <accessor source="#mixamorig_RightHand-Interpolations-array" count="22">
            <param type="name"/>
          </accessor>
        </technique_common>
      </source>
      <sampler id="mixamorig_RightHand-Matrix-animation-transform">
        <input semantic="INPUT" source="#mixamorig_RightHand-Matrix-animation-input"/>
        <input semantic="OUTPUT" source="#mixamorig_RightHand-Matrix-animation-output-transform"/>
        <input semantic="INTERPOLATION" source="#mixamorig_RightHand-Interpolations"/>
      </sampler>
      <channel source="#mixamorig_RightHand-Matrix-animation-transform" target="mixamorig_RightHand/matrix"/>
    </animation>
    <animation id="mixamorig_RightHandThumb1-anim" name="mixamorig_RightHandThumb1">
      <source id="mixamorig_RightHandThumb1-Matrix-animation-input">
        <float_array id="mixamorig_RightHandThumb1-Matrix-animation-input-array" count="22">

0.000000 0.033333 0.066667 0.100000 0.133333 0.166667 0.200000 0.233333 0.266667 0.300000 0.333333 0.366667 0.400000 0.433333 0.466667 0.500000
0.533333 0.566667 0.600000 0.633333 0.666667 0.700000</float_array>
        <technique_common>
          <accessor source="#mixamorig_RightHandThumb1-Matrix-animation-input-array" count="22">
            <param name="TIME" type="float"/>
          </accessor>
        </technique_common>
      </source>
      <source id="mixamorig_RightHandThumb1-Matrix-animation-output-transform">
        <float_array id="mixamorig_RightHandThumb1-Matrix-animation-output-transform-array" count="352">

0.840847 0.464500 -0.277879 2.712200 -0.540509 0.693283 -0.476665 6.800000 -0.028762 0.550998 0.834011 2.789800 0.000000 0.000000 0.000000 1.000000
0.842100 0.462474 -0.277463 2.712200 -0.538598 0.694501 -0.477054 6.800000 -0.027927 0.551168 0.833927 2.789800 0.000000 0.000000 0.000000 1.000000
0.845146 0.457500 -0.276444 2.712200 -0.533908 0.697463 -0.478004 6.800000 -0.025878 0.551579 0.833721 2.789800 0.000000 0.000000 0.000000 1.000000
0.848924 0.451237 -0.275160 2.712200 -0.528001 0.701137 -0.479188 6.800000 -0.023303 0.552079 0.833466 2.789800 0.000000 0.000000 0.000000 1.000000
0.852402 0.445377 -0.273954 2.712200 -0.522470 0.704524 -0.480282 6.800000 -0.020899 0.552526 0.833233 2.789800 0.000000 0.000000 0.000000 1.000000
0.854601 0.441622 -0.273180 2.712200 -0.518924 0.706667 -0.480978 6.800000 -0.019363 0.552804 0.833086 2.789800 0.000000 0.000000 0.000000 1.000000
0.854929 0.441091 -0.273011 2.712200 -0.518389 0.706968 -0.481112 6.800000 -0.019204 0.552843 0.833064 2.789800 0.000000 0.000000 0.000000 1.000000
0.854940 0.441118 -0.272935 2.712200 -0.518368 0.706952 -0.481158 6.800000 -0.019295 0.552842 0.833063 2.789800 0.000000 0.000000 0.000000 1.000000
0.854945 0.441131 -0.272896 2.712200 -0.518358 0.706944 -0.481181 6.800000 -0.019342 0.552841 0.833062 2.789800 0.000000 0.000000 0.000000 1.000000
0.854946 0.441134 -0.272887 2.712200 -0.518355 0.706943 -0.481186 6.800000 -0.019352 0.552841 0.833062 2.789800 0.000000 0.000000 0.000000 1.000000
0.854944 0.441129 -0.272902 2.712200 -0.518359 0.706946 -0.481177 6.800000 -0.019334 0.552841 0.833063 2.789800 0.000000 0.000000 0.000000 1.000000
0.854940 0.441118 -0.272932 2.712200 -0.518368 0.706952 -0.481159 6.800000 -0.019298 0.552841 0.833063 2.789800 0.000000 0.000000 0.000000 1.000000
0.854935 0.441105 -0.272971 2.712200 -0.518378 0.706960 -0.481136 6.800000 -0.019252 0.552842 0.833064 2.789800 0.000000 0.000000 0.000000 1.000000
0.854929 0.441091 -0.273011 2.712200 -0.518389 0.706968 -0.481112 6.800000 -0.019204 0.552843 0.833064 2.789800 0.000000 0.000000 0.000000 1.000000
0.854924 0.441079 -0.273045 2.712200 -0.518398 0.706975 -0.481093 6.800000 -0.019164 0.552844 0.833065 2.789800 0.000000 0.000000 0.000000 1.000000
0.854922 0.441072 -0.273065 2.712200 -0.518404 0.706979 -0.481081 6.800000 -0.019140 0.552844 0.833065 2.789800 0.000000 0.000000 0.000000 1.000000
0.854921 0.441071 -0.273067 2.712200 -0.518404 0.706979 -0.481080 6.800000 -0.019137 0.552845 0.833064 2.789800 0.000000 0.000000 0.000000 1.000000
0.853489 0.443525 -0.273573 2.712200 -0.520721 0.705583 -0.480627 6.800000 -0.020141 0.552665 0.833160 2.789800 0.000000 0.000000 0.000000 1.000000
0.850043 0.449360 -0.274776 2.712200 -0.526231 0.702228 -0.479539 6.800000 -0.022531 0.552224 0.833391 2.789800 0.000000 0.000000 0.000000 1.000000
0.845877 0.456296 -0.276199 2.712200 -0.532773 0.698173 -0.478232 6.800000 -0.025381 0.551677 0.833671 2.789800 0.000000 0.000000 0.000000 1.000000
0.842342 0.462081 -0.277383 2.712200 -0.538228 0.694736 -0.477129 6.800000 -0.027765 0.551201 0.833910 2.789800 0.000000 0.000000 0.000000 1.000000
0.840847 0.464500 -0.277878 2.712200 -0.540509 0.693283 -0.476665 6.800000 -0.028762 0.550998 0.834011 2.789800 0.000000 0.000000 0.000000 1.000000</float_array>
        <technique_common>
          <accessor source="#mixamorig_RightHandThumb1-Matrix-animation-output-transform-array" count="22" stride="16">
            <param type="float4x4"/>
          </accessor>
        </technique_common>
      </source>
      <source id="mixamorig_RightHandThumb1-Interpolations">
        <Name_array id="mixamorig_RightHandThumb1-Interpolations-array" count="22">
 LINEAR LINEAR LINEAR LINEAR LINEAR LINEAR LINEAR LINEAR LINEAR LINEAR LINEAR
LINEAR LINEAR LINEAR LINEAR LINEAR LINEAR LINEAR LINEAR LINEAR LINEAR LINEAR</Name_array>
        <technique_common>
          <accessor source="#mixamorig_RightHandThumb1-Interpolations-array" count="22">
            <param type="name"/>
          </accessor>
        </technique_common>
      </source>
      <sampler id="mixamorig_RightHandThumb1-Matrix-animation-transform">
        <input semantic="INPUT" source="#mixamorig_RightHandThumb1-Matrix-animation-input"/>
        <input semantic="OUTPUT" source="#mixamorig_RightHandThumb1-Matrix-animation-output-transform"/>
        <input semantic="INTERPOLATION" source="#mixamorig_RightHandThumb1-Interpolations"/>
      </sampler>
      <channel source="#mixamorig_RightHandThumb1-Matrix-animation-transform" target="mixamorig_RightHandThumb1/matrix"/>
    </animation>
    <animation id="mixamorig_RightHandThumb2-anim" name="mixamorig_RightHandThumb2">
      <source id="mixamorig_RightHandThumb2-Matrix-animation-input">
        <float_array id="mixamorig_RightHandThumb2-Matrix-animation-input-array" count="22">

0.000000 0.033333 0.066667 0.100000 0.133333 0.166667 0.200000 0.233333 0.266667 0.300000 0.333333 0.366667 0.400000 0.433333 0.466667 0.500000
0.533333 0.566667 0.600000 0.633333 0.666667 0.700000</float_array>
        <technique_common>
          <accessor source="#mixamorig_RightHandThumb2-Matrix-animation-input-array" count="22">
            <param name="TIME" type="float"/>
          </accessor>
        </technique_common>
      </source>
      <source id="mixamorig_RightHandThumb2-Matrix-animation-output-transform">
        <float_array id="mixamorig_RightHandThumb2-Matrix-animation-output-transform-array" count="352">

0.977249 -0.212089 0.001825 0.000000 0.212086 0.977250 0.001729 4.523200 -0.002150 -0.001302 0.999997 0.000000 0.000000 0.000000 0.000000 1.000000
0.974839 -0.222901 0.002059 0.000000 0.222900 0.974841 0.000522 4.523200 -0.002123 -0.000050 0.999998 -0.000000 0.000000 0.000000 0.000000 1.000000
0.968435 -0.249252 0.002724 0.000000 0.249259 0.968434 -0.002416 4.523200 -0.002036 0.003018 0.999993 0.000000 0.000000 0.000000 0.000000 1.000000
0.959400 -0.282023 0.003745 0.000000 0.282042 0.959383 -0.006058 4.523200 -0.001884 0.006869 0.999975 -0.000000 0.000000 0.000000 0.000000 1.000000
0.949976 -0.312284 0.004882 0.000000 0.312318 0.949931 -0.009414 4.523200 -0.001698 0.010468 0.999944 0.000000 0.000000 0.000000 0.000000 1.000000
0.943458 -0.331443 0.005701 0.000000 0.331488 0.943389 -0.011534 4.523200 -0.001556 0.012772 0.999917 0.000000 0.000000 0.000000 0.000000 1.000000
0.942459 -0.334272 0.005829 0.000000 0.334320 0.942385 -0.011847 4.523200 -0.001533 0.013114 0.999913 0.000000 0.000000 0.000000 0.000000 1.000000
0.942355 -0.334564 0.005841 -0.000000 0.334612 0.942281 -0.011870 4.523200 -0.001532 0.013140 0.999912 0.000000 0.000000 0.000000 0.000000 1.000000
0.942169 -0.335088 0.005864 -0.000000 0.335136 0.942094 -0.011926 4.523200 -0.001528 0.013201 0.999912 0.000000 0.000000 0.000000 0.000000 1.000000
0.941923 -0.335776 0.005895 -0.000000 0.335825 0.941848 -0.012005 4.523200 -0.001521 0.013288 0.999911 0.000000 0.000000 0.000000 0.000000 1.000000
0.941638 -0.336574 0.005932 0.000000 0.336623 0.941562 -0.012102 4.523200 -0.001513 0.013393 0.999909 -0.000000 0.000000 0.000000 0.000000 1.000000
0.941336 -0.337419 0.005971 0.000000 0.337468 0.941258 -0.012195 4.523200 -0.001506 0.013495 0.999908 0.000000 0.000000 0.000000 0.000000 1.000000
0.941038 -0.338248 0.006008 0.000000 0.338299 0.940959 -0.012285 4.523200 -0.001498 0.013594 0.999906 -0.000000 0.000000 0.000000 0.000000 1.000000
0.940767 -0.338999 0.006044 0.000000 0.339050 0.940687 -0.012373 4.523200 -0.001491 0.013690 0.999905 -0.000000 0.000000 0.000000 0.000000 1.000000
0.940546 -0.339612 0.006072 0.000000 0.339663 0.940465 -0.012445 4.523200 -0.001484 0.013768 0.999904 0.000000 0.000000 0.000000 0.000000 1.000000
0.940397 -0.340025 0.006091 0.000000 0.340076 0.940315 -0.012488 4.523200 -0.001481 0.013815 0.999903 0.000000 0.000000 0.000000 0.000000 1.000000
0.940342 -0.340177 0.006097 0.000000 0.340228 0.940260 -0.012500 4.523200 -0.001481 0.013829 0.999903 -0.000000 0.000000 0.000000 0.000000 1.000000
0.944972 -0.327104 0.005505 0.000000 0.327146 0.944909 -0.011056 4.523200 -0.001585 0.012248 0.999924 0.000000 0.000000 0.000000 0.000000 1.000000
0.955280 -0.295674 0.004229 -0.000000 0.295699 0.955251 -0.007575 4.523200 -0.001800 0.008487 0.999962 -0.000000 0.000000 0.000000 0.000000 1.000000
0.966212 -0.257733 0.002963 0.000000 0.257742 0.966208 -0.003360 4.523200 -0.001996 0.004010 0.999990 -0.000000 0.000000 0.000000 0.000000 1.000000
0.974211 -0.225628 0.002116 0.000000 0.225628 0.974213 0.000217 4.523200 -0.002110 0.000266 0.999998 0.000000 0.000000 0.000000 0.000000 1.000000
0.977249 -0.212089 0.001820 0.000000 0.212086 0.977250 0.001728 4.523200 -0.002145 -0.001303 0.999997 0.000000 0.000000 0.000000 0.000000 1.000000</float_array>
        <technique_common>
          <accessor source="#mixamorig_RightHandThumb2-Matrix-animation-output-transform-array" count="22" stride="16">
            <param type="float4x4"/>
          </accessor>
        </technique_common>
      </source>
      <source id="mixamorig_RightHandThumb2-Interpolations">
        <Name_array id="mixamorig_RightHandThumb2-Interpolations-array" count="22">
 LINEAR LINEAR LINEAR LINEAR LINEAR LINEAR LINEAR LINEAR LINEAR LINEAR LINEAR
LINEAR LINEAR LINEAR LINEAR LINEAR LINEAR LINEAR LINEAR LINEAR LINEAR LINEAR</Name_array>
        <technique_common>
          <accessor source="#mixamorig_RightHandThumb2-Interpolations-array" count="22">
            <param type="name"/>
          </accessor>
        </technique_common>
      </source>
      <sampler id="mixamorig_RightHandThumb2-Matrix-animation-transform">
        <input semantic="INPUT" source="#mixamorig_RightHandThumb2-Matrix-animation-input"/>
        <input semantic="OUTPUT" source="#mixamorig_RightHandThumb2-Matrix-animation-output-transform"/>
        <input semantic="INTERPOLATION" source="#mixamorig_RightHandThumb2-Interpolations"/>
      </sampler>
      <channel source="#mixamorig_RightHandThumb2-Matrix-animation-transform" target="mixamorig_RightHandThumb2/matrix"/>
    </animation>
    <animation id="mixamorig_RightHandThumb3-anim" name="mixamorig_RightHandThumb3">
      <source id="mixamorig_RightHandThumb3-Matrix-animation-input">
        <float_array id="mixamorig_RightHandThumb3-Matrix-animation-input-array" count="22">

0.000000 0.033333 0.066667 0.100000 0.133333 0.166667 0.200000 0.233333 0.266667 0.300000 0.333333 0.366667 0.400000 0.433333 0.466667 0.500000
0.533333 0.566667 0.600000 0.633333 0.666667 0.700000</float_array>
        <technique_common>
          <accessor source="#mixamorig_RightHandThumb3-Matrix-animation-input-array" count="22">
            <param name="TIME" type="float"/>
          </accessor>
        </technique_common>
      </source>
      <source id="mixamorig_RightHandThumb3-Matrix-animation-output-transform">
        <float_array id="mixamorig_RightHandThumb3-Matrix-animation-output-transform-array" count="352">

1.000000 -0.000000 -0.000000 0.000000 0.000000 1.000000 -0.000000 3.636400 0.000000 0.000000 1.000000 0.000000 0.000000 0.000000 0.000000 1.000000
1.000000 -0.000000 -0.000000 0.000000 0.000000 1.000000 0.000000 3.636400 0.000000 -0.000000 1.000000 -0.000000 0.000000 0.000000 0.000000 1.000000
1.000000 -0.000000 -0.000000 0.000000 0.000000 1.000000 -0.000000 3.636400 0.000000 0.000000 1.000000 0.000000 0.000000 0.000000 0.000000 1.000000
1.000000 -0.000000 -0.000000 0.000000 0.000000 1.000000 -0.000000 3.636400 0.000000 0.000000 1.000000 0.000000 0.000000 0.000000 0.000000 1.000000
1.000000 -0.000000 -0.000000 0.000000 0.000000 1.000000 0.000000 3.636400 0.000000 -0.000000 1.000000 0.000000 0.000000 0.000000 0.000000 1.000000
1.000000 0.000000 0.000000 0.000000 -0.000000 1.000000 -0.000000 3.636400 -0.000000 0.000000 1.000000 0.000000 0.000000 0.000000 0.000000 1.000000
1.000000 -0.000000 0.000000 -0.000000 0.000000 1.000000 0.000000 3.636400 -0.000000 -0.000000 1.000000 0.000000 0.000000 0.000000 0.000000 1.000000
1.000000 0.000000 -0.000000 0.000000 -0.000000 1.000000 -0.000000 3.636400 0.000000 0.000000 1.000000 -0.000000 0.000000 0.000000 0.000000 1.000000
1.000000 -0.000000 -0.000000 -0.000000 0.000000 1.000000 0.000000 3.636400 0.000000 -0.000000 1.000000 0.000000 0.000000 0.000000 0.000000 1.000000
1.000000 0.000000 0.000000 0.000000 -0.000000 1.000000 -0.000000 3.636400 -0.000000 0.000000 1.000000 0.000000 0.000000 0.000000 0.000000 1.000000
1.000000 0.000000 -0.000000 0.000000 -0.000000 1.000000 0.000000 3.636400 0.000000 -0.000000 1.000000 0.000000 0.000000 0.000000 0.000000 1.000000
1.000000 -0.000000 -0.000000 0.000000 0.000000 1.000000 -0.000000 3.636400 0.000000 0.000000 1.000000 0.000000 0.000000 0.000000 0.000000 1.000000
1.000000 -0.000000 0.000000 0.000000 0.000000 1.000000 0.000000 3.636400 -0.000000 -0.000000 1.000000 0.000000 0.000000 0.000000 0.000000 1.000000
1.000000 -0.000000 -0.000000 0.000000 0.000000 1.000000 -0.000000 3.636400 0.000000 0.000000 1.000000 0.000000 0.000000 0.000000 0.000000 1.000000
1.000000 0.000000 -0.000000 0.000000 -0.000000 1.000000 -0.000000 3.636400 0.000000 0.000000 1.000000 -0.000000 0.000000 0.000000 0.000000 1.000000
1.000000 0.000000 -0.000000 0.000000 -0.000000 1.000000 -0.000000 3.636400 0.000000 0.000000 1.000000 -0.000000 0.000000 0.000000 0.000000 1.000000
1.000000 0.000000 -0.000000 0.000000 -0.000000 1.000000 0.000000 3.636400 0.000000 -0.000000 1.000000 0.000000 0.000000 0.000000 0.000000 1.000000
1.000000 0.000000 -0.000000 0.000000 -0.000000 1.000000 -0.000000 3.636400 0.000000 0.000000 1.000000 0.000000 0.000000 0.000000 0.000000 1.000000
1.000000 -0.000000 -0.000000 0.000000 0.000000 1.000000 0.000000 3.636400 0.000000 -0.000000 1.000000 0.000000 0.000000 0.000000 0.000000 1.000000
1.000000 -0.000000 0.000000 0.000000 0.000000 1.000000 0.000000 3.636400 -0.000000 -0.000000 1.000000 -0.000000 0.000000 0.000000 0.000000 1.000000
1.000000 -0.000000 -0.000000 0.000000 0.000000 1.000000 -0.000000 3.636400 0.000000 0.000000 1.000000 0.000000 0.000000 0.000000 0.000000 1.000000
1.000000 -0.000000 -0.000000 -0.000000 0.000000 1.000000 -0.000000 3.636400 0.000000 0.000000 1.000000 0.000000 0.000000 0.000000 0.000000 1.000000</float_array>
        <technique_common>
          <accessor source="#mixamorig_RightHandThumb3-Matrix-animation-output-transform-array" count="22" stride="16">
            <param type="float4x4"/>
          </accessor>
        </technique_common>
      </source>
      <source id="mixamorig_RightHandThumb3-Interpolations">
        <Name_array id="mixamorig_RightHandThumb3-Interpolations-array" count="22">
 LINEAR LINEAR LINEAR LINEAR LINEAR LINEAR LINEAR LINEAR LINEAR LINEAR LINEAR
LINEAR LINEAR LINEAR LINEAR LINEAR LINEAR LINEAR LINEAR LINEAR LINEAR LINEAR</Name_array>
        <technique_common>
          <accessor source="#mixamorig_RightHandThumb3-Interpolations-array" count="22">
            <param type="name"/>
          </accessor>
        </technique_common>
      </source>
      <sampler id="mixamorig_RightHandThumb3-Matrix-animation-transform">
        <input semantic="INPUT" source="#mixamorig_RightHandThumb3-Matrix-animation-input"/>
        <input semantic="OUTPUT" source="#mixamorig_RightHandThumb3-Matrix-animation-output-transform"/>
        <input semantic="INTERPOLATION" source="#mixamorig_RightHandThumb3-Interpolations"/>
      </sampler>
      <channel source="#mixamorig_RightHandThumb3-Matrix-animation-transform" target="mixamorig_RightHandThumb3/matrix"/>
    </animation>
    <animation id="mixamorig_RightHandIndex1-anim" name="mixamorig_RightHandIndex1">
      <source id="mixamorig_RightHandIndex1-Matrix-animation-input">
        <float_array id="mixamorig_RightHandIndex1-Matrix-animation-input-array" count="22">

0.000000 0.033333 0.066667 0.100000 0.133333 0.166667 0.200000 0.233333 0.266667 0.300000 0.333333 0.366667 0.400000 0.433333 0.466667 0.500000
0.533333 0.566667 0.600000 0.633333 0.666667 0.700000</float_array>
        <technique_common>
          <accessor source="#mixamorig_RightHandIndex1-Matrix-animation-input-array" count="22">
            <param name="TIME" type="float"/>
          </accessor>
        </technique_common>
      </source>
      <source id="mixamorig_RightHandIndex1-Matrix-animation-output-transform">
        <float_array id="mixamorig_RightHandIndex1-Matrix-animation-output-transform-array" count="352">

0.996871 -0.041830 -0.067077 3.526400 -0.051849 0.294527 -0.954235 14.497500 0.059672 0.954727 0.291437 1.249000 0.000000 0.000000 0.000000 1.000000
0.996800 -0.041419 -0.068375 3.526400 -0.054027 0.281383 -0.958073 14.497500 0.058922 0.958701 0.278245 1.249000 0.000000 0.000000 0.000000 1.000000
0.996613 -0.040488 -0.071577 3.526400 -0.059314 0.248976 -0.966692 14.497500 0.056960 0.967663 0.245731 1.249000 0.000000 0.000000 0.000000 1.000000
0.996354 -0.039474 -0.075629 3.526400 -0.065840 0.207947 -0.975922 14.497500 0.054250 0.977343 0.204590 1.249000 0.000000 0.000000 0.000000 1.000000
0.996089 -0.038682 -0.079444 3.526400 -0.071818 0.169347 -0.982936 14.497500 0.051475 0.984797 0.165907 1.249000 0.000000 0.000000 0.000000 1.000000
0.995907 -0.038255 -0.081893 3.526400 -0.075576 0.144555 -0.986606 14.497500 0.049581 0.988757 0.141072 1.249000 0.000000 0.000000 0.000000 1.000000
0.995895 -0.038230 -0.082049 3.526400 -0.075812 0.142979 -0.986818 14.497500 0.049458 0.988987 0.139494 1.249000 0.000000 0.000000 0.000000 1.000000
0.996008 -0.038483 -0.080545 3.526400 -0.073515 0.158202 -0.984666 14.497500 0.050635 0.986657 0.154742 1.249000 0.000000 0.000000 0.000000 1.000000
0.996202 -0.038994 -0.077852 3.526400 -0.069342 0.185452 -0.980204 14.497500 0.052660 0.981879 0.182043 1.249000 0.000000 0.000000 0.000000 1.000000
0.996441 -0.039786 -0.074306 3.526400 -0.063729 0.221335 -0.973113 14.497500 0.055163 0.974386 0.218012 1.249000 0.000000 0.000000 0.000000 1.000000
0.996692 -0.040863 -0.070245 3.526400 -0.057129 0.262439 -0.963256 14.497500 0.057797 0.964083 0.259236 1.249000 0.000000 0.000000 0.000000 1.000000
0.996927 -0.042189 -0.066001 3.526400 -0.050030 0.305397 -0.950910 14.497500 0.060274 0.951290 0.302348 1.249000 0.000000 0.000000 0.000000 1.000000
0.997127 -0.043675 -0.061894 3.526400 -0.042958 0.346963 -0.936894 14.497500 0.062394 0.936861 0.344090 1.249000 0.000000 0.000000 0.000000 1.000000
0.997281 -0.045178 -0.058228 3.526400 -0.036467 0.384078 -0.922580 14.497500 0.064044 0.922195 0.381386 1.249000 0.000000 0.000000 0.000000 1.000000
0.997387 -0.046511 -0.055282 3.526400 -0.031126 0.413893 -0.909793 14.497500 0.065196 0.909137 0.411364 1.249000 0.000000 0.000000 0.000000 1.000000
0.997449 -0.047463 -0.053323 3.526400 -0.027508 0.433730 -0.900623 14.497500 0.065874 0.899792 0.431317 1.249000 0.000000 0.000000 0.000000 1.000000
0.997469 -0.047823 -0.052611 3.526400 -0.026179 0.440943 -0.897153 14.497500 0.066103 0.896260 0.438575 1.249000 0.000000 0.000000 0.000000 1.000000
0.997426 -0.047094 -0.054069 3.526400 -0.028892 0.426175 -0.904179 14.497500 0.065625 0.903414 0.423718 1.249000 0.000000 0.000000 0.000000 1.000000
0.997305 -0.045454 -0.057594 3.526400 -0.035328 0.390495 -0.919927 14.497500 0.064305 0.919482 0.387836 1.249000 0.000000 0.000000 0.000000 1.000000
0.997127 -0.043679 -0.061881 3.526400 -0.042934 0.347114 -0.936840 14.497500 0.062400 0.936805 0.344241 1.249000 0.000000 0.000000 0.000000 1.000000
0.996952 -0.042346 -0.065532 3.526400 -0.049232 0.310168 -0.949406 14.497500 0.060530 0.949738 0.307138 1.249000 0.000000 0.000000 0.000000 1.000000
0.996871 -0.041830 -0.067077 3.526400 -0.051849 0.294527 -0.954235 14.497500 0.059672 0.954727 0.291437 1.249000 0.000000 0.000000 0.000000 1.000000</float_array>
        <technique_common>
          <accessor source="#mixamorig_RightHandIndex1-Matrix-animation-output-transform-array" count="22" stride="16">
            <param type="float4x4"/>
          </accessor>
        </technique_common>
      </source>
      <source id="mixamorig_RightHandIndex1-Interpolations">
        <Name_array id="mixamorig_RightHandIndex1-Interpolations-array" count="22">
 LINEAR LINEAR LINEAR LINEAR LINEAR LINEAR LINEAR LINEAR LINEAR LINEAR LINEAR
LINEAR LINEAR LINEAR LINEAR LINEAR LINEAR LINEAR LINEAR LINEAR LINEAR LINEAR</Name_array>
        <technique_common>
          <accessor source="#mixamorig_RightHandIndex1-Interpolations-array" count="22">
            <param type="name"/>
          </accessor>
        </technique_common>
      </source>
      <sampler id="mixamorig_RightHandIndex1-Matrix-animation-transform">
        <input semantic="INPUT" source="#mixamorig_RightHandIndex1-Matrix-animation-input"/>
        <input semantic="OUTPUT" source="#mixamorig_RightHandIndex1-Matrix-animation-output-transform"/>
        <input semantic="INTERPOLATION" source="#mixamorig_RightHandIndex1-Interpolations"/>
      </sampler>
      <channel source="#mixamorig_RightHandIndex1-Matrix-animation-transform" target="mixamorig_RightHandIndex1/matrix"/>
    </animation>
    <animation id="mixamorig_RightHandIndex2-anim" name="mixamorig_RightHandIndex2">
      <source id="mixamorig_RightHandIndex2-Matrix-animation-input">
        <float_array id="mixamorig_RightHandIndex2-Matrix-animation-input-array" count="22">

0.000000 0.033333 0.066667 0.100000 0.133333 0.166667 0.200000 0.233333 0.266667 0.300000 0.333333 0.366667 0.400000 0.433333 0.466667 0.500000
0.533333 0.566667 0.600000 0.633333 0.666667 0.700000</float_array>
        <technique_common>
          <accessor source="#mixamorig_RightHandIndex2-Matrix-animation-input-array" count="22">
            <param name="TIME" type="float"/>
          </accessor>
        </technique_common>
      </source>
      <source id="mixamorig_RightHandIndex2-Matrix-animation-output-transform">
        <float_array id="mixamorig_RightHandIndex2-Matrix-animation-output-transform-array" count="352">

0.993941 0.095299 -0.054760 0.000000 -0.051425 -0.037111 -0.997987 4.509100 -0.097139 0.994757 -0.031986 0.000000 0.000000 0.000000 0.000000 1.000000
0.993809 0.095909 -0.056084 0.000000 -0.051368 -0.050954 -0.997379 4.509100 -0.098515 0.994085 -0.045712 0.000000 0.000000 0.000000 0.000000 1.000000
0.993481 0.097326 -0.059349 0.000000 -0.051140 -0.084784 -0.995086 4.509100 -0.101879 0.991635 -0.079254 0.000000 0.000000 0.000000 0.000000 1.000000
0.993065 0.098943 -0.063503 0.000000 -0.050688 -0.127039 -0.990602 4.509100 -0.106080 0.986951 -0.121143 0.000000 0.000000 0.000000 0.000000 1.000000
0.992670 0.100291 -0.067437 0.000000 -0.050107 -0.166246 -0.984810 4.509100 -0.109979 0.980971 -0.160002 0.000000 0.000000 0.000000 0.000000 1.000000
0.992416 0.101069 -0.069975 -0.000000 -0.049654 -0.191150 -0.980304 4.509100 -0.112454 0.976344 -0.184681 -0.000000 0.000000 0.000000 0.000000 1.000000
0.992399 0.101117 -0.070136 -0.000000 -0.049623 -0.192726 -0.979997 4.509100 -0.112611 0.976029 -0.186243 0.000000 0.000000 0.000000 0.000000 1.000000
0.992556 0.100649 -0.068575 0.000000 -0.049910 -0.177468 -0.982860 4.509100 -0.111094 0.978966 -0.171124 -0.000000 0.000000 0.000000 0.000000 1.000000
0.992835 0.099748 -0.065791 0.000000 -0.050366 -0.149951 -0.987410 4.509100 -0.108358 0.983649 -0.143853 0.000000 0.000000 0.000000 0.000000 1.000000
0.993202 0.098434 -0.062141 -0.000000 -0.050852 -0.113312 -0.992257 4.509100 -0.104713 0.988671 -0.107536 0.000000 0.000000 0.000000 0.000000 1.000000
0.993618 0.096748 -0.057985 0.000000 -0.051244 -0.070762 -0.996176 4.509100 -0.100482 0.992790 -0.065353 0.000000 0.000000 0.000000 0.000000 1.000000
0.994051 0.094772 -0.053670 -0.000000 -0.051461 -0.025611 -0.998347 4.509100 -0.095989 0.995170 -0.020581 -0.000000 0.000000 0.000000 0.000000 1.000000
0.994467 0.092642 -0.049525 0.000000 -0.051475 0.018770 -0.998498 4.509100 -0.091573 0.995523 0.023434 0.000000 0.000000 0.000000 0.000000 1.000000
0.994836 0.090552 -0.045850 0.000000 -0.051317 0.058997 -0.996938 4.509100 -0.087570 0.994143 0.063339 0.000000 0.000000 0.000000 0.000000 1.000000
0.995130 0.088738 -0.042916 -0.000000 -0.051068 0.091743 -0.994472 4.509100 -0.084311 0.991821 0.095828 0.000000 0.000000 0.000000 0.000000 1.000000
0.995325 0.087462 -0.040973 -0.000000 -0.050841 0.113751 -0.992208 4.509100 -0.082120 0.989652 0.117666 -0.000000 0.000000 0.000000 0.000000 1.000000
0.995395 0.086984 -0.040269 0.000000 -0.050745 0.121801 -0.991257 4.509100 -0.081319 0.988736 0.125654 0.000000 0.000000 0.000000 0.000000 1.000000
0.995251 0.087955 -0.041713 0.000000 -0.050934 0.105349 -0.993130 4.509100 -0.082957 0.990538 0.109329 0.000000 0.000000 0.000000 0.000000 1.000000
0.994899 0.090175 -0.045219 -0.000000 -0.051274 0.066007 -0.996501 4.509100 -0.086875 0.993736 0.070294 0.000000 0.000000 0.000000 0.000000 1.000000
0.994468 0.092638 -0.049512 0.000000 -0.051475 0.018925 -0.998495 4.509100 -0.091561 0.995520 0.023589 0.000000 0.000000 0.000000 0.000000 1.000000
0.994099 0.094543 -0.053195 0.000000 -0.051473 -0.020559 -0.998463 4.509100 -0.095491 0.995308 -0.015571 0.000000 0.000000 0.000000 0.000000 1.000000
0.993941 0.095299 -0.054761 0.000000 -0.051426 -0.037111 -0.997987 4.509100 -0.097140 0.994757 -0.031986 0.000000 0.000000 0.000000 0.000000 1.000000</float_array>
        <technique_common>
          <accessor source="#mixamorig_RightHandIndex2-Matrix-animation-output-transform-array" count="22" stride="16">
            <param type="float4x4"/>
          </accessor>
        </technique_common>
      </source>
      <source id="mixamorig_RightHandIndex2-Interpolations">
        <Name_array id="mixamorig_RightHandIndex2-Interpolations-array" count="22">
 LINEAR LINEAR LINEAR LINEAR LINEAR LINEAR LINEAR LINEAR LINEAR LINEAR LINEAR
LINEAR LINEAR LINEAR LINEAR LINEAR LINEAR LINEAR LINEAR LINEAR LINEAR LINEAR</Name_array>
        <technique_common>
          <accessor source="#mixamorig_RightHandIndex2-Interpolations-array" count="22">
            <param type="name"/>
          </accessor>
        </technique_common>
      </source>
      <sampler id="mixamorig_RightHandIndex2-Matrix-animation-transform">
        <input semantic="INPUT" source="#mixamorig_RightHandIndex2-Matrix-animation-input"/>
        <input semantic="OUTPUT" source="#mixamorig_RightHandIndex2-Matrix-animation-output-transform"/>
        <input semantic="INTERPOLATION" source="#mixamorig_RightHandIndex2-Interpolations"/>
      </sampler>
      <channel source="#mixamorig_RightHandIndex2-Matrix-animation-transform" target="mixamorig_RightHandIndex2/matrix"/>
    </animation>
    <animation id="mixamorig_RightHandIndex3-anim" name="mixamorig_RightHandIndex3">
      <source id="mixamorig_RightHandIndex3-Matrix-animation-input">
        <float_array id="mixamorig_RightHandIndex3-Matrix-animation-input-array" count="22">

0.000000 0.033333 0.066667 0.100000 0.133333 0.166667 0.200000 0.233333 0.266667 0.300000 0.333333 0.366667 0.400000 0.433333 0.466667 0.500000
0.533333 0.566667 0.600000 0.633333 0.666667 0.700000</float_array>
        <technique_common>
          <accessor source="#mixamorig_RightHandIndex3-Matrix-animation-input-array" count="22">
            <param name="TIME" type="float"/>
          </accessor>
        </technique_common>
      </source>
      <source id="mixamorig_RightHandIndex3-Matrix-animation-output-transform">
        <float_array id="mixamorig_RightHandIndex3-Matrix-animation-output-transform-array" count="352">

1.000000 0.000000 0.000000 0.000000 -0.000000 1.000000 -0.000000 2.907200 -0.000000 0.000000 1.000000 0.000000 0.000000 0.000000 0.000000 1.000000
1.000000 -0.000000 -0.000000 -0.000000 0.000000 1.000000 0.000000 2.907200 0.000000 -0.000000 1.000000 0.000000 0.000000 0.000000 0.000000 1.000000
1.000000 0.000000 0.000000 0.000000 -0.000000 1.000000 -0.000000 2.907200 -0.000000 0.000000 1.000000 0.000000 0.000000 0.000000 0.000000 1.000000
1.000000 0.000000 0.000000 -0.000000 -0.000000 1.000000 -0.000000 2.907200 0.000000 0.000000 1.000000 0.000000 0.000000 0.000000 0.000000 1.000000
1.000000 0.000000 -0.000000 0.000000 -0.000000 1.000000 -0.000000 2.907200 0.000000 0.000000 1.000000 -0.000000 0.000000 0.000000 0.000000 1.000000
1.000000 -0.000000 0.000000 0.000000 0.000000 1.000000 -0.000000 2.907200 -0.000000 0.000000 1.000000 0.000000 0.000000 0.000000 0.000000 1.000000
1.000000 0.000000 0.000000 0.000000 -0.000000 1.000000 -0.000000 2.907200 -0.000000 0.000000 1.000000 0.000000 0.000000 0.000000 0.000000 1.000000
1.000000 0.000000 -0.000000 -0.000000 -0.000000 1.000000 -0.000000 2.907200 0.000000 0.000000 1.000000 0.000000 0.000000 0.000000 0.000000 1.000000
1.000000 0.000000 0.000000 0.000000 -0.000000 1.000000 -0.000000 2.907200 0.000000 0.000000 1.000000 0.000000 0.000000 0.000000 0.000000 1.000000
1.000000 0.000000 0.000000 0.000000 -0.000000 1.000000 -0.000000 2.907200 -0.000000 0.000000 1.000000 -0.000000 0.000000 0.000000 0.000000 1.000000
1.000000 -0.000000 -0.000000 -0.000000 0.000000 1.000000 -0.000000 2.907200 0.000000 0.000000 1.000000 -0.000000 0.000000 0.000000 0.000000 1.000000
1.000000 0.000000 -0.000000 -0.000000 -0.000000 1.000000 -0.000000 2.907200 -0.000000 0.000000 1.000000 0.000000 0.000000 0.000000 0.000000 1.000000
1.000000 -0.000000 -0.000000 0.000000 0.000000 1.000000 0.000000 2.907200 0.000000 -0.000000 1.000000 0.000000 0.000000 0.000000 0.000000 1.000000
1.000000 0.000000 0.000000 0.000000 -0.000000 1.000000 -0.000000 2.907200 -0.000000 0.000000 1.000000 -0.000000 0.000000 0.000000 0.000000 1.000000
1.000000 0.000000 0.000000 -0.000000 -0.000000 1.000000 -0.000000 2.907200 -0.000000 0.000000 1.000000 0.000000 0.000000 0.000000 0.000000 1.000000
1.000000 0.000000 0.000000 0.000000 -0.000000 1.000000 -0.000000 2.907200 0.000000 0.000000 1.000000 -0.000000 0.000000 0.000000 0.000000 1.000000
1.000000 -0.000000 -0.000000 0.000000 0.000000 1.000000 -0.000000 2.907200 0.000000 0.000000 1.000000 0.000000 0.000000 0.000000 0.000000 1.000000
1.000000 0.000000 -0.000000 0.000000 -0.000000 1.000000 -0.000000 2.907200 0.000000 0.000000 1.000000 0.000000 0.000000 0.000000 0.000000 1.000000
1.000000 0.000000 0.000000 -0.000000 -0.000000 1.000000 -0.000000 2.907200 -0.000000 0.000000 1.000000 0.000000 0.000000 0.000000 0.000000 1.000000
1.000000 0.000000 -0.000000 0.000000 -0.000000 1.000000 -0.000000 2.907200 -0.000000 0.000000 1.000000 0.000000 0.000000 0.000000 0.000000 1.000000
1.000000 0.000000 0.000000 0.000000 -0.000000 1.000000 -0.000000 2.907200 -0.000000 0.000000 1.000000 0.000000 0.000000 0.000000 0.000000 1.000000
1.000000 -0.000000 -0.000000 0.000000 0.000000 1.000000 0.000000 2.907200 0.000000 -0.000000 1.000000 0.000000 0.000000 0.000000 0.000000 1.000000</float_array>
        <technique_common>
          <accessor source="#mixamorig_RightHandIndex3-Matrix-animation-output-transform-array" count="22" stride="16">
            <param type="float4x4"/>
          </accessor>
        </technique_common>
      </source>
      <source id="mixamorig_RightHandIndex3-Interpolations">
        <Name_array id="mixamorig_RightHandIndex3-Interpolations-array" count="22">
 LINEAR LINEAR LINEAR LINEAR LINEAR LINEAR LINEAR LINEAR LINEAR LINEAR LINEAR
LINEAR LINEAR LINEAR LINEAR LINEAR LINEAR LINEAR LINEAR LINEAR LINEAR LINEAR</Name_array>
        <technique_common>
          <accessor source="#mixamorig_RightHandIndex3-Interpolations-array" count="22">
            <param type="name"/>
          </accessor>
        </technique_common>
      </source>
      <sampler id="mixamorig_RightHandIndex3-Matrix-animation-transform">
        <input semantic="INPUT" source="#mixamorig_RightHandIndex3-Matrix-animation-input"/>
        <input semantic="OUTPUT" source="#mixamorig_RightHandIndex3-Matrix-animation-output-transform"/>
        <input semantic="INTERPOLATION" source="#mixamorig_RightHandIndex3-Interpolations"/>
      </sampler>
      <channel source="#mixamorig_RightHandIndex3-Matrix-animation-transform" target="mixamorig_RightHandIndex3/matrix"/>
    </animation>
    <animation id="mixamorig_RightHandMiddle1-anim" name="mixamorig_RightHandMiddle1">
      <source id="mixamorig_RightHandMiddle1-Matrix-animation-input">
        <float_array id="mixamorig_RightHandMiddle1-Matrix-animation-input-array" count="22">

0.000000 0.033333 0.066667 0.100000 0.133333 0.166667 0.200000 0.233333 0.266667 0.300000 0.333333 0.366667 0.400000 0.433333 0.466667 0.500000
0.533333 0.566667 0.600000 0.633333 0.666667 0.700000</float_array>
        <technique_common>
          <accessor source="#mixamorig_RightHandMiddle1-Matrix-animation-input-array" count="22">
            <param name="TIME" type="float"/>
          </accessor>
        </technique_common>
      </source>
      <source id="mixamorig_RightHandMiddle1-Matrix-animation-output-transform">
        <float_array id="mixamorig_RightHandMiddle1-Matrix-animation-output-transform-array" count="352">

0.998638 0.044588 -0.027099 0.000000 -0.035725 0.205751 -0.977952 15.099700 -0.038029 0.977588 0.207063 0.000000 0.000000 0.000000 0.000000 1.000000
0.998570 0.045333 -0.028322 -0.000000 -0.036540 0.192189 -0.980677 15.099700 -0.039014 0.980310 0.193571 0.000000 0.000000 0.000000 0.000000 1.000000
0.998400 0.047050 -0.031375 -0.000000 -0.038488 0.158831 -0.986555 15.099700 -0.041434 0.986184 0.160387 0.000000 0.000000 0.000000 0.000000 1.000000
0.998175 0.048983 -0.035309 0.000000 -0.040831 0.116754 -0.992321 15.099700 -0.044484 0.991952 0.118541 0.000000 0.000000 0.000000 0.000000 1.000000
0.997956 0.050559 -0.039073 -0.000000 -0.042917 0.077320 -0.996082 15.099700 -0.047340 0.995724 0.079332 0.000000 0.000000 0.000000 0.000000 1.000000
0.997812 0.051449 -0.041518 0.000000 -0.044197 0.052070 -0.997665 15.099700 -0.049167 0.997317 0.054230 0.000000 0.000000 0.000000 0.000000 1.000000
0.997803 0.051502 -0.041674 0.000000 -0.044276 0.050467 -0.997744 15.099700 -0.049283 0.997397 0.052636 0.000000 0.000000 0.000000 0.000000 1.000000
0.997892 0.050971 -0.040169 -0.000000 -0.043498 0.065962 -0.996874 15.099700 -0.048162 0.996519 0.068040 0.000000 0.000000 0.000000 0.000000 1.000000
0.998049 0.049930 -0.037496 0.000000 -0.042060 0.093755 -0.994707 15.099700 -0.046150 0.994343 0.095672 0.000000 0.000000 0.000000 0.000000 1.000000
0.998250 0.048381 -0.034016 -0.000000 -0.040080 0.130465 -0.990643 15.099700 -0.043490 0.990272 0.132175 0.000000 0.000000 0.000000 0.000000 1.000000
0.998471 0.046356 -0.030098 0.000000 -0.037686 0.172675 -0.984258 15.099700 -0.040429 0.983887 0.174158 0.000000 0.000000 0.000000 0.000000 1.000000
0.998690 0.044031 -0.026054 0.000000 -0.035017 0.216981 -0.975547 15.099700 -0.037301 0.975182 0.218239 0.000000 0.000000 0.000000 0.000000 1.000000
0.998887 0.041630 -0.022163 0.000000 -0.032250 0.260046 -0.965057 15.099700 -0.034412 0.964698 0.261099 0.000000 0.000000 0.000000 0.000000 1.000000
0.999052 0.039305 -0.018727 0.000000 -0.029631 0.298666 -0.953898 15.099700 -0.031900 0.953548 0.299548 -0.000000 0.000000 0.000000 0.000000 1.000000
0.999176 0.037307 -0.015996 0.000000 -0.027421 0.329810 -0.943649 15.099700 -0.029930 0.943310 0.330561 0.000000 0.000000 0.000000 0.000000 1.000000
0.999254 0.035911 -0.014193 -0.000000 -0.025897 0.350593 -0.936170 15.099700 -0.028643 0.935839 0.351261 0.000000 0.000000 0.000000 0.000000 1.000000
0.999282 0.035390 -0.013540 -0.000000 -0.025331 0.358164 -0.933315 15.099700 -0.028180 0.932988 0.358803 0.000000 0.000000 0.000000 0.000000 1.000000
0.999225 0.036450 -0.014878 0.000000 -0.026483 0.342673 -0.939081 15.099700 -0.029131 0.938747 0.343373 0.000000 0.000000 0.000000 0.000000 1.000000
0.999079 0.038887 -0.018137 0.000000 -0.029164 0.305358 -0.951791 15.099700 -0.031474 0.951443 0.306211 0.000000 0.000000 0.000000 0.000000 1.000000
0.998888 0.041623 -0.022150 0.000000 -0.032242 0.260202 -0.965016 15.099700 -0.034403 0.964657 0.261255 -0.000000 0.000000 0.000000 0.000000 1.000000
0.998713 0.043769 -0.025608 0.000000 -0.034711 0.221915 -0.974448 15.099700 -0.036968 0.974083 0.223149 0.000000 0.000000 0.000000 0.000000 1.000000
0.998636 0.044644 -0.027074 0.000000 -0.035711 0.205752 -0.977952 15.099700 -0.038090 0.977585 0.207066 -0.000000 0.000000 0.000000 0.000000 1.000000</float_array>
        <technique_common>
          <accessor source="#mixamorig_RightHandMiddle1-Matrix-animation-output-transform-array" count="22" stride="16">
            <param type="float4x4"/>
          </accessor>
        </technique_common>
      </source>
      <source id="mixamorig_RightHandMiddle1-Interpolations">
        <Name_array id="mixamorig_RightHandMiddle1-Interpolations-array" count="22">
 LINEAR LINEAR LINEAR LINEAR LINEAR LINEAR LINEAR LINEAR LINEAR LINEAR LINEAR
LINEAR LINEAR LINEAR LINEAR LINEAR LINEAR LINEAR LINEAR LINEAR LINEAR LINEAR</Name_array>
        <technique_common>
          <accessor source="#mixamorig_RightHandMiddle1-Interpolations-array" count="22">
            <param type="name"/>
          </accessor>
        </technique_common>
      </source>
      <sampler id="mixamorig_RightHandMiddle1-Matrix-animation-transform">
        <input semantic="INPUT" source="#mixamorig_RightHandMiddle1-Matrix-animation-input"/>
        <input semantic="OUTPUT" source="#mixamorig_RightHandMiddle1-Matrix-animation-output-transform"/>
        <input semantic="INTERPOLATION" source="#mixamorig_RightHandMiddle1-Interpolations"/>
      </sampler>
      <channel source="#mixamorig_RightHandMiddle1-Matrix-animation-transform" target="mixamorig_RightHandMiddle1/matrix"/>
    </animation>
    <animation id="mixamorig_RightHandMiddle2-anim" name="mixamorig_RightHandMiddle2">
      <source id="mixamorig_RightHandMiddle2-Matrix-animation-input">
        <float_array id="mixamorig_RightHandMiddle2-Matrix-animation-input-array" count="22">

0.000000 0.033333 0.066667 0.100000 0.133333 0.166667 0.200000 0.233333 0.266667 0.300000 0.333333 0.366667 0.400000 0.433333 0.466667 0.500000
0.533333 0.566667 0.600000 0.633333 0.666667 0.700000</float_array>
        <technique_common>
          <accessor source="#mixamorig_RightHandMiddle2-Matrix-animation-input-array" count="22">
            <param name="TIME" type="float"/>
          </accessor>
        </technique_common>
      </source>
      <source id="mixamorig_RightHandMiddle2-Matrix-animation-output-transform">
        <float_array id="mixamorig_RightHandMiddle2-Matrix-animation-output-transform-array" count="352">

0.993763 0.087659 -0.068931 0.000000 -0.075231 0.070719 -0.994655 3.620200 -0.082316 0.993637 0.076873 0.000000 0.000000 0.000000 0.000000 1.000000
0.993657 0.087918 -0.070121 0.000000 -0.075286 0.056877 -0.995539 3.620200 -0.083538 0.994503 0.063135 0.000000 0.000000 0.000000 0.000000 1.000000
0.993390 0.088502 -0.073105 0.000000 -0.075408 0.022959 -0.996888 3.620200 -0.086548 0.995811 0.029481 0.000000 0.000000 0.000000 0.000000 1.000000
0.993053 0.089091 -0.076865 0.000000 -0.075411 -0.019582 -0.996960 3.620200 -0.090326 0.995831 -0.012727 0.000000 0.000000 0.000000 0.000000 1.000000
0.992737 0.089495 -0.080394 0.000000 -0.075270 -0.059231 -0.995402 3.620200 -0.093846 0.994224 -0.052065 0.000000 0.000000 0.000000 0.000000 1.000000
0.992539 0.089675 -0.082614 -0.000000 -0.075067 -0.084505 -0.993591 3.620200 -0.096082 0.992380 -0.077142 0.000000 0.000000 0.000000 0.000000 1.000000
0.992526 0.089685 -0.082753 0.000000 -0.075050 -0.086107 -0.993455 3.620200 -0.096223 0.992241 -0.078732 0.000000 0.000000 0.000000 0.000000 1.000000
0.992650 0.089581 -0.081376 -0.000000 -0.075169 -0.070611 -0.994668 3.620200 -0.094849 0.993473 -0.063358 0.000000 0.000000 0.000000 0.000000 1.000000
0.992869 0.089344 -0.078921 0.000000 -0.075344 -0.042732 -0.996242 3.620200 -0.092380 0.995084 -0.035696 0.000000 0.000000 0.000000 0.000000 1.000000
0.993163 0.088915 -0.075635 -0.000000 -0.075424 -0.005741 -0.997135 3.620200 -0.089095 0.996023 0.001004 -0.000000 0.000000 0.000000 0.000000 1.000000
0.993501 0.088269 -0.071859 0.000000 -0.075364 0.037031 -0.996468 3.620200 -0.085297 0.995408 0.043443 0.000000 0.000000 0.000000 0.000000 1.000000
0.993856 0.087410 -0.067898 0.000000 -0.075122 0.082204 -0.993780 3.620200 -0.081285 0.992775 0.088265 0.000000 0.000000 0.000000 0.000000 1.000000
0.994200 0.086392 -0.064050 0.000000 -0.074708 0.126390 -0.989163 3.620200 -0.077361 0.988211 0.132112 0.000000 0.000000 0.000000 0.000000 1.000000
0.994509 0.085321 -0.060602 0.000000 -0.074181 0.166258 -0.983288 3.620200 -0.073819 0.982384 0.171674 0.000000 0.000000 0.000000 0.000000 1.000000
0.994757 0.084345 -0.057823 0.000000 -0.073646 0.198581 -0.977314 3.620200 -0.070949 0.976449 0.203751 -0.000000 0.000000 0.000000 0.000000 1.000000
0.994923 0.083636 -0.055969 0.000000 -0.073232 0.220239 -0.972693 3.620200 -0.069026 0.971854 0.225246 0.000000 0.000000 0.000000 0.000000 1.000000
0.994984 0.083366 -0.055294 0.000000 -0.073070 0.228147 -0.970881 3.620200 -0.068323 0.970051 0.233094 0.000000 0.000000 0.000000 0.000000 1.000000
0.994860 0.083912 -0.056676 0.000000 -0.073396 0.211977 -0.974515 3.620200 -0.069760 0.973666 0.217046 0.000000 0.000000 0.000000 0.000000 1.000000
0.994562 0.085123 -0.060005 0.000000 -0.074076 0.173187 -0.982099 3.620200 -0.073207 0.981204 0.178551 -0.000000 0.000000 0.000000 0.000000 1.000000
0.994201 0.086392 -0.064038 0.000000 -0.074708 0.126545 -0.989144 3.620200 -0.077350 0.988192 0.132265 -0.000000 0.000000 0.000000 0.000000 1.000000
0.993895 0.087308 -0.067459 0.000000 -0.075086 0.087244 -0.993353 3.620200 -0.080842 0.992354 0.093267 0.000000 0.000000 0.000000 0.000000 1.000000
0.993768 0.087644 -0.068872 0.000000 -0.075171 0.070720 -0.994660 3.620200 -0.082305 0.993638 0.076867 0.000000 0.000000 0.000000 0.000000 1.000000</float_array>
        <technique_common>
          <accessor source="#mixamorig_RightHandMiddle2-Matrix-animation-output-transform-array" count="22" stride="16">
            <param type="float4x4"/>
          </accessor>
        </technique_common>
      </source>
      <source id="mixamorig_RightHandMiddle2-Interpolations">
        <Name_array id="mixamorig_RightHandMiddle2-Interpolations-array" count="22">
 LINEAR LINEAR LINEAR LINEAR LINEAR LINEAR LINEAR LINEAR LINEAR LINEAR LINEAR
LINEAR LINEAR LINEAR LINEAR LINEAR LINEAR LINEAR LINEAR LINEAR LINEAR LINEAR</Name_array>
        <technique_common>
          <accessor source="#mixamorig_RightHandMiddle2-Interpolations-array" count="22">
            <param type="name"/>
          </accessor>
        </technique_common>
      </source>
      <sampler id="mixamorig_RightHandMiddle2-Matrix-animation-transform">
        <input semantic="INPUT" source="#mixamorig_RightHandMiddle2-Matrix-animation-input"/>
        <input semantic="OUTPUT" source="#mixamorig_RightHandMiddle2-Matrix-animation-output-transform"/>
        <input semantic="INTERPOLATION" source="#mixamorig_RightHandMiddle2-Interpolations"/>
      </sampler>
      <channel source="#mixamorig_RightHandMiddle2-Matrix-animation-transform" target="mixamorig_RightHandMiddle2/matrix"/>
    </animation>
    <animation id="mixamorig_RightHandMiddle3-anim" name="mixamorig_RightHandMiddle3">
      <source id="mixamorig_RightHandMiddle3-Matrix-animation-input">
        <float_array id="mixamorig_RightHandMiddle3-Matrix-animation-input-array" count="22">

0.000000 0.033333 0.066667 0.100000 0.133333 0.166667 0.200000 0.233333 0.266667 0.300000 0.333333 0.366667 0.400000 0.433333 0.466667 0.500000
0.533333 0.566667 0.600000 0.633333 0.666667 0.700000</float_array>
        <technique_common>
          <accessor source="#mixamorig_RightHandMiddle3-Matrix-animation-input-array" count="22">
            <param name="TIME" type="float"/>
          </accessor>
        </technique_common>
      </source>
      <source id="mixamorig_RightHandMiddle3-Matrix-animation-output-transform">
        <float_array id="mixamorig_RightHandMiddle3-Matrix-animation-output-transform-array" count="352">

1.000000 -0.000000 0.000000 0.000000 -0.000000 1.000000 -0.000000 2.832500 -0.000000 0.000000 1.000000 -0.000000 0.000000 0.000000 0.000000 1.000000
1.000000 -0.000000 0.000000 0.000000 0.000000 1.000000 -0.000000 2.832500 -0.000000 0.000000 1.000000 0.000000 0.000000 0.000000 0.000000 1.000000
1.000000 0.000000 -0.000000 0.000000 0.000000 1.000000 -0.000000 2.832500 -0.000000 0.000000 1.000000 0.000000 0.000000 0.000000 0.000000 1.000000
1.000000 -0.000000 0.000000 -0.000000 0.000000 1.000000 -0.000000 2.832500 0.000000 0.000000 1.000000 0.000000 0.000000 0.000000 0.000000 1.000000
1.000000 -0.000000 -0.000000 0.000000 -0.000000 1.000000 -0.000000 2.832500 0.000000 0.000000 1.000000 0.000000 0.000000 0.000000 0.000000 1.000000
1.000000 0.000000 0.000000 0.000000 0.000000 1.000000 -0.000000 2.832500 -0.000000 0.000000 1.000000 0.000000 0.000000 0.000000 0.000000 1.000000
1.000000 -0.000000 0.000000 0.000000 0.000000 1.000000 -0.000000 2.832500 -0.000000 0.000000 1.000000 0.000000 0.000000 0.000000 0.000000 1.000000
1.000000 -0.000000 0.000000 -0.000000 0.000000 1.000000 -0.000000 2.832500 0.000000 0.000000 1.000000 0.000000 0.000000 0.000000 0.000000 1.000000
1.000000 0.000000 0.000000 0.000000 -0.000000 1.000000 0.000000 2.832500 -0.000000 -0.000000 1.000000 0.000000 0.000000 0.000000 0.000000 1.000000
1.000000 -0.000000 0.000000 0.000000 -0.000000 1.000000 -0.000000 2.832500 0.000000 0.000000 1.000000 0.000000 0.000000 0.000000 0.000000 1.000000
1.000000 0.000000 0.000000 0.000000 0.000000 1.000000 -0.000000 2.832500 0.000000 0.000000 1.000000 -0.000000 0.000000 0.000000 0.000000 1.000000
1.000000 0.000000 -0.000000 0.000000 -0.000000 1.000000 0.000000 2.832500 0.000000 -0.000000 1.000000 0.000000 0.000000 0.000000 0.000000 1.000000
1.000000 0.000000 0.000000 0.000000 -0.000000 1.000000 -0.000000 2.832500 -0.000000 0.000000 1.000000 -0.000000 0.000000 0.000000 0.000000 1.000000
1.000000 0.000000 0.000000 0.000000 -0.000000 1.000000 -0.000000 2.832500 0.000000 0.000000 1.000000 0.000000 0.000000 0.000000 0.000000 1.000000
1.000000 0.000000 0.000000 0.000000 -0.000000 1.000000 -0.000000 2.832500 0.000000 0.000000 1.000000 0.000000 0.000000 0.000000 0.000000 1.000000
1.000000 0.000000 0.000000 0.000000 -0.000000 1.000000 0.000000 2.832500 -0.000000 -0.000000 1.000000 -0.000000 0.000000 0.000000 0.000000 1.000000
1.000000 0.000000 0.000000 -0.000000 -0.000000 1.000000 0.000000 2.832500 -0.000000 -0.000000 1.000000 0.000000 0.000000 0.000000 0.000000 1.000000
1.000000 0.000000 0.000000 -0.000000 0.000000 1.000000 -0.000000 2.832500 0.000000 0.000000 1.000000 0.000000 0.000000 0.000000 0.000000 1.000000
1.000000 0.000000 0.000000 -0.000000 -0.000000 1.000000 -0.000000 2.832500 0.000000 0.000000 1.000000 0.000000 0.000000 0.000000 0.000000 1.000000
1.000000 0.000000 -0.000000 0.000000 0.000000 1.000000 -0.000000 2.832500 0.000000 0.000000 1.000000 0.000000 0.000000 0.000000 0.000000 1.000000
1.000000 0.000000 -0.000000 0.000000 0.000000 1.000000 -0.000000 2.832500 0.000000 0.000000 1.000000 0.000000 0.000000 0.000000 0.000000 1.000000
1.000000 -0.000000 -0.000000 0.000000 0.000000 1.000000 -0.000000 2.832500 0.000000 0.000000 1.000000 -0.000000 0.000000 0.000000 0.000000 1.000000</float_array>
        <technique_common>
          <accessor source="#mixamorig_RightHandMiddle3-Matrix-animation-output-transform-array" count="22" stride="16">
            <param type="float4x4"/>
          </accessor>
        </technique_common>
      </source>
      <source id="mixamorig_RightHandMiddle3-Interpolations">
        <Name_array id="mixamorig_RightHandMiddle3-Interpolations-array" count="22">
 LINEAR LINEAR LINEAR LINEAR LINEAR LINEAR LINEAR LINEAR LINEAR LINEAR LINEAR
LINEAR LINEAR LINEAR LINEAR LINEAR LINEAR LINEAR LINEAR LINEAR LINEAR LINEAR</Name_array>
        <technique_common>
          <accessor source="#mixamorig_RightHandMiddle3-Interpolations-array" count="22">
            <param type="name"/>
          </accessor>
        </technique_common>
      </source>
      <sampler id="mixamorig_RightHandMiddle3-Matrix-animation-transform">
        <input semantic="INPUT" source="#mixamorig_RightHandMiddle3-Matrix-animation-input"/>
        <input semantic="OUTPUT" source="#mixamorig_RightHandMiddle3-Matrix-animation-output-transform"/>
        <input semantic="INTERPOLATION" source="#mixamorig_RightHandMiddle3-Interpolations"/>
      </sampler>
      <channel source="#mixamorig_RightHandMiddle3-Matrix-animation-transform" target="mixamorig_RightHandMiddle3/matrix"/>
    </animation>
    <animation id="mixamorig_RightHandRing1-anim" name="mixamorig_RightHandRing1">
      <source id="mixamorig_RightHandRing1-Matrix-animation-input">
        <float_array id="mixamorig_RightHandRing1-Matrix-animation-input-array" count="22">

0.000000 0.033333 0.066667 0.100000 0.133333 0.166667 0.200000 0.233333 0.266667 0.300000 0.333333 0.366667 0.400000 0.433333 0.466667 0.500000
0.533333 0.566667 0.600000 0.633333 0.666667 0.700000</float_array>
        <technique_common>
          <accessor source="#mixamorig_RightHandRing1-Matrix-animation-input-array" count="22">
            <param name="TIME" type="float"/>
          </accessor>
        </technique_common>
      </source>
      <source id="mixamorig_RightHandRing1-Matrix-animation-output-transform">
        <float_array id="mixamorig_RightHandRing1-Matrix-animation-output-transform-array" count="352">

0.996613 0.057110 0.059172 -3.512100 0.054618 0.078248 -0.995437 15.621700 -0.061480 0.995297 0.074863 0.773000 0.000000 0.000000 0.000000 1.000000
0.996539 0.059259 0.058300 -3.512100 0.054453 0.064577 -0.996426 15.621700 -0.062812 0.996152 0.061127 0.773000 0.000000 0.000000 0.000000 1.000000
0.996339 0.064406 0.056210 -3.512100 0.054299 0.031047 -0.998042 15.621700 -0.066025 0.997441 0.027436 0.773000 0.000000 0.000000 0.000000 1.000000
0.996066 0.070752 0.053348 -3.512100 0.054261 -0.011035 -0.998466 15.621700 -0.070054 0.997433 -0.014830 0.773000 0.000000 0.000000 0.000000 1.000000
0.995789 0.076555 0.050439 -3.512100 0.054377 -0.050259 -0.997255 15.621700 -0.073810 0.995798 -0.054211 0.773000 0.000000 0.000000 0.000000 1.000000
0.995600 0.080200 0.048455 -3.512100 0.054522 -0.075269 -0.995672 15.621700 -0.076206 0.993933 -0.079310 0.773000 0.000000 0.000000 0.000000 1.000000
0.995588 0.080428 0.048333 -3.512100 0.054539 -0.076854 -0.995550 15.621700 -0.076355 0.993793 -0.080902 0.773000 0.000000 0.000000 0.000000 1.000000
0.995705 0.078202 0.049553 -3.512100 0.054431 -0.061520 -0.996621 15.621700 -0.074889 0.995038 -0.065512 0.773000 0.000000 0.000000 0.000000 1.000000
0.995907 0.074155 0.051671 -3.512100 0.054304 -0.033937 -0.997948 15.621700 -0.072249 0.996669 -0.037825 0.773000 0.000000 0.000000 0.000000 1.000000
0.996158 0.068700 0.054309 -3.512100 0.054255 0.002651 -0.998524 15.621700 -0.068743 0.997634 -0.001086 0.773000 0.000000 0.000000 0.000000 1.000000
0.996424 0.062279 0.057099 -3.512100 0.054352 0.044945 -0.997510 15.621700 -0.064691 0.997046 0.041399 0.773000 0.000000 0.000000 0.000000 1.000000
0.996677 0.055363 0.059750 -3.512100 0.054641 0.089594 -0.994478 15.621700 -0.060411 0.994438 0.086271 0.773000 0.000000 0.000000 0.000000 1.000000
0.996896 0.048463 0.062046 -3.512100 0.055111 0.133252 -0.989549 15.621700 -0.056224 0.989897 0.130167 0.773000 0.000000 0.000000 0.000000 1.000000
0.997069 0.042120 0.063864 -3.512100 0.055696 0.172629 -0.983411 15.621700 -0.052446 0.984086 0.169777 0.773000 0.000000 0.000000 0.000000 1.000000
0.997193 0.036896 0.065157 -3.512100 0.056285 0.204544 -0.977238 15.621700 -0.049383 0.978162 0.201893 0.773000 0.000000 0.000000 0.000000 1.000000
0.997267 0.033352 0.065931 -3.512100 0.056738 0.225922 -0.972492 15.621700 -0.047330 0.973574 0.223412 0.773000 0.000000 0.000000 0.000000 1.000000
0.997291 0.032043 0.066207 -3.512100 0.056928 0.233726 -0.970634 15.621700 -0.046577 0.971774 0.231269 0.773000 0.000000 0.000000 0.000000 1.000000
0.997239 0.034708 0.065644 -3.512100 0.056559 0.217769 -0.974360 15.621700 -0.048114 0.975383 0.215204 0.773000 0.000000 0.000000 0.000000 1.000000
0.997097 0.041008 0.064154 -3.512100 0.055813 0.179473 -0.982178 15.621700 -0.051791 0.982908 0.176664 0.773000 0.000000 0.000000 0.000000 1.000000
0.996897 0.048439 0.062053 -3.512100 0.055111 0.133410 -0.989527 15.621700 -0.056211 0.989876 0.130327 0.773000 0.000000 0.000000 0.000000 1.000000
0.996703 0.054585 0.060025 -3.512100 0.054683 0.094582 -0.994014 15.621700 -0.059935 0.994019 0.091286 0.773000 0.000000 0.000000 0.000000 1.000000
0.996616 0.057146 0.059080 -3.512100 0.054524 0.078254 -0.995441 15.621700 -0.061508 0.995294 0.074873 0.773000 0.000000 0.000000 0.000000 1.000000</float_array>
        <technique_common>
          <accessor source="#mixamorig_RightHandRing1-Matrix-animation-output-transform-array" count="22" stride="16">
            <param type="float4x4"/>
          </accessor>
        </technique_common>
      </source>
      <source id="mixamorig_RightHandRing1-Interpolations">
        <Name_array id="mixamorig_RightHandRing1-Interpolations-array" count="22">
 LINEAR LINEAR LINEAR LINEAR LINEAR LINEAR LINEAR LINEAR LINEAR LINEAR LINEAR
LINEAR LINEAR LINEAR LINEAR LINEAR LINEAR LINEAR LINEAR LINEAR LINEAR LINEAR</Name_array>
        <technique_common>
          <accessor source="#mixamorig_RightHandRing1-Interpolations-array" count="22">
            <param type="name"/>
          </accessor>
        </technique_common>
      </source>
      <sampler id="mixamorig_RightHandRing1-Matrix-animation-transform">
        <input semantic="INPUT" source="#mixamorig_RightHandRing1-Matrix-animation-input"/>
        <input semantic="OUTPUT" source="#mixamorig_RightHandRing1-Matrix-animation-output-transform"/>
        <input semantic="INTERPOLATION" source="#mixamorig_RightHandRing1-Interpolations"/>
      </sampler>
      <channel source="#mixamorig_RightHandRing1-Matrix-animation-transform" target="mixamorig_RightHandRing1/matrix"/>
    </animation>
    <animation id="mixamorig_RightHandRing2-anim" name="mixamorig_RightHandRing2">
      <source id="mixamorig_RightHandRing2-Matrix-animation-input">
        <float_array id="mixamorig_RightHandRing2-Matrix-animation-input-array" count="22">

0.000000 0.033333 0.066667 0.100000 0.133333 0.166667 0.200000 0.233333 0.266667 0.300000 0.333333 0.366667 0.400000 0.433333 0.466667 0.500000
0.533333 0.566667 0.600000 0.633333 0.666667 0.700000</float_array>
        <technique_common>
          <accessor source="#mixamorig_RightHandRing2-Matrix-animation-input-array" count="22">
            <param name="TIME" type="float"/>
          </accessor>
        </technique_common>
      </source>
      <source id="mixamorig_RightHandRing2-Matrix-animation-output-transform">
        <float_array id="mixamorig_RightHandRing2-Matrix-animation-output-transform-array" count="352">

0.991546 0.086646 -0.096588 0.000000 -0.098994 0.023906 -0.994801 2.936000 -0.083886 0.995952 0.032281 0.000000 0.000000 0.000000 0.000000 1.000000
0.991434 0.086500 -0.097859 0.000000 -0.099090 0.010038 -0.995028 2.936000 -0.085087 0.996201 0.018524 0.000000 0.000000 0.000000 0.000000 1.000000
0.991183 0.086028 -0.100778 0.000000 -0.099070 -0.023906 -0.994793 2.936000 -0.087989 0.996006 -0.015172 0.000000 0.000000 0.000000 0.000000 1.000000
0.990870 0.085300 -0.104404 0.000000 -0.098899 -0.066405 -0.992879 2.936000 -0.091626 0.994140 -0.057362 0.000000 0.000000 0.000000 0.000000 1.000000
0.990578 0.084483 -0.107788 -0.000000 -0.098632 -0.105938 -0.989469 2.936000 -0.095013 0.990777 -0.096607 -0.000000 0.000000 0.000000 0.000000 1.000000
0.990391 0.083894 -0.109947 0.000000 -0.098407 -0.131098 -0.986473 2.936000 -0.097173 0.987813 -0.121583 -0.000000 0.000000 0.000000 0.000000 1.000000
0.990379 0.083855 -0.110083 0.000000 -0.098391 -0.132692 -0.986262 2.936000 -0.097310 0.987604 -0.123165 0.000000 0.000000 0.000000 0.000000 1.000000
0.990492 0.084226 -0.108770 -0.000000 -0.098546 -0.117271 -0.988199 2.936000 -0.095988 0.989522 -0.107855 0.000000 0.000000 0.000000 0.000000 1.000000
0.990698 0.084841 -0.106389 0.000000 -0.098766 -0.089496 -0.991078 2.936000 -0.093605 0.992367 -0.080285 -0.000000 0.000000 0.000000 0.000000 1.000000
0.990972 0.085552 -0.103223 0.000000 -0.098967 -0.052588 -0.993700 2.936000 -0.090442 0.994945 -0.043647 0.000000 0.000000 0.000000 0.000000 1.000000
0.991288 0.086235 -0.099561 0.000000 -0.099082 -0.009831 -0.995031 2.936000 -0.086785 0.996226 -0.001201 0.000000 0.000000 0.000000 0.000000 1.000000
0.991624 0.086784 -0.095659 0.000000 -0.099032 0.035419 -0.994454 2.936000 -0.082915 0.995597 0.043717 0.000000 0.000000 0.000000 0.000000 1.000000
0.991956 0.087150 -0.091808 0.000000 -0.098812 0.079773 -0.991903 2.936000 -0.079121 0.992996 0.087743 0.000000 0.000000 0.000000 0.000000 1.000000
0.992258 0.087334 -0.088303 0.000000 -0.098466 0.119874 -0.987894 2.936000 -0.075692 0.988940 0.127545 0.000000 0.000000 0.000000 0.000000 1.000000
0.992504 0.087379 -0.085441 0.000000 -0.098081 0.152442 -0.983434 2.936000 -0.072907 0.984442 0.159870 -0.000000 0.000000 0.000000 0.000000 1.000000
0.992670 0.087356 -0.083512 0.000000 -0.097770 0.174295 -0.979828 2.936000 -0.071038 0.980811 0.181559 -0.000000 0.000000 0.000000 0.000000 1.000000
0.992733 0.087330 -0.082791 0.000000 -0.097629 0.182279 -0.978388 2.936000 -0.070352 0.979361 0.189480 -0.000000 0.000000 0.000000 0.000000 1.000000
0.992607 0.087371 -0.084249 -0.000000 -0.097894 0.165955 -0.981262 2.936000 -0.071752 0.982255 0.173281 0.000000 0.000000 0.000000 0.000000 1.000000
0.992310 0.087354 -0.087693 -0.000000 -0.098393 0.126851 -0.987030 2.936000 -0.075097 0.988068 0.134470 -0.000000 0.000000 0.000000 0.000000 1.000000
0.991956 0.087154 -0.091797 -0.000000 -0.098814 0.079929 -0.991891 2.936000 -0.079110 0.992983 0.087899 0.000000 0.000000 0.000000 0.000000 1.000000
0.991661 0.086838 -0.095225 0.000000 -0.099019 0.040475 -0.994262 2.936000 -0.082485 0.995400 0.048736 0.000000 0.000000 0.000000 0.000000 1.000000
0.991534 0.086672 -0.096683 0.000000 -0.099091 0.023906 -0.994791 2.936000 -0.083910 0.995950 0.032292 -0.000000 0.000000 0.000000 0.000000 1.000000</float_array>
        <technique_common>
          <accessor source="#mixamorig_RightHandRing2-Matrix-animation-output-transform-array" count="22" stride="16">
            <param type="float4x4"/>
          </accessor>
        </technique_common>
      </source>
      <source id="mixamorig_RightHandRing2-Interpolations">
        <Name_array id="mixamorig_RightHandRing2-Interpolations-array" count="22">
 LINEAR LINEAR LINEAR LINEAR LINEAR LINEAR LINEAR LINEAR LINEAR LINEAR LINEAR
LINEAR LINEAR LINEAR LINEAR LINEAR LINEAR LINEAR LINEAR LINEAR LINEAR LINEAR</Name_array>
        <technique_common>
          <accessor source="#mixamorig_RightHandRing2-Interpolations-array" count="22">
            <param type="name"/>
          </accessor>
        </technique_common>
      </source>
      <sampler id="mixamorig_RightHandRing2-Matrix-animation-transform">
        <input semantic="INPUT" source="#mixamorig_RightHandRing2-Matrix-animation-input"/>
        <input semantic="OUTPUT" source="#mixamorig_RightHandRing2-Matrix-animation-output-transform"/>
        <input semantic="INTERPOLATION" source="#mixamorig_RightHandRing2-Interpolations"/>
      </sampler>
      <channel source="#mixamorig_RightHandRing2-Matrix-animation-transform" target="mixamorig_RightHandRing2/matrix"/>
    </animation>
    <animation id="mixamorig_RightHandRing3-anim" name="mixamorig_RightHandRing3">
      <source id="mixamorig_RightHandRing3-Matrix-animation-input">
        <float_array id="mixamorig_RightHandRing3-Matrix-animation-input-array" count="22">

0.000000 0.033333 0.066667 0.100000 0.133333 0.166667 0.200000 0.233333 0.266667 0.300000 0.333333 0.366667 0.400000 0.433333 0.466667 0.500000
0.533333 0.566667 0.600000 0.633333 0.666667 0.700000</float_array>
        <technique_common>
          <accessor source="#mixamorig_RightHandRing3-Matrix-animation-input-array" count="22">
            <param name="TIME" type="float"/>
          </accessor>
        </technique_common>
      </source>
      <source id="mixamorig_RightHandRing3-Matrix-animation-output-transform">
        <float_array id="mixamorig_RightHandRing3-Matrix-animation-output-transform-array" count="352">

1.000000 -0.000000 0.000000 0.000000 0.000000 1.000000 0.000000 3.435600 0.000000 -0.000000 1.000000 0.000000 0.000000 0.000000 0.000000 1.000000
1.000000 -0.000000 0.000000 -0.000000 0.000000 1.000000 0.000000 3.435600 0.000000 -0.000000 1.000000 -0.000000 0.000000 0.000000 0.000000 1.000000
1.000000 0.000000 0.000000 0.000000 -0.000000 1.000000 0.000000 3.435600 -0.000000 -0.000000 1.000000 -0.000000 0.000000 0.000000 0.000000 1.000000
1.000000 -0.000000 -0.000000 -0.000000 0.000000 1.000000 0.000000 3.435600 0.000000 -0.000000 1.000000 0.000000 0.000000 0.000000 0.000000 1.000000
1.000000 -0.000000 -0.000000 0.000000 0.000000 1.000000 -0.000000 3.435600 -0.000000 0.000000 1.000000 0.000000 0.000000 0.000000 0.000000 1.000000
1.000000 0.000000 -0.000000 -0.000000 -0.000000 1.000000 0.000000 3.435600 0.000000 -0.000000 1.000000 0.000000 0.000000 0.000000 0.000000 1.000000
1.000000 -0.000000 0.000000 0.000000 0.000000 1.000000 -0.000000 3.435600 0.000000 0.000000 1.000000 0.000000 0.000000 0.000000 0.000000 1.000000
1.000000 0.000000 -0.000000 0.000000 -0.000000 1.000000 0.000000 3.435600 0.000000 -0.000000 1.000000 -0.000000 0.000000 0.000000 0.000000 1.000000
1.000000 0.000000 0.000000 -0.000000 -0.000000 1.000000 -0.000000 3.435600 -0.000000 0.000000 1.000000 0.000000 0.000000 0.000000 0.000000 1.000000
1.000000 -0.000000 -0.000000 0.000000 0.000000 1.000000 0.000000 3.435600 0.000000 -0.000000 1.000000 0.000000 0.000000 0.000000 0.000000 1.000000
1.000000 -0.000000 -0.000000 0.000000 0.000000 1.000000 -0.000000 3.435600 0.000000 0.000000 1.000000 -0.000000 0.000000 0.000000 0.000000 1.000000
1.000000 0.000000 0.000000 -0.000000 -0.000000 1.000000 -0.000000 3.435600 -0.000000 0.000000 1.000000 0.000000 0.000000 0.000000 0.000000 1.000000
1.000000 -0.000000 0.000000 0.000000 0.000000 1.000000 -0.000000 3.435600 -0.000000 -0.000000 1.000000 0.000000 0.000000 0.000000 0.000000 1.000000
1.000000 -0.000000 0.000000 0.000000 0.000000 1.000000 0.000000 3.435600 0.000000 0.000000 1.000000 0.000000 0.000000 0.000000 0.000000 1.000000
1.000000 0.000000 -0.000000 0.000000 -0.000000 1.000000 0.000000 3.435600 0.000000 -0.000000 1.000000 0.000000 0.000000 0.000000 0.000000 1.000000
1.000000 -0.000000 0.000000 0.000000 0.000000 1.000000 0.000000 3.435600 0.000000 -0.000000 1.000000 -0.000000 0.000000 0.000000 0.000000 1.000000
1.000000 0.000000 -0.000000 -0.000000 -0.000000 1.000000 0.000000 3.435600 0.000000 -0.000000 1.000000 -0.000000 0.000000 0.000000 0.000000 1.000000
1.000000 -0.000000 0.000000 0.000000 0.000000 1.000000 -0.000000 3.435600 0.000000 0.000000 1.000000 0.000000 0.000000 0.000000 0.000000 1.000000
1.000000 -0.000000 -0.000000 0.000000 0.000000 1.000000 -0.000000 3.435600 0.000000 0.000000 1.000000 -0.000000 0.000000 0.000000 0.000000 1.000000
1.000000 -0.000000 0.000000 -0.000000 0.000000 1.000000 0.000000 3.435600 -0.000000 -0.000000 1.000000 0.000000 0.000000 0.000000 0.000000 1.000000
1.000000 -0.000000 -0.000000 0.000000 0.000000 1.000000 -0.000000 3.435600 0.000000 -0.000000 1.000000 0.000000 0.000000 0.000000 0.000000 1.000000
1.000000 0.000000 0.000000 -0.000000 -0.000000 1.000000 -0.000000 3.435600 -0.000000 0.000000 1.000000 0.000000 0.000000 0.000000 0.000000 1.000000</float_array>
        <technique_common>
          <accessor source="#mixamorig_RightHandRing3-Matrix-animation-output-transform-array" count="22" stride="16">
            <param type="float4x4"/>
          </accessor>
        </technique_common>
      </source>
      <source id="mixamorig_RightHandRing3-Interpolations">
        <Name_array id="mixamorig_RightHandRing3-Interpolations-array" count="22">
 LINEAR LINEAR LINEAR LINEAR LINEAR LINEAR LINEAR LINEAR LINEAR LINEAR LINEAR
LINEAR LINEAR LINEAR LINEAR LINEAR LINEAR LINEAR LINEAR LINEAR LINEAR LINEAR</Name_array>
        <technique_common>
          <accessor source="#mixamorig_RightHandRing3-Interpolations-array" count="22">
            <param type="name"/>
          </accessor>
        </technique_common>
      </source>
      <sampler id="mixamorig_RightHandRing3-Matrix-animation-transform">
        <input semantic="INPUT" source="#mixamorig_RightHandRing3-Matrix-animation-input"/>
        <input semantic="OUTPUT" source="#mixamorig_RightHandRing3-Matrix-animation-output-transform"/>
        <input semantic="INTERPOLATION" source="#mixamorig_RightHandRing3-Interpolations"/>
      </sampler>
      <channel source="#mixamorig_RightHandRing3-Matrix-animation-transform" target="mixamorig_RightHandRing3/matrix"/>
    </animation>
    <animation id="mixamorig_RightHandPinky1-anim" name="mixamorig_RightHandPinky1">
      <source id="mixamorig_RightHandPinky1-Matrix-animation-input">
        <float_array id="mixamorig_RightHandPinky1-Matrix-animation-input-array" count="22">

0.000000 0.033333 0.066667 0.100000 0.133333 0.166667 0.200000 0.233333 0.266667 0.300000 0.333333 0.366667 0.400000 0.433333 0.466667 0.500000
0.533333 0.566667 0.600000 0.633333 0.666667 0.700000</float_array>
        <technique_common>
          <accessor source="#mixamorig_RightHandPinky1-Matrix-animation-input-array" count="22">
            <param name="TIME" type="float"/>
          </accessor>
        </technique_common>
      </source>
      <source id="mixamorig_RightHandPinky1-Matrix-animation-output-transform">
        <float_array id="mixamorig_RightHandPinky1-Matrix-animation-output-transform-array" count="352">

0.988107 0.090202 0.124531 -6.433200 0.136403 -0.140327 -0.980664 14.089700 -0.070983 0.985988 -0.150962 1.001200 0.000000 0.000000 0.000000 1.000000
0.987973 0.093397 0.123232 -6.433200 0.136591 -0.153624 -0.978643 14.089700 -0.072471 0.983706 -0.164533 1.001200 0.000000 0.000000 0.000000 1.000000
0.987619 0.101140 0.119917 -6.433200 0.137185 -0.186055 -0.972915 14.089700 -0.076090 0.977320 -0.197626 1.001200 0.000000 0.000000 0.000000 1.000000
0.987122 0.110681 0.115495 -6.433200 0.138196 -0.226403 -0.964180 14.089700 -0.080568 0.967725 -0.238783 1.001200 0.000000 0.000000 0.000000 1.000000
0.986627 0.119399 0.110956 -6.433200 0.139252 -0.263661 -0.954511 14.089700 -0.084713 0.957197 -0.276761 1.001200 0.000000 0.000000 0.000000 1.000000
0.986287 0.124872 0.107914 -6.433200 0.140044 -0.287237 -0.947567 14.089700 -0.087328 0.949685 -0.300785 1.001200 0.000000 0.000000 0.000000 1.000000
0.986264 0.125217 0.107724 -6.433200 0.140104 -0.288726 -0.947105 14.089700 -0.087491 0.949188 -0.302304 1.001200 0.000000 0.000000 0.000000 1.000000
0.986478 0.121870 0.109589 -6.433200 0.139585 -0.274293 -0.951462 14.089700 -0.085895 0.953893 -0.287595 1.001200 0.000000 0.000000 0.000000 1.000000
0.986837 0.115792 0.112891 -6.433200 0.138797 -0.248197 -0.958715 14.089700 -0.082992 0.961764 -0.261002 1.001200 0.000000 0.000000 0.000000 1.000000
0.987288 0.107597 0.116982 -6.433200 0.137851 -0.213324 -0.967207 14.089700 -0.079114 0.971039 -0.225444 1.001200 0.000000 0.000000 0.000000 1.000000
0.987766 0.097943 0.121352 -6.433200 0.136954 -0.172643 -0.975417 14.089700 -0.074585 0.980103 -0.183945 1.001200 0.000000 0.000000 0.000000 1.000000
0.988219 0.087534 0.125542 -6.433200 0.136228 -0.129266 -0.982208 14.089700 -0.069748 0.987739 -0.139668 1.001200 0.000000 0.000000 0.000000 1.000000
0.988616 0.077140 0.129179 -6.433200 0.135708 -0.086422 -0.986972 14.089700 -0.064971 0.993268 -0.095907 1.001200 0.000000 0.000000 0.000000 1.000000
0.988933 0.067579 0.132079 -6.433200 0.135415 -0.047408 -0.989654 14.089700 -0.060619 0.996587 -0.056034 1.001200 0.000000 0.000000 0.000000 1.000000
0.989160 0.059699 0.134159 -6.433200 0.135302 -0.015524 -0.990683 14.089700 -0.057061 0.998096 -0.023433 1.001200 0.000000 0.000000 0.000000 1.000000
0.989297 0.054353 0.135414 -6.433200 0.135291 0.005963 -0.990788 14.089700 -0.054660 0.998504 -0.001454 1.001200 0.000000 0.000000 0.000000 1.000000
0.989344 0.052388 0.135845 -6.433200 0.135299 0.013841 -0.990708 14.089700 -0.053781 0.998531 0.006606 1.001200 0.000000 0.000000 0.000000 1.000000
0.989246 0.056398 0.134949 -6.433200 0.135289 -0.002239 -0.990804 14.089700 -0.055577 0.998406 -0.009845 1.001200 0.000000 0.000000 0.000000 1.000000
0.988984 0.065902 0.132545 -6.433200 0.135380 -0.040590 -0.989962 14.089700 -0.059860 0.997000 -0.049065 1.001200 0.000000 0.000000 0.000000 1.000000
0.988618 0.077104 0.129190 -6.433200 0.135705 -0.086265 -0.986987 14.089700 -0.064956 0.993284 -0.095747 1.001200 0.000000 0.000000 0.000000 1.000000
0.988267 0.086360 0.125977 -6.433200 0.136157 -0.124392 -0.982847 14.089700 -0.069208 0.988468 -0.134691 1.001200 0.000000 0.000000 0.000000 1.000000
0.988115 0.090205 0.124467 -6.433200 0.136340 -0.140326 -0.980673 14.089700 -0.070996 0.985988 -0.150956 1.001200 0.000000 0.000000 0.000000 1.000000</float_array>
        <technique_common>
          <accessor source="#mixamorig_RightHandPinky1-Matrix-animation-output-transform-array" count="22" stride="16">
            <param type="float4x4"/>
          </accessor>
        </technique_common>
      </source>
      <source id="mixamorig_RightHandPinky1-Interpolations">
        <Name_array id="mixamorig_RightHandPinky1-Interpolations-array" count="22">
 LINEAR LINEAR LINEAR LINEAR LINEAR LINEAR LINEAR LINEAR LINEAR LINEAR LINEAR
LINEAR LINEAR LINEAR LINEAR LINEAR LINEAR LINEAR LINEAR LINEAR LINEAR LINEAR</Name_array>
        <technique_common>
          <accessor source="#mixamorig_RightHandPinky1-Interpolations-array" count="22">
            <param type="name"/>
          </accessor>
        </technique_common>
      </source>
      <sampler id="mixamorig_RightHandPinky1-Matrix-animation-transform">
        <input semantic="INPUT" source="#mixamorig_RightHandPinky1-Matrix-animation-input"/>
        <input semantic="OUTPUT" source="#mixamorig_RightHandPinky1-Matrix-animation-output-transform"/>
        <input semantic="INTERPOLATION" source="#mixamorig_RightHandPinky1-Interpolations"/>
      </sampler>
      <channel source="#mixamorig_RightHandPinky1-Matrix-animation-transform" target="mixamorig_RightHandPinky1/matrix"/>
    </animation>
    <animation id="mixamorig_RightHandPinky2-anim" name="mixamorig_RightHandPinky2">
      <source id="mixamorig_RightHandPinky2-Matrix-animation-input">
        <float_array id="mixamorig_RightHandPinky2-Matrix-animation-input-array" count="22">

0.000000 0.033333 0.066667 0.100000 0.133333 0.166667 0.200000 0.233333 0.266667 0.300000 0.333333 0.366667 0.400000 0.433333 0.466667 0.500000
0.533333 0.566667 0.600000 0.633333 0.666667 0.700000</float_array>
        <technique_common>
          <accessor source="#mixamorig_RightHandPinky2-Matrix-animation-input-array" count="22">
            <param name="TIME" type="float"/>
          </accessor>
        </technique_common>
      </source>
      <source id="mixamorig_RightHandPinky2-Matrix-animation-output-transform">
        <float_array id="mixamorig_RightHandPinky2-Matrix-animation-output-transform-array" count="352">

0.982342 0.070703 -0.173223 -0.000000 -0.162061 -0.141111 -0.976639 2.474700 -0.093495 0.987466 -0.127161 -0.000000 0.000000 0.000000 0.000000 1.000000
0.982267 0.069341 -0.174193 0.000000 -0.161906 -0.154776 -0.974593 2.474700 -0.094540 0.985513 -0.140804 0.000000 0.000000 0.000000 0.000000 1.000000
0.982091 0.065955 -0.176484 -0.000000 -0.161462 -0.188091 -0.968789 2.474700 -0.097091 0.979935 -0.174073 0.000000 0.000000 0.000000 0.000000 1.000000
0.981884 0.061606 -0.179188 -0.000000 -0.160779 -0.229535 -0.959929 2.474700 -0.100268 0.971349 -0.215471 0.000000 0.000000 0.000000 0.000000 1.000000
0.981704 0.057448 -0.181543 0.000000 -0.160024 -0.267817 -0.950087 2.474700 -0.103201 0.961755 -0.253724 0.000000 0.000000 0.000000 0.000000 1.000000
0.981595 0.054745 -0.182961 -0.000000 -0.159482 -0.292046 -0.943014 2.474700 -0.105058 0.954836 -0.277940 0.000000 0.000000 0.000000 0.000000 1.000000
0.981588 0.054573 -0.183048 0.000000 -0.159445 -0.293577 -0.942544 2.474700 -0.105176 0.954376 -0.279470 0.000000 0.000000 0.000000 0.000000 1.000000
0.981654 0.056236 -0.182189 0.000000 -0.159785 -0.278743 -0.946980 2.474700 -0.104039 0.958718 -0.264643 0.000000 0.000000 0.000000 0.000000 1.000000
0.981777 0.059190 -0.180582 0.000000 -0.160352 -0.251928 -0.954369 2.474700 -0.101982 0.965934 -0.237846 -0.000000 0.000000 0.000000 0.000000 1.000000
0.981950 0.063033 -0.178326 0.000000 -0.161014 -0.216094 -0.963005 2.474700 -0.099236 0.974336 -0.202045 -0.000000 0.000000 0.000000 0.000000 1.000000
0.982164 0.067368 -0.175544 -0.000000 -0.161652 -0.174302 -0.971333 2.474700 -0.096034 0.982385 -0.160303 0.000000 0.000000 0.000000 0.000000 1.000000
0.982405 0.071820 -0.172402 0.000000 -0.162178 -0.129743 -0.978195 2.474700 -0.092622 0.988943 -0.115813 0.000000 0.000000 0.000000 0.000000 1.000000
0.982656 0.076047 -0.169125 0.000000 -0.162544 -0.085739 -0.982969 2.474700 -0.089253 0.993411 -0.071891 0.000000 0.000000 0.000000 0.000000 1.000000
0.982897 0.079752 -0.165994 -0.000000 -0.162746 -0.045673 -0.985610 2.474700 -0.086186 0.995768 -0.031913 0.000000 0.000000 0.000000 0.000000 1.000000
0.983101 0.082679 -0.163330 0.000000 -0.162819 -0.012934 -0.986571 2.474700 -0.083681 0.996492 0.000747 0.000000 0.000000 0.000000 0.000000 1.000000
0.983243 0.084601 -0.161481 -0.000000 -0.162820 0.009136 -0.986613 2.474700 -0.081993 0.996373 0.022758 -0.000000 0.000000 0.000000 0.000000 1.000000
0.983295 0.085294 -0.160795 -0.000000 -0.162813 0.017218 -0.986507 2.474700 -0.081375 0.996207 0.030817 -0.000000 0.000000 0.000000 0.000000 1.000000
0.983188 0.083872 -0.162194 -0.000000 -0.162826 0.000702 -0.986655 2.474700 -0.082639 0.996476 0.014346 -0.000000 0.000000 0.000000 0.000000 1.000000
0.982940 0.080387 -0.165432 0.000000 -0.162769 -0.038674 -0.985906 2.474700 -0.085652 0.996013 -0.024930 -0.000000 0.000000 0.000000 0.000000 1.000000
0.982657 0.076064 -0.169114 0.000000 -0.162546 -0.085582 -0.982982 2.474700 -0.089243 0.993423 -0.071734 -0.000000 0.000000 0.000000 0.000000 1.000000
0.982432 0.072311 -0.172040 -0.000000 -0.162229 -0.124743 -0.978837 2.474700 -0.092242 0.989551 -0.110821 0.000000 0.000000 0.000000 0.000000 1.000000
0.982342 0.070704 -0.173223 0.000000 -0.162061 -0.141111 -0.976639 2.474700 -0.093496 0.987466 -0.127161 0.000000 0.000000 0.000000 0.000000 1.000000</float_array>
        <technique_common>
          <accessor source="#mixamorig_RightHandPinky2-Matrix-animation-output-transform-array" count="22" stride="16">
            <param type="float4x4"/>
          </accessor>
        </technique_common>
      </source>
      <source id="mixamorig_RightHandPinky2-Interpolations">
        <Name_array id="mixamorig_RightHandPinky2-Interpolations-array" count="22">
 LINEAR LINEAR LINEAR LINEAR LINEAR LINEAR LINEAR LINEAR LINEAR LINEAR LINEAR
LINEAR LINEAR LINEAR LINEAR LINEAR LINEAR LINEAR LINEAR LINEAR LINEAR LINEAR</Name_array>
        <technique_common>
          <accessor source="#mixamorig_RightHandPinky2-Interpolations-array" count="22">
            <param type="name"/>
          </accessor>
        </technique_common>
      </source>
      <sampler id="mixamorig_RightHandPinky2-Matrix-animation-transform">
        <input semantic="INPUT" source="#mixamorig_RightHandPinky2-Matrix-animation-input"/>
        <input semantic="OUTPUT" source="#mixamorig_RightHandPinky2-Matrix-animation-output-transform"/>
        <input semantic="INTERPOLATION" source="#mixamorig_RightHandPinky2-Interpolations"/>
      </sampler>
      <channel source="#mixamorig_RightHandPinky2-Matrix-animation-transform" target="mixamorig_RightHandPinky2/matrix"/>
    </animation>
    <animation id="mixamorig_RightHandPinky3-anim" name="mixamorig_RightHandPinky3">
      <source id="mixamorig_RightHandPinky3-Matrix-animation-input">
        <float_array id="mixamorig_RightHandPinky3-Matrix-animation-input-array" count="22">

0.000000 0.033333 0.066667 0.100000 0.133333 0.166667 0.200000 0.233333 0.266667 0.300000 0.333333 0.366667 0.400000 0.433333 0.466667 0.500000
0.533333 0.566667 0.600000 0.633333 0.666667 0.700000</float_array>
        <technique_common>
          <accessor source="#mixamorig_RightHandPinky3-Matrix-animation-input-array" count="22">
            <param name="TIME" type="float"/>
          </accessor>
        </technique_common>
      </source>
      <source id="mixamorig_RightHandPinky3-Matrix-animation-output-transform">
        <float_array id="mixamorig_RightHandPinky3-Matrix-animation-output-transform-array" count="352">

1.000000 -0.000000 -0.000000 0.000000 0.000000 1.000000 0.000000 2.073800 0.000000 -0.000000 1.000000 0.000000 0.000000 0.000000 0.000000 1.000000
1.000000 -0.000000 -0.000000 0.000000 0.000000 1.000000 0.000000 2.073800 0.000000 -0.000000 1.000000 -0.000000 0.000000 0.000000 0.000000 1.000000
1.000000 0.000000 -0.000000 0.000000 -0.000000 1.000000 0.000000 2.073800 0.000000 -0.000000 1.000000 0.000000 0.000000 0.000000 0.000000 1.000000
1.000000 -0.000000 -0.000000 0.000000 0.000000 1.000000 0.000000 2.073800 0.000000 -0.000000 1.000000 0.000000 0.000000 0.000000 0.000000 1.000000
1.000000 -0.000000 -0.000000 0.000000 0.000000 1.000000 0.000000 2.073800 0.000000 -0.000000 1.000000 0.000000 0.000000 0.000000 0.000000 1.000000
1.000000 -0.000000 -0.000000 0.000000 0.000000 1.000000 0.000000 2.073800 0.000000 -0.000000 1.000000 0.000000 0.000000 0.000000 0.000000 1.000000
1.000000 -0.000000 -0.000000 0.000000 0.000000 1.000000 0.000000 2.073800 0.000000 -0.000000 1.000000 0.000000 0.000000 0.000000 0.000000 1.000000
1.000000 -0.000000 -0.000000 -0.000000 0.000000 1.000000 0.000000 2.073800 0.000000 -0.000000 1.000000 0.000000 0.000000 0.000000 0.000000 1.000000
1.000000 -0.000000 -0.000000 0.000000 0.000000 1.000000 -0.000000 2.073800 -0.000000 0.000000 1.000000 0.000000 0.000000 0.000000 0.000000 1.000000
1.000000 -0.000000 -0.000000 0.000000 0.000000 1.000000 0.000000 2.073800 0.000000 -0.000000 1.000000 -0.000000 0.000000 0.000000 0.000000 1.000000
1.000000 -0.000000 0.000000 0.000000 0.000000 1.000000 0.000000 2.073800 0.000000 -0.000000 1.000000 0.000000 0.000000 0.000000 0.000000 1.000000
1.000000 -0.000000 -0.000000 0.000000 0.000000 1.000000 0.000000 2.073800 0.000000 -0.000000 1.000000 0.000000 0.000000 0.000000 0.000000 1.000000
1.000000 -0.000000 -0.000000 -0.000000 0.000000 1.000000 0.000000 2.073800 0.000000 -0.000000 1.000000 -0.000000 0.000000 0.000000 0.000000 1.000000
1.000000 -0.000000 -0.000000 0.000000 0.000000 1.000000 0.000000 2.073800 0.000000 -0.000000 1.000000 0.000000 0.000000 0.000000 0.000000 1.000000
1.000000 -0.000000 0.000000 -0.000000 0.000000 1.000000 0.000000 2.073800 0.000000 -0.000000 1.000000 -0.000000 0.000000 0.000000 0.000000 1.000000
1.000000 -0.000000 0.000000 0.000000 0.000000 1.000000 0.000000 2.073800 0.000000 -0.000000 1.000000 0.000000 0.000000 0.000000 0.000000 1.000000
1.000000 -0.000000 0.000000 0.000000 0.000000 1.000000 0.000000 2.073800 -0.000000 -0.000000 1.000000 0.000000 0.000000 0.000000 0.000000 1.000000
1.000000 0.000000 -0.000000 -0.000000 -0.000000 1.000000 0.000000 2.073800 0.000000 -0.000000 1.000000 0.000000 0.000000 0.000000 0.000000 1.000000
1.000000 -0.000000 -0.000000 -0.000000 0.000000 1.000000 0.000000 2.073800 0.000000 -0.000000 1.000000 0.000000 0.000000 0.000000 0.000000 1.000000
1.000000 -0.000000 0.000000 -0.000000 0.000000 1.000000 0.000000 2.073800 0.000000 -0.000000 1.000000 0.000000 0.000000 0.000000 0.000000 1.000000
1.000000 -0.000000 -0.000000 0.000000 0.000000 1.000000 0.000000 2.073800 0.000000 -0.000000 1.000000 0.000000 0.000000 0.000000 0.000000 1.000000
1.000000 -0.000000 0.000000 0.000000 0.000000 1.000000 0.000000 2.073800 0.000000 -0.000000 1.000000 0.000000 0.000000 0.000000 0.000000 1.000000</float_array>
        <technique_common>
          <accessor source="#mixamorig_RightHandPinky3-Matrix-animation-output-transform-array" count="22" stride="16">
            <param type="float4x4"/>
          </accessor>
        </technique_common>
      </source>
      <source id="mixamorig_RightHandPinky3-Interpolations">
        <Name_array id="mixamorig_RightHandPinky3-Interpolations-array" count="22">
 LINEAR LINEAR LINEAR LINEAR LINEAR LINEAR LINEAR LINEAR LINEAR LINEAR LINEAR
LINEAR LINEAR LINEAR LINEAR LINEAR LINEAR LINEAR LINEAR LINEAR LINEAR LINEAR</Name_array>
        <technique_common>
          <accessor source="#mixamorig_RightHandPinky3-Interpolations-array" count="22">
            <param type="name"/>
          </accessor>
        </technique_common>
      </source>
      <sampler id="mixamorig_RightHandPinky3-Matrix-animation-transform">
        <input semantic="INPUT" source="#mixamorig_RightHandPinky3-Matrix-animation-input"/>
        <input semantic="OUTPUT" source="#mixamorig_RightHandPinky3-Matrix-animation-output-transform"/>
        <input semantic="INTERPOLATION" source="#mixamorig_RightHandPinky3-Interpolations"/>
      </sampler>
      <channel source="#mixamorig_RightHandPinky3-Matrix-animation-transform" target="mixamorig_RightHandPinky3/matrix"/>
    </animation>
    <animation id="mixamorig_LeftUpLeg-anim" name="mixamorig_LeftUpLeg">
      <source id="mixamorig_LeftUpLeg-Matrix-animation-input">
        <float_array id="mixamorig_LeftUpLeg-Matrix-animation-input-array" count="22">

0.000000 0.033333 0.066667 0.100000 0.133333 0.166667 0.200000 0.233333 0.266667 0.300000 0.333333 0.366667 0.400000 0.433333 0.466667 0.500000
0.533333 0.566667 0.600000 0.633333 0.666667 0.700000</float_array>
        <technique_common>
          <accessor source="#mixamorig_LeftUpLeg-Matrix-animation-input-array" count="22">
            <param name="TIME" type="float"/>
          </accessor>
        </technique_common>
      </source>
      <source id="mixamorig_LeftUpLeg-Matrix-animation-output-transform">
        <float_array id="mixamorig_LeftUpLeg-Matrix-animation-output-transform-array" count="352">

-0.998094 0.011983 0.060534 9.418100 0.035573 -0.689835 0.723092 -4.875100 0.050423 0.723868 0.688094 1.897700 0.000000 0.000000 0.000000 1.000000
-0.999622 0.016831 0.021740 9.418100 0.007206 -0.602702 0.797934 -4.875100 0.026533 0.797789 0.602353 1.897700 0.000000 0.000000 0.000000 1.000000
-0.999891 -0.012813 0.007329 9.418100 0.013858 -0.643958 0.764936 -4.875100 -0.005082 0.764954 0.644065 1.897700 0.000000 0.000000 0.000000 1.000000
-0.995774 -0.089749 -0.019458 9.418100 0.054156 -0.745015 0.664845 -4.875100 -0.074166 0.660982 0.746727 1.897700 0.000000 0.000000 0.000000 1.000000
-0.991262 -0.117823 -0.059300 9.418100 0.050441 -0.754000 0.654935 -4.875100 -0.121879 0.646222 0.753355 1.897700 0.000000 0.000000 0.000000 1.000000
-0.992358 -0.107632 -0.060332 9.418100 0.043544 -0.762987 0.644946 -4.875100 -0.115450 0.637390 0.761843 1.897700 0.000000 0.000000 0.000000 1.000000
-0.989594 -0.125752 -0.069934 9.418100 0.061894 -0.810777 0.582073 -4.875100 -0.129898 0.571688 0.810123 1.897700 0.000000 0.000000 0.000000 1.000000
-0.982624 -0.169545 -0.075522 9.418100 0.103805 -0.839320 0.533635 -4.875100 -0.153862 0.516523 0.842336 1.897700 0.000000 0.000000 0.000000 1.000000
-0.984525 -0.170529 -0.040379 9.418100 0.113415 -0.795676 0.595010 -4.875100 -0.133596 0.581223 0.802703 1.897700 0.000000 0.000000 0.000000 1.000000
-0.990272 -0.137827 0.019090 9.418100 0.122117 -0.795115 0.594037 -4.875100 -0.066696 0.590590 0.804211 1.897700 0.000000 0.000000 0.000000 1.000000
-0.991958 -0.118762 0.043761 9.418100 0.125879 -0.889691 0.438867 -4.875100 -0.013187 0.440846 0.897486 1.897700 0.000000 0.000000 0.000000 1.000000
-0.994970 -0.084527 0.053749 9.418100 0.090458 -0.988683 0.119678 -4.875100 0.043024 0.123938 0.991357 1.897700 0.000000 0.000000 0.000000 1.000000
-0.994084 -0.032002 0.103795 9.418100 0.017056 -0.989747 -0.141807 -4.875100 0.107269 -0.139198 0.984438 1.897700 0.000000 0.000000 0.000000 1.000000
-0.981984 0.003654 0.188931 9.418100 -0.036471 -0.984680 -0.170512 -4.875100 0.185413 -0.174330 0.967073 1.897700 0.000000 0.000000 0.000000 1.000000
-0.985682 -0.015732 0.167879 9.418100 -0.024075 -0.972307 -0.232466 -4.875100 0.166887 -0.233179 0.958006 1.897700 0.000000 0.000000 0.000000 1.000000
-0.990776 -0.044277 0.128069 9.418100 0.012475 -0.970902 -0.239151 -4.875100 0.134932 -0.235348 0.962499 1.897700 0.000000 0.000000 0.000000 1.000000
-0.989802 -0.040731 0.136500 9.418100 0.014987 -0.982706 -0.184565 -4.875100 0.141657 -0.180638 0.973295 1.897700 0.000000 0.000000 0.000000 1.000000
-0.990009 -0.005463 0.140900 9.418100 -0.001703 -0.998713 -0.050688 -4.875100 0.140996 -0.050422 0.988725 1.897700 0.000000 0.000000 0.000000 1.000000
-0.992884 0.026105 0.116190 9.418100 -0.008638 -0.988894 0.148370 -4.875100 0.118773 0.146310 0.982083 1.897700 0.000000 0.000000 0.000000 1.000000
-0.995839 0.048385 0.077223 9.418100 -0.012555 -0.912167 0.409627 -4.875100 0.090260 0.406953 0.908979 1.897700 0.000000 0.000000 0.000000 1.000000
-0.999486 0.029685 0.012088 9.418100 -0.016069 -0.790400 0.612380 -4.875100 0.027733 0.611871 0.790471 1.897700 0.000000 0.000000 0.000000 1.000000
-0.998094 0.011983 0.060534 9.418100 0.035573 -0.689835 0.723092 -4.875100 0.050423 0.723868 0.688094 1.897700 0.000000 0.000000 0.000000 1.000000</float_array>
        <technique_common>
          <accessor source="#mixamorig_LeftUpLeg-Matrix-animation-output-transform-array" count="22" stride="16">
            <param type="float4x4"/>
          </accessor>
        </technique_common>
      </source>
      <source id="mixamorig_LeftUpLeg-Interpolations">
        <Name_array id="mixamorig_LeftUpLeg-Interpolations-array" count="22">
 LINEAR LINEAR LINEAR LINEAR LINEAR LINEAR LINEAR LINEAR LINEAR LINEAR LINEAR
LINEAR LINEAR LINEAR LINEAR LINEAR LINEAR LINEAR LINEAR LINEAR LINEAR LINEAR</Name_array>
        <technique_common>
          <accessor source="#mixamorig_LeftUpLeg-Interpolations-array" count="22">
            <param type="name"/>
          </accessor>
        </technique_common>
      </source>
      <sampler id="mixamorig_LeftUpLeg-Matrix-animation-transform">
        <input semantic="INPUT" source="#mixamorig_LeftUpLeg-Matrix-animation-input"/>
        <input semantic="OUTPUT" source="#mixamorig_LeftUpLeg-Matrix-animation-output-transform"/>
        <input semantic="INTERPOLATION" source="#mixamorig_LeftUpLeg-Interpolations"/>
      </sampler>
      <channel source="#mixamorig_LeftUpLeg-Matrix-animation-transform" target="mixamorig_LeftUpLeg/matrix"/>
    </animation>
    <animation id="mixamorig_LeftLeg-anim" name="mixamorig_LeftLeg">
      <source id="mixamorig_LeftLeg-Matrix-animation-input">
        <float_array id="mixamorig_LeftLeg-Matrix-animation-input-array" count="22">

0.000000 0.033333 0.066667 0.100000 0.133333 0.166667 0.200000 0.233333 0.266667 0.300000 0.333333 0.366667 0.400000 0.433333 0.466667 0.500000
0.533333 0.566667 0.600000 0.633333 0.666667 0.700000</float_array>
        <technique_common>
          <accessor source="#mixamorig_LeftLeg-Matrix-animation-input-array" count="22">
            <param name="TIME" type="float"/>
          </accessor>
        </technique_common>
      </source>
      <source id="mixamorig_LeftLeg-Matrix-animation-output-transform">
        <float_array id="mixamorig_LeftLeg-Matrix-animation-output-transform-array" count="352">

0.972490 -0.040685 -0.229366 0.000000 0.205860 -0.310716 0.927943 48.478100 -0.109021 -0.949632 -0.293792 0.000000 0.000000 0.000000 0.000000 1.000000
0.986637 -0.017558 -0.161987 0.000000 0.159598 -0.096054 0.982498 48.478100 -0.032810 -0.995221 -0.091968 0.000000 0.000000 0.000000 0.000000 1.000000
0.985369 0.033632 -0.167085 -0.000000 0.147514 0.322760 0.934915 48.478100 0.085371 -0.945883 0.313076 -0.000000 0.000000 0.000000 0.000000 1.000000
0.987912 0.033787 -0.151287 0.000000 0.071107 0.768443 0.635955 48.478100 0.137742 -0.639026 0.756752 0.000000 0.000000 0.000000 0.000000 1.000000
0.991624 0.020409 -0.127533 0.000000 0.043228 0.878041 0.476628 48.478100 0.121706 -0.478149 0.869805 0.000000 0.000000 0.000000 0.000000 1.000000
0.998918 0.020718 -0.041633 0.000000 0.001209 0.883398 0.468622 48.478100 0.046487 -0.468165 0.882417 -0.000000 0.000000 0.000000 0.000000 1.000000
0.999289 0.010394 -0.036254 0.000000 0.006217 0.902727 0.430169 48.478100 0.037199 -0.430088 0.902020 0.000000 0.000000 0.000000 0.000000 1.000000
0.998192 0.002707 -0.060041 0.000000 0.024347 0.895133 0.445134 48.478100 0.054950 -0.445791 0.893449 0.000000 0.000000 0.000000 0.000000 1.000000
0.999466 0.007092 -0.031896 -0.000000 0.017275 0.713872 0.700063 48.478100 0.027734 -0.700240 0.713369 0.000000 0.000000 0.000000 0.000000 1.000000
0.999603 0.027220 0.007300 0.000000 -0.019638 0.486983 0.873191 48.478100 0.020214 -0.872987 0.487324 0.000000 0.000000 0.000000 0.000000 1.000000
0.999177 0.010537 0.039178 0.000000 -0.039431 0.479437 0.876690 48.478100 -0.009546 -0.877513 0.479458 0.000000 0.000000 0.000000 0.000000 1.000000
0.996177 -0.041683 0.076767 0.000000 -0.024968 0.706280 0.707493 48.478100 -0.083710 -0.706705 0.702539 0.000000 0.000000 0.000000 0.000000 1.000000
0.992169 -0.045514 0.116312 0.000000 -0.014847 0.881660 0.471652 48.478100 -0.124014 -0.469686 0.874080 0.000000 0.000000 0.000000 0.000000 1.000000
0.991404 -0.075054 0.107172 0.000000 0.014922 0.878627 0.477275 48.478100 -0.129986 -0.471573 0.872194 0.000000 0.000000 0.000000 0.000000 1.000000
0.989647 -0.102309 0.100656 0.000000 0.037343 0.860725 0.507698 48.478100 -0.138579 -0.498683 0.855635 0.000000 0.000000 0.000000 0.000000 1.000000
0.987826 -0.137306 0.073121 0.000000 0.043807 0.696553 0.716167 48.478100 -0.149267 -0.704245 0.694088 0.000000 0.000000 0.000000 0.000000 1.000000
0.991138 -0.129967 -0.027458 -0.000000 0.085400 0.465116 0.881121 48.478100 -0.101746 -0.875657 0.472093 0.000000 0.000000 0.000000 0.000000 1.000000
0.985751 -0.104117 -0.132118 0.000000 0.149871 0.186964 0.970867 48.478100 -0.076382 -0.976834 0.199904 0.000000 0.000000 0.000000 0.000000 1.000000
0.965445 -0.076376 -0.249165 0.000000 0.241248 -0.099703 0.965328 48.478100 -0.098570 -0.992082 -0.077833 0.000000 0.000000 0.000000 0.000000 1.000000
0.971348 -0.068870 -0.227464 0.000000 0.190217 -0.348498 0.917805 48.478100 -0.142480 -0.934776 -0.325413 0.000000 0.000000 0.000000 0.000000 1.000000
0.977752 -0.065775 -0.199185 -0.000000 0.153103 -0.425325 0.891997 48.478100 -0.143389 -0.902648 -0.405792 0.000000 0.000000 0.000000 0.000000 1.000000
0.972490 -0.040685 -0.229366 0.000000 0.205860 -0.310716 0.927943 48.478100 -0.109021 -0.949632 -0.293792 0.000000 0.000000 0.000000 0.000000 1.000000</float_array>
        <technique_common>
          <accessor source="#mixamorig_LeftLeg-Matrix-animation-output-transform-array" count="22" stride="16">
            <param type="float4x4"/>
          </accessor>
        </technique_common>
      </source>
      <source id="mixamorig_LeftLeg-Interpolations">
        <Name_array id="mixamorig_LeftLeg-Interpolations-array" count="22">
 LINEAR LINEAR LINEAR LINEAR LINEAR LINEAR LINEAR LINEAR LINEAR LINEAR LINEAR
LINEAR LINEAR LINEAR LINEAR LINEAR LINEAR LINEAR LINEAR LINEAR LINEAR LINEAR</Name_array>
        <technique_common>
          <accessor source="#mixamorig_LeftLeg-Interpolations-array" count="22">
            <param type="name"/>
          </accessor>
        </technique_common>
      </source>
      <sampler id="mixamorig_LeftLeg-Matrix-animation-transform">
        <input semantic="INPUT" source="#mixamorig_LeftLeg-Matrix-animation-input"/>
        <input semantic="OUTPUT" source="#mixamorig_LeftLeg-Matrix-animation-output-transform"/>
        <input semantic="INTERPOLATION" source="#mixamorig_LeftLeg-Interpolations"/>
      </sampler>
      <channel source="#mixamorig_LeftLeg-Matrix-animation-transform" target="mixamorig_LeftLeg/matrix"/>
    </animation>
    <animation id="mixamorig_LeftFoot-anim" name="mixamorig_LeftFoot">
      <source id="mixamorig_LeftFoot-Matrix-animation-input">
        <float_array id="mixamorig_LeftFoot-Matrix-animation-input-array" count="22">

0.000000 0.033333 0.066667 0.100000 0.133333 0.166667 0.200000 0.233333 0.266667 0.300000 0.333333 0.366667 0.400000 0.433333 0.466667 0.500000
0.533333 0.566667 0.600000 0.633333 0.666667 0.700000</float_array>
        <technique_common>
          <accessor source="#mixamorig_LeftFoot-Matrix-animation-input-array" count="22">
            <param name="TIME" type="float"/>
          </accessor>
        </technique_common>
      </source>
      <source id="mixamorig_LeftFoot-Matrix-animation-output-transform">
        <float_array id="mixamorig_LeftFoot-Matrix-animation-output-transform-array" count="352">

0.988495 -0.135435 0.067344 -0.000000 0.119538 0.426715 -0.896451 51.588001 0.092674 0.894188 0.437995 0.000000 0.000000 0.000000 0.000000 1.000000
0.989454 0.011021 -0.144428 -0.000000 -0.137630 0.382357 -0.913707 51.588001 0.045153 0.923949 0.379842 -0.000000 0.000000 0.000000 0.000000 1.000000
0.997134 -0.069254 -0.030460 0.000000 -0.001296 0.386915 -0.922115 51.588001 0.075645 0.919511 0.385716 -0.000000 0.000000 0.000000 0.000000 1.000000
0.996998 -0.066039 -0.040414 0.000000 -0.009116 0.418224 -0.908298 51.588001 0.076885 0.905940 0.416367 0.000000 0.000000 0.000000 0.000000 1.000000
0.996576 -0.058705 -0.058224 -0.000000 -0.036745 0.316371 -0.947924 51.588001 0.074068 0.946817 0.313130 0.000000 0.000000 0.000000 0.000000 1.000000
0.996666 -0.071844 -0.038674 -0.000000 -0.020932 0.232999 -0.972252 51.588001 0.078862 0.969820 0.230718 0.000000 0.000000 0.000000 0.000000 1.000000
0.996562 -0.075010 -0.035194 0.000000 -0.015129 0.252891 -0.967376 51.588001 0.081463 0.964583 0.250887 0.000000 0.000000 0.000000 0.000000 1.000000
0.988509 -0.136403 0.065155 0.000000 0.113848 0.388220 -0.914508 51.588001 0.099447 0.911416 0.399287 0.000000 0.000000 0.000000 0.000000 1.000000
0.989045 -0.136976 0.055019 -0.000000 0.117878 0.508555 -0.852922 51.588001 0.088850 0.850064 0.519130 0.000000 0.000000 0.000000 0.000000 1.000000
0.986920 -0.138541 0.082434 0.000000 0.113206 0.231520 -0.966221 51.588001 0.114776 0.962915 0.244175 -0.000000 0.000000 0.000000 0.000000 1.000000
0.987774 -0.129478 0.086824 0.000000 0.092668 0.039804 -0.994901 51.588001 0.125362 0.990783 0.051316 -0.000000 0.000000 0.000000 0.000000 1.000000
0.990601 -0.120273 0.065145 0.000000 0.066847 0.010171 -0.997711 51.588001 0.119335 0.992689 0.018116 0.000000 0.000000 0.000000 0.000000 1.000000
0.991146 -0.123892 0.047744 -0.000000 0.091334 0.375201 -0.922433 51.588001 0.096368 0.918627 0.383195 0.000000 0.000000 0.000000 0.000000 1.000000
0.997232 -0.064449 -0.037071 0.000000 0.023174 0.743193 -0.668676 51.588001 0.070646 0.665966 0.742629 0.000000 0.000000 0.000000 0.000000 1.000000
0.997290 -0.065267 -0.033963 0.000000 0.022680 0.711846 -0.701969 51.588001 0.069991 0.699296 0.711397 0.000000 0.000000 0.000000 0.000000 1.000000
0.996662 -0.029936 -0.075948 0.000000 -0.033631 0.697154 -0.716132 51.588001 0.074386 0.716296 0.693821 0.000000 0.000000 0.000000 0.000000 1.000000
0.994825 -0.004452 -0.101507 0.000000 -0.067899 0.714071 -0.696773 51.588001 0.075585 0.700059 0.710073 0.000000 0.000000 0.000000 0.000000 1.000000
0.996049 -0.020732 -0.086350 -0.000000 -0.049996 0.672707 -0.738218 51.588001 0.073393 0.739618 0.669013 0.000000 0.000000 0.000000 0.000000 1.000000
0.995789 -0.020742 -0.089302 0.000000 -0.057668 0.615520 -0.786008 51.588001 0.071270 0.787848 0.611732 0.000000 0.000000 0.000000 0.000000 1.000000
0.996673 -0.079831 -0.016418 0.000000 0.029077 0.536475 -0.843415 51.588001 0.076139 0.840132 0.537012 -0.000000 0.000000 0.000000 0.000000 1.000000
0.994754 -0.101287 0.014309 0.000000 0.060470 0.469436 -0.880894 51.588001 0.082505 0.877138 0.473098 0.000000 0.000000 0.000000 0.000000 1.000000
0.988495 -0.135435 0.067344 -0.000000 0.119538 0.426715 -0.896451 51.588001 0.092674 0.894188 0.437995 0.000000 0.000000 0.000000 0.000000 1.000000</float_array>
        <technique_common>
          <accessor source="#mixamorig_LeftFoot-Matrix-animation-output-transform-array" count="22" stride="16">
            <param type="float4x4"/>
          </accessor>
        </technique_common>
      </source>
      <source id="mixamorig_LeftFoot-Interpolations">
        <Name_array id="mixamorig_LeftFoot-Interpolations-array" count="22">
 LINEAR LINEAR LINEAR LINEAR LINEAR LINEAR LINEAR LINEAR LINEAR LINEAR LINEAR
LINEAR LINEAR LINEAR LINEAR LINEAR LINEAR LINEAR LINEAR LINEAR LINEAR LINEAR</Name_array>
        <technique_common>
          <accessor source="#mixamorig_LeftFoot-Interpolations-array" count="22">
            <param type="name"/>
          </accessor>
        </technique_common>
      </source>
      <sampler id="mixamorig_LeftFoot-Matrix-animation-transform">
        <input semantic="INPUT" source="#mixamorig_LeftFoot-Matrix-animation-input"/>
        <input semantic="OUTPUT" source="#mixamorig_LeftFoot-Matrix-animation-output-transform"/>
        <input semantic="INTERPOLATION" source="#mixamorig_LeftFoot-Interpolations"/>
      </sampler>
      <channel source="#mixamorig_LeftFoot-Matrix-animation-transform" target="mixamorig_LeftFoot/matrix"/>
    </animation>
    <animation id="mixamorig_LeftToeBase-anim" name="mixamorig_LeftToeBase">
      <source id="mixamorig_LeftToeBase-Matrix-animation-input">
        <float_array id="mixamorig_LeftToeBase-Matrix-animation-input-array" count="22">

0.000000 0.033333 0.066667 0.100000 0.133333 0.166667 0.200000 0.233333 0.266667 0.300000 0.333333 0.366667 0.400000 0.433333 0.466667 0.500000
0.533333 0.566667 0.600000 0.633333 0.666667 0.700000</float_array>
        <technique_common>
          <accessor source="#mixamorig_LeftToeBase-Matrix-animation-input-array" count="22">
            <param name="TIME" type="float"/>
          </accessor>
        </technique_common>
      </source>
      <source id="mixamorig_LeftToeBase-Matrix-animation-output-transform">
        <float_array id="mixamorig_LeftToeBase-Matrix-animation-output-transform-array" count="352">

0.986289 0.053113 -0.156245 0.000000 -0.143584 0.742893 -0.653830 21.400000 0.081347 0.667300 0.740334 -0.000000 0.000000 0.000000 0.000000 1.000000
0.997103 -0.031124 0.069410 -0.000000 0.069054 0.753052 -0.654327 21.400000 -0.031904 0.657224 0.753020 0.000000 0.000000 0.000000 0.000000 1.000000
0.998425 0.045258 -0.033160 -0.000000 -0.055561 0.715350 -0.696553 21.400000 -0.007804 0.697299 0.716738 0.000000 0.000000 0.000000 0.000000 1.000000
0.995281 0.069316 -0.067911 0.000000 -0.097028 0.700472 -0.707054 21.400000 -0.001440 0.710306 0.703891 0.000000 0.000000 0.000000 0.000000 1.000000
0.997281 0.059055 -0.044072 -0.000000 -0.072918 0.704731 -0.705717 21.400000 -0.010617 0.707013 0.707121 -0.000000 0.000000 0.000000 0.000000 1.000000
0.990986 0.074457 -0.111367 -0.000000 -0.131200 0.707435 -0.694494 21.400000 0.027075 0.702845 0.710827 0.000000 0.000000 0.000000 0.000000 1.000000
0.993347 0.068697 -0.092429 0.000000 -0.113806 0.708390 -0.696586 21.400000 0.017622 0.702470 0.711495 -0.000000 0.000000 0.000000 0.000000 1.000000
0.994289 0.069955 -0.080592 0.000000 -0.106448 0.703860 -0.702317 21.400000 0.007595 0.706886 0.707287 -0.000000 0.000000 0.000000 0.000000 1.000000
0.996310 0.070599 -0.048808 -0.000000 -0.084099 0.689433 -0.719451 21.400000 -0.017143 0.720901 0.692826 -0.000000 0.000000 0.000000 0.000000 1.000000
0.995403 0.074651 -0.060006 0.000000 -0.094975 0.688374 -0.719111 21.400000 -0.012376 0.721504 0.692299 0.000000 0.000000 0.000000 0.000000 1.000000
0.994408 0.077179 -0.072084 -0.000000 -0.105459 0.689743 -0.716333 21.400000 -0.005567 0.719929 0.694025 -0.000000 0.000000 0.000000 0.000000 1.000000
0.996429 0.070482 -0.046491 0.000000 -0.082143 0.681817 -0.726896 21.400000 -0.019534 0.728120 0.685172 0.000000 0.000000 0.000000 0.000000 1.000000
0.997334 0.061841 -0.038727 0.000000 -0.057677 0.343045 -0.937547 21.400000 -0.044694 0.937281 0.345697 0.000000 0.000000 0.000000 0.000000 1.000000
0.996495 0.080790 0.021718 -0.000000 -0.005430 0.321512 -0.946890 21.400000 -0.083481 0.943453 0.320824 0.000000 0.000000 0.000000 0.000000 1.000000
0.989679 0.089761 -0.111709 0.000000 -0.136906 0.822546 -0.551973 21.400000 0.042340 0.561570 0.826345 0.000000 0.000000 0.000000 0.000000 1.000000
0.989919 0.074855 -0.120241 0.000000 -0.135572 0.746534 -0.651389 21.400000 0.041004 0.661123 0.749156 0.000000 0.000000 0.000000 0.000000 1.000000
0.990165 0.064090 -0.124363 0.000000 -0.131971 0.722977 -0.678150 21.400000 0.046449 0.687893 0.724325 0.000000 0.000000 0.000000 0.000000 1.000000
0.988036 0.080051 -0.131820 0.000000 -0.149393 0.709018 -0.689184 21.400000 0.038293 0.700632 0.712495 0.000000 0.000000 0.000000 0.000000 1.000000
0.994618 0.043374 -0.094092 0.000000 -0.095667 0.733152 -0.673303 21.400000 0.039780 0.678681 0.733355 0.000000 0.000000 0.000000 0.000000 1.000000
0.982471 0.082317 -0.167255 0.000000 -0.174894 0.717548 -0.674194 21.400000 0.064516 0.691628 0.719367 0.000000 0.000000 0.000000 0.000000 1.000000
0.969061 0.121026 -0.215112 0.000000 -0.237913 0.690044 -0.683547 21.400000 0.065709 0.713577 0.697489 0.000000 0.000000 0.000000 0.000000 1.000000
0.986289 0.053113 -0.156245 0.000000 -0.143584 0.742893 -0.653830 21.400000 0.081347 0.667300 0.740334 -0.000000 0.000000 0.000000 0.000000 1.000000</float_array>
        <technique_common>
          <accessor source="#mixamorig_LeftToeBase-Matrix-animation-output-transform-array" count="22" stride="16">
            <param type="float4x4"/>
          </accessor>
        </technique_common>
      </source>
      <source id="mixamorig_LeftToeBase-Interpolations">
        <Name_array id="mixamorig_LeftToeBase-Interpolations-array" count="22">
 LINEAR LINEAR LINEAR LINEAR LINEAR LINEAR LINEAR LINEAR LINEAR LINEAR LINEAR
LINEAR LINEAR LINEAR LINEAR LINEAR LINEAR LINEAR LINEAR LINEAR LINEAR LINEAR</Name_array>
        <technique_common>
          <accessor source="#mixamorig_LeftToeBase-Interpolations-array" count="22">
            <param type="name"/>
          </accessor>
        </technique_common>
      </source>
      <sampler id="mixamorig_LeftToeBase-Matrix-animation-transform">
        <input semantic="INPUT" source="#mixamorig_LeftToeBase-Matrix-animation-input"/>
        <input semantic="OUTPUT" source="#mixamorig_LeftToeBase-Matrix-animation-output-transform"/>
        <input semantic="INTERPOLATION" source="#mixamorig_LeftToeBase-Interpolations"/>
      </sampler>
      <channel source="#mixamorig_LeftToeBase-Matrix-animation-transform" target="mixamorig_LeftToeBase/matrix"/>
    </animation>
    <animation id="mixamorig_RightUpLeg-anim" name="mixamorig_RightUpLeg">
      <source id="mixamorig_RightUpLeg-Matrix-animation-input">
        <float_array id="mixamorig_RightUpLeg-Matrix-animation-input-array" count="22">

0.000000 0.033333 0.066667 0.100000 0.133333 0.166667 0.200000 0.233333 0.266667 0.300000 0.333333 0.366667 0.400000 0.433333 0.466667 0.500000
0.533333 0.566667 0.600000 0.633333 0.666667 0.700000</float_array>
        <technique_common>
          <accessor source="#mixamorig_RightUpLeg-Matrix-animation-input-array" count="22">
            <param name="TIME" type="float"/>
          </accessor>
        </technique_common>
      </source>
      <source id="mixamorig_RightUpLeg-Matrix-animation-output-transform">
        <float_array id="mixamorig_RightUpLeg-Matrix-animation-output-transform-array" count="352">

-0.987079 0.100013 -0.125188 -9.418100 -0.143936 -0.896740 0.418497 -4.875100 -0.070406 0.431109 0.899549 1.897700 0.000000 0.000000 0.000000 1.000000
-0.985439 0.084387 -0.147610 -9.418100 -0.097531 -0.991666 0.084184 -4.875100 -0.139276 0.097354 0.985456 1.897700 0.000000 0.000000 0.000000 1.000000
-0.980968 0.029617 -0.191899 -9.418100 0.007104 -0.982162 -0.187901 -4.875100 -0.194041 -0.185688 0.963259 1.897700 0.000000 0.000000 0.000000 1.000000
-0.966410 0.005584 -0.256946 -9.418100 0.077755 -0.946559 -0.313018 -4.875100 -0.244963 -0.322482 0.914330 1.897700 0.000000 0.000000 0.000000 1.000000
-0.972288 -0.015901 -0.233243 -9.418100 0.098905 -0.931979 -0.348758 -4.875100 -0.211832 -0.362162 0.907725 1.897700 0.000000 0.000000 0.000000 1.000000
-0.982953 -0.053613 -0.175868 -9.418100 0.110270 -0.937314 -0.330580 -4.875100 -0.147120 -0.344338 0.927247 1.897700 0.000000 0.000000 0.000000 1.000000
-0.985472 -0.068507 -0.155408 -9.418100 0.106243 -0.962557 -0.249391 -4.875100 -0.132504 -0.262279 0.955852 1.897700 0.000000 0.000000 0.000000 1.000000
-0.989545 -0.094658 -0.108813 -9.418100 0.105065 -0.989988 -0.094258 -4.875100 -0.098802 -0.104705 0.989583 1.897700 0.000000 0.000000 0.000000 1.000000
-0.992200 -0.114655 -0.048918 -9.418100 0.107202 -0.985096 0.134510 -4.875100 -0.063611 0.128217 0.989704 1.897700 0.000000 0.000000 0.000000 1.000000
-0.990364 -0.136605 0.022762 -9.418100 0.132332 -0.885003 0.446383 -4.875100 -0.040834 0.445093 0.894553 1.897700 0.000000 0.000000 0.000000 1.000000
-0.986900 -0.151980 0.054138 -9.418100 0.146737 -0.706074 0.692768 -4.875100 -0.067061 0.691637 0.719125 1.897700 0.000000 0.000000 0.000000 1.000000
-0.989427 -0.142958 0.024435 -9.418100 0.105570 -0.594397 0.797212 -4.875100 -0.099444 0.791363 0.603205 1.897700 0.000000 0.000000 0.000000 1.000000
-0.995740 -0.092037 -0.005614 -9.418100 0.045813 -0.546649 0.836108 -4.875100 -0.080022 0.832289 0.548536 1.897700 0.000000 0.000000 0.000000 1.000000
-0.999493 -0.008063 -0.030811 -9.418100 -0.021378 -0.547243 0.836701 -4.875100 -0.023607 0.836935 0.546793 1.897700 0.000000 0.000000 0.000000 1.000000
-0.998552 0.026131 -0.047025 -9.418100 -0.053044 -0.624051 0.779581 -4.875100 -0.008975 0.780946 0.624534 1.897700 0.000000 0.000000 0.000000 1.000000
-0.998156 0.029060 -0.053298 -9.418100 -0.059368 -0.650530 0.757157 -4.875100 -0.012669 0.758925 0.651055 1.897700 0.000000 0.000000 0.000000 1.000000
-0.997601 0.036643 -0.058729 -9.418100 -0.068125 -0.670238 0.739013 -4.875100 -0.012283 0.741241 0.671127 1.897700 0.000000 0.000000 0.000000 1.000000
-0.996884 0.039010 -0.068560 -9.418100 -0.075537 -0.722494 0.687239 -4.875100 -0.022724 0.690276 0.723189 1.897700 0.000000 0.000000 0.000000 1.000000
-0.995548 0.046379 -0.082051 -9.418100 -0.090686 -0.708549 0.699810 -4.875100 -0.025681 0.704136 0.709601 1.897700 0.000000 0.000000 0.000000 1.000000
-0.992982 0.041536 -0.110733 -9.418100 -0.108961 -0.685355 0.720011 -4.875100 -0.045986 0.727024 0.685071 1.897700 0.000000 0.000000 0.000000 1.000000
-0.987310 0.085026 -0.134125 -9.418100 -0.150679 -0.768276 0.622132 -4.875100 -0.050147 0.634447 0.771338 1.897700 0.000000 0.000000 0.000000 1.000000
-0.987079 0.100013 -0.125188 -9.418100 -0.143936 -0.896740 0.418497 -4.875100 -0.070406 0.431109 0.899549 1.897700 0.000000 0.000000 0.000000 1.000000</float_array>
        <technique_common>
          <accessor source="#mixamorig_RightUpLeg-Matrix-animation-output-transform-array" count="22" stride="16">
            <param type="float4x4"/>
          </accessor>
        </technique_common>
      </source>
      <source id="mixamorig_RightUpLeg-Interpolations">
        <Name_array id="mixamorig_RightUpLeg-Interpolations-array" count="22">
 LINEAR LINEAR LINEAR LINEAR LINEAR LINEAR LINEAR LINEAR LINEAR LINEAR LINEAR
LINEAR LINEAR LINEAR LINEAR LINEAR LINEAR LINEAR LINEAR LINEAR LINEAR LINEAR</Name_array>
        <technique_common>
          <accessor source="#mixamorig_RightUpLeg-Interpolations-array" count="22">
            <param type="name"/>
          </accessor>
        </technique_common>
      </source>
      <sampler id="mixamorig_RightUpLeg-Matrix-animation-transform">
        <input semantic="INPUT" source="#mixamorig_RightUpLeg-Matrix-animation-input"/>
        <input semantic="OUTPUT" source="#mixamorig_RightUpLeg-Matrix-animation-output-transform"/>
        <input semantic="INTERPOLATION" source="#mixamorig_RightUpLeg-Interpolations"/>
      </sampler>
      <channel source="#mixamorig_RightUpLeg-Matrix-animation-transform" target="mixamorig_RightUpLeg/matrix"/>
    </animation>
    <animation id="mixamorig_RightLeg-anim" name="mixamorig_RightLeg">
      <source id="mixamorig_RightLeg-Matrix-animation-input">
        <float_array id="mixamorig_RightLeg-Matrix-animation-input-array" count="22">

0.000000 0.033333 0.066667 0.100000 0.133333 0.166667 0.200000 0.233333 0.266667 0.300000 0.333333 0.366667 0.400000 0.433333 0.466667 0.500000
0.533333 0.566667 0.600000 0.633333 0.666667 0.700000</float_array>
        <technique_common>
          <accessor source="#mixamorig_RightLeg-Matrix-animation-input-array" count="22">
            <param name="TIME" type="float"/>
          </accessor>
        </technique_common>
      </source>
      <source id="mixamorig_RightLeg-Matrix-animation-output-transform">
        <float_array id="mixamorig_RightLeg-Matrix-animation-output-transform-array" count="352">

0.999558 0.027978 0.010078 0.000000 -0.022521 0.490874 0.870939 48.478100 0.019420 -0.870781 0.491287 0.000000 0.000000 0.000000 0.000000 1.000000
0.996195 0.051144 -0.070574 0.000000 0.011597 0.724754 0.688910 48.478100 0.086382 -0.687107 0.721403 0.000000 0.000000 0.000000 0.000000 1.000000
0.975938 0.044077 -0.213546 0.000000 0.048288 0.911350 0.408791 48.478100 0.212633 -0.409266 0.887293 -0.000000 0.000000 0.000000 0.000000 1.000000
0.968817 0.073564 -0.236604 0.000000 0.010451 0.941927 0.335654 48.478100 0.247556 -0.327660 0.911787 -0.000000 0.000000 0.000000 0.000000 1.000000
0.986548 0.055605 -0.153727 -0.000000 0.027726 0.869836 0.492560 48.478100 0.161106 -0.490197 0.856593 0.000000 0.000000 0.000000 0.000000 1.000000
0.998169 0.036412 0.048301 0.000000 -0.060016 0.695776 0.715747 48.478100 -0.007545 -0.717335 0.696687 0.000000 0.000000 0.000000 0.000000 1.000000
0.999201 0.034825 0.019615 0.000000 -0.032517 0.422925 0.905581 48.478100 0.023242 -0.905495 0.423719 -0.000000 0.000000 0.000000 0.000000 1.000000
0.996642 -0.025015 0.077966 0.000000 -0.074282 0.124388 0.989449 48.478100 -0.034449 -0.991918 0.122112 0.000000 0.000000 0.000000 0.000000 1.000000
0.998685 -0.045518 0.023597 -0.000000 -0.031835 -0.189738 0.981318 48.478100 -0.040191 -0.980779 -0.190938 -0.000000 0.000000 0.000000 0.000000 1.000000
0.997947 -0.053983 -0.034468 0.000000 0.008632 -0.419891 0.907534 48.478100 -0.063465 -0.905968 -0.418562 0.000000 0.000000 0.000000 0.000000 1.000000
0.997600 -0.055715 -0.041107 0.000000 0.011699 -0.449527 0.893190 48.478100 -0.068243 -0.891527 -0.447797 0.000000 0.000000 0.000000 0.000000 1.000000
0.998228 -0.059094 -0.006944 0.000000 -0.009616 -0.275398 0.961282 48.478100 -0.058718 -0.959512 -0.275479 0.000000 0.000000 0.000000 0.000000 1.000000
0.997597 -0.061618 0.031677 0.000000 -0.029660 0.033364 0.999003 48.478100 -0.062614 -0.997542 0.031456 0.000000 0.000000 0.000000 0.000000 1.000000
0.996283 -0.052662 0.068162 0.000000 -0.038249 0.438552 0.897892 48.478100 -0.077178 -0.897162 0.434908 0.000000 0.000000 0.000000 0.000000 1.000000
0.987938 -0.031189 0.151676 0.000000 -0.061710 0.819066 0.570371 48.478100 -0.142022 -0.572851 0.807262 -0.000000 0.000000 0.000000 0.000000 1.000000
0.998836 -0.008680 0.047454 0.000000 -0.012957 0.899264 0.437215 48.478100 -0.046469 -0.437321 0.898104 0.000000 0.000000 0.000000 0.000000 1.000000
0.998685 0.011215 -0.050030 -0.000000 0.011537 0.901609 0.432399 48.478100 0.049957 -0.432407 0.900293 0.000000 0.000000 0.000000 0.000000 1.000000
0.999410 0.010826 -0.032595 -0.000000 0.003610 0.910653 0.413156 48.478100 0.034155 -0.413030 0.910077 0.000000 0.000000 0.000000 0.000000 1.000000
0.999891 0.007996 0.012420 0.000000 -0.013926 0.790625 0.612142 48.478100 -0.004925 -0.612249 0.790650 0.000000 0.000000 0.000000 0.000000 1.000000
0.999428 -0.029834 0.015898 -0.000000 0.003382 0.556158 0.831070 48.478100 -0.033636 -0.830541 0.555941 0.000000 0.000000 0.000000 0.000000 1.000000
0.998860 -0.030507 0.036712 -0.000000 -0.020045 0.429908 0.902650 48.478100 -0.043320 -0.902357 0.428806 0.000000 0.000000 0.000000 0.000000 1.000000
0.999558 0.027978 0.010078 0.000000 -0.022521 0.490874 0.870939 48.478100 0.019420 -0.870781 0.491287 0.000000 0.000000 0.000000 0.000000 1.000000</float_array>
        <technique_common>
          <accessor source="#mixamorig_RightLeg-Matrix-animation-output-transform-array" count="22" stride="16">
            <param type="float4x4"/>
          </accessor>
        </technique_common>
      </source>
      <source id="mixamorig_RightLeg-Interpolations">
        <Name_array id="mixamorig_RightLeg-Interpolations-array" count="22">
 LINEAR LINEAR LINEAR LINEAR LINEAR LINEAR LINEAR LINEAR LINEAR LINEAR LINEAR
LINEAR LINEAR LINEAR LINEAR LINEAR LINEAR LINEAR LINEAR LINEAR LINEAR LINEAR</Name_array>
        <technique_common>
          <accessor source="#mixamorig_RightLeg-Interpolations-array" count="22">
            <param type="name"/>
          </accessor>
        </technique_common>
      </source>
      <sampler id="mixamorig_RightLeg-Matrix-animation-transform">
        <input semantic="INPUT" source="#mixamorig_RightLeg-Matrix-animation-input"/>
        <input semantic="OUTPUT" source="#mixamorig_RightLeg-Matrix-animation-output-transform"/>
        <input semantic="INTERPOLATION" source="#mixamorig_RightLeg-Interpolations"/>
      </sampler>
      <channel source="#mixamorig_RightLeg-Matrix-animation-transform" target="mixamorig_RightLeg/matrix"/>
    </animation>
    <animation id="mixamorig_RightFoot-anim" name="mixamorig_RightFoot">
      <source id="mixamorig_RightFoot-Matrix-animation-input">
        <float_array id="mixamorig_RightFoot-Matrix-animation-input-array" count="22">

0.000000 0.033333 0.066667 0.100000 0.133333 0.166667 0.200000 0.233333 0.266667 0.300000 0.333333 0.366667 0.400000 0.433333 0.466667 0.500000
0.533333 0.566667 0.600000 0.633333 0.666667 0.700000</float_array>
        <technique_common>
          <accessor source="#mixamorig_RightFoot-Matrix-animation-input-array" count="22">
            <param name="TIME" type="float"/>
          </accessor>
        </technique_common>
      </source>
      <source id="mixamorig_RightFoot-Matrix-animation-output-transform">
        <float_array id="mixamorig_RightFoot-Matrix-animation-output-transform-array" count="352">

0.995816 0.090904 -0.009337 0.000000 -0.024917 0.171796 -0.984817 51.588001 -0.087919 0.980929 0.173342 0.000000 0.000000 0.000000 0.000000 1.000000
0.995452 0.093421 -0.018635 0.000000 -0.041821 0.252814 -0.966611 51.588001 -0.085590 0.962994 0.255571 -0.000000 0.000000 0.000000 0.000000 1.000000
0.987517 -0.046502 0.150491 -0.000000 0.138607 0.710384 -0.690031 51.588001 -0.074819 0.702276 0.707962 0.000000 0.000000 0.000000 0.000000 1.000000
0.965476 -0.166772 0.200106 0.000000 0.238350 0.875502 -0.420340 51.588001 -0.105093 0.453524 0.885026 0.000000 0.000000 0.000000 0.000000 1.000000
0.973858 -0.144636 0.175159 -0.000000 0.205237 0.890718 -0.405586 51.588001 -0.097355 0.430932 0.897117 -0.000000 0.000000 0.000000 0.000000 1.000000
0.979725 -0.126208 0.155595 0.000000 0.178760 0.901353 -0.394471 51.588001 -0.090461 0.414287 0.905639 -0.000000 0.000000 0.000000 0.000000 1.000000
0.988154 -0.081045 0.130319 0.000000 0.132467 0.879199 -0.457670 51.588001 -0.077484 0.469511 0.879520 -0.000000 0.000000 0.000000 0.000000 1.000000
0.990200 -0.067799 0.122093 0.000000 0.121713 0.847647 -0.516411 51.588001 -0.068480 0.526210 0.847592 -0.000000 0.000000 0.000000 0.000000 1.000000
0.996370 -0.010864 0.084427 0.000000 0.059947 0.793711 -0.605334 51.588001 -0.060434 0.608198 0.791481 -0.000000 0.000000 0.000000 0.000000 1.000000
0.997410 0.009523 0.071298 0.000000 0.040041 0.749922 -0.660313 51.588001 -0.059756 0.661457 0.747598 0.000000 0.000000 0.000000 0.000000 1.000000
0.998059 0.042012 0.045962 -0.000000 0.000725 0.730217 -0.683215 51.588001 -0.062266 0.681922 0.728770 0.000000 0.000000 0.000000 0.000000 1.000000
0.997088 0.074104 0.017994 -0.000000 -0.039891 0.707970 -0.705114 51.588001 -0.064991 0.702344 0.708865 0.000000 0.000000 0.000000 0.000000 1.000000
0.996758 0.079760 0.010571 0.000000 -0.043840 0.648579 -0.759884 51.588001 -0.067465 0.756957 0.649973 -0.000000 0.000000 0.000000 0.000000 1.000000
0.997045 0.075007 0.016562 0.000000 -0.033662 0.620459 -0.783516 51.588001 -0.069045 0.780643 0.621151 0.000000 0.000000 0.000000 0.000000 1.000000
0.997584 0.057142 0.039506 0.000000 -0.005069 0.627038 -0.778973 51.588001 -0.069284 0.776890 0.625812 0.000000 0.000000 0.000000 0.000000 1.000000
0.996716 0.030926 0.074843 0.000000 0.048064 0.517908 -0.854085 51.588001 -0.065175 0.854877 0.514721 -0.000000 0.000000 0.000000 0.000000 1.000000
0.990358 -0.010593 0.138128 0.000000 0.128624 0.440636 -0.888423 51.588001 -0.051453 0.897623 0.437750 0.000000 0.000000 0.000000 0.000000 1.000000
0.991406 -0.004792 0.130734 0.000000 0.117967 0.464738 -0.877555 51.588001 -0.056552 0.885435 0.461310 -0.000000 0.000000 0.000000 0.000000 1.000000
0.995646 0.093211 -0.000564 0.000000 -0.055473 0.587666 -0.807199 51.588001 -0.074909 0.803716 0.590279 0.000000 0.000000 0.000000 0.000000 1.000000
0.994253 0.105018 -0.020795 0.000000 -0.065124 0.439133 -0.896059 51.588001 -0.084971 0.892263 0.443448 0.000000 0.000000 0.000000 0.000000 1.000000
0.995015 0.098108 -0.017869 -0.000000 -0.039282 0.220915 -0.974502 51.588001 -0.091659 0.970346 0.223668 0.000000 0.000000 0.000000 0.000000 1.000000
0.995816 0.090904 -0.009337 0.000000 -0.024917 0.171796 -0.984817 51.588001 -0.087919 0.980929 0.173342 0.000000 0.000000 0.000000 0.000000 1.000000</float_array>
        <technique_common>
          <accessor source="#mixamorig_RightFoot-Matrix-animation-output-transform-array" count="22" stride="16">
            <param type="float4x4"/>
          </accessor>
        </technique_common>
      </source>
      <source id="mixamorig_RightFoot-Interpolations">
        <Name_array id="mixamorig_RightFoot-Interpolations-array" count="22">
 LINEAR LINEAR LINEAR LINEAR LINEAR LINEAR LINEAR LINEAR LINEAR LINEAR LINEAR
LINEAR LINEAR LINEAR LINEAR LINEAR LINEAR LINEAR LINEAR LINEAR LINEAR LINEAR</Name_array>
        <technique_common>
          <accessor source="#mixamorig_RightFoot-Interpolations-array" count="22">
            <param type="name"/>
          </accessor>
        </technique_common>
      </source>
      <sampler id="mixamorig_RightFoot-Matrix-animation-transform">
        <input semantic="INPUT" source="#mixamorig_RightFoot-Matrix-animation-input"/>
        <input semantic="OUTPUT" source="#mixamorig_RightFoot-Matrix-animation-output-transform"/>
        <input semantic="INTERPOLATION" source="#mixamorig_RightFoot-Interpolations"/>
      </sampler>
      <channel source="#mixamorig_RightFoot-Matrix-animation-transform" target="mixamorig_RightFoot/matrix"/>
    </animation>
    <animation id="mixamorig_RightToeBase-anim" name="mixamorig_RightToeBase">
      <source id="mixamorig_RightToeBase-Matrix-animation-input">
        <float_array id="mixamorig_RightToeBase-Matrix-animation-input-array" count="22">

0.000000 0.033333 0.066667 0.100000 0.133333 0.166667 0.200000 0.233333 0.266667 0.300000 0.333333 0.366667 0.400000 0.433333 0.466667 0.500000
0.533333 0.566667 0.600000 0.633333 0.666667 0.700000</float_array>
        <technique_common>
          <accessor source="#mixamorig_RightToeBase-Matrix-animation-input-array" count="22">
            <param name="TIME" type="float"/>
          </accessor>
        </technique_common>
      </source>
      <source id="mixamorig_RightToeBase-Matrix-animation-output-transform">
        <float_array id="mixamorig_RightToeBase-Matrix-animation-output-transform-array" count="352">

0.975387 -0.218365 0.030622 0.000000 0.157696 0.593739 -0.789054 21.400000 0.154120 0.774461 0.613561 0.000000 0.000000 0.000000 0.000000 1.000000
0.971978 -0.231057 0.043254 0.000000 0.154273 0.488164 -0.859009 21.400000 0.177365 0.841610 0.510131 0.000000 0.000000 0.000000 0.000000 1.000000
0.972625 -0.196383 -0.124235 -0.000000 -0.088091 0.183126 -0.979135 21.400000 0.215036 0.963275 0.160813 0.000000 0.000000 0.000000 0.000000 1.000000
0.982271 -0.086685 -0.166221 -0.000000 -0.093118 0.543941 -0.833941 21.400000 0.162704 0.834634 0.526226 -0.000000 0.000000 0.000000 0.000000 1.000000
0.999017 -0.038991 -0.021110 0.000000 0.010603 0.672383 -0.740128 21.400000 0.043052 0.739176 0.672135 0.000000 0.000000 0.000000 0.000000 1.000000
0.996049 -0.087254 -0.016499 0.000000 0.038959 0.596344 -0.801783 21.400000 0.079798 0.797973 0.597387 0.000000 0.000000 0.000000 0.000000 1.000000
0.986489 -0.158026 -0.043212 0.000000 0.037815 0.476283 -0.878479 21.400000 0.159404 0.864976 0.475823 0.000000 0.000000 0.000000 0.000000 1.000000
0.977707 -0.205241 -0.044323 0.000000 0.056725 0.461420 -0.885366 21.400000 0.202165 0.863115 0.462776 0.000000 0.000000 0.000000 0.000000 1.000000
0.986602 -0.159651 -0.033579 0.000000 0.051389 0.499465 -0.864808 21.400000 0.154840 0.851496 0.500978 0.000000 0.000000 0.000000 0.000000 1.000000
0.988272 -0.150506 -0.025827 0.000000 0.058925 0.531883 -0.844765 21.400000 0.140879 0.833335 0.534514 -0.000000 0.000000 0.000000 0.000000 1.000000
0.986697 -0.160400 -0.026471 0.000000 0.066603 0.547378 -0.834231 21.400000 0.148300 0.821370 0.550780 -0.000000 0.000000 0.000000 0.000000 1.000000
0.988474 -0.148316 -0.030351 0.000000 0.056734 0.548785 -0.834036 21.400000 0.140357 0.822701 0.550875 -0.000000 0.000000 0.000000 0.000000 1.000000
0.985806 -0.165878 -0.025912 0.000000 0.077761 0.587910 -0.805180 21.400000 0.148796 0.791736 0.592464 0.000000 0.000000 0.000000 0.000000 1.000000
0.984631 -0.172617 -0.026563 0.000000 0.085892 0.611035 -0.786930 21.400000 0.152069 0.772554 0.616470 0.000000 0.000000 0.000000 0.000000 1.000000
0.973206 -0.225807 -0.043367 -0.000000 0.108700 0.618023 -0.778609 21.400000 0.202617 0.753033 0.626009 0.000000 0.000000 0.000000 0.000000 1.000000
0.974330 -0.220392 -0.045926 0.000000 0.107299 0.633956 -0.765889 21.400000 0.197911 0.741301 0.641330 0.000000 0.000000 0.000000 0.000000 1.000000
0.966411 -0.249608 -0.061193 0.000000 0.115866 0.635699 -0.763192 21.400000 0.229399 0.730468 0.643267 -0.000000 0.000000 0.000000 0.000000 1.000000
0.969764 -0.233562 -0.070755 0.000000 0.090747 0.614254 -0.783873 21.400000 0.226544 0.753751 0.616877 0.000000 0.000000 0.000000 0.000000 1.000000
0.973651 -0.218306 -0.065930 0.000000 0.091934 0.640329 -0.762579 21.400000 0.208692 0.736424 0.643527 0.000000 0.000000 0.000000 0.000000 1.000000
0.978326 -0.207022 -0.004546 -0.000000 0.141003 0.682095 -0.717540 21.400000 0.151648 0.701347 0.696502 -0.000000 0.000000 0.000000 0.000000 1.000000
0.977932 -0.208839 0.006022 0.000000 0.146917 0.666903 -0.730518 21.400000 0.148544 0.715281 0.682867 0.000000 0.000000 0.000000 0.000000 1.000000
0.975387 -0.218365 0.030622 0.000000 0.157696 0.593739 -0.789054 21.400000 0.154120 0.774461 0.613561 0.000000 0.000000 0.000000 0.000000 1.000000</float_array>
        <technique_common>
          <accessor source="#mixamorig_RightToeBase-Matrix-animation-output-transform-array" count="22" stride="16">
            <param type="float4x4"/>
          </accessor>
        </technique_common>
      </source>
      <source id="mixamorig_RightToeBase-Interpolations">
        <Name_array id="mixamorig_RightToeBase-Interpolations-array" count="22">
 LINEAR LINEAR LINEAR LINEAR LINEAR LINEAR LINEAR LINEAR LINEAR LINEAR LINEAR
LINEAR LINEAR LINEAR LINEAR LINEAR LINEAR LINEAR LINEAR LINEAR LINEAR LINEAR</Name_array>
        <technique_common>
          <accessor source="#mixamorig_RightToeBase-Interpolations-array" count="22">
            <param type="name"/>
          </accessor>
        </technique_common>
      </source>
      <sampler id="mixamorig_RightToeBase-Matrix-animation-transform">
        <input semantic="INPUT" source="#mixamorig_RightToeBase-Matrix-animation-input"/>
        <input semantic="OUTPUT" source="#mixamorig_RightToeBase-Matrix-animation-output-transform"/>
        <input semantic="INTERPOLATION" source="#mixamorig_RightToeBase-Interpolations"/>
      </sampler>
      <channel source="#mixamorig_RightToeBase-Matrix-animation-transform" target="mixamorig_RightToeBase/matrix"/>
    </animation>
  </library_animations>
  <library_visual_scenes>
    <visual_scene id="RootNode" name="RootNode">
      <node id="mixamorig_Hips" name="mixamorig_Hips" sid="mixamorig_Hips" type="JOINT">
        <matrix sid="matrix">0.994296 0.090257 0.056833 -0.290854 -0.084595 0.991858 -0.095189 105.388687 -0.064961 0.089839 0.993836 -1.558046 0.000000 0.000000 0.000000 1.000000</matrix>
        <node id="mixamorig_Spine" name="mixamorig_Spine" sid="mixamorig_Spine" type="JOINT">
          <matrix sid="matrix">0.997782 -0.063247 0.020753 -0.000000 0.064793 0.994270 -0.085022 13.214800 -0.015256 0.086178 0.996163 0.000000 0.000000 0.000000 0.000000 1.000000</matrix>
          <node id="mixamorig_Spine1" name="mixamorig_Spine1" sid="mixamorig_Spine1" type="JOINT">
            <matrix sid="matrix">0.998374 -0.029681 0.048664 0.000000 0.037606 0.984549 -0.171026 9.224200 -0.042836 0.172578 0.984064 0.000000 0.000000 0.000000 0.000000 1.000000</matrix>
            <node id="mixamorig_Spine2" name="mixamorig_Spine2" sid="mixamorig_Spine2" type="JOINT">
              <matrix sid="matrix">0.998376 -0.029555 0.048710 0.000000 0.037489 0.984556 -0.171011 11.063000 -0.042904 0.172559 0.984064 -0.000000 0.000000 0.000000 0.000000 1.000000</matrix>
              <node id="mixamorig_Neck" name="mixamorig_Neck" sid="mixamorig_Neck" type="JOINT">
                <matrix sid="matrix">0.998465 0.007577 -0.054863 -0.006000 -0.000366 0.991478 0.130270 23.723499 0.055382 -0.130050 0.989959 -1.446200 0.000000 0.000000 0.000000 1.000000</matrix>
                <node id="mixamorig_Head" name="mixamorig_Head" sid="mixamorig_Head" type="JOINT">
                  <matrix sid="matrix">0.987594 0.090815 -0.128108 -0.000000 -0.057729 0.968649 0.241632 10.037100 0.146036 -0.231239 0.961874 3.529500 0.000000 0.000000 0.000000 1.000000</matrix>
                  <node id="mixamorig_HeadTop_End" name="mixamorig_HeadTop_End" sid="mixamorig_HeadTop_End" type="JOINT">
                    <matrix sid="matrix">1.000000 -0.000000 0.000000 0.000000 0.000000 1.000000 -0.000000 17.783001 0.000000 0.000000 1.000000 3.803600 0.000000 0.000000 0.000000 1.000000</matrix>
                  </node>
                  <node id="mixamorig_RightEye" name="mixamorig_RightEye" sid="mixamorig_RightEye" type="JOINT">
                    <matrix sid="matrix">1.000000 -0.000000 -0.000000 -3.293300 -0.000000 0.000000 -1.000000 4.765900 0.000000 1.000000 0.000000 6.339300 0.000000 0.000000 0.000000 1.000000</matrix>
                  </node>
                </node>
              </node>
              <node id="mixamorig_LeftShoulder" name="mixamorig_LeftShoulder" sid="mixamorig_LeftShoulder" type="JOINT">
                <matrix sid="matrix">0.004181 0.808519 -0.588455 11.304900 0.031532 -0.588275 -0.808046 19.886000 -0.999494 -0.015177 -0.027954 -3.966000 0.000000 0.000000 0.000000 1.000000</matrix>
                <node id="mixamorig_LeftArm" name="mixamorig_LeftArm" sid="mixamorig_LeftArm" type="JOINT">
                  <matrix sid="matrix">0.899531 0.425439 -0.099223 0.000000 -0.391311 0.683716 -0.615961 12.686800 -0.194213 0.592904 0.781503 0.000000 0.000000 0.000000 0.000000 1.000000</matrix>
                  <node id="mixamorig_LeftForeArm" name="mixamorig_LeftForeArm" sid="mixamorig_LeftForeArm" type="JOINT">
                    <matrix sid="matrix">-0.240755 -0.951157 0.193228 0.000000 0.970338 -0.240371 0.025787 30.736700 0.021919 0.193705 0.980815 0.000000 0.000000 0.000000 0.000000 1.000000</matrix>
                    <node id="mixamorig_LeftHand" name="mixamorig_LeftHand" sid="mixamorig_LeftHand" type="JOINT">
                      <matrix sid="matrix">0.918344 -0.348409 0.187767 0.000000 0.346011 0.937078 0.046491 26.713100 -0.192151 0.022275 0.981113 -0.000000 0.000000 0.000000 0.000000 1.000000</matrix>
                      <node id="mixamorig_LeftHandThumb1" name="mixamorig_LeftHandThumb1" sid="mixamorig_LeftHandThumb1" type="JOINT">
                        <matrix sid="matrix">0.786593 -0.565599 0.247728 -2.604400 0.611365 0.657101 -0.440966 4.344900 0.086628 0.498313 0.862658 2.566800 0.000000 0.000000 0.000000 1.000000</matrix>
                        <node id="mixamorig_LeftHandThumb2" name="mixamorig_LeftHandThumb2" sid="mixamorig_LeftHandThumb2" type="JOINT">
                          <matrix sid="matrix">0.965722 0.259558 -0.003399 0.000000 -0.259573 0.965710 -0.005102 4.523200 0.001958 0.005809 0.999981 -0.000000 0.000000 0.000000 0.000000 1.000000</matrix>
                          <node id="mixamorig_LeftHandThumb3" name="mixamorig_LeftHandThumb3" sid="mixamorig_LeftHandThumb3" type="JOINT">
                            <matrix sid="matrix">1.000000 -0.000000 0.000000 0.000000 0.000000 1.000000 0.000000 3.636400 -0.000000 -0.000000 1.000000 0.000000 0.000000 0.000000 0.000000 1.000000</matrix>
                            <node id="mixamorig_LeftHandThumb4" name="mixamorig_LeftHandThumb4" sid="mixamorig_LeftHandThumb4" type="JOINT">
                              <matrix sid="matrix">1.000000 -0.000000 -0.000000 0.000000 -0.000000 1.000000 0.000000 3.907300 -0.000000 -0.000000 1.000000 0.000000 0.000000 0.000000 0.000000 1.000000</matrix>
                            </node>
                          </node>
                        </node>
                      </node>
                      <node id="mixamorig_LeftHandIndex1" name="mixamorig_LeftHandIndex1" sid="mixamorig_LeftHandIndex1" type="JOINT">
                        <matrix sid="matrix">0.992391 -0.095975 0.077129 -3.402400 0.095564 0.205395 -0.974002 12.111600 0.077638 0.973962 0.213004 0.315900 0.000000 0.000000 0.000000 1.000000</matrix>
                        <node id="mixamorig_LeftHandIndex2" name="mixamorig_LeftHandIndex2" sid="mixamorig_LeftHandIndex2" type="JOINT">
                          <matrix sid="matrix">0.991672 -0.111266 0.064862 -0.000000 0.072693 0.067821 -0.995046 4.509100 0.106315 0.991474 0.075345 0.000000 0.000000 0.000000 0.000000 1.000000</matrix>
                          <node id="mixamorig_LeftHandIndex3" name="mixamorig_LeftHandIndex3" sid="mixamorig_LeftHandIndex3" type="JOINT">
                            <matrix sid="matrix">1.000000 0.000000 -0.000000 -0.000000 -0.000000 1.000000 -0.000000 2.907200 0.000000 0.000000 1.000000 0.000000 0.000000 0.000000 0.000000 1.000000</matrix>
                            <node id="mixamorig_LeftHandIndex4" name="mixamorig_LeftHandIndex4" sid="mixamorig_LeftHandIndex4" type="JOINT">
                              <matrix sid="matrix">1.000000 -0.000000 -0.000000 0.000000 0.000000 1.000000 0.000000 2.981700 -0.000000 0.000000 1.000000 -0.000000 0.000000 0.000000 0.000000 1.000000</matrix>
                            </node>
                          </node>
                        </node>
                      </node>
                      <node id="mixamorig_LeftHandMiddle1" name="mixamorig_LeftHandMiddle1" sid="mixamorig_LeftHandMiddle1" type="JOINT">
                        <matrix sid="matrix">0.994356 -0.092410 0.052119 0.000000 0.065323 0.146172 -0.987100 13.093800 0.083600 0.984934 0.151383 0.000000 0.000000 0.000000 0.000000 1.000000</matrix>
                        <node id="mixamorig_LeftHandMiddle2" name="mixamorig_LeftHandMiddle2" sid="mixamorig_LeftHandMiddle2" type="JOINT">
                          <matrix sid="matrix">0.991619 -0.104440 0.076057 0.000000 0.093603 0.174978 -0.980113 3.620200 0.089055 0.979017 0.183287 0.000000 0.000000 0.000000 0.000000 1.000000</matrix>
                          <node id="mixamorig_LeftHandMiddle3" name="mixamorig_LeftHandMiddle3" sid="mixamorig_LeftHandMiddle3" type="JOINT">
                            <matrix sid="matrix">1.000000 0.000000 0.000000 -0.000000 -0.000000 1.000000 -0.000000 2.832500 0.000000 0.000000 1.000000 0.000000 0.000000 0.000000 0.000000 1.000000</matrix>
                            <node id="mixamorig_LeftHandMiddle4" name="mixamorig_LeftHandMiddle4" sid="mixamorig_LeftHandMiddle4" type="JOINT">
                              <matrix sid="matrix">1.000000 0.000000 0.000000 0.000000 0.000000 1.000000 0.000000 4.715600 0.000000 0.000000 1.000000 0.000000 0.000000 0.000000 0.000000 1.000000</matrix>
                            </node>
                          </node>
                        </node>
                      </node>
                      <node id="mixamorig_LeftHandRing1" name="mixamorig_LeftHandRing1" sid="mixamorig_LeftHandRing1" type="JOINT">
                        <matrix sid="matrix">0.994790 -0.057509 -0.084176 3.523100 -0.079721 0.075801 -0.993931 12.918800 0.063540 0.995463 0.070822 -0.015900 0.000000 0.000000 0.000000 1.000000</matrix>
                        <node id="mixamorig_LeftHandRing2" name="mixamorig_LeftHandRing2" sid="mixamorig_LeftHandRing2" type="JOINT">
                          <matrix sid="matrix">0.995752 -0.062729 0.067396 0.000000 0.075019 0.128382 -0.988883 2.936000 0.053379 0.989739 0.132542 0.000000 0.000000 0.000000 0.000000 1.000000</matrix>
                          <node id="mixamorig_LeftHandRing3" name="mixamorig_LeftHandRing3" sid="mixamorig_LeftHandRing3" type="JOINT">
                            <matrix sid="matrix">1.000000 -0.000000 0.000000 0.000000 0.000000 1.000000 -0.000000 3.435600 -0.000000 0.000000 1.000000 0.000000 0.000000 0.000000 0.000000 1.000000</matrix>
                            <node id="mixamorig_LeftHandRing4" name="mixamorig_LeftHandRing4" sid="mixamorig_LeftHandRing4" type="JOINT">
                              <matrix sid="matrix">1.000000 0.000000 -0.000000 0.000000 0.000000 1.000000 0.000000 3.120600 -0.000000 -0.000000 1.000000 0.000000 0.000000 0.000000 0.000000 1.000000</matrix>
                            </node>
                          </node>
                        </node>
                      </node>
                      <node id="mixamorig_LeftHandPinky1" name="mixamorig_LeftHandPinky1" sid="mixamorig_LeftHandPinky1" type="JOINT">
                        <matrix sid="matrix">0.980232 -0.061368 -0.188094 6.518400 -0.189749 -0.022321 -0.981579 11.479300 0.056039 0.997866 -0.033524 0.316100 0.000000 0.000000 0.000000 1.000000</matrix>
                        <node id="mixamorig_LeftHandPinky2" name="mixamorig_LeftHandPinky2" sid="mixamorig_LeftHandPinky2" type="JOINT">
                          <matrix sid="matrix">0.993693 -0.025489 0.109198 -0.000000 0.108224 -0.036878 -0.993442 2.474700 0.029348 0.998995 -0.033887 0.000000 0.000000 0.000000 0.000000 1.000000</matrix>
                          <node id="mixamorig_LeftHandPinky3" name="mixamorig_LeftHandPinky3" sid="mixamorig_LeftHandPinky3" type="JOINT">
                            <matrix sid="matrix">1.000000 0.000000 -0.000000 0.000000 -0.000000 1.000000 -0.000000 2.073800 0.000000 0.000000 1.000000 0.000000 0.000000 0.000000 0.000000 1.000000</matrix>
                            <node id="mixamorig_LeftHandPinky4" name="mixamorig_LeftHandPinky4" sid="mixamorig_LeftHandPinky4" type="JOINT">
                              <matrix sid="matrix">1.000000 0.000000 0.000000 -0.000000 0.000000 1.000000 -0.000000 2.978900 0.000000 0.000000 1.000000 0.000000 0.000000 0.000000 0.000000 1.000000</matrix>
                            </node>
                          </node>
                        </node>
                      </node>
                    </node>
                  </node>
                </node>
              </node>
              <node id="mixamorig_RightShoulder" name="mixamorig_RightShoulder" sid="mixamorig_RightShoulder" type="JOINT">
                <matrix sid="matrix">0.088409 -0.801676 0.591185 -11.278600 -0.026161 -0.595173 -0.803171 19.886000 0.995741 0.055541 -0.073591 -3.966000 0.000000 0.000000 0.000000 1.000000</matrix>
                <node id="mixamorig_RightArm" name="mixamorig_RightArm" sid="mixamorig_RightArm" type="JOINT">
                  <matrix sid="matrix">0.982800 -0.163571 0.085727 0.000000 0.184670 0.867109 -0.462622 12.686800 0.001337 0.470496 0.882401 -0.000000 0.000000 0.000000 0.000000 1.000000</matrix>
                  <node id="mixamorig_RightForeArm" name="mixamorig_RightForeArm" sid="mixamorig_RightForeArm" type="JOINT">
                    <matrix sid="matrix">0.018779 0.996479 -0.081713 -0.000000 -0.998352 0.014257 -0.055582 30.736700 -0.054222 0.082622 0.995105 0.000000 0.000000 0.000000 0.000000 1.000000</matrix>
                    <node id="mixamorig_RightHand" name="mixamorig_RightHand" sid="mixamorig_RightHand" type="JOINT">
                      <matrix sid="matrix">0.994847 0.101254 0.005143 0.000000 -0.100949 0.993993 -0.042287 26.713100 -0.009394 0.041550 0.999092 0.000000 0.000000 0.000000 0.000000 1.000000</matrix>
                      <node id="mixamorig_RightHandThumb1" name="mixamorig_RightHandThumb1" sid="mixamorig_RightHandThumb1" type="JOINT">
                        <matrix sid="matrix">0.840847 0.464500 -0.277879 2.712200 -0.540509 0.693283 -0.476665 6.800000 -0.028762 0.550998 0.834011 2.789800 0.000000 0.000000 0.000000 1.000000</matrix>
                        <node id="mixamorig_RightHandThumb2" name="mixamorig_RightHandThumb2" sid="mixamorig_RightHandThumb2" type="JOINT">
                          <matrix sid="matrix">0.977249 -0.212089 0.001825 0.000000 0.212086 0.977250 0.001729 4.523200 -0.002150 -0.001302 0.999997 0.000000 0.000000 0.000000 0.000000 1.000000</matrix>
                          <node id="mixamorig_RightHandThumb3" name="mixamorig_RightHandThumb3" sid="mixamorig_RightHandThumb3" type="JOINT">
                            <matrix sid="matrix">1.000000 -0.000000 -0.000000 0.000000 0.000000 1.000000 -0.000000 3.636400 0.000000 0.000000 1.000000 0.000000 0.000000 0.000000 0.000000 1.000000</matrix>
                            <node id="mixamorig_RightHandThumb4" name="mixamorig_RightHandThumb4" sid="mixamorig_RightHandThumb4" type="JOINT">
                              <matrix sid="matrix">1.000000 0.000000 -0.000000 0.000000 -0.000000 1.000000 -0.000000 3.907300 0.000000 0.000000 1.000000 -0.000000 0.000000 0.000000 0.000000 1.000000</matrix>
                            </node>
                          </node>
                        </node>
                      </node>
                      <node id="mixamorig_RightHandIndex1" name="mixamorig_RightHandIndex1" sid="mixamorig_RightHandIndex1" type="JOINT">
                        <matrix sid="matrix">0.996871 -0.041830 -0.067077 3.526400 -0.051849 0.294527 -0.954235 14.497500 0.059672 0.954727 0.291437 1.249000 0.000000 0.000000 0.000000 1.000000</matrix>
                        <node id="mixamorig_RightHandIndex2" name="mixamorig_RightHandIndex2" sid="mixamorig_RightHandIndex2" type="JOINT">
                          <matrix sid="matrix">0.993941 0.095299 -0.054760 0.000000 -0.051425 -0.037111 -0.997987 4.509100 -0.097139 0.994757 -0.031986 0.000000 0.000000 0.000000 0.000000 1.000000</matrix>
                          <node id="mixamorig_RightHandIndex3" name="mixamorig_RightHandIndex3" sid="mixamorig_RightHandIndex3" type="JOINT">
                            <matrix sid="matrix">1.000000 0.000000 0.000000 0.000000 -0.000000 1.000000 -0.000000 2.907200 -0.000000 0.000000 1.000000 0.000000 0.000000 0.000000 0.000000 1.000000</matrix>
                            <node id="mixamorig_RightHandIndex4" name="mixamorig_RightHandIndex4" sid="mixamorig_RightHandIndex4" type="JOINT">
                              <matrix sid="matrix">1.000000 0.000000 -0.000000 0.000000 0.000000 1.000000 0.000000 2.981700 0.000000 -0.000000 1.000000 0.000000 0.000000 0.000000 0.000000 1.000000</matrix>
                            </node>
                          </node>
                        </node>
                      </node>
                      <node id="mixamorig_RightHandMiddle1" name="mixamorig_RightHandMiddle1" sid="mixamorig_RightHandMiddle1" type="JOINT">
                        <matrix sid="matrix">0.998638 0.044588 -0.027099 0.000000 -0.035725 0.205751 -0.977952 15.099700 -0.038029 0.977588 0.207063 0.000000 0.000000 0.000000 0.000000 1.000000</matrix>
                        <node id="mixamorig_RightHandMiddle2" name="mixamorig_RightHandMiddle2" sid="mixamorig_RightHandMiddle2" type="JOINT">
                          <matrix sid="matrix">0.993763 0.087659 -0.068931 0.000000 -0.075231 0.070719 -0.994655 3.620200 -0.082316 0.993637 0.076873 0.000000 0.000000 0.000000 0.000000 1.000000</matrix>
                          <node id="mixamorig_RightHandMiddle3" name="mixamorig_RightHandMiddle3" sid="mixamorig_RightHandMiddle3" type="JOINT">
                            <matrix sid="matrix">1.000000 -0.000000 0.000000 0.000000 -0.000000 1.000000 -0.000000 2.832500 -0.000000 0.000000 1.000000 -0.000000 0.000000 0.000000 0.000000 1.000000</matrix>
                            <node id="mixamorig_RightHandMiddle4" name="mixamorig_RightHandMiddle4" sid="mixamorig_RightHandMiddle4" type="JOINT">
                              <matrix sid="matrix">1.000000 -0.000000 -0.000000 0.000000 0.000000 1.000000 0.000000 4.715600 0.000000 0.000000 1.000000 0.000000 0.000000 0.000000 0.000000 1.000000</matrix>
                            </node>
                          </node>
                        </node>
                      </node>
                      <node id="mixamorig_RightHandRing1" name="mixamorig_RightHandRing1" sid="mixamorig_RightHandRing1" type="JOINT">
                        <matrix sid="matrix">0.996613 0.057110 0.059172 -3.512100 0.054618 0.078248 -0.995437 15.621700 -0.061480 0.995297 0.074863 0.773000 0.000000 0.000000 0.000000 1.000000</matrix>
                        <node id="mixamorig_RightHandRing2" name="mixamorig_RightHandRing2" sid="mixamorig_RightHandRing2" type="JOINT">
                          <matrix sid="matrix">0.991546 0.086646 -0.096588 0.000000 -0.098994 0.023906 -0.994801 2.936000 -0.083886 0.995952 0.032281 0.000000 0.000000 0.000000 0.000000 1.000000</matrix>
                          <node id="mixamorig_RightHandRing3" name="mixamorig_RightHandRing3" sid="mixamorig_RightHandRing3" type="JOINT">
                            <matrix sid="matrix">1.000000 -0.000000 0.000000 0.000000 0.000000 1.000000 0.000000 3.435600 0.000000 -0.000000 1.000000 0.000000 0.000000 0.000000 0.000000 1.000000</matrix>
                            <node id="mixamorig_RightHandRing4" name="mixamorig_RightHandRing4" sid="mixamorig_RightHandRing4" type="JOINT">
                              <matrix sid="matrix">1.000000 0.000000 -0.000000 0.000000 0.000000 1.000000 0.000000 3.120600 0.000000 0.000000 1.000000 -0.000000 0.000000 0.000000 0.000000 1.000000</matrix>
                            </node>
                          </node>
                        </node>
                      </node>
                      <node id="mixamorig_RightHandPinky1" name="mixamorig_RightHandPinky1" sid="mixamorig_RightHandPinky1" type="JOINT">
                        <matrix sid="matrix">0.988107 0.090202 0.124531 -6.433200 0.136403 -0.140327 -0.980664 14.089700 -0.070983 0.985988 -0.150962 1.001200 0.000000 0.000000 0.000000 1.000000</matrix>
                        <node id="mixamorig_RightHandPinky2" name="mixamorig_RightHandPinky2" sid="mixamorig_RightHandPinky2" type="JOINT">
                          <matrix sid="matrix">0.982342 0.070703 -0.173223 -0.000000 -0.162061 -0.141111 -0.976639 2.474700 -0.093495 0.987466 -0.127161 -0.000000 0.000000 0.000000 0.000000 1.000000</matrix>
                          <node id="mixamorig_RightHandPinky3" name="mixamorig_RightHandPinky3" sid="mixamorig_RightHandPinky3" type="JOINT">
                            <matrix sid="matrix">1.000000 -0.000000 -0.000000 0.000000 0.000000 1.000000 0.000000 2.073800 0.000000 -0.000000 1.000000 0.000000 0.000000 0.000000 0.000000 1.000000</matrix>
                            <node id="mixamorig_RightHandPinky4" name="mixamorig_RightHandPinky4" sid="mixamorig_RightHandPinky4" type="JOINT">
                              <matrix sid="matrix">1.000000 0.000000 0.000000 0.000000 0.000000 1.000000 -0.000000 2.978900 0.000000 -0.000000 1.000000 -0.000000 0.000000 0.000000 0.000000 1.000000</matrix>
                            </node>
                          </node>
                        </node>
                      </node>
                    </node>
                  </node>
                </node>
              </node>
            </node>
          </node>
        </node>
        <node id="mixamorig_LeftUpLeg" name="mixamorig_LeftUpLeg" sid="mixamorig_LeftUpLeg" type="JOINT">
          <matrix sid="matrix">-0.998094 0.011983 0.060534 9.418100 0.035573 -0.689835 0.723092 -4.875100 0.050423 0.723868 0.688094 1.897700 0.000000 0.000000 0.000000 1.000000</matrix>
          <node id="mixamorig_LeftLeg" name="mixamorig_LeftLeg" sid="mixamorig_LeftLeg" type="JOINT">
            <matrix sid="matrix">0.972490 -0.040685 -0.229366 0.000000 0.205860 -0.310716 0.927943 48.478100 -0.109021 -0.949632 -0.293792 0.000000 0.000000 0.000000 0.000000 1.000000</matrix>
            <node id="mixamorig_LeftFoot" name="mixamorig_LeftFoot" sid="mixamorig_LeftFoot" type="JOINT">
              <matrix sid="matrix">0.988495 -0.135435 0.067344 -0.000000 0.119538 0.426715 -0.896451 51.588001 0.092674 0.894188 0.437995 0.000000 0.000000 0.000000 0.000000 1.000000</matrix>
              <node id="mixamorig_LeftToeBase" name="mixamorig_LeftToeBase" sid="mixamorig_LeftToeBase" type="JOINT">
                <matrix sid="matrix">0.986289 0.053113 -0.156245 0.000000 -0.143584 0.742893 -0.653830 21.400000 0.081347 0.667300 0.740334 -0.000000 0.000000 0.000000 0.000000 1.000000</matrix>
                <node id="mixamorig_LeftToe_End" name="mixamorig_LeftToe_End" sid="mixamorig_LeftToe_End" type="JOINT">
                  <matrix sid="matrix">1.000000 0.000000 0.000000 0.000000 -0.000000 1.000000 -0.000000 12.650800 0.000000 0.000000 1.000000 0.000000 0.000000 0.000000 0.000000 1.000000</matrix>
                </node>
              </node>
            </node>
          </node>
        </node>
        <node id="mixamorig_RightUpLeg" name="mixamorig_RightUpLeg" sid="mixamorig_RightUpLeg" type="JOINT">
          <matrix sid="matrix">-0.987079 0.100013 -0.125188 -9.418100 -0.143936 -0.896740 0.418497 -4.875100 -0.070406 0.431109 0.899549 1.897700 0.000000 0.000000 0.000000 1.000000</matrix>
          <node id="mixamorig_RightLeg" name="mixamorig_RightLeg" sid="mixamorig_RightLeg" type="JOINT">
            <matrix sid="matrix">0.999558 0.027978 0.010078 0.000000 -0.022521 0.490874 0.870939 48.478100 0.019420 -0.870781 0.491287 0.000000 0.000000 0.000000 0.000000 1.000000</matrix>
            <node id="mixamorig_RightFoot" name="mixamorig_RightFoot" sid="mixamorig_RightFoot" type="JOINT">
              <matrix sid="matrix">0.995816 0.090904 -0.009337 0.000000 -0.024917 0.171796 -0.984817 51.588001 -0.087919 0.980929 0.173342 0.000000 0.000000 0.000000 0.000000 1.000000</matrix>
              <node id="mixamorig_RightToeBase" name="mixamorig_RightToeBase" sid="mixamorig_RightToeBase" type="JOINT">
                <matrix sid="matrix">0.975387 -0.218365 0.030622 0.000000 0.157696 0.593739 -0.789054 21.400000 0.154120 0.774461 0.613561 0.000000 0.000000 0.000000 0.000000 1.000000</matrix>
                <node id="mixamorig_RightToe_End" name="mixamorig_RightToe_End" sid="mixamorig_RightToe_End" type="JOINT">
                  <matrix sid="matrix">1.000000 -0.000000 -0.000000 0.000000 0.000000 1.000000 0.000000 12.651100 0.000000 0.000000 1.000000 0.000000 0.000000 0.000000 0.000000 1.000000</matrix>
                </node>
              </node>
            </node>
          </node>
        </node>
      </node>
    </visual_scene>
  </library_visual_scenes>
  <scene>
    <instance_visual_scene url="#RootNode"/>
  </scene>
</COLLADA>
