<?xml version="1.0" encoding="utf-8"?>
<COLLADA xmlns="http://www.collada.org/2005/11/COLLADASchema" version="1.4.1">
  <asset>
    <contributor>
      <author>Mixamo</author>
      <authoring_tool>COLLADA Mixamo exporter</authoring_tool>
      <comments/>
    </contributor>
    <created>2025-11-12T20:52:16Z</created>
    <modified>2025-11-12T20:52:16Z</modified>
    <revision/>
    <title/>
    <unit meter="0.010000"/>
    <up_axis>Y_UP</up_axis>
  </asset>
  <library_animations>
    <animation id="mixamorig_Hips-anim" name="mixamorig_Hips">
      <source id="mixamorig_Hips-Matrix-animation-input">
        <float_array id="mixamorig_Hips-Matrix-animation-input-array" count="39">

0.000000 0.033333 0.066667 0.100000 0.133333 0.166667 0.200000 0.233333 0.266667 0.300000 0.333333 0.366667 0.400000 0.433333 0.466667 0.500000
0.533333 0.566667 0.600000 0.633333 0.666667 0.700000 0.733333 0.766667 0.800000 0.833333 0.866667 0.900000 0.933333 0.966667 1.000000 1.033333
1.066667 1.100000 1.133333 1.166667 1.200000 1.233333 1.266667</float_array>
        <technique_common>
          <accessor source="#mixamorig_Hips-Matrix-animation-input-array" count="39">
            <param name="TIME" type="float"/>
          </accessor>
        </technique_common>
      </source>
      <source id="mixamorig_Hips-Matrix-animation-output-transform">
        <float_array id="mixamorig_Hips-Matrix-animation-output-transform-array" count="624">

0.579455 0.118825 0.806295 -2.396586 0.019104 0.987062 -0.159195 100.216492 -0.814780 0.107650 0.569688 -1.441218 0.000000 0.000000 0.000000 1.000000
0.586960 0.108494 0.802313 -1.847706 0.002111 0.990772 -0.135523 100.740654 -0.809613 0.081240 0.581315 -1.845717 0.000000 0.000000 0.000000 1.000000
0.594152 0.098692 0.798275 -1.252091 -0.012994 0.993492 -0.113156 101.294693 -0.804248 0.056859 0.591568 -2.339953 0.000000 0.000000 0.000000 1.000000
0.600711 0.089312 0.794462 -0.616834 -0.026681 0.995426 -0.091729 101.870338 -0.799021 0.033906 0.600346 -2.906767 0.000000 0.000000 0.000000 1.000000
0.609041 0.081347 0.788956 0.069973 -0.037917 0.996575 -0.073484 102.516457 -0.792232 0.014840 0.610039 -3.598038 0.000000 0.000000 0.000000 1.000000
0.624308 0.076634 0.777411 0.830613 -0.043372 0.997042 -0.063454 103.354553 -0.779974 0.005897 0.625785 -4.544644 0.000000 0.000000 0.000000 1.000000
0.645286 0.074200 0.760329 1.654440 -0.043423 0.997225 -0.060465 104.372437 -0.762706 0.006002 0.646718 -5.734513 0.000000 0.000000 0.000000 1.000000
0.665764 0.070815 0.742794 2.491540 -0.041395 0.997458 -0.057992 105.413734 -0.745013 0.007861 0.667003 -7.021587 0.000000 0.000000 0.000000 1.000000
0.687484 0.063759 0.723396 3.396060 -0.032840 0.997849 -0.056740 106.497452 -0.725457 0.015251 0.688099 -8.434386 0.000000 0.000000 0.000000 1.000000
0.710470 0.053302 0.701706 4.321677 -0.019479 0.998235 -0.056105 107.691254 -0.703458 0.026192 0.710254 -10.272511 0.000000 0.000000 0.000000 1.000000
0.731676 0.039262 0.680521 5.107836 -0.004295 0.998586 -0.052995 108.701485 -0.681639 0.035852 0.730810 -12.356529 0.000000 0.000000 0.000000 1.000000
0.752136 0.022920 0.658609 5.631299 0.012124 0.998745 -0.048603 109.361732 -0.658896 0.044541 0.750914 -14.397926 0.000000 0.000000 0.000000 1.000000
0.770906 0.007368 0.636906 5.719328 0.027184 0.998641 -0.044456 109.590057 -0.636368 0.051585 0.769659 -16.022448 0.000000 0.000000 0.000000 1.000000
0.787107 -0.006143 0.616786 5.457371 0.039701 0.998381 -0.040722 109.538071 -0.615537 0.056540 0.786077 -17.242092 0.000000 0.000000 0.000000 1.000000
0.802039 -0.018151 0.596996 5.027090 0.050194 0.998051 -0.037089 109.370667 -0.595159 0.059712 0.801387 -18.296059 0.000000 0.000000 0.000000 1.000000
0.816137 -0.029311 0.577115 4.465988 0.059338 0.997684 -0.033242 109.133888 -0.574804 0.061375 0.815986 -19.191334 0.000000 0.000000 0.000000 1.000000
0.829417 -0.040797 0.557138 3.820984 0.068426 0.997239 -0.028843 108.887085 -0.554423 0.062046 0.829919 -19.905895 0.000000 0.000000 0.000000 1.000000
0.842107 -0.053421 0.536658 3.014883 0.077776 0.996710 -0.022827 108.734657 -0.533672 0.060962 0.843491 -19.928974 0.000000 0.000000 0.000000 1.000000
0.854780 -0.068123 0.514499 1.964059 0.087989 0.996019 -0.014304 108.766403 -0.511477 0.057497 0.857371 -19.127007 0.000000 0.000000 0.000000 1.000000
0.867327 -0.083207 0.490734 0.855508 0.098218 0.995153 -0.004857 108.906952 -0.487951 0.052412 0.871296 -18.047548 0.000000 0.000000 0.000000 1.000000
0.879655 -0.098221 0.465360 -0.215076 0.108646 0.994071 0.004444 109.158379 -0.463037 0.046650 0.885110 -16.984518 0.000000 0.000000 0.000000 1.000000
0.892716 -0.113450 0.436105 -1.236585 0.119576 0.992733 0.013479 109.727554 -0.434466 0.040115 0.899795 -15.918995 0.000000 0.000000 0.000000 1.000000
0.904848 -0.128524 0.405871 -2.196887 0.130887 0.991152 0.022063 110.379280 -0.405115 0.033160 0.913664 -15.055308 0.000000 0.000000 0.000000 1.000000
0.915602 -0.143872 0.375466 -3.095470 0.143040 0.989254 0.030251 111.095688 -0.375784 0.026009 0.926342 -14.464328 0.000000 0.000000 0.000000 1.000000
0.924431 -0.159815 0.346246 -3.927562 0.156330 0.986967 0.038168 111.850662 -0.347834 0.018845 0.937367 -14.054333 0.000000 0.000000 0.000000 1.000000
0.929756 -0.173494 0.324737 -4.531677 0.167934 0.984757 0.045305 112.480888 -0.327647 0.012412 0.944719 -13.705697 0.000000 0.000000 0.000000 1.000000
0.931601 -0.183769 0.313606 -4.836210 0.176579 0.982941 0.051444 112.940659 -0.317710 0.007451 0.948159 -13.451246 0.000000 0.000000 0.000000 1.000000
0.932208 -0.192429 0.306528 -5.022602 0.183759 0.981306 0.057190 113.330376 -0.311803 0.003014 0.950142 -13.211721 0.000000 0.000000 0.000000 1.000000
0.932604 -0.198886 0.301153 -5.142600 0.188795 0.980022 0.062564 113.643265 -0.307580 -0.001491 0.951521 -12.939019 0.000000 0.000000 0.000000 1.000000
0.933400 -0.203808 0.295341 -5.256597 0.192325 0.978990 0.067752 113.918587 -0.302944 -0.006438 0.952987 -12.625927 0.000000 0.000000 0.000000 1.000000
0.934429 -0.208593 0.288671 -5.387487 0.195742 0.977932 0.073031 114.211227 -0.297535 -0.011737 0.954639 -12.306938 0.000000 0.000000 0.000000 1.000000
0.935194 -0.212396 0.283374 -5.465847 0.198233 0.977038 0.078103 114.482834 -0.293456 -0.016867 0.955824 -12.005640 0.000000 0.000000 0.000000 1.000000
0.935402 -0.213993 0.281479 -5.411081 0.198565 0.976602 0.082593 114.717278 -0.292567 -0.021366 0.956006 -11.764606 0.000000 0.000000 0.000000 1.000000
0.934641 -0.212271 0.285285 -5.131043 0.195594 0.976900 0.086080 114.880074 -0.296967 -0.024654 0.954569 -11.632967 0.000000 0.000000 0.000000 1.000000
0.933954 -0.209531 0.289528 -4.798310 0.191647 0.977408 0.089139 115.024841 -0.301664 -0.027764 0.953010 -11.522289 0.000000 0.000000 0.000000 1.000000
0.933586 -0.206270 0.293036 -4.437519 0.187241 0.978006 0.091893 115.158768 -0.305546 -0.030921 0.951675 -11.426843 0.000000 0.000000 0.000000 1.000000
0.933241 -0.202257 0.296906 -3.962392 0.182122 0.978745 0.094284 115.249626 -0.309665 -0.033916 0.950241 -11.429595 0.000000 0.000000 0.000000 1.000000
0.933345 -0.197830 0.299550 -3.479675 0.176696 0.979537 0.096358 115.337082 -0.312483 -0.037006 0.949202 -11.421580 0.000000 0.000000 0.000000 1.000000
0.934083 -0.193036 0.300375 -3.006913 0.171061 0.980366 0.098080 115.426895 -0.313410 -0.040233 0.948765 -11.380489 0.000000 0.000000 0.000000 1.000000</float_array>
        <technique_common>
          <accessor source="#mixamorig_Hips-Matrix-animation-output-transform-array" count="39" stride="16">
            <param type="float4x4"/>
          </accessor>
        </technique_common>
      </source>
      <source id="mixamorig_Hips-Interpolations">
        <Name_array id="mixamorig_Hips-Interpolations-array" count="39">
 LINEAR LINEAR LINEAR LINEAR LINEAR LINEAR LINEAR LINEAR LINEAR LINEAR LINEAR
LINEAR LINEAR LINEAR LINEAR LINEAR LINEAR LINEAR LINEAR LINEAR LINEAR LINEAR LINEAR
LINEAR LINEAR LINEAR LINEAR LINEAR LINEAR LINEAR LINEAR LINEAR LINEAR LINEAR LINEAR
LINEAR LINEAR LINEAR LINEAR</Name_array>
        <technique_common>
          <accessor source="#mixamorig_Hips-Interpolations-array" count="39">
            <param type="name"/>
          </accessor>
        </technique_common>
      </source>
      <sampler id="mixamorig_Hips-Matrix-animation-transform">
        <input semantic="INPUT" source="#mixamorig_Hips-Matrix-animation-input"/>
        <input semantic="OUTPUT" source="#mixamorig_Hips-Matrix-animation-output-transform"/>
        <input semantic="INTERPOLATION" source="#mixamorig_Hips-Interpolations"/>
      </sampler>
      <channel source="#mixamorig_Hips-Matrix-animation-transform" target="mixamorig_Hips/matrix"/>
    </animation>
    <animation id="mixamorig_Spine-anim" name="mixamorig_Spine">
      <source id="mixamorig_Spine-Matrix-animation-input">
        <float_array id="mixamorig_Spine-Matrix-animation-input-array" count="39">

0.000000 0.033333 0.066667 0.100000 0.133333 0.166667 0.200000 0.233333 0.266667 0.300000 0.333333 0.366667 0.400000 0.433333 0.466667 0.500000
0.533333 0.566667 0.600000 0.633333 0.666667 0.700000 0.733333 0.766667 0.800000 0.833333 0.866667 0.900000 0.933333 0.966667 1.000000 1.033333
1.066667 1.100000 1.133333 1.166667 1.200000 1.233333 1.266667</float_array>
        <technique_common>
          <accessor source="#mixamorig_Spine-Matrix-animation-input-array" count="39">
            <param name="TIME" type="float"/>
          </accessor>
        </technique_common>
      </source>
      <source id="mixamorig_Spine-Matrix-animation-output-transform">
        <float_array id="mixamorig_Spine-Matrix-animation-output-transform-array" count="624">

0.996451 -0.051782 -0.066361 -0.000000 0.042933 0.990785 -0.128456 13.214800 0.072402 0.125151 0.989492 0.000000 0.000000 0.000000 0.000000 1.000000
0.998677 -0.035333 -0.037356 0.000000 0.028330 0.984388 -0.173717 13.214800 0.042911 0.172429 0.984087 0.000000 0.000000 0.000000 0.000000 1.000000
0.999780 -0.019316 -0.008204 0.000000 0.017081 0.976097 -0.216662 13.214800 0.012193 0.216474 0.976212 -0.000000 0.000000 0.000000 0.000000 1.000000
0.999766 -0.003624 0.021304 0.000000 0.009000 0.966090 -0.258050 13.214800 -0.019647 0.258182 0.965897 0.000000 0.000000 0.000000 0.000000 1.000000
0.998727 0.011127 0.049206 -0.000000 0.003797 0.956030 -0.293245 13.214800 -0.050305 0.293059 0.954770 -0.000000 0.000000 0.000000 0.000000 1.000000
0.997202 0.023947 0.070812 -0.000000 -0.000671 0.950125 -0.311868 13.214800 -0.074749 0.310948 0.947483 0.000000 0.000000 0.000000 0.000000 1.000000
0.995635 0.035000 0.086519 0.000000 -0.005860 0.948636 -0.316316 13.214800 -0.093146 0.314428 0.944700 0.000000 0.000000 0.000000 0.000000 1.000000
0.993961 0.044538 0.100285 -0.000000 -0.010212 0.947503 -0.319584 13.214800 -0.109254 0.316630 0.942236 0.000000 0.000000 0.000000 0.000000 1.000000
0.993510 0.046301 0.103899 -0.000000 -0.010870 0.947873 -0.318463 13.214800 -0.113228 0.315267 0.942224 0.000000 0.000000 0.000000 0.000000 1.000000
0.994192 0.040390 0.099758 -0.000000 -0.007194 0.949774 -0.312853 13.214800 -0.107384 0.310318 0.944548 0.000000 0.000000 0.000000 0.000000 1.000000
0.995055 0.033369 0.093556 0.000000 -0.002988 0.951510 -0.307602 13.214800 -0.099284 0.305801 0.946905 0.000000 0.000000 0.000000 0.000000 1.000000
0.996004 0.025061 0.085722 0.000000 0.002029 0.953225 -0.302255 13.214800 -0.089288 0.301222 0.949365 0.000000 0.000000 0.000000 0.000000 1.000000
0.996921 0.014394 0.077078 0.000000 0.009156 0.954909 -0.296758 13.214800 -0.077874 0.296550 0.951837 0.000000 0.000000 0.000000 0.000000 1.000000
0.997689 0.001390 0.067938 0.000000 0.018493 0.956502 -0.291139 13.214800 -0.065388 0.291722 0.954265 0.000000 0.000000 0.000000 0.000000 1.000000
0.998226 -0.013273 0.058044 0.000000 0.029335 0.957945 -0.285447 13.214800 -0.051815 0.286644 0.956635 0.000000 0.000000 0.000000 0.000000 1.000000
0.998487 -0.028406 0.047086 0.000000 0.040480 0.959228 -0.279721 13.214800 -0.037221 0.281203 0.958926 -0.000000 0.000000 0.000000 0.000000 1.000000
0.998471 -0.042354 0.035531 0.000000 0.050490 0.960391 -0.274044 13.214800 -0.022517 0.275419 0.961060 0.000000 0.000000 0.000000 0.000000 1.000000
0.998304 -0.053604 0.022722 0.000000 0.057739 0.961673 -0.268052 13.214800 -0.007483 0.268910 0.963136 0.000000 0.000000 0.000000 0.000000 1.000000
0.998071 -0.061188 0.010491 0.000000 0.061802 0.963277 -0.261299 13.214800 0.005883 0.261443 0.965201 0.000000 0.000000 0.000000 0.000000 1.000000
0.997733 -0.067303 0.000135 0.000000 0.065120 0.964854 -0.254591 13.214800 0.017004 0.254022 0.967049 -0.000000 0.000000 0.000000 0.000000 1.000000
0.997357 -0.072184 -0.008246 0.000000 0.067873 0.966203 -0.248688 13.214800 0.025919 0.247471 0.968549 0.000000 0.000000 0.000000 0.000000 1.000000
0.997232 -0.073435 -0.011608 0.000000 0.068370 0.967151 -0.244835 13.214800 0.029206 0.243364 0.969495 0.000000 0.000000 0.000000 0.000000 1.000000
0.997234 -0.073186 -0.012929 -0.000000 0.067892 0.967868 -0.242120 13.214800 0.030233 0.240573 0.970160 0.000000 0.000000 0.000000 0.000000 1.000000
0.997385 -0.071104 -0.012948 0.000000 0.065924 0.968473 -0.240238 13.214800 0.029622 0.238756 0.970628 0.000000 0.000000 0.000000 0.000000 1.000000
0.997669 -0.067149 -0.012167 0.000000 0.062308 0.969034 -0.238939 13.214800 0.027835 0.237624 0.970958 0.000000 0.000000 0.000000 0.000000 1.000000
0.997953 -0.063163 -0.010016 0.000000 0.058968 0.969434 -0.238159 13.214800 0.024753 0.237081 0.971175 0.000000 0.000000 0.000000 0.000000 1.000000
0.998199 -0.059627 -0.006573 0.000000 0.056358 0.969687 -0.237762 13.214800 0.020551 0.236964 0.971301 0.000000 0.000000 0.000000 0.000000 1.000000
0.998411 -0.056286 -0.002763 -0.000000 0.054020 0.969881 -0.237514 13.214800 0.016049 0.236987 0.971380 0.000000 0.000000 0.000000 0.000000 1.000000
0.998527 -0.054239 0.001397 0.000000 0.053020 0.969985 -0.237314 13.214800 0.011516 0.237039 0.971432 0.000000 0.000000 0.000000 0.000000 1.000000
0.998567 -0.053231 0.005514 0.000000 0.053020 0.970050 -0.237048 13.214800 0.007269 0.237001 0.971482 0.000000 0.000000 0.000000 0.000000 1.000000
0.998595 -0.052163 0.009380 0.000000 0.052900 0.970144 -0.236689 13.214800 0.003246 0.236852 0.971540 0.000000 0.000000 0.000000 0.000000 1.000000
0.998599 -0.051236 0.013195 -0.000000 0.052903 0.970253 -0.236240 13.214800 -0.000698 0.236607 0.971605 0.000000 0.000000 0.000000 0.000000 1.000000
0.998570 -0.050753 0.016807 0.000000 0.053286 0.970435 -0.235407 13.214800 -0.004362 0.235966 0.971752 0.000000 0.000000 0.000000 0.000000 1.000000
0.998496 -0.050827 0.020550 0.000000 0.054229 0.970718 -0.234023 13.214800 -0.008054 0.234785 0.972014 0.000000 0.000000 0.000000 0.000000 1.000000
0.998418 -0.050738 0.024223 0.000000 0.054987 0.971052 -0.232453 13.214800 -0.011728 0.233417 0.972306 0.000000 0.000000 0.000000 0.000000 1.000000
0.998350 -0.050032 0.028191 0.000000 0.055199 0.971442 -0.230765 13.214800 -0.015840 0.231941 0.972601 0.000000 0.000000 0.000000 0.000000 1.000000
0.998270 -0.047617 0.034485 0.000000 0.054269 0.971929 -0.228932 13.214800 -0.022616 0.230407 0.972831 -0.000000 0.000000 0.000000 0.000000 1.000000
0.998179 -0.044520 0.040704 0.000000 0.052627 0.972493 -0.226911 13.214800 -0.029482 0.228640 0.973065 0.000000 0.000000 0.000000 0.000000 1.000000
0.998092 -0.040738 0.046405 0.000000 0.050165 0.973149 -0.224643 13.214800 -0.036007 0.226542 0.973336 0.000000 0.000000 0.000000 0.000000 1.000000</float_array>
        <technique_common>
          <accessor source="#mixamorig_Spine-Matrix-animation-output-transform-array" count="39" stride="16">
            <param type="float4x4"/>
          </accessor>
        </technique_common>
      </source>
      <source id="mixamorig_Spine-Interpolations">
        <Name_array id="mixamorig_Spine-Interpolations-array" count="39">
 LINEAR LINEAR LINEAR LINEAR LINEAR LINEAR LINEAR LINEAR LINEAR LINEAR LINEAR
LINEAR LINEAR LINEAR LINEAR LINEAR LINEAR LINEAR LINEAR LINEAR LINEAR LINEAR LINEAR
LINEAR LINEAR LINEAR LINEAR LINEAR LINEAR LINEAR LINEAR LINEAR LINEAR LINEAR LINEAR
LINEAR LINEAR LINEAR LINEAR</Name_array>
        <technique_common>
          <accessor source="#mixamorig_Spine-Interpolations-array" count="39">
            <param type="name"/>
          </accessor>
        </technique_common>
      </source>
      <sampler id="mixamorig_Spine-Matrix-animation-transform">
        <input semantic="INPUT" source="#mixamorig_Spine-Matrix-animation-input"/>
        <input semantic="OUTPUT" source="#mixamorig_Spine-Matrix-animation-output-transform"/>
        <input semantic="INTERPOLATION" source="#mixamorig_Spine-Interpolations"/>
      </sampler>
      <channel source="#mixamorig_Spine-Matrix-animation-transform" target="mixamorig_Spine/matrix"/>
    </animation>
    <animation id="mixamorig_Spine1-anim" name="mixamorig_Spine1">
      <source id="mixamorig_Spine1-Matrix-animation-input">
        <float_array id="mixamorig_Spine1-Matrix-animation-input-array" count="39">

0.000000 0.033333 0.066667 0.100000 0.133333 0.166667 0.200000 0.233333 0.266667 0.300000 0.333333 0.366667 0.400000 0.433333 0.466667 0.500000
0.533333 0.566667 0.600000 0.633333 0.666667 0.700000 0.733333 0.766667 0.800000 0.833333 0.866667 0.900000 0.933333 0.966667 1.000000 1.033333
1.066667 1.100000 1.133333 1.166667 1.200000 1.233333 1.266667</float_array>
        <technique_common>
          <accessor source="#mixamorig_Spine1-Matrix-animation-input-array" count="39">
            <param name="TIME" type="float"/>
          </accessor>
        </technique_common>
      </source>
      <source id="mixamorig_Spine1-Matrix-animation-output-transform">
        <float_array id="mixamorig_Spine1-Matrix-animation-output-transform-array" count="624">

0.998853 0.040920 -0.024858 0.000000 -0.041447 0.998918 -0.021078 9.224200 0.023968 0.022084 0.999469 -0.000000 0.000000 0.000000 0.000000 1.000000
0.999449 0.029711 -0.014775 0.000000 -0.030083 0.999219 -0.025620 9.224200 0.014003 0.026051 0.999563 0.000000 0.000000 0.000000 0.000000 1.000000
0.999810 0.018901 -0.004826 -0.000000 -0.019037 0.999373 -0.029840 9.224200 0.004259 0.029926 0.999543 0.000000 0.000000 0.000000 0.000000 1.000000
0.999952 0.008328 0.005097 -0.000000 -0.008151 0.999396 -0.033795 9.224200 -0.005375 0.033752 0.999416 0.000000 0.000000 0.000000 0.000000 1.000000
0.999898 -0.001166 0.014262 0.000000 0.001698 0.999303 -0.037299 9.224200 -0.014209 0.037319 0.999202 -0.000000 0.000000 0.000000 0.000000 1.000000
0.999751 -0.007588 0.021008 0.000000 0.008423 0.999166 -0.039951 9.224200 -0.020687 0.040118 0.998981 0.000000 0.000000 0.000000 0.000000 1.000000
0.999609 -0.011338 0.025567 0.000000 0.012402 0.999047 -0.041849 9.224200 -0.025068 0.042150 0.998797 0.000000 0.000000 0.000000 0.000000 1.000000
0.999455 -0.014765 0.029531 0.000000 0.016030 0.998943 -0.043075 9.224200 -0.028863 0.043524 0.998635 0.000000 0.000000 0.000000 0.000000 1.000000
0.999393 -0.016926 0.030451 -0.000000 0.018175 0.998985 -0.041216 9.224200 -0.029723 0.041744 0.998686 0.000000 0.000000 0.000000 0.000000 1.000000
0.999428 -0.017819 0.028746 0.000000 0.018875 0.999141 -0.036903 9.224200 -0.028063 0.037424 0.998905 0.000000 0.000000 0.000000 0.000000 1.000000
0.999472 -0.018768 0.026518 0.000000 0.019613 0.999295 -0.032007 9.224200 -0.025899 0.032510 0.999136 0.000000 0.000000 0.000000 0.000000 1.000000
0.999526 -0.019635 0.023696 0.000000 0.020265 0.999440 -0.026614 9.224200 -0.023160 0.027082 0.999365 0.000000 0.000000 0.000000 0.000000 1.000000
0.999580 -0.020578 0.020395 0.000000 0.021006 0.999559 -0.020986 9.224200 -0.019955 0.021406 0.999572 -0.000000 0.000000 0.000000 0.000000 1.000000
0.999626 -0.021648 0.016716 0.000000 0.021905 0.999642 -0.015350 9.224200 -0.016378 0.015710 0.999742 0.000000 0.000000 0.000000 0.000000 1.000000
0.999658 -0.022845 0.012752 0.000000 0.022972 0.999687 -0.009900 9.224200 -0.012522 0.010189 0.999870 0.000000 0.000000 0.000000 0.000000 1.000000
0.999671 -0.024148 0.008598 0.000000 0.024190 0.999696 -0.004825 9.224200 -0.008478 0.005032 0.999951 0.000000 0.000000 0.000000 0.000000 1.000000
0.999663 -0.025574 0.004466 -0.000000 0.025576 0.999673 -0.000336 9.224200 -0.004456 0.000450 0.999990 0.000000 0.000000 0.000000 0.000000 1.000000
0.999625 -0.027395 0.000161 0.000000 0.027395 0.999621 0.002690 9.224200 -0.000235 -0.002684 0.999996 0.000000 0.000000 0.000000 0.000000 1.000000
0.999563 -0.029339 -0.003709 0.000000 0.029355 0.999559 0.004376 9.224200 0.003579 -0.004482 0.999984 0.000000 0.000000 0.000000 0.000000 1.000000
0.999486 -0.031299 -0.006966 -0.000000 0.031337 0.999494 0.005516 9.224200 0.006790 -0.005731 0.999961 -0.000000 0.000000 0.000000 0.000000 1.000000
0.999402 -0.033209 -0.009625 0.000000 0.033272 0.999426 0.006443 9.224200 0.009406 -0.006759 0.999933 0.000000 0.000000 0.000000 0.000000 1.000000
0.999333 -0.034913 -0.010693 -0.000000 0.034987 0.999365 0.006775 9.224200 0.010450 -0.007145 0.999920 0.000000 0.000000 0.000000 0.000000 1.000000
0.999273 -0.036467 -0.011121 0.000000 0.036546 0.999308 0.006982 9.224200 0.010858 -0.007383 0.999914 -0.000000 0.000000 0.000000 0.000000 1.000000
0.999222 -0.037838 -0.011081 0.000000 0.037918 0.999256 0.007093 9.224200 0.010804 -0.007508 0.999913 -0.000000 0.000000 0.000000 0.000000 1.000000
0.999180 -0.039042 -0.010681 -0.000000 0.039118 0.999210 0.006982 9.224200 0.010400 -0.007394 0.999919 0.000000 0.000000 0.000000 0.000000 1.000000
0.999159 -0.039787 -0.009898 0.000000 0.039853 0.999184 0.006602 9.224200 0.009627 -0.006990 0.999929 0.000000 0.000000 0.000000 0.000000 1.000000
0.999149 -0.040311 -0.008771 -0.000000 0.040365 0.999166 0.006120 9.224200 0.008517 -0.006469 0.999943 0.000000 0.000000 0.000000 0.000000 1.000000
0.999144 -0.040679 -0.007549 -0.000000 0.040722 0.999155 0.005569 9.224200 0.007316 -0.005872 0.999956 -0.000000 0.000000 0.000000 0.000000 1.000000
0.999139 -0.040991 -0.006332 -0.000000 0.041023 0.999146 0.004974 9.224200 0.006122 -0.005230 0.999968 0.000000 0.000000 0.000000 0.000000 1.000000
0.999134 -0.041286 -0.005206 -0.000000 0.041309 0.999137 0.004383 9.224200 0.005021 -0.004594 0.999977 -0.000000 0.000000 0.000000 0.000000 1.000000
0.999127 -0.041581 -0.004144 0.000000 0.041597 0.999127 0.003825 9.224200 0.003982 -0.003994 0.999984 0.000000 0.000000 0.000000 0.000000 1.000000
0.999122 -0.041792 -0.003105 0.000000 0.041802 0.999121 0.003253 9.224200 0.002967 -0.003380 0.999990 0.000000 0.000000 0.000000 0.000000 1.000000
0.999123 -0.041817 -0.002149 -0.000000 0.041823 0.999121 0.002678 9.224200 0.002035 -0.002765 0.999994 0.000000 0.000000 0.000000 0.000000 1.000000
0.999136 -0.041547 -0.001188 -0.000000 0.041549 0.999134 0.002091 9.224200 0.001100 -0.002139 0.999997 0.000000 0.000000 0.000000 0.000000 1.000000
0.999154 -0.041130 -0.000224 0.000000 0.041130 0.999153 0.001523 9.224200 0.000161 -0.001531 0.999999 0.000000 0.000000 0.000000 0.000000 1.000000
0.999176 -0.040573 0.000874 0.000000 0.040572 0.999176 0.000993 9.224200 -0.000913 -0.000957 0.999999 -0.000000 0.000000 0.000000 0.000000 1.000000
0.999204 -0.039788 0.002734 0.000000 0.039786 0.999208 0.000550 9.224200 -0.002754 -0.000440 0.999996 0.000000 0.000000 0.000000 0.000000 1.000000
0.999235 -0.038826 0.004634 0.000000 0.038826 0.999246 0.000120 9.224200 -0.004635 0.000060 0.999989 0.000000 0.000000 0.000000 0.000000 1.000000
0.999270 -0.037648 0.006456 0.000000 0.037651 0.999291 -0.000306 9.224200 -0.006440 0.000549 0.999979 0.000000 0.000000 0.000000 0.000000 1.000000</float_array>
        <technique_common>
          <accessor source="#mixamorig_Spine1-Matrix-animation-output-transform-array" count="39" stride="16">
            <param type="float4x4"/>
          </accessor>
        </technique_common>
      </source>
      <source id="mixamorig_Spine1-Interpolations">
        <Name_array id="mixamorig_Spine1-Interpolations-array" count="39">
 LINEAR LINEAR LINEAR LINEAR LINEAR LINEAR LINEAR LINEAR LINEAR LINEAR LINEAR
LINEAR LINEAR LINEAR LINEAR LINEAR LINEAR LINEAR LINEAR LINEAR LINEAR LINEAR LINEAR
LINEAR LINEAR LINEAR LINEAR LINEAR LINEAR LINEAR LINEAR LINEAR LINEAR LINEAR LINEAR
LINEAR LINEAR LINEAR LINEAR</Name_array>
        <technique_common>
          <accessor source="#mixamorig_Spine1-Interpolations-array" count="39">
            <param type="name"/>
          </accessor>
        </technique_common>
      </source>
      <sampler id="mixamorig_Spine1-Matrix-animation-transform">
        <input semantic="INPUT" source="#mixamorig_Spine1-Matrix-animation-input"/>
        <input semantic="OUTPUT" source="#mixamorig_Spine1-Matrix-animation-output-transform"/>
        <input semantic="INTERPOLATION" source="#mixamorig_Spine1-Interpolations"/>
      </sampler>
      <channel source="#mixamorig_Spine1-Matrix-animation-transform" target="mixamorig_Spine1/matrix"/>
    </animation>
    <animation id="mixamorig_Spine2-anim" name="mixamorig_Spine2">
      <source id="mixamorig_Spine2-Matrix-animation-input">
        <float_array id="mixamorig_Spine2-Matrix-animation-input-array" count="39">

0.000000 0.033333 0.066667 0.100000 0.133333 0.166667 0.200000 0.233333 0.266667 0.300000 0.333333 0.366667 0.400000 0.433333 0.466667 0.500000
0.533333 0.566667 0.600000 0.633333 0.666667 0.700000 0.733333 0.766667 0.800000 0.833333 0.866667 0.900000 0.933333 0.966667 1.000000 1.033333
1.066667 1.100000 1.133333 1.166667 1.200000 1.233333 1.266667</float_array>
        <technique_common>
          <accessor source="#mixamorig_Spine2-Matrix-animation-input-array" count="39">
            <param name="TIME" type="float"/>
          </accessor>
        </technique_common>
      </source>
      <source id="mixamorig_Spine2-Matrix-animation-output-transform">
        <float_array id="mixamorig_Spine2-Matrix-animation-output-transform-array" count="624">

0.999565 0.018795 -0.022732 0.000000 -0.018883 0.999815 -0.003641 11.063000 0.022659 0.004068 0.999735 0.000000 0.000000 0.000000 0.000000 1.000000
0.999843 0.012020 -0.012993 -0.000000 -0.012167 0.999862 -0.011297 11.063000 0.012856 0.011454 0.999852 -0.000000 0.000000 0.000000 0.000000 1.000000
0.999979 0.005461 -0.003388 0.000000 -0.005523 0.999812 -0.018577 11.063000 0.003286 0.018595 0.999822 0.000000 0.000000 0.000000 0.000000 1.000000
0.999980 -0.000988 0.006189 -0.000000 0.001146 0.999672 -0.025573 11.063000 -0.006162 0.025580 0.999654 -0.000000 0.000000 0.000000 0.000000 1.000000
0.999864 -0.006777 0.015029 -0.000000 0.007254 0.999465 -0.031878 11.063000 -0.014805 0.031983 0.999379 -0.000000 0.000000 0.000000 0.000000 1.000000
0.999713 -0.010589 0.021506 -0.000000 0.011371 0.999267 -0.036558 11.063000 -0.021103 0.036792 0.999100 0.000000 0.000000 0.000000 0.000000 1.000000
0.999585 -0.012686 0.025846 -0.000000 0.013709 0.999115 -0.039771 11.063000 -0.025319 0.040108 0.998875 0.000000 0.000000 0.000000 0.000000 1.000000
0.999455 -0.014615 0.029595 0.000000 0.015857 0.998984 -0.042181 11.063000 -0.028948 0.042628 0.998672 0.000000 0.000000 0.000000 0.000000 1.000000
0.999409 -0.016145 0.030353 -0.000000 0.017382 0.999010 -0.040961 11.063000 -0.029662 0.041464 0.998700 -0.000000 0.000000 0.000000 0.000000 1.000000
0.999443 -0.017284 0.028549 0.000000 0.018330 0.999154 -0.036802 11.063000 -0.027889 0.037305 0.998915 0.000000 0.000000 0.000000 0.000000 1.000000
0.999491 -0.018191 0.026190 0.000000 0.019026 0.999306 -0.032020 11.063000 -0.025590 0.032502 0.999144 -0.000000 0.000000 0.000000 0.000000 1.000000
0.999547 -0.019094 0.023247 0.000000 0.019712 0.999450 -0.026672 11.063000 -0.022725 0.027118 0.999374 -0.000000 0.000000 0.000000 0.000000 1.000000
0.999601 -0.020128 0.019833 0.000000 0.020545 0.999568 -0.021038 11.063000 -0.019401 0.021437 0.999582 -0.000000 0.000000 0.000000 0.000000 1.000000
0.999644 -0.021322 0.016050 0.000000 0.021569 0.999649 -0.015360 11.063000 -0.015717 0.015701 0.999753 0.000000 0.000000 0.000000 0.000000 1.000000
0.999671 -0.022654 0.011989 0.000000 0.022773 0.999692 -0.009854 11.063000 -0.011762 0.010124 0.999880 0.000000 0.000000 0.000000 0.000000 1.000000
0.999680 -0.024082 0.007742 -0.000000 0.024119 0.999698 -0.004727 11.063000 -0.007626 0.004912 0.999959 0.000000 0.000000 0.000000 0.000000 1.000000
0.999666 -0.025601 0.003520 0.000000 0.025602 0.999672 -0.000203 11.063000 -0.003514 0.000293 0.999994 -0.000000 0.000000 0.000000 0.000000 1.000000
0.999623 -0.027460 -0.000865 0.000000 0.027463 0.999619 0.002855 11.063000 0.000786 -0.002878 0.999996 0.000000 0.000000 0.000000 0.000000 1.000000
0.999556 -0.029424 -0.004793 -0.000000 0.029446 0.999556 0.004592 11.063000 0.004656 -0.004731 0.999978 0.000000 0.000000 0.000000 0.000000 1.000000
0.999474 -0.031392 -0.008099 0.000000 0.031440 0.999489 0.005782 11.063000 0.007913 -0.006034 0.999950 0.000000 0.000000 0.000000 0.000000 1.000000
0.999387 -0.033305 -0.010803 0.000000 0.033380 0.999420 0.006754 11.063000 0.010572 -0.007111 0.999919 -0.000000 0.000000 0.000000 0.000000 1.000000
0.999317 -0.034997 -0.011904 -0.000000 0.035084 0.999359 0.007116 11.063000 0.011647 -0.007529 0.999904 0.000000 0.000000 0.000000 0.000000 1.000000
0.999256 -0.036538 -0.012361 -0.000000 0.036631 0.999302 0.007345 11.063000 0.012084 -0.007792 0.999897 0.000000 0.000000 0.000000 0.000000 1.000000
0.999205 -0.037899 -0.012346 -0.000000 0.037993 0.999250 0.007472 11.063000 0.012053 -0.007935 0.999896 0.000000 0.000000 0.000000 0.000000 1.000000
0.999164 -0.039096 -0.011968 0.000000 0.039187 0.999204 0.007507 11.063000 0.011665 -0.007970 0.999900 0.000000 0.000000 0.000000 0.000000 1.000000
0.999143 -0.039843 -0.011201 0.000000 0.039925 0.999177 0.007143 11.063000 0.010907 -0.007584 0.999912 0.000000 0.000000 0.000000 0.000000 1.000000
0.999134 -0.040374 -0.010084 0.000000 0.040442 0.999160 0.006648 11.063000 0.009807 -0.007050 0.999927 0.000000 0.000000 0.000000 0.000000 1.000000
0.999130 -0.040752 -0.008869 0.000000 0.040806 0.999149 0.006063 11.063000 0.008614 -0.006419 0.999942 0.000000 0.000000 0.000000 0.000000 1.000000
0.999127 -0.041073 -0.007656 0.000000 0.041115 0.999140 0.005417 11.063000 0.007427 -0.005727 0.999956 0.000000 0.000000 0.000000 0.000000 1.000000
0.999122 -0.041376 -0.006534 0.000000 0.041407 0.999131 0.004768 11.063000 0.006331 -0.005034 0.999967 0.000000 0.000000 0.000000 0.000000 1.000000
0.999116 -0.041679 -0.005476 0.000000 0.041702 0.999121 0.004153 11.063000 0.005298 -0.004378 0.999976 -0.000000 0.000000 0.000000 0.000000 1.000000
0.999112 -0.041896 -0.004439 0.000000 0.041912 0.999115 0.003525 11.063000 0.004287 -0.003708 0.999984 0.000000 0.000000 0.000000 0.000000 1.000000
0.999115 -0.041925 -0.003482 0.000000 0.041935 0.999116 0.002902 11.063000 0.003357 -0.003046 0.999990 0.000000 0.000000 0.000000 0.000000 1.000000
0.999129 -0.041652 -0.002515 0.000000 0.041657 0.999129 0.002279 11.063000 0.002418 -0.002382 0.999994 0.000000 0.000000 0.000000 0.000000 1.000000
0.999149 -0.041230 -0.001544 0.000000 0.041232 0.999148 0.001675 11.063000 0.001473 -0.001737 0.999997 0.000000 0.000000 0.000000 0.000000 1.000000
0.999173 -0.040665 -0.000435 0.000000 0.040665 0.999172 0.001107 11.063000 0.000390 -0.001123 0.999999 -0.000000 0.000000 0.000000 0.000000 1.000000
0.999204 -0.039862 0.001438 -0.000000 0.039861 0.999205 0.000616 11.063000 -0.001461 -0.000558 0.999999 0.000000 0.000000 0.000000 0.000000 1.000000
0.999238 -0.038881 0.003355 -0.000000 0.038880 0.999244 0.000138 11.063000 -0.003358 -0.000007 0.999994 0.000000 0.000000 0.000000 0.000000 1.000000
0.999276 -0.037682 0.005198 0.000000 0.037684 0.999290 -0.000334 11.063000 -0.005182 0.000530 0.999986 0.000000 0.000000 0.000000 0.000000 1.000000</float_array>
        <technique_common>
          <accessor source="#mixamorig_Spine2-Matrix-animation-output-transform-array" count="39" stride="16">
            <param type="float4x4"/>
          </accessor>
        </technique_common>
      </source>
      <source id="mixamorig_Spine2-Interpolations">
        <Name_array id="mixamorig_Spine2-Interpolations-array" count="39">
 LINEAR LINEAR LINEAR LINEAR LINEAR LINEAR LINEAR LINEAR LINEAR LINEAR LINEAR
LINEAR LINEAR LINEAR LINEAR LINEAR LINEAR LINEAR LINEAR LINEAR LINEAR LINEAR LINEAR
LINEAR LINEAR LINEAR LINEAR LINEAR LINEAR LINEAR LINEAR LINEAR LINEAR LINEAR LINEAR
LINEAR LINEAR LINEAR LINEAR</Name_array>
        <technique_common>
          <accessor source="#mixamorig_Spine2-Interpolations-array" count="39">
            <param type="name"/>
          </accessor>
        </technique_common>
      </source>
      <sampler id="mixamorig_Spine2-Matrix-animation-transform">
        <input semantic="INPUT" source="#mixamorig_Spine2-Matrix-animation-input"/>
        <input semantic="OUTPUT" source="#mixamorig_Spine2-Matrix-animation-output-transform"/>
        <input semantic="INTERPOLATION" source="#mixamorig_Spine2-Interpolations"/>
      </sampler>
      <channel source="#mixamorig_Spine2-Matrix-animation-transform" target="mixamorig_Spine2/matrix"/>
    </animation>
    <animation id="mixamorig_Neck-anim" name="mixamorig_Neck">
      <source id="mixamorig_Neck-Matrix-animation-input">
        <float_array id="mixamorig_Neck-Matrix-animation-input-array" count="39">

0.000000 0.033333 0.066667 0.100000 0.133333 0.166667 0.200000 0.233333 0.266667 0.300000 0.333333 0.366667 0.400000 0.433333 0.466667 0.500000
0.533333 0.566667 0.600000 0.633333 0.666667 0.700000 0.733333 0.766667 0.800000 0.833333 0.866667 0.900000 0.933333 0.966667 1.000000 1.033333
1.066667 1.100000 1.133333 1.166667 1.200000 1.233333 1.266667</float_array>
        <technique_common>
          <accessor source="#mixamorig_Neck-Matrix-animation-input-array" count="39">
            <param name="TIME" type="float"/>
          </accessor>
        </technique_common>
      </source>
      <source id="mixamorig_Neck-Matrix-animation-output-transform">
        <float_array id="mixamorig_Neck-Matrix-animation-output-transform-array" count="624">

0.985070 -0.027001 -0.170026 -0.006000 0.032878 0.998952 0.031849 23.723499 0.168988 -0.036964 0.984925 -1.446200 0.000000 0.000000 0.000000 1.000000
0.982575 -0.014037 -0.185336 -0.006000 0.014509 0.999894 0.001190 23.723499 0.185299 -0.003859 0.982675 -1.446200 0.000000 0.000000 0.000000 1.000000
0.978947 -0.002516 -0.204098 -0.006000 -0.003430 0.999580 -0.028775 23.723499 0.204085 0.028869 0.978527 -1.446200 0.000000 0.000000 0.000000 1.000000
0.975358 0.009051 -0.220442 -0.006000 -0.022396 0.998059 -0.058116 23.723499 0.219488 0.061621 0.973667 -1.446200 0.000000 0.000000 0.000000 1.000000
0.973079 0.020160 -0.229587 -0.006000 -0.040442 0.995646 -0.083982 23.723499 0.226895 0.091006 0.969658 -1.446200 0.000000 0.000000 0.000000 1.000000
0.973021 0.028194 -0.228987 -0.006000 -0.052371 0.993588 -0.100199 23.723499 0.224694 0.109488 0.968259 -1.446200 0.000000 0.000000 0.000000 1.000000
0.974547 0.033530 -0.221662 -0.006000 -0.058856 0.992335 -0.108658 23.723499 0.216319 0.118939 0.969051 -1.446200 0.000000 0.000000 0.000000 1.000000
0.976674 0.040475 -0.210877 -0.006000 -0.066460 0.990831 -0.117628 23.723499 0.204183 0.128899 0.970410 -1.446200 0.000000 0.000000 0.000000 1.000000
0.978549 0.051621 -0.199441 -0.006000 -0.077617 0.989140 -0.124807 23.723499 0.190832 0.137610 0.971929 -1.446200 0.000000 0.000000 0.000000 1.000000
0.979476 0.066936 -0.190123 -0.006000 -0.092571 0.987272 -0.129321 23.723499 0.179047 0.144267 0.973206 -1.446200 0.000000 0.000000 0.000000 1.000000
0.980658 0.092145 -0.172683 -0.006000 -0.115920 0.984304 -0.133070 23.723499 0.157711 0.150514 0.975947 -1.446200 0.000000 0.000000 0.000000 1.000000
0.981320 0.123713 -0.147331 -0.006000 -0.144041 0.980126 -0.136403 23.723499 0.127528 0.155077 0.979636 -1.446200 0.000000 0.000000 0.000000 1.000000
0.980608 0.154058 -0.121137 -0.006000 -0.170530 0.975352 -0.140029 23.723499 0.096578 0.157971 0.982709 -1.446200 0.000000 0.000000 0.000000 1.000000
0.979389 0.175921 -0.099242 -0.006000 -0.189085 0.971310 -0.144232 23.723499 0.071021 0.160025 0.984555 -1.446200 0.000000 0.000000 0.000000 1.000000
0.980164 0.174609 -0.093756 -0.006000 -0.187328 0.970679 -0.150636 23.723499 0.064704 0.165211 0.984133 -1.446200 0.000000 0.000000 0.000000 1.000000
0.982042 0.161470 -0.097573 -0.006000 -0.175555 0.971515 -0.159180 23.723499 0.069091 0.173451 0.982416 -1.446200 0.000000 0.000000 0.000000 1.000000
0.982338 0.164059 -0.089980 -0.006000 -0.177159 0.970239 -0.165080 23.723499 0.060219 0.178105 0.982167 -1.446200 0.000000 0.000000 0.000000 1.000000
0.981784 0.172281 -0.080123 -0.006000 -0.183742 0.968240 -0.169559 23.723499 0.048367 0.181192 0.982258 -1.446200 0.000000 0.000000 0.000000 1.000000
0.981091 0.178383 -0.075099 -0.006000 -0.188960 0.966771 -0.172187 23.723499 0.041889 0.183122 0.982197 -1.446200 0.000000 0.000000 0.000000 1.000000
0.980353 0.183801 -0.071590 -0.006000 -0.193701 0.965612 -0.173416 23.723499 0.037254 0.183876 0.982243 -1.446200 0.000000 0.000000 0.000000 1.000000
0.979191 0.191767 -0.066412 -0.006000 -0.200607 0.964122 -0.173855 23.723499 0.030689 0.183560 0.982529 -1.446200 0.000000 0.000000 0.000000 1.000000
0.977682 0.201226 -0.060376 -0.006000 -0.208802 0.962462 -0.173402 23.723499 0.023216 0.182139 0.982999 -1.446200 0.000000 0.000000 0.000000 1.000000
0.975948 0.211135 -0.054284 -0.006000 -0.217426 0.960801 -0.172010 23.723499 0.015839 0.179676 0.983598 -1.446200 0.000000 0.000000 0.000000 1.000000
0.974165 0.220472 -0.048934 -0.006000 -0.225636 0.959323 -0.169672 23.723499 0.009536 0.176330 0.984285 -1.446200 0.000000 0.000000 0.000000 1.000000
0.972520 0.228356 -0.045361 -0.006000 -0.232755 0.958151 -0.166645 23.723499 0.005408 0.172624 0.984973 -1.446200 0.000000 0.000000 0.000000 1.000000
0.971786 0.231296 -0.046205 -0.006000 -0.235778 0.957958 -0.163481 23.723499 0.006450 0.169763 0.985464 -1.446200 0.000000 0.000000 0.000000 1.000000
0.970145 0.238219 -0.045493 -0.006000 -0.242472 0.956622 -0.161496 23.723499 0.005048 0.167706 0.985824 -1.446200 0.000000 0.000000 0.000000 1.000000
0.968917 0.243063 -0.046041 -0.006000 -0.247328 0.955765 -0.159191 23.723499 0.005311 0.165630 0.986174 -1.446200 0.000000 0.000000 0.000000 1.000000
0.967984 0.246570 -0.047012 -0.006000 -0.250933 0.955255 -0.156593 23.723499 0.006297 0.163376 0.986544 -1.446200 0.000000 0.000000 0.000000 1.000000
0.967183 0.249567 -0.047677 -0.006000 -0.253980 0.954903 -0.153800 23.723499 0.007144 0.160862 0.986951 -1.446200 0.000000 0.000000 0.000000 1.000000
0.966409 0.252487 -0.047995 -0.006000 -0.256895 0.954522 -0.151299 23.723499 0.007611 0.158547 0.987322 -1.446200 0.000000 0.000000 0.000000 1.000000
0.966071 0.253670 -0.048567 -0.006000 -0.258140 0.954455 -0.149599 23.723499 0.008406 0.157060 0.987553 -1.446200 0.000000 0.000000 0.000000 1.000000
0.967152 0.249300 -0.049663 -0.006000 -0.254016 0.955237 -0.151653 23.723499 0.009633 0.159286 0.987185 -1.446200 0.000000 0.000000 0.000000 1.000000
0.970277 0.236385 -0.051817 -0.006000 -0.241710 0.957077 -0.159935 23.723499 0.011787 0.167706 0.985767 -1.446200 0.000000 0.000000 0.000000 1.000000
0.973712 0.221343 -0.053784 -0.006000 -0.227354 0.958892 -0.169812 23.723499 0.013987 0.177576 0.984008 -1.446200 0.000000 0.000000 0.000000 1.000000
0.977007 0.205827 -0.055601 -0.006000 -0.212592 0.960246 -0.180918 23.723499 0.016153 0.188578 0.981925 -1.446200 0.000000 0.000000 0.000000 1.000000
0.980050 0.189865 -0.058759 -0.006000 -0.197832 0.960297 -0.196703 23.723499 0.019079 0.204403 0.978701 -1.446200 0.000000 0.000000 0.000000 1.000000
0.982939 0.173313 -0.061586 -0.006000 -0.182576 0.959938 -0.212567 23.723499 0.022278 0.220184 0.975204 -1.446200 0.000000 0.000000 0.000000 1.000000
0.985682 0.156078 -0.063798 -0.006000 -0.166645 0.959399 -0.227559 23.723499 0.025691 0.234933 0.971672 -1.446200 0.000000 0.000000 0.000000 1.000000</float_array>
        <technique_common>
          <accessor source="#mixamorig_Neck-Matrix-animation-output-transform-array" count="39" stride="16">
            <param type="float4x4"/>
          </accessor>
        </technique_common>
      </source>
      <source id="mixamorig_Neck-Interpolations">
        <Name_array id="mixamorig_Neck-Interpolations-array" count="39">
 LINEAR LINEAR LINEAR LINEAR LINEAR LINEAR LINEAR LINEAR LINEAR LINEAR LINEAR
LINEAR LINEAR LINEAR LINEAR LINEAR LINEAR LINEAR LINEAR LINEAR LINEAR LINEAR LINEAR
LINEAR LINEAR LINEAR LINEAR LINEAR LINEAR LINEAR LINEAR LINEAR LINEAR LINEAR LINEAR
LINEAR LINEAR LINEAR LINEAR</Name_array>
        <technique_common>
          <accessor source="#mixamorig_Neck-Interpolations-array" count="39">
            <param type="name"/>
          </accessor>
        </technique_common>
      </source>
      <sampler id="mixamorig_Neck-Matrix-animation-transform">
        <input semantic="INPUT" source="#mixamorig_Neck-Matrix-animation-input"/>
        <input semantic="OUTPUT" source="#mixamorig_Neck-Matrix-animation-output-transform"/>
        <input semantic="INTERPOLATION" source="#mixamorig_Neck-Interpolations"/>
      </sampler>
      <channel source="#mixamorig_Neck-Matrix-animation-transform" target="mixamorig_Neck/matrix"/>
    </animation>
    <animation id="mixamorig_Head-anim" name="mixamorig_Head">
      <source id="mixamorig_Head-Matrix-animation-input">
        <float_array id="mixamorig_Head-Matrix-animation-input-array" count="39">

0.000000 0.033333 0.066667 0.100000 0.133333 0.166667 0.200000 0.233333 0.266667 0.300000 0.333333 0.366667 0.400000 0.433333 0.466667 0.500000
0.533333 0.566667 0.600000 0.633333 0.666667 0.700000 0.733333 0.766667 0.800000 0.833333 0.866667 0.900000 0.933333 0.966667 1.000000 1.033333
1.066667 1.100000 1.133333 1.166667 1.200000 1.233333 1.266667</float_array>
        <technique_common>
          <accessor source="#mixamorig_Head-Matrix-animation-input-array" count="39">
            <param name="TIME" type="float"/>
          </accessor>
        </technique_common>
      </source>
      <source id="mixamorig_Head-Matrix-animation-output-transform">
        <float_array id="mixamorig_Head-Matrix-animation-output-transform-array" count="624">

0.912383 -0.079625 -0.401518 0.000000 0.112643 0.991866 0.059267 10.037100 0.393533 -0.099302 0.913932 3.529500 0.000000 0.000000 0.000000 1.000000
0.897778 -0.106245 -0.427443 0.000000 0.164956 0.980946 0.102641 10.037100 0.408393 -0.162658 0.898197 3.529500 0.000000 0.000000 0.000000 1.000000
0.881794 -0.130246 -0.453295 0.000000 0.214963 0.966467 0.140470 10.037100 0.419799 -0.221307 0.880223 3.529500 0.000000 0.000000 0.000000 1.000000
0.864270 -0.152373 -0.479396 0.000000 0.263514 0.948932 0.173459 10.037100 0.428484 -0.276242 0.860286 3.529500 0.000000 0.000000 0.000000 1.000000
0.847573 -0.169565 -0.502860 -0.000000 0.304810 0.931232 0.199746 10.037100 0.434409 -0.322576 0.840972 3.529500 0.000000 0.000000 0.000000 1.000000
0.837496 -0.174599 -0.517798 0.000000 0.325590 0.920451 0.216244 10.037100 0.438852 -0.349693 0.827722 3.529500 0.000000 0.000000 0.000000 1.000000
0.833645 -0.169174 -0.525753 -0.000000 0.328473 0.917145 0.225720 10.037100 0.444006 -0.360866 0.820143 3.529500 0.000000 0.000000 0.000000 1.000000
0.829721 -0.162730 -0.533931 -0.000000 0.329806 0.914653 0.233748 10.037100 0.450324 -0.370039 0.812576 3.529500 0.000000 0.000000 0.000000 1.000000
0.828035 -0.154242 -0.539044 -0.000000 0.325637 0.914942 0.238416 10.037100 0.456420 -0.372950 0.807830 3.529500 0.000000 0.000000 0.000000 1.000000
0.830264 -0.143370 -0.538615 0.000000 0.314867 0.918030 0.240999 10.037100 0.459913 -0.369685 0.807350 3.529500 0.000000 0.000000 0.000000 1.000000
0.833292 -0.132539 -0.536711 0.000000 0.303374 0.921228 0.243522 10.037100 0.462157 -0.365749 0.807860 3.529500 0.000000 0.000000 0.000000 1.000000
0.837273 -0.121585 -0.533096 0.000000 0.290821 0.924646 0.245872 10.037100 0.463031 -0.360897 0.809540 3.529500 0.000000 0.000000 0.000000 1.000000
0.842722 -0.110560 -0.526874 -0.000000 0.277092 0.928171 0.248433 10.037100 0.461563 -0.355352 0.812825 3.529500 0.000000 0.000000 0.000000 1.000000
0.850111 -0.099518 -0.517115 -0.000000 0.262362 0.931470 0.252050 10.037100 0.456594 -0.349942 0.817962 3.529500 0.000000 0.000000 0.000000 1.000000
0.862529 -0.088512 -0.498207 0.000000 0.245091 0.934458 0.258300 10.037100 0.442691 -0.344897 0.827690 3.529500 0.000000 0.000000 0.000000 1.000000
0.876645 -0.077634 -0.474833 0.000000 0.226614 0.937199 0.265149 10.037100 0.424429 -0.340045 0.839184 3.529500 0.000000 0.000000 0.000000 1.000000
0.890350 -0.066796 -0.450350 0.000000 0.207792 0.939762 0.271422 10.037100 0.405092 -0.335239 0.850597 3.529500 0.000000 0.000000 0.000000 1.000000
0.902966 -0.055910 -0.426059 0.000000 0.188941 0.942171 0.276794 10.037100 0.385945 -0.330436 0.861312 3.529500 0.000000 0.000000 0.000000 1.000000
0.915232 -0.044975 -0.400409 0.000000 0.169687 0.944352 0.281790 10.037100 0.365453 -0.325847 0.871933 3.529500 0.000000 0.000000 0.000000 1.000000
0.927288 -0.034919 -0.372717 -0.000000 0.150638 0.946279 0.286120 10.037100 0.342703 -0.321461 0.882733 3.529500 0.000000 0.000000 0.000000 1.000000
0.938481 -0.026075 -0.344344 -0.000000 0.132490 0.948025 0.289301 10.037100 0.318903 -0.317125 0.893159 3.529500 0.000000 0.000000 0.000000 1.000000
0.948588 -0.018386 -0.315978 0.000000 0.115411 0.949671 0.291212 10.037100 0.294721 -0.312708 0.902969 3.529500 0.000000 0.000000 0.000000 1.000000
0.957451 -0.011732 -0.288358 0.000000 0.099531 0.951294 0.291775 10.037100 0.270890 -0.308061 0.911985 3.529500 0.000000 0.000000 0.000000 1.000000
0.964981 -0.005955 -0.262252 0.000000 0.084857 0.953076 0.290596 10.037100 0.248216 -0.302674 0.920205 3.529500 0.000000 0.000000 0.000000 1.000000
0.971013 -0.000820 -0.239024 0.000000 0.071324 0.955431 0.286470 10.037100 0.228136 -0.295214 0.927795 3.529500 0.000000 0.000000 0.000000 1.000000
0.974421 0.004437 -0.224686 -0.000000 0.059765 0.958685 0.278120 10.037100 0.216637 -0.284434 0.933898 3.529500 0.000000 0.000000 0.000000 1.000000
0.975316 0.010431 -0.220568 0.000000 0.050108 0.962370 0.267081 10.037100 0.215054 -0.271541 0.938092 3.529500 0.000000 0.000000 0.000000 1.000000
0.975292 0.016683 -0.220289 0.000000 0.041068 0.966072 0.254985 10.037100 0.217069 -0.257732 0.941518 3.529500 0.000000 0.000000 0.000000 1.000000
0.974899 0.023049 -0.221452 0.000000 0.032135 0.969646 0.242391 10.037100 0.220317 -0.243423 0.944566 3.529500 0.000000 0.000000 0.000000 1.000000
0.974641 0.029389 -0.221836 -0.000000 0.022965 0.972968 0.229794 10.037100 0.222592 -0.229061 0.947620 3.529500 0.000000 0.000000 0.000000 1.000000
0.974619 0.035766 -0.220994 0.000000 0.013508 0.975961 0.217526 10.037100 0.223461 -0.214991 0.950707 3.529500 0.000000 0.000000 0.000000 1.000000
0.974436 0.042615 -0.220585 0.000000 0.003701 0.978667 0.205420 10.037100 0.224633 -0.200985 0.953491 3.529500 0.000000 0.000000 0.000000 1.000000
0.974120 0.051350 -0.220120 -0.000000 -0.007718 0.980842 0.194654 10.037100 0.225899 -0.187917 0.955854 3.529500 0.000000 0.000000 0.000000 1.000000
0.973352 0.062898 -0.220523 -0.000000 -0.021311 0.982298 0.186109 10.037100 0.228325 -0.176450 0.957462 3.529500 0.000000 0.000000 0.000000 1.000000
0.972533 0.074800 -0.220419 -0.000000 -0.035227 0.983350 0.178275 10.037100 0.230084 -0.165613 0.958975 3.529500 0.000000 0.000000 0.000000 1.000000
0.971642 0.086255 -0.220165 0.000000 -0.048481 0.983984 0.171538 10.037100 0.231435 -0.156000 0.960261 3.529500 0.000000 0.000000 0.000000 1.000000
0.969983 0.096613 -0.223155 0.000000 -0.059196 0.983894 0.168664 10.037100 0.235856 -0.150391 0.960080 3.529500 0.000000 0.000000 0.000000 1.000000
0.968405 0.105686 -0.225883 -0.000000 -0.068464 0.983627 0.166704 10.037100 0.239803 -0.145973 0.959785 3.529500 0.000000 0.000000 0.000000 1.000000
0.967127 0.112904 -0.227856 0.000000 -0.075920 0.983363 0.165023 10.037100 0.242697 -0.142300 0.959609 3.529500 0.000000 0.000000 0.000000 1.000000</float_array>
        <technique_common>
          <accessor source="#mixamorig_Head-Matrix-animation-output-transform-array" count="39" stride="16">
            <param type="float4x4"/>
          </accessor>
        </technique_common>
      </source>
      <source id="mixamorig_Head-Interpolations">
        <Name_array id="mixamorig_Head-Interpolations-array" count="39">
 LINEAR LINEAR LINEAR LINEAR LINEAR LINEAR LINEAR LINEAR LINEAR LINEAR LINEAR
LINEAR LINEAR LINEAR LINEAR LINEAR LINEAR LINEAR LINEAR LINEAR LINEAR LINEAR LINEAR
LINEAR LINEAR LINEAR LINEAR LINEAR LINEAR LINEAR LINEAR LINEAR LINEAR LINEAR LINEAR
LINEAR LINEAR LINEAR LINEAR</Name_array>
        <technique_common>
          <accessor source="#mixamorig_Head-Interpolations-array" count="39">
            <param type="name"/>
          </accessor>
        </technique_common>
      </source>
      <sampler id="mixamorig_Head-Matrix-animation-transform">
        <input semantic="INPUT" source="#mixamorig_Head-Matrix-animation-input"/>
        <input semantic="OUTPUT" source="#mixamorig_Head-Matrix-animation-output-transform"/>
        <input semantic="INTERPOLATION" source="#mixamorig_Head-Interpolations"/>
      </sampler>
      <channel source="#mixamorig_Head-Matrix-animation-transform" target="mixamorig_Head/matrix"/>
    </animation>
    <animation id="mixamorig_LeftShoulder-anim" name="mixamorig_LeftShoulder">
      <source id="mixamorig_LeftShoulder-Matrix-animation-input">
        <float_array id="mixamorig_LeftShoulder-Matrix-animation-input-array" count="39">

0.000000 0.033333 0.066667 0.100000 0.133333 0.166667 0.200000 0.233333 0.266667 0.300000 0.333333 0.366667 0.400000 0.433333 0.466667 0.500000
0.533333 0.566667 0.600000 0.633333 0.666667 0.700000 0.733333 0.766667 0.800000 0.833333 0.866667 0.900000 0.933333 0.966667 1.000000 1.033333
1.066667 1.100000 1.133333 1.166667 1.200000 1.233333 1.266667</float_array>
        <technique_common>
          <accessor source="#mixamorig_LeftShoulder-Matrix-animation-input-array" count="39">
            <param name="TIME" type="float"/>
          </accessor>
        </technique_common>
      </source>
      <source id="mixamorig_LeftShoulder-Matrix-animation-output-transform">
        <float_array id="mixamorig_LeftShoulder-Matrix-animation-output-transform-array" count="624">

-0.348181 0.812062 -0.468321 11.304900 -0.110047 -0.531535 -0.839857 19.886000 -0.930946 -0.240885 0.274435 -3.966000 0.000000 0.000000 0.000000 1.000000
-0.269988 0.827627 -0.492078 11.304900 -0.007905 -0.512945 -0.858385 19.886000 -0.962831 -0.227864 0.145032 -3.966000 0.000000 0.000000 0.000000 1.000000
-0.159045 0.850114 -0.502008 11.304900 0.068815 -0.497697 -0.864617 19.886000 -0.984870 -0.172059 0.020656 -3.966000 0.000000 0.000000 0.000000 1.000000
-0.045829 0.866584 -0.496922 11.304900 0.099261 -0.491033 -0.865468 19.886000 -0.994006 -0.088988 -0.063514 -3.966000 0.000000 0.000000 0.000000 1.000000
-0.007729 0.873624 -0.486540 11.304900 0.102878 -0.483278 -0.869401 19.886000 -0.994664 -0.056774 -0.086142 -3.966000 0.000000 0.000000 0.000000 1.000000
0.000964 0.878642 -0.477480 11.304900 0.100834 -0.475132 -0.874118 19.886000 -0.994903 -0.047304 -0.089055 -3.966000 0.000000 0.000000 0.000000 1.000000
-0.002819 0.882811 -0.469720 11.304900 0.097548 -0.467239 -0.878733 19.886000 -0.995227 -0.048297 -0.084800 -3.966000 0.000000 0.000000 0.000000 1.000000
-0.015114 0.884404 -0.466477 11.304900 0.098674 -0.462934 -0.880883 19.886000 -0.995005 -0.059343 -0.080271 -3.966000 0.000000 0.000000 0.000000 1.000000
-0.019564 0.889297 -0.456911 11.304900 0.098480 -0.453062 -0.886023 19.886000 -0.994947 -0.062330 -0.078714 -3.966000 0.000000 0.000000 0.000000 1.000000
-0.015888 0.901561 -0.432360 11.304900 0.094319 -0.429135 -0.898302 19.886000 -0.995415 -0.055052 -0.078216 -3.966000 0.000000 0.000000 0.000000 1.000000
-0.003884 0.916200 -0.400702 11.304900 0.088449 -0.398820 -0.912754 19.886000 -0.996073 -0.038986 -0.079488 -3.966000 0.000000 0.000000 0.000000 1.000000
0.009636 0.933645 -0.358069 11.304900 0.082883 -0.357599 -0.930190 19.886000 -0.996513 -0.020715 -0.080829 -3.966000 0.000000 0.000000 0.000000 1.000000
0.006680 0.958038 -0.286564 11.304900 0.074184 -0.286255 -0.955277 19.886000 -0.997222 -0.014877 -0.072984 -3.966000 0.000000 0.000000 0.000000 1.000000
0.002949 0.977396 -0.211394 11.304900 0.065964 -0.211125 -0.975231 19.886000 -0.997818 -0.011068 -0.065095 -3.966000 0.000000 0.000000 0.000000 1.000000
-0.004066 0.989582 -0.143914 11.304900 0.058299 -0.143436 -0.987941 19.886000 -0.998291 -0.012407 -0.057108 -3.966000 0.000000 0.000000 0.000000 1.000000
-0.003515 0.996249 -0.086464 11.304900 0.051814 -0.086167 -0.994932 19.886000 -0.998651 -0.007977 -0.051317 -3.966000 0.000000 0.000000 0.000000 1.000000
0.005713 0.999844 -0.016684 11.304900 0.052487 -0.016961 -0.998478 19.886000 -0.998605 0.004828 -0.052576 -3.966000 0.000000 0.000000 0.000000 1.000000
0.011962 0.998653 0.050494 11.304900 0.060433 0.049683 -0.996935 19.886000 -0.998101 0.014977 -0.059757 -3.966000 0.000000 0.000000 0.000000 1.000000
0.020920 0.996406 0.082083 11.304900 0.074927 0.080307 -0.993950 19.886000 -0.996970 0.026943 -0.072977 -3.966000 0.000000 0.000000 0.000000 1.000000
0.039712 0.995072 0.090853 11.304900 0.092193 0.086888 -0.991943 19.886000 -0.994949 0.047768 -0.088289 -3.966000 0.000000 0.000000 0.000000 1.000000
0.067633 0.993950 0.086536 11.304900 0.110326 0.078752 -0.990771 19.886000 -0.991592 0.076556 -0.104332 -3.966000 0.000000 0.000000 0.000000 1.000000
0.101277 0.992670 0.065952 11.304900 0.126809 0.052871 -0.990517 19.886000 -0.986743 0.108680 -0.120525 -3.966000 0.000000 0.000000 0.000000 1.000000
0.135242 0.990671 0.016745 11.304900 0.138814 -0.002211 -0.990316 19.886000 -0.981040 0.136257 -0.137818 -3.966000 0.000000 0.000000 0.000000 1.000000
0.176891 0.983472 -0.038644 11.304900 0.146376 -0.065114 -0.987084 19.886000 -0.973285 0.168949 -0.155475 -3.966000 0.000000 0.000000 0.000000 1.000000
0.249721 0.963292 -0.098523 11.304900 0.147743 -0.138460 -0.979286 19.886000 -0.956980 0.229993 -0.176896 -3.966000 0.000000 0.000000 0.000000 1.000000
0.349136 0.921561 -0.169790 11.304900 0.136795 -0.229375 -0.963677 19.886000 -0.927033 0.313228 -0.206148 -3.966000 0.000000 0.000000 0.000000 1.000000
0.449397 0.858219 -0.247997 11.304900 0.106617 -0.327151 -0.938938 19.886000 -0.886947 0.395515 -0.238522 -3.966000 0.000000 0.000000 0.000000 1.000000
0.519963 0.796348 -0.308981 11.304900 0.066538 -0.398386 -0.914801 19.886000 -0.851594 0.455104 -0.260133 -3.966000 0.000000 0.000000 0.000000 1.000000
0.569597 0.746181 -0.344635 11.304900 0.033550 -0.440061 -0.897341 19.886000 -0.821239 0.499560 -0.275692 -3.966000 0.000000 0.000000 0.000000 1.000000
0.601652 0.707110 -0.371498 11.304900 0.008728 -0.470886 -0.882151 19.886000 -0.798711 0.527505 -0.289481 -3.966000 0.000000 0.000000 0.000000 1.000000
0.602616 0.703936 -0.375935 11.304900 0.007105 -0.475793 -0.879529 19.886000 -0.798000 0.527347 -0.291722 -3.966000 0.000000 0.000000 0.000000 1.000000
0.591696 0.717040 -0.368442 11.304900 0.015001 -0.466746 -0.884264 19.886000 -0.806022 0.517689 -0.286928 -3.966000 0.000000 0.000000 0.000000 1.000000
0.588084 0.724430 -0.359665 11.304900 0.019371 -0.457178 -0.889164 19.886000 -0.808568 0.515936 -0.282892 -3.966000 0.000000 0.000000 0.000000 1.000000
0.595867 0.726263 -0.342760 11.304900 0.024794 -0.443238 -0.896061 19.886000 -0.802700 0.525435 -0.282118 -3.966000 0.000000 0.000000 0.000000 1.000000
0.605085 0.727190 -0.324141 11.304900 0.032414 -0.429293 -0.902583 19.886000 -0.795501 0.535633 -0.283330 -3.966000 0.000000 0.000000 0.000000 1.000000
0.607124 0.725769 -0.323512 11.304900 0.033419 -0.430096 -0.902164 19.886000 -0.793904 0.536914 -0.285376 -3.966000 0.000000 0.000000 0.000000 1.000000
0.600794 0.725270 -0.336199 11.304900 0.028936 -0.440017 -0.897523 19.886000 -0.798880 0.529498 -0.285346 -3.966000 0.000000 0.000000 0.000000 1.000000
0.592015 0.725197 -0.351578 11.304900 0.022704 -0.451074 -0.892197 19.886000 -0.805607 0.520212 -0.283508 -3.966000 0.000000 0.000000 0.000000 1.000000
0.588083 0.724430 -0.359665 11.304900 0.019371 -0.457178 -0.889164 19.886000 -0.808569 0.515936 -0.282891 -3.966000 0.000000 0.000000 0.000000 1.000000</float_array>
        <technique_common>
          <accessor source="#mixamorig_LeftShoulder-Matrix-animation-output-transform-array" count="39" stride="16">
            <param type="float4x4"/>
          </accessor>
        </technique_common>
      </source>
      <source id="mixamorig_LeftShoulder-Interpolations">
        <Name_array id="mixamorig_LeftShoulder-Interpolations-array" count="39">
 LINEAR LINEAR LINEAR LINEAR LINEAR LINEAR LINEAR LINEAR LINEAR LINEAR LINEAR
LINEAR LINEAR LINEAR LINEAR LINEAR LINEAR LINEAR LINEAR LINEAR LINEAR LINEAR LINEAR
LINEAR LINEAR LINEAR LINEAR LINEAR LINEAR LINEAR LINEAR LINEAR LINEAR LINEAR LINEAR
LINEAR LINEAR LINEAR LINEAR</Name_array>
        <technique_common>
          <accessor source="#mixamorig_LeftShoulder-Interpolations-array" count="39">
            <param type="name"/>
          </accessor>
        </technique_common>
      </source>
      <sampler id="mixamorig_LeftShoulder-Matrix-animation-transform">
        <input semantic="INPUT" source="#mixamorig_LeftShoulder-Matrix-animation-input"/>
        <input semantic="OUTPUT" source="#mixamorig_LeftShoulder-Matrix-animation-output-transform"/>
        <input semantic="INTERPOLATION" source="#mixamorig_LeftShoulder-Interpolations"/>
      </sampler>
      <channel source="#mixamorig_LeftShoulder-Matrix-animation-transform" target="mixamorig_LeftShoulder/matrix"/>
    </animation>
    <animation id="mixamorig_LeftArm-anim" name="mixamorig_LeftArm">
      <source id="mixamorig_LeftArm-Matrix-animation-input">
        <float_array id="mixamorig_LeftArm-Matrix-animation-input-array" count="39">

0.000000 0.033333 0.066667 0.100000 0.133333 0.166667 0.200000 0.233333 0.266667 0.300000 0.333333 0.366667 0.400000 0.433333 0.466667 0.500000
0.533333 0.566667 0.600000 0.633333 0.666667 0.700000 0.733333 0.766667 0.800000 0.833333 0.866667 0.900000 0.933333 0.966667 1.000000 1.033333
1.066667 1.100000 1.133333 1.166667 1.200000 1.233333 1.266667</float_array>
        <technique_common>
          <accessor source="#mixamorig_LeftArm-Matrix-animation-input-array" count="39">
            <param name="TIME" type="float"/>
          </accessor>
        </technique_common>
      </source>
      <source id="mixamorig_LeftArm-Matrix-animation-output-transform">
        <float_array id="mixamorig_LeftArm-Matrix-animation-output-transform-array" count="624">

0.997273 -0.001760 0.073779 0.000000 0.032635 0.907175 -0.419486 12.686800 -0.066192 0.420750 0.904759 -0.000000 0.000000 0.000000 0.000000 1.000000
0.997283 -0.071804 0.016486 0.000000 0.071078 0.878900 -0.471681 12.686800 0.019379 0.471571 0.881615 0.000000 0.000000 0.000000 0.000000 1.000000
0.996097 -0.071545 -0.051693 0.000000 0.035183 0.858946 -0.510856 12.686800 0.080950 0.507043 0.858111 -0.000000 0.000000 0.000000 0.000000 1.000000
0.994874 -0.034102 -0.095197 0.000000 -0.021361 0.849300 -0.527478 12.686800 0.098838 0.526807 0.844219 0.000000 0.000000 0.000000 0.000000 1.000000
0.992126 -0.025267 -0.122668 0.000000 -0.041068 0.859655 -0.509221 12.686800 0.118318 0.510249 0.851849 -0.000000 0.000000 0.000000 0.000000 1.000000
0.989040 -0.008871 -0.147379 -0.000000 -0.062435 0.879422 -0.471931 12.686800 0.133795 0.475960 0.869230 0.000000 0.000000 0.000000 0.000000 1.000000
0.985236 0.012734 -0.170729 -0.000000 -0.084711 0.902859 -0.421508 12.686800 0.148777 0.429747 0.890608 0.000000 0.000000 0.000000 0.000000 1.000000
0.979852 0.013546 -0.199267 0.000000 -0.083713 0.933686 -0.348171 12.686800 0.181337 0.357837 0.916007 -0.000000 0.000000 0.000000 0.000000 1.000000
0.977134 0.022018 -0.211480 0.000000 -0.080033 0.959561 -0.269885 12.686800 0.196985 0.280639 0.939382 0.000000 0.000000 0.000000 0.000000 1.000000
0.982119 0.052268 -0.180862 -0.000000 -0.090089 0.974032 -0.207717 12.686800 0.165308 0.220296 0.961323 0.000000 0.000000 0.000000 0.000000 1.000000
0.988545 0.088595 -0.122189 0.000000 -0.101746 0.989152 -0.105955 12.686800 0.111476 0.117174 0.986835 0.000000 0.000000 0.000000 0.000000 1.000000
0.992468 0.109510 -0.054909 0.000000 -0.108662 0.993912 0.018195 12.686800 0.056567 -0.012091 0.998326 -0.000000 0.000000 0.000000 0.000000 1.000000
0.997014 0.066048 0.040010 0.000000 -0.069567 0.993129 0.094103 12.686800 -0.033520 -0.096606 0.994758 0.000000 0.000000 0.000000 0.000000 1.000000
0.989693 -0.023317 0.141296 -0.000000 0.000715 0.987448 0.157942 12.686800 -0.143206 -0.156213 0.977287 0.000000 0.000000 0.000000 0.000000 1.000000
0.965269 -0.144485 0.217669 -0.000000 0.095086 0.970306 0.222406 12.686800 -0.243340 -0.193984 0.950345 -0.000000 0.000000 0.000000 0.000000 1.000000
0.928399 -0.262169 0.263330 -0.000000 0.184719 0.940521 0.285129 12.686800 -0.322419 -0.216072 0.921607 -0.000000 0.000000 0.000000 0.000000 1.000000
0.871412 -0.378237 0.312376 0.000000 0.268513 0.900693 0.341544 12.686800 -0.410539 -0.213748 0.886436 0.000000 0.000000 0.000000 0.000000 1.000000
0.786776 -0.502917 0.357851 -0.000000 0.357488 0.843906 0.400031 12.686800 -0.503175 -0.186807 0.843752 0.000000 0.000000 0.000000 0.000000 1.000000
0.690684 -0.610476 0.387652 0.000000 0.430457 0.777811 0.457949 12.686800 -0.581087 -0.149430 0.800005 0.000000 0.000000 0.000000 0.000000 1.000000
0.583584 -0.704541 0.403797 0.000000 0.477338 0.699900 0.531309 12.686800 -0.656946 -0.117316 0.744754 0.000000 0.000000 0.000000 0.000000 1.000000
0.473064 -0.783835 0.402260 0.000000 0.498447 0.614597 0.611409 12.686800 -0.726471 -0.088730 0.681445 0.000000 0.000000 0.000000 0.000000 1.000000
0.371055 -0.845856 0.383204 0.000000 0.497354 0.529509 0.687211 12.686800 -0.784192 -0.064405 0.617167 0.000000 0.000000 0.000000 0.000000 1.000000
0.307977 -0.880565 0.360216 0.000000 0.468264 0.469882 0.748291 12.686800 -0.828178 -0.061780 0.557050 0.000000 0.000000 0.000000 0.000000 1.000000
0.288726 -0.889165 0.354996 0.000000 0.423895 0.451186 0.785331 12.686800 -0.858458 -0.076265 0.507182 0.000000 0.000000 0.000000 0.000000 1.000000
0.295468 -0.880551 0.370578 -0.000000 0.386475 0.464909 0.796553 12.686800 -0.873691 -0.092136 0.477677 0.000000 0.000000 0.000000 0.000000 1.000000
0.277315 -0.877175 0.391996 0.000000 0.382149 0.475039 0.792654 12.686800 -0.881509 -0.070014 0.466947 0.000000 0.000000 0.000000 0.000000 1.000000
0.169410 -0.898108 0.405835 -0.000000 0.424539 0.438124 0.792347 12.686800 -0.889419 0.038061 0.455505 0.000000 0.000000 0.000000 0.000000 1.000000
0.010492 -0.891626 0.452652 0.000000 0.483709 0.400715 0.778109 12.686800 -0.875166 0.210788 0.435492 0.000000 0.000000 0.000000 0.000000 1.000000
-0.140345 -0.852454 0.503613 0.000000 0.545783 0.357780 0.757703 12.686800 -0.826090 0.381203 0.415043 0.000000 0.000000 0.000000 0.000000 1.000000
-0.228825 -0.799906 0.554788 0.000000 0.580248 0.345525 0.737512 12.686800 -0.781633 0.490676 0.385079 -0.000000 0.000000 0.000000 0.000000 1.000000
-0.225741 -0.788068 0.572704 0.000000 0.587556 0.358781 0.725296 12.686800 -0.777058 0.500225 0.382043 0.000000 0.000000 0.000000 0.000000 1.000000
-0.196668 -0.801872 0.564201 0.000000 0.576386 0.370951 0.728130 12.686800 -0.793159 0.468398 0.389234 0.000000 0.000000 0.000000 0.000000 1.000000
-0.189413 -0.814908 0.547766 -0.000000 0.556149 0.370714 0.743820 12.686800 -0.809210 0.445529 0.382993 -0.000000 0.000000 0.000000 0.000000 1.000000
-0.189509 -0.830661 0.523534 0.000000 0.521441 0.366652 0.770497 12.686800 -0.831977 0.419008 0.363657 0.000000 0.000000 0.000000 0.000000 1.000000
-0.168168 -0.848062 0.502505 0.000000 0.480426 0.374614 0.793004 12.686800 -0.860762 0.374774 0.344433 -0.000000 0.000000 0.000000 0.000000 1.000000
-0.142675 -0.854811 0.498942 0.000000 0.472636 0.384071 0.793161 12.686800 -0.869632 0.348982 0.349217 -0.000000 0.000000 0.000000 0.000000 1.000000
-0.151430 -0.850897 0.503034 0.000000 0.507519 0.369773 0.778262 12.686800 -0.848229 0.373152 0.375852 0.000000 0.000000 0.000000 0.000000 1.000000
-0.176935 -0.831304 0.526903 0.000000 0.545666 0.362686 0.755452 12.686800 -0.819111 0.421179 0.389443 0.000000 0.000000 0.000000 0.000000 1.000000
-0.189414 -0.814908 0.547766 -0.000000 0.556149 0.370713 0.743821 12.686800 -0.809210 0.445529 0.382992 -0.000000 0.000000 0.000000 0.000000 1.000000</float_array>
        <technique_common>
          <accessor source="#mixamorig_LeftArm-Matrix-animation-output-transform-array" count="39" stride="16">
            <param type="float4x4"/>
          </accessor>
        </technique_common>
      </source>
      <source id="mixamorig_LeftArm-Interpolations">
        <Name_array id="mixamorig_LeftArm-Interpolations-array" count="39">
 LINEAR LINEAR LINEAR LINEAR LINEAR LINEAR LINEAR LINEAR LINEAR LINEAR LINEAR
LINEAR LINEAR LINEAR LINEAR LINEAR LINEAR LINEAR LINEAR LINEAR LINEAR LINEAR LINEAR
LINEAR LINEAR LINEAR LINEAR LINEAR LINEAR LINEAR LINEAR LINEAR LINEAR LINEAR LINEAR
LINEAR LINEAR LINEAR LINEAR</Name_array>
        <technique_common>
          <accessor source="#mixamorig_LeftArm-Interpolations-array" count="39">
            <param type="name"/>
          </accessor>
        </technique_common>
      </source>
      <sampler id="mixamorig_LeftArm-Matrix-animation-transform">
        <input semantic="INPUT" source="#mixamorig_LeftArm-Matrix-animation-input"/>
        <input semantic="OUTPUT" source="#mixamorig_LeftArm-Matrix-animation-output-transform"/>
        <input semantic="INTERPOLATION" source="#mixamorig_LeftArm-Interpolations"/>
      </sampler>
      <channel source="#mixamorig_LeftArm-Matrix-animation-transform" target="mixamorig_LeftArm/matrix"/>
    </animation>
    <animation id="mixamorig_LeftForeArm-anim" name="mixamorig_LeftForeArm">
      <source id="mixamorig_LeftForeArm-Matrix-animation-input">
        <float_array id="mixamorig_LeftForeArm-Matrix-animation-input-array" count="39">

0.000000 0.033333 0.066667 0.100000 0.133333 0.166667 0.200000 0.233333 0.266667 0.300000 0.333333 0.366667 0.400000 0.433333 0.466667 0.500000
0.533333 0.566667 0.600000 0.633333 0.666667 0.700000 0.733333 0.766667 0.800000 0.833333 0.866667 0.900000 0.933333 0.966667 1.000000 1.033333
1.066667 1.100000 1.133333 1.166667 1.200000 1.233333 1.266667</float_array>
        <technique_common>
          <accessor source="#mixamorig_LeftForeArm-Matrix-animation-input-array" count="39">
            <param name="TIME" type="float"/>
          </accessor>
        </technique_common>
      </source>
      <source id="mixamorig_LeftForeArm-Matrix-animation-output-transform">
        <float_array id="mixamorig_LeftForeArm-Matrix-animation-output-transform-array" count="624">

0.266616 -0.963801 -0.001718 0.000000 0.960680 0.265895 -0.079960 30.736700 0.077523 0.019668 0.996797 -0.000000 0.000000 0.000000 0.000000 1.000000
0.282549 -0.959253 0.000297 0.000000 0.954896 0.281236 -0.095295 30.736700 0.091328 0.027209 0.995449 0.000000 0.000000 0.000000 0.000000 1.000000
0.221257 -0.975078 0.016364 -0.000000 0.971239 0.218811 -0.093897 30.736700 0.087976 0.036668 0.995447 0.000000 0.000000 0.000000 0.000000 1.000000
0.114240 -0.993000 0.030006 -0.000000 0.992523 0.112774 -0.046697 30.736700 0.042986 0.035116 0.998458 0.000000 0.000000 0.000000 0.000000 1.000000
0.065676 -0.996915 0.042969 0.000000 0.996762 0.067546 0.043617 30.736700 -0.046385 0.039966 0.998124 0.000000 0.000000 0.000000 0.000000 1.000000
0.054327 -0.996963 0.055801 0.000000 0.989240 0.061341 0.132823 30.736700 -0.135843 0.047984 0.989568 -0.000000 0.000000 0.000000 0.000000 1.000000
0.067802 -0.994923 0.074374 -0.000000 0.973020 0.082418 0.215498 30.736700 -0.220533 0.057757 0.973668 0.000000 0.000000 0.000000 0.000000 1.000000
0.085266 -0.992309 0.089740 0.000000 0.950732 0.107974 0.290604 30.736700 -0.298059 0.060540 0.952626 0.000000 0.000000 0.000000 0.000000 1.000000
0.115784 -0.989145 0.090474 0.000000 0.924682 0.140602 0.353828 30.736700 -0.362708 0.042692 0.930924 0.000000 0.000000 0.000000 0.000000 1.000000
0.137500 -0.987922 0.071441 -0.000000 0.903236 0.154661 0.400306 30.736700 -0.406520 0.009486 0.913593 0.000000 0.000000 0.000000 0.000000 1.000000
0.111806 -0.993466 0.022910 0.000000 0.909808 0.111609 0.399742 30.736700 -0.399687 -0.023850 0.916342 -0.000000 0.000000 0.000000 0.000000 1.000000
0.084610 -0.996105 -0.024826 0.000000 0.927702 0.069658 0.366766 30.736700 -0.363608 -0.054063 0.929982 0.000000 0.000000 0.000000 0.000000 1.000000
0.088483 -0.993454 -0.072243 0.000000 0.941209 0.059650 0.332517 30.736700 -0.326031 -0.097418 0.940326 0.000000 0.000000 0.000000 0.000000 1.000000
0.108172 -0.986557 -0.122493 0.000000 0.950926 0.066752 0.302132 30.736700 -0.289894 -0.149164 0.945363 -0.000000 0.000000 0.000000 0.000000 1.000000
0.128578 -0.977406 -0.167763 -0.000000 0.955437 0.076763 0.285039 30.736700 -0.265721 -0.196937 0.943720 -0.000000 0.000000 0.000000 0.000000 1.000000
0.149481 -0.966860 -0.206970 -0.000000 0.955650 0.087556 0.281188 30.736700 -0.253748 -0.239823 0.937068 0.000000 0.000000 0.000000 0.000000 1.000000
0.183127 -0.952092 -0.244917 0.000000 0.953384 0.111215 0.280519 30.736700 -0.239842 -0.284871 0.928076 0.000000 0.000000 0.000000 0.000000 1.000000
0.256325 -0.926075 -0.276915 -0.000000 0.942494 0.175889 0.284198 30.736700 -0.214483 -0.333837 0.917905 0.000000 0.000000 0.000000 0.000000 1.000000
0.338224 -0.891537 -0.301275 0.000000 0.924806 0.255632 0.281756 30.736700 -0.174180 -0.373917 0.910959 -0.000000 0.000000 0.000000 0.000000 1.000000
0.435486 -0.840526 -0.322285 -0.000000 0.893595 0.360361 0.267634 30.736700 -0.108815 -0.404543 0.908022 0.000000 0.000000 0.000000 0.000000 1.000000
0.539736 -0.770272 -0.339655 -0.000000 0.841514 0.482545 0.242908 30.736700 -0.023206 -0.416931 0.908642 0.000000 0.000000 0.000000 0.000000 1.000000
0.633618 -0.690865 -0.348187 0.000000 0.771629 0.596826 0.219973 30.736700 0.055836 -0.408050 0.911250 0.000000 0.000000 0.000000 0.000000 1.000000
0.665340 -0.654895 -0.358378 0.000000 0.738302 0.648344 0.185905 30.736700 0.110604 -0.388281 0.914879 -0.000000 0.000000 0.000000 0.000000 1.000000
0.623660 -0.689454 -0.368377 -0.000000 0.774186 0.609948 0.169114 30.736700 0.108094 -0.390662 0.914166 0.000000 0.000000 0.000000 0.000000 1.000000
0.510419 -0.777736 -0.366877 0.000000 0.859443 0.475665 0.187350 30.736700 0.028801 -0.410937 0.911209 0.000000 0.000000 0.000000 0.000000 1.000000
0.361507 -0.859589 -0.361137 0.000000 0.928688 0.297588 0.221314 30.736700 -0.082770 -0.415390 0.905870 0.000000 0.000000 0.000000 0.000000 1.000000
0.281959 -0.894190 -0.347739 0.000000 0.946265 0.199353 0.254639 30.736700 -0.158373 -0.400851 0.902350 -0.000000 0.000000 0.000000 0.000000 1.000000
0.293864 -0.900337 -0.320993 0.000000 0.931980 0.195310 0.305396 30.736700 -0.212266 -0.388904 0.896491 0.000000 0.000000 0.000000 0.000000 1.000000
0.383021 -0.884537 -0.266250 -0.000000 0.884926 0.268682 0.380415 30.736700 -0.264955 -0.381319 0.885661 -0.000000 0.000000 0.000000 0.000000 1.000000
0.461933 -0.859315 -0.219533 0.000000 0.839242 0.343442 0.421570 30.736700 -0.286865 -0.378979 0.879820 0.000000 0.000000 0.000000 0.000000 1.000000
0.464871 -0.862598 -0.199549 -0.000000 0.821651 0.336350 0.460171 30.736700 -0.329824 -0.377880 0.865114 0.000000 0.000000 0.000000 0.000000 1.000000
0.444783 -0.872800 -0.200968 0.000000 0.820508 0.307123 0.482122 30.736700 -0.359074 -0.379335 0.852743 0.000000 0.000000 0.000000 0.000000 1.000000
0.428979 -0.877237 -0.215483 0.000000 0.832521 0.291372 0.471181 30.736700 -0.350552 -0.381521 0.855310 0.000000 0.000000 0.000000 0.000000 1.000000
0.410923 -0.876277 -0.251556 0.000000 0.854559 0.274102 0.441131 30.736700 -0.317601 -0.396241 0.861466 0.000000 0.000000 0.000000 0.000000 1.000000
0.382950 -0.875380 -0.295058 0.000000 0.877209 0.244475 0.413203 30.736700 -0.289575 -0.417064 0.861513 -0.000000 0.000000 0.000000 0.000000 1.000000
0.362913 -0.881445 -0.302239 0.000000 0.885836 0.225713 0.405399 30.736700 -0.289118 -0.414859 0.862730 -0.000000 0.000000 0.000000 0.000000 1.000000
0.382663 -0.883463 -0.270298 -0.000000 0.871390 0.247910 0.423345 30.736700 -0.307000 -0.397534 0.864707 -0.000000 0.000000 0.000000 0.000000 1.000000
0.411906 -0.881918 -0.229246 0.000000 0.846776 0.277527 0.453817 30.736700 -0.336607 -0.381050 0.861102 0.000000 0.000000 0.000000 0.000000 1.000000
0.428979 -0.877236 -0.215484 0.000000 0.832521 0.291372 0.471181 30.736700 -0.350551 -0.381522 0.855310 0.000000 0.000000 0.000000 0.000000 1.000000</float_array>
        <technique_common>
          <accessor source="#mixamorig_LeftForeArm-Matrix-animation-output-transform-array" count="39" stride="16">
            <param type="float4x4"/>
          </accessor>
        </technique_common>
      </source>
      <source id="mixamorig_LeftForeArm-Interpolations">
        <Name_array id="mixamorig_LeftForeArm-Interpolations-array" count="39">
 LINEAR LINEAR LINEAR LINEAR LINEAR LINEAR LINEAR LINEAR LINEAR LINEAR LINEAR
LINEAR LINEAR LINEAR LINEAR LINEAR LINEAR LINEAR LINEAR LINEAR LINEAR LINEAR LINEAR
LINEAR LINEAR LINEAR LINEAR LINEAR LINEAR LINEAR LINEAR LINEAR LINEAR LINEAR LINEAR
LINEAR LINEAR LINEAR LINEAR</Name_array>
        <technique_common>
          <accessor source="#mixamorig_LeftForeArm-Interpolations-array" count="39">
            <param type="name"/>
          </accessor>
        </technique_common>
      </source>
      <sampler id="mixamorig_LeftForeArm-Matrix-animation-transform">
        <input semantic="INPUT" source="#mixamorig_LeftForeArm-Matrix-animation-input"/>
        <input semantic="OUTPUT" source="#mixamorig_LeftForeArm-Matrix-animation-output-transform"/>
        <input semantic="INTERPOLATION" source="#mixamorig_LeftForeArm-Interpolations"/>
      </sampler>
      <channel source="#mixamorig_LeftForeArm-Matrix-animation-transform" target="mixamorig_LeftForeArm/matrix"/>
    </animation>
    <animation id="mixamorig_LeftHand-anim" name="mixamorig_LeftHand">
      <source id="mixamorig_LeftHand-Matrix-animation-input">
        <float_array id="mixamorig_LeftHand-Matrix-animation-input-array" count="39">

0.000000 0.033333 0.066667 0.100000 0.133333 0.166667 0.200000 0.233333 0.266667 0.300000 0.333333 0.366667 0.400000 0.433333 0.466667 0.500000
0.533333 0.566667 0.600000 0.633333 0.666667 0.700000 0.733333 0.766667 0.800000 0.833333 0.866667 0.900000 0.933333 0.966667 1.000000 1.033333
1.066667 1.100000 1.133333 1.166667 1.200000 1.233333 1.266667</float_array>
        <technique_common>
          <accessor source="#mixamorig_LeftHand-Matrix-animation-input-array" count="39">
            <param name="TIME" type="float"/>
          </accessor>
        </technique_common>
      </source>
      <source id="mixamorig_LeftHand-Matrix-animation-output-transform">
        <float_array id="mixamorig_LeftHand-Matrix-animation-output-transform-array" count="624">

0.884762 -0.464485 0.038080 -0.000000 0.464148 0.870855 -0.161796 26.713100 0.041990 0.160825 0.986089 -0.000000 0.000000 0.000000 0.000000 1.000000
0.886878 -0.461677 0.017359 0.000000 0.461333 0.882943 -0.087079 26.713100 0.024875 0.085237 0.996050 -0.000000 0.000000 0.000000 0.000000 1.000000
0.909090 -0.416570 -0.004992 0.000000 0.416600 0.909019 0.011354 26.713100 -0.000192 -0.012401 0.999923 -0.000000 0.000000 0.000000 0.000000 1.000000
0.941892 -0.335143 -0.022787 0.000000 0.335737 0.936992 0.096573 26.713100 -0.011015 -0.098612 0.995065 0.000000 0.000000 0.000000 0.000000 1.000000
0.962079 -0.269649 -0.041146 0.000000 0.272746 0.952972 0.132113 26.713100 0.003587 -0.138326 0.990380 0.000000 0.000000 0.000000 0.000000 1.000000
0.972869 -0.222839 -0.062205 0.000000 0.230036 0.960393 0.157254 26.713100 0.024699 -0.167297 0.985597 0.000000 0.000000 0.000000 0.000000 1.000000
0.978767 -0.186163 -0.085783 0.000000 0.199322 0.962029 0.186471 26.713100 0.047812 -0.199610 0.978708 0.000000 0.000000 0.000000 0.000000 1.000000
0.984665 -0.139890 -0.104240 0.000000 0.159704 0.963274 0.215864 26.713100 0.070215 -0.229201 0.970843 0.000000 0.000000 0.000000 0.000000 1.000000
0.989039 -0.096244 -0.111982 0.000000 0.121839 0.960366 0.250703 26.713100 0.083415 -0.261598 0.961565 0.000000 0.000000 0.000000 0.000000 1.000000
0.992648 -0.050546 -0.109973 0.000000 0.079863 0.956281 0.281333 26.713100 0.090945 -0.288047 0.953288 0.000000 0.000000 0.000000 0.000000 1.000000
0.994165 -0.010536 -0.107350 0.000000 0.038567 0.964150 0.262540 26.713100 0.100735 -0.265148 0.958931 0.000000 0.000000 0.000000 0.000000 1.000000
0.994131 0.001248 -0.108176 0.000000 0.022065 0.976574 0.214047 26.713100 0.105910 -0.215177 0.970815 0.000000 0.000000 0.000000 0.000000 1.000000
0.994517 -0.003113 -0.104532 0.000000 0.020021 0.986736 0.161094 26.713100 0.102644 -0.162304 0.981388 -0.000000 0.000000 0.000000 0.000000 1.000000
0.994785 -0.020488 -0.099918 -0.000000 0.033034 0.991534 0.125577 26.713100 0.096499 -0.128223 0.987039 0.000000 0.000000 0.000000 0.000000 1.000000
0.994822 -0.039308 -0.093728 0.000000 0.048323 0.994213 0.095941 26.713100 0.089414 -0.099973 0.990964 0.000000 0.000000 0.000000 0.000000 1.000000
0.994424 -0.064177 -0.083685 0.000000 0.068998 0.996041 0.056050 26.713100 0.079756 -0.061511 0.994915 0.000000 0.000000 0.000000 0.000000 1.000000
0.993407 -0.087963 -0.073520 0.000000 0.090364 0.995457 0.029990 26.713100 0.070548 -0.036436 0.996843 0.000000 0.000000 0.000000 0.000000 1.000000
0.988886 -0.133882 -0.064648 -0.000000 0.135089 0.990725 0.014652 26.713100 0.062087 -0.023222 0.997801 0.000000 0.000000 0.000000 0.000000 1.000000
0.984211 -0.166820 -0.059161 -0.000000 0.166754 0.985980 -0.006086 26.713100 0.059347 -0.003876 0.998230 0.000000 0.000000 0.000000 0.000000 1.000000
0.975957 -0.210695 -0.055809 0.000000 0.209570 0.977465 -0.025364 26.713100 0.059895 0.013058 0.998119 0.000000 0.000000 0.000000 0.000000 1.000000
0.961306 -0.270208 -0.053656 0.000000 0.268271 0.962485 -0.040656 26.713100 0.062629 0.024688 0.997731 0.000000 0.000000 0.000000 0.000000 1.000000
0.941161 -0.334010 -0.051503 0.000000 0.331322 0.941955 -0.054277 26.713100 0.066643 0.034019 0.997197 0.000000 0.000000 0.000000 0.000000 1.000000
0.928783 -0.368180 -0.042491 -0.000000 0.363686 0.927467 -0.086824 26.713100 0.071376 0.065188 0.995317 -0.000000 0.000000 0.000000 0.000000 1.000000
0.944297 -0.326947 -0.037542 0.000000 0.318954 0.937325 -0.140325 26.713100 0.081068 0.120534 0.989394 -0.000000 0.000000 0.000000 0.000000 1.000000
0.979297 -0.196476 -0.048732 0.000000 0.181350 0.958482 -0.220056 26.713100 0.089944 0.206663 0.974269 -0.000000 0.000000 0.000000 0.000000 1.000000
0.996725 0.016746 -0.079112 0.000000 -0.041556 0.945327 -0.323466 26.713100 0.069370 0.325695 0.942927 0.000000 0.000000 0.000000 0.000000 1.000000
0.970220 0.212800 -0.115712 -0.000000 -0.242165 0.862810 -0.443752 26.713100 0.005407 0.458558 0.888648 0.000000 0.000000 0.000000 0.000000 1.000000
0.927423 0.343197 -0.148670 -0.000000 -0.368296 0.768744 -0.522867 26.713100 -0.065157 0.539674 0.839349 0.000000 0.000000 0.000000 0.000000 1.000000
0.909617 0.383790 -0.159066 0.000000 -0.401493 0.713677 -0.573994 26.713100 -0.106772 0.585979 0.803261 0.000000 0.000000 0.000000 0.000000 1.000000
0.909836 0.383691 -0.158051 0.000000 -0.396262 0.690269 -0.605396 26.713100 -0.123187 0.613441 0.780074 0.000000 0.000000 0.000000 0.000000 1.000000
0.916545 0.365461 -0.162428 0.000000 -0.382329 0.681520 -0.623983 26.713100 -0.117344 0.634010 0.764371 -0.000000 0.000000 0.000000 0.000000 1.000000
0.926617 0.341321 -0.157736 0.000000 -0.360728 0.688592 -0.629060 26.713100 -0.106095 0.639798 0.761185 0.000000 0.000000 0.000000 0.000000 1.000000
0.928426 0.340910 -0.147669 0.000000 -0.355662 0.700694 -0.618492 26.713100 -0.107379 0.626744 0.771791 -0.000000 0.000000 0.000000 0.000000 1.000000
0.922699 0.358870 -0.140854 0.000000 -0.369242 0.717587 -0.590534 26.713100 -0.110850 0.596894 0.794626 0.000000 0.000000 0.000000 0.000000 1.000000
0.919067 0.370561 -0.134165 -0.000000 -0.379626 0.741011 -0.553883 26.713100 -0.105829 0.559989 0.821713 -0.000000 0.000000 0.000000 0.000000 1.000000
0.920771 0.368272 -0.128674 0.000000 -0.376947 0.754979 -0.536579 26.713100 -0.100461 0.542570 0.833982 0.000000 0.000000 0.000000 0.000000 1.000000
0.926852 0.352008 -0.130524 -0.000000 -0.361785 0.744579 -0.560994 26.713100 -0.100290 0.567180 0.817465 -0.000000 0.000000 0.000000 0.000000 1.000000
0.929982 0.340529 -0.138471 -0.000000 -0.352953 0.721848 -0.595282 26.713100 -0.102755 0.602475 0.791496 -0.000000 0.000000 0.000000 0.000000 1.000000
0.928425 0.340911 -0.147669 0.000000 -0.355663 0.700694 -0.618492 26.713100 -0.107380 0.626744 0.771791 0.000000 0.000000 0.000000 0.000000 1.000000</float_array>
        <technique_common>
          <accessor source="#mixamorig_LeftHand-Matrix-animation-output-transform-array" count="39" stride="16">
            <param type="float4x4"/>
          </accessor>
        </technique_common>
      </source>
      <source id="mixamorig_LeftHand-Interpolations">
        <Name_array id="mixamorig_LeftHand-Interpolations-array" count="39">
 LINEAR LINEAR LINEAR LINEAR LINEAR LINEAR LINEAR LINEAR LINEAR LINEAR LINEAR
LINEAR LINEAR LINEAR LINEAR LINEAR LINEAR LINEAR LINEAR LINEAR LINEAR LINEAR LINEAR
LINEAR LINEAR LINEAR LINEAR LINEAR LINEAR LINEAR LINEAR LINEAR LINEAR LINEAR LINEAR
LINEAR LINEAR LINEAR LINEAR</Name_array>
        <technique_common>
          <accessor source="#mixamorig_LeftHand-Interpolations-array" count="39">
            <param type="name"/>
          </accessor>
        </technique_common>
      </source>
      <sampler id="mixamorig_LeftHand-Matrix-animation-transform">
        <input semantic="INPUT" source="#mixamorig_LeftHand-Matrix-animation-input"/>
        <input semantic="OUTPUT" source="#mixamorig_LeftHand-Matrix-animation-output-transform"/>
        <input semantic="INTERPOLATION" source="#mixamorig_LeftHand-Interpolations"/>
      </sampler>
      <channel source="#mixamorig_LeftHand-Matrix-animation-transform" target="mixamorig_LeftHand/matrix"/>
    </animation>
    <animation id="mixamorig_LeftHandThumb1-anim" name="mixamorig_LeftHandThumb1">
      <source id="mixamorig_LeftHandThumb1-Matrix-animation-input">
        <float_array id="mixamorig_LeftHandThumb1-Matrix-animation-input-array" count="39">

0.000000 0.033333 0.066667 0.100000 0.133333 0.166667 0.200000 0.233333 0.266667 0.300000 0.333333 0.366667 0.400000 0.433333 0.466667 0.500000
0.533333 0.566667 0.600000 0.633333 0.666667 0.700000 0.733333 0.766667 0.800000 0.833333 0.866667 0.900000 0.933333 0.966667 1.000000 1.033333
1.066667 1.100000 1.133333 1.166667 1.200000 1.233333 1.266667</float_array>
        <technique_common>
          <accessor source="#mixamorig_LeftHandThumb1-Matrix-animation-input-array" count="39">
            <param name="TIME" type="float"/>
          </accessor>
        </technique_common>
      </source>
      <source id="mixamorig_LeftHandThumb1-Matrix-animation-output-transform">
        <float_array id="mixamorig_LeftHandThumb1-Matrix-animation-output-transform-array" count="624">

0.975549 0.095620 0.197891 -2.604400 0.108172 0.574892 -0.811047 4.344900 -0.191319 0.812623 0.550492 2.566800 0.000000 0.000000 0.000000 1.000000
0.975549 0.095620 0.197891 -2.604400 0.108173 0.574892 -0.811047 4.344900 -0.191318 0.812623 0.550492 2.566800 0.000000 0.000000 0.000000 1.000000
0.975549 0.095620 0.197890 -2.604400 0.108172 0.574892 -0.811047 4.344900 -0.191318 0.812623 0.550492 2.566800 0.000000 0.000000 0.000000 1.000000
0.975549 0.095620 0.197891 -2.604400 0.108172 0.574892 -0.811047 4.344900 -0.191318 0.812623 0.550492 2.566800 0.000000 0.000000 0.000000 1.000000
0.975549 0.095620 0.197891 -2.604400 0.108172 0.574892 -0.811047 4.344900 -0.191318 0.812623 0.550492 2.566800 0.000000 0.000000 0.000000 1.000000
0.975549 0.095620 0.197891 -2.604400 0.108172 0.574892 -0.811047 4.344900 -0.191318 0.812623 0.550492 2.566800 0.000000 0.000000 0.000000 1.000000
0.975549 0.095620 0.197891 -2.604400 0.108173 0.574893 -0.811047 4.344900 -0.191318 0.812623 0.550492 2.566800 0.000000 0.000000 0.000000 1.000000
0.975549 0.095620 0.197891 -2.604400 0.108172 0.574892 -0.811047 4.344900 -0.191319 0.812623 0.550492 2.566800 0.000000 0.000000 0.000000 1.000000
0.975549 0.095620 0.197891 -2.604400 0.108172 0.574892 -0.811047 4.344900 -0.191318 0.812623 0.550492 2.566800 0.000000 0.000000 0.000000 1.000000
0.975549 0.095620 0.197891 -2.604400 0.108173 0.574892 -0.811047 4.344900 -0.191318 0.812623 0.550492 2.566800 0.000000 0.000000 0.000000 1.000000
0.975549 0.095620 0.197891 -2.604400 0.108172 0.574892 -0.811047 4.344900 -0.191319 0.812623 0.550492 2.566800 0.000000 0.000000 0.000000 1.000000
0.975549 0.095620 0.197891 -2.604400 0.108172 0.574892 -0.811047 4.344900 -0.191319 0.812623 0.550492 2.566800 0.000000 0.000000 0.000000 1.000000
0.975549 0.095620 0.197891 -2.604400 0.108172 0.574892 -0.811047 4.344900 -0.191318 0.812623 0.550492 2.566800 0.000000 0.000000 0.000000 1.000000
0.975549 0.095620 0.197891 -2.604400 0.108172 0.574892 -0.811047 4.344900 -0.191318 0.812623 0.550492 2.566800 0.000000 0.000000 0.000000 1.000000
0.975549 0.095620 0.197891 -2.604400 0.108172 0.574892 -0.811047 4.344900 -0.191318 0.812623 0.550492 2.566800 0.000000 0.000000 0.000000 1.000000
0.975549 0.095620 0.197891 -2.604400 0.108173 0.574892 -0.811047 4.344900 -0.191318 0.812623 0.550492 2.566800 0.000000 0.000000 0.000000 1.000000
0.975549 0.095620 0.197891 -2.604400 0.108172 0.574892 -0.811047 4.344900 -0.191318 0.812623 0.550492 2.566800 0.000000 0.000000 0.000000 1.000000
0.975549 0.095620 0.197891 -2.604400 0.108173 0.574892 -0.811047 4.344900 -0.191318 0.812623 0.550492 2.566800 0.000000 0.000000 0.000000 1.000000
0.975549 0.095621 0.197891 -2.604400 0.108172 0.574892 -0.811047 4.344900 -0.191319 0.812623 0.550492 2.566800 0.000000 0.000000 0.000000 1.000000
0.975549 0.095620 0.197891 -2.604400 0.108173 0.574892 -0.811047 4.344900 -0.191318 0.812623 0.550492 2.566800 0.000000 0.000000 0.000000 1.000000
0.975549 0.095620 0.197891 -2.604400 0.108172 0.574892 -0.811047 4.344900 -0.191319 0.812623 0.550492 2.566800 0.000000 0.000000 0.000000 1.000000
0.975549 0.095620 0.197891 -2.604400 0.108172 0.574892 -0.811047 4.344900 -0.191319 0.812623 0.550492 2.566800 0.000000 0.000000 0.000000 1.000000
0.975549 0.095620 0.197891 -2.604400 0.108172 0.574892 -0.811047 4.344900 -0.191319 0.812623 0.550492 2.566800 0.000000 0.000000 0.000000 1.000000
0.975549 0.095620 0.197891 -2.604400 0.108173 0.574892 -0.811047 4.344900 -0.191319 0.812623 0.550492 2.566800 0.000000 0.000000 0.000000 1.000000
0.975549 0.095620 0.197891 -2.604400 0.108172 0.574892 -0.811047 4.344900 -0.191318 0.812623 0.550492 2.566800 0.000000 0.000000 0.000000 1.000000
0.975549 0.095620 0.197891 -2.604400 0.108173 0.574893 -0.811047 4.344900 -0.191319 0.812622 0.550493 2.566800 0.000000 0.000000 0.000000 1.000000
0.975549 0.095620 0.197891 -2.604400 0.108173 0.574892 -0.811047 4.344900 -0.191318 0.812623 0.550492 2.566800 0.000000 0.000000 0.000000 1.000000
0.975549 0.095620 0.197891 -2.604400 0.108172 0.574892 -0.811047 4.344900 -0.191318 0.812623 0.550492 2.566800 0.000000 0.000000 0.000000 1.000000
0.975549 0.095620 0.197891 -2.604400 0.108173 0.574892 -0.811047 4.344900 -0.191319 0.812623 0.550492 2.566800 0.000000 0.000000 0.000000 1.000000
0.975549 0.095621 0.197891 -2.604400 0.108172 0.574892 -0.811047 4.344900 -0.191319 0.812623 0.550492 2.566800 0.000000 0.000000 0.000000 1.000000
0.975549 0.095620 0.197891 -2.604400 0.108172 0.574892 -0.811047 4.344900 -0.191318 0.812623 0.550492 2.566800 0.000000 0.000000 0.000000 1.000000
0.975549 0.095620 0.197891 -2.604400 0.108172 0.574893 -0.811047 4.344900 -0.191318 0.812623 0.550492 2.566800 0.000000 0.000000 0.000000 1.000000
0.975549 0.095620 0.197891 -2.604400 0.108172 0.574892 -0.811047 4.344900 -0.191318 0.812623 0.550492 2.566800 0.000000 0.000000 0.000000 1.000000
0.975549 0.095620 0.197890 -2.604400 0.108172 0.574892 -0.811047 4.344900 -0.191318 0.812623 0.550492 2.566800 0.000000 0.000000 0.000000 1.000000
0.975549 0.095620 0.197891 -2.604400 0.108172 0.574892 -0.811047 4.344900 -0.191319 0.812623 0.550492 2.566800 0.000000 0.000000 0.000000 1.000000
0.975549 0.095620 0.197891 -2.604400 0.108172 0.574892 -0.811047 4.344900 -0.191318 0.812623 0.550492 2.566800 0.000000 0.000000 0.000000 1.000000
0.975549 0.095621 0.197891 -2.604400 0.108173 0.574892 -0.811047 4.344900 -0.191319 0.812623 0.550492 2.566800 0.000000 0.000000 0.000000 1.000000
0.975549 0.095620 0.197891 -2.604400 0.108172 0.574892 -0.811047 4.344900 -0.191318 0.812623 0.550492 2.566800 0.000000 0.000000 0.000000 1.000000
0.975549 0.095620 0.197891 -2.604400 0.108173 0.574892 -0.811047 4.344900 -0.191319 0.812623 0.550492 2.566800 0.000000 0.000000 0.000000 1.000000</float_array>
        <technique_common>
          <accessor source="#mixamorig_LeftHandThumb1-Matrix-animation-output-transform-array" count="39" stride="16">
            <param type="float4x4"/>
          </accessor>
        </technique_common>
      </source>
      <source id="mixamorig_LeftHandThumb1-Interpolations">
        <Name_array id="mixamorig_LeftHandThumb1-Interpolations-array" count="39">
 LINEAR LINEAR LINEAR LINEAR LINEAR LINEAR LINEAR LINEAR LINEAR LINEAR LINEAR
LINEAR LINEAR LINEAR LINEAR LINEAR LINEAR LINEAR LINEAR LINEAR LINEAR LINEAR LINEAR
LINEAR LINEAR LINEAR LINEAR LINEAR LINEAR LINEAR LINEAR LINEAR LINEAR LINEAR LINEAR
LINEAR LINEAR LINEAR LINEAR</Name_array>
        <technique_common>
          <accessor source="#mixamorig_LeftHandThumb1-Interpolations-array" count="39">
            <param type="name"/>
          </accessor>
        </technique_common>
      </source>
      <sampler id="mixamorig_LeftHandThumb1-Matrix-animation-transform">
        <input semantic="INPUT" source="#mixamorig_LeftHandThumb1-Matrix-animation-input"/>
        <input semantic="OUTPUT" source="#mixamorig_LeftHandThumb1-Matrix-animation-output-transform"/>
        <input semantic="INTERPOLATION" source="#mixamorig_LeftHandThumb1-Interpolations"/>
      </sampler>
      <channel source="#mixamorig_LeftHandThumb1-Matrix-animation-transform" target="mixamorig_LeftHandThumb1/matrix"/>
    </animation>
    <animation id="mixamorig_LeftHandThumb2-anim" name="mixamorig_LeftHandThumb2">
      <source id="mixamorig_LeftHandThumb2-Matrix-animation-input">
        <float_array id="mixamorig_LeftHandThumb2-Matrix-animation-input-array" count="39">

0.000000 0.033333 0.066667 0.100000 0.133333 0.166667 0.200000 0.233333 0.266667 0.300000 0.333333 0.366667 0.400000 0.433333 0.466667 0.500000
0.533333 0.566667 0.600000 0.633333 0.666667 0.700000 0.733333 0.766667 0.800000 0.833333 0.866667 0.900000 0.933333 0.966667 1.000000 1.033333
1.066667 1.100000 1.133333 1.166667 1.200000 1.233333 1.266667</float_array>
        <technique_common>
          <accessor source="#mixamorig_LeftHandThumb2-Matrix-animation-input-array" count="39">
            <param name="TIME" type="float"/>
          </accessor>
        </technique_common>
      </source>
      <source id="mixamorig_LeftHandThumb2-Matrix-animation-output-transform">
        <float_array id="mixamorig_LeftHandThumb2-Matrix-animation-output-transform-array" count="624">

0.951177 -0.055129 0.303681 -0.000000 -0.005302 0.980855 0.194667 4.523200 -0.308599 -0.186773 0.932675 -0.000000 0.000000 0.000000 0.000000 1.000000
0.951177 -0.055128 0.303681 0.000000 -0.005302 0.980855 0.194666 4.523200 -0.308599 -0.186772 0.932675 0.000000 0.000000 0.000000 0.000000 1.000000
0.951177 -0.055129 0.303681 0.000000 -0.005302 0.980855 0.194667 4.523200 -0.308599 -0.186773 0.932675 -0.000000 0.000000 0.000000 0.000000 1.000000
0.951177 -0.055129 0.303681 0.000000 -0.005302 0.980855 0.194666 4.523200 -0.308599 -0.186772 0.932675 0.000000 0.000000 0.000000 0.000000 1.000000
0.951177 -0.055129 0.303681 -0.000000 -0.005302 0.980855 0.194666 4.523200 -0.308599 -0.186772 0.932675 -0.000000 0.000000 0.000000 0.000000 1.000000
0.951177 -0.055129 0.303681 0.000000 -0.005302 0.980855 0.194666 4.523200 -0.308599 -0.186773 0.932675 0.000000 0.000000 0.000000 0.000000 1.000000
0.951177 -0.055128 0.303681 0.000000 -0.005303 0.980855 0.194666 4.523200 -0.308599 -0.186772 0.932675 0.000000 0.000000 0.000000 0.000000 1.000000
0.951177 -0.055129 0.303681 -0.000000 -0.005302 0.980855 0.194667 4.523200 -0.308599 -0.186773 0.932675 0.000000 0.000000 0.000000 0.000000 1.000000
0.951177 -0.055128 0.303681 0.000000 -0.005302 0.980855 0.194666 4.523200 -0.308599 -0.186772 0.932675 0.000000 0.000000 0.000000 0.000000 1.000000
0.951177 -0.055129 0.303681 0.000000 -0.005302 0.980855 0.194666 4.523200 -0.308599 -0.186772 0.932675 0.000000 0.000000 0.000000 0.000000 1.000000
0.951177 -0.055129 0.303681 0.000000 -0.005302 0.980855 0.194666 4.523200 -0.308599 -0.186772 0.932675 0.000000 0.000000 0.000000 0.000000 1.000000
0.951177 -0.055129 0.303681 0.000000 -0.005302 0.980855 0.194666 4.523200 -0.308599 -0.186772 0.932675 -0.000000 0.000000 0.000000 0.000000 1.000000
0.951177 -0.055129 0.303681 0.000000 -0.005302 0.980855 0.194666 4.523200 -0.308599 -0.186773 0.932675 0.000000 0.000000 0.000000 0.000000 1.000000
0.951177 -0.055129 0.303681 0.000000 -0.005302 0.980855 0.194666 4.523200 -0.308599 -0.186772 0.932675 0.000000 0.000000 0.000000 0.000000 1.000000
0.951177 -0.055129 0.303681 0.000000 -0.005302 0.980855 0.194667 4.523200 -0.308599 -0.186773 0.932675 0.000000 0.000000 0.000000 0.000000 1.000000
0.951178 -0.055128 0.303681 0.000000 -0.005302 0.980855 0.194667 4.523200 -0.308598 -0.186773 0.932675 0.000000 0.000000 0.000000 0.000000 1.000000
0.951177 -0.055128 0.303681 0.000000 -0.005302 0.980855 0.194666 4.523200 -0.308599 -0.186772 0.932675 0.000000 0.000000 0.000000 0.000000 1.000000
0.951177 -0.055129 0.303681 0.000000 -0.005302 0.980855 0.194666 4.523200 -0.308599 -0.186773 0.932675 -0.000000 0.000000 0.000000 0.000000 1.000000
0.951177 -0.055129 0.303681 -0.000000 -0.005302 0.980855 0.194667 4.523200 -0.308599 -0.186773 0.932675 -0.000000 0.000000 0.000000 0.000000 1.000000
0.951177 -0.055128 0.303682 0.000000 -0.005303 0.980855 0.194666 4.523200 -0.308599 -0.186773 0.932675 0.000000 0.000000 0.000000 0.000000 1.000000
0.951177 -0.055129 0.303681 0.000000 -0.005302 0.980855 0.194667 4.523200 -0.308599 -0.186773 0.932675 0.000000 0.000000 0.000000 0.000000 1.000000
0.951177 -0.055129 0.303682 0.000000 -0.005302 0.980855 0.194666 4.523200 -0.308599 -0.186772 0.932675 0.000000 0.000000 0.000000 0.000000 1.000000
0.951177 -0.055129 0.303681 0.000000 -0.005302 0.980855 0.194666 4.523200 -0.308599 -0.186772 0.932675 0.000000 0.000000 0.000000 0.000000 1.000000
0.951178 -0.055129 0.303681 0.000000 -0.005302 0.980855 0.194667 4.523200 -0.308599 -0.186773 0.932675 0.000000 0.000000 0.000000 0.000000 1.000000
0.951177 -0.055128 0.303681 0.000000 -0.005302 0.980855 0.194666 4.523200 -0.308599 -0.186772 0.932675 0.000000 0.000000 0.000000 0.000000 1.000000
0.951177 -0.055129 0.303681 -0.000000 -0.005302 0.980855 0.194666 4.523200 -0.308599 -0.186772 0.932675 0.000000 0.000000 0.000000 0.000000 1.000000
0.951177 -0.055129 0.303681 0.000000 -0.005302 0.980855 0.194666 4.523200 -0.308599 -0.186772 0.932675 0.000000 0.000000 0.000000 0.000000 1.000000
0.951177 -0.055129 0.303681 0.000000 -0.005302 0.980855 0.194666 4.523200 -0.308599 -0.186772 0.932675 -0.000000 0.000000 0.000000 0.000000 1.000000
0.951177 -0.055129 0.303681 -0.000000 -0.005302 0.980855 0.194667 4.523200 -0.308599 -0.186773 0.932675 0.000000 0.000000 0.000000 0.000000 1.000000
0.951177 -0.055128 0.303681 -0.000000 -0.005302 0.980855 0.194666 4.523200 -0.308599 -0.186772 0.932675 -0.000000 0.000000 0.000000 0.000000 1.000000
0.951177 -0.055129 0.303682 0.000000 -0.005302 0.980855 0.194666 4.523200 -0.308599 -0.186773 0.932675 0.000000 0.000000 0.000000 0.000000 1.000000
0.951177 -0.055129 0.303681 -0.000000 -0.005302 0.980855 0.194666 4.523200 -0.308599 -0.186772 0.932675 -0.000000 0.000000 0.000000 0.000000 1.000000
0.951177 -0.055129 0.303681 0.000000 -0.005302 0.980855 0.194666 4.523200 -0.308599 -0.186773 0.932675 0.000000 0.000000 0.000000 0.000000 1.000000
0.951177 -0.055128 0.303681 0.000000 -0.005302 0.980855 0.194667 4.523200 -0.308599 -0.186773 0.932675 -0.000000 0.000000 0.000000 0.000000 1.000000
0.951178 -0.055129 0.303681 0.000000 -0.005302 0.980855 0.194667 4.523200 -0.308599 -0.186773 0.932675 0.000000 0.000000 0.000000 0.000000 1.000000
0.951177 -0.055128 0.303681 -0.000000 -0.005302 0.980855 0.194667 4.523200 -0.308599 -0.186773 0.932675 0.000000 0.000000 0.000000 0.000000 1.000000
0.951177 -0.055129 0.303681 0.000000 -0.005302 0.980855 0.194666 4.523200 -0.308599 -0.186772 0.932675 0.000000 0.000000 0.000000 0.000000 1.000000
0.951177 -0.055129 0.303681 -0.000000 -0.005302 0.980855 0.194667 4.523200 -0.308599 -0.186773 0.932675 0.000000 0.000000 0.000000 0.000000 1.000000
0.951178 -0.055129 0.303681 -0.000000 -0.005302 0.980855 0.194666 4.523200 -0.308599 -0.186773 0.932675 -0.000000 0.000000 0.000000 0.000000 1.000000</float_array>
        <technique_common>
          <accessor source="#mixamorig_LeftHandThumb2-Matrix-animation-output-transform-array" count="39" stride="16">
            <param type="float4x4"/>
          </accessor>
        </technique_common>
      </source>
      <source id="mixamorig_LeftHandThumb2-Interpolations">
        <Name_array id="mixamorig_LeftHandThumb2-Interpolations-array" count="39">
 LINEAR LINEAR LINEAR LINEAR LINEAR LINEAR LINEAR LINEAR LINEAR LINEAR LINEAR
LINEAR LINEAR LINEAR LINEAR LINEAR LINEAR LINEAR LINEAR LINEAR LINEAR LINEAR LINEAR
LINEAR LINEAR LINEAR LINEAR LINEAR LINEAR LINEAR LINEAR LINEAR LINEAR LINEAR LINEAR
LINEAR LINEAR LINEAR LINEAR</Name_array>
        <technique_common>
          <accessor source="#mixamorig_LeftHandThumb2-Interpolations-array" count="39">
            <param type="name"/>
          </accessor>
        </technique_common>
      </source>
      <sampler id="mixamorig_LeftHandThumb2-Matrix-animation-transform">
        <input semantic="INPUT" source="#mixamorig_LeftHandThumb2-Matrix-animation-input"/>
        <input semantic="OUTPUT" source="#mixamorig_LeftHandThumb2-Matrix-animation-output-transform"/>
        <input semantic="INTERPOLATION" source="#mixamorig_LeftHandThumb2-Interpolations"/>
      </sampler>
      <channel source="#mixamorig_LeftHandThumb2-Matrix-animation-transform" target="mixamorig_LeftHandThumb2/matrix"/>
    </animation>
    <animation id="mixamorig_LeftHandThumb3-anim" name="mixamorig_LeftHandThumb3">
      <source id="mixamorig_LeftHandThumb3-Matrix-animation-input">
        <float_array id="mixamorig_LeftHandThumb3-Matrix-animation-input-array" count="39">

0.000000 0.033333 0.066667 0.100000 0.133333 0.166667 0.200000 0.233333 0.266667 0.300000 0.333333 0.366667 0.400000 0.433333 0.466667 0.500000
0.533333 0.566667 0.600000 0.633333 0.666667 0.700000 0.733333 0.766667 0.800000 0.833333 0.866667 0.900000 0.933333 0.966667 1.000000 1.033333
1.066667 1.100000 1.133333 1.166667 1.200000 1.233333 1.266667</float_array>
        <technique_common>
          <accessor source="#mixamorig_LeftHandThumb3-Matrix-animation-input-array" count="39">
            <param name="TIME" type="float"/>
          </accessor>
        </technique_common>
      </source>
      <source id="mixamorig_LeftHandThumb3-Matrix-animation-output-transform">
        <float_array id="mixamorig_LeftHandThumb3-Matrix-animation-output-transform-array" count="624">

0.926700 0.297562 -0.229530 0.000000 -0.228316 0.930924 0.285047 3.636400 0.298494 -0.211748 0.930626 0.000000 0.000000 0.000000 0.000000 1.000000
0.926700 0.297562 -0.229530 0.000000 -0.228316 0.930924 0.285047 3.636400 0.298494 -0.211748 0.930626 0.000000 0.000000 0.000000 0.000000 1.000000
0.926700 0.297562 -0.229530 0.000000 -0.228316 0.930924 0.285046 3.636400 0.298494 -0.211747 0.930626 -0.000000 0.000000 0.000000 0.000000 1.000000
0.926700 0.297562 -0.229530 -0.000000 -0.228316 0.930924 0.285047 3.636400 0.298494 -0.211748 0.930626 0.000000 0.000000 0.000000 0.000000 1.000000
0.926700 0.297562 -0.229530 -0.000000 -0.228316 0.930924 0.285047 3.636400 0.298494 -0.211747 0.930626 -0.000000 0.000000 0.000000 0.000000 1.000000
0.926700 0.297562 -0.229530 -0.000000 -0.228316 0.930924 0.285046 3.636400 0.298494 -0.211747 0.930626 0.000000 0.000000 0.000000 0.000000 1.000000
0.926700 0.297562 -0.229530 0.000000 -0.228316 0.930924 0.285047 3.636400 0.298494 -0.211747 0.930626 0.000000 0.000000 0.000000 0.000000 1.000000
0.926700 0.297562 -0.229530 0.000000 -0.228317 0.930924 0.285046 3.636400 0.298494 -0.211747 0.930626 0.000000 0.000000 0.000000 0.000000 1.000000
0.926700 0.297562 -0.229530 0.000000 -0.228316 0.930924 0.285047 3.636400 0.298494 -0.211748 0.930626 0.000000 0.000000 0.000000 0.000000 1.000000
0.926700 0.297562 -0.229530 0.000000 -0.228316 0.930924 0.285047 3.636400 0.298494 -0.211748 0.930626 0.000000 0.000000 0.000000 0.000000 1.000000
0.926700 0.297562 -0.229530 -0.000000 -0.228316 0.930924 0.285047 3.636400 0.298494 -0.211748 0.930626 0.000000 0.000000 0.000000 0.000000 1.000000
0.926700 0.297562 -0.229530 0.000000 -0.228316 0.930924 0.285046 3.636400 0.298494 -0.211747 0.930626 0.000000 0.000000 0.000000 0.000000 1.000000
0.926700 0.297562 -0.229530 0.000000 -0.228317 0.930924 0.285047 3.636400 0.298494 -0.211748 0.930626 0.000000 0.000000 0.000000 0.000000 1.000000
0.926700 0.297562 -0.229530 0.000000 -0.228316 0.930924 0.285047 3.636400 0.298494 -0.211748 0.930626 0.000000 0.000000 0.000000 0.000000 1.000000
0.926700 0.297562 -0.229530 -0.000000 -0.228316 0.930924 0.285047 3.636400 0.298494 -0.211747 0.930626 0.000000 0.000000 0.000000 0.000000 1.000000
0.926700 0.297562 -0.229530 0.000000 -0.228316 0.930924 0.285046 3.636400 0.298494 -0.211747 0.930626 0.000000 0.000000 0.000000 0.000000 1.000000
0.926700 0.297562 -0.229530 0.000000 -0.228316 0.930924 0.285047 3.636400 0.298494 -0.211747 0.930626 0.000000 0.000000 0.000000 0.000000 1.000000
0.926700 0.297562 -0.229530 -0.000000 -0.228316 0.930924 0.285047 3.636400 0.298494 -0.211748 0.930626 0.000000 0.000000 0.000000 0.000000 1.000000
0.926700 0.297562 -0.229530 0.000000 -0.228316 0.930924 0.285047 3.636400 0.298494 -0.211748 0.930626 0.000000 0.000000 0.000000 0.000000 1.000000
0.926700 0.297562 -0.229530 0.000000 -0.228316 0.930924 0.285046 3.636400 0.298494 -0.211747 0.930626 0.000000 0.000000 0.000000 0.000000 1.000000
0.926700 0.297562 -0.229530 0.000000 -0.228317 0.930924 0.285047 3.636400 0.298494 -0.211747 0.930626 -0.000000 0.000000 0.000000 0.000000 1.000000
0.926700 0.297562 -0.229530 0.000000 -0.228316 0.930924 0.285047 3.636400 0.298494 -0.211747 0.930626 0.000000 0.000000 0.000000 0.000000 1.000000
0.926700 0.297562 -0.229530 0.000000 -0.228316 0.930924 0.285047 3.636400 0.298494 -0.211747 0.930626 0.000000 0.000000 0.000000 0.000000 1.000000
0.926700 0.297562 -0.229530 0.000000 -0.228317 0.930924 0.285047 3.636400 0.298494 -0.211747 0.930626 -0.000000 0.000000 0.000000 0.000000 1.000000
0.926700 0.297562 -0.229530 0.000000 -0.228316 0.930924 0.285046 3.636400 0.298494 -0.211747 0.930626 -0.000000 0.000000 0.000000 0.000000 1.000000
0.926700 0.297562 -0.229530 -0.000000 -0.228317 0.930924 0.285047 3.636400 0.298494 -0.211747 0.930626 0.000000 0.000000 0.000000 0.000000 1.000000
0.926700 0.297562 -0.229529 0.000000 -0.228317 0.930924 0.285047 3.636400 0.298494 -0.211747 0.930626 0.000000 0.000000 0.000000 0.000000 1.000000
0.926700 0.297562 -0.229530 0.000000 -0.228316 0.930924 0.285047 3.636400 0.298494 -0.211747 0.930626 0.000000 0.000000 0.000000 0.000000 1.000000
0.926700 0.297562 -0.229530 0.000000 -0.228317 0.930924 0.285047 3.636400 0.298494 -0.211747 0.930626 0.000000 0.000000 0.000000 0.000000 1.000000
0.926700 0.297562 -0.229530 -0.000000 -0.228316 0.930924 0.285047 3.636400 0.298494 -0.211747 0.930626 0.000000 0.000000 0.000000 0.000000 1.000000
0.926700 0.297562 -0.229530 0.000000 -0.228316 0.930924 0.285047 3.636400 0.298494 -0.211747 0.930626 0.000000 0.000000 0.000000 0.000000 1.000000
0.926700 0.297562 -0.229530 0.000000 -0.228316 0.930924 0.285047 3.636400 0.298494 -0.211748 0.930626 0.000000 0.000000 0.000000 0.000000 1.000000
0.926700 0.297562 -0.229530 0.000000 -0.228317 0.930924 0.285047 3.636400 0.298494 -0.211747 0.930626 -0.000000 0.000000 0.000000 0.000000 1.000000
0.926700 0.297562 -0.229530 0.000000 -0.228317 0.930924 0.285047 3.636400 0.298494 -0.211748 0.930626 -0.000000 0.000000 0.000000 0.000000 1.000000
0.926700 0.297562 -0.229530 0.000000 -0.228316 0.930924 0.285046 3.636400 0.298494 -0.211747 0.930626 0.000000 0.000000 0.000000 0.000000 1.000000
0.926700 0.297562 -0.229530 -0.000000 -0.228317 0.930924 0.285047 3.636400 0.298494 -0.211747 0.930626 0.000000 0.000000 0.000000 0.000000 1.000000
0.926700 0.297562 -0.229530 -0.000000 -0.228316 0.930924 0.285047 3.636400 0.298494 -0.211747 0.930626 0.000000 0.000000 0.000000 0.000000 1.000000
0.926700 0.297562 -0.229530 0.000000 -0.228316 0.930924 0.285047 3.636400 0.298494 -0.211747 0.930626 0.000000 0.000000 0.000000 0.000000 1.000000
0.926700 0.297562 -0.229530 0.000000 -0.228316 0.930924 0.285047 3.636400 0.298494 -0.211747 0.930626 0.000000 0.000000 0.000000 0.000000 1.000000</float_array>
        <technique_common>
          <accessor source="#mixamorig_LeftHandThumb3-Matrix-animation-output-transform-array" count="39" stride="16">
            <param type="float4x4"/>
          </accessor>
        </technique_common>
      </source>
      <source id="mixamorig_LeftHandThumb3-Interpolations">
        <Name_array id="mixamorig_LeftHandThumb3-Interpolations-array" count="39">
 LINEAR LINEAR LINEAR LINEAR LINEAR LINEAR LINEAR LINEAR LINEAR LINEAR LINEAR
LINEAR LINEAR LINEAR LINEAR LINEAR LINEAR LINEAR LINEAR LINEAR LINEAR LINEAR LINEAR
LINEAR LINEAR LINEAR LINEAR LINEAR LINEAR LINEAR LINEAR LINEAR LINEAR LINEAR LINEAR
LINEAR LINEAR LINEAR LINEAR</Name_array>
        <technique_common>
          <accessor source="#mixamorig_LeftHandThumb3-Interpolations-array" count="39">
            <param type="name"/>
          </accessor>
        </technique_common>
      </source>
      <sampler id="mixamorig_LeftHandThumb3-Matrix-animation-transform">
        <input semantic="INPUT" source="#mixamorig_LeftHandThumb3-Matrix-animation-input"/>
        <input semantic="OUTPUT" source="#mixamorig_LeftHandThumb3-Matrix-animation-output-transform"/>
        <input semantic="INTERPOLATION" source="#mixamorig_LeftHandThumb3-Interpolations"/>
      </sampler>
      <channel source="#mixamorig_LeftHandThumb3-Matrix-animation-transform" target="mixamorig_LeftHandThumb3/matrix"/>
    </animation>
    <animation id="mixamorig_LeftHandIndex1-anim" name="mixamorig_LeftHandIndex1">
      <source id="mixamorig_LeftHandIndex1-Matrix-animation-input">
        <float_array id="mixamorig_LeftHandIndex1-Matrix-animation-input-array" count="39">

0.000000 0.033333 0.066667 0.100000 0.133333 0.166667 0.200000 0.233333 0.266667 0.300000 0.333333 0.366667 0.400000 0.433333 0.466667 0.500000
0.533333 0.566667 0.600000 0.633333 0.666667 0.700000 0.733333 0.766667 0.800000 0.833333 0.866667 0.900000 0.933333 0.966667 1.000000 1.033333
1.066667 1.100000 1.133333 1.166667 1.200000 1.233333 1.266667</float_array>
        <technique_common>
          <accessor source="#mixamorig_LeftHandIndex1-Matrix-animation-input-array" count="39">
            <param name="TIME" type="float"/>
          </accessor>
        </technique_common>
      </source>
      <source id="mixamorig_LeftHandIndex1-Matrix-animation-output-transform">
        <float_array id="mixamorig_LeftHandIndex1-Matrix-animation-output-transform-array" count="624">

0.998596 0.024267 -0.047094 -3.402400 -0.052964 0.477689 -0.876931 12.111600 0.001216 0.878194 0.478303 0.315900 0.000000 0.000000 0.000000 1.000000
0.998596 0.024266 -0.047094 -3.402400 -0.052964 0.477689 -0.876931 12.111600 0.001216 0.878194 0.478303 0.315900 0.000000 0.000000 0.000000 1.000000
0.998596 0.024266 -0.047094 -3.402400 -0.052965 0.477689 -0.876931 12.111600 0.001217 0.878194 0.478303 0.315900 0.000000 0.000000 0.000000 1.000000
0.998596 0.024266 -0.047094 -3.402400 -0.052964 0.477689 -0.876931 12.111600 0.001216 0.878194 0.478304 0.315900 0.000000 0.000000 0.000000 1.000000
0.998596 0.024266 -0.047094 -3.402400 -0.052964 0.477689 -0.876931 12.111600 0.001217 0.878194 0.478303 0.315900 0.000000 0.000000 0.000000 1.000000
0.998596 0.024266 -0.047093 -3.402400 -0.052964 0.477689 -0.876931 12.111600 0.001216 0.878194 0.478303 0.315900 0.000000 0.000000 0.000000 1.000000
0.998596 0.024266 -0.047094 -3.402400 -0.052964 0.477689 -0.876931 12.111600 0.001216 0.878194 0.478303 0.315900 0.000000 0.000000 0.000000 1.000000
0.998596 0.024267 -0.047094 -3.402400 -0.052964 0.477689 -0.876931 12.111600 0.001216 0.878194 0.478303 0.315900 0.000000 0.000000 0.000000 1.000000
0.998596 0.024266 -0.047093 -3.402400 -0.052964 0.477689 -0.876931 12.111600 0.001216 0.878194 0.478303 0.315900 0.000000 0.000000 0.000000 1.000000
0.998596 0.024266 -0.047094 -3.402400 -0.052964 0.477689 -0.876931 12.111600 0.001216 0.878194 0.478303 0.315900 0.000000 0.000000 0.000000 1.000000
0.998596 0.024266 -0.047093 -3.402400 -0.052964 0.477688 -0.876931 12.111600 0.001216 0.878194 0.478303 0.315900 0.000000 0.000000 0.000000 1.000000
0.998596 0.024267 -0.047094 -3.402400 -0.052964 0.477689 -0.876931 12.111600 0.001216 0.878194 0.478303 0.315900 0.000000 0.000000 0.000000 1.000000
0.998596 0.024267 -0.047094 -3.402400 -0.052964 0.477689 -0.876931 12.111600 0.001216 0.878194 0.478303 0.315900 0.000000 0.000000 0.000000 1.000000
0.998596 0.024266 -0.047094 -3.402400 -0.052964 0.477689 -0.876931 12.111600 0.001216 0.878194 0.478303 0.315900 0.000000 0.000000 0.000000 1.000000
0.998596 0.024266 -0.047093 -3.402400 -0.052964 0.477689 -0.876931 12.111600 0.001216 0.878194 0.478303 0.315900 0.000000 0.000000 0.000000 1.000000
0.998596 0.024266 -0.047094 -3.402400 -0.052964 0.477689 -0.876931 12.111600 0.001216 0.878194 0.478303 0.315900 0.000000 0.000000 0.000000 1.000000
0.998596 0.024266 -0.047093 -3.402400 -0.052964 0.477689 -0.876931 12.111600 0.001216 0.878194 0.478303 0.315900 0.000000 0.000000 0.000000 1.000000
0.998596 0.024266 -0.047094 -3.402400 -0.052964 0.477689 -0.876931 12.111600 0.001216 0.878194 0.478303 0.315900 0.000000 0.000000 0.000000 1.000000
0.998596 0.024266 -0.047094 -3.402400 -0.052964 0.477689 -0.876931 12.111600 0.001216 0.878194 0.478304 0.315900 0.000000 0.000000 0.000000 1.000000
0.998596 0.024266 -0.047094 -3.402400 -0.052964 0.477689 -0.876931 12.111600 0.001216 0.878194 0.478303 0.315900 0.000000 0.000000 0.000000 1.000000
0.998596 0.024267 -0.047094 -3.402400 -0.052964 0.477689 -0.876931 12.111600 0.001216 0.878194 0.478303 0.315900 0.000000 0.000000 0.000000 1.000000
0.998596 0.024267 -0.047094 -3.402400 -0.052964 0.477689 -0.876931 12.111600 0.001216 0.878194 0.478303 0.315900 0.000000 0.000000 0.000000 1.000000
0.998596 0.024266 -0.047093 -3.402400 -0.052964 0.477689 -0.876931 12.111600 0.001216 0.878194 0.478304 0.315900 0.000000 0.000000 0.000000 1.000000
0.998596 0.024267 -0.047093 -3.402400 -0.052964 0.477688 -0.876931 12.111600 0.001216 0.878194 0.478303 0.315900 0.000000 0.000000 0.000000 1.000000
0.998596 0.024266 -0.047094 -3.402400 -0.052964 0.477688 -0.876931 12.111600 0.001216 0.878194 0.478303 0.315900 0.000000 0.000000 0.000000 1.000000
0.998596 0.024266 -0.047094 -3.402400 -0.052964 0.477688 -0.876931 12.111600 0.001216 0.878194 0.478303 0.315900 0.000000 0.000000 0.000000 1.000000
0.998596 0.024266 -0.047094 -3.402400 -0.052964 0.477689 -0.876931 12.111600 0.001217 0.878194 0.478303 0.315900 0.000000 0.000000 0.000000 1.000000
0.998596 0.024266 -0.047093 -3.402400 -0.052964 0.477689 -0.876931 12.111600 0.001216 0.878194 0.478303 0.315900 0.000000 0.000000 0.000000 1.000000
0.998596 0.024266 -0.047094 -3.402400 -0.052964 0.477689 -0.876931 12.111600 0.001216 0.878194 0.478303 0.315900 0.000000 0.000000 0.000000 1.000000
0.998596 0.024267 -0.047094 -3.402400 -0.052964 0.477689 -0.876931 12.111600 0.001216 0.878194 0.478304 0.315900 0.000000 0.000000 0.000000 1.000000
0.998596 0.024266 -0.047093 -3.402400 -0.052964 0.477689 -0.876931 12.111600 0.001216 0.878194 0.478303 0.315900 0.000000 0.000000 0.000000 1.000000
0.998596 0.024266 -0.047094 -3.402400 -0.052964 0.477689 -0.876931 12.111600 0.001216 0.878194 0.478303 0.315900 0.000000 0.000000 0.000000 1.000000
0.998596 0.024266 -0.047094 -3.402400 -0.052964 0.477689 -0.876931 12.111600 0.001216 0.878194 0.478303 0.315900 0.000000 0.000000 0.000000 1.000000
0.998596 0.024266 -0.047094 -3.402400 -0.052964 0.477689 -0.876931 12.111600 0.001217 0.878194 0.478303 0.315900 0.000000 0.000000 0.000000 1.000000
0.998596 0.024266 -0.047094 -3.402400 -0.052964 0.477689 -0.876931 12.111600 0.001216 0.878194 0.478303 0.315900 0.000000 0.000000 0.000000 1.000000
0.998596 0.024267 -0.047093 -3.402400 -0.052964 0.477689 -0.876931 12.111600 0.001216 0.878194 0.478303 0.315900 0.000000 0.000000 0.000000 1.000000
0.998596 0.024267 -0.047093 -3.402400 -0.052964 0.477689 -0.876931 12.111600 0.001216 0.878194 0.478303 0.315900 0.000000 0.000000 0.000000 1.000000
0.998596 0.024266 -0.047093 -3.402400 -0.052964 0.477689 -0.876931 12.111600 0.001216 0.878194 0.478303 0.315900 0.000000 0.000000 0.000000 1.000000
0.998596 0.024266 -0.047094 -3.402400 -0.052964 0.477689 -0.876931 12.111600 0.001216 0.878194 0.478303 0.315900 0.000000 0.000000 0.000000 1.000000</float_array>
        <technique_common>
          <accessor source="#mixamorig_LeftHandIndex1-Matrix-animation-output-transform-array" count="39" stride="16">
            <param type="float4x4"/>
          </accessor>
        </technique_common>
      </source>
      <source id="mixamorig_LeftHandIndex1-Interpolations">
        <Name_array id="mixamorig_LeftHandIndex1-Interpolations-array" count="39">
 LINEAR LINEAR LINEAR LINEAR LINEAR LINEAR LINEAR LINEAR LINEAR LINEAR LINEAR
LINEAR LINEAR LINEAR LINEAR LINEAR LINEAR LINEAR LINEAR LINEAR LINEAR LINEAR LINEAR
LINEAR LINEAR LINEAR LINEAR LINEAR LINEAR LINEAR LINEAR LINEAR LINEAR LINEAR LINEAR
LINEAR LINEAR LINEAR LINEAR</Name_array>
        <technique_common>
          <accessor source="#mixamorig_LeftHandIndex1-Interpolations-array" count="39">
            <param type="name"/>
          </accessor>
        </technique_common>
      </source>
      <sampler id="mixamorig_LeftHandIndex1-Matrix-animation-transform">
        <input semantic="INPUT" source="#mixamorig_LeftHandIndex1-Matrix-animation-input"/>
        <input semantic="OUTPUT" source="#mixamorig_LeftHandIndex1-Matrix-animation-output-transform"/>
        <input semantic="INTERPOLATION" source="#mixamorig_LeftHandIndex1-Interpolations"/>
      </sampler>
      <channel source="#mixamorig_LeftHandIndex1-Matrix-animation-transform" target="mixamorig_LeftHandIndex1/matrix"/>
    </animation>
    <animation id="mixamorig_LeftHandIndex2-anim" name="mixamorig_LeftHandIndex2">
      <source id="mixamorig_LeftHandIndex2-Matrix-animation-input">
        <float_array id="mixamorig_LeftHandIndex2-Matrix-animation-input-array" count="39">

0.000000 0.033333 0.066667 0.100000 0.133333 0.166667 0.200000 0.233333 0.266667 0.300000 0.333333 0.366667 0.400000 0.433333 0.466667 0.500000
0.533333 0.566667 0.600000 0.633333 0.666667 0.700000 0.733333 0.766667 0.800000 0.833333 0.866667 0.900000 0.933333 0.966667 1.000000 1.033333
1.066667 1.100000 1.133333 1.166667 1.200000 1.233333 1.266667</float_array>
        <technique_common>
          <accessor source="#mixamorig_LeftHandIndex2-Matrix-animation-input-array" count="39">
            <param name="TIME" type="float"/>
          </accessor>
        </technique_common>
      </source>
      <source id="mixamorig_LeftHandIndex2-Matrix-animation-output-transform">
        <float_array id="mixamorig_LeftHandIndex2-Matrix-animation-output-transform-array" count="624">

0.997059 -0.030317 0.070390 -0.000000 0.076641 0.395833 -0.915119 4.509100 -0.000119 0.917822 0.396992 0.000000 0.000000 0.000000 0.000000 1.000000
0.997148 -0.029804 0.069342 0.000000 0.075475 0.395870 -0.915200 4.509100 -0.000174 0.917823 0.396990 0.000000 0.000000 0.000000 0.000000 1.000000
0.997215 -0.029412 0.068542 -0.000000 0.074586 0.395893 -0.915263 4.509100 -0.000216 0.917826 0.396984 0.000000 0.000000 0.000000 0.000000 1.000000
0.997262 -0.029129 0.067964 0.000000 0.073943 0.395903 -0.915311 4.509100 -0.000245 0.917830 0.396973 -0.000000 0.000000 0.000000 0.000000 1.000000
0.997294 -0.028942 0.067585 -0.000000 0.073520 0.395903 -0.915345 4.509100 -0.000265 0.917836 0.396959 0.000000 0.000000 0.000000 0.000000 1.000000
0.997311 -0.028839 0.067378 0.000000 0.073290 0.395894 -0.915367 4.509100 -0.000276 0.917843 0.396943 0.000000 0.000000 0.000000 0.000000 1.000000
0.997315 -0.028809 0.067321 0.000000 0.073225 0.395879 -0.915379 4.509100 -0.000280 0.917851 0.396926 0.000000 0.000000 0.000000 0.000000 1.000000
0.997310 -0.028838 0.067387 0.000000 0.073298 0.395857 -0.915382 4.509100 -0.000278 0.917859 0.396906 0.000000 0.000000 0.000000 0.000000 1.000000
0.997297 -0.028917 0.067551 0.000000 0.073480 0.395832 -0.915378 4.509100 -0.000269 0.917867 0.396887 -0.000000 0.000000 0.000000 0.000000 1.000000
0.997277 -0.029031 0.067789 0.000000 0.073744 0.395805 -0.915369 4.509100 -0.000257 0.917876 0.396868 0.000000 0.000000 0.000000 0.000000 1.000000
0.997254 -0.029170 0.068076 -0.000000 0.074062 0.395776 -0.915356 4.509100 -0.000242 0.917884 0.396849 0.000000 0.000000 0.000000 0.000000 1.000000
0.997228 -0.029320 0.068388 0.000000 0.074407 0.395748 -0.915340 4.509100 -0.000227 0.917891 0.396832 0.000000 0.000000 0.000000 0.000000 1.000000
0.997202 -0.029470 0.068699 -0.000000 0.074752 0.395721 -0.915323 4.509100 -0.000211 0.917898 0.396817 0.000000 0.000000 0.000000 0.000000 1.000000
0.997178 -0.029608 0.068984 0.000000 0.075069 0.395698 -0.915308 4.509100 -0.000196 0.917903 0.396804 0.000000 0.000000 0.000000 0.000000 1.000000
0.997159 -0.029722 0.069218 0.000000 0.075330 0.395678 -0.915295 4.509100 -0.000183 0.917908 0.396792 0.000000 0.000000 0.000000 0.000000 1.000000
0.997145 -0.029799 0.069378 0.000000 0.075507 0.395662 -0.915287 4.509100 -0.000176 0.917912 0.396783 -0.000000 0.000000 0.000000 0.000000 1.000000
0.997132 -0.029876 0.069536 0.000000 0.075683 0.395650 -0.915278 4.509100 -0.000167 0.917915 0.396776 -0.000000 0.000000 0.000000 0.000000 1.000000
0.997112 -0.029989 0.069770 0.000000 0.075942 0.395635 -0.915263 4.509100 -0.000155 0.917918 0.396770 0.000000 0.000000 0.000000 0.000000 1.000000
0.997087 -0.030132 0.070062 0.000000 0.076267 0.395618 -0.915243 4.509100 -0.000140 0.917921 0.396764 0.000000 0.000000 0.000000 0.000000 1.000000
0.997059 -0.030294 0.070393 0.000000 0.076635 0.395602 -0.915219 4.509100 -0.000122 0.917922 0.396760 0.000000 0.000000 0.000000 0.000000 1.000000
0.997029 -0.030466 0.070745 0.000000 0.077026 0.395585 -0.915194 4.509100 -0.000104 0.917924 0.396757 0.000000 0.000000 0.000000 0.000000 1.000000
0.996999 -0.030639 0.071099 0.000000 0.077420 0.395571 -0.915167 4.509100 -0.000085 0.917924 0.396756 0.000000 0.000000 0.000000 0.000000 1.000000
0.996969 -0.030804 0.071437 0.000000 0.077796 0.395558 -0.915140 4.509100 -0.000068 0.917924 0.396756 0.000000 0.000000 0.000000 0.000000 1.000000
0.996943 -0.030953 0.071742 0.000000 0.078135 0.395550 -0.915115 4.509100 -0.000052 0.917923 0.396759 0.000000 0.000000 0.000000 0.000000 1.000000
0.996917 -0.031100 0.072042 -0.000000 0.078468 0.395543 -0.915089 4.509100 -0.000036 0.917921 0.396764 0.000000 0.000000 0.000000 0.000000 1.000000
0.996889 -0.031258 0.072362 0.000000 0.078824 0.395536 -0.915062 4.509100 -0.000019 0.917918 0.396769 0.000000 0.000000 0.000000 0.000000 1.000000
0.996861 -0.031409 0.072671 -0.000000 0.079168 0.395531 -0.915034 4.509100 -0.000003 0.917915 0.396776 0.000000 0.000000 0.000000 0.000000 1.000000
0.996837 -0.031544 0.072941 0.000000 0.079469 0.395530 -0.915009 4.509100 0.000012 0.917911 0.396786 0.000000 0.000000 0.000000 0.000000 1.000000
0.996819 -0.031643 0.073143 0.000000 0.079695 0.395534 -0.914987 4.509100 0.000023 0.917906 0.396798 -0.000000 0.000000 0.000000 0.000000 1.000000
0.996809 -0.031703 0.073263 0.000000 0.079828 0.395542 -0.914972 4.509100 0.000029 0.917901 0.396810 0.000000 0.000000 0.000000 0.000000 1.000000
0.996800 -0.031751 0.073358 0.000000 0.079934 0.395553 -0.914958 4.509100 0.000034 0.917894 0.396825 0.000000 0.000000 0.000000 0.000000 1.000000
0.996795 -0.031780 0.073413 0.000000 0.079997 0.395567 -0.914947 4.509100 0.000038 0.917887 0.396842 0.000000 0.000000 0.000000 0.000000 1.000000
0.996796 -0.031776 0.073401 0.000000 0.079984 0.395585 -0.914940 4.509100 0.000037 0.917879 0.396859 0.000000 0.000000 0.000000 0.000000 1.000000
0.996806 -0.031725 0.073293 0.000000 0.079865 0.395609 -0.914940 4.509100 0.000031 0.917871 0.396879 0.000000 0.000000 0.000000 0.000000 1.000000
0.996826 -0.031614 0.073061 0.000000 0.079607 0.395638 -0.914950 4.509100 0.000019 0.917862 0.396899 0.000000 0.000000 0.000000 0.000000 1.000000
0.996860 -0.031431 0.072682 0.000000 0.079188 0.395674 -0.914971 4.509100 0.000000 0.917853 0.396921 0.000000 0.000000 0.000000 0.000000 1.000000
0.996906 -0.031173 0.072151 0.000000 0.078598 0.395717 -0.915003 4.509100 -0.000028 0.917843 0.396943 0.000000 0.000000 0.000000 0.000000 1.000000
0.996971 -0.030813 0.071409 0.000000 0.077773 0.395770 -0.915051 4.509100 -0.000066 0.917833 0.396967 -0.000000 0.000000 0.000000 0.000000 1.000000
0.997059 -0.030317 0.070389 0.000000 0.076640 0.395833 -0.915119 4.509100 -0.000119 0.917822 0.396992 -0.000000 0.000000 0.000000 0.000000 1.000000</float_array>
        <technique_common>
          <accessor source="#mixamorig_LeftHandIndex2-Matrix-animation-output-transform-array" count="39" stride="16">
            <param type="float4x4"/>
          </accessor>
        </technique_common>
      </source>
      <source id="mixamorig_LeftHandIndex2-Interpolations">
        <Name_array id="mixamorig_LeftHandIndex2-Interpolations-array" count="39">
 LINEAR LINEAR LINEAR LINEAR LINEAR LINEAR LINEAR LINEAR LINEAR LINEAR LINEAR
LINEAR LINEAR LINEAR LINEAR LINEAR LINEAR LINEAR LINEAR LINEAR LINEAR LINEAR LINEAR
LINEAR LINEAR LINEAR LINEAR LINEAR LINEAR LINEAR LINEAR LINEAR LINEAR LINEAR LINEAR
LINEAR LINEAR LINEAR LINEAR</Name_array>
        <technique_common>
          <accessor source="#mixamorig_LeftHandIndex2-Interpolations-array" count="39">
            <param type="name"/>
          </accessor>
        </technique_common>
      </source>
      <sampler id="mixamorig_LeftHandIndex2-Matrix-animation-transform">
        <input semantic="INPUT" source="#mixamorig_LeftHandIndex2-Matrix-animation-input"/>
        <input semantic="OUTPUT" source="#mixamorig_LeftHandIndex2-Matrix-animation-output-transform"/>
        <input semantic="INTERPOLATION" source="#mixamorig_LeftHandIndex2-Interpolations"/>
      </sampler>
      <channel source="#mixamorig_LeftHandIndex2-Matrix-animation-transform" target="mixamorig_LeftHandIndex2/matrix"/>
    </animation>
    <animation id="mixamorig_LeftHandIndex3-anim" name="mixamorig_LeftHandIndex3">
      <source id="mixamorig_LeftHandIndex3-Matrix-animation-input">
        <float_array id="mixamorig_LeftHandIndex3-Matrix-animation-input-array" count="39">

0.000000 0.033333 0.066667 0.100000 0.133333 0.166667 0.200000 0.233333 0.266667 0.300000 0.333333 0.366667 0.400000 0.433333 0.466667 0.500000
0.533333 0.566667 0.600000 0.633333 0.666667 0.700000 0.733333 0.766667 0.800000 0.833333 0.866667 0.900000 0.933333 0.966667 1.000000 1.033333
1.066667 1.100000 1.133333 1.166667 1.200000 1.233333 1.266667</float_array>
        <technique_common>
          <accessor source="#mixamorig_LeftHandIndex3-Matrix-animation-input-array" count="39">
            <param name="TIME" type="float"/>
          </accessor>
        </technique_common>
      </source>
      <source id="mixamorig_LeftHandIndex3-Matrix-animation-output-transform">
        <float_array id="mixamorig_LeftHandIndex3-Matrix-animation-output-transform-array" count="624">

0.999412 0.032620 0.010569 0.000000 -0.007477 0.508152 -0.861235 2.907200 -0.033464 0.860649 0.508097 -0.000000 0.000000 0.000000 0.000000 1.000000
0.999412 0.032620 0.010586 0.000000 -0.007464 0.508153 -0.861235 2.907200 -0.033473 0.860649 0.508098 0.000000 0.000000 0.000000 0.000000 1.000000
0.999411 0.032620 0.010631 0.000000 -0.007424 0.508154 -0.861234 2.907200 -0.033496 0.860648 0.508097 0.000000 0.000000 0.000000 0.000000 1.000000
0.999410 0.032622 0.010704 0.000000 -0.007363 0.508157 -0.861233 2.907200 -0.033535 0.860646 0.508098 0.000000 0.000000 0.000000 0.000000 1.000000
0.999409 0.032623 0.010800 0.000000 -0.007281 0.508161 -0.861231 2.907200 -0.033585 0.860644 0.508099 -0.000000 0.000000 0.000000 0.000000 1.000000
0.999409 0.032626 0.010842 0.000000 -0.007246 0.508157 -0.861234 2.907200 -0.033608 0.860646 0.508093 -0.000000 0.000000 0.000000 0.000000 1.000000
0.999409 0.032629 0.010823 0.000000 -0.007263 0.508145 -0.861241 2.907200 -0.033601 0.860653 0.508082 0.000000 0.000000 0.000000 0.000000 1.000000
0.999409 0.032631 0.010821 0.000000 -0.007266 0.508134 -0.861247 2.907200 -0.033602 0.860660 0.508071 -0.000000 0.000000 0.000000 0.000000 1.000000
0.999409 0.032635 0.010824 0.000000 -0.007264 0.508123 -0.861254 2.907200 -0.033607 0.860666 0.508060 0.000000 0.000000 0.000000 0.000000 1.000000
0.999408 0.032639 0.010838 0.000000 -0.007254 0.508112 -0.861260 2.907200 -0.033618 0.860672 0.508048 0.000000 0.000000 0.000000 0.000000 1.000000
0.999408 0.032639 0.010855 -0.000000 -0.007240 0.508114 -0.861259 2.907200 -0.033626 0.860671 0.508050 0.000000 0.000000 0.000000 0.000000 1.000000
0.999408 0.032639 0.010873 0.000000 -0.007224 0.508117 -0.861258 2.907200 -0.033636 0.860669 0.508052 0.000000 0.000000 0.000000 0.000000 1.000000
0.999408 0.032638 0.010891 0.000000 -0.007209 0.508120 -0.861256 2.907200 -0.033644 0.860668 0.508054 -0.000000 0.000000 0.000000 0.000000 1.000000
0.999408 0.032638 0.010905 -0.000000 -0.007197 0.508122 -0.861255 2.907200 -0.033651 0.860667 0.508055 0.000000 0.000000 0.000000 0.000000 1.000000
0.999408 0.032638 0.010913 0.000000 -0.007189 0.508124 -0.861254 2.907200 -0.033655 0.860666 0.508057 0.000000 0.000000 0.000000 0.000000 1.000000
0.999408 0.032637 0.010912 0.000000 -0.007190 0.508125 -0.861253 2.907200 -0.033654 0.860665 0.508059 0.000000 0.000000 0.000000 0.000000 1.000000
0.999408 0.032637 0.010911 0.000000 -0.007191 0.508127 -0.861252 2.907200 -0.033653 0.860664 0.508061 0.000000 0.000000 0.000000 0.000000 1.000000
0.999408 0.032637 0.010919 0.000000 -0.007184 0.508129 -0.861251 2.907200 -0.033657 0.860662 0.508063 0.000000 0.000000 0.000000 0.000000 1.000000
0.999407 0.032636 0.010934 0.000000 -0.007171 0.508132 -0.861250 2.907200 -0.033663 0.860661 0.508065 0.000000 0.000000 0.000000 0.000000 1.000000
0.999407 0.032636 0.010953 0.000000 -0.007154 0.508134 -0.861248 2.907200 -0.033673 0.860659 0.508067 0.000000 0.000000 0.000000 0.000000 1.000000
0.999407 0.032636 0.010976 0.000000 -0.007135 0.508137 -0.861247 2.907200 -0.033685 0.860658 0.508069 0.000000 0.000000 0.000000 0.000000 1.000000
0.999407 0.032635 0.010998 0.000000 -0.007115 0.508139 -0.861246 2.907200 -0.033696 0.860657 0.508070 0.000000 0.000000 0.000000 0.000000 1.000000
0.999407 0.032635 0.011019 0.000000 -0.007097 0.508142 -0.861244 2.907200 -0.033706 0.860655 0.508072 -0.000000 0.000000 0.000000 0.000000 1.000000
0.999406 0.032635 0.011035 0.000000 -0.007083 0.508144 -0.861243 2.907200 -0.033714 0.860654 0.508074 -0.000000 0.000000 0.000000 0.000000 1.000000
0.999406 0.032635 0.011052 0.000000 -0.007069 0.508146 -0.861242 2.907200 -0.033722 0.860652 0.508075 0.000000 0.000000 0.000000 0.000000 1.000000
0.999406 0.032634 0.011070 0.000000 -0.007053 0.508149 -0.861240 2.907200 -0.033731 0.860651 0.508077 0.000000 0.000000 0.000000 0.000000 1.000000
0.999406 0.032634 0.011088 0.000000 -0.007038 0.508151 -0.861239 2.907200 -0.033740 0.860649 0.508079 0.000000 0.000000 0.000000 0.000000 1.000000
0.999406 0.032634 0.011100 0.000000 -0.007028 0.508154 -0.861238 2.907200 -0.033746 0.860648 0.508081 -0.000000 0.000000 0.000000 0.000000 1.000000
0.999406 0.032633 0.011104 0.000000 -0.007024 0.508156 -0.861237 2.907200 -0.033748 0.860647 0.508083 0.000000 0.000000 0.000000 0.000000 1.000000
0.999406 0.032633 0.011098 -0.000000 -0.007029 0.508157 -0.861236 2.907200 -0.033744 0.860646 0.508085 0.000000 0.000000 0.000000 0.000000 1.000000
0.999406 0.032632 0.011090 0.000000 -0.007036 0.508159 -0.861235 2.907200 -0.033739 0.860645 0.508086 0.000000 0.000000 0.000000 0.000000 1.000000
0.999406 0.032631 0.011076 0.000000 -0.007047 0.508160 -0.861234 2.907200 -0.033732 0.860644 0.508088 0.000000 0.000000 0.000000 0.000000 1.000000
0.999406 0.032630 0.011055 0.000000 -0.007065 0.508161 -0.861233 2.907200 -0.033720 0.860644 0.508089 -0.000000 0.000000 0.000000 0.000000 1.000000
0.999407 0.032629 0.011021 0.000000 -0.007093 0.508161 -0.861233 2.907200 -0.033702 0.860644 0.508091 0.000000 0.000000 0.000000 0.000000 1.000000
0.999407 0.032628 0.010973 0.000000 -0.007134 0.508161 -0.861233 2.907200 -0.033677 0.860644 0.508092 0.000000 0.000000 0.000000 0.000000 1.000000
0.999408 0.032626 0.010907 -0.000000 -0.007191 0.508160 -0.861233 2.907200 -0.033641 0.860644 0.508094 -0.000000 0.000000 0.000000 0.000000 1.000000
0.999409 0.032625 0.010823 -0.000000 -0.007262 0.508158 -0.861233 2.907200 -0.033597 0.860645 0.508095 0.000000 0.000000 0.000000 0.000000 1.000000
0.999410 0.032623 0.010713 0.000000 -0.007356 0.508156 -0.861234 2.907200 -0.033539 0.860647 0.508096 -0.000000 0.000000 0.000000 0.000000 1.000000
0.999412 0.032620 0.010570 0.000000 -0.007477 0.508152 -0.861235 2.907200 -0.033464 0.860650 0.508097 0.000000 0.000000 0.000000 0.000000 1.000000</float_array>
        <technique_common>
          <accessor source="#mixamorig_LeftHandIndex3-Matrix-animation-output-transform-array" count="39" stride="16">
            <param type="float4x4"/>
          </accessor>
        </technique_common>
      </source>
      <source id="mixamorig_LeftHandIndex3-Interpolations">
        <Name_array id="mixamorig_LeftHandIndex3-Interpolations-array" count="39">
 LINEAR LINEAR LINEAR LINEAR LINEAR LINEAR LINEAR LINEAR LINEAR LINEAR LINEAR
LINEAR LINEAR LINEAR LINEAR LINEAR LINEAR LINEAR LINEAR LINEAR LINEAR LINEAR LINEAR
LINEAR LINEAR LINEAR LINEAR LINEAR LINEAR LINEAR LINEAR LINEAR LINEAR LINEAR LINEAR
LINEAR LINEAR LINEAR LINEAR</Name_array>
        <technique_common>
          <accessor source="#mixamorig_LeftHandIndex3-Interpolations-array" count="39">
            <param type="name"/>
          </accessor>
        </technique_common>
      </source>
      <sampler id="mixamorig_LeftHandIndex3-Matrix-animation-transform">
        <input semantic="INPUT" source="#mixamorig_LeftHandIndex3-Matrix-animation-input"/>
        <input semantic="OUTPUT" source="#mixamorig_LeftHandIndex3-Matrix-animation-output-transform"/>
        <input semantic="INTERPOLATION" source="#mixamorig_LeftHandIndex3-Interpolations"/>
      </sampler>
      <channel source="#mixamorig_LeftHandIndex3-Matrix-animation-transform" target="mixamorig_LeftHandIndex3/matrix"/>
    </animation>
    <animation id="mixamorig_LeftHandMiddle1-anim" name="mixamorig_LeftHandMiddle1">
      <source id="mixamorig_LeftHandMiddle1-Matrix-animation-input">
        <float_array id="mixamorig_LeftHandMiddle1-Matrix-animation-input-array" count="39">

0.000000 0.033333 0.066667 0.100000 0.133333 0.166667 0.200000 0.233333 0.266667 0.300000 0.333333 0.366667 0.400000 0.433333 0.466667 0.500000
0.533333 0.566667 0.600000 0.633333 0.666667 0.700000 0.733333 0.766667 0.800000 0.833333 0.866667 0.900000 0.933333 0.966667 1.000000 1.033333
1.066667 1.100000 1.133333 1.166667 1.200000 1.233333 1.266667</float_array>
        <technique_common>
          <accessor source="#mixamorig_LeftHandMiddle1-Matrix-animation-input-array" count="39">
            <param name="TIME" type="float"/>
          </accessor>
        </technique_common>
      </source>
      <source id="mixamorig_LeftHandMiddle1-Matrix-animation-output-transform">
        <float_array id="mixamorig_LeftHandMiddle1-Matrix-animation-output-transform-array" count="624">

0.999765 -0.019255 -0.009923 0.000000 -0.002091 0.370195 -0.928952 13.093800 0.021561 0.928754 0.370068 0.000000 0.000000 0.000000 0.000000 1.000000
0.999765 -0.019255 -0.009923 0.000000 -0.002090 0.370195 -0.928952 13.093800 0.021561 0.928755 0.370067 -0.000000 0.000000 0.000000 0.000000 1.000000
0.999765 -0.019256 -0.009924 0.000000 -0.002091 0.370195 -0.928952 13.093800 0.021561 0.928755 0.370068 -0.000000 0.000000 0.000000 0.000000 1.000000
0.999765 -0.019255 -0.009923 -0.000000 -0.002090 0.370195 -0.928952 13.093800 0.021561 0.928754 0.370068 0.000000 0.000000 0.000000 0.000000 1.000000
0.999765 -0.019255 -0.009923 0.000000 -0.002090 0.370195 -0.928952 13.093800 0.021561 0.928754 0.370068 -0.000000 0.000000 0.000000 0.000000 1.000000
0.999765 -0.019255 -0.009923 0.000000 -0.002090 0.370195 -0.928952 13.093800 0.021561 0.928755 0.370067 0.000000 0.000000 0.000000 0.000000 1.000000
0.999765 -0.019255 -0.009923 0.000000 -0.002090 0.370195 -0.928952 13.093800 0.021561 0.928755 0.370068 0.000000 0.000000 0.000000 0.000000 1.000000
0.999765 -0.019255 -0.009923 -0.000000 -0.002091 0.370195 -0.928952 13.093800 0.021561 0.928755 0.370068 0.000000 0.000000 0.000000 0.000000 1.000000
0.999765 -0.019255 -0.009924 -0.000000 -0.002091 0.370195 -0.928952 13.093800 0.021561 0.928754 0.370068 0.000000 0.000000 0.000000 0.000000 1.000000
0.999765 -0.019255 -0.009923 0.000000 -0.002090 0.370195 -0.928952 13.093800 0.021561 0.928755 0.370068 0.000000 0.000000 0.000000 0.000000 1.000000
0.999765 -0.019255 -0.009923 0.000000 -0.002091 0.370195 -0.928952 13.093800 0.021561 0.928754 0.370068 0.000000 0.000000 0.000000 0.000000 1.000000
0.999765 -0.019255 -0.009923 0.000000 -0.002090 0.370195 -0.928952 13.093800 0.021561 0.928755 0.370068 0.000000 0.000000 0.000000 0.000000 1.000000
0.999765 -0.019255 -0.009923 0.000000 -0.002091 0.370195 -0.928952 13.093800 0.021561 0.928754 0.370068 0.000000 0.000000 0.000000 0.000000 1.000000
0.999765 -0.019256 -0.009923 0.000000 -0.002090 0.370195 -0.928952 13.093800 0.021561 0.928755 0.370067 0.000000 0.000000 0.000000 0.000000 1.000000
0.999765 -0.019255 -0.009923 0.000000 -0.002090 0.370195 -0.928952 13.093800 0.021561 0.928755 0.370068 -0.000000 0.000000 0.000000 0.000000 1.000000
0.999765 -0.019255 -0.009923 -0.000000 -0.002090 0.370195 -0.928952 13.093800 0.021561 0.928755 0.370068 -0.000000 0.000000 0.000000 0.000000 1.000000
0.999765 -0.019256 -0.009923 0.000000 -0.002090 0.370195 -0.928952 13.093800 0.021561 0.928755 0.370068 -0.000000 0.000000 0.000000 0.000000 1.000000
0.999765 -0.019255 -0.009923 0.000000 -0.002091 0.370195 -0.928952 13.093800 0.021561 0.928755 0.370068 -0.000000 0.000000 0.000000 0.000000 1.000000
0.999765 -0.019255 -0.009923 0.000000 -0.002090 0.370194 -0.928952 13.093800 0.021561 0.928755 0.370067 0.000000 0.000000 0.000000 0.000000 1.000000
0.999765 -0.019255 -0.009923 -0.000000 -0.002090 0.370194 -0.928952 13.093800 0.021561 0.928755 0.370067 0.000000 0.000000 0.000000 0.000000 1.000000
0.999765 -0.019255 -0.009923 0.000000 -0.002090 0.370194 -0.928952 13.093800 0.021561 0.928755 0.370067 0.000000 0.000000 0.000000 0.000000 1.000000
0.999765 -0.019255 -0.009923 0.000000 -0.002091 0.370194 -0.928952 13.093800 0.021561 0.928755 0.370067 -0.000000 0.000000 0.000000 0.000000 1.000000
0.999765 -0.019255 -0.009923 0.000000 -0.002090 0.370195 -0.928952 13.093800 0.021561 0.928755 0.370068 0.000000 0.000000 0.000000 0.000000 1.000000
0.999765 -0.019255 -0.009923 0.000000 -0.002090 0.370195 -0.928952 13.093800 0.021561 0.928755 0.370067 0.000000 0.000000 0.000000 0.000000 1.000000
0.999765 -0.019255 -0.009923 0.000000 -0.002090 0.370195 -0.928952 13.093800 0.021561 0.928754 0.370068 0.000000 0.000000 0.000000 0.000000 1.000000
0.999765 -0.019255 -0.009923 0.000000 -0.002090 0.370194 -0.928952 13.093800 0.021561 0.928755 0.370067 0.000000 0.000000 0.000000 0.000000 1.000000
0.999765 -0.019256 -0.009923 0.000000 -0.002090 0.370195 -0.928952 13.093800 0.021561 0.928755 0.370067 0.000000 0.000000 0.000000 0.000000 1.000000
0.999765 -0.019255 -0.009923 -0.000000 -0.002091 0.370194 -0.928952 13.093800 0.021561 0.928755 0.370067 -0.000000 0.000000 0.000000 0.000000 1.000000
0.999765 -0.019255 -0.009923 -0.000000 -0.002090 0.370195 -0.928952 13.093800 0.021560 0.928755 0.370068 0.000000 0.000000 0.000000 0.000000 1.000000
0.999765 -0.019255 -0.009923 0.000000 -0.002090 0.370194 -0.928952 13.093800 0.021561 0.928755 0.370067 0.000000 0.000000 0.000000 0.000000 1.000000
0.999765 -0.019255 -0.009923 0.000000 -0.002090 0.370195 -0.928952 13.093800 0.021560 0.928755 0.370067 0.000000 0.000000 0.000000 0.000000 1.000000
0.999765 -0.019255 -0.009923 0.000000 -0.002090 0.370195 -0.928952 13.093800 0.021561 0.928755 0.370068 0.000000 0.000000 0.000000 0.000000 1.000000
0.999765 -0.019255 -0.009923 -0.000000 -0.002090 0.370194 -0.928952 13.093800 0.021561 0.928755 0.370067 0.000000 0.000000 0.000000 0.000000 1.000000
0.999765 -0.019255 -0.009924 0.000000 -0.002091 0.370195 -0.928952 13.093800 0.021561 0.928754 0.370068 0.000000 0.000000 0.000000 0.000000 1.000000
0.999765 -0.019255 -0.009923 0.000000 -0.002090 0.370194 -0.928952 13.093800 0.021561 0.928755 0.370067 -0.000000 0.000000 0.000000 0.000000 1.000000
0.999765 -0.019255 -0.009923 -0.000000 -0.002091 0.370195 -0.928952 13.093800 0.021561 0.928754 0.370068 0.000000 0.000000 0.000000 0.000000 1.000000
0.999765 -0.019255 -0.009923 0.000000 -0.002090 0.370195 -0.928952 13.093800 0.021560 0.928755 0.370068 0.000000 0.000000 0.000000 0.000000 1.000000
0.999765 -0.019255 -0.009923 0.000000 -0.002090 0.370195 -0.928952 13.093800 0.021561 0.928755 0.370068 0.000000 0.000000 0.000000 0.000000 1.000000
0.999765 -0.019255 -0.009923 0.000000 -0.002090 0.370195 -0.928952 13.093800 0.021561 0.928755 0.370068 -0.000000 0.000000 0.000000 0.000000 1.000000</float_array>
        <technique_common>
          <accessor source="#mixamorig_LeftHandMiddle1-Matrix-animation-output-transform-array" count="39" stride="16">
            <param type="float4x4"/>
          </accessor>
        </technique_common>
      </source>
      <source id="mixamorig_LeftHandMiddle1-Interpolations">
        <Name_array id="mixamorig_LeftHandMiddle1-Interpolations-array" count="39">
 LINEAR LINEAR LINEAR LINEAR LINEAR LINEAR LINEAR LINEAR LINEAR LINEAR LINEAR
LINEAR LINEAR LINEAR LINEAR LINEAR LINEAR LINEAR LINEAR LINEAR LINEAR LINEAR LINEAR
LINEAR LINEAR LINEAR LINEAR LINEAR LINEAR LINEAR LINEAR LINEAR LINEAR LINEAR LINEAR
LINEAR LINEAR LINEAR LINEAR</Name_array>
        <technique_common>
          <accessor source="#mixamorig_LeftHandMiddle1-Interpolations-array" count="39">
            <param type="name"/>
          </accessor>
        </technique_common>
      </source>
      <sampler id="mixamorig_LeftHandMiddle1-Matrix-animation-transform">
        <input semantic="INPUT" source="#mixamorig_LeftHandMiddle1-Matrix-animation-input"/>
        <input semantic="OUTPUT" source="#mixamorig_LeftHandMiddle1-Matrix-animation-output-transform"/>
        <input semantic="INTERPOLATION" source="#mixamorig_LeftHandMiddle1-Interpolations"/>
      </sampler>
      <channel source="#mixamorig_LeftHandMiddle1-Matrix-animation-transform" target="mixamorig_LeftHandMiddle1/matrix"/>
    </animation>
    <animation id="mixamorig_LeftHandMiddle2-anim" name="mixamorig_LeftHandMiddle2">
      <source id="mixamorig_LeftHandMiddle2-Matrix-animation-input">
        <float_array id="mixamorig_LeftHandMiddle2-Matrix-animation-input-array" count="39">

0.000000 0.033333 0.066667 0.100000 0.133333 0.166667 0.200000 0.233333 0.266667 0.300000 0.333333 0.366667 0.400000 0.433333 0.466667 0.500000
0.533333 0.566667 0.600000 0.633333 0.666667 0.700000 0.733333 0.766667 0.800000 0.833333 0.866667 0.900000 0.933333 0.966667 1.000000 1.033333
1.066667 1.100000 1.133333 1.166667 1.200000 1.233333 1.266667</float_array>
        <technique_common>
          <accessor source="#mixamorig_LeftHandMiddle2-Matrix-animation-input-array" count="39">
            <param name="TIME" type="float"/>
          </accessor>
        </technique_common>
      </source>
      <source id="mixamorig_LeftHandMiddle2-Matrix-animation-output-transform">
        <float_array id="mixamorig_LeftHandMiddle2-Matrix-animation-output-transform-array" count="624">

0.996341 -0.009520 0.084930 0.000000 0.085451 0.095429 -0.991762 3.620200 0.001337 0.995391 0.095893 -0.000000 0.000000 0.000000 0.000000 1.000000
0.996341 -0.009520 0.084929 -0.000000 0.085451 0.095428 -0.991762 3.620200 0.001337 0.995391 0.095893 0.000000 0.000000 0.000000 0.000000 1.000000
0.996341 -0.009519 0.084929 0.000000 0.085451 0.095429 -0.991762 3.620200 0.001336 0.995391 0.095893 0.000000 0.000000 0.000000 0.000000 1.000000
0.996341 -0.009520 0.084929 -0.000000 0.085451 0.095428 -0.991762 3.620200 0.001337 0.995391 0.095893 -0.000000 0.000000 0.000000 0.000000 1.000000
0.996341 -0.009520 0.084929 0.000000 0.085451 0.095428 -0.991762 3.620200 0.001337 0.995391 0.095892 0.000000 0.000000 0.000000 0.000000 1.000000
0.996341 -0.009520 0.084929 0.000000 0.085451 0.095428 -0.991762 3.620200 0.001337 0.995391 0.095893 0.000000 0.000000 0.000000 0.000000 1.000000
0.996341 -0.009520 0.084930 -0.000000 0.085451 0.095429 -0.991762 3.620200 0.001337 0.995391 0.095893 0.000000 0.000000 0.000000 0.000000 1.000000
0.996341 -0.009520 0.084929 0.000000 0.085451 0.095428 -0.991762 3.620200 0.001337 0.995391 0.095893 0.000000 0.000000 0.000000 0.000000 1.000000
0.996342 -0.009519 0.084929 -0.000000 0.085451 0.095428 -0.991762 3.620200 0.001336 0.995391 0.095893 -0.000000 0.000000 0.000000 0.000000 1.000000
0.996341 -0.009520 0.084930 -0.000000 0.085451 0.095428 -0.991762 3.620200 0.001337 0.995391 0.095893 0.000000 0.000000 0.000000 0.000000 1.000000
0.996341 -0.009520 0.084929 -0.000000 0.085451 0.095429 -0.991762 3.620200 0.001336 0.995391 0.095893 0.000000 0.000000 0.000000 0.000000 1.000000
0.996341 -0.009520 0.084929 -0.000000 0.085451 0.095428 -0.991762 3.620200 0.001337 0.995391 0.095892 0.000000 0.000000 0.000000 0.000000 1.000000
0.996341 -0.009520 0.084929 0.000000 0.085451 0.095428 -0.991762 3.620200 0.001337 0.995391 0.095893 0.000000 0.000000 0.000000 0.000000 1.000000
0.996341 -0.009520 0.084929 0.000000 0.085451 0.095428 -0.991762 3.620200 0.001337 0.995391 0.095892 0.000000 0.000000 0.000000 0.000000 1.000000
0.996341 -0.009520 0.084929 0.000000 0.085451 0.095428 -0.991762 3.620200 0.001337 0.995391 0.095892 0.000000 0.000000 0.000000 0.000000 1.000000
0.996341 -0.009520 0.084930 0.000000 0.085451 0.095428 -0.991762 3.620200 0.001337 0.995391 0.095893 0.000000 0.000000 0.000000 0.000000 1.000000
0.996341 -0.009520 0.084929 0.000000 0.085451 0.095429 -0.991762 3.620200 0.001337 0.995391 0.095893 -0.000000 0.000000 0.000000 0.000000 1.000000
0.996341 -0.009520 0.084929 0.000000 0.085451 0.095429 -0.991762 3.620200 0.001337 0.995391 0.095893 0.000000 0.000000 0.000000 0.000000 1.000000
0.996341 -0.009520 0.084930 0.000000 0.085451 0.095428 -0.991762 3.620200 0.001337 0.995391 0.095893 0.000000 0.000000 0.000000 0.000000 1.000000
0.996341 -0.009520 0.084930 -0.000000 0.085451 0.095428 -0.991762 3.620200 0.001337 0.995391 0.095892 -0.000000 0.000000 0.000000 0.000000 1.000000
0.996341 -0.009520 0.084930 0.000000 0.085451 0.095429 -0.991762 3.620200 0.001337 0.995391 0.095893 -0.000000 0.000000 0.000000 0.000000 1.000000
0.996341 -0.009520 0.084929 0.000000 0.085451 0.095428 -0.991762 3.620200 0.001337 0.995391 0.095893 0.000000 0.000000 0.000000 0.000000 1.000000
0.996341 -0.009520 0.084930 0.000000 0.085451 0.095428 -0.991762 3.620200 0.001337 0.995391 0.095893 -0.000000 0.000000 0.000000 0.000000 1.000000
0.996341 -0.009520 0.084930 -0.000000 0.085451 0.095428 -0.991762 3.620200 0.001337 0.995391 0.095893 0.000000 0.000000 0.000000 0.000000 1.000000
0.996341 -0.009520 0.084930 -0.000000 0.085451 0.095429 -0.991762 3.620200 0.001337 0.995391 0.095893 0.000000 0.000000 0.000000 0.000000 1.000000
0.996341 -0.009520 0.084930 0.000000 0.085451 0.095428 -0.991762 3.620200 0.001337 0.995391 0.095893 0.000000 0.000000 0.000000 0.000000 1.000000
0.996342 -0.009519 0.084929 -0.000000 0.085451 0.095428 -0.991762 3.620200 0.001336 0.995391 0.095893 0.000000 0.000000 0.000000 0.000000 1.000000
0.996341 -0.009520 0.084929 -0.000000 0.085451 0.095429 -0.991762 3.620200 0.001337 0.995391 0.095893 0.000000 0.000000 0.000000 0.000000 1.000000
0.996341 -0.009520 0.084930 0.000000 0.085451 0.095428 -0.991762 3.620200 0.001337 0.995391 0.095892 -0.000000 0.000000 0.000000 0.000000 1.000000
0.996341 -0.009520 0.084929 -0.000000 0.085451 0.095428 -0.991762 3.620200 0.001337 0.995391 0.095893 0.000000 0.000000 0.000000 0.000000 1.000000
0.996341 -0.009520 0.084930 0.000000 0.085451 0.095428 -0.991762 3.620200 0.001337 0.995391 0.095893 0.000000 0.000000 0.000000 0.000000 1.000000
0.996341 -0.009520 0.084929 -0.000000 0.085451 0.095428 -0.991762 3.620200 0.001337 0.995391 0.095893 0.000000 0.000000 0.000000 0.000000 1.000000
0.996341 -0.009520 0.084930 0.000000 0.085451 0.095428 -0.991762 3.620200 0.001337 0.995391 0.095892 0.000000 0.000000 0.000000 0.000000 1.000000
0.996341 -0.009520 0.084929 0.000000 0.085451 0.095429 -0.991762 3.620200 0.001336 0.995391 0.095893 0.000000 0.000000 0.000000 0.000000 1.000000
0.996341 -0.009520 0.084930 -0.000000 0.085451 0.095429 -0.991762 3.620200 0.001337 0.995391 0.095893 0.000000 0.000000 0.000000 0.000000 1.000000
0.996341 -0.009520 0.084929 0.000000 0.085451 0.095428 -0.991762 3.620200 0.001337 0.995391 0.095892 -0.000000 0.000000 0.000000 0.000000 1.000000
0.996341 -0.009520 0.084929 0.000000 0.085451 0.095429 -0.991762 3.620200 0.001337 0.995391 0.095893 0.000000 0.000000 0.000000 0.000000 1.000000
0.996341 -0.009520 0.084929 0.000000 0.085451 0.095428 -0.991762 3.620200 0.001337 0.995391 0.095893 0.000000 0.000000 0.000000 0.000000 1.000000
0.996341 -0.009520 0.084930 0.000000 0.085451 0.095428 -0.991762 3.620200 0.001337 0.995391 0.095893 0.000000 0.000000 0.000000 0.000000 1.000000</float_array>
        <technique_common>
          <accessor source="#mixamorig_LeftHandMiddle2-Matrix-animation-output-transform-array" count="39" stride="16">
            <param type="float4x4"/>
          </accessor>
        </technique_common>
      </source>
      <source id="mixamorig_LeftHandMiddle2-Interpolations">
        <Name_array id="mixamorig_LeftHandMiddle2-Interpolations-array" count="39">
 LINEAR LINEAR LINEAR LINEAR LINEAR LINEAR LINEAR LINEAR LINEAR LINEAR LINEAR
LINEAR LINEAR LINEAR LINEAR LINEAR LINEAR LINEAR LINEAR LINEAR LINEAR LINEAR LINEAR
LINEAR LINEAR LINEAR LINEAR LINEAR LINEAR LINEAR LINEAR LINEAR LINEAR LINEAR LINEAR
LINEAR LINEAR LINEAR LINEAR</Name_array>
        <technique_common>
          <accessor source="#mixamorig_LeftHandMiddle2-Interpolations-array" count="39">
            <param type="name"/>
          </accessor>
        </technique_common>
      </source>
      <sampler id="mixamorig_LeftHandMiddle2-Matrix-animation-transform">
        <input semantic="INPUT" source="#mixamorig_LeftHandMiddle2-Matrix-animation-input"/>
        <input semantic="OUTPUT" source="#mixamorig_LeftHandMiddle2-Matrix-animation-output-transform"/>
        <input semantic="INTERPOLATION" source="#mixamorig_LeftHandMiddle2-Interpolations"/>
      </sampler>
      <channel source="#mixamorig_LeftHandMiddle2-Matrix-animation-transform" target="mixamorig_LeftHandMiddle2/matrix"/>
    </animation>
    <animation id="mixamorig_LeftHandMiddle3-anim" name="mixamorig_LeftHandMiddle3">
      <source id="mixamorig_LeftHandMiddle3-Matrix-animation-input">
        <float_array id="mixamorig_LeftHandMiddle3-Matrix-animation-input-array" count="39">

0.000000 0.033333 0.066667 0.100000 0.133333 0.166667 0.200000 0.233333 0.266667 0.300000 0.333333 0.366667 0.400000 0.433333 0.466667 0.500000
0.533333 0.566667 0.600000 0.633333 0.666667 0.700000 0.733333 0.766667 0.800000 0.833333 0.866667 0.900000 0.933333 0.966667 1.000000 1.033333
1.066667 1.100000 1.133333 1.166667 1.200000 1.233333 1.266667</float_array>
        <technique_common>
          <accessor source="#mixamorig_LeftHandMiddle3-Matrix-animation-input-array" count="39">
            <param name="TIME" type="float"/>
          </accessor>
        </technique_common>
      </source>
      <source id="mixamorig_LeftHandMiddle3-Matrix-animation-output-transform">
        <float_array id="mixamorig_LeftHandMiddle3-Matrix-animation-output-transform-array" count="624">

0.999600 0.028255 0.000913 0.000000 -0.023285 0.841192 -0.540236 2.832500 -0.016032 0.539999 0.841513 -0.000000 0.000000 0.000000 0.000000 1.000000
0.999600 0.028256 0.000913 -0.000000 -0.023285 0.841192 -0.540236 2.832500 -0.016033 0.539999 0.841513 -0.000000 0.000000 0.000000 0.000000 1.000000
0.999600 0.028256 0.000913 0.000000 -0.023285 0.841192 -0.540236 2.832500 -0.016033 0.539999 0.841513 0.000000 0.000000 0.000000 0.000000 1.000000
0.999600 0.028256 0.000913 0.000000 -0.023285 0.841192 -0.540235 2.832500 -0.016032 0.539998 0.841513 0.000000 0.000000 0.000000 0.000000 1.000000
0.999600 0.028256 0.000912 0.000000 -0.023285 0.841191 -0.540236 2.832500 -0.016032 0.539999 0.841513 0.000000 0.000000 0.000000 0.000000 1.000000
0.999600 0.028256 0.000912 0.000000 -0.023285 0.841192 -0.540236 2.832500 -0.016032 0.539999 0.841513 0.000000 0.000000 0.000000 0.000000 1.000000
0.999600 0.028256 0.000912 0.000000 -0.023285 0.841191 -0.540236 2.832500 -0.016032 0.539999 0.841513 0.000000 0.000000 0.000000 0.000000 1.000000
0.999600 0.028256 0.000912 0.000000 -0.023285 0.841192 -0.540236 2.832500 -0.016032 0.539999 0.841513 0.000000 0.000000 0.000000 0.000000 1.000000
0.999600 0.028256 0.000912 0.000000 -0.023285 0.841191 -0.540236 2.832500 -0.016032 0.539999 0.841513 0.000000 0.000000 0.000000 0.000000 1.000000
0.999600 0.028256 0.000912 0.000000 -0.023285 0.841191 -0.540236 2.832500 -0.016032 0.539999 0.841513 -0.000000 0.000000 0.000000 0.000000 1.000000
0.999600 0.028256 0.000912 0.000000 -0.023285 0.841191 -0.540236 2.832500 -0.016032 0.539999 0.841513 -0.000000 0.000000 0.000000 0.000000 1.000000
0.999600 0.028256 0.000913 0.000000 -0.023285 0.841192 -0.540235 2.832500 -0.016032 0.539998 0.841513 0.000000 0.000000 0.000000 0.000000 1.000000
0.999600 0.028256 0.000913 0.000000 -0.023285 0.841192 -0.540236 2.832500 -0.016033 0.539998 0.841513 0.000000 0.000000 0.000000 0.000000 1.000000
0.999600 0.028256 0.000912 0.000000 -0.023285 0.841192 -0.540236 2.832500 -0.016032 0.539999 0.841513 0.000000 0.000000 0.000000 0.000000 1.000000
0.999600 0.028256 0.000913 -0.000000 -0.023285 0.841192 -0.540235 2.832500 -0.016032 0.539998 0.841513 0.000000 0.000000 0.000000 0.000000 1.000000
0.999600 0.028256 0.000912 0.000000 -0.023285 0.841192 -0.540236 2.832500 -0.016032 0.539999 0.841513 0.000000 0.000000 0.000000 0.000000 1.000000
0.999600 0.028255 0.000912 0.000000 -0.023285 0.841192 -0.540236 2.832500 -0.016032 0.539998 0.841513 0.000000 0.000000 0.000000 0.000000 1.000000
0.999600 0.028256 0.000913 0.000000 -0.023285 0.841192 -0.540236 2.832500 -0.016032 0.539999 0.841513 -0.000000 0.000000 0.000000 0.000000 1.000000
0.999600 0.028256 0.000913 0.000000 -0.023285 0.841191 -0.540236 2.832500 -0.016032 0.539999 0.841513 0.000000 0.000000 0.000000 0.000000 1.000000
0.999600 0.028256 0.000912 0.000000 -0.023285 0.841192 -0.540236 2.832500 -0.016032 0.539998 0.841513 -0.000000 0.000000 0.000000 0.000000 1.000000
0.999600 0.028255 0.000913 0.000000 -0.023284 0.841191 -0.540236 2.832500 -0.016032 0.539999 0.841513 0.000000 0.000000 0.000000 0.000000 1.000000
0.999600 0.028256 0.000912 0.000000 -0.023285 0.841192 -0.540236 2.832500 -0.016032 0.539998 0.841513 0.000000 0.000000 0.000000 0.000000 1.000000
0.999600 0.028256 0.000912 0.000000 -0.023285 0.841191 -0.540236 2.832500 -0.016032 0.539999 0.841513 0.000000 0.000000 0.000000 0.000000 1.000000
0.999600 0.028256 0.000912 0.000000 -0.023285 0.841191 -0.540236 2.832500 -0.016032 0.539999 0.841513 -0.000000 0.000000 0.000000 0.000000 1.000000
0.999600 0.028256 0.000912 -0.000000 -0.023285 0.841192 -0.540235 2.832500 -0.016032 0.539998 0.841513 -0.000000 0.000000 0.000000 0.000000 1.000000
0.999600 0.028256 0.000912 0.000000 -0.023285 0.841192 -0.540236 2.832500 -0.016032 0.539999 0.841513 0.000000 0.000000 0.000000 0.000000 1.000000
0.999600 0.028256 0.000913 0.000000 -0.023285 0.841192 -0.540236 2.832500 -0.016032 0.539999 0.841513 -0.000000 0.000000 0.000000 0.000000 1.000000
0.999600 0.028256 0.000912 0.000000 -0.023285 0.841192 -0.540236 2.832500 -0.016032 0.539998 0.841513 0.000000 0.000000 0.000000 0.000000 1.000000
0.999600 0.028256 0.000913 0.000000 -0.023285 0.841192 -0.540235 2.832500 -0.016032 0.539998 0.841513 0.000000 0.000000 0.000000 0.000000 1.000000
0.999600 0.028256 0.000912 0.000000 -0.023285 0.841192 -0.540236 2.832500 -0.016032 0.539998 0.841513 -0.000000 0.000000 0.000000 0.000000 1.000000
0.999600 0.028255 0.000912 -0.000000 -0.023285 0.841191 -0.540236 2.832500 -0.016032 0.539999 0.841513 0.000000 0.000000 0.000000 0.000000 1.000000
0.999600 0.028256 0.000913 0.000000 -0.023285 0.841192 -0.540236 2.832500 -0.016032 0.539998 0.841513 0.000000 0.000000 0.000000 0.000000 1.000000
0.999600 0.028256 0.000912 -0.000000 -0.023285 0.841192 -0.540236 2.832500 -0.016032 0.539999 0.841513 0.000000 0.000000 0.000000 0.000000 1.000000
0.999600 0.028256 0.000913 0.000000 -0.023285 0.841192 -0.540236 2.832500 -0.016033 0.539998 0.841513 0.000000 0.000000 0.000000 0.000000 1.000000
0.999600 0.028256 0.000912 -0.000000 -0.023285 0.841192 -0.540236 2.832500 -0.016032 0.539998 0.841513 0.000000 0.000000 0.000000 0.000000 1.000000
0.999600 0.028256 0.000912 -0.000000 -0.023285 0.841192 -0.540236 2.832500 -0.016032 0.539999 0.841513 0.000000 0.000000 0.000000 0.000000 1.000000
0.999600 0.028256 0.000913 -0.000000 -0.023285 0.841192 -0.540236 2.832500 -0.016032 0.539998 0.841513 0.000000 0.000000 0.000000 0.000000 1.000000
0.999600 0.028256 0.000913 0.000000 -0.023285 0.841192 -0.540236 2.832500 -0.016032 0.539999 0.841513 0.000000 0.000000 0.000000 0.000000 1.000000
0.999600 0.028256 0.000912 0.000000 -0.023285 0.841192 -0.540236 2.832500 -0.016032 0.539999 0.841513 0.000000 0.000000 0.000000 0.000000 1.000000</float_array>
        <technique_common>
          <accessor source="#mixamorig_LeftHandMiddle3-Matrix-animation-output-transform-array" count="39" stride="16">
            <param type="float4x4"/>
          </accessor>
        </technique_common>
      </source>
      <source id="mixamorig_LeftHandMiddle3-Interpolations">
        <Name_array id="mixamorig_LeftHandMiddle3-Interpolations-array" count="39">
 LINEAR LINEAR LINEAR LINEAR LINEAR LINEAR LINEAR LINEAR LINEAR LINEAR LINEAR
LINEAR LINEAR LINEAR LINEAR LINEAR LINEAR LINEAR LINEAR LINEAR LINEAR LINEAR LINEAR
LINEAR LINEAR LINEAR LINEAR LINEAR LINEAR LINEAR LINEAR LINEAR LINEAR LINEAR LINEAR
LINEAR LINEAR LINEAR LINEAR</Name_array>
        <technique_common>
          <accessor source="#mixamorig_LeftHandMiddle3-Interpolations-array" count="39">
            <param type="name"/>
          </accessor>
        </technique_common>
      </source>
      <sampler id="mixamorig_LeftHandMiddle3-Matrix-animation-transform">
        <input semantic="INPUT" source="#mixamorig_LeftHandMiddle3-Matrix-animation-input"/>
        <input semantic="OUTPUT" source="#mixamorig_LeftHandMiddle3-Matrix-animation-output-transform"/>
        <input semantic="INTERPOLATION" source="#mixamorig_LeftHandMiddle3-Interpolations"/>
      </sampler>
      <channel source="#mixamorig_LeftHandMiddle3-Matrix-animation-transform" target="mixamorig_LeftHandMiddle3/matrix"/>
    </animation>
    <animation id="mixamorig_LeftHandRing1-anim" name="mixamorig_LeftHandRing1">
      <source id="mixamorig_LeftHandRing1-Matrix-animation-input">
        <float_array id="mixamorig_LeftHandRing1-Matrix-animation-input-array" count="39">

0.000000 0.033333 0.066667 0.100000 0.133333 0.166667 0.200000 0.233333 0.266667 0.300000 0.333333 0.366667 0.400000 0.433333 0.466667 0.500000
0.533333 0.566667 0.600000 0.633333 0.666667 0.700000 0.733333 0.766667 0.800000 0.833333 0.866667 0.900000 0.933333 0.966667 1.000000 1.033333
1.066667 1.100000 1.133333 1.166667 1.200000 1.233333 1.266667</float_array>
        <technique_common>
          <accessor source="#mixamorig_LeftHandRing1-Matrix-animation-input-array" count="39">
            <param name="TIME" type="float"/>
          </accessor>
        </technique_common>
      </source>
      <source id="mixamorig_LeftHandRing1-Matrix-animation-output-transform">
        <float_array id="mixamorig_LeftHandRing1-Matrix-animation-output-transform-array" count="624">

0.996641 0.030230 -0.076113 3.523100 -0.080441 0.186896 -0.979081 12.918800 -0.015372 0.981915 0.188699 -0.015900 0.000000 0.000000 0.000000 1.000000
0.996641 0.030230 -0.076113 3.523100 -0.080441 0.186895 -0.979081 12.918800 -0.015372 0.981915 0.188699 -0.015900 0.000000 0.000000 0.000000 1.000000
0.996641 0.030230 -0.076114 3.523100 -0.080441 0.186896 -0.979081 12.918800 -0.015372 0.981915 0.188700 -0.015900 0.000000 0.000000 0.000000 1.000000
0.996641 0.030230 -0.076113 3.523100 -0.080441 0.186896 -0.979081 12.918800 -0.015373 0.981915 0.188700 -0.015900 0.000000 0.000000 0.000000 1.000000
0.996641 0.030230 -0.076113 3.523100 -0.080441 0.186896 -0.979081 12.918800 -0.015372 0.981915 0.188700 -0.015900 0.000000 0.000000 0.000000 1.000000
0.996641 0.030230 -0.076113 3.523100 -0.080441 0.186895 -0.979081 12.918800 -0.015373 0.981915 0.188699 -0.015900 0.000000 0.000000 0.000000 1.000000
0.996641 0.030230 -0.076113 3.523100 -0.080441 0.186896 -0.979081 12.918800 -0.015372 0.981915 0.188699 -0.015900 0.000000 0.000000 0.000000 1.000000
0.996641 0.030230 -0.076113 3.523100 -0.080441 0.186895 -0.979081 12.918800 -0.015373 0.981915 0.188699 -0.015900 0.000000 0.000000 0.000000 1.000000
0.996641 0.030230 -0.076113 3.523100 -0.080441 0.186896 -0.979081 12.918800 -0.015373 0.981915 0.188699 -0.015900 0.000000 0.000000 0.000000 1.000000
0.996641 0.030230 -0.076112 3.523100 -0.080440 0.186895 -0.979081 12.918800 -0.015373 0.981915 0.188699 -0.015900 0.000000 0.000000 0.000000 1.000000
0.996641 0.030230 -0.076113 3.523100 -0.080441 0.186895 -0.979081 12.918800 -0.015373 0.981915 0.188699 -0.015900 0.000000 0.000000 0.000000 1.000000
0.996641 0.030230 -0.076113 3.523100 -0.080441 0.186896 -0.979081 12.918800 -0.015373 0.981915 0.188699 -0.015900 0.000000 0.000000 0.000000 1.000000
0.996641 0.030230 -0.076113 3.523100 -0.080441 0.186896 -0.979081 12.918800 -0.015373 0.981915 0.188700 -0.015900 0.000000 0.000000 0.000000 1.000000
0.996641 0.030230 -0.076113 3.523100 -0.080441 0.186895 -0.979081 12.918800 -0.015372 0.981915 0.188699 -0.015900 0.000000 0.000000 0.000000 1.000000
0.996641 0.030230 -0.076113 3.523100 -0.080441 0.186895 -0.979081 12.918800 -0.015373 0.981915 0.188699 -0.015900 0.000000 0.000000 0.000000 1.000000
0.996641 0.030230 -0.076113 3.523100 -0.080441 0.186896 -0.979081 12.918800 -0.015373 0.981915 0.188699 -0.015900 0.000000 0.000000 0.000000 1.000000
0.996641 0.030230 -0.076113 3.523100 -0.080440 0.186895 -0.979081 12.918800 -0.015373 0.981915 0.188699 -0.015900 0.000000 0.000000 0.000000 1.000000
0.996641 0.030230 -0.076113 3.523100 -0.080441 0.186895 -0.979081 12.918800 -0.015373 0.981915 0.188699 -0.015900 0.000000 0.000000 0.000000 1.000000
0.996641 0.030230 -0.076113 3.523100 -0.080441 0.186895 -0.979081 12.918800 -0.015372 0.981915 0.188699 -0.015900 0.000000 0.000000 0.000000 1.000000
0.996641 0.030230 -0.076113 3.523100 -0.080441 0.186895 -0.979081 12.918800 -0.015373 0.981915 0.188699 -0.015900 0.000000 0.000000 0.000000 1.000000
0.996641 0.030230 -0.076113 3.523100 -0.080441 0.186896 -0.979081 12.918800 -0.015372 0.981915 0.188699 -0.015900 0.000000 0.000000 0.000000 1.000000
0.996641 0.030230 -0.076113 3.523100 -0.080441 0.186895 -0.979081 12.918800 -0.015373 0.981915 0.188699 -0.015900 0.000000 0.000000 0.000000 1.000000
0.996641 0.030230 -0.076113 3.523100 -0.080441 0.186896 -0.979081 12.918800 -0.015372 0.981915 0.188700 -0.015900 0.000000 0.000000 0.000000 1.000000
0.996641 0.030230 -0.076113 3.523100 -0.080441 0.186895 -0.979081 12.918800 -0.015373 0.981915 0.188699 -0.015900 0.000000 0.000000 0.000000 1.000000
0.996641 0.030230 -0.076113 3.523100 -0.080441 0.186895 -0.979081 12.918800 -0.015373 0.981915 0.188699 -0.015900 0.000000 0.000000 0.000000 1.000000
0.996641 0.030230 -0.076113 3.523100 -0.080441 0.186895 -0.979081 12.918800 -0.015372 0.981915 0.188699 -0.015900 0.000000 0.000000 0.000000 1.000000
0.996641 0.030230 -0.076113 3.523100 -0.080441 0.186895 -0.979081 12.918800 -0.015372 0.981915 0.188699 -0.015900 0.000000 0.000000 0.000000 1.000000
0.996641 0.030230 -0.076113 3.523100 -0.080441 0.186895 -0.979081 12.918800 -0.015372 0.981915 0.188699 -0.015900 0.000000 0.000000 0.000000 1.000000
0.996641 0.030230 -0.076113 3.523100 -0.080441 0.186895 -0.979081 12.918800 -0.015373 0.981915 0.188699 -0.015900 0.000000 0.000000 0.000000 1.000000
0.996641 0.030231 -0.076113 3.523100 -0.080441 0.186896 -0.979081 12.918800 -0.015373 0.981915 0.188700 -0.015900 0.000000 0.000000 0.000000 1.000000
0.996641 0.030230 -0.076113 3.523100 -0.080441 0.186895 -0.979081 12.918800 -0.015373 0.981915 0.188699 -0.015900 0.000000 0.000000 0.000000 1.000000
0.996641 0.030230 -0.076113 3.523100 -0.080441 0.186895 -0.979081 12.918800 -0.015373 0.981915 0.188699 -0.015900 0.000000 0.000000 0.000000 1.000000
0.996641 0.030230 -0.076113 3.523100 -0.080441 0.186895 -0.979081 12.918800 -0.015373 0.981915 0.188699 -0.015900 0.000000 0.000000 0.000000 1.000000
0.996641 0.030230 -0.076113 3.523100 -0.080441 0.186895 -0.979081 12.918800 -0.015372 0.981915 0.188699 -0.015900 0.000000 0.000000 0.000000 1.000000
0.996641 0.030230 -0.076113 3.523100 -0.080441 0.186895 -0.979081 12.918800 -0.015373 0.981915 0.188699 -0.015900 0.000000 0.000000 0.000000 1.000000
0.996641 0.030230 -0.076113 3.523100 -0.080441 0.186895 -0.979081 12.918800 -0.015372 0.981915 0.188699 -0.015900 0.000000 0.000000 0.000000 1.000000
0.996641 0.030230 -0.076113 3.523100 -0.080440 0.186895 -0.979081 12.918800 -0.015373 0.981915 0.188699 -0.015900 0.000000 0.000000 0.000000 1.000000
0.996641 0.030230 -0.076113 3.523100 -0.080441 0.186895 -0.979081 12.918800 -0.015373 0.981915 0.188699 -0.015900 0.000000 0.000000 0.000000 1.000000
0.996641 0.030230 -0.076113 3.523100 -0.080441 0.186895 -0.979081 12.918800 -0.015372 0.981915 0.188699 -0.015900 0.000000 0.000000 0.000000 1.000000</float_array>
        <technique_common>
          <accessor source="#mixamorig_LeftHandRing1-Matrix-animation-output-transform-array" count="39" stride="16">
            <param type="float4x4"/>
          </accessor>
        </technique_common>
      </source>
      <source id="mixamorig_LeftHandRing1-Interpolations">
        <Name_array id="mixamorig_LeftHandRing1-Interpolations-array" count="39">
 LINEAR LINEAR LINEAR LINEAR LINEAR LINEAR LINEAR LINEAR LINEAR LINEAR LINEAR
LINEAR LINEAR LINEAR LINEAR LINEAR LINEAR LINEAR LINEAR LINEAR LINEAR LINEAR LINEAR
LINEAR LINEAR LINEAR LINEAR LINEAR LINEAR LINEAR LINEAR LINEAR LINEAR LINEAR LINEAR
LINEAR LINEAR LINEAR LINEAR</Name_array>
        <technique_common>
          <accessor source="#mixamorig_LeftHandRing1-Interpolations-array" count="39">
            <param type="name"/>
          </accessor>
        </technique_common>
      </source>
      <sampler id="mixamorig_LeftHandRing1-Matrix-animation-transform">
        <input semantic="INPUT" source="#mixamorig_LeftHandRing1-Matrix-animation-input"/>
        <input semantic="OUTPUT" source="#mixamorig_LeftHandRing1-Matrix-animation-output-transform"/>
        <input semantic="INTERPOLATION" source="#mixamorig_LeftHandRing1-Interpolations"/>
      </sampler>
      <channel source="#mixamorig_LeftHandRing1-Matrix-animation-transform" target="mixamorig_LeftHandRing1/matrix"/>
    </animation>
    <animation id="mixamorig_LeftHandRing2-anim" name="mixamorig_LeftHandRing2">
      <source id="mixamorig_LeftHandRing2-Matrix-animation-input">
        <float_array id="mixamorig_LeftHandRing2-Matrix-animation-input-array" count="39">

0.000000 0.033333 0.066667 0.100000 0.133333 0.166667 0.200000 0.233333 0.266667 0.300000 0.333333 0.366667 0.400000 0.433333 0.466667 0.500000
0.533333 0.566667 0.600000 0.633333 0.666667 0.700000 0.733333 0.766667 0.800000 0.833333 0.866667 0.900000 0.933333 0.966667 1.000000 1.033333
1.066667 1.100000 1.133333 1.166667 1.200000 1.233333 1.266667</float_array>
        <technique_common>
          <accessor source="#mixamorig_LeftHandRing2-Matrix-animation-input-array" count="39">
            <param name="TIME" type="float"/>
          </accessor>
        </technique_common>
      </source>
      <source id="mixamorig_LeftHandRing2-Matrix-animation-output-transform">
        <float_array id="mixamorig_LeftHandRing2-Matrix-animation-output-transform-array" count="624">

0.999725 -0.017709 0.015378 -0.000000 0.019830 0.288064 -0.957406 2.936000 0.012525 0.957447 0.288336 0.000000 0.000000 0.000000 0.000000 1.000000
0.999725 -0.017710 0.015377 -0.000000 0.019829 0.288065 -0.957406 2.936000 0.012526 0.957447 0.288337 0.000000 0.000000 0.000000 0.000000 1.000000
0.999725 -0.017709 0.015378 -0.000000 0.019830 0.288065 -0.957406 2.936000 0.012525 0.957447 0.288337 -0.000000 0.000000 0.000000 0.000000 1.000000
0.999725 -0.017710 0.015378 0.000000 0.019830 0.288064 -0.957406 2.936000 0.012525 0.957447 0.288336 0.000000 0.000000 0.000000 0.000000 1.000000
0.999725 -0.017709 0.015378 0.000000 0.019830 0.288065 -0.957406 2.936000 0.012525 0.957447 0.288337 0.000000 0.000000 0.000000 0.000000 1.000000
0.999725 -0.017710 0.015378 -0.000000 0.019830 0.288064 -0.957406 2.936000 0.012526 0.957447 0.288336 0.000000 0.000000 0.000000 0.000000 1.000000
0.999725 -0.017710 0.015378 -0.000000 0.019830 0.288064 -0.957406 2.936000 0.012525 0.957447 0.288336 0.000000 0.000000 0.000000 0.000000 1.000000
0.999725 -0.017709 0.015378 -0.000000 0.019830 0.288065 -0.957406 2.936000 0.012525 0.957447 0.288337 0.000000 0.000000 0.000000 0.000000 1.000000
0.999725 -0.017709 0.015378 0.000000 0.019830 0.288065 -0.957406 2.936000 0.012525 0.957447 0.288337 0.000000 0.000000 0.000000 0.000000 1.000000
0.999725 -0.017710 0.015378 0.000000 0.019830 0.288064 -0.957406 2.936000 0.012526 0.957447 0.288336 -0.000000 0.000000 0.000000 0.000000 1.000000
0.999725 -0.017710 0.015378 0.000000 0.019830 0.288064 -0.957406 2.936000 0.012526 0.957447 0.288336 0.000000 0.000000 0.000000 0.000000 1.000000
0.999725 -0.017709 0.015377 0.000000 0.019829 0.288064 -0.957406 2.936000 0.012525 0.957447 0.288336 0.000000 0.000000 0.000000 0.000000 1.000000
0.999725 -0.017709 0.015378 0.000000 0.019830 0.288064 -0.957406 2.936000 0.012525 0.957447 0.288336 0.000000 0.000000 0.000000 0.000000 1.000000
0.999725 -0.017709 0.015378 0.000000 0.019830 0.288065 -0.957406 2.936000 0.012525 0.957447 0.288337 0.000000 0.000000 0.000000 0.000000 1.000000
0.999725 -0.017710 0.015378 0.000000 0.019830 0.288065 -0.957406 2.936000 0.012526 0.957447 0.288337 -0.000000 0.000000 0.000000 0.000000 1.000000
0.999725 -0.017710 0.015378 0.000000 0.019830 0.288064 -0.957406 2.936000 0.012526 0.957447 0.288336 0.000000 0.000000 0.000000 0.000000 1.000000
0.999725 -0.017709 0.015378 0.000000 0.019830 0.288064 -0.957406 2.936000 0.012525 0.957447 0.288336 0.000000 0.000000 0.000000 0.000000 1.000000
0.999725 -0.017709 0.015378 0.000000 0.019830 0.288064 -0.957406 2.936000 0.012525 0.957447 0.288336 -0.000000 0.000000 0.000000 0.000000 1.000000
0.999725 -0.017710 0.015378 0.000000 0.019830 0.288064 -0.957406 2.936000 0.012526 0.957447 0.288336 0.000000 0.000000 0.000000 0.000000 1.000000
0.999725 -0.017709 0.015378 0.000000 0.019830 0.288065 -0.957406 2.936000 0.012525 0.957447 0.288336 -0.000000 0.000000 0.000000 0.000000 1.000000
0.999725 -0.017709 0.015378 0.000000 0.019829 0.288064 -0.957406 2.936000 0.012525 0.957447 0.288336 0.000000 0.000000 0.000000 0.000000 1.000000
0.999725 -0.017710 0.015378 0.000000 0.019830 0.288064 -0.957406 2.936000 0.012526 0.957447 0.288336 -0.000000 0.000000 0.000000 0.000000 1.000000
0.999725 -0.017710 0.015378 0.000000 0.019830 0.288065 -0.957406 2.936000 0.012525 0.957447 0.288337 0.000000 0.000000 0.000000 0.000000 1.000000
0.999725 -0.017709 0.015378 0.000000 0.019830 0.288064 -0.957406 2.936000 0.012525 0.957447 0.288336 0.000000 0.000000 0.000000 0.000000 1.000000
0.999725 -0.017710 0.015378 0.000000 0.019830 0.288064 -0.957406 2.936000 0.012525 0.957447 0.288336 0.000000 0.000000 0.000000 0.000000 1.000000
0.999725 -0.017710 0.015378 -0.000000 0.019830 0.288064 -0.957406 2.936000 0.012525 0.957447 0.288336 0.000000 0.000000 0.000000 0.000000 1.000000
0.999725 -0.017709 0.015378 0.000000 0.019830 0.288064 -0.957406 2.936000 0.012525 0.957447 0.288336 -0.000000 0.000000 0.000000 0.000000 1.000000
0.999725 -0.017709 0.015378 0.000000 0.019829 0.288065 -0.957406 2.936000 0.012525 0.957447 0.288337 0.000000 0.000000 0.000000 0.000000 1.000000
0.999725 -0.017710 0.015378 0.000000 0.019830 0.288064 -0.957406 2.936000 0.012526 0.957447 0.288336 -0.000000 0.000000 0.000000 0.000000 1.000000
0.999725 -0.017709 0.015378 0.000000 0.019830 0.288064 -0.957406 2.936000 0.012525 0.957447 0.288336 -0.000000 0.000000 0.000000 0.000000 1.000000
0.999725 -0.017709 0.015378 -0.000000 0.019830 0.288065 -0.957406 2.936000 0.012525 0.957447 0.288337 0.000000 0.000000 0.000000 0.000000 1.000000
0.999725 -0.017710 0.015378 -0.000000 0.019830 0.288064 -0.957406 2.936000 0.012525 0.957447 0.288336 0.000000 0.000000 0.000000 0.000000 1.000000
0.999725 -0.017709 0.015378 0.000000 0.019830 0.288064 -0.957406 2.936000 0.012525 0.957447 0.288336 0.000000 0.000000 0.000000 0.000000 1.000000
0.999725 -0.017709 0.015378 0.000000 0.019830 0.288065 -0.957406 2.936000 0.012525 0.957447 0.288337 0.000000 0.000000 0.000000 0.000000 1.000000
0.999725 -0.017710 0.015378 0.000000 0.019830 0.288064 -0.957406 2.936000 0.012526 0.957447 0.288336 0.000000 0.000000 0.000000 0.000000 1.000000
0.999725 -0.017709 0.015378 0.000000 0.019830 0.288065 -0.957406 2.936000 0.012525 0.957447 0.288337 -0.000000 0.000000 0.000000 0.000000 1.000000
0.999725 -0.017710 0.015378 0.000000 0.019830 0.288065 -0.957406 2.936000 0.012525 0.957447 0.288336 0.000000 0.000000 0.000000 0.000000 1.000000
0.999725 -0.017709 0.015378 0.000000 0.019830 0.288065 -0.957406 2.936000 0.012525 0.957447 0.288336 0.000000 0.000000 0.000000 0.000000 1.000000
0.999725 -0.017709 0.015378 0.000000 0.019830 0.288065 -0.957406 2.936000 0.012525 0.957447 0.288336 0.000000 0.000000 0.000000 0.000000 1.000000</float_array>
        <technique_common>
          <accessor source="#mixamorig_LeftHandRing2-Matrix-animation-output-transform-array" count="39" stride="16">
            <param type="float4x4"/>
          </accessor>
        </technique_common>
      </source>
      <source id="mixamorig_LeftHandRing2-Interpolations">
        <Name_array id="mixamorig_LeftHandRing2-Interpolations-array" count="39">
 LINEAR LINEAR LINEAR LINEAR LINEAR LINEAR LINEAR LINEAR LINEAR LINEAR LINEAR
LINEAR LINEAR LINEAR LINEAR LINEAR LINEAR LINEAR LINEAR LINEAR LINEAR LINEAR LINEAR
LINEAR LINEAR LINEAR LINEAR LINEAR LINEAR LINEAR LINEAR LINEAR LINEAR LINEAR LINEAR
LINEAR LINEAR LINEAR LINEAR</Name_array>
        <technique_common>
          <accessor source="#mixamorig_LeftHandRing2-Interpolations-array" count="39">
            <param type="name"/>
          </accessor>
        </technique_common>
      </source>
      <sampler id="mixamorig_LeftHandRing2-Matrix-animation-transform">
        <input semantic="INPUT" source="#mixamorig_LeftHandRing2-Matrix-animation-input"/>
        <input semantic="OUTPUT" source="#mixamorig_LeftHandRing2-Matrix-animation-output-transform"/>
        <input semantic="INTERPOLATION" source="#mixamorig_LeftHandRing2-Interpolations"/>
      </sampler>
      <channel source="#mixamorig_LeftHandRing2-Matrix-animation-transform" target="mixamorig_LeftHandRing2/matrix"/>
    </animation>
    <animation id="mixamorig_LeftHandRing3-anim" name="mixamorig_LeftHandRing3">
      <source id="mixamorig_LeftHandRing3-Matrix-animation-input">
        <float_array id="mixamorig_LeftHandRing3-Matrix-animation-input-array" count="39">

0.000000 0.033333 0.066667 0.100000 0.133333 0.166667 0.200000 0.233333 0.266667 0.300000 0.333333 0.366667 0.400000 0.433333 0.466667 0.500000
0.533333 0.566667 0.600000 0.633333 0.666667 0.700000 0.733333 0.766667 0.800000 0.833333 0.866667 0.900000 0.933333 0.966667 1.000000 1.033333
1.066667 1.100000 1.133333 1.166667 1.200000 1.233333 1.266667</float_array>
        <technique_common>
          <accessor source="#mixamorig_LeftHandRing3-Matrix-animation-input-array" count="39">
            <param name="TIME" type="float"/>
          </accessor>
        </technique_common>
      </source>
      <source id="mixamorig_LeftHandRing3-Matrix-animation-output-transform">
        <float_array id="mixamorig_LeftHandRing3-Matrix-animation-output-transform-array" count="624">

0.999780 0.015515 -0.014097 -0.000000 -0.020932 0.775373 -0.631157 3.435600 0.001138 0.631313 0.775527 0.000000 0.000000 0.000000 0.000000 1.000000
0.999788 0.015513 -0.013540 0.000000 -0.020579 0.775329 -0.631223 3.435600 0.000705 0.631367 0.775484 0.000000 0.000000 0.000000 0.000000 1.000000
0.999794 0.015499 -0.013105 0.000000 -0.020293 0.775307 -0.631258 3.435600 0.000377 0.631394 0.775462 0.000000 0.000000 0.000000 0.000000 1.000000
0.999799 0.015472 -0.012780 0.000000 -0.020067 0.775308 -0.631264 3.435600 0.000142 0.631393 0.775463 -0.000000 0.000000 0.000000 0.000000 1.000000
0.999802 0.015441 -0.012565 0.000000 -0.019908 0.775310 -0.631267 3.435600 -0.000006 0.631392 0.775464 0.000000 0.000000 0.000000 0.000000 1.000000
0.999804 0.015409 -0.012449 0.000000 -0.019809 0.775313 -0.631267 3.435600 -0.000075 0.631389 0.775466 -0.000000 0.000000 0.000000 0.000000 1.000000
0.999805 0.015374 -0.012415 -0.000000 -0.019760 0.775316 -0.631265 3.435600 -0.000079 0.631387 0.775468 -0.000000 0.000000 0.000000 0.000000 1.000000
0.999805 0.015337 -0.012451 -0.000000 -0.019754 0.775318 -0.631261 3.435600 -0.000028 0.631384 0.775470 0.000000 0.000000 0.000000 0.000000 1.000000
0.999804 0.015298 -0.012543 0.000000 -0.019782 0.775322 -0.631256 3.435600 0.000068 0.631381 0.775473 0.000000 0.000000 0.000000 0.000000 1.000000
0.999803 0.015258 -0.012676 -0.000000 -0.019836 0.775325 -0.631250 3.435600 0.000196 0.631378 0.775476 0.000000 0.000000 0.000000 0.000000 1.000000
0.999802 0.015218 -0.012837 0.000000 -0.019906 0.775329 -0.631244 3.435600 0.000347 0.631374 0.775478 0.000000 0.000000 0.000000 0.000000 1.000000
0.999800 0.015177 -0.013011 -0.000000 -0.019984 0.775333 -0.631236 3.435600 0.000508 0.631370 0.775481 0.000000 0.000000 0.000000 0.000000 1.000000
0.999798 0.015136 -0.013185 0.000000 -0.020063 0.775336 -0.631230 3.435600 0.000669 0.631367 0.775484 -0.000000 0.000000 0.000000 0.000000 1.000000
0.999797 0.015096 -0.013346 0.000000 -0.020133 0.775340 -0.631223 3.435600 0.000818 0.631364 0.775486 0.000000 0.000000 0.000000 0.000000 1.000000
0.999796 0.015057 -0.013477 0.000000 -0.020185 0.775343 -0.631217 3.435600 0.000945 0.631360 0.775489 -0.000000 0.000000 0.000000 0.000000 1.000000
0.999795 0.015018 -0.013566 0.000000 -0.020211 0.775346 -0.631213 3.435600 0.001039 0.631358 0.775491 0.000000 0.000000 0.000000 0.000000 1.000000
0.999795 0.014979 -0.013654 -0.000000 -0.020237 0.775350 -0.631208 3.435600 0.001132 0.631355 0.775494 -0.000000 0.000000 0.000000 0.000000 1.000000
0.999793 0.014940 -0.013786 -0.000000 -0.020289 0.775353 -0.631202 3.435600 0.001259 0.631352 0.775496 -0.000000 0.000000 0.000000 0.000000 1.000000
0.999792 0.014899 -0.013950 0.000000 -0.020361 0.775356 -0.631196 3.435600 0.001412 0.631348 0.775498 -0.000000 0.000000 0.000000 0.000000 1.000000
0.999790 0.014858 -0.014135 0.000000 -0.020447 0.775360 -0.631189 3.435600 0.001582 0.631345 0.775500 0.000000 0.000000 0.000000 0.000000 1.000000
0.999788 0.014816 -0.014333 0.000000 -0.020539 0.775364 -0.631181 3.435600 0.001761 0.631341 0.775503 -0.000000 0.000000 0.000000 0.000000 1.000000
0.999785 0.014775 -0.014532 0.000000 -0.020632 0.775369 -0.631172 3.435600 0.001942 0.631336 0.775507 0.000000 0.000000 0.000000 0.000000 1.000000
0.999782 0.014774 -0.014721 0.000000 -0.020752 0.775369 -0.631167 3.435600 0.002089 0.631335 0.775507 -0.000000 0.000000 0.000000 0.000000 1.000000
0.999779 0.014814 -0.014890 0.000000 -0.020889 0.775371 -0.631161 3.435600 0.002195 0.631333 0.775509 0.000000 0.000000 0.000000 0.000000 1.000000
0.999776 0.014855 -0.015056 0.000000 -0.021026 0.775372 -0.631154 3.435600 0.002299 0.631329 0.775511 0.000000 0.000000 0.000000 0.000000 1.000000
0.999773 0.014895 -0.015234 0.000000 -0.021169 0.775374 -0.631148 3.435600 0.002411 0.631327 0.775513 0.000000 0.000000 0.000000 0.000000 1.000000
0.999770 0.014935 -0.015405 0.000000 -0.021308 0.775376 -0.631141 3.435600 0.002519 0.631324 0.775515 0.000000 0.000000 0.000000 0.000000 1.000000
0.999767 0.014976 -0.015555 0.000000 -0.021434 0.775377 -0.631135 3.435600 0.002609 0.631321 0.775517 0.000000 0.000000 0.000000 0.000000 1.000000
0.999764 0.015018 -0.015667 0.000000 -0.021538 0.775378 -0.631130 3.435600 0.002670 0.631319 0.775519 0.000000 0.000000 0.000000 0.000000 1.000000
0.999763 0.015061 -0.015732 0.000000 -0.021612 0.775379 -0.631126 3.435600 0.002693 0.631317 0.775520 0.000000 0.000000 0.000000 0.000000 1.000000
0.999761 0.015105 -0.015783 0.000000 -0.021678 0.775380 -0.631123 3.435600 0.002705 0.631314 0.775522 0.000000 0.000000 0.000000 0.000000 1.000000
0.999760 0.015149 -0.015812 0.000000 -0.021731 0.775380 -0.631120 3.435600 0.002700 0.631313 0.775524 -0.000000 0.000000 0.000000 0.000000 1.000000
0.999760 0.015194 -0.015803 0.000000 -0.021760 0.775381 -0.631118 3.435600 0.002664 0.631310 0.775526 0.000000 0.000000 0.000000 0.000000 1.000000
0.999760 0.015241 -0.015740 0.000000 -0.021757 0.775381 -0.631118 3.435600 0.002586 0.631309 0.775527 0.000000 0.000000 0.000000 0.000000 1.000000
0.999761 0.015289 -0.015607 0.000000 -0.021710 0.775381 -0.631120 3.435600 0.002452 0.631308 0.775528 0.000000 0.000000 0.000000 0.000000 1.000000
0.999764 0.015340 -0.015392 0.000000 -0.021614 0.775381 -0.631124 3.435600 0.002253 0.631308 0.775529 0.000000 0.000000 0.000000 0.000000 1.000000
0.999768 0.015394 -0.015091 0.000000 -0.021465 0.775380 -0.631130 3.435600 0.001986 0.631307 0.775530 0.000000 0.000000 0.000000 0.000000 1.000000
0.999773 0.015452 -0.014672 0.000000 -0.021246 0.775377 -0.631141 3.435600 0.001624 0.631310 0.775529 0.000000 0.000000 0.000000 0.000000 1.000000
0.999780 0.015515 -0.014097 0.000000 -0.020932 0.775373 -0.631157 3.435600 0.001138 0.631313 0.775527 0.000000 0.000000 0.000000 0.000000 1.000000</float_array>
        <technique_common>
          <accessor source="#mixamorig_LeftHandRing3-Matrix-animation-output-transform-array" count="39" stride="16">
            <param type="float4x4"/>
          </accessor>
        </technique_common>
      </source>
      <source id="mixamorig_LeftHandRing3-Interpolations">
        <Name_array id="mixamorig_LeftHandRing3-Interpolations-array" count="39">
 LINEAR LINEAR LINEAR LINEAR LINEAR LINEAR LINEAR LINEAR LINEAR LINEAR LINEAR
LINEAR LINEAR LINEAR LINEAR LINEAR LINEAR LINEAR LINEAR LINEAR LINEAR LINEAR LINEAR
LINEAR LINEAR LINEAR LINEAR LINEAR LINEAR LINEAR LINEAR LINEAR LINEAR LINEAR LINEAR
LINEAR LINEAR LINEAR LINEAR</Name_array>
        <technique_common>
          <accessor source="#mixamorig_LeftHandRing3-Interpolations-array" count="39">
            <param type="name"/>
          </accessor>
        </technique_common>
      </source>
      <sampler id="mixamorig_LeftHandRing3-Matrix-animation-transform">
        <input semantic="INPUT" source="#mixamorig_LeftHandRing3-Matrix-animation-input"/>
        <input semantic="OUTPUT" source="#mixamorig_LeftHandRing3-Matrix-animation-output-transform"/>
        <input semantic="INTERPOLATION" source="#mixamorig_LeftHandRing3-Interpolations"/>
      </sampler>
      <channel source="#mixamorig_LeftHandRing3-Matrix-animation-transform" target="mixamorig_LeftHandRing3/matrix"/>
    </animation>
    <animation id="mixamorig_LeftHandPinky1-anim" name="mixamorig_LeftHandPinky1">
      <source id="mixamorig_LeftHandPinky1-Matrix-animation-input">
        <float_array id="mixamorig_LeftHandPinky1-Matrix-animation-input-array" count="39">

0.000000 0.033333 0.066667 0.100000 0.133333 0.166667 0.200000 0.233333 0.266667 0.300000 0.333333 0.366667 0.400000 0.433333 0.466667 0.500000
0.533333 0.566667 0.600000 0.633333 0.666667 0.700000 0.733333 0.766667 0.800000 0.833333 0.866667 0.900000 0.933333 0.966667 1.000000 1.033333
1.066667 1.100000 1.133333 1.166667 1.200000 1.233333 1.266667</float_array>
        <technique_common>
          <accessor source="#mixamorig_LeftHandPinky1-Matrix-animation-input-array" count="39">
            <param name="TIME" type="float"/>
          </accessor>
        </technique_common>
      </source>
      <source id="mixamorig_LeftHandPinky1-Matrix-animation-output-transform">
        <float_array id="mixamorig_LeftHandPinky1-Matrix-animation-output-transform-array" count="624">

0.997630 -0.068770 -0.002150 6.518400 0.001738 0.056436 -0.998405 11.479300 0.068782 0.996035 0.056422 0.316100 0.000000 0.000000 0.000000 1.000000
0.997630 -0.068770 -0.002150 6.518400 0.001738 0.056436 -0.998405 11.479300 0.068782 0.996035 0.056422 0.316100 0.000000 0.000000 0.000000 1.000000
0.997630 -0.068770 -0.002151 6.518400 0.001738 0.056435 -0.998405 11.479300 0.068782 0.996035 0.056421 0.316100 0.000000 0.000000 0.000000 1.000000
0.997630 -0.068770 -0.002150 6.518400 0.001738 0.056436 -0.998405 11.479300 0.068782 0.996035 0.056422 0.316100 0.000000 0.000000 0.000000 1.000000
0.997630 -0.068770 -0.002150 6.518400 0.001738 0.056436 -0.998405 11.479300 0.068782 0.996035 0.056422 0.316100 0.000000 0.000000 0.000000 1.000000
0.997630 -0.068770 -0.002150 6.518400 0.001738 0.056435 -0.998405 11.479300 0.068782 0.996035 0.056421 0.316100 0.000000 0.000000 0.000000 1.000000
0.997630 -0.068770 -0.002150 6.518400 0.001738 0.056436 -0.998405 11.479300 0.068782 0.996035 0.056422 0.316100 0.000000 0.000000 0.000000 1.000000
0.997630 -0.068770 -0.002150 6.518400 0.001738 0.056436 -0.998405 11.479300 0.068781 0.996035 0.056422 0.316100 0.000000 0.000000 0.000000 1.000000
0.997630 -0.068770 -0.002150 6.518400 0.001738 0.056436 -0.998405 11.479300 0.068782 0.996035 0.056422 0.316100 0.000000 0.000000 0.000000 1.000000
0.997630 -0.068770 -0.002150 6.518400 0.001738 0.056435 -0.998405 11.479300 0.068781 0.996035 0.056421 0.316100 0.000000 0.000000 0.000000 1.000000
0.997630 -0.068770 -0.002150 6.518400 0.001739 0.056435 -0.998405 11.479300 0.068781 0.996035 0.056421 0.316100 0.000000 0.000000 0.000000 1.000000
0.997630 -0.068770 -0.002150 6.518400 0.001738 0.056436 -0.998405 11.479300 0.068781 0.996035 0.056421 0.316100 0.000000 0.000000 0.000000 1.000000
0.997630 -0.068770 -0.002150 6.518400 0.001739 0.056436 -0.998405 11.479300 0.068781 0.996035 0.056422 0.316100 0.000000 0.000000 0.000000 1.000000
0.997630 -0.068770 -0.002150 6.518400 0.001738 0.056435 -0.998405 11.479300 0.068782 0.996035 0.056421 0.316100 0.000000 0.000000 0.000000 1.000000
0.997630 -0.068770 -0.002150 6.518400 0.001738 0.056436 -0.998405 11.479300 0.068782 0.996035 0.056421 0.316100 0.000000 0.000000 0.000000 1.000000
0.997630 -0.068770 -0.002150 6.518400 0.001738 0.056436 -0.998405 11.479300 0.068781 0.996035 0.056421 0.316100 0.000000 0.000000 0.000000 1.000000
0.997630 -0.068770 -0.002150 6.518400 0.001738 0.056436 -0.998405 11.479300 0.068781 0.996035 0.056422 0.316100 0.000000 0.000000 0.000000 1.000000
0.997630 -0.068770 -0.002150 6.518400 0.001739 0.056435 -0.998405 11.479300 0.068782 0.996035 0.056421 0.316100 0.000000 0.000000 0.000000 1.000000
0.997630 -0.068770 -0.002150 6.518400 0.001738 0.056436 -0.998405 11.479300 0.068782 0.996035 0.056422 0.316100 0.000000 0.000000 0.000000 1.000000
0.997630 -0.068770 -0.002150 6.518400 0.001738 0.056435 -0.998405 11.479300 0.068782 0.996035 0.056421 0.316100 0.000000 0.000000 0.000000 1.000000
0.997630 -0.068770 -0.002150 6.518400 0.001738 0.056435 -0.998405 11.479300 0.068782 0.996035 0.056421 0.316100 0.000000 0.000000 0.000000 1.000000
0.997630 -0.068770 -0.002150 6.518400 0.001738 0.056436 -0.998405 11.479300 0.068781 0.996035 0.056422 0.316100 0.000000 0.000000 0.000000 1.000000
0.997630 -0.068770 -0.002150 6.518400 0.001738 0.056435 -0.998405 11.479300 0.068782 0.996035 0.056421 0.316100 0.000000 0.000000 0.000000 1.000000
0.997630 -0.068770 -0.002150 6.518400 0.001738 0.056435 -0.998405 11.479300 0.068781 0.996035 0.056421 0.316100 0.000000 0.000000 0.000000 1.000000
0.997630 -0.068770 -0.002150 6.518400 0.001738 0.056436 -0.998405 11.479300 0.068782 0.996035 0.056422 0.316100 0.000000 0.000000 0.000000 1.000000
0.997630 -0.068770 -0.002150 6.518400 0.001738 0.056436 -0.998405 11.479300 0.068782 0.996035 0.056422 0.316100 0.000000 0.000000 0.000000 1.000000
0.997630 -0.068770 -0.002150 6.518400 0.001739 0.056436 -0.998405 11.479300 0.068782 0.996035 0.056422 0.316100 0.000000 0.000000 0.000000 1.000000
0.997630 -0.068770 -0.002150 6.518400 0.001739 0.056435 -0.998405 11.479300 0.068782 0.996035 0.056421 0.316100 0.000000 0.000000 0.000000 1.000000
0.997630 -0.068770 -0.002150 6.518400 0.001738 0.056435 -0.998405 11.479300 0.068781 0.996035 0.056421 0.316100 0.000000 0.000000 0.000000 1.000000
0.997630 -0.068769 -0.002150 6.518400 0.001738 0.056436 -0.998405 11.479300 0.068781 0.996035 0.056421 0.316100 0.000000 0.000000 0.000000 1.000000
0.997630 -0.068770 -0.002150 6.518400 0.001738 0.056436 -0.998405 11.479300 0.068781 0.996035 0.056422 0.316100 0.000000 0.000000 0.000000 1.000000
0.997630 -0.068770 -0.002150 6.518400 0.001738 0.056435 -0.998405 11.479300 0.068782 0.996035 0.056421 0.316100 0.000000 0.000000 0.000000 1.000000
0.997630 -0.068770 -0.002150 6.518400 0.001739 0.056436 -0.998405 11.479300 0.068781 0.996035 0.056422 0.316100 0.000000 0.000000 0.000000 1.000000
0.997630 -0.068770 -0.002150 6.518400 0.001739 0.056436 -0.998405 11.479300 0.068782 0.996035 0.056422 0.316100 0.000000 0.000000 0.000000 1.000000
0.997630 -0.068770 -0.002150 6.518400 0.001738 0.056435 -0.998405 11.479300 0.068781 0.996035 0.056421 0.316100 0.000000 0.000000 0.000000 1.000000
0.997630 -0.068770 -0.002150 6.518400 0.001738 0.056435 -0.998405 11.479300 0.068781 0.996035 0.056421 0.316100 0.000000 0.000000 0.000000 1.000000
0.997630 -0.068770 -0.002150 6.518400 0.001738 0.056435 -0.998405 11.479300 0.068781 0.996035 0.056421 0.316100 0.000000 0.000000 0.000000 1.000000
0.997630 -0.068770 -0.002150 6.518400 0.001739 0.056436 -0.998405 11.479300 0.068781 0.996035 0.056422 0.316100 0.000000 0.000000 0.000000 1.000000
0.997630 -0.068770 -0.002150 6.518400 0.001738 0.056436 -0.998405 11.479300 0.068781 0.996035 0.056422 0.316100 0.000000 0.000000 0.000000 1.000000</float_array>
        <technique_common>
          <accessor source="#mixamorig_LeftHandPinky1-Matrix-animation-output-transform-array" count="39" stride="16">
            <param type="float4x4"/>
          </accessor>
        </technique_common>
      </source>
      <source id="mixamorig_LeftHandPinky1-Interpolations">
        <Name_array id="mixamorig_LeftHandPinky1-Interpolations-array" count="39">
 LINEAR LINEAR LINEAR LINEAR LINEAR LINEAR LINEAR LINEAR LINEAR LINEAR LINEAR
LINEAR LINEAR LINEAR LINEAR LINEAR LINEAR LINEAR LINEAR LINEAR LINEAR LINEAR LINEAR
LINEAR LINEAR LINEAR LINEAR LINEAR LINEAR LINEAR LINEAR LINEAR LINEAR LINEAR LINEAR
LINEAR LINEAR LINEAR LINEAR</Name_array>
        <technique_common>
          <accessor source="#mixamorig_LeftHandPinky1-Interpolations-array" count="39">
            <param type="name"/>
          </accessor>
        </technique_common>
      </source>
      <sampler id="mixamorig_LeftHandPinky1-Matrix-animation-transform">
        <input semantic="INPUT" source="#mixamorig_LeftHandPinky1-Matrix-animation-input"/>
        <input semantic="OUTPUT" source="#mixamorig_LeftHandPinky1-Matrix-animation-output-transform"/>
        <input semantic="INTERPOLATION" source="#mixamorig_LeftHandPinky1-Interpolations"/>
      </sampler>
      <channel source="#mixamorig_LeftHandPinky1-Matrix-animation-transform" target="mixamorig_LeftHandPinky1/matrix"/>
    </animation>
    <animation id="mixamorig_LeftHandPinky2-anim" name="mixamorig_LeftHandPinky2">
      <source id="mixamorig_LeftHandPinky2-Matrix-animation-input">
        <float_array id="mixamorig_LeftHandPinky2-Matrix-animation-input-array" count="39">

0.000000 0.033333 0.066667 0.100000 0.133333 0.166667 0.200000 0.233333 0.266667 0.300000 0.333333 0.366667 0.400000 0.433333 0.466667 0.500000
0.533333 0.566667 0.600000 0.633333 0.666667 0.700000 0.733333 0.766667 0.800000 0.833333 0.866667 0.900000 0.933333 0.966667 1.000000 1.033333
1.066667 1.100000 1.133333 1.166667 1.200000 1.233333 1.266667</float_array>
        <technique_common>
          <accessor source="#mixamorig_LeftHandPinky2-Matrix-animation-input-array" count="39">
            <param name="TIME" type="float"/>
          </accessor>
        </technique_common>
      </source>
      <source id="mixamorig_LeftHandPinky2-Matrix-animation-output-transform">
        <float_array id="mixamorig_LeftHandPinky2-Matrix-animation-output-transform-array" count="624">

0.999999 -0.001027 0.000548 0.000000 0.001043 0.581907 -0.813255 2.474700 0.000516 0.813255 0.581908 0.000000 0.000000 0.000000 0.000000 1.000000
0.999999 -0.001027 0.000548 -0.000000 0.001043 0.581907 -0.813254 2.474700 0.000516 0.813255 0.581908 0.000000 0.000000 0.000000 0.000000 1.000000
0.999999 -0.001027 0.000548 -0.000000 0.001044 0.581907 -0.813255 2.474700 0.000516 0.813255 0.581908 -0.000000 0.000000 0.000000 0.000000 1.000000
0.999999 -0.001027 0.000548 0.000000 0.001043 0.581907 -0.813255 2.474700 0.000516 0.813255 0.581908 -0.000000 0.000000 0.000000 0.000000 1.000000
0.999999 -0.001027 0.000548 0.000000 0.001043 0.581907 -0.813255 2.474700 0.000517 0.813255 0.581908 0.000000 0.000000 0.000000 0.000000 1.000000
0.999999 -0.001027 0.000548 0.000000 0.001043 0.581908 -0.813254 2.474700 0.000516 0.813254 0.581908 0.000000 0.000000 0.000000 0.000000 1.000000
0.999999 -0.001027 0.000548 0.000000 0.001043 0.581907 -0.813254 2.474700 0.000516 0.813254 0.581908 -0.000000 0.000000 0.000000 0.000000 1.000000
0.999999 -0.001027 0.000548 0.000000 0.001043 0.581907 -0.813255 2.474700 0.000516 0.813255 0.581908 -0.000000 0.000000 0.000000 0.000000 1.000000
0.999999 -0.001027 0.000548 -0.000000 0.001043 0.581907 -0.813254 2.474700 0.000516 0.813254 0.581908 -0.000000 0.000000 0.000000 0.000000 1.000000
0.999999 -0.001027 0.000548 0.000000 0.001043 0.581907 -0.813255 2.474700 0.000516 0.813255 0.581908 0.000000 0.000000 0.000000 0.000000 1.000000
0.999999 -0.001027 0.000548 0.000000 0.001043 0.581907 -0.813255 2.474700 0.000516 0.813255 0.581908 0.000000 0.000000 0.000000 0.000000 1.000000
0.999999 -0.001027 0.000548 0.000000 0.001043 0.581907 -0.813255 2.474700 0.000516 0.813255 0.581908 0.000000 0.000000 0.000000 0.000000 1.000000
0.999999 -0.001027 0.000548 0.000000 0.001043 0.581907 -0.813255 2.474700 0.000517 0.813255 0.581908 0.000000 0.000000 0.000000 0.000000 1.000000
0.999999 -0.001027 0.000548 0.000000 0.001043 0.581907 -0.813254 2.474700 0.000516 0.813254 0.581908 0.000000 0.000000 0.000000 0.000000 1.000000
0.999999 -0.001027 0.000548 0.000000 0.001043 0.581907 -0.813255 2.474700 0.000516 0.813255 0.581908 0.000000 0.000000 0.000000 0.000000 1.000000
0.999999 -0.001027 0.000548 -0.000000 0.001043 0.581907 -0.813255 2.474700 0.000516 0.813255 0.581908 0.000000 0.000000 0.000000 0.000000 1.000000
0.999999 -0.001027 0.000548 0.000000 0.001043 0.581907 -0.813255 2.474700 0.000516 0.813255 0.581908 0.000000 0.000000 0.000000 0.000000 1.000000
0.999999 -0.001027 0.000548 -0.000000 0.001043 0.581907 -0.813255 2.474700 0.000517 0.813255 0.581908 0.000000 0.000000 0.000000 0.000000 1.000000
0.999999 -0.001027 0.000548 0.000000 0.001043 0.581907 -0.813254 2.474700 0.000516 0.813255 0.581908 0.000000 0.000000 0.000000 0.000000 1.000000
0.999999 -0.001027 0.000548 0.000000 0.001043 0.581907 -0.813254 2.474700 0.000517 0.813254 0.581908 0.000000 0.000000 0.000000 0.000000 1.000000
0.999999 -0.001027 0.000548 0.000000 0.001043 0.581907 -0.813254 2.474700 0.000516 0.813254 0.581908 0.000000 0.000000 0.000000 0.000000 1.000000
0.999999 -0.001027 0.000548 0.000000 0.001043 0.581907 -0.813255 2.474700 0.000516 0.813255 0.581908 0.000000 0.000000 0.000000 0.000000 1.000000
0.999999 -0.001026 0.000548 0.000000 0.001043 0.581907 -0.813255 2.474700 0.000516 0.813255 0.581908 0.000000 0.000000 0.000000 0.000000 1.000000
0.999999 -0.001027 0.000548 -0.000000 0.001043 0.581907 -0.813255 2.474700 0.000516 0.813255 0.581908 0.000000 0.000000 0.000000 0.000000 1.000000
0.999999 -0.001027 0.000548 -0.000000 0.001043 0.581907 -0.813254 2.474700 0.000516 0.813254 0.581908 0.000000 0.000000 0.000000 0.000000 1.000000
0.999999 -0.001027 0.000548 0.000000 0.001043 0.581908 -0.813254 2.474700 0.000516 0.813254 0.581908 0.000000 0.000000 0.000000 0.000000 1.000000
0.999999 -0.001027 0.000548 0.000000 0.001043 0.581907 -0.813255 2.474700 0.000517 0.813255 0.581908 0.000000 0.000000 0.000000 0.000000 1.000000
0.999999 -0.001027 0.000547 0.000000 0.001043 0.581908 -0.813254 2.474700 0.000516 0.813254 0.581908 0.000000 0.000000 0.000000 0.000000 1.000000
0.999999 -0.001027 0.000548 0.000000 0.001043 0.581907 -0.813254 2.474700 0.000516 0.813254 0.581908 0.000000 0.000000 0.000000 0.000000 1.000000
0.999999 -0.001027 0.000548 -0.000000 0.001043 0.581907 -0.813254 2.474700 0.000516 0.813254 0.581908 0.000000 0.000000 0.000000 0.000000 1.000000
0.999999 -0.001027 0.000548 0.000000 0.001043 0.581907 -0.813255 2.474700 0.000516 0.813255 0.581908 0.000000 0.000000 0.000000 0.000000 1.000000
0.999999 -0.001027 0.000548 0.000000 0.001043 0.581907 -0.813255 2.474700 0.000516 0.813255 0.581908 0.000000 0.000000 0.000000 0.000000 1.000000
0.999999 -0.001027 0.000548 0.000000 0.001043 0.581907 -0.813254 2.474700 0.000516 0.813254 0.581908 0.000000 0.000000 0.000000 0.000000 1.000000
0.999999 -0.001027 0.000548 -0.000000 0.001043 0.581907 -0.813255 2.474700 0.000517 0.813255 0.581908 0.000000 0.000000 0.000000 0.000000 1.000000
0.999999 -0.001027 0.000548 0.000000 0.001043 0.581907 -0.813254 2.474700 0.000517 0.813254 0.581908 0.000000 0.000000 0.000000 0.000000 1.000000
0.999999 -0.001027 0.000548 0.000000 0.001043 0.581908 -0.813254 2.474700 0.000516 0.813254 0.581908 0.000000 0.000000 0.000000 0.000000 1.000000
0.999999 -0.001027 0.000548 -0.000000 0.001043 0.581907 -0.813255 2.474700 0.000516 0.813255 0.581908 0.000000 0.000000 0.000000 0.000000 1.000000
0.999999 -0.001027 0.000547 -0.000000 0.001043 0.581907 -0.813255 2.474700 0.000516 0.813255 0.581908 -0.000000 0.000000 0.000000 0.000000 1.000000
0.999999 -0.001027 0.000548 0.000000 0.001043 0.581907 -0.813255 2.474700 0.000516 0.813255 0.581908 0.000000 0.000000 0.000000 0.000000 1.000000</float_array>
        <technique_common>
          <accessor source="#mixamorig_LeftHandPinky2-Matrix-animation-output-transform-array" count="39" stride="16">
            <param type="float4x4"/>
          </accessor>
        </technique_common>
      </source>
      <source id="mixamorig_LeftHandPinky2-Interpolations">
        <Name_array id="mixamorig_LeftHandPinky2-Interpolations-array" count="39">
 LINEAR LINEAR LINEAR LINEAR LINEAR LINEAR LINEAR LINEAR LINEAR LINEAR LINEAR
LINEAR LINEAR LINEAR LINEAR LINEAR LINEAR LINEAR LINEAR LINEAR LINEAR LINEAR LINEAR
LINEAR LINEAR LINEAR LINEAR LINEAR LINEAR LINEAR LINEAR LINEAR LINEAR LINEAR LINEAR
LINEAR LINEAR LINEAR LINEAR</Name_array>
        <technique_common>
          <accessor source="#mixamorig_LeftHandPinky2-Interpolations-array" count="39">
            <param type="name"/>
          </accessor>
        </technique_common>
      </source>
      <sampler id="mixamorig_LeftHandPinky2-Matrix-animation-transform">
        <input semantic="INPUT" source="#mixamorig_LeftHandPinky2-Matrix-animation-input"/>
        <input semantic="OUTPUT" source="#mixamorig_LeftHandPinky2-Matrix-animation-output-transform"/>
        <input semantic="INTERPOLATION" source="#mixamorig_LeftHandPinky2-Interpolations"/>
      </sampler>
      <channel source="#mixamorig_LeftHandPinky2-Matrix-animation-transform" target="mixamorig_LeftHandPinky2/matrix"/>
    </animation>
    <animation id="mixamorig_LeftHandPinky3-anim" name="mixamorig_LeftHandPinky3">
      <source id="mixamorig_LeftHandPinky3-Matrix-animation-input">
        <float_array id="mixamorig_LeftHandPinky3-Matrix-animation-input-array" count="39">

0.000000 0.033333 0.066667 0.100000 0.133333 0.166667 0.200000 0.233333 0.266667 0.300000 0.333333 0.366667 0.400000 0.433333 0.466667 0.500000
0.533333 0.566667 0.600000 0.633333 0.666667 0.700000 0.733333 0.766667 0.800000 0.833333 0.866667 0.900000 0.933333 0.966667 1.000000 1.033333
1.066667 1.100000 1.133333 1.166667 1.200000 1.233333 1.266667</float_array>
        <technique_common>
          <accessor source="#mixamorig_LeftHandPinky3-Matrix-animation-input-array" count="39">
            <param name="TIME" type="float"/>
          </accessor>
        </technique_common>
      </source>
      <source id="mixamorig_LeftHandPinky3-Matrix-animation-output-transform">
        <float_array id="mixamorig_LeftHandPinky3-Matrix-animation-output-transform-array" count="624">

1.000000 -0.000533 0.000113 0.000000 0.000529 0.900092 -0.435699 2.073800 0.000130 0.435699 0.900092 -0.000000 0.000000 0.000000 0.000000 1.000000
1.000000 -0.000533 0.000113 0.000000 0.000529 0.900092 -0.435699 2.073800 0.000131 0.435699 0.900092 0.000000 0.000000 0.000000 0.000000 1.000000
1.000000 -0.000533 0.000113 0.000000 0.000528 0.900092 -0.435699 2.073800 0.000131 0.435699 0.900092 -0.000000 0.000000 0.000000 0.000000 1.000000
1.000000 -0.000533 0.000113 0.000000 0.000529 0.900092 -0.435699 2.073800 0.000131 0.435699 0.900092 0.000000 0.000000 0.000000 0.000000 1.000000
1.000000 -0.000533 0.000113 0.000000 0.000529 0.900092 -0.435699 2.073800 0.000131 0.435699 0.900092 0.000000 0.000000 0.000000 0.000000 1.000000
1.000000 -0.000533 0.000113 -0.000000 0.000529 0.900092 -0.435699 2.073800 0.000131 0.435699 0.900092 0.000000 0.000000 0.000000 0.000000 1.000000
1.000000 -0.000533 0.000113 0.000000 0.000529 0.900092 -0.435699 2.073800 0.000131 0.435699 0.900092 0.000000 0.000000 0.000000 0.000000 1.000000
1.000000 -0.000533 0.000113 -0.000000 0.000529 0.900092 -0.435699 2.073800 0.000131 0.435699 0.900092 0.000000 0.000000 0.000000 0.000000 1.000000
1.000000 -0.000533 0.000113 -0.000000 0.000529 0.900092 -0.435699 2.073800 0.000131 0.435699 0.900092 0.000000 0.000000 0.000000 0.000000 1.000000
1.000000 -0.000533 0.000113 -0.000000 0.000529 0.900092 -0.435699 2.073800 0.000131 0.435699 0.900092 0.000000 0.000000 0.000000 0.000000 1.000000
1.000000 -0.000533 0.000113 0.000000 0.000529 0.900092 -0.435699 2.073800 0.000131 0.435699 0.900092 -0.000000 0.000000 0.000000 0.000000 1.000000
1.000000 -0.000533 0.000113 0.000000 0.000529 0.900092 -0.435699 2.073800 0.000131 0.435699 0.900092 0.000000 0.000000 0.000000 0.000000 1.000000
1.000000 -0.000533 0.000113 0.000000 0.000529 0.900092 -0.435699 2.073800 0.000131 0.435699 0.900092 -0.000000 0.000000 0.000000 0.000000 1.000000
1.000000 -0.000533 0.000113 0.000000 0.000529 0.900092 -0.435700 2.073800 0.000131 0.435700 0.900092 0.000000 0.000000 0.000000 0.000000 1.000000
1.000000 -0.000533 0.000113 0.000000 0.000529 0.900092 -0.435699 2.073800 0.000131 0.435699 0.900092 0.000000 0.000000 0.000000 0.000000 1.000000
1.000000 -0.000533 0.000113 -0.000000 0.000529 0.900092 -0.435699 2.073800 0.000131 0.435699 0.900092 0.000000 0.000000 0.000000 0.000000 1.000000
1.000000 -0.000533 0.000113 0.000000 0.000529 0.900092 -0.435699 2.073800 0.000131 0.435699 0.900092 -0.000000 0.000000 0.000000 0.000000 1.000000
1.000000 -0.000533 0.000113 0.000000 0.000529 0.900092 -0.435699 2.073800 0.000131 0.435699 0.900092 0.000000 0.000000 0.000000 0.000000 1.000000
1.000000 -0.000533 0.000113 -0.000000 0.000529 0.900092 -0.435699 2.073800 0.000131 0.435699 0.900092 0.000000 0.000000 0.000000 0.000000 1.000000
1.000000 -0.000533 0.000113 0.000000 0.000529 0.900092 -0.435699 2.073800 0.000131 0.435699 0.900092 0.000000 0.000000 0.000000 0.000000 1.000000
1.000000 -0.000533 0.000113 0.000000 0.000529 0.900092 -0.435699 2.073800 0.000131 0.435699 0.900092 -0.000000 0.000000 0.000000 0.000000 1.000000
1.000000 -0.000533 0.000113 -0.000000 0.000529 0.900092 -0.435699 2.073800 0.000131 0.435699 0.900092 0.000000 0.000000 0.000000 0.000000 1.000000
1.000000 -0.000534 0.000113 0.000000 0.000530 0.900092 -0.435699 2.073800 0.000131 0.435699 0.900092 0.000000 0.000000 0.000000 0.000000 1.000000
1.000000 -0.000533 0.000113 0.000000 0.000529 0.900092 -0.435699 2.073800 0.000130 0.435699 0.900092 0.000000 0.000000 0.000000 0.000000 1.000000
1.000000 -0.000533 0.000113 0.000000 0.000529 0.900092 -0.435699 2.073800 0.000131 0.435699 0.900092 0.000000 0.000000 0.000000 0.000000 1.000000
1.000000 -0.000533 0.000113 0.000000 0.000530 0.900092 -0.435699 2.073800 0.000130 0.435699 0.900092 0.000000 0.000000 0.000000 0.000000 1.000000
1.000000 -0.000533 0.000113 0.000000 0.000529 0.900092 -0.435699 2.073800 0.000131 0.435699 0.900092 -0.000000 0.000000 0.000000 0.000000 1.000000
1.000000 -0.000533 0.000113 0.000000 0.000529 0.900092 -0.435699 2.073800 0.000131 0.435699 0.900092 0.000000 0.000000 0.000000 0.000000 1.000000
1.000000 -0.000533 0.000113 -0.000000 0.000529 0.900092 -0.435699 2.073800 0.000131 0.435699 0.900092 0.000000 0.000000 0.000000 0.000000 1.000000
1.000000 -0.000533 0.000113 0.000000 0.000529 0.900092 -0.435699 2.073800 0.000131 0.435699 0.900092 0.000000 0.000000 0.000000 0.000000 1.000000
1.000000 -0.000533 0.000113 0.000000 0.000529 0.900092 -0.435699 2.073800 0.000131 0.435699 0.900092 0.000000 0.000000 0.000000 0.000000 1.000000
1.000000 -0.000533 0.000113 -0.000000 0.000529 0.900092 -0.435699 2.073800 0.000131 0.435699 0.900092 -0.000000 0.000000 0.000000 0.000000 1.000000
1.000000 -0.000533 0.000113 0.000000 0.000529 0.900092 -0.435699 2.073800 0.000131 0.435699 0.900092 0.000000 0.000000 0.000000 0.000000 1.000000
1.000000 -0.000533 0.000113 0.000000 0.000529 0.900092 -0.435699 2.073800 0.000131 0.435699 0.900092 -0.000000 0.000000 0.000000 0.000000 1.000000
1.000000 -0.000533 0.000113 0.000000 0.000529 0.900092 -0.435699 2.073800 0.000131 0.435699 0.900092 0.000000 0.000000 0.000000 0.000000 1.000000
1.000000 -0.000533 0.000113 0.000000 0.000529 0.900092 -0.435699 2.073800 0.000131 0.435699 0.900092 0.000000 0.000000 0.000000 0.000000 1.000000
1.000000 -0.000533 0.000113 0.000000 0.000529 0.900092 -0.435699 2.073800 0.000131 0.435699 0.900092 0.000000 0.000000 0.000000 0.000000 1.000000
1.000000 -0.000533 0.000113 0.000000 0.000529 0.900092 -0.435699 2.073800 0.000130 0.435699 0.900092 0.000000 0.000000 0.000000 0.000000 1.000000
1.000000 -0.000533 0.000113 -0.000000 0.000529 0.900092 -0.435699 2.073800 0.000131 0.435699 0.900092 0.000000 0.000000 0.000000 0.000000 1.000000</float_array>
        <technique_common>
          <accessor source="#mixamorig_LeftHandPinky3-Matrix-animation-output-transform-array" count="39" stride="16">
            <param type="float4x4"/>
          </accessor>
        </technique_common>
      </source>
      <source id="mixamorig_LeftHandPinky3-Interpolations">
        <Name_array id="mixamorig_LeftHandPinky3-Interpolations-array" count="39">
 LINEAR LINEAR LINEAR LINEAR LINEAR LINEAR LINEAR LINEAR LINEAR LINEAR LINEAR
LINEAR LINEAR LINEAR LINEAR LINEAR LINEAR LINEAR LINEAR LINEAR LINEAR LINEAR LINEAR
LINEAR LINEAR LINEAR LINEAR LINEAR LINEAR LINEAR LINEAR LINEAR LINEAR LINEAR LINEAR
LINEAR LINEAR LINEAR LINEAR</Name_array>
        <technique_common>
          <accessor source="#mixamorig_LeftHandPinky3-Interpolations-array" count="39">
            <param type="name"/>
          </accessor>
        </technique_common>
      </source>
      <sampler id="mixamorig_LeftHandPinky3-Matrix-animation-transform">
        <input semantic="INPUT" source="#mixamorig_LeftHandPinky3-Matrix-animation-input"/>
        <input semantic="OUTPUT" source="#mixamorig_LeftHandPinky3-Matrix-animation-output-transform"/>
        <input semantic="INTERPOLATION" source="#mixamorig_LeftHandPinky3-Interpolations"/>
      </sampler>
      <channel source="#mixamorig_LeftHandPinky3-Matrix-animation-transform" target="mixamorig_LeftHandPinky3/matrix"/>
    </animation>
    <animation id="mixamorig_RightShoulder-anim" name="mixamorig_RightShoulder">
      <source id="mixamorig_RightShoulder-Matrix-animation-input">
        <float_array id="mixamorig_RightShoulder-Matrix-animation-input-array" count="39">

0.000000 0.033333 0.066667 0.100000 0.133333 0.166667 0.200000 0.233333 0.266667 0.300000 0.333333 0.366667 0.400000 0.433333 0.466667 0.500000
0.533333 0.566667 0.600000 0.633333 0.666667 0.700000 0.733333 0.766667 0.800000 0.833333 0.866667 0.900000 0.933333 0.966667 1.000000 1.033333
1.066667 1.100000 1.133333 1.166667 1.200000 1.233333 1.266667</float_array>
        <technique_common>
          <accessor source="#mixamorig_RightShoulder-Matrix-animation-input-array" count="39">
            <param name="TIME" type="float"/>
          </accessor>
        </technique_common>
      </source>
      <source id="mixamorig_RightShoulder-Matrix-animation-output-transform">
        <float_array id="mixamorig_RightShoulder-Matrix-animation-output-transform-array" count="624">

0.154161 -0.847392 0.508096 -11.278600 0.030685 -0.509889 -0.859693 19.886000 0.987569 0.148122 -0.052603 -3.966000 0.000000 0.000000 0.000000 1.000000
0.081381 -0.859254 0.505035 -11.278600 -0.009478 -0.507360 -0.861682 19.886000 0.996638 0.065338 -0.049433 -3.966000 0.000000 0.000000 0.000000 1.000000
0.014734 -0.857806 0.513763 -11.278600 -0.045995 -0.513856 -0.856642 19.886000 0.998833 -0.011009 -0.047026 -3.966000 0.000000 0.000000 0.000000 1.000000
-0.045903 -0.847979 0.528038 -11.278600 -0.082025 -0.523611 -0.848000 19.886000 0.995573 -0.082238 -0.045520 -3.966000 0.000000 0.000000 0.000000 1.000000
-0.093404 -0.836039 0.540662 -11.278600 -0.115992 -0.530200 -0.839901 19.886000 0.988849 -0.141163 -0.047451 -3.966000 0.000000 0.000000 0.000000 1.000000
-0.112644 -0.831174 0.544483 -11.278600 -0.141679 -0.528936 -0.836752 19.886000 0.983483 -0.171397 -0.058179 -3.966000 0.000000 0.000000 0.000000 1.000000
-0.107402 -0.834829 0.539930 -11.278600 -0.160198 -0.521444 -0.838113 19.886000 0.981224 -0.176511 -0.077734 -3.966000 0.000000 0.000000 0.000000 1.000000
-0.094036 -0.838949 0.536024 -11.278600 -0.179396 -0.515318 -0.838012 19.886000 0.979272 -0.174964 -0.102046 -3.966000 0.000000 0.000000 0.000000 1.000000
-0.063884 -0.842950 0.534186 -11.278600 -0.201241 -0.513402 -0.834219 19.886000 0.977456 -0.160794 -0.136838 -3.966000 0.000000 0.000000 0.000000 1.000000
-0.033833 -0.846804 0.530827 -11.278600 -0.221906 -0.511509 -0.830130 19.886000 0.974481 -0.145879 -0.170605 -3.966000 0.000000 0.000000 0.000000 1.000000
-0.011432 -0.850504 0.525845 -11.278600 -0.239774 -0.508205 -0.827186 19.886000 0.970762 -0.135540 -0.198119 -3.966000 0.000000 0.000000 0.000000 1.000000
-0.000837 -0.852840 0.522171 -11.278600 -0.245296 -0.506043 -0.826892 19.886000 0.969448 -0.128779 -0.208775 -3.966000 0.000000 0.000000 0.000000 1.000000
0.006189 -0.853993 0.520248 -11.278600 -0.244541 -0.505754 -0.827292 19.886000 0.969619 -0.122102 -0.211966 -3.966000 0.000000 0.000000 0.000000 1.000000
0.018315 -0.852800 0.521917 -11.278600 -0.235910 -0.510952 -0.826604 19.886000 0.971602 -0.107986 -0.210542 -3.966000 0.000000 0.000000 0.000000 1.000000
0.047919 -0.845500 0.531820 -11.278600 -0.205546 -0.529384 -0.823106 19.886000 0.977474 -0.069871 -0.199156 -3.966000 0.000000 0.000000 0.000000 1.000000
0.078882 -0.835356 0.544021 -11.278600 -0.164084 -0.549158 -0.819452 19.886000 0.983287 -0.024625 -0.180387 -3.966000 0.000000 0.000000 0.000000 1.000000
0.108842 -0.823404 0.556920 -11.278600 -0.116485 -0.566953 -0.815472 19.886000 0.987211 0.023885 -0.157622 -3.966000 0.000000 0.000000 0.000000 1.000000
0.134799 -0.812202 0.567588 -11.278600 -0.073828 -0.579457 -0.811652 19.886000 0.988119 0.067506 -0.138073 -3.966000 0.000000 0.000000 0.000000 1.000000
0.156398 -0.802682 0.575536 -11.278600 -0.042828 -0.587670 -0.807967 19.886000 0.986765 0.101715 -0.126287 -3.966000 0.000000 0.000000 0.000000 1.000000
0.173566 -0.796070 0.579782 -11.278600 -0.028870 -0.592577 -0.804996 19.886000 0.984399 0.122981 -0.125834 -3.966000 0.000000 0.000000 0.000000 1.000000
0.189439 -0.790447 0.582500 -11.278600 -0.022283 -0.596550 -0.802267 19.886000 0.981640 0.139001 -0.130624 -3.966000 0.000000 0.000000 0.000000 1.000000
0.205046 -0.784989 0.584592 -11.278600 -0.019042 -0.600369 -0.799496 19.886000 0.978567 0.152802 -0.138051 -3.966000 0.000000 0.000000 0.000000 1.000000
0.221369 -0.779051 0.586579 -11.278600 -0.019174 -0.604863 -0.796098 19.886000 0.975002 0.164984 -0.148835 -3.966000 0.000000 0.000000 0.000000 1.000000
0.238220 -0.772455 0.588697 -11.278600 -0.019543 -0.609837 -0.792286 19.886000 0.971015 0.177233 -0.160372 -3.966000 0.000000 0.000000 0.000000 1.000000
0.255651 -0.765209 0.590844 -11.278600 -0.020002 -0.615209 -0.788110 19.886000 0.966562 0.189663 -0.172585 -3.966000 0.000000 0.000000 0.000000 1.000000
0.273535 -0.757417 0.592872 -11.278600 -0.020368 -0.620803 -0.783702 19.886000 0.961646 0.202294 -0.185238 -3.966000 0.000000 0.000000 0.000000 1.000000
0.291219 -0.749410 0.594622 -11.278600 -0.020505 -0.626310 -0.779305 19.886000 0.956437 0.214756 -0.197760 -3.966000 0.000000 0.000000 0.000000 1.000000
0.308457 -0.741290 0.596107 -11.278600 -0.020457 -0.631689 -0.774952 19.886000 0.951018 0.226845 -0.210014 -3.966000 0.000000 0.000000 0.000000 1.000000
0.324989 -0.733185 0.597346 -11.278600 -0.020273 -0.636888 -0.770690 19.886000 0.945500 0.238356 -0.221845 -3.966000 0.000000 0.000000 0.000000 1.000000
0.340681 -0.725187 0.598364 -11.278600 -0.019989 -0.641879 -0.766545 19.886000 0.939966 0.249187 -0.233172 -3.966000 0.000000 0.000000 0.000000 1.000000
0.355978 -0.717143 0.599153 -11.278600 -0.019527 -0.646721 -0.762477 19.886000 0.934290 0.259725 -0.244222 -3.966000 0.000000 0.000000 0.000000 1.000000
0.370639 -0.709213 0.599703 -11.278600 -0.018885 -0.651313 -0.758574 19.886000 0.928585 0.269832 -0.254795 -3.966000 0.000000 0.000000 0.000000 1.000000
0.383846 -0.701977 0.599908 -11.278600 -0.017965 -0.655229 -0.755216 19.886000 0.923222 0.279110 -0.264118 -3.966000 0.000000 0.000000 0.000000 1.000000
0.394623 -0.696189 0.599661 -11.278600 -0.016656 -0.657939 -0.752887 19.886000 0.918692 0.287119 -0.271234 -3.966000 0.000000 0.000000 0.000000 1.000000
0.402923 -0.691914 0.599090 -11.278600 -0.015120 -0.659518 -0.751537 19.886000 0.915109 0.293753 -0.276196 -3.966000 0.000000 0.000000 0.000000 1.000000
0.408261 -0.689295 0.598495 -11.278600 -0.013535 -0.660121 -0.751037 19.886000 0.912765 0.298518 -0.278831 -3.966000 0.000000 0.000000 0.000000 1.000000
0.410480 -0.688296 0.598125 -11.278600 -0.012001 -0.659954 -0.751210 19.886000 0.911790 0.301179 -0.279158 -3.966000 0.000000 0.000000 0.000000 1.000000
0.409510 -0.688958 0.598029 -11.278600 -0.010613 -0.659067 -0.752010 19.886000 0.912244 0.301608 -0.277206 -3.966000 0.000000 0.000000 0.000000 1.000000
0.405197 -0.691323 0.598237 -11.278600 -0.009470 -0.657501 -0.753394 19.886000 0.914180 0.299608 -0.272965 -3.966000 0.000000 0.000000 0.000000 1.000000</float_array>
        <technique_common>
          <accessor source="#mixamorig_RightShoulder-Matrix-animation-output-transform-array" count="39" stride="16">
            <param type="float4x4"/>
          </accessor>
        </technique_common>
      </source>
      <source id="mixamorig_RightShoulder-Interpolations">
        <Name_array id="mixamorig_RightShoulder-Interpolations-array" count="39">
 LINEAR LINEAR LINEAR LINEAR LINEAR LINEAR LINEAR LINEAR LINEAR LINEAR LINEAR
LINEAR LINEAR LINEAR LINEAR LINEAR LINEAR LINEAR LINEAR LINEAR LINEAR LINEAR LINEAR
LINEAR LINEAR LINEAR LINEAR LINEAR LINEAR LINEAR LINEAR LINEAR LINEAR LINEAR LINEAR
LINEAR LINEAR LINEAR LINEAR</Name_array>
        <technique_common>
          <accessor source="#mixamorig_RightShoulder-Interpolations-array" count="39">
            <param type="name"/>
          </accessor>
        </technique_common>
      </source>
      <sampler id="mixamorig_RightShoulder-Matrix-animation-transform">
        <input semantic="INPUT" source="#mixamorig_RightShoulder-Matrix-animation-input"/>
        <input semantic="OUTPUT" source="#mixamorig_RightShoulder-Matrix-animation-output-transform"/>
        <input semantic="INTERPOLATION" source="#mixamorig_RightShoulder-Interpolations"/>
      </sampler>
      <channel source="#mixamorig_RightShoulder-Matrix-animation-transform" target="mixamorig_RightShoulder/matrix"/>
    </animation>
    <animation id="mixamorig_RightArm-anim" name="mixamorig_RightArm">
      <source id="mixamorig_RightArm-Matrix-animation-input">
        <float_array id="mixamorig_RightArm-Matrix-animation-input-array" count="39">

0.000000 0.033333 0.066667 0.100000 0.133333 0.166667 0.200000 0.233333 0.266667 0.300000 0.333333 0.366667 0.400000 0.433333 0.466667 0.500000
0.533333 0.566667 0.600000 0.633333 0.666667 0.700000 0.733333 0.766667 0.800000 0.833333 0.866667 0.900000 0.933333 0.966667 1.000000 1.033333
1.066667 1.100000 1.133333 1.166667 1.200000 1.233333 1.266667</float_array>
        <technique_common>
          <accessor source="#mixamorig_RightArm-Matrix-animation-input-array" count="39">
            <param name="TIME" type="float"/>
          </accessor>
        </technique_common>
      </source>
      <source id="mixamorig_RightArm-Matrix-animation-output-transform">
        <float_array id="mixamorig_RightArm-Matrix-animation-output-transform-array" count="624">

0.956850 0.255186 -0.138992 0.000000 -0.286732 0.906774 -0.309106 12.686800 0.047155 0.335621 0.940816 0.000000 0.000000 0.000000 0.000000 1.000000
0.933381 0.342156 -0.108303 -0.000000 -0.358281 0.905903 -0.225774 12.686800 0.020862 0.249537 0.968141 0.000000 0.000000 0.000000 0.000000 1.000000
0.913165 0.391878 -0.112077 0.000000 -0.405543 0.901080 -0.153588 12.686800 0.040803 0.185703 0.981758 0.000000 0.000000 0.000000 0.000000 1.000000
0.895394 0.426939 -0.126465 0.000000 -0.438219 0.895277 -0.080263 12.686800 0.078954 0.127286 0.988719 0.000000 0.000000 0.000000 0.000000 1.000000
0.881655 0.451310 -0.137851 0.000000 -0.457934 0.888783 -0.019027 12.686800 0.113933 0.079902 0.990270 0.000000 0.000000 0.000000 0.000000 1.000000
0.876942 0.453532 -0.159000 0.000000 -0.459787 0.888025 -0.002889 12.686800 0.139886 0.075640 0.987274 0.000000 0.000000 0.000000 0.000000 1.000000
0.878492 0.439100 -0.188265 0.000000 -0.450115 0.892788 -0.018053 12.686800 0.160154 0.100600 0.981952 0.000000 0.000000 0.000000 0.000000 1.000000
0.881525 0.423963 -0.207771 -0.000000 -0.437082 0.899208 -0.019582 12.686800 0.178527 0.108075 0.977982 -0.000000 0.000000 0.000000 0.000000 1.000000
0.887361 0.411607 -0.207772 -0.000000 -0.418624 0.908092 0.011100 12.686800 0.193245 0.077129 0.978114 0.000000 0.000000 0.000000 0.000000 1.000000
0.894186 0.398560 -0.203914 0.000000 -0.396277 0.916557 0.053737 12.686800 0.208316 0.032756 0.977513 0.000000 0.000000 0.000000 0.000000 1.000000
0.903692 0.376182 -0.204518 0.000000 -0.362895 0.926398 0.100471 12.686800 0.227261 -0.016576 0.973693 0.000000 0.000000 0.000000 0.000000 1.000000
0.906966 0.363749 -0.212365 0.000000 -0.339507 0.929740 0.142541 12.686800 0.249293 -0.057180 0.966738 -0.000000 0.000000 0.000000 0.000000 1.000000
0.909098 0.351827 -0.223068 0.000000 -0.318175 0.932049 0.173345 12.686800 0.268898 -0.086613 0.959266 0.000000 0.000000 0.000000 0.000000 1.000000
0.916702 0.325566 -0.231654 0.000000 -0.284115 0.938748 0.195014 12.686800 0.280955 -0.112953 0.953051 0.000000 0.000000 0.000000 0.000000 1.000000
0.929732 0.288237 -0.229166 0.000000 -0.248406 0.950334 0.187509 12.686800 0.271831 -0.117407 0.955156 0.000000 0.000000 0.000000 0.000000 1.000000
0.944139 0.252948 -0.211231 0.000000 -0.221286 0.961589 0.162419 12.686800 0.244201 -0.106604 0.963847 0.000000 0.000000 0.000000 0.000000 1.000000
0.958294 0.213346 -0.190149 0.000000 -0.190363 0.972787 0.132090 12.686800 0.213155 -0.090384 0.972829 -0.000000 0.000000 0.000000 0.000000 1.000000
0.966694 0.188288 -0.173350 0.000000 -0.173612 0.980086 0.096388 12.686800 0.188046 -0.063082 0.980132 0.000000 0.000000 0.000000 0.000000 1.000000
0.971650 0.171752 -0.162476 0.000000 -0.165099 0.984814 0.053705 12.686800 0.169232 -0.025358 0.985250 0.000000 0.000000 0.000000 0.000000 1.000000
0.974779 0.164708 -0.150586 -0.000000 -0.164093 0.986305 0.016585 12.686800 0.151256 0.008544 0.988458 0.000000 0.000000 0.000000 0.000000 1.000000
0.977906 0.158888 -0.135845 0.000000 -0.161854 0.986753 -0.010998 12.686800 0.132298 0.032742 0.990669 0.000000 0.000000 0.000000 0.000000 1.000000
0.980841 0.153656 -0.119749 0.000000 -0.157974 0.987064 -0.027383 12.686800 0.113993 0.045776 0.992426 0.000000 0.000000 0.000000 0.000000 1.000000
0.983166 0.149859 -0.104532 0.000000 -0.153486 0.987767 -0.027524 12.686800 0.099129 0.043105 0.994141 0.000000 0.000000 0.000000 0.000000 1.000000
0.983630 0.153289 -0.094738 0.000000 -0.156239 0.987415 -0.024502 12.686800 0.089789 0.038903 0.995201 -0.000000 0.000000 0.000000 0.000000 1.000000
0.982619 0.163365 -0.088154 0.000000 -0.165764 0.985951 -0.020561 12.686800 0.083557 0.034817 0.995895 -0.000000 0.000000 0.000000 0.000000 1.000000
0.981562 0.173510 -0.080191 -0.000000 -0.175147 0.984446 -0.013802 12.686800 0.076549 0.027593 0.996684 0.000000 0.000000 0.000000 0.000000 1.000000
0.981047 0.180678 -0.070015 0.000000 -0.181297 0.983425 -0.002543 12.686800 0.068395 0.015188 0.997543 0.000000 0.000000 0.000000 0.000000 1.000000
0.979939 0.189896 -0.060485 0.000000 -0.189594 0.981804 0.010742 12.686800 0.061424 0.000941 0.998111 0.000000 0.000000 0.000000 0.000000 1.000000
0.977758 0.202914 -0.053060 0.000000 -0.201815 0.979095 0.025356 12.686800 0.057096 -0.014084 0.998269 -0.000000 0.000000 0.000000 0.000000 1.000000
0.974035 0.221057 -0.048889 -0.000000 -0.219209 0.974839 0.040447 12.686800 0.056600 -0.028680 0.997985 0.000000 0.000000 0.000000 0.000000 1.000000
0.969131 0.242048 -0.046885 0.000000 -0.239406 0.969325 0.055618 12.686800 0.058909 -0.042676 0.997351 -0.000000 0.000000 0.000000 0.000000 1.000000
0.963593 0.263457 -0.045599 0.000000 -0.259943 0.963016 0.070917 12.686800 0.062596 -0.056482 0.996439 0.000000 0.000000 0.000000 0.000000 1.000000
0.958179 0.282908 -0.043092 0.000000 -0.278609 0.956610 0.085291 12.686800 0.065351 -0.069718 0.995424 0.000000 0.000000 0.000000 0.000000 1.000000
0.954315 0.296483 -0.037164 -0.000000 -0.291756 0.951425 0.098329 12.686800 0.064512 -0.082994 0.994460 -0.000000 0.000000 0.000000 0.000000 1.000000
0.951091 0.307499 -0.029512 0.000000 -0.302835 0.946971 0.107409 12.686800 0.060975 -0.093218 0.993777 -0.000000 0.000000 0.000000 0.000000 1.000000
0.948191 0.316958 -0.021730 -0.000000 -0.312693 0.943153 0.112632 12.686800 0.056194 -0.100002 0.993399 0.000000 0.000000 0.000000 0.000000 1.000000
0.947558 0.319272 -0.014113 -0.000000 -0.315478 0.941528 0.118315 12.686800 0.051062 -0.107658 0.992876 -0.000000 0.000000 0.000000 0.000000 1.000000
0.947161 0.320639 -0.008788 0.000000 -0.317323 0.940659 0.120275 12.686800 0.046832 -0.111131 0.992702 0.000000 0.000000 0.000000 0.000000 1.000000
0.946749 0.321912 -0.006258 0.000000 -0.318990 0.940441 0.117544 12.686800 0.043724 -0.109289 0.993048 0.000000 0.000000 0.000000 0.000000 1.000000</float_array>
        <technique_common>
          <accessor source="#mixamorig_RightArm-Matrix-animation-output-transform-array" count="39" stride="16">
            <param type="float4x4"/>
          </accessor>
        </technique_common>
      </source>
      <source id="mixamorig_RightArm-Interpolations">
        <Name_array id="mixamorig_RightArm-Interpolations-array" count="39">
 LINEAR LINEAR LINEAR LINEAR LINEAR LINEAR LINEAR LINEAR LINEAR LINEAR LINEAR
LINEAR LINEAR LINEAR LINEAR LINEAR LINEAR LINEAR LINEAR LINEAR LINEAR LINEAR LINEAR
LINEAR LINEAR LINEAR LINEAR LINEAR LINEAR LINEAR LINEAR LINEAR LINEAR LINEAR LINEAR
LINEAR LINEAR LINEAR LINEAR</Name_array>
        <technique_common>
          <accessor source="#mixamorig_RightArm-Interpolations-array" count="39">
            <param type="name"/>
          </accessor>
        </technique_common>
      </source>
      <sampler id="mixamorig_RightArm-Matrix-animation-transform">
        <input semantic="INPUT" source="#mixamorig_RightArm-Matrix-animation-input"/>
        <input semantic="OUTPUT" source="#mixamorig_RightArm-Matrix-animation-output-transform"/>
        <input semantic="INTERPOLATION" source="#mixamorig_RightArm-Interpolations"/>
      </sampler>
      <channel source="#mixamorig_RightArm-Matrix-animation-transform" target="mixamorig_RightArm/matrix"/>
    </animation>
    <animation id="mixamorig_RightForeArm-anim" name="mixamorig_RightForeArm">
      <source id="mixamorig_RightForeArm-Matrix-animation-input">
        <float_array id="mixamorig_RightForeArm-Matrix-animation-input-array" count="39">

0.000000 0.033333 0.066667 0.100000 0.133333 0.166667 0.200000 0.233333 0.266667 0.300000 0.333333 0.366667 0.400000 0.433333 0.466667 0.500000
0.533333 0.566667 0.600000 0.633333 0.666667 0.700000 0.733333 0.766667 0.800000 0.833333 0.866667 0.900000 0.933333 0.966667 1.000000 1.033333
1.066667 1.100000 1.133333 1.166667 1.200000 1.233333 1.266667</float_array>
        <technique_common>
          <accessor source="#mixamorig_RightForeArm-Matrix-animation-input-array" count="39">
            <param name="TIME" type="float"/>
          </accessor>
        </technique_common>
      </source>
      <source id="mixamorig_RightForeArm-Matrix-animation-output-transform">
        <float_array id="mixamorig_RightForeArm-Matrix-animation-output-transform-array" count="624">

-0.061237 0.998000 0.015695 -0.000000 -0.849639 -0.043868 -0.525537 30.736700 -0.523797 -0.045517 0.850626 0.000000 0.000000 0.000000 0.000000 1.000000
-0.052007 0.997525 0.047315 0.000000 -0.890227 -0.024839 -0.454840 30.736700 -0.452539 -0.065776 0.889315 0.000000 0.000000 0.000000 0.000000 1.000000
-0.049304 0.994105 0.096567 -0.000000 -0.923813 -0.008638 -0.382747 30.736700 -0.379656 -0.108081 0.918793 0.000000 0.000000 0.000000 0.000000 1.000000
-0.041029 0.987299 0.153486 0.000000 -0.949344 0.009378 -0.314098 30.736700 -0.311548 -0.158598 0.936902 0.000000 0.000000 0.000000 0.000000 1.000000
-0.025963 0.978093 0.206542 0.000000 -0.964671 0.029673 -0.261781 30.736700 -0.262175 -0.206041 0.942768 0.000000 0.000000 0.000000 0.000000 1.000000
-0.022023 0.968720 0.247178 0.000000 -0.967410 0.041734 -0.249753 30.736700 -0.252257 -0.244623 0.936230 0.000000 0.000000 0.000000 0.000000 1.000000
-0.029493 0.961056 0.274777 -0.000000 -0.959800 0.049537 -0.276277 30.736700 -0.279129 -0.271879 0.920961 -0.000000 0.000000 0.000000 0.000000 1.000000
-0.032991 0.955399 0.293469 0.000000 -0.948762 0.062390 -0.309770 30.736700 -0.314263 -0.288652 0.904389 -0.000000 0.000000 0.000000 0.000000 1.000000
-0.021547 0.955578 0.293951 -0.000000 -0.935693 0.084290 -0.342599 30.736700 -0.352158 -0.282430 0.892311 -0.000000 0.000000 0.000000 0.000000 1.000000
0.011525 0.954316 0.298577 0.000000 -0.920539 0.126730 -0.369524 30.736700 -0.390481 -0.270593 0.879945 -0.000000 0.000000 0.000000 0.000000 1.000000
0.046712 0.952736 0.300187 -0.000000 -0.901356 0.169731 -0.398433 30.736700 -0.430552 -0.251963 0.866683 -0.000000 0.000000 0.000000 0.000000 1.000000
0.089734 0.949460 0.300787 0.000000 -0.885899 0.214095 -0.411517 30.736700 -0.455116 -0.229539 0.860338 0.000000 0.000000 0.000000 0.000000 1.000000
0.126550 0.946404 0.297161 0.000000 -0.874362 0.247906 -0.417174 30.736700 -0.468483 -0.207033 0.858872 0.000000 0.000000 0.000000 0.000000 1.000000
0.140445 0.948365 0.284391 0.000000 -0.872520 0.254313 -0.417173 30.736700 -0.467957 -0.189547 0.863185 0.000000 0.000000 0.000000 0.000000 1.000000
0.159924 0.948638 0.272966 0.000000 -0.892645 0.257035 -0.370294 30.736700 -0.421436 -0.184443 0.887903 -0.000000 0.000000 0.000000 0.000000 1.000000
0.192104 0.945384 0.263333 -0.000000 -0.915011 0.269543 -0.300170 30.736700 -0.354755 -0.183289 0.916817 -0.000000 0.000000 0.000000 0.000000 1.000000
0.221876 0.939419 0.261270 0.000000 -0.931431 0.283463 -0.228223 30.736700 -0.288457 -0.192718 0.937898 -0.000000 0.000000 0.000000 0.000000 1.000000
0.247062 0.931386 0.267360 0.000000 -0.939613 0.297705 -0.168819 30.736700 -0.236830 -0.209506 0.948693 -0.000000 0.000000 0.000000 0.000000 1.000000
0.267853 0.923250 0.275435 0.000000 -0.940817 0.312256 -0.131756 30.736700 -0.207650 -0.223843 0.952248 0.000000 0.000000 0.000000 0.000000 1.000000
0.282091 0.916512 0.283604 0.000000 -0.934653 0.329228 -0.134286 30.736700 -0.216445 -0.227190 0.949493 0.000000 0.000000 0.000000 0.000000 1.000000
0.293221 0.910232 0.292401 0.000000 -0.924062 0.348277 -0.157518 30.736700 -0.245215 -0.224009 0.943234 0.000000 0.000000 0.000000 0.000000 1.000000
0.305035 0.903234 0.301865 0.000000 -0.908905 0.370747 -0.190891 30.736700 -0.284335 -0.216138 0.934044 0.000000 0.000000 0.000000 0.000000 1.000000
0.320271 0.894947 0.310639 0.000000 -0.886238 0.398899 -0.235504 30.736700 -0.334677 -0.199875 0.920891 0.000000 0.000000 0.000000 0.000000 1.000000
0.341082 0.885976 0.314180 -0.000000 -0.864420 0.426940 -0.265519 30.736700 -0.369380 -0.181020 0.911477 0.000000 0.000000 0.000000 0.000000 1.000000
0.368171 0.876152 0.311139 0.000000 -0.845525 0.454696 -0.279891 30.736700 -0.386701 -0.160028 0.908214 0.000000 0.000000 0.000000 0.000000 1.000000
0.399820 0.864567 0.304413 0.000000 -0.827271 0.483379 -0.286300 30.736700 -0.394672 -0.137364 0.908496 0.000000 0.000000 0.000000 0.000000 1.000000
0.432722 0.852174 0.294195 0.000000 -0.810472 0.510637 -0.287027 30.736700 -0.394824 -0.114234 0.911627 0.000000 0.000000 0.000000 0.000000 1.000000
0.468326 0.837911 0.280313 0.000000 -0.794166 0.538252 -0.282109 30.736700 -0.387261 -0.090497 0.917518 0.000000 0.000000 0.000000 0.000000 1.000000
0.506732 0.820904 0.263323 -0.000000 -0.777067 0.567198 -0.272861 30.736700 -0.373349 -0.066352 0.925315 0.000000 0.000000 0.000000 0.000000 1.000000
0.548079 0.800095 0.243841 0.000000 -0.757672 0.598402 -0.260477 30.736700 -0.354322 -0.041989 0.934180 -0.000000 0.000000 0.000000 0.000000 1.000000
0.590566 0.775872 0.221935 0.000000 -0.735625 0.630655 -0.247245 30.736700 -0.331795 -0.017246 0.943194 0.000000 0.000000 0.000000 0.000000 1.000000
0.632156 0.748942 0.198656 0.000000 -0.711322 0.662599 -0.234484 30.736700 -0.307245 0.006922 0.951605 -0.000000 0.000000 0.000000 0.000000 1.000000
0.669305 0.722546 0.173083 -0.000000 -0.688946 0.690768 -0.219529 30.736700 -0.278180 0.027687 0.960130 0.000000 0.000000 0.000000 0.000000 1.000000
0.696955 0.702535 0.143868 -0.000000 -0.674996 0.710425 -0.199189 30.736700 -0.242145 0.041715 0.969343 0.000000 0.000000 0.000000 0.000000 1.000000
0.716663 0.688329 0.112240 -0.000000 -0.667898 0.723709 -0.173659 30.736700 -0.200763 0.049490 0.978389 0.000000 0.000000 0.000000 0.000000 1.000000
0.731911 0.676874 0.078412 0.000000 -0.662806 0.733908 -0.148550 30.736700 -0.158097 0.056753 0.985791 0.000000 0.000000 0.000000 0.000000 1.000000
0.743933 0.666651 0.046258 -0.000000 -0.656608 0.742081 -0.134837 30.736700 -0.124216 0.069937 0.989787 0.000000 0.000000 0.000000 0.000000 1.000000
0.754430 0.656115 0.018640 0.000000 -0.648861 0.749773 -0.129693 30.736700 -0.099069 0.085749 0.991379 0.000000 0.000000 0.000000 0.000000 1.000000
0.764692 0.644396 0.000466 -0.000000 -0.638481 0.757771 -0.134632 30.736700 -0.087109 0.102655 0.990895 0.000000 0.000000 0.000000 0.000000 1.000000</float_array>
        <technique_common>
          <accessor source="#mixamorig_RightForeArm-Matrix-animation-output-transform-array" count="39" stride="16">
            <param type="float4x4"/>
          </accessor>
        </technique_common>
      </source>
      <source id="mixamorig_RightForeArm-Interpolations">
        <Name_array id="mixamorig_RightForeArm-Interpolations-array" count="39">
 LINEAR LINEAR LINEAR LINEAR LINEAR LINEAR LINEAR LINEAR LINEAR LINEAR LINEAR
LINEAR LINEAR LINEAR LINEAR LINEAR LINEAR LINEAR LINEAR LINEAR LINEAR LINEAR LINEAR
LINEAR LINEAR LINEAR LINEAR LINEAR LINEAR LINEAR LINEAR LINEAR LINEAR LINEAR LINEAR
LINEAR LINEAR LINEAR LINEAR</Name_array>
        <technique_common>
          <accessor source="#mixamorig_RightForeArm-Interpolations-array" count="39">
            <param type="name"/>
          </accessor>
        </technique_common>
      </source>
      <sampler id="mixamorig_RightForeArm-Matrix-animation-transform">
        <input semantic="INPUT" source="#mixamorig_RightForeArm-Matrix-animation-input"/>
        <input semantic="OUTPUT" source="#mixamorig_RightForeArm-Matrix-animation-output-transform"/>
        <input semantic="INTERPOLATION" source="#mixamorig_RightForeArm-Interpolations"/>
      </sampler>
      <channel source="#mixamorig_RightForeArm-Matrix-animation-transform" target="mixamorig_RightForeArm/matrix"/>
    </animation>
    <animation id="mixamorig_RightHand-anim" name="mixamorig_RightHand">
      <source id="mixamorig_RightHand-Matrix-animation-input">
        <float_array id="mixamorig_RightHand-Matrix-animation-input-array" count="39">

0.000000 0.033333 0.066667 0.100000 0.133333 0.166667 0.200000 0.233333 0.266667 0.300000 0.333333 0.366667 0.400000 0.433333 0.466667 0.500000
0.533333 0.566667 0.600000 0.633333 0.666667 0.700000 0.733333 0.766667 0.800000 0.833333 0.866667 0.900000 0.933333 0.966667 1.000000 1.033333
1.066667 1.100000 1.133333 1.166667 1.200000 1.233333 1.266667</float_array>
        <technique_common>
          <accessor source="#mixamorig_RightHand-Matrix-animation-input-array" count="39">
            <param name="TIME" type="float"/>
          </accessor>
        </technique_common>
      </source>
      <source id="mixamorig_RightHand-Matrix-animation-output-transform">
        <float_array id="mixamorig_RightHand-Matrix-animation-output-transform-array" count="624">

0.999978 0.006543 -0.000844 -0.000000 -0.006580 0.998358 -0.056895 26.713100 0.000470 0.056899 0.998380 0.000000 0.000000 0.000000 0.000000 1.000000
0.999862 0.014309 0.008405 0.000000 -0.013690 0.997489 -0.069482 26.713100 -0.009378 0.069358 0.997548 0.000000 0.000000 0.000000 0.000000 1.000000
0.998479 0.054181 0.010229 0.000000 -0.053222 0.995530 -0.078024 26.713100 -0.014411 0.077361 0.996899 0.000000 0.000000 0.000000 0.000000 1.000000
0.994216 0.107057 0.008595 0.000000 -0.106079 0.991345 -0.077346 26.713100 -0.016801 0.075987 0.996967 -0.000000 0.000000 0.000000 0.000000 1.000000
0.987404 0.158023 0.007855 0.000000 -0.156908 0.984395 -0.079665 26.713100 -0.020321 0.077430 0.996791 0.000000 0.000000 0.000000 0.000000 1.000000
0.979809 0.199649 0.010733 0.000000 -0.197346 0.974332 -0.108317 26.713100 -0.032083 0.104011 0.994058 0.000000 0.000000 0.000000 0.000000 1.000000
0.971639 0.235975 0.015273 0.000000 -0.230711 0.960166 -0.157650 26.713100 -0.051866 0.149656 0.987377 0.000000 0.000000 0.000000 0.000000 1.000000
0.961896 0.273088 0.013381 0.000000 -0.265672 0.945097 -0.190289 26.713100 -0.064612 0.179483 0.981637 0.000000 0.000000 0.000000 0.000000 1.000000
0.954506 0.298172 -0.003507 -0.000000 -0.294193 0.939718 -0.174303 26.713100 -0.048677 0.167405 0.984686 0.000000 0.000000 0.000000 0.000000 1.000000
0.949205 0.313806 -0.023124 0.000000 -0.313479 0.936739 -0.155726 26.713100 -0.027206 0.155065 0.987530 0.000000 0.000000 0.000000 0.000000 1.000000
0.943377 0.329096 -0.041662 0.000000 -0.331706 0.934626 -0.128239 26.713100 -0.003265 0.134798 0.990868 0.000000 0.000000 0.000000 0.000000 1.000000
0.939005 0.339619 -0.054113 0.000000 -0.343654 0.932624 -0.110066 26.713100 0.013087 0.121949 0.992450 0.000000 0.000000 0.000000 0.000000 1.000000
0.937318 0.342791 -0.062679 0.000000 -0.347421 0.933217 -0.091676 26.713100 0.027067 0.107705 0.993814 -0.000000 0.000000 0.000000 0.000000 1.000000
0.940716 0.332031 -0.069349 0.000000 -0.336961 0.938208 -0.078885 26.713100 0.038871 0.097577 0.994469 0.000000 0.000000 0.000000 0.000000 1.000000
0.945761 0.315599 -0.077026 0.000000 -0.321921 0.942309 -0.091769 26.713100 0.043620 0.111588 0.992797 0.000000 0.000000 0.000000 0.000000 1.000000
0.952750 0.291053 -0.086920 0.000000 -0.299982 0.946532 -0.118697 26.713100 0.047726 0.139163 0.989119 0.000000 0.000000 0.000000 0.000000 1.000000
0.962214 0.254247 -0.097480 0.000000 -0.267305 0.950196 -0.160234 26.713100 0.051886 0.180237 0.982254 -0.000000 0.000000 0.000000 0.000000 1.000000
0.971756 0.211804 -0.104060 -0.000000 -0.228782 0.953675 -0.195352 26.713100 0.057863 0.213642 0.975197 0.000000 0.000000 0.000000 0.000000 1.000000
0.976663 0.185662 -0.107979 0.000000 -0.204843 0.956348 -0.208417 26.713100 0.064571 0.225672 0.972061 0.000000 0.000000 0.000000 0.000000 1.000000
0.976976 0.181863 -0.111550 0.000000 -0.201353 0.958820 -0.200301 26.713100 0.070529 0.218151 0.973363 0.000000 0.000000 0.000000 0.000000 1.000000
0.975561 0.186477 -0.116223 0.000000 -0.206027 0.960158 -0.188812 26.713100 0.076383 0.208142 0.975111 0.000000 0.000000 0.000000 0.000000 1.000000
0.974012 0.190910 -0.121874 0.000000 -0.210974 0.960486 -0.181538 26.713100 0.082401 0.202533 0.975802 0.000000 0.000000 0.000000 0.000000 1.000000
0.973570 0.188650 -0.128732 0.000000 -0.210093 0.960804 -0.180875 26.713100 0.089564 0.203140 0.975045 -0.000000 0.000000 0.000000 0.000000 1.000000
0.974359 0.180478 -0.134359 0.000000 -0.202790 0.963108 -0.176917 26.713100 0.097472 0.199627 0.975012 -0.000000 0.000000 0.000000 0.000000 1.000000
0.975947 0.168444 -0.138401 0.000000 -0.190864 0.966952 -0.169042 26.713100 0.105353 0.191392 0.975843 0.000000 0.000000 0.000000 0.000000 1.000000
0.977375 0.157784 -0.140859 -0.000000 -0.179920 0.970337 -0.161479 26.713100 0.111202 0.183170 0.976772 0.000000 0.000000 0.000000 0.000000 1.000000
0.978607 0.148875 -0.142004 0.000000 -0.170586 0.972995 -0.155502 26.713100 0.115018 0.176399 0.977576 0.000000 0.000000 0.000000 0.000000 1.000000
0.979719 0.140627 -0.142743 0.000000 -0.161796 0.975431 -0.149521 26.713100 0.118209 0.169584 0.978401 0.000000 0.000000 0.000000 0.000000 1.000000
0.980654 0.133395 -0.143261 0.000000 -0.153926 0.977627 -0.143361 26.713100 0.120932 0.162639 0.979247 0.000000 0.000000 0.000000 0.000000 1.000000
0.981380 0.127506 -0.143647 0.000000 -0.147291 0.979595 -0.136748 26.713100 0.123280 0.155360 0.980135 0.000000 0.000000 0.000000 0.000000 1.000000
0.981913 0.122648 -0.144238 0.000000 -0.141615 0.981409 -0.129545 26.713100 0.125668 0.147628 0.981027 0.000000 0.000000 0.000000 0.000000 1.000000
0.982200 0.119545 -0.144887 0.000000 -0.137799 0.982757 -0.123292 26.713100 0.127649 0.141062 0.981737 0.000000 0.000000 0.000000 0.000000 1.000000
0.982446 0.116539 -0.145664 0.000000 -0.134387 0.983713 -0.119369 26.713100 0.129380 0.136849 0.982106 0.000000 0.000000 0.000000 0.000000 1.000000
0.982970 0.110677 -0.146696 -0.000000 -0.128656 0.984484 -0.119328 26.713100 0.131213 0.136169 0.981958 0.000000 0.000000 0.000000 0.000000 1.000000
0.983728 0.100853 -0.148685 0.000000 -0.119510 0.985259 -0.122398 26.713100 0.134149 0.138176 0.981280 0.000000 0.000000 0.000000 0.000000 1.000000
0.985387 0.099214 -0.138454 0.000000 -0.116261 0.985818 -0.121018 26.713100 0.124484 0.135347 0.982947 0.000000 0.000000 0.000000 0.000000 1.000000
0.987647 0.115090 -0.106337 0.000000 -0.126484 0.986129 -0.107475 26.713100 0.092493 0.119597 0.988505 0.000000 0.000000 0.000000 0.000000 1.000000
0.988635 0.138258 -0.059043 -0.000000 -0.143059 0.985902 -0.086779 26.713100 0.046212 0.094240 0.994476 0.000000 0.000000 0.000000 0.000000 1.000000
0.986741 0.162236 -0.004765 0.000000 -0.162201 0.984628 -0.064797 26.713100 -0.005820 0.064710 0.997887 -0.000000 0.000000 0.000000 0.000000 1.000000</float_array>
        <technique_common>
          <accessor source="#mixamorig_RightHand-Matrix-animation-output-transform-array" count="39" stride="16">
            <param type="float4x4"/>
          </accessor>
        </technique_common>
      </source>
      <source id="mixamorig_RightHand-Interpolations">
        <Name_array id="mixamorig_RightHand-Interpolations-array" count="39">
 LINEAR LINEAR LINEAR LINEAR LINEAR LINEAR LINEAR LINEAR LINEAR LINEAR LINEAR
LINEAR LINEAR LINEAR LINEAR LINEAR LINEAR LINEAR LINEAR LINEAR LINEAR LINEAR LINEAR
LINEAR LINEAR LINEAR LINEAR LINEAR LINEAR LINEAR LINEAR LINEAR LINEAR LINEAR LINEAR
LINEAR LINEAR LINEAR LINEAR</Name_array>
        <technique_common>
          <accessor source="#mixamorig_RightHand-Interpolations-array" count="39">
            <param type="name"/>
          </accessor>
        </technique_common>
      </source>
      <sampler id="mixamorig_RightHand-Matrix-animation-transform">
        <input semantic="INPUT" source="#mixamorig_RightHand-Matrix-animation-input"/>
        <input semantic="OUTPUT" source="#mixamorig_RightHand-Matrix-animation-output-transform"/>
        <input semantic="INTERPOLATION" source="#mixamorig_RightHand-Interpolations"/>
      </sampler>
      <channel source="#mixamorig_RightHand-Matrix-animation-transform" target="mixamorig_RightHand/matrix"/>
    </animation>
    <animation id="mixamorig_RightHandThumb1-anim" name="mixamorig_RightHandThumb1">
      <source id="mixamorig_RightHandThumb1-Matrix-animation-input">
        <float_array id="mixamorig_RightHandThumb1-Matrix-animation-input-array" count="39">

0.000000 0.033333 0.066667 0.100000 0.133333 0.166667 0.200000 0.233333 0.266667 0.300000 0.333333 0.366667 0.400000 0.433333 0.466667 0.500000
0.533333 0.566667 0.600000 0.633333 0.666667 0.700000 0.733333 0.766667 0.800000 0.833333 0.866667 0.900000 0.933333 0.966667 1.000000 1.033333
1.066667 1.100000 1.133333 1.166667 1.200000 1.233333 1.266667</float_array>
        <technique_common>
          <accessor source="#mixamorig_RightHandThumb1-Matrix-animation-input-array" count="39">
            <param name="TIME" type="float"/>
          </accessor>
        </technique_common>
      </source>
      <source id="mixamorig_RightHandThumb1-Matrix-animation-output-transform">
        <float_array id="mixamorig_RightHandThumb1-Matrix-animation-output-transform-array" count="624">

0.859878 0.403244 -0.313057 2.712200 -0.509085 0.631711 -0.584614 6.800000 -0.037980 0.662069 0.748480 2.789800 0.000000 0.000000 0.000000 1.000000
0.859881 0.403179 -0.313130 2.712200 -0.509077 0.631568 -0.584776 6.800000 -0.038006 0.662245 0.748323 2.789800 0.000000 0.000000 0.000000 1.000000
0.859892 0.402994 -0.313339 2.712200 -0.509053 0.631156 -0.585241 6.800000 -0.038083 0.662751 0.747871 2.789800 0.000000 0.000000 0.000000 1.000000
0.859910 0.402698 -0.313671 2.712200 -0.509014 0.630501 -0.585980 6.800000 -0.038203 0.663553 0.747153 2.789800 0.000000 0.000000 0.000000 1.000000
0.859933 0.402306 -0.314111 2.712200 -0.508964 0.629630 -0.586960 6.800000 -0.038363 0.664617 0.746198 2.789800 0.000000 0.000000 0.000000 1.000000
0.859961 0.401826 -0.314646 2.712200 -0.508901 0.628569 -0.588150 6.800000 -0.038557 0.665910 0.745035 2.789800 0.000000 0.000000 0.000000 1.000000
0.859994 0.401273 -0.315262 2.712200 -0.508829 0.627344 -0.589520 6.800000 -0.038780 0.667398 0.743691 2.789800 0.000000 0.000000 0.000000 1.000000
0.860031 0.400657 -0.315944 2.712200 -0.508747 0.625981 -0.591037 6.800000 -0.039028 0.669046 0.742196 2.789800 0.000000 0.000000 0.000000 1.000000
0.860071 0.399990 -0.316679 2.712200 -0.508658 0.624506 -0.592671 6.800000 -0.039294 0.670820 0.740578 2.789800 0.000000 0.000000 0.000000 1.000000
0.860114 0.399283 -0.317452 2.712200 -0.508564 0.622947 -0.594390 6.800000 -0.039574 0.672688 0.738867 2.789800 0.000000 0.000000 0.000000 1.000000
0.860159 0.398550 -0.318251 2.712200 -0.508465 0.621329 -0.596165 6.800000 -0.039863 0.674617 0.737091 2.789800 0.000000 0.000000 0.000000 1.000000
0.860206 0.397801 -0.319061 2.712200 -0.508363 0.619681 -0.597965 6.800000 -0.040155 0.676572 0.735281 2.789800 0.000000 0.000000 0.000000 1.000000
0.860253 0.397050 -0.319869 2.712200 -0.508261 0.618029 -0.599760 6.800000 -0.040447 0.678522 0.733466 2.789800 0.000000 0.000000 0.000000 1.000000
0.860300 0.396309 -0.320661 2.712200 -0.508158 0.616400 -0.601520 6.800000 -0.040732 0.680434 0.731677 2.789800 0.000000 0.000000 0.000000 1.000000
0.860346 0.395591 -0.321424 2.712200 -0.508059 0.614824 -0.603215 6.800000 -0.041007 0.682276 0.729944 2.789800 0.000000 0.000000 0.000000 1.000000
0.860389 0.394908 -0.322145 2.712200 -0.507964 0.613327 -0.604817 6.800000 -0.041267 0.684016 0.728299 2.789800 0.000000 0.000000 0.000000 1.000000
0.860434 0.394224 -0.322864 2.712200 -0.507868 0.611829 -0.606413 6.800000 -0.041525 0.685750 0.726652 2.789800 0.000000 0.000000 0.000000 1.000000
0.860481 0.393499 -0.323622 2.712200 -0.507765 0.610241 -0.608095 6.800000 -0.041797 0.687578 0.724906 2.789800 0.000000 0.000000 0.000000 1.000000
0.860531 0.392741 -0.324409 2.712200 -0.507658 0.608585 -0.609842 6.800000 -0.042080 0.689477 0.723085 2.789800 0.000000 0.000000 0.000000 1.000000
0.860582 0.391961 -0.325216 2.712200 -0.507547 0.606880 -0.611631 6.800000 -0.042369 0.691421 0.721209 2.789800 0.000000 0.000000 0.000000 1.000000
0.860635 0.391167 -0.326031 2.712200 -0.507433 0.605148 -0.613440 6.800000 -0.042660 0.693387 0.719302 2.789800 0.000000 0.000000 0.000000 1.000000
0.860688 0.390368 -0.326846 2.712200 -0.507317 0.603407 -0.615247 6.800000 -0.042952 0.695351 0.717386 2.789800 0.000000 0.000000 0.000000 1.000000
0.860742 0.389575 -0.327650 2.712200 -0.507202 0.601680 -0.617031 6.800000 -0.043239 0.697289 0.715484 2.789800 0.000000 0.000000 0.000000 1.000000
0.860795 0.388797 -0.328434 2.712200 -0.507088 0.599988 -0.618770 6.800000 -0.043519 0.699179 0.713620 2.789800 0.000000 0.000000 0.000000 1.000000
0.860848 0.388017 -0.329215 2.712200 -0.506973 0.598296 -0.620500 6.800000 -0.043797 0.701060 0.711756 2.789800 0.000000 0.000000 0.000000 1.000000
0.860903 0.387226 -0.330004 2.712200 -0.506856 0.596577 -0.622248 6.800000 -0.044078 0.702959 0.709863 2.789800 0.000000 0.000000 0.000000 1.000000
0.860958 0.386436 -0.330785 2.712200 -0.506739 0.594867 -0.623979 6.800000 -0.044355 0.704841 0.707977 2.789800 0.000000 0.000000 0.000000 1.000000
0.861012 0.385665 -0.331544 2.712200 -0.506624 0.593196 -0.625660 6.800000 -0.044625 0.706669 0.706136 2.789800 0.000000 0.000000 0.000000 1.000000
0.861063 0.384927 -0.332266 2.712200 -0.506513 0.591600 -0.627259 6.800000 -0.044880 0.708407 0.704376 2.789800 0.000000 0.000000 0.000000 1.000000
0.861113 0.384231 -0.332943 2.712200 -0.506408 0.590096 -0.628759 6.800000 -0.045120 0.710037 0.702717 2.789800 0.000000 0.000000 0.000000 1.000000
0.861161 0.383547 -0.333606 2.712200 -0.506305 0.588617 -0.630226 6.800000 -0.045355 0.711633 0.701086 2.789800 0.000000 0.000000 0.000000 1.000000
0.861209 0.382882 -0.334247 2.712200 -0.506203 0.587182 -0.631645 6.800000 -0.045582 0.713175 0.699502 2.789800 0.000000 0.000000 0.000000 1.000000
0.861254 0.382251 -0.334852 2.712200 -0.506107 0.585822 -0.632983 6.800000 -0.045795 0.714630 0.698002 2.789800 0.000000 0.000000 0.000000 1.000000
0.861296 0.381670 -0.335406 2.712200 -0.506018 0.584572 -0.634209 6.800000 -0.045990 0.715963 0.696621 2.789800 0.000000 0.000000 0.000000 1.000000
0.861333 0.381156 -0.335894 2.712200 -0.505939 0.583464 -0.635291 6.800000 -0.046163 0.717140 0.695399 2.789800 0.000000 0.000000 0.000000 1.000000
0.861365 0.380721 -0.336307 2.712200 -0.505872 0.582527 -0.636204 6.800000 -0.046308 0.718132 0.694364 2.789800 0.000000 0.000000 0.000000 1.000000
0.861390 0.380367 -0.336641 2.712200 -0.505817 0.581766 -0.636943 6.800000 -0.046426 0.718936 0.693524 2.789800 0.000000 0.000000 0.000000 1.000000
0.861408 0.380128 -0.336866 2.712200 -0.505780 0.581253 -0.637442 6.800000 -0.046505 0.719477 0.692957 2.789800 0.000000 0.000000 0.000000 1.000000
0.861415 0.380040 -0.336948 2.712200 -0.505766 0.581065 -0.637624 6.800000 -0.046534 0.719676 0.692749 2.789800 0.000000 0.000000 0.000000 1.000000</float_array>
        <technique_common>
          <accessor source="#mixamorig_RightHandThumb1-Matrix-animation-output-transform-array" count="39" stride="16">
            <param type="float4x4"/>
          </accessor>
        </technique_common>
      </source>
      <source id="mixamorig_RightHandThumb1-Interpolations">
        <Name_array id="mixamorig_RightHandThumb1-Interpolations-array" count="39">
 LINEAR LINEAR LINEAR LINEAR LINEAR LINEAR LINEAR LINEAR LINEAR LINEAR LINEAR
LINEAR LINEAR LINEAR LINEAR LINEAR LINEAR LINEAR LINEAR LINEAR LINEAR LINEAR LINEAR
LINEAR LINEAR LINEAR LINEAR LINEAR LINEAR LINEAR LINEAR LINEAR LINEAR LINEAR LINEAR
LINEAR LINEAR LINEAR LINEAR</Name_array>
        <technique_common>
          <accessor source="#mixamorig_RightHandThumb1-Interpolations-array" count="39">
            <param type="name"/>
          </accessor>
        </technique_common>
      </source>
      <sampler id="mixamorig_RightHandThumb1-Matrix-animation-transform">
        <input semantic="INPUT" source="#mixamorig_RightHandThumb1-Matrix-animation-input"/>
        <input semantic="OUTPUT" source="#mixamorig_RightHandThumb1-Matrix-animation-output-transform"/>
        <input semantic="INTERPOLATION" source="#mixamorig_RightHandThumb1-Interpolations"/>
      </sampler>
      <channel source="#mixamorig_RightHandThumb1-Matrix-animation-transform" target="mixamorig_RightHandThumb1/matrix"/>
    </animation>
    <animation id="mixamorig_RightHandThumb2-anim" name="mixamorig_RightHandThumb2">
      <source id="mixamorig_RightHandThumb2-Matrix-animation-input">
        <float_array id="mixamorig_RightHandThumb2-Matrix-animation-input-array" count="39">

0.000000 0.033333 0.066667 0.100000 0.133333 0.166667 0.200000 0.233333 0.266667 0.300000 0.333333 0.366667 0.400000 0.433333 0.466667 0.500000
0.533333 0.566667 0.600000 0.633333 0.666667 0.700000 0.733333 0.766667 0.800000 0.833333 0.866667 0.900000 0.933333 0.966667 1.000000 1.033333
1.066667 1.100000 1.133333 1.166667 1.200000 1.233333 1.266667</float_array>
        <technique_common>
          <accessor source="#mixamorig_RightHandThumb2-Matrix-animation-input-array" count="39">
            <param name="TIME" type="float"/>
          </accessor>
        </technique_common>
      </source>
      <source id="mixamorig_RightHandThumb2-Matrix-animation-output-transform">
        <float_array id="mixamorig_RightHandThumb2-Matrix-animation-output-transform-array" count="624">

0.922602 -0.321535 -0.213124 0.000000 0.322991 0.945960 -0.028934 4.523200 0.210910 -0.042142 0.976597 0.000000 0.000000 0.000000 0.000000 1.000000
0.922577 -0.321576 -0.213170 -0.000000 0.323012 0.945949 -0.029040 4.523200 0.210986 -0.042065 0.976584 0.000000 0.000000 0.000000 0.000000 1.000000
0.922505 -0.321694 -0.213302 -0.000000 0.323074 0.945919 -0.029343 4.523200 0.211206 -0.041843 0.976546 0.000000 0.000000 0.000000 0.000000 1.000000
0.922391 -0.321881 -0.213512 0.000000 0.323171 0.945870 -0.029824 4.523200 0.211555 -0.041491 0.976485 0.000000 0.000000 0.000000 0.000000 1.000000
0.922239 -0.322130 -0.213791 -0.000000 0.323300 0.945806 -0.030463 4.523200 0.212018 -0.041024 0.976404 0.000000 0.000000 0.000000 0.000000 1.000000
0.922055 -0.322433 -0.214129 -0.000000 0.323456 0.945727 -0.031241 4.523200 0.212581 -0.040455 0.976306 -0.000000 0.000000 0.000000 0.000000 1.000000
0.921843 -0.322782 -0.214519 -0.000000 0.323634 0.945636 -0.032137 4.523200 0.213230 -0.039800 0.976191 0.000000 0.000000 0.000000 0.000000 1.000000
0.921606 -0.323169 -0.214951 0.000000 0.323832 0.945534 -0.033132 4.523200 0.213950 -0.039073 0.976063 0.000000 0.000000 0.000000 0.000000 1.000000
0.921351 -0.323586 -0.215417 0.000000 0.324042 0.945424 -0.034207 4.523200 0.214729 -0.038287 0.975923 -0.000000 0.000000 0.000000 0.000000 1.000000
0.921082 -0.324026 -0.215907 0.000000 0.324264 0.945306 -0.035341 4.523200 0.215549 -0.037459 0.975774 0.000000 0.000000 0.000000 0.000000 1.000000
0.920803 -0.324481 -0.216412 0.000000 0.324491 0.945184 -0.036513 4.523200 0.216397 -0.036602 0.975619 0.000000 0.000000 0.000000 0.000000 1.000000
0.920520 -0.324942 -0.216925 0.000000 0.324719 0.945059 -0.037705 4.523200 0.217259 -0.035731 0.975460 0.000000 0.000000 0.000000 0.000000 1.000000
0.920236 -0.325403 -0.217437 0.000000 0.324945 0.944933 -0.038898 4.523200 0.218121 -0.034860 0.975299 0.000000 0.000000 0.000000 0.000000 1.000000
0.919956 -0.325857 -0.217939 -0.000000 0.325167 0.944807 -0.040070 4.523200 0.218968 -0.034004 0.975139 0.000000 0.000000 0.000000 0.000000 1.000000
0.919687 -0.326294 -0.218424 0.000000 0.325378 0.944686 -0.041202 4.523200 0.219786 -0.033177 0.974984 0.000000 0.000000 0.000000 0.000000 1.000000
0.919431 -0.326708 -0.218881 0.000000 0.325577 0.944570 -0.042275 4.523200 0.220560 -0.032394 0.974835 0.000000 0.000000 0.000000 0.000000 1.000000
0.919175 -0.327121 -0.219338 -0.000000 0.325774 0.944454 -0.043346 4.523200 0.221333 -0.031612 0.974686 -0.000000 0.000000 0.000000 0.000000 1.000000
0.918905 -0.327557 -0.219819 0.000000 0.325981 0.944330 -0.044478 4.523200 0.222150 -0.030786 0.974526 0.000000 0.000000 0.000000 0.000000 1.000000
0.918623 -0.328011 -0.220319 0.000000 0.326194 0.944200 -0.045657 4.523200 0.223001 -0.029925 0.974359 0.000000 0.000000 0.000000 0.000000 1.000000
0.918334 -0.328477 -0.220831 0.000000 0.326411 0.944065 -0.046867 4.523200 0.223873 -0.029042 0.974185 -0.000000 0.000000 0.000000 0.000000 1.000000
0.918040 -0.328948 -0.221348 0.000000 0.326628 0.943928 -0.048094 4.523200 0.224758 -0.028146 0.974008 -0.000000 0.000000 0.000000 0.000000 1.000000
0.917746 -0.329421 -0.221866 0.000000 0.326845 0.943790 -0.049324 4.523200 0.225644 -0.027249 0.973829 0.000000 0.000000 0.000000 0.000000 1.000000
0.917454 -0.329888 -0.222378 0.000000 0.327057 0.943652 -0.050541 4.523200 0.226521 -0.026361 0.973650 0.000000 0.000000 0.000000 0.000000 1.000000
0.917169 -0.330343 -0.222877 -0.000000 0.327262 0.943516 -0.051731 4.523200 0.227378 -0.025493 0.973473 0.000000 0.000000 0.000000 0.000000 1.000000
0.916884 -0.330799 -0.223374 -0.000000 0.327466 0.943380 -0.052918 4.523200 0.228232 -0.024628 0.973295 -0.000000 0.000000 0.000000 0.000000 1.000000
0.916596 -0.331258 -0.223876 0.000000 0.327669 0.943241 -0.054120 4.523200 0.229097 -0.023751 0.973114 0.000000 0.000000 0.000000 0.000000 1.000000
0.916309 -0.331715 -0.224373 0.000000 0.327870 0.943102 -0.055315 4.523200 0.229956 -0.022880 0.972932 0.000000 0.000000 0.000000 0.000000 1.000000
0.916029 -0.332160 -0.224857 -0.000000 0.328063 0.942966 -0.056479 4.523200 0.230793 -0.022031 0.972754 0.000000 0.000000 0.000000 0.000000 1.000000
0.915762 -0.332583 -0.225317 0.000000 0.328246 0.942835 -0.057588 4.523200 0.231590 -0.021223 0.972582 0.000000 0.000000 0.000000 0.000000 1.000000
0.915512 -0.332981 -0.225749 0.000000 0.328416 0.942712 -0.058631 4.523200 0.232339 -0.020462 0.972420 0.000000 0.000000 0.000000 0.000000 1.000000
0.915265 -0.333371 -0.226172 -0.000000 0.328582 0.942590 -0.059655 4.523200 0.233074 -0.019716 0.972259 0.000000 0.000000 0.000000 0.000000 1.000000
0.915026 -0.333749 -0.226581 0.000000 0.328741 0.942471 -0.060647 4.523200 0.233787 -0.018993 0.972102 0.000000 0.000000 0.000000 0.000000 1.000000
0.914800 -0.334106 -0.226967 -0.000000 0.328891 0.942358 -0.061585 4.523200 0.234460 -0.018310 0.971953 0.000000 0.000000 0.000000 0.000000 1.000000
0.914593 -0.334433 -0.227320 -0.000000 0.329027 0.942254 -0.062445 4.523200 0.235077 -0.017682 0.971816 0.000000 0.000000 0.000000 0.000000 1.000000
0.914409 -0.334722 -0.227633 0.000000 0.329146 0.942161 -0.063207 4.523200 0.235624 -0.017128 0.971693 0.000000 0.000000 0.000000 0.000000 1.000000
0.914254 -0.334967 -0.227897 0.000000 0.329247 0.942083 -0.063850 4.523200 0.236085 -0.016659 0.971590 0.000000 0.000000 0.000000 0.000000 1.000000
0.914128 -0.335164 -0.228110 0.000000 0.329327 0.942019 -0.064372 4.523200 0.236459 -0.016279 0.971505 0.000000 0.000000 0.000000 0.000000 1.000000
0.914044 -0.335298 -0.228254 0.000000 0.329382 0.941976 -0.064723 4.523200 0.236711 -0.016023 0.971448 0.000000 0.000000 0.000000 0.000000 1.000000
0.914012 -0.335347 -0.228307 -0.000000 0.329402 0.941960 -0.064853 4.523200 0.236804 -0.015928 0.971427 0.000000 0.000000 0.000000 0.000000 1.000000</float_array>
        <technique_common>
          <accessor source="#mixamorig_RightHandThumb2-Matrix-animation-output-transform-array" count="39" stride="16">
            <param type="float4x4"/>
          </accessor>
        </technique_common>
      </source>
      <source id="mixamorig_RightHandThumb2-Interpolations">
        <Name_array id="mixamorig_RightHandThumb2-Interpolations-array" count="39">
 LINEAR LINEAR LINEAR LINEAR LINEAR LINEAR LINEAR LINEAR LINEAR LINEAR LINEAR
LINEAR LINEAR LINEAR LINEAR LINEAR LINEAR LINEAR LINEAR LINEAR LINEAR LINEAR LINEAR
LINEAR LINEAR LINEAR LINEAR LINEAR LINEAR LINEAR LINEAR LINEAR LINEAR LINEAR LINEAR
LINEAR LINEAR LINEAR LINEAR</Name_array>
        <technique_common>
          <accessor source="#mixamorig_RightHandThumb2-Interpolations-array" count="39">
            <param type="name"/>
          </accessor>
        </technique_common>
      </source>
      <sampler id="mixamorig_RightHandThumb2-Matrix-animation-transform">
        <input semantic="INPUT" source="#mixamorig_RightHandThumb2-Matrix-animation-input"/>
        <input semantic="OUTPUT" source="#mixamorig_RightHandThumb2-Matrix-animation-output-transform"/>
        <input semantic="INTERPOLATION" source="#mixamorig_RightHandThumb2-Interpolations"/>
      </sampler>
      <channel source="#mixamorig_RightHandThumb2-Matrix-animation-transform" target="mixamorig_RightHandThumb2/matrix"/>
    </animation>
    <animation id="mixamorig_RightHandThumb3-anim" name="mixamorig_RightHandThumb3">
      <source id="mixamorig_RightHandThumb3-Matrix-animation-input">
        <float_array id="mixamorig_RightHandThumb3-Matrix-animation-input-array" count="39">

0.000000 0.033333 0.066667 0.100000 0.133333 0.166667 0.200000 0.233333 0.266667 0.300000 0.333333 0.366667 0.400000 0.433333 0.466667 0.500000
0.533333 0.566667 0.600000 0.633333 0.666667 0.700000 0.733333 0.766667 0.800000 0.833333 0.866667 0.900000 0.933333 0.966667 1.000000 1.033333
1.066667 1.100000 1.133333 1.166667 1.200000 1.233333 1.266667</float_array>
        <technique_common>
          <accessor source="#mixamorig_RightHandThumb3-Matrix-animation-input-array" count="39">
            <param name="TIME" type="float"/>
          </accessor>
        </technique_common>
      </source>
      <source id="mixamorig_RightHandThumb3-Matrix-animation-output-transform">
        <float_array id="mixamorig_RightHandThumb3-Matrix-animation-output-transform-array" count="624">

0.589492 -0.441782 -0.676260 0.000000 -0.025590 0.826556 -0.562273 3.636400 0.807369 0.348761 0.475943 0.000000 0.000000 0.000000 0.000000 1.000000
0.589107 -0.441970 -0.676473 0.000000 -0.025944 0.826385 -0.562507 3.636400 0.807638 0.348927 0.475363 0.000000 0.000000 0.000000 0.000000 1.000000
0.588001 -0.442509 -0.677082 0.000000 -0.026962 0.825894 -0.563180 3.636400 0.808411 0.349406 0.473695 0.000000 0.000000 0.000000 0.000000 1.000000
0.586244 -0.443365 -0.678045 0.000000 -0.028583 0.825113 -0.564244 3.636400 0.809630 0.350165 0.471045 0.000000 0.000000 0.000000 0.000000 1.000000
0.583910 -0.444500 -0.679315 0.000000 -0.030746 0.824073 -0.565648 3.636400 0.811236 0.351173 0.467518 0.000000 0.000000 0.000000 0.000000 1.000000
0.581068 -0.445878 -0.680847 0.000000 -0.033390 0.822805 -0.567341 3.636400 0.813170 0.352397 0.463218 0.000000 0.000000 0.000000 0.000000 1.000000
0.577790 -0.447464 -0.682594 0.000000 -0.036456 0.821339 -0.569274 3.636400 0.815371 0.353805 0.458249 0.000000 0.000000 0.000000 0.000000 1.000000
0.574149 -0.449220 -0.684510 0.000000 -0.039882 0.819705 -0.571396 3.636400 0.817779 0.355366 0.452716 0.000000 0.000000 0.000000 0.000000 1.000000
0.570215 -0.451112 -0.686551 0.000000 -0.043607 0.817933 -0.573658 3.636400 0.820337 0.357047 0.446726 0.000000 0.000000 0.000000 0.000000 1.000000
0.566062 -0.453103 -0.688673 0.000000 -0.047567 0.816056 -0.576012 3.636400 0.822989 0.358817 0.440385 0.000000 0.000000 0.000000 0.000000 1.000000
0.561761 -0.455158 -0.690837 0.000000 -0.051698 0.814105 -0.578411 3.636400 0.825683 0.360643 0.433802 0.000000 0.000000 0.000000 0.000000 1.000000
0.557385 -0.457242 -0.693002 0.000000 -0.055929 0.812112 -0.580815 3.636400 0.828368 0.362496 0.427086 0.000000 0.000000 0.000000 0.000000 1.000000
0.553008 -0.459319 -0.695132 0.000000 -0.060192 0.810111 -0.583179 3.636400 0.830999 0.364344 0.420350 -0.000000 0.000000 0.000000 0.000000 1.000000
0.548701 -0.461356 -0.697192 0.000000 -0.064416 0.808134 -0.585466 3.636400 0.833533 0.366156 0.413706 0.000000 0.000000 0.000000 0.000000 1.000000
0.544541 -0.463319 -0.699150 0.000000 -0.068523 0.806215 -0.587641 3.636400 0.835930 0.367903 0.407269 0.000000 0.000000 0.000000 0.000000 1.000000
0.540599 -0.465172 -0.700976 0.000000 -0.072441 0.804392 -0.589666 3.636400 0.838156 0.369552 0.401156 0.000000 0.000000 0.000000 0.000000 1.000000
0.536659 -0.467019 -0.702773 -0.000000 -0.076379 0.802562 -0.591658 3.636400 0.840335 0.371196 0.395032 0.000000 0.000000 0.000000 0.000000 1.000000
0.532495 -0.468967 -0.704641 0.000000 -0.080569 0.800621 -0.593730 3.636400 0.842590 0.372930 0.388542 0.000000 0.000000 0.000000 0.000000 1.000000
0.528159 -0.470987 -0.706554 0.000000 -0.084959 0.798591 -0.595847 3.636400 0.844885 0.374731 0.381768 0.000000 0.000000 0.000000 0.000000 1.000000
0.523706 -0.473058 -0.708483 -0.000000 -0.089498 0.796497 -0.597982 3.636400 0.847185 0.376574 0.374792 0.000000 0.000000 0.000000 0.000000 1.000000
0.519189 -0.475150 -0.710405 0.000000 -0.094133 0.794365 -0.600102 3.636400 0.849459 0.378439 0.367699 -0.000000 0.000000 0.000000 0.000000 1.000000
0.514665 -0.477240 -0.712294 -0.000000 -0.098807 0.792220 -0.602184 3.636400 0.851679 0.380303 0.360573 0.000000 0.000000 0.000000 0.000000 1.000000
0.510186 -0.479303 -0.714128 0.000000 -0.103464 0.790086 -0.604201 3.636400 0.853818 0.382142 0.353500 0.000000 0.000000 0.000000 0.000000 1.000000
0.505808 -0.481315 -0.715887 0.000000 -0.108046 0.787991 -0.606132 3.636400 0.855853 0.383935 0.346568 0.000000 0.000000 0.000000 0.000000 1.000000
0.501441 -0.483314 -0.717610 0.000000 -0.112645 0.785893 -0.608016 3.636400 0.857827 0.385720 0.339636 0.000000 0.000000 0.000000 0.000000 1.000000
0.497019 -0.485335 -0.719321 -0.000000 -0.117331 0.783758 -0.609882 3.636400 0.859771 0.387522 0.332598 0.000000 0.000000 0.000000 0.000000 1.000000
0.492627 -0.487336 -0.720987 -0.000000 -0.122015 0.781628 -0.611694 3.636400 0.861644 0.389308 0.325589 0.000000 0.000000 0.000000 0.000000 1.000000
0.488351 -0.489280 -0.722578 -0.000000 -0.126603 0.779545 -0.613417 3.636400 0.863415 0.391043 0.318747 0.000000 0.000000 0.000000 0.000000 1.000000
0.484275 -0.491126 -0.724066 -0.000000 -0.131000 0.777552 -0.615022 3.636400 0.865053 0.392693 0.312212 0.000000 0.000000 0.000000 0.000000 1.000000
0.480443 -0.492860 -0.725440 0.000000 -0.135157 0.775670 -0.616497 3.636400 0.866549 0.394240 0.306052 0.000000 0.000000 0.000000 0.000000 1.000000
0.476688 -0.494555 -0.726763 0.000000 -0.139252 0.773818 -0.617912 3.636400 0.867973 0.395754 0.300002 -0.000000 0.000000 0.000000 0.000000 1.000000
0.473048 -0.496194 -0.728022 0.000000 -0.143241 0.772016 -0.619252 3.636400 0.869314 0.397219 0.294125 0.000000 0.000000 0.000000 0.000000 1.000000
0.469609 -0.497740 -0.729193 0.000000 -0.147028 0.770307 -0.620492 3.636400 0.870546 0.398600 0.288561 0.000000 0.000000 0.000000 0.000000 1.000000
0.466454 -0.499156 -0.730249 0.000000 -0.150518 0.768733 -0.621606 3.636400 0.871645 0.399866 0.283447 0.000000 0.000000 0.000000 0.000000 1.000000
0.463665 -0.500406 -0.731169 -0.000000 -0.153614 0.767338 -0.622572 3.636400 0.872592 0.400983 0.278919 0.000000 0.000000 0.000000 0.000000 1.000000
0.461309 -0.501460 -0.731937 -0.000000 -0.156239 0.766155 -0.623374 3.636400 0.873375 0.401925 0.275087 0.000000 0.000000 0.000000 0.000000 1.000000
0.459400 -0.502313 -0.732553 0.000000 -0.158371 0.765196 -0.624014 3.636400 0.873997 0.402687 0.271979 -0.000000 0.000000 0.000000 0.000000 1.000000
0.458112 -0.502888 -0.732965 0.000000 -0.159813 0.764547 -0.624442 3.636400 0.874410 0.403202 0.269880 0.000000 0.000000 0.000000 0.000000 1.000000
0.457639 -0.503099 -0.733115 0.000000 -0.160343 0.764309 -0.624598 3.636400 0.874561 0.403390 0.269110 0.000000 0.000000 0.000000 0.000000 1.000000</float_array>
        <technique_common>
          <accessor source="#mixamorig_RightHandThumb3-Matrix-animation-output-transform-array" count="39" stride="16">
            <param type="float4x4"/>
          </accessor>
        </technique_common>
      </source>
      <source id="mixamorig_RightHandThumb3-Interpolations">
        <Name_array id="mixamorig_RightHandThumb3-Interpolations-array" count="39">
 LINEAR LINEAR LINEAR LINEAR LINEAR LINEAR LINEAR LINEAR LINEAR LINEAR LINEAR
LINEAR LINEAR LINEAR LINEAR LINEAR LINEAR LINEAR LINEAR LINEAR LINEAR LINEAR LINEAR
LINEAR LINEAR LINEAR LINEAR LINEAR LINEAR LINEAR LINEAR LINEAR LINEAR LINEAR LINEAR
LINEAR LINEAR LINEAR LINEAR</Name_array>
        <technique_common>
          <accessor source="#mixamorig_RightHandThumb3-Interpolations-array" count="39">
            <param type="name"/>
          </accessor>
        </technique_common>
      </source>
      <sampler id="mixamorig_RightHandThumb3-Matrix-animation-transform">
        <input semantic="INPUT" source="#mixamorig_RightHandThumb3-Matrix-animation-input"/>
        <input semantic="OUTPUT" source="#mixamorig_RightHandThumb3-Matrix-animation-output-transform"/>
        <input semantic="INTERPOLATION" source="#mixamorig_RightHandThumb3-Interpolations"/>
      </sampler>
      <channel source="#mixamorig_RightHandThumb3-Matrix-animation-transform" target="mixamorig_RightHandThumb3/matrix"/>
    </animation>
    <animation id="mixamorig_RightHandIndex1-anim" name="mixamorig_RightHandIndex1">
      <source id="mixamorig_RightHandIndex1-Matrix-animation-input">
        <float_array id="mixamorig_RightHandIndex1-Matrix-animation-input-array" count="39">

0.000000 0.033333 0.066667 0.100000 0.133333 0.166667 0.200000 0.233333 0.266667 0.300000 0.333333 0.366667 0.400000 0.433333 0.466667 0.500000
0.533333 0.566667 0.600000 0.633333 0.666667 0.700000 0.733333 0.766667 0.800000 0.833333 0.866667 0.900000 0.933333 0.966667 1.000000 1.033333
1.066667 1.100000 1.133333 1.166667 1.200000 1.233333 1.266667</float_array>
        <technique_common>
          <accessor source="#mixamorig_RightHandIndex1-Matrix-animation-input-array" count="39">
            <param name="TIME" type="float"/>
          </accessor>
        </technique_common>
      </source>
      <source id="mixamorig_RightHandIndex1-Matrix-animation-output-transform">
        <float_array id="mixamorig_RightHandIndex1-Matrix-animation-output-transform-array" count="624">

0.988738 0.082880 -0.124609 3.526400 -0.136020 0.150447 -0.979216 14.497500 -0.062410 0.985138 0.160026 1.249000 0.000000 0.000000 0.000000 1.000000
0.988722 0.082943 -0.124694 3.526400 -0.136066 0.149688 -0.979326 14.497500 -0.062563 0.985248 0.159286 1.249000 0.000000 0.000000 0.000000 1.000000
0.988676 0.083123 -0.124939 3.526400 -0.136198 0.147508 -0.979638 14.497500 -0.063001 0.985562 0.157159 1.249000 0.000000 0.000000 0.000000 1.000000
0.988604 0.083408 -0.125325 3.526400 -0.136403 0.144047 -0.980125 14.497500 -0.063697 0.986050 0.153782 1.249000 0.000000 0.000000 0.000000 1.000000
0.988507 0.083785 -0.125836 3.526400 -0.136669 0.139445 -0.980753 14.497500 -0.064625 0.986679 0.149293 1.249000 0.000000 0.000000 0.000000 1.000000
0.988389 0.084240 -0.126455 3.526400 -0.136980 0.133845 -0.981490 14.497500 -0.065756 0.987415 0.143830 1.249000 0.000000 0.000000 0.000000 1.000000
0.988253 0.084763 -0.127162 3.526400 -0.137322 0.127385 -0.982301 14.497500 -0.067064 0.988225 0.137529 1.249000 0.000000 0.000000 0.000000 1.000000
0.988103 0.085339 -0.127942 3.526400 -0.137683 0.120208 -0.983155 14.497500 -0.068522 0.989074 0.130527 1.249000 0.000000 0.000000 0.000000 1.000000
0.987941 0.085956 -0.128776 3.526400 -0.138049 0.112456 -0.984020 14.497500 -0.070101 0.989932 0.122966 1.249000 0.000000 0.000000 0.000000 1.000000
0.987771 0.086601 -0.129648 3.526400 -0.138409 0.104269 -0.984871 14.497500 -0.071773 0.990771 0.114981 1.249000 0.000000 0.000000 0.000000 1.000000
0.987595 0.087264 -0.130541 3.526400 -0.138752 0.095793 -0.985683 14.497500 -0.073509 0.991569 0.106713 1.249000 0.000000 0.000000 0.000000 1.000000
0.987417 0.087931 -0.131439 3.526400 -0.139071 0.087171 -0.986438 14.497500 -0.075281 0.992305 0.098302 1.249000 0.000000 0.000000 0.000000 1.000000
0.987239 0.088593 -0.132328 3.526400 -0.139361 0.078544 -0.987122 14.497500 -0.077058 0.992966 0.089888 1.249000 0.000000 0.000000 0.000000 1.000000
0.987065 0.089238 -0.133192 3.526400 -0.139615 0.070059 -0.987724 14.497500 -0.078811 0.993543 0.081612 1.249000 0.000000 0.000000 0.000000 1.000000
0.986897 0.089855 -0.134017 3.526400 -0.139832 0.061860 -0.988241 14.497500 -0.080508 0.994032 0.073614 1.249000 0.000000 0.000000 0.000000 1.000000
0.986738 0.090436 -0.134792 3.526400 -0.140014 0.054094 -0.988671 14.497500 -0.082120 0.994432 0.066038 1.249000 0.000000 0.000000 0.000000 1.000000
0.986581 0.091012 -0.135557 3.526400 -0.140170 0.046333 -0.989043 14.497500 -0.083734 0.994771 0.058468 1.249000 0.000000 0.000000 0.000000 1.000000
0.986414 0.091616 -0.136358 3.526400 -0.140309 0.038128 -0.989373 14.497500 -0.085443 0.995064 0.050464 1.249000 0.000000 0.000000 0.000000 1.000000
0.986242 0.092239 -0.137182 3.526400 -0.140423 0.029587 -0.989649 14.497500 -0.087226 0.995297 0.042132 1.249000 0.000000 0.000000 0.000000 1.000000
0.986066 0.092875 -0.138018 3.526400 -0.140510 0.020816 -0.989860 14.497500 -0.089060 0.995460 0.033575 1.249000 0.000000 0.000000 0.000000 1.000000
0.985888 0.093513 -0.138855 3.526400 -0.140565 0.011922 -0.990000 14.497500 -0.090923 0.995547 0.024898 1.249000 0.000000 0.000000 0.000000 1.000000
0.985710 0.094147 -0.139683 3.526400 -0.140588 0.003012 -0.990064 14.497500 -0.092791 0.995554 0.016205 1.249000 0.000000 0.000000 0.000000 1.000000
0.985535 0.094771 -0.140493 3.526400 -0.140579 -0.005805 -0.990053 14.497500 -0.094644 0.995482 0.007602 1.249000 0.000000 0.000000 0.000000 1.000000
0.985365 0.095376 -0.141274 3.526400 -0.140539 -0.014423 -0.989970 14.497500 -0.096457 0.995337 -0.000808 1.249000 0.000000 0.000000 0.000000 1.000000
0.985197 0.095973 -0.142044 3.526400 -0.140468 -0.023017 -0.989818 14.497500 -0.098266 0.995118 -0.009195 1.249000 0.000000 0.000000 0.000000 1.000000
0.985027 0.096575 -0.142813 3.526400 -0.140365 -0.031719 -0.989592 14.497500 -0.100099 0.994820 -0.017688 1.249000 0.000000 0.000000 0.000000 1.000000
0.984859 0.097168 -0.143568 3.526400 -0.140232 -0.040359 -0.989296 14.497500 -0.101922 0.994449 -0.026122 1.249000 0.000000 0.000000 0.000000 1.000000
0.984696 0.097741 -0.144293 3.526400 -0.140074 -0.048771 -0.988939 14.497500 -0.103697 0.994016 -0.034333 1.249000 0.000000 0.000000 0.000000 1.000000
0.984542 0.098284 -0.144975 3.526400 -0.139895 -0.056785 -0.988537 14.497500 -0.105389 0.993537 -0.042157 1.249000 0.000000 0.000000 0.000000 1.000000
0.984398 0.098791 -0.145608 3.526400 -0.139702 -0.064317 -0.988103 14.497500 -0.106980 0.993028 -0.049512 1.249000 0.000000 0.000000 0.000000 1.000000
0.984257 0.099285 -0.146222 3.526400 -0.139490 -0.071699 -0.987624 14.497500 -0.108540 0.992473 -0.056721 1.249000 0.000000 0.000000 0.000000 1.000000
0.984121 0.099761 -0.146810 3.526400 -0.139263 -0.078851 -0.987111 14.497500 -0.110051 0.991882 -0.063706 1.249000 0.000000 0.000000 0.000000 1.000000
0.983993 0.100209 -0.147360 3.526400 -0.139029 -0.085607 -0.986581 14.497500 -0.111480 0.991277 -0.070305 1.249000 0.000000 0.000000 0.000000 1.000000
0.983877 0.100618 -0.147858 3.526400 -0.138797 -0.091805 -0.986056 14.497500 -0.112789 0.990680 -0.076359 1.249000 0.000000 0.000000 0.000000 1.000000
0.983774 0.100978 -0.148295 3.526400 -0.138579 -0.097281 -0.985562 14.497500 -0.113946 0.990121 -0.081709 1.249000 0.000000 0.000000 0.000000 1.000000
0.983688 0.101281 -0.148661 3.526400 -0.138386 -0.101907 -0.985122 14.497500 -0.114924 0.989625 -0.086229 1.249000 0.000000 0.000000 0.000000 1.000000
0.983618 0.101526 -0.148955 3.526400 -0.138222 -0.105653 -0.984750 14.497500 -0.115715 0.989207 -0.089889 1.249000 0.000000 0.000000 0.000000 1.000000
0.983571 0.101691 -0.149153 3.526400 -0.138108 -0.108182 -0.984491 14.497500 -0.116249 0.988916 -0.092360 1.249000 0.000000 0.000000 0.000000 1.000000
0.983554 0.101751 -0.149225 3.526400 -0.138065 -0.109109 -0.984395 14.497500 -0.116445 0.988808 -0.093266 1.249000 0.000000 0.000000 0.000000 1.000000</float_array>
        <technique_common>
          <accessor source="#mixamorig_RightHandIndex1-Matrix-animation-output-transform-array" count="39" stride="16">
            <param type="float4x4"/>
          </accessor>
        </technique_common>
      </source>
      <source id="mixamorig_RightHandIndex1-Interpolations">
        <Name_array id="mixamorig_RightHandIndex1-Interpolations-array" count="39">
 LINEAR LINEAR LINEAR LINEAR LINEAR LINEAR LINEAR LINEAR LINEAR LINEAR LINEAR
LINEAR LINEAR LINEAR LINEAR LINEAR LINEAR LINEAR LINEAR LINEAR LINEAR LINEAR LINEAR
LINEAR LINEAR LINEAR LINEAR LINEAR LINEAR LINEAR LINEAR LINEAR LINEAR LINEAR LINEAR
LINEAR LINEAR LINEAR LINEAR</Name_array>
        <technique_common>
          <accessor source="#mixamorig_RightHandIndex1-Interpolations-array" count="39">
            <param type="name"/>
          </accessor>
        </technique_common>
      </source>
      <sampler id="mixamorig_RightHandIndex1-Matrix-animation-transform">
        <input semantic="INPUT" source="#mixamorig_RightHandIndex1-Matrix-animation-input"/>
        <input semantic="OUTPUT" source="#mixamorig_RightHandIndex1-Matrix-animation-output-transform"/>
        <input semantic="INTERPOLATION" source="#mixamorig_RightHandIndex1-Interpolations"/>
      </sampler>
      <channel source="#mixamorig_RightHandIndex1-Matrix-animation-transform" target="mixamorig_RightHandIndex1/matrix"/>
    </animation>
    <animation id="mixamorig_RightHandIndex2-anim" name="mixamorig_RightHandIndex2">
      <source id="mixamorig_RightHandIndex2-Matrix-animation-input">
        <float_array id="mixamorig_RightHandIndex2-Matrix-animation-input-array" count="39">

0.000000 0.033333 0.066667 0.100000 0.133333 0.166667 0.200000 0.233333 0.266667 0.300000 0.333333 0.366667 0.400000 0.433333 0.466667 0.500000
0.533333 0.566667 0.600000 0.633333 0.666667 0.700000 0.733333 0.766667 0.800000 0.833333 0.866667 0.900000 0.933333 0.966667 1.000000 1.033333
1.066667 1.100000 1.133333 1.166667 1.200000 1.233333 1.266667</float_array>
        <technique_common>
          <accessor source="#mixamorig_RightHandIndex2-Matrix-animation-input-array" count="39">
            <param name="TIME" type="float"/>
          </accessor>
        </technique_common>
      </source>
      <source id="mixamorig_RightHandIndex2-Matrix-animation-output-transform">
        <float_array id="mixamorig_RightHandIndex2-Matrix-animation-output-transform-array" count="624">

0.997069 0.029245 -0.070693 0.000000 -0.076503 0.382219 -0.920899 4.509100 0.000089 0.923609 0.383336 0.000000 0.000000 0.000000 0.000000 1.000000
0.997069 0.029208 -0.070708 -0.000000 -0.076503 0.381749 -0.921095 4.509100 0.000089 0.923805 0.382864 0.000000 0.000000 0.000000 0.000000 1.000000
0.997069 0.029105 -0.070750 0.000000 -0.076503 0.380394 -0.921655 4.509100 0.000088 0.924366 0.381506 0.000000 0.000000 0.000000 0.000000 1.000000
0.997069 0.028941 -0.070818 0.000000 -0.076503 0.378244 -0.922539 4.509100 0.000087 0.925253 0.379350 0.000000 0.000000 0.000000 0.000000 1.000000
0.997069 0.028722 -0.070907 0.000000 -0.076504 0.375384 -0.923707 4.509100 0.000086 0.926424 0.376481 -0.000000 0.000000 0.000000 0.000000 1.000000
0.997069 0.028457 -0.071014 -0.000000 -0.076504 0.371900 -0.925115 4.509100 0.000085 0.927837 0.372987 0.000000 0.000000 0.000000 0.000000 1.000000
0.997069 0.028149 -0.071137 0.000000 -0.076504 0.367878 -0.926722 4.509100 0.000083 0.929448 0.368954 0.000000 0.000000 0.000000 0.000000 1.000000
0.997069 0.027809 -0.071271 0.000000 -0.076504 0.363406 -0.928484 4.509100 0.000080 0.931216 0.364468 -0.000000 0.000000 0.000000 0.000000 1.000000
0.997069 0.027439 -0.071414 0.000000 -0.076504 0.358570 -0.930363 4.509100 0.000079 0.933100 0.359618 0.000000 0.000000 0.000000 0.000000 1.000000
0.997069 0.027049 -0.071563 -0.000000 -0.076504 0.353458 -0.932317 4.509100 0.000076 0.935059 0.354491 0.000000 0.000000 0.000000 0.000000 1.000000
0.997069 0.026644 -0.071714 0.000000 -0.076504 0.348157 -0.934309 4.509100 0.000074 0.937057 0.349175 0.000000 0.000000 0.000000 0.000000 1.000000
0.997069 0.026232 -0.071867 0.000000 -0.076504 0.342758 -0.936303 4.509100 0.000072 0.939058 0.343760 0.000000 0.000000 0.000000 0.000000 1.000000
0.997069 0.025819 -0.072016 0.000000 -0.076505 0.337349 -0.938266 4.509100 0.000069 0.941025 0.338336 -0.000000 0.000000 0.000000 0.000000 1.000000
0.997069 0.025413 -0.072161 -0.000000 -0.076505 0.332021 -0.940164 4.509100 0.000066 0.942929 0.332993 0.000000 0.000000 0.000000 0.000000 1.000000
0.997069 0.025019 -0.072298 0.000000 -0.076504 0.326867 -0.941969 4.509100 0.000064 0.944739 0.327823 0.000000 0.000000 0.000000 0.000000 1.000000
0.997069 0.024646 -0.072426 0.000000 -0.076505 0.321975 -0.943652 4.509100 0.000062 0.946427 0.322917 0.000000 0.000000 0.000000 0.000000 1.000000
0.997069 0.024272 -0.072552 0.000000 -0.076504 0.317082 -0.945307 4.509100 0.000060 0.948088 0.318010 -0.000000 0.000000 0.000000 0.000000 1.000000
0.997069 0.023877 -0.072683 -0.000000 -0.076505 0.311901 -0.947029 4.509100 0.000058 0.949815 0.312814 0.000000 0.000000 0.000000 0.000000 1.000000
0.997069 0.023465 -0.072817 -0.000000 -0.076504 0.306499 -0.948792 4.509100 0.000055 0.951582 0.307396 0.000000 0.000000 0.000000 0.000000 1.000000
0.997069 0.023040 -0.072952 0.000000 -0.076504 0.300942 -0.950569 4.509100 0.000053 0.953364 0.301823 0.000000 0.000000 0.000000 0.000000 1.000000
0.997069 0.022609 -0.073086 0.000000 -0.076503 0.295298 -0.952337 4.509100 0.000051 0.955138 0.296162 0.000000 0.000000 0.000000 0.000000 1.000000
0.997069 0.022176 -0.073219 0.000000 -0.076504 0.289634 -0.954075 4.509100 0.000049 0.956880 0.290482 0.000000 0.000000 0.000000 0.000000 1.000000
0.997069 0.021748 -0.073347 0.000000 -0.076503 0.284019 -0.955762 4.509100 0.000046 0.958572 0.284850 -0.000000 0.000000 0.000000 0.000000 1.000000
0.997069 0.021328 -0.073470 0.000000 -0.076503 0.278519 -0.957379 4.509100 0.000044 0.960194 0.279334 0.000000 0.000000 0.000000 0.000000 1.000000
0.997069 0.020909 -0.073589 0.000000 -0.076502 0.273025 -0.958960 4.509100 0.000041 0.961780 0.273824 0.000000 0.000000 0.000000 0.000000 1.000000
0.997069 0.020483 -0.073710 -0.000000 -0.076503 0.267451 -0.960530 4.509100 0.000039 0.963354 0.268234 0.000000 0.000000 0.000000 0.000000 1.000000
0.997069 0.020060 -0.073825 0.000000 -0.076502 0.261905 -0.962057 4.509100 0.000036 0.964885 0.262672 0.000000 0.000000 0.000000 0.000000 1.000000
0.997069 0.019647 -0.073936 0.000000 -0.076501 0.256496 -0.963513 4.509100 0.000034 0.966346 0.257247 -0.000000 0.000000 0.000000 0.000000 1.000000
0.997070 0.019253 -0.074039 -0.000000 -0.076501 0.251332 -0.964873 4.509100 0.000031 0.967709 0.252068 0.000000 0.000000 0.000000 0.000000 1.000000
0.997070 0.018881 -0.074134 0.000000 -0.076501 0.246469 -0.966127 4.509100 0.000030 0.968967 0.247191 0.000000 0.000000 0.000000 0.000000 1.000000
0.997070 0.018517 -0.074225 0.000000 -0.076500 0.241695 -0.967332 4.509100 0.000028 0.970176 0.242403 -0.000000 0.000000 0.000000 0.000000 1.000000
0.997070 0.018163 -0.074312 0.000000 -0.076500 0.237060 -0.968478 4.509100 0.000026 0.971325 0.237755 0.000000 0.000000 0.000000 0.000000 1.000000
0.997070 0.017828 -0.074392 0.000000 -0.076499 0.232675 -0.969541 4.509100 0.000024 0.972391 0.233357 -0.000000 0.000000 0.000000 0.000000 1.000000
0.997070 0.017520 -0.074465 0.000000 -0.076499 0.228645 -0.970499 4.509100 0.000023 0.973352 0.229316 0.000000 0.000000 0.000000 0.000000 1.000000
0.997070 0.017248 -0.074528 0.000000 -0.076498 0.225080 -0.971333 4.509100 0.000021 0.974188 0.225740 0.000000 0.000000 0.000000 0.000000 1.000000
0.997070 0.017018 -0.074581 0.000000 -0.076498 0.222063 -0.972027 4.509100 0.000020 0.974884 0.222714 0.000000 0.000000 0.000000 0.000000 1.000000
0.997070 0.016831 -0.074623 0.000000 -0.076498 0.219617 -0.972582 4.509100 0.000019 0.975441 0.220261 0.000000 0.000000 0.000000 0.000000 1.000000
0.997070 0.016706 -0.074651 0.000000 -0.076497 0.217966 -0.972954 4.509100 0.000018 0.975813 0.218605 0.000000 0.000000 0.000000 0.000000 1.000000
0.997070 0.016659 -0.074661 0.000000 -0.076497 0.217359 -0.973090 4.509100 0.000018 0.975950 0.217996 0.000000 0.000000 0.000000 0.000000 1.000000</float_array>
        <technique_common>
          <accessor source="#mixamorig_RightHandIndex2-Matrix-animation-output-transform-array" count="39" stride="16">
            <param type="float4x4"/>
          </accessor>
        </technique_common>
      </source>
      <source id="mixamorig_RightHandIndex2-Interpolations">
        <Name_array id="mixamorig_RightHandIndex2-Interpolations-array" count="39">
 LINEAR LINEAR LINEAR LINEAR LINEAR LINEAR LINEAR LINEAR LINEAR LINEAR LINEAR
LINEAR LINEAR LINEAR LINEAR LINEAR LINEAR LINEAR LINEAR LINEAR LINEAR LINEAR LINEAR
LINEAR LINEAR LINEAR LINEAR LINEAR LINEAR LINEAR LINEAR LINEAR LINEAR LINEAR LINEAR
LINEAR LINEAR LINEAR LINEAR</Name_array>
        <technique_common>
          <accessor source="#mixamorig_RightHandIndex2-Interpolations-array" count="39">
            <param type="name"/>
          </accessor>
        </technique_common>
      </source>
      <sampler id="mixamorig_RightHandIndex2-Matrix-animation-transform">
        <input semantic="INPUT" source="#mixamorig_RightHandIndex2-Matrix-animation-input"/>
        <input semantic="OUTPUT" source="#mixamorig_RightHandIndex2-Matrix-animation-output-transform"/>
        <input semantic="INTERPOLATION" source="#mixamorig_RightHandIndex2-Interpolations"/>
      </sampler>
      <channel source="#mixamorig_RightHandIndex2-Matrix-animation-transform" target="mixamorig_RightHandIndex2/matrix"/>
    </animation>
    <animation id="mixamorig_RightHandIndex3-anim" name="mixamorig_RightHandIndex3">
      <source id="mixamorig_RightHandIndex3-Matrix-animation-input">
        <float_array id="mixamorig_RightHandIndex3-Matrix-animation-input-array" count="39">

0.000000 0.033333 0.066667 0.100000 0.133333 0.166667 0.200000 0.233333 0.266667 0.300000 0.333333 0.366667 0.400000 0.433333 0.466667 0.500000
0.533333 0.566667 0.600000 0.633333 0.666667 0.700000 0.733333 0.766667 0.800000 0.833333 0.866667 0.900000 0.933333 0.966667 1.000000 1.033333
1.066667 1.100000 1.133333 1.166667 1.200000 1.233333 1.266667</float_array>
        <technique_common>
          <accessor source="#mixamorig_RightHandIndex3-Matrix-animation-input-array" count="39">
            <param name="TIME" type="float"/>
          </accessor>
        </technique_common>
      </source>
      <source id="mixamorig_RightHandIndex3-Matrix-animation-output-transform">
        <float_array id="mixamorig_RightHandIndex3-Matrix-animation-output-transform-array" count="624">

0.999404 -0.034506 -0.000035 0.000000 0.012010 0.348804 -0.937119 2.907200 0.032348 0.936560 0.349011 -0.000000 0.000000 0.000000 0.000000 1.000000
0.999404 -0.034508 -0.000035 0.000000 0.011990 0.348207 -0.937341 2.907200 0.032358 0.936782 0.348414 0.000000 0.000000 0.000000 0.000000 1.000000
0.999404 -0.034514 -0.000035 0.000000 0.011933 0.346490 -0.937978 2.907200 0.032386 0.937419 0.346695 -0.000000 0.000000 0.000000 0.000000 1.000000
0.999404 -0.034523 -0.000036 0.000000 0.011841 0.343761 -0.938982 2.907200 0.032429 0.938422 0.343965 0.000000 0.000000 0.000000 0.000000 1.000000
0.999404 -0.034534 -0.000036 0.000000 0.011719 0.340132 -0.940305 2.907200 0.032485 0.939743 0.340334 0.000000 0.000000 0.000000 0.000000 1.000000
0.999403 -0.034547 -0.000037 -0.000000 0.011570 0.335712 -0.941894 2.907200 0.032552 0.941331 0.335911 -0.000000 0.000000 0.000000 0.000000 1.000000
0.999403 -0.034561 -0.000037 -0.000000 0.011398 0.330608 -0.943699 2.907200 0.032627 0.943135 0.330804 0.000000 0.000000 0.000000 0.000000 1.000000
0.999402 -0.034575 -0.000038 0.000000 0.011205 0.324931 -0.945671 2.907200 0.032709 0.945105 0.325124 0.000000 0.000000 0.000000 0.000000 1.000000
0.999402 -0.034589 -0.000039 -0.000000 0.010996 0.318791 -0.947761 2.907200 0.032794 0.947194 0.318980 0.000000 0.000000 0.000000 0.000000 1.000000
0.999401 -0.034602 -0.000040 -0.000000 0.010774 0.312300 -0.949923 2.907200 0.032882 0.949353 0.312485 0.000000 0.000000 0.000000 0.000000 1.000000
0.999401 -0.034614 -0.000042 0.000000 0.010544 0.305568 -0.952112 2.907200 0.032969 0.951541 0.305749 0.000000 0.000000 0.000000 0.000000 1.000000
0.999400 -0.034624 -0.000043 0.000000 0.010308 0.298709 -0.954288 2.907200 0.033054 0.953716 0.298887 0.000000 0.000000 0.000000 0.000000 1.000000
0.999400 -0.034632 -0.000044 0.000000 0.010071 0.291837 -0.956415 2.907200 0.033136 0.955841 0.292011 0.000000 0.000000 0.000000 0.000000 1.000000
0.999400 -0.034639 -0.000045 0.000000 0.009837 0.285068 -0.958457 2.907200 0.033213 0.957881 0.285238 0.000000 0.000000 0.000000 0.000000 1.000000
0.999400 -0.034644 -0.000047 0.000000 0.009610 0.278518 -0.960383 2.907200 0.033284 0.959806 0.278683 0.000000 0.000000 0.000000 0.000000 1.000000
0.999400 -0.034646 -0.000048 0.000000 0.009393 0.272302 -0.962166 2.907200 0.033349 0.961588 0.272464 0.000000 0.000000 0.000000 0.000000 1.000000
0.999400 -0.034649 -0.000050 0.000000 0.009177 0.266084 -0.963906 2.907200 0.033411 0.963327 0.266242 0.000000 0.000000 0.000000 0.000000 1.000000
0.999400 -0.034649 -0.000052 -0.000000 0.008947 0.259499 -0.965702 2.907200 0.033474 0.965122 0.259653 0.000000 0.000000 0.000000 0.000000 1.000000
0.999400 -0.034647 -0.000054 0.000000 0.008706 0.252634 -0.967523 2.907200 0.033536 0.966941 0.252784 -0.000000 0.000000 0.000000 0.000000 1.000000
0.999400 -0.034643 -0.000056 0.000000 0.008458 0.245571 -0.969342 2.907200 0.033595 0.968759 0.245717 0.000000 0.000000 0.000000 0.000000 1.000000
0.999400 -0.034639 -0.000059 0.000000 0.008206 0.238397 -0.971133 2.907200 0.033653 0.970550 0.238538 0.000000 0.000000 0.000000 0.000000 1.000000
0.999400 -0.034631 -0.000062 -0.000000 0.007951 0.231198 -0.972874 2.907200 0.033706 0.972290 0.231335 -0.000000 0.000000 0.000000 0.000000 1.000000
0.999400 -0.034622 -0.000065 0.000000 0.007699 0.224060 -0.974545 2.907200 0.033756 0.973960 0.224193 0.000000 0.000000 0.000000 0.000000 1.000000
0.999401 -0.034612 -0.000068 0.000000 0.007451 0.217072 -0.976127 2.907200 0.033800 0.975542 0.217199 0.000000 0.000000 0.000000 0.000000 1.000000
0.999401 -0.034600 -0.000071 0.000000 0.007204 0.210090 -0.977655 2.907200 0.033841 0.977070 0.210214 0.000000 0.000000 0.000000 0.000000 1.000000
0.999402 -0.034585 -0.000075 0.000000 0.006952 0.203008 -0.979152 2.907200 0.033879 0.978566 0.203127 0.000000 0.000000 0.000000 0.000000 1.000000
0.999402 -0.034570 -0.000079 0.000000 0.006702 0.195963 -0.980588 2.907200 0.033915 0.980002 0.196078 -0.000000 0.000000 0.000000 0.000000 1.000000
0.999403 -0.034552 -0.000083 -0.000000 0.006456 0.189091 -0.981938 2.907200 0.033944 0.981351 0.189202 0.000000 0.000000 0.000000 0.000000 1.000000
0.999403 -0.034535 -0.000087 0.000000 0.006222 0.182533 -0.983180 2.907200 0.033970 0.982593 0.182639 0.000000 0.000000 0.000000 0.000000 1.000000
0.999404 -0.034517 -0.000091 0.000000 0.006001 0.176358 -0.984308 2.907200 0.033991 0.983721 0.176460 -0.000000 0.000000 0.000000 0.000000 1.000000
0.999405 -0.034498 -0.000095 0.000000 0.005784 0.170295 -0.985376 2.907200 0.034009 0.984789 0.170394 0.000000 0.000000 0.000000 0.000000 1.000000
0.999405 -0.034478 -0.000100 0.000000 0.005574 0.164413 -0.986376 2.907200 0.034025 0.985789 0.164507 0.000000 0.000000 0.000000 0.000000 1.000000
0.999406 -0.034458 -0.000105 0.000000 0.005374 0.158846 -0.987289 2.907200 0.034037 0.986702 0.158937 0.000000 0.000000 0.000000 0.000000 1.000000
0.999407 -0.034439 -0.000109 0.000000 0.005190 0.153733 -0.988099 2.907200 0.034046 0.987512 0.153820 0.000000 0.000000 0.000000 0.000000 1.000000
0.999407 -0.034422 -0.000112 0.000000 0.005028 0.149208 -0.988793 2.907200 0.034053 0.988207 0.149292 0.000000 0.000000 0.000000 0.000000 1.000000
0.999408 -0.034406 -0.000116 0.000000 0.004890 0.145381 -0.989364 2.907200 0.034057 0.988777 0.145463 0.000000 0.000000 0.000000 0.000000 1.000000
0.999408 -0.034393 -0.000119 -0.000000 0.004779 0.142278 -0.989815 2.907200 0.034060 0.989229 0.142359 -0.000000 0.000000 0.000000 0.000000 1.000000
0.999409 -0.034384 -0.000120 -0.000000 0.004704 0.140183 -0.990114 2.907200 0.034061 0.989528 0.140262 0.000000 0.000000 0.000000 0.000000 1.000000
0.999409 -0.034381 -0.000121 0.000000 0.004676 0.139414 -0.990223 2.907200 0.034062 0.989637 0.139493 0.000000 0.000000 0.000000 0.000000 1.000000</float_array>
        <technique_common>
          <accessor source="#mixamorig_RightHandIndex3-Matrix-animation-output-transform-array" count="39" stride="16">
            <param type="float4x4"/>
          </accessor>
        </technique_common>
      </source>
      <source id="mixamorig_RightHandIndex3-Interpolations">
        <Name_array id="mixamorig_RightHandIndex3-Interpolations-array" count="39">
 LINEAR LINEAR LINEAR LINEAR LINEAR LINEAR LINEAR LINEAR LINEAR LINEAR LINEAR
LINEAR LINEAR LINEAR LINEAR LINEAR LINEAR LINEAR LINEAR LINEAR LINEAR LINEAR LINEAR
LINEAR LINEAR LINEAR LINEAR LINEAR LINEAR LINEAR LINEAR LINEAR LINEAR LINEAR LINEAR
LINEAR LINEAR LINEAR LINEAR</Name_array>
        <technique_common>
          <accessor source="#mixamorig_RightHandIndex3-Interpolations-array" count="39">
            <param type="name"/>
          </accessor>
        </technique_common>
      </source>
      <sampler id="mixamorig_RightHandIndex3-Matrix-animation-transform">
        <input semantic="INPUT" source="#mixamorig_RightHandIndex3-Matrix-animation-input"/>
        <input semantic="OUTPUT" source="#mixamorig_RightHandIndex3-Matrix-animation-output-transform"/>
        <input semantic="INTERPOLATION" source="#mixamorig_RightHandIndex3-Interpolations"/>
      </sampler>
      <channel source="#mixamorig_RightHandIndex3-Matrix-animation-transform" target="mixamorig_RightHandIndex3/matrix"/>
    </animation>
    <animation id="mixamorig_RightHandMiddle1-anim" name="mixamorig_RightHandMiddle1">
      <source id="mixamorig_RightHandMiddle1-Matrix-animation-input">
        <float_array id="mixamorig_RightHandMiddle1-Matrix-animation-input-array" count="39">

0.000000 0.033333 0.066667 0.100000 0.133333 0.166667 0.200000 0.233333 0.266667 0.300000 0.333333 0.366667 0.400000 0.433333 0.466667 0.500000
0.533333 0.566667 0.600000 0.633333 0.666667 0.700000 0.733333 0.766667 0.800000 0.833333 0.866667 0.900000 0.933333 0.966667 1.000000 1.033333
1.066667 1.100000 1.133333 1.166667 1.200000 1.233333 1.266667</float_array>
        <technique_common>
          <accessor source="#mixamorig_RightHandMiddle1-Matrix-animation-input-array" count="39">
            <param name="TIME" type="float"/>
          </accessor>
        </technique_common>
      </source>
      <source id="mixamorig_RightHandMiddle1-Matrix-animation-output-transform">
        <float_array id="mixamorig_RightHandMiddle1-Matrix-animation-output-transform-array" count="624">

0.994537 0.092939 0.047534 -0.000000 0.042220 0.058331 -0.997404 15.099700 -0.095470 0.993962 0.054089 0.000000 0.000000 0.000000 0.000000 1.000000
0.994526 0.093037 0.047565 0.000000 0.042318 0.057574 -0.997444 15.099700 -0.095538 0.993997 0.053322 0.000000 0.000000 0.000000 0.000000 1.000000
0.994495 0.093321 0.047654 0.000000 0.042602 0.055400 -0.997555 15.099700 -0.095733 0.994094 0.051119 0.000000 0.000000 0.000000 0.000000 1.000000
0.994446 0.093769 0.047796 0.000000 0.043055 0.051948 -0.997721 15.099700 -0.096039 0.994238 0.047623 0.000000 0.000000 0.000000 0.000000 1.000000
0.994381 0.094364 0.047981 0.000000 0.043658 0.047362 -0.997923 15.099700 -0.096441 0.994411 0.042976 0.000000 0.000000 0.000000 0.000000 1.000000
0.994301 0.095084 0.048207 0.000000 0.044397 0.041782 -0.998140 15.099700 -0.096921 0.994592 0.037323 0.000000 0.000000 0.000000 0.000000 1.000000
0.994209 0.095911 0.048464 0.000000 0.045256 0.035351 -0.998350 15.099700 -0.097466 0.994762 0.030805 0.000000 0.000000 0.000000 0.000000 1.000000
0.994107 0.096823 0.048748 -0.000000 0.046217 0.028209 -0.998533 15.099700 -0.098056 0.994902 0.023568 0.000000 0.000000 0.000000 0.000000 1.000000
0.993996 0.097803 0.049051 0.000000 0.047264 0.020500 -0.998672 15.099700 -0.098679 0.994995 0.015755 0.000000 0.000000 0.000000 0.000000 1.000000
0.993879 0.098830 0.049368 0.000000 0.048380 0.012367 -0.998752 15.099700 -0.099317 0.995028 0.007510 0.000000 0.000000 0.000000 0.000000 1.000000
0.993757 0.099886 0.049692 0.000000 0.049545 0.003951 -0.998764 15.099700 -0.099959 0.994991 -0.001023 0.000000 0.000000 0.000000 0.000000 1.000000
0.993633 0.100953 0.050018 0.000000 0.050741 -0.004604 -0.998701 15.099700 -0.100591 0.994881 -0.009697 0.000000 0.000000 0.000000 0.000000 1.000000
0.993509 0.102012 0.050340 0.000000 0.051947 -0.013156 -0.998563 15.099700 -0.101203 0.994696 -0.018370 0.000000 0.000000 0.000000 0.000000 1.000000
0.993386 0.103045 0.050655 0.000000 0.053145 -0.021561 -0.998354 15.099700 -0.101783 0.994443 -0.026895 0.000000 0.000000 0.000000 0.000000 1.000000
0.993267 0.104037 0.050955 -0.000000 0.054310 -0.029676 -0.998083 15.099700 -0.102325 0.994131 -0.035126 0.000000 0.000000 0.000000 0.000000 1.000000
0.993155 0.104970 0.051236 0.000000 0.055423 -0.037358 -0.997764 15.099700 -0.102821 0.993773 -0.042920 0.000000 0.000000 0.000000 0.000000 1.000000
0.993042 0.105896 0.051515 -0.000000 0.056542 -0.045030 -0.997384 15.099700 -0.103300 0.993357 -0.050704 0.000000 0.000000 0.000000 0.000000 1.000000
0.992923 0.106869 0.051806 0.000000 0.057733 -0.053134 -0.996917 15.099700 -0.103786 0.992852 -0.058928 0.000000 0.000000 0.000000 0.000000 1.000000
0.992798 0.107874 0.052107 -0.000000 0.058983 -0.061564 -0.996359 15.099700 -0.104273 0.992257 -0.067483 -0.000000 0.000000 0.000000 0.000000 1.000000
0.992670 0.108899 0.052412 0.000000 0.060275 -0.070215 -0.995709 15.099700 -0.104751 0.991570 -0.076264 0.000000 0.000000 0.000000 0.000000 1.000000
0.992540 0.109930 0.052719 0.000000 0.061596 -0.078980 -0.994971 15.099700 -0.105214 0.990796 -0.085162 0.000000 0.000000 0.000000 0.000000 1.000000
0.992410 0.110955 0.053023 0.000000 0.062928 -0.087754 -0.994153 15.099700 -0.105653 0.989944 -0.094070 0.000000 0.000000 0.000000 0.000000 1.000000
0.992281 0.111962 0.053321 0.000000 0.064255 -0.096431 -0.993264 15.099700 -0.106066 0.989023 -0.102881 0.000000 0.000000 0.000000 0.000000 1.000000
0.992155 0.112939 0.053611 0.000000 0.065561 -0.104906 -0.992319 15.099700 -0.106447 0.988048 -0.111487 0.000000 0.000000 0.000000 0.000000 1.000000
0.992029 0.113906 0.053896 0.000000 0.066871 -0.113349 -0.991302 15.099700 -0.106806 0.987004 -0.120062 0.000000 0.000000 0.000000 0.000000 1.000000
0.991901 0.114878 0.054182 -0.000000 0.068206 -0.121893 -0.990197 15.099700 -0.107147 0.985873 -0.128741 -0.000000 0.000000 0.000000 0.000000 1.000000
0.991774 0.115836 0.054464 0.000000 0.069540 -0.130371 -0.989024 15.099700 -0.107464 0.984675 -0.137353 0.000000 0.000000 0.000000 0.000000 1.000000
0.991651 0.116761 0.054736 0.000000 0.070846 -0.138618 -0.987809 15.099700 -0.107750 0.983439 -0.145733 0.000000 0.000000 0.000000 0.000000 1.000000
0.991533 0.117637 0.054993 -0.000000 0.072096 -0.146469 -0.986584 15.099700 -0.108004 0.982196 -0.153710 0.000000 0.000000 0.000000 0.000000 1.000000
0.991422 0.118455 0.055234 -0.000000 0.073278 -0.153845 -0.985374 15.099700 -0.108225 0.980969 -0.161205 0.000000 0.000000 0.000000 0.000000 1.000000
0.991314 0.119251 0.055467 0.000000 0.074441 -0.161069 -0.984132 15.099700 -0.108425 0.979712 -0.168547 0.000000 0.000000 0.000000 0.000000 1.000000
0.991208 0.120018 0.055692 0.000000 0.075573 -0.168063 -0.982875 15.099700 -0.108603 0.978443 -0.175655 0.000000 0.000000 0.000000 0.000000 1.000000
0.991109 0.120738 0.055904 0.000000 0.076648 -0.174666 -0.981640 15.099700 -0.108757 0.977197 -0.182367 0.000000 0.000000 0.000000 0.000000 1.000000
0.991018 0.121395 0.056097 0.000000 0.077637 -0.180720 -0.980466 15.099700 -0.108886 0.976014 -0.188521 0.000000 0.000000 0.000000 0.000000 1.000000
0.990937 0.121972 0.056266 0.000000 0.078513 -0.186067 -0.979395 15.099700 -0.108990 0.974937 -0.193957 -0.000000 0.000000 0.000000 0.000000 1.000000
0.990869 0.122458 0.056408 0.000000 0.079255 -0.190581 -0.978467 15.099700 -0.109071 0.974003 -0.198547 -0.000000 0.000000 0.000000 0.000000 1.000000
0.990814 0.122850 0.056524 0.000000 0.079859 -0.194237 -0.977699 15.099700 -0.109131 0.973232 -0.202263 0.000000 0.000000 0.000000 0.000000 1.000000
0.990777 0.123113 0.056601 0.000000 0.080266 -0.196702 -0.977172 15.099700 -0.109169 0.972703 -0.204770 0.000000 0.000000 0.000000 0.000000 1.000000
0.990764 0.123210 0.056629 0.000000 0.080416 -0.197607 -0.976977 15.099700 -0.109183 0.972507 -0.205690 0.000000 0.000000 0.000000 0.000000 1.000000</float_array>
        <technique_common>
          <accessor source="#mixamorig_RightHandMiddle1-Matrix-animation-output-transform-array" count="39" stride="16">
            <param type="float4x4"/>
          </accessor>
        </technique_common>
      </source>
      <source id="mixamorig_RightHandMiddle1-Interpolations">
        <Name_array id="mixamorig_RightHandMiddle1-Interpolations-array" count="39">
 LINEAR LINEAR LINEAR LINEAR LINEAR LINEAR LINEAR LINEAR LINEAR LINEAR LINEAR
LINEAR LINEAR LINEAR LINEAR LINEAR LINEAR LINEAR LINEAR LINEAR LINEAR LINEAR LINEAR
LINEAR LINEAR LINEAR LINEAR LINEAR LINEAR LINEAR LINEAR LINEAR LINEAR LINEAR LINEAR
LINEAR LINEAR LINEAR LINEAR</Name_array>
        <technique_common>
          <accessor source="#mixamorig_RightHandMiddle1-Interpolations-array" count="39">
            <param type="name"/>
          </accessor>
        </technique_common>
      </source>
      <sampler id="mixamorig_RightHandMiddle1-Matrix-animation-transform">
        <input semantic="INPUT" source="#mixamorig_RightHandMiddle1-Matrix-animation-input"/>
        <input semantic="OUTPUT" source="#mixamorig_RightHandMiddle1-Matrix-animation-output-transform"/>
        <input semantic="INTERPOLATION" source="#mixamorig_RightHandMiddle1-Interpolations"/>
      </sampler>
      <channel source="#mixamorig_RightHandMiddle1-Matrix-animation-transform" target="mixamorig_RightHandMiddle1/matrix"/>
    </animation>
    <animation id="mixamorig_RightHandMiddle2-anim" name="mixamorig_RightHandMiddle2">
      <source id="mixamorig_RightHandMiddle2-Matrix-animation-input">
        <float_array id="mixamorig_RightHandMiddle2-Matrix-animation-input-array" count="39">

0.000000 0.033333 0.066667 0.100000 0.133333 0.166667 0.200000 0.233333 0.266667 0.300000 0.333333 0.366667 0.400000 0.433333 0.466667 0.500000
0.533333 0.566667 0.600000 0.633333 0.666667 0.700000 0.733333 0.766667 0.800000 0.833333 0.866667 0.900000 0.933333 0.966667 1.000000 1.033333
1.066667 1.100000 1.133333 1.166667 1.200000 1.233333 1.266667</float_array>
        <technique_common>
          <accessor source="#mixamorig_RightHandMiddle2-Matrix-animation-input-array" count="39">
            <param name="TIME" type="float"/>
          </accessor>
        </technique_common>
      </source>
      <source id="mixamorig_RightHandMiddle2-Matrix-animation-output-transform">
        <float_array id="mixamorig_RightHandMiddle2-Matrix-animation-output-transform-array" count="624">

0.996348 0.020940 -0.082775 -0.000000 -0.085374 0.230842 -0.969239 3.620200 -0.001187 0.972766 0.231786 0.000000 0.000000 0.000000 0.000000 1.000000
0.996348 0.020891 -0.082788 -0.000000 -0.085375 0.230260 -0.969377 3.620200 -0.001188 0.972905 0.231203 0.000000 0.000000 0.000000 0.000000 1.000000
0.996348 0.020749 -0.082824 0.000000 -0.085375 0.228589 -0.969772 3.620200 -0.001190 0.973302 0.229525 0.000000 0.000000 0.000000 0.000000 1.000000
0.996348 0.020525 -0.082880 -0.000000 -0.085376 0.225936 -0.970394 3.620200 -0.001192 0.973926 0.226863 0.000000 0.000000 0.000000 0.000000 1.000000
0.996348 0.020227 -0.082955 0.000000 -0.085377 0.222407 -0.971208 3.620200 -0.001195 0.974744 0.223322 -0.000000 0.000000 0.000000 0.000000 1.000000
0.996348 0.019864 -0.083045 0.000000 -0.085379 0.218112 -0.972182 3.620200 -0.001198 0.975722 0.219011 -0.000000 0.000000 0.000000 0.000000 1.000000
0.996348 0.019445 -0.083146 -0.000000 -0.085381 0.213156 -0.973280 3.620200 -0.001203 0.976825 0.214037 0.000000 0.000000 0.000000 0.000000 1.000000
0.996347 0.018980 -0.083256 -0.000000 -0.085383 0.207648 -0.974470 3.620200 -0.001208 0.978019 0.208511 -0.000000 0.000000 0.000000 0.000000 1.000000
0.996347 0.018477 -0.083371 -0.000000 -0.085386 0.201698 -0.975719 3.620200 -0.001213 0.979274 0.202538 -0.000000 0.000000 0.000000 0.000000 1.000000
0.996347 0.017946 -0.083489 0.000000 -0.085388 0.195411 -0.976997 3.620200 -0.001218 0.980557 0.196229 0.000000 0.000000 0.000000 0.000000 1.000000
0.996347 0.017395 -0.083608 -0.000000 -0.085390 0.188899 -0.978277 3.620200 -0.001224 0.981843 0.189694 -0.000000 0.000000 0.000000 0.000000 1.000000
0.996347 0.016835 -0.083726 -0.000000 -0.085393 0.182270 -0.979533 3.620200 -0.001230 0.983104 0.183042 -0.000000 0.000000 0.000000 0.000000 1.000000
0.996346 0.016274 -0.083839 0.000000 -0.085395 0.175636 -0.980745 3.620200 -0.001236 0.984321 0.176384 -0.000000 0.000000 0.000000 0.000000 1.000000
0.996346 0.015722 -0.083946 0.000000 -0.085397 0.169107 -0.981891 3.620200 -0.001241 0.985472 0.169832 0.000000 0.000000 0.000000 0.000000 1.000000
0.996346 0.015188 -0.084047 0.000000 -0.085399 0.162793 -0.982957 3.620200 -0.001247 0.986543 0.163496 0.000000 0.000000 0.000000 0.000000 1.000000
0.996346 0.014682 -0.084139 -0.000000 -0.085401 0.156810 -0.983929 3.620200 -0.001252 0.987520 0.157491 -0.000000 0.000000 0.000000 0.000000 1.000000
0.996346 0.014176 -0.084228 -0.000000 -0.085403 0.150828 -0.984864 3.620200 -0.001257 0.988458 0.151488 -0.000000 0.000000 0.000000 0.000000 1.000000
0.996345 0.013642 -0.084318 0.000000 -0.085405 0.144500 -0.985812 3.620200 -0.001264 0.989411 0.145137 0.000000 0.000000 0.000000 0.000000 1.000000
0.996345 0.013083 -0.084409 -0.000000 -0.085408 0.137907 -0.986756 3.620200 -0.001269 0.990359 0.138520 0.000000 0.000000 0.000000 0.000000 1.000000
0.996345 0.012510 -0.084498 0.000000 -0.085410 0.131131 -0.987679 3.620200 -0.001276 0.991286 0.131720 0.000000 0.000000 0.000000 0.000000 1.000000
0.996345 0.011928 -0.084584 0.000000 -0.085412 0.124256 -0.988567 3.620200 -0.001282 0.992178 0.124821 0.000000 0.000000 0.000000 0.000000 1.000000
0.996345 0.011345 -0.084667 0.000000 -0.085414 0.117363 -0.989409 3.620200 -0.001288 0.993024 0.117903 -0.000000 0.000000 0.000000 0.000000 1.000000
0.996345 0.010767 -0.084745 0.000000 -0.085416 0.110534 -0.990195 3.620200 -0.001294 0.993814 0.111050 0.000000 0.000000 0.000000 0.000000 1.000000
0.996344 0.010201 -0.084817 0.000000 -0.085418 0.103854 -0.990918 3.620200 -0.001300 0.994540 0.104346 0.000000 0.000000 0.000000 0.000000 1.000000
0.996344 0.009637 -0.084885 0.000000 -0.085420 0.097188 -0.991594 3.620200 -0.001306 0.995219 0.097656 0.000000 0.000000 0.000000 0.000000 1.000000
0.996344 0.009065 -0.084950 0.000000 -0.085422 0.090431 -0.992232 3.620200 -0.001312 0.995861 0.090875 -0.000000 0.000000 0.000000 0.000000 1.000000
0.996344 0.008496 -0.085011 0.000000 -0.085424 0.083715 -0.992821 3.620200 -0.001318 0.996454 0.084135 -0.000000 0.000000 0.000000 0.000000 1.000000
0.996344 0.007942 -0.085066 0.000000 -0.085426 0.077171 -0.993351 3.620200 -0.001325 0.996986 0.077567 -0.000000 0.000000 0.000000 0.000000 1.000000
0.996343 0.007413 -0.085116 -0.000000 -0.085428 0.070929 -0.993816 3.620200 -0.001330 0.997454 0.071303 0.000000 0.000000 0.000000 0.000000 1.000000
0.996343 0.006916 -0.085159 0.000000 -0.085429 0.065057 -0.994218 3.620200 -0.001336 0.997858 0.065410 0.000000 0.000000 0.000000 0.000000 1.000000
0.996343 0.006427 -0.085200 0.000000 -0.085432 0.059296 -0.994578 3.620200 -0.001341 0.998220 0.059628 0.000000 0.000000 0.000000 0.000000 1.000000
0.996343 0.005954 -0.085235 0.000000 -0.085433 0.053711 -0.994895 3.620200 -0.001345 0.998539 0.054023 0.000000 0.000000 0.000000 0.000000 1.000000
0.996343 0.005505 -0.085268 0.000000 -0.085435 0.048428 -0.995166 3.620200 -0.001349 0.998812 0.048721 0.000000 0.000000 0.000000 0.000000 1.000000
0.996343 0.005095 -0.085294 0.000000 -0.085436 0.043579 -0.995390 3.620200 -0.001354 0.999037 0.043854 0.000000 0.000000 0.000000 0.000000 1.000000
0.996343 0.004732 -0.085316 0.000000 -0.085437 0.039290 -0.995569 3.620200 -0.001359 0.999217 0.039550 -0.000000 0.000000 0.000000 0.000000 1.000000
0.996343 0.004425 -0.085333 0.000000 -0.085437 0.035664 -0.995705 3.620200 -0.001363 0.999354 0.035911 0.000000 0.000000 0.000000 0.000000 1.000000
0.996343 0.004176 -0.085347 0.000000 -0.085438 0.032726 -0.995806 3.620200 -0.001366 0.999456 0.032963 0.000000 0.000000 0.000000 0.000000 1.000000
0.996342 0.004008 -0.085356 -0.000000 -0.085439 0.030743 -0.995869 3.620200 -0.001367 0.999519 0.030973 0.000000 0.000000 0.000000 0.000000 1.000000
0.996342 0.003946 -0.085359 0.000000 -0.085439 0.030015 -0.995891 3.620200 -0.001368 0.999542 0.030243 0.000000 0.000000 0.000000 0.000000 1.000000</float_array>
        <technique_common>
          <accessor source="#mixamorig_RightHandMiddle2-Matrix-animation-output-transform-array" count="39" stride="16">
            <param type="float4x4"/>
          </accessor>
        </technique_common>
      </source>
      <source id="mixamorig_RightHandMiddle2-Interpolations">
        <Name_array id="mixamorig_RightHandMiddle2-Interpolations-array" count="39">
 LINEAR LINEAR LINEAR LINEAR LINEAR LINEAR LINEAR LINEAR LINEAR LINEAR LINEAR
LINEAR LINEAR LINEAR LINEAR LINEAR LINEAR LINEAR LINEAR LINEAR LINEAR LINEAR LINEAR
LINEAR LINEAR LINEAR LINEAR LINEAR LINEAR LINEAR LINEAR LINEAR LINEAR LINEAR LINEAR
LINEAR LINEAR LINEAR LINEAR</Name_array>
        <technique_common>
          <accessor source="#mixamorig_RightHandMiddle2-Interpolations-array" count="39">
            <param type="name"/>
          </accessor>
        </technique_common>
      </source>
      <sampler id="mixamorig_RightHandMiddle2-Matrix-animation-transform">
        <input semantic="INPUT" source="#mixamorig_RightHandMiddle2-Matrix-animation-input"/>
        <input semantic="OUTPUT" source="#mixamorig_RightHandMiddle2-Matrix-animation-output-transform"/>
        <input semantic="INTERPOLATION" source="#mixamorig_RightHandMiddle2-Interpolations"/>
      </sampler>
      <channel source="#mixamorig_RightHandMiddle2-Matrix-animation-transform" target="mixamorig_RightHandMiddle2/matrix"/>
    </animation>
    <animation id="mixamorig_RightHandMiddle3-anim" name="mixamorig_RightHandMiddle3">
      <source id="mixamorig_RightHandMiddle3-Matrix-animation-input">
        <float_array id="mixamorig_RightHandMiddle3-Matrix-animation-input-array" count="39">

0.000000 0.033333 0.066667 0.100000 0.133333 0.166667 0.200000 0.233333 0.266667 0.300000 0.333333 0.366667 0.400000 0.433333 0.466667 0.500000
0.533333 0.566667 0.600000 0.633333 0.666667 0.700000 0.733333 0.766667 0.800000 0.833333 0.866667 0.900000 0.933333 0.966667 1.000000 1.033333
1.066667 1.100000 1.133333 1.166667 1.200000 1.233333 1.266667</float_array>
        <technique_common>
          <accessor source="#mixamorig_RightHandMiddle3-Matrix-animation-input-array" count="39">
            <param name="TIME" type="float"/>
          </accessor>
        </technique_common>
      </source>
      <source id="mixamorig_RightHandMiddle3-Matrix-animation-output-transform">
        <float_array id="mixamorig_RightHandMiddle3-Matrix-animation-output-transform-array" count="624">

0.999609 -0.027931 -0.001530 0.000000 0.009396 0.386793 -0.922119 2.832500 0.026347 0.921744 0.386904 0.000000 0.000000 0.000000 0.000000 1.000000
0.999609 -0.027932 -0.001531 -0.000000 0.009382 0.386306 -0.922323 2.832500 0.026354 0.921948 0.386417 0.000000 0.000000 0.000000 0.000000 1.000000
0.999609 -0.027935 -0.001532 0.000000 0.009342 0.384906 -0.922909 2.832500 0.026371 0.922533 0.385016 0.000000 0.000000 0.000000 0.000000 1.000000
0.999608 -0.027941 -0.001535 0.000000 0.009278 0.382682 -0.923834 2.832500 0.026400 0.923458 0.382791 0.000000 0.000000 0.000000 0.000000 1.000000
0.999608 -0.027947 -0.001538 0.000000 0.009193 0.379723 -0.925054 2.832500 0.026437 0.924678 0.379831 0.000000 0.000000 0.000000 0.000000 1.000000
0.999608 -0.027954 -0.001542 0.000000 0.009089 0.376119 -0.926527 2.832500 0.026481 0.926149 0.376226 -0.000000 0.000000 0.000000 0.000000 1.000000
0.999608 -0.027964 -0.001547 0.000000 0.008969 0.371961 -0.928205 2.832500 0.026531 0.927827 0.372065 0.000000 0.000000 0.000000 0.000000 1.000000
0.999608 -0.027972 -0.001552 0.000000 0.008835 0.367334 -0.930047 2.832500 0.026585 0.929668 0.367437 0.000000 0.000000 0.000000 0.000000 1.000000
0.999607 -0.027980 -0.001558 0.000000 0.008690 0.362331 -0.932009 2.832500 0.026642 0.931629 0.362432 0.000000 0.000000 0.000000 0.000000 1.000000
0.999607 -0.027989 -0.001563 0.000000 0.008536 0.357042 -0.934049 2.832500 0.026701 0.933669 0.357141 0.000000 0.000000 0.000000 0.000000 1.000000
0.999607 -0.027996 -0.001570 0.000000 0.008376 0.351558 -0.936129 2.832500 0.026760 0.935747 0.351654 0.000000 0.000000 0.000000 0.000000 1.000000
0.999607 -0.028003 -0.001576 0.000000 0.008213 0.345971 -0.938209 2.832500 0.026818 0.937827 0.346065 0.000000 0.000000 0.000000 0.000000 1.000000
0.999606 -0.028009 -0.001582 0.000000 0.008049 0.340373 -0.940256 2.832500 0.026874 0.939873 0.340465 0.000000 0.000000 0.000000 0.000000 1.000000
0.999606 -0.028013 -0.001590 0.000000 0.007886 0.334859 -0.942235 2.832500 0.026927 0.941852 0.334949 0.000000 0.000000 0.000000 0.000000 1.000000
0.999606 -0.028016 -0.001596 -0.000000 0.007728 0.329524 -0.944116 2.832500 0.026976 0.943732 0.329610 0.000000 0.000000 0.000000 0.000000 1.000000
0.999606 -0.028019 -0.001602 0.000000 0.007579 0.324461 -0.945869 2.832500 0.027022 0.945484 0.324546 0.000000 0.000000 0.000000 0.000000 1.000000
0.999606 -0.028020 -0.001608 0.000000 0.007429 0.319395 -0.947592 2.832500 0.027066 0.947207 0.319478 -0.000000 0.000000 0.000000 0.000000 1.000000
0.999606 -0.028021 -0.001614 0.000000 0.007270 0.314033 -0.949384 2.832500 0.027110 0.948999 0.314113 0.000000 0.000000 0.000000 0.000000 1.000000
0.999606 -0.028021 -0.001621 0.000000 0.007104 0.308440 -0.951217 2.832500 0.027154 0.950831 0.308517 -0.000000 0.000000 0.000000 0.000000 1.000000
0.999606 -0.028020 -0.001628 -0.000000 0.006932 0.302686 -0.953065 2.832500 0.027198 0.952678 0.302761 0.000000 0.000000 0.000000 0.000000 1.000000
0.999606 -0.028018 -0.001636 0.000000 0.006758 0.296842 -0.954903 2.832500 0.027240 0.954516 0.296914 0.000000 0.000000 0.000000 0.000000 1.000000
0.999606 -0.028015 -0.001643 0.000000 0.006582 0.290977 -0.956708 2.832500 0.027281 0.956320 0.291046 0.000000 0.000000 0.000000 0.000000 1.000000
0.999606 -0.028011 -0.001651 -0.000000 0.006408 0.285161 -0.958458 2.832500 0.027318 0.958070 0.285228 0.000000 0.000000 0.000000 0.000000 1.000000
0.999606 -0.028006 -0.001658 0.000000 0.006238 0.279465 -0.960136 2.832500 0.027353 0.959747 0.279529 0.000000 0.000000 0.000000 0.000000 1.000000
0.999607 -0.028000 -0.001665 0.000000 0.006067 0.273775 -0.961775 2.832500 0.027386 0.961386 0.273837 0.000000 0.000000 0.000000 0.000000 1.000000
0.999607 -0.027993 -0.001673 -0.000000 0.005892 0.268002 -0.963400 2.832500 0.027417 0.963012 0.268062 -0.000000 0.000000 0.000000 0.000000 1.000000
0.999607 -0.027985 -0.001681 -0.000000 0.005719 0.262257 -0.964981 2.832500 0.027446 0.964592 0.262314 -0.000000 0.000000 0.000000 0.000000 1.000000
0.999607 -0.027977 -0.001689 0.000000 0.005550 0.256654 -0.966487 2.832500 0.027473 0.966098 0.256709 0.000000 0.000000 0.000000 0.000000 1.000000
0.999607 -0.027967 -0.001696 0.000000 0.005389 0.251305 -0.967893 2.832500 0.027496 0.967504 0.251357 0.000000 0.000000 0.000000 0.000000 1.000000
0.999608 -0.027958 -0.001704 0.000000 0.005236 0.246268 -0.969188 2.832500 0.027516 0.968799 0.246317 0.000000 0.000000 0.000000 0.000000 1.000000
0.999608 -0.027949 -0.001711 0.000000 0.005086 0.241321 -0.970432 2.832500 0.027535 0.970043 0.241369 0.000000 0.000000 0.000000 0.000000 1.000000
0.999608 -0.027938 -0.001718 -0.000000 0.004941 0.236521 -0.971614 2.832500 0.027552 0.971225 0.236566 0.000000 0.000000 0.000000 0.000000 1.000000
0.999608 -0.027928 -0.001726 0.000000 0.004802 0.231977 -0.972709 2.832500 0.027566 0.972320 0.232020 -0.000000 0.000000 0.000000 0.000000 1.000000
0.999609 -0.027917 -0.001731 0.000000 0.004676 0.227802 -0.973696 2.832500 0.027577 0.973307 0.227843 0.000000 0.000000 0.000000 0.000000 1.000000
0.999609 -0.027908 -0.001737 0.000000 0.004563 0.224107 -0.974554 2.832500 0.027587 0.974165 0.224147 0.000000 0.000000 0.000000 0.000000 1.000000
0.999609 -0.027900 -0.001742 0.000000 0.004468 0.220981 -0.975268 2.832500 0.027595 0.974879 0.221020 0.000000 0.000000 0.000000 0.000000 1.000000
0.999609 -0.027894 -0.001746 -0.000000 0.004391 0.218448 -0.975839 2.832500 0.027601 0.975450 0.218485 0.000000 0.000000 0.000000 0.000000 1.000000
0.999610 -0.027888 -0.001749 0.000000 0.004339 0.216736 -0.976221 2.832500 0.027604 0.975832 0.216772 0.000000 0.000000 0.000000 0.000000 1.000000
0.999610 -0.027887 -0.001750 -0.000000 0.004320 0.216107 -0.976360 2.832500 0.027606 0.975971 0.216143 -0.000000 0.000000 0.000000 0.000000 1.000000</float_array>
        <technique_common>
          <accessor source="#mixamorig_RightHandMiddle3-Matrix-animation-output-transform-array" count="39" stride="16">
            <param type="float4x4"/>
          </accessor>
        </technique_common>
      </source>
      <source id="mixamorig_RightHandMiddle3-Interpolations">
        <Name_array id="mixamorig_RightHandMiddle3-Interpolations-array" count="39">
 LINEAR LINEAR LINEAR LINEAR LINEAR LINEAR LINEAR LINEAR LINEAR LINEAR LINEAR
LINEAR LINEAR LINEAR LINEAR LINEAR LINEAR LINEAR LINEAR LINEAR LINEAR LINEAR LINEAR
LINEAR LINEAR LINEAR LINEAR LINEAR LINEAR LINEAR LINEAR LINEAR LINEAR LINEAR LINEAR
LINEAR LINEAR LINEAR LINEAR</Name_array>
        <technique_common>
          <accessor source="#mixamorig_RightHandMiddle3-Interpolations-array" count="39">
            <param type="name"/>
          </accessor>
        </technique_common>
      </source>
      <sampler id="mixamorig_RightHandMiddle3-Matrix-animation-transform">
        <input semantic="INPUT" source="#mixamorig_RightHandMiddle3-Matrix-animation-input"/>
        <input semantic="OUTPUT" source="#mixamorig_RightHandMiddle3-Matrix-animation-output-transform"/>
        <input semantic="INTERPOLATION" source="#mixamorig_RightHandMiddle3-Interpolations"/>
      </sampler>
      <channel source="#mixamorig_RightHandMiddle3-Matrix-animation-transform" target="mixamorig_RightHandMiddle3/matrix"/>
    </animation>
    <animation id="mixamorig_RightHandRing1-anim" name="mixamorig_RightHandRing1">
      <source id="mixamorig_RightHandRing1-Matrix-animation-input">
        <float_array id="mixamorig_RightHandRing1-Matrix-animation-input-array" count="39">

0.000000 0.033333 0.066667 0.100000 0.133333 0.166667 0.200000 0.233333 0.266667 0.300000 0.333333 0.366667 0.400000 0.433333 0.466667 0.500000
0.533333 0.566667 0.600000 0.633333 0.666667 0.700000 0.733333 0.766667 0.800000 0.833333 0.866667 0.900000 0.933333 0.966667 1.000000 1.033333
1.066667 1.100000 1.133333 1.166667 1.200000 1.233333 1.266667</float_array>
        <technique_common>
          <accessor source="#mixamorig_RightHandRing1-Matrix-animation-input-array" count="39">
            <param name="TIME" type="float"/>
          </accessor>
        </technique_common>
      </source>
      <source id="mixamorig_RightHandRing1-Matrix-animation-output-transform">
        <float_array id="mixamorig_RightHandRing1-Matrix-animation-output-transform-array" count="624">

0.994618 0.078614 0.067494 -3.512100 0.068267 -0.007183 -0.997641 15.621700 -0.077944 0.996879 -0.012511 0.773000 0.000000 0.000000 0.000000 1.000000
0.994611 0.078658 0.067538 -3.512100 0.068370 -0.007921 -0.997629 15.621700 -0.077937 0.996870 -0.013256 0.773000 0.000000 0.000000 0.000000 1.000000
0.994592 0.078784 0.067667 -3.512100 0.068666 -0.010040 -0.997589 15.621700 -0.077915 0.996841 -0.015395 0.773000 0.000000 0.000000 0.000000 1.000000
0.994563 0.078982 0.067871 -3.512100 0.069137 -0.013402 -0.997517 15.621700 -0.077877 0.996786 -0.018790 0.773000 0.000000 0.000000 0.000000 1.000000
0.994524 0.079246 0.068140 -3.512100 0.069762 -0.017869 -0.997404 15.621700 -0.077822 0.996695 -0.023299 0.773000 0.000000 0.000000 0.000000 1.000000
0.994476 0.079563 0.068466 -3.512100 0.070521 -0.023302 -0.997238 15.621700 -0.077748 0.996557 -0.028784 0.773000 0.000000 0.000000 0.000000 1.000000
0.994421 0.079926 0.068839 -3.512100 0.071394 -0.029561 -0.997010 15.621700 -0.077652 0.996362 -0.035102 0.773000 0.000000 0.000000 0.000000 1.000000
0.994360 0.080326 0.069250 -3.512100 0.072362 -0.036508 -0.996710 15.621700 -0.077534 0.996100 -0.042115 0.773000 0.000000 0.000000 0.000000 1.000000
0.994295 0.080753 0.069689 -3.512100 0.073406 -0.044005 -0.996331 15.621700 -0.077390 0.995762 -0.049681 0.773000 0.000000 0.000000 0.000000 1.000000
0.994226 0.081198 0.070149 -3.512100 0.074504 -0.051910 -0.995869 15.621700 -0.077221 0.995345 -0.057659 0.773000 0.000000 0.000000 0.000000 1.000000
0.994156 0.081653 0.070620 -3.512100 0.075638 -0.060084 -0.995323 15.621700 -0.077028 0.994848 -0.065909 0.773000 0.000000 0.000000 0.000000 1.000000
0.994084 0.082110 0.071094 -3.512100 0.076787 -0.068391 -0.994699 15.621700 -0.076813 0.994274 -0.074291 0.773000 0.000000 0.000000 0.000000 1.000000
0.994013 0.082561 0.071564 -3.512100 0.077933 -0.076689 -0.994005 15.621700 -0.076578 0.993631 -0.082664 0.773000 0.000000 0.000000 0.000000 1.000000
0.993944 0.082999 0.072022 -3.512100 0.079057 -0.084841 -0.993253 15.621700 -0.076329 0.992932 -0.090888 0.773000 0.000000 0.000000 0.000000 1.000000
0.993877 0.083417 0.072460 -3.512100 0.080138 -0.092707 -0.992463 15.621700 -0.076070 0.992193 -0.098824 0.773000 0.000000 0.000000 0.000000 1.000000
0.993814 0.083808 0.072871 -3.512100 0.081159 -0.100151 -0.991657 15.621700 -0.075810 0.991436 -0.106333 0.773000 0.000000 0.000000 0.000000 1.000000
0.993751 0.084193 0.073278 -3.512100 0.082175 -0.107581 -0.990794 15.621700 -0.075534 0.990625 -0.113827 0.773000 0.000000 0.000000 0.000000 1.000000
0.993686 0.084595 0.073704 -3.512100 0.083244 -0.115426 -0.989822 15.621700 -0.075226 0.989707 -0.121739 0.773000 0.000000 0.000000 0.000000 1.000000
0.993618 0.085008 0.074143 -3.512100 0.084353 -0.123583 -0.988743 15.621700 -0.074888 0.988686 -0.129965 0.773000 0.000000 0.000000 0.000000 1.000000
0.993548 0.085425 0.074592 -3.512100 0.085487 -0.131950 -0.987563 15.621700 -0.074521 0.987569 -0.138402 0.773000 0.000000 0.000000 0.000000 1.000000
0.993479 0.085842 0.075041 -3.512100 0.086632 -0.140422 -0.986294 15.621700 -0.074128 0.986363 -0.146943 0.773000 0.000000 0.000000 0.000000 1.000000
0.993409 0.086254 0.075486 -3.512100 0.087772 -0.148899 -0.984949 15.621700 -0.073716 0.985083 -0.155489 0.773000 0.000000 0.000000 0.000000 1.000000
0.993341 0.086655 0.075924 -3.512100 0.088895 -0.157279 -0.983545 15.621700 -0.073288 0.983745 -0.163935 0.773000 0.000000 0.000000 0.000000 1.000000
0.993275 0.087040 0.076347 -3.512100 0.089987 -0.165459 -0.982103 15.621700 -0.072850 0.982368 -0.172178 0.773000 0.000000 0.000000 0.000000 1.000000
0.993210 0.087419 0.076765 -3.512100 0.091070 -0.173606 -0.980595 15.621700 -0.072396 0.980928 -0.180388 0.773000 0.000000 0.000000 0.000000 1.000000
0.993144 0.087796 0.077185 -3.512100 0.092161 -0.181845 -0.978999 15.621700 -0.071917 0.979400 -0.188689 0.773000 0.000000 0.000000 0.000000 1.000000
0.993079 0.088165 0.077598 -3.512100 0.093238 -0.190017 -0.977343 15.621700 -0.071422 0.977814 -0.196922 0.773000 0.000000 0.000000 0.000000 1.000000
0.993016 0.088517 0.077997 -3.512100 0.094280 -0.197963 -0.975665 15.621700 -0.070923 0.976205 -0.204926 0.773000 0.000000 0.000000 0.000000 1.000000
0.992957 0.088848 0.078373 -3.512100 0.095267 -0.205526 -0.974004 15.621700 -0.070431 0.974610 -0.212542 0.773000 0.000000 0.000000 0.000000 1.000000
0.992902 0.089154 0.078725 -3.512100 0.096191 -0.212625 -0.972388 15.621700 -0.069954 0.973058 -0.219692 0.773000 0.000000 0.000000 0.000000 1.000000
0.992848 0.089450 0.079067 -3.512100 0.097090 -0.219578 -0.970752 15.621700 -0.069473 0.971486 -0.226692 0.773000 0.000000 0.000000 0.000000 1.000000
0.992796 0.089732 0.079396 -3.512100 0.097957 -0.226306 -0.969118 15.621700 -0.068993 0.969914 -0.233466 0.773000 0.000000 0.000000 0.000000 1.000000
0.992748 0.089995 0.079705 -3.512100 0.098771 -0.232657 -0.967530 15.621700 -0.068529 0.968386 -0.239858 0.773000 0.000000 0.000000 0.000000 1.000000
0.992703 0.090233 0.079987 -3.512100 0.099515 -0.238477 -0.966036 15.621700 -0.068093 0.966947 -0.245717 0.773000 0.000000 0.000000 0.000000 1.000000
0.992665 0.090440 0.080235 -3.512100 0.100168 -0.243616 -0.964685 15.621700 -0.067700 0.965646 -0.250888 0.773000 0.000000 0.000000 0.000000 1.000000
0.992632 0.090613 0.080443 -3.512100 0.100718 -0.247954 -0.963522 15.621700 -0.067362 0.964525 -0.255253 0.773000 0.000000 0.000000 0.000000 1.000000
0.992606 0.090752 0.080611 -3.512100 0.101162 -0.251466 -0.962565 15.621700 -0.067084 0.963602 -0.258787 0.773000 0.000000 0.000000 0.000000 1.000000
0.992588 0.090845 0.080724 -3.512100 0.101461 -0.253834 -0.961912 15.621700 -0.066895 0.962972 -0.261170 0.773000 0.000000 0.000000 0.000000 1.000000
0.992581 0.090879 0.080765 -3.512100 0.101570 -0.254703 -0.961670 15.621700 -0.066824 0.962739 -0.262044 0.773000 0.000000 0.000000 0.000000 1.000000</float_array>
        <technique_common>
          <accessor source="#mixamorig_RightHandRing1-Matrix-animation-output-transform-array" count="39" stride="16">
            <param type="float4x4"/>
          </accessor>
        </technique_common>
      </source>
      <source id="mixamorig_RightHandRing1-Interpolations">
        <Name_array id="mixamorig_RightHandRing1-Interpolations-array" count="39">
 LINEAR LINEAR LINEAR LINEAR LINEAR LINEAR LINEAR LINEAR LINEAR LINEAR LINEAR
LINEAR LINEAR LINEAR LINEAR LINEAR LINEAR LINEAR LINEAR LINEAR LINEAR LINEAR LINEAR
LINEAR LINEAR LINEAR LINEAR LINEAR LINEAR LINEAR LINEAR LINEAR LINEAR LINEAR LINEAR
LINEAR LINEAR LINEAR LINEAR</Name_array>
        <technique_common>
          <accessor source="#mixamorig_RightHandRing1-Interpolations-array" count="39">
            <param type="name"/>
          </accessor>
        </technique_common>
      </source>
      <sampler id="mixamorig_RightHandRing1-Matrix-animation-transform">
        <input semantic="INPUT" source="#mixamorig_RightHandRing1-Matrix-animation-input"/>
        <input semantic="OUTPUT" source="#mixamorig_RightHandRing1-Matrix-animation-output-transform"/>
        <input semantic="INTERPOLATION" source="#mixamorig_RightHandRing1-Interpolations"/>
      </sampler>
      <channel source="#mixamorig_RightHandRing1-Matrix-animation-transform" target="mixamorig_RightHandRing1/matrix"/>
    </animation>
    <animation id="mixamorig_RightHandRing2-anim" name="mixamorig_RightHandRing2">
      <source id="mixamorig_RightHandRing2-Matrix-animation-input">
        <float_array id="mixamorig_RightHandRing2-Matrix-animation-input-array" count="39">

0.000000 0.033333 0.066667 0.100000 0.133333 0.166667 0.200000 0.233333 0.266667 0.300000 0.333333 0.366667 0.400000 0.433333 0.466667 0.500000
0.533333 0.566667 0.600000 0.633333 0.666667 0.700000 0.733333 0.766667 0.800000 0.833333 0.866667 0.900000 0.933333 0.966667 1.000000 1.033333
1.066667 1.100000 1.133333 1.166667 1.200000 1.233333 1.266667</float_array>
        <technique_common>
          <accessor source="#mixamorig_RightHandRing2-Matrix-animation-input-array" count="39">
            <param name="TIME" type="float"/>
          </accessor>
        </technique_common>
      </source>
      <source id="mixamorig_RightHandRing2-Matrix-animation-output-transform">
        <float_array id="mixamorig_RightHandRing2-Matrix-animation-output-transform-array" count="624">

0.999747 0.022426 -0.001539 -0.000000 -0.011786 0.464624 -0.885430 2.936000 -0.019142 0.885224 0.464771 0.000000 0.000000 0.000000 0.000000 1.000000
0.999747 0.022427 -0.001540 -0.000000 -0.011779 0.464293 -0.885604 2.936000 -0.019147 0.885398 0.464439 -0.000000 0.000000 0.000000 0.000000 1.000000
0.999747 0.022430 -0.001541 -0.000000 -0.011761 0.463339 -0.886103 2.936000 -0.019161 0.885897 0.463486 -0.000000 0.000000 0.000000 0.000000 1.000000
0.999747 0.022434 -0.001543 0.000000 -0.011732 0.461826 -0.886893 2.936000 -0.019184 0.886687 0.461972 0.000000 0.000000 0.000000 0.000000 1.000000
0.999747 0.022439 -0.001546 0.000000 -0.011693 0.459812 -0.887939 2.936000 -0.019214 0.887733 0.459958 0.000000 0.000000 0.000000 0.000000 1.000000
0.999747 0.022445 -0.001550 0.000000 -0.011647 0.457361 -0.889205 2.936000 -0.019250 0.888998 0.457506 -0.000000 0.000000 0.000000 0.000000 1.000000
0.999747 0.022452 -0.001554 0.000000 -0.011592 0.454531 -0.890655 2.936000 -0.019291 0.890448 0.454676 -0.000000 0.000000 0.000000 0.000000 1.000000
0.999747 0.022460 -0.001558 0.000000 -0.011531 0.451384 -0.892255 2.936000 -0.019337 0.892047 0.451529 0.000000 0.000000 0.000000 0.000000 1.000000
0.999746 0.022468 -0.001563 -0.000000 -0.011466 0.447982 -0.893969 2.936000 -0.019385 0.893760 0.448126 0.000000 0.000000 0.000000 0.000000 1.000000
0.999746 0.022476 -0.001568 0.000000 -0.011396 0.444386 -0.895763 2.936000 -0.019436 0.895553 0.444529 -0.000000 0.000000 0.000000 0.000000 1.000000
0.999746 0.022483 -0.001574 0.000000 -0.011323 0.440658 -0.897604 2.936000 -0.019488 0.897394 0.440800 0.000000 0.000000 0.000000 0.000000 1.000000
0.999746 0.022491 -0.001579 0.000000 -0.011249 0.436860 -0.899459 2.936000 -0.019540 0.899248 0.437002 0.000000 0.000000 0.000000 0.000000 1.000000
0.999746 0.022498 -0.001584 0.000000 -0.011174 0.433056 -0.901298 2.936000 -0.019591 0.901086 0.433198 -0.000000 0.000000 0.000000 0.000000 1.000000
0.999745 0.022505 -0.001590 0.000000 -0.011100 0.429310 -0.903089 2.936000 -0.019641 0.902877 0.429450 0.000000 0.000000 0.000000 0.000000 1.000000
0.999745 0.022510 -0.001595 0.000000 -0.011028 0.425684 -0.904805 2.936000 -0.019688 0.904592 0.425823 0.000000 0.000000 0.000000 0.000000 1.000000
0.999745 0.022516 -0.001599 0.000000 -0.010960 0.422244 -0.906416 2.936000 -0.019734 0.906202 0.422384 -0.000000 0.000000 0.000000 0.000000 1.000000
0.999745 0.022521 -0.001604 -0.000000 -0.010891 0.418803 -0.908012 2.936000 -0.019777 0.907798 0.418942 0.000000 0.000000 0.000000 0.000000 1.000000
0.999745 0.022526 -0.001610 0.000000 -0.010819 0.415161 -0.909684 2.936000 -0.019823 0.909469 0.415298 0.000000 0.000000 0.000000 0.000000 1.000000
0.999745 0.022530 -0.001614 -0.000000 -0.010742 0.411361 -0.911409 2.936000 -0.019870 0.911194 0.411498 -0.000000 0.000000 0.000000 0.000000 1.000000
0.999745 0.022535 -0.001620 0.000000 -0.010664 0.407453 -0.913164 2.936000 -0.019918 0.912948 0.407590 -0.000000 0.000000 0.000000 0.000000 1.000000
0.999745 0.022539 -0.001626 -0.000000 -0.010584 0.403483 -0.914926 2.936000 -0.019965 0.914709 0.403619 0.000000 0.000000 0.000000 0.000000 1.000000
0.999745 0.022542 -0.001631 0.000000 -0.010504 0.399499 -0.916673 2.936000 -0.020012 0.916456 0.399634 0.000000 0.000000 0.000000 0.000000 1.000000
0.999744 0.022545 -0.001637 0.000000 -0.010424 0.395549 -0.918386 2.936000 -0.020058 0.918168 0.395683 0.000000 0.000000 0.000000 0.000000 1.000000
0.999744 0.022548 -0.001642 -0.000000 -0.010345 0.391680 -0.920043 2.936000 -0.020102 0.919825 0.391813 0.000000 0.000000 0.000000 0.000000 1.000000
0.999744 0.022551 -0.001647 -0.000000 -0.010266 0.387814 -0.921680 2.936000 -0.020146 0.921462 0.387946 -0.000000 0.000000 0.000000 0.000000 1.000000
0.999744 0.022553 -0.001652 -0.000000 -0.010186 0.383892 -0.923322 2.936000 -0.020189 0.923103 0.384023 0.000000 0.000000 0.000000 0.000000 1.000000
0.999744 0.022554 -0.001658 0.000000 -0.010106 0.379989 -0.924936 2.936000 -0.020231 0.924716 0.380120 -0.000000 0.000000 0.000000 0.000000 1.000000
0.999744 0.022556 -0.001663 -0.000000 -0.010028 0.376181 -0.926492 2.936000 -0.020272 0.926272 0.376311 0.000000 0.000000 0.000000 0.000000 1.000000
0.999744 0.022556 -0.001667 0.000000 -0.009952 0.372546 -0.927961 2.936000 -0.020310 0.927740 0.372675 0.000000 0.000000 0.000000 0.000000 1.000000
0.999744 0.022556 -0.001672 0.000000 -0.009882 0.369121 -0.929329 2.936000 -0.020345 0.929107 0.369250 0.000000 0.000000 0.000000 0.000000 1.000000
0.999744 0.022556 -0.001676 0.000000 -0.009813 0.365758 -0.930658 2.936000 -0.020379 0.930437 0.365886 0.000000 0.000000 0.000000 0.000000 1.000000
0.999744 0.022557 -0.001681 0.000000 -0.009745 0.362495 -0.931935 2.936000 -0.020412 0.931713 0.362622 -0.000000 0.000000 0.000000 0.000000 1.000000
0.999744 0.022556 -0.001684 0.000000 -0.009681 0.359405 -0.933131 2.936000 -0.020442 0.932909 0.359532 -0.000000 0.000000 0.000000 0.000000 1.000000
0.999744 0.022555 -0.001688 -0.000000 -0.009622 0.356565 -0.934221 2.936000 -0.020470 0.933998 0.356691 -0.000000 0.000000 0.000000 0.000000 1.000000
0.999744 0.022555 -0.001691 0.000000 -0.009569 0.354052 -0.935177 2.936000 -0.020494 0.934954 0.354177 -0.000000 0.000000 0.000000 0.000000 1.000000
0.999744 0.022554 -0.001694 0.000000 -0.009525 0.351925 -0.935980 2.936000 -0.020514 0.935756 0.352050 -0.000000 0.000000 0.000000 0.000000 1.000000
0.999744 0.022553 -0.001696 -0.000000 -0.009489 0.350201 -0.936626 2.936000 -0.020530 0.936403 0.350326 -0.000000 0.000000 0.000000 0.000000 1.000000
0.999744 0.022553 -0.001697 0.000000 -0.009465 0.349036 -0.937061 2.936000 -0.020541 0.936838 0.349161 -0.000000 0.000000 0.000000 0.000000 1.000000
0.999744 0.022552 -0.001698 0.000000 -0.009456 0.348609 -0.937221 2.936000 -0.020545 0.936997 0.348733 0.000000 0.000000 0.000000 0.000000 1.000000</float_array>
        <technique_common>
          <accessor source="#mixamorig_RightHandRing2-Matrix-animation-output-transform-array" count="39" stride="16">
            <param type="float4x4"/>
          </accessor>
        </technique_common>
      </source>
      <source id="mixamorig_RightHandRing2-Interpolations">
        <Name_array id="mixamorig_RightHandRing2-Interpolations-array" count="39">
 LINEAR LINEAR LINEAR LINEAR LINEAR LINEAR LINEAR LINEAR LINEAR LINEAR LINEAR
LINEAR LINEAR LINEAR LINEAR LINEAR LINEAR LINEAR LINEAR LINEAR LINEAR LINEAR LINEAR
LINEAR LINEAR LINEAR LINEAR LINEAR LINEAR LINEAR LINEAR LINEAR LINEAR LINEAR LINEAR
LINEAR LINEAR LINEAR LINEAR</Name_array>
        <technique_common>
          <accessor source="#mixamorig_RightHandRing2-Interpolations-array" count="39">
            <param type="name"/>
          </accessor>
        </technique_common>
      </source>
      <sampler id="mixamorig_RightHandRing2-Matrix-animation-transform">
        <input semantic="INPUT" source="#mixamorig_RightHandRing2-Matrix-animation-input"/>
        <input semantic="OUTPUT" source="#mixamorig_RightHandRing2-Matrix-animation-output-transform"/>
        <input semantic="INTERPOLATION" source="#mixamorig_RightHandRing2-Interpolations"/>
      </sampler>
      <channel source="#mixamorig_RightHandRing2-Matrix-animation-transform" target="mixamorig_RightHandRing2/matrix"/>
    </animation>
    <animation id="mixamorig_RightHandRing3-anim" name="mixamorig_RightHandRing3">
      <source id="mixamorig_RightHandRing3-Matrix-animation-input">
        <float_array id="mixamorig_RightHandRing3-Matrix-animation-input-array" count="39">

0.000000 0.033333 0.066667 0.100000 0.133333 0.166667 0.200000 0.233333 0.266667 0.300000 0.333333 0.366667 0.400000 0.433333 0.466667 0.500000
0.533333 0.566667 0.600000 0.633333 0.666667 0.700000 0.733333 0.766667 0.800000 0.833333 0.866667 0.900000 0.933333 0.966667 1.000000 1.033333
1.066667 1.100000 1.133333 1.166667 1.200000 1.233333 1.266667</float_array>
        <technique_common>
          <accessor source="#mixamorig_RightHandRing3-Matrix-animation-input-array" count="39">
            <param name="TIME" type="float"/>
          </accessor>
        </technique_common>
      </source>
      <source id="mixamorig_RightHandRing3-Matrix-animation-output-transform">
        <float_array id="mixamorig_RightHandRing3-Matrix-animation-output-transform-array" count="624">

0.999784 -0.004480 0.020275 -0.000000 0.020684 0.300567 -0.953536 3.435600 -0.001822 0.953750 0.300595 -0.000000 0.000000 0.000000 0.000000 1.000000
0.999784 -0.004466 0.020278 -0.000000 0.020684 0.299989 -0.953718 3.435600 -0.001824 0.953932 0.300016 0.000000 0.000000 0.000000 0.000000 1.000000
0.999784 -0.004429 0.020286 -0.000000 0.020684 0.298328 -0.954239 3.435600 -0.001826 0.954453 0.298355 0.000000 0.000000 0.000000 0.000000 1.000000
0.999784 -0.004369 0.020298 0.000000 0.020682 0.295690 -0.955060 3.435600 -0.001829 0.955274 0.295717 0.000000 0.000000 0.000000 0.000000 1.000000
0.999784 -0.004289 0.020315 0.000000 0.020681 0.292182 -0.956139 3.435600 -0.001834 0.956353 0.292208 -0.000000 0.000000 0.000000 0.000000 1.000000
0.999784 -0.004193 0.020334 0.000000 0.020680 0.287910 -0.957434 3.435600 -0.001840 0.957648 0.287935 0.000000 0.000000 0.000000 0.000000 1.000000
0.999784 -0.004081 0.020355 0.000000 0.020678 0.282980 -0.958903 3.435600 -0.001847 0.959117 0.283003 0.000000 0.000000 0.000000 0.000000 1.000000
0.999785 -0.003956 0.020379 0.000000 0.020676 0.277498 -0.960504 3.435600 -0.001855 0.960718 0.277520 0.000000 0.000000 0.000000 0.000000 1.000000
0.999785 -0.003822 0.020403 0.000000 0.020674 0.271572 -0.962196 3.435600 -0.001863 0.962411 0.271592 0.000000 0.000000 0.000000 0.000000 1.000000
0.999785 -0.003681 0.020428 0.000000 0.020673 0.265309 -0.963942 3.435600 -0.001872 0.964156 0.265328 0.000000 0.000000 0.000000 0.000000 1.000000
0.999785 -0.003534 0.020453 0.000000 0.020670 0.258817 -0.965705 3.435600 -0.001881 0.965920 0.258835 0.000000 0.000000 0.000000 0.000000 1.000000
0.999785 -0.003385 0.020477 0.000000 0.020669 0.252206 -0.967453 3.435600 -0.001890 0.967668 0.252222 0.000000 0.000000 0.000000 0.000000 1.000000
0.999785 -0.003235 0.020500 0.000000 0.020667 0.245586 -0.969154 3.435600 -0.001900 0.969369 0.245600 0.000000 0.000000 0.000000 0.000000 1.000000
0.999785 -0.003088 0.020522 -0.000000 0.020665 0.239068 -0.970783 3.435600 -0.001909 0.970998 0.239080 0.000000 0.000000 0.000000 0.000000 1.000000
0.999785 -0.002946 0.020542 0.000000 0.020664 0.232763 -0.972314 3.435600 -0.001917 0.972529 0.232773 0.000000 0.000000 0.000000 0.000000 1.000000
0.999785 -0.002811 0.020560 0.000000 0.020662 0.226782 -0.973726 3.435600 -0.001926 0.973941 0.226791 0.000000 0.000000 0.000000 0.000000 1.000000
0.999785 -0.002676 0.020578 0.000000 0.020661 0.220801 -0.975100 3.435600 -0.001934 0.975315 0.220809 0.000000 0.000000 0.000000 0.000000 1.000000
0.999785 -0.002533 0.020596 0.000000 0.020660 0.214471 -0.976512 3.435600 -0.001943 0.976727 0.214477 0.000000 0.000000 0.000000 0.000000 1.000000
0.999785 -0.002385 0.020613 0.000000 0.020658 0.207873 -0.977938 3.435600 -0.001952 0.978153 0.207878 0.000000 0.000000 0.000000 0.000000 1.000000
0.999785 -0.002233 0.020630 0.000000 0.020658 0.201090 -0.979355 3.435600 -0.001961 0.979570 0.201092 0.000000 0.000000 0.000000 0.000000 1.000000
0.999785 -0.002078 0.020646 0.000000 0.020657 0.194201 -0.980744 3.435600 -0.001971 0.980960 0.194202 0.000000 0.000000 0.000000 0.000000 1.000000
0.999785 -0.001923 0.020661 0.000000 0.020655 0.187292 -0.982087 3.435600 -0.001981 0.982302 0.187292 0.000000 0.000000 0.000000 0.000000 1.000000
0.999785 -0.001769 0.020674 0.000000 0.020654 0.180445 -0.983368 3.435600 -0.001991 0.983584 0.180442 0.000000 0.000000 0.000000 0.000000 1.000000
0.999785 -0.001619 0.020686 0.000000 0.020653 0.173742 -0.984575 3.435600 -0.002000 0.984790 0.173738 0.000000 0.000000 0.000000 0.000000 1.000000
0.999785 -0.001470 0.020697 0.000000 0.020652 0.167050 -0.985732 3.435600 -0.002009 0.985947 0.167045 0.000000 0.000000 0.000000 0.000000 1.000000
0.999785 -0.001317 0.020707 0.000000 0.020651 0.160264 -0.986858 3.435600 -0.002019 0.987073 0.160257 0.000000 0.000000 0.000000 0.000000 1.000000
0.999785 -0.001166 0.020717 0.000000 0.020650 0.153515 -0.987930 3.435600 -0.002028 0.988146 0.153507 0.000000 0.000000 0.000000 0.000000 1.000000
0.999785 -0.001020 0.020724 0.000000 0.020649 0.146936 -0.988930 3.435600 -0.002037 0.989145 0.146926 0.000000 0.000000 0.000000 0.000000 1.000000
0.999785 -0.000879 0.020731 0.000000 0.020649 0.140659 -0.989843 3.435600 -0.002046 0.990058 0.140647 0.000000 0.000000 0.000000 0.000000 1.000000
0.999785 -0.000748 0.020736 0.000000 0.020648 0.134750 -0.990664 3.435600 -0.002053 0.990879 0.134736 0.000000 0.000000 0.000000 0.000000 1.000000
0.999785 -0.000618 0.020741 -0.000000 0.020647 0.128951 -0.991436 3.435600 -0.002062 0.991651 0.128936 0.000000 0.000000 0.000000 0.000000 1.000000
0.999785 -0.000492 0.020745 0.000000 0.020647 0.123326 -0.992151 3.435600 -0.002070 0.992366 0.123310 0.000000 0.000000 0.000000 0.000000 1.000000
0.999785 -0.000374 0.020748 0.000000 0.020647 0.118004 -0.992798 3.435600 -0.002077 0.993013 0.117986 0.000000 0.000000 0.000000 0.000000 1.000000
0.999785 -0.000265 0.020750 0.000000 0.020647 0.113116 -0.993367 3.435600 -0.002084 0.993582 0.113097 0.000000 0.000000 0.000000 0.000000 1.000000
0.999785 -0.000169 0.020752 0.000000 0.020647 0.108793 -0.993850 3.435600 -0.002090 0.994064 0.108773 0.000000 0.000000 0.000000 0.000000 1.000000
0.999785 -0.000088 0.020752 0.000000 0.020646 0.105136 -0.994243 3.435600 -0.002095 0.994458 0.105116 0.000000 0.000000 0.000000 0.000000 1.000000
0.999785 -0.000022 0.020753 0.000000 0.020646 0.102173 -0.994552 3.435600 -0.002099 0.994767 0.102151 0.000000 0.000000 0.000000 0.000000 1.000000
0.999785 0.000023 0.020753 -0.000000 0.020646 0.100172 -0.994756 3.435600 -0.002102 0.994970 0.100150 0.000000 0.000000 0.000000 0.000000 1.000000
0.999785 0.000039 0.020753 0.000000 0.020646 0.099438 -0.994830 3.435600 -0.002103 0.995044 0.099415 0.000000 0.000000 0.000000 0.000000 1.000000</float_array>
        <technique_common>
          <accessor source="#mixamorig_RightHandRing3-Matrix-animation-output-transform-array" count="39" stride="16">
            <param type="float4x4"/>
          </accessor>
        </technique_common>
      </source>
      <source id="mixamorig_RightHandRing3-Interpolations">
        <Name_array id="mixamorig_RightHandRing3-Interpolations-array" count="39">
 LINEAR LINEAR LINEAR LINEAR LINEAR LINEAR LINEAR LINEAR LINEAR LINEAR LINEAR
LINEAR LINEAR LINEAR LINEAR LINEAR LINEAR LINEAR LINEAR LINEAR LINEAR LINEAR LINEAR
LINEAR LINEAR LINEAR LINEAR LINEAR LINEAR LINEAR LINEAR LINEAR LINEAR LINEAR LINEAR
LINEAR LINEAR LINEAR LINEAR</Name_array>
        <technique_common>
          <accessor source="#mixamorig_RightHandRing3-Interpolations-array" count="39">
            <param type="name"/>
          </accessor>
        </technique_common>
      </source>
      <sampler id="mixamorig_RightHandRing3-Matrix-animation-transform">
        <input semantic="INPUT" source="#mixamorig_RightHandRing3-Matrix-animation-input"/>
        <input semantic="OUTPUT" source="#mixamorig_RightHandRing3-Matrix-animation-output-transform"/>
        <input semantic="INTERPOLATION" source="#mixamorig_RightHandRing3-Interpolations"/>
      </sampler>
      <channel source="#mixamorig_RightHandRing3-Matrix-animation-transform" target="mixamorig_RightHandRing3/matrix"/>
    </animation>
    <animation id="mixamorig_RightHandPinky1-anim" name="mixamorig_RightHandPinky1">
      <source id="mixamorig_RightHandPinky1-Matrix-animation-input">
        <float_array id="mixamorig_RightHandPinky1-Matrix-animation-input-array" count="39">

0.000000 0.033333 0.066667 0.100000 0.133333 0.166667 0.200000 0.233333 0.266667 0.300000 0.333333 0.366667 0.400000 0.433333 0.466667 0.500000
0.533333 0.566667 0.600000 0.633333 0.666667 0.700000 0.733333 0.766667 0.800000 0.833333 0.866667 0.900000 0.933333 0.966667 1.000000 1.033333
1.066667 1.100000 1.133333 1.166667 1.200000 1.233333 1.266667</float_array>
        <technique_common>
          <accessor source="#mixamorig_RightHandPinky1-Matrix-animation-input-array" count="39">
            <param name="TIME" type="float"/>
          </accessor>
        </technique_common>
      </source>
      <source id="mixamorig_RightHandPinky1-Matrix-animation-output-transform">
        <float_array id="mixamorig_RightHandPinky1-Matrix-animation-output-transform-array" count="624">

0.977785 0.143232 0.153039 -6.433200 0.143732 0.073272 -0.986900 14.089700 -0.152569 0.986973 0.051057 1.001200 0.000000 0.000000 0.000000 1.000000
0.977756 0.143331 0.153135 -6.433200 0.143920 0.072652 -0.986919 14.089700 -0.152581 0.987005 0.050408 1.001200 0.000000 0.000000 0.000000 1.000000
0.977671 0.143613 0.153410 -6.433200 0.144459 0.070869 -0.986970 14.089700 -0.152614 0.987093 0.048541 1.001200 0.000000 0.000000 0.000000 1.000000
0.977537 0.144061 0.153847 -6.433200 0.145315 0.068041 -0.987043 14.089700 -0.152662 0.987227 0.045578 1.001200 0.000000 0.000000 0.000000 1.000000
0.977358 0.144654 0.154423 -6.433200 0.146453 0.064280 -0.987127 14.089700 -0.152718 0.987392 0.041640 1.001200 0.000000 0.000000 0.000000 1.000000
0.977141 0.145372 0.155122 -6.433200 0.147837 0.059707 -0.987208 14.089700 -0.152774 0.987574 0.036851 1.001200 0.000000 0.000000 0.000000 1.000000
0.976891 0.146196 0.155921 -6.433200 0.149432 0.054434 -0.987273 14.089700 -0.152823 0.987757 0.031330 1.001200 0.000000 0.000000 0.000000 1.000000
0.976613 0.147106 0.156804 -6.433200 0.151204 0.048579 -0.987308 14.089700 -0.152857 0.987927 0.025200 1.001200 0.000000 0.000000 0.000000 1.000000
0.976313 0.148082 0.157750 -6.433200 0.153117 0.042259 -0.987304 14.089700 -0.152868 0.988072 0.018584 1.001200 0.000000 0.000000 0.000000 1.000000
0.975996 0.149105 0.158742 -6.433200 0.155136 0.035589 -0.987252 14.089700 -0.152854 0.988181 0.011603 1.001200 0.000000 0.000000 0.000000 1.000000
0.975669 0.150157 0.159759 -6.433200 0.157224 0.028686 -0.987146 14.089700 -0.152810 0.988246 0.004380 1.001200 0.000000 0.000000 0.000000 1.000000
0.975336 0.151219 0.160786 -6.433200 0.159347 0.021668 -0.986985 14.089700 -0.152735 0.988263 -0.002962 1.001200 0.000000 0.000000 0.000000 1.000000
0.975004 0.152272 0.161803 -6.433200 0.161467 0.014652 -0.986769 14.089700 -0.152628 0.988230 -0.010301 1.001200 0.000000 0.000000 0.000000 1.000000
0.974678 0.153299 0.162796 -6.433200 0.163552 0.007754 -0.986504 14.089700 -0.152493 0.988149 -0.017514 1.001200 0.000000 0.000000 0.000000 1.000000
0.974363 0.154285 0.163748 -6.433200 0.165564 0.001093 -0.986199 14.089700 -0.152335 0.988026 -0.024479 1.001200 0.000000 0.000000 0.000000 1.000000
0.974065 0.155212 0.164642 -6.433200 0.167467 -0.005215 -0.985864 14.089700 -0.152159 0.987867 -0.031073 1.001200 0.000000 0.000000 0.000000 1.000000
0.973768 0.156131 0.165529 -6.433200 0.169367 -0.011514 -0.985486 14.089700 -0.151959 0.987669 -0.037656 1.001200 0.000000 0.000000 0.000000 1.000000
0.973454 0.157096 0.166459 -6.433200 0.171373 -0.018173 -0.985039 14.089700 -0.151720 0.987416 -0.044613 1.001200 0.000000 0.000000 0.000000 1.000000
0.973127 0.158093 0.167421 -6.433200 0.173459 -0.025101 -0.984521 14.089700 -0.151443 0.987105 -0.051849 1.001200 0.000000 0.000000 0.000000 1.000000
0.972793 0.159108 0.168400 -6.433200 0.175597 -0.032213 -0.983935 14.089700 -0.151128 0.986735 -0.059276 1.001200 0.000000 0.000000 0.000000 1.000000
0.972455 0.160129 0.169384 -6.433200 0.177762 -0.039422 -0.983284 14.089700 -0.150775 0.986309 -0.066800 1.001200 0.000000 0.000000 0.000000 1.000000
0.972116 0.161143 0.170363 -6.433200 0.179927 -0.046641 -0.982574 14.089700 -0.150389 0.985828 -0.074335 1.001200 0.000000 0.000000 0.000000 1.000000
0.971782 0.162138 0.171323 -6.433200 0.182066 -0.053784 -0.981814 14.089700 -0.149975 0.985301 -0.081786 1.001200 0.000000 0.000000 0.000000 1.000000
0.971455 0.163103 0.172255 -6.433200 0.184153 -0.060763 -0.981018 14.089700 -0.149540 0.984736 -0.089065 1.001200 0.000000 0.000000 0.000000 1.000000
0.971131 0.164056 0.173177 -6.433200 0.186229 -0.067721 -0.980170 14.089700 -0.149075 0.984124 -0.096318 1.001200 0.000000 0.000000 0.000000 1.000000
0.970803 0.165014 0.174103 -6.433200 0.188328 -0.074764 -0.979256 14.089700 -0.148575 0.983453 -0.103658 1.001200 0.000000 0.000000 0.000000 1.000000
0.970478 0.165958 0.175017 -6.433200 0.190408 -0.081758 -0.978295 14.089700 -0.148047 0.982738 -0.110944 1.001200 0.000000 0.000000 0.000000 1.000000
0.970162 0.166869 0.175899 -6.433200 0.192427 -0.088565 -0.977307 14.089700 -0.147503 0.981993 -0.118032 1.001200 0.000000 0.000000 0.000000 1.000000
0.969862 0.167729 0.176733 -6.433200 0.194348 -0.095049 -0.976317 14.089700 -0.146958 0.981240 -0.124782 1.001200 0.000000 0.000000 0.000000 1.000000
0.969580 0.168532 0.177514 -6.433200 0.196150 -0.101143 -0.975344 14.089700 -0.146422 0.980493 -0.131124 1.001200 0.000000 0.000000 0.000000 1.000000
0.969305 0.169313 0.178273 -6.433200 0.197911 -0.107116 -0.974350 14.089700 -0.145874 0.979724 -0.137337 1.001200 0.000000 0.000000 0.000000 1.000000
0.969039 0.170064 0.179004 -6.433200 0.199614 -0.112901 -0.973349 14.089700 -0.145322 0.978944 -0.143353 1.001200 0.000000 0.000000 0.000000 1.000000
0.968787 0.170769 0.179691 -6.433200 0.201220 -0.118368 -0.972368 14.089700 -0.144781 0.978175 -0.149035 1.001200 0.000000 0.000000 0.000000 1.000000
0.968557 0.171411 0.180318 -6.433200 0.202690 -0.123382 -0.971439 14.089700 -0.144267 0.977443 -0.154245 1.001200 0.000000 0.000000 0.000000 1.000000
0.968355 0.171975 0.180870 -6.433200 0.203987 -0.127811 -0.970595 14.089700 -0.143800 0.976775 -0.158847 1.001200 0.000000 0.000000 0.000000 1.000000
0.968184 0.172449 0.181333 -6.433200 0.205080 -0.131555 -0.969864 14.089700 -0.143397 0.976194 -0.162735 1.001200 0.000000 0.000000 0.000000 1.000000
0.968045 0.172831 0.181708 -6.433200 0.205964 -0.134586 -0.969260 14.089700 -0.143063 0.975713 -0.165882 1.001200 0.000000 0.000000 0.000000 1.000000
0.967952 0.173088 0.181960 -6.433200 0.206561 -0.136631 -0.968847 14.089700 -0.142835 0.975383 -0.168005 1.001200 0.000000 0.000000 0.000000 1.000000
0.967918 0.173183 0.182053 -6.433200 0.206780 -0.137381 -0.968694 14.089700 -0.142750 0.975261 -0.168784 1.001200 0.000000 0.000000 0.000000 1.000000</float_array>
        <technique_common>
          <accessor source="#mixamorig_RightHandPinky1-Matrix-animation-output-transform-array" count="39" stride="16">
            <param type="float4x4"/>
          </accessor>
        </technique_common>
      </source>
      <source id="mixamorig_RightHandPinky1-Interpolations">
        <Name_array id="mixamorig_RightHandPinky1-Interpolations-array" count="39">
 LINEAR LINEAR LINEAR LINEAR LINEAR LINEAR LINEAR LINEAR LINEAR LINEAR LINEAR
LINEAR LINEAR LINEAR LINEAR LINEAR LINEAR LINEAR LINEAR LINEAR LINEAR LINEAR LINEAR
LINEAR LINEAR LINEAR LINEAR LINEAR LINEAR LINEAR LINEAR LINEAR LINEAR LINEAR LINEAR
LINEAR LINEAR LINEAR LINEAR</Name_array>
        <technique_common>
          <accessor source="#mixamorig_RightHandPinky1-Interpolations-array" count="39">
            <param type="name"/>
          </accessor>
        </technique_common>
      </source>
      <sampler id="mixamorig_RightHandPinky1-Matrix-animation-transform">
        <input semantic="INPUT" source="#mixamorig_RightHandPinky1-Matrix-animation-input"/>
        <input semantic="OUTPUT" source="#mixamorig_RightHandPinky1-Matrix-animation-output-transform"/>
        <input semantic="INTERPOLATION" source="#mixamorig_RightHandPinky1-Interpolations"/>
      </sampler>
      <channel source="#mixamorig_RightHandPinky1-Matrix-animation-transform" target="mixamorig_RightHandPinky1/matrix"/>
    </animation>
    <animation id="mixamorig_RightHandPinky2-anim" name="mixamorig_RightHandPinky2">
      <source id="mixamorig_RightHandPinky2-Matrix-animation-input">
        <float_array id="mixamorig_RightHandPinky2-Matrix-animation-input-array" count="39">

0.000000 0.033333 0.066667 0.100000 0.133333 0.166667 0.200000 0.233333 0.266667 0.300000 0.333333 0.366667 0.400000 0.433333 0.466667 0.500000
0.533333 0.566667 0.600000 0.633333 0.666667 0.700000 0.733333 0.766667 0.800000 0.833333 0.866667 0.900000 0.933333 0.966667 1.000000 1.033333
1.066667 1.100000 1.133333 1.166667 1.200000 1.233333 1.266667</float_array>
        <technique_common>
          <accessor source="#mixamorig_RightHandPinky2-Matrix-animation-input-array" count="39">
            <param name="TIME" type="float"/>
          </accessor>
        </technique_common>
      </source>
      <source id="mixamorig_RightHandPinky2-Matrix-animation-output-transform">
        <float_array id="mixamorig_RightHandPinky2-Matrix-animation-output-transform-array" count="624">

0.999999 0.001124 -0.000891 0.000000 -0.001164 0.273865 -0.961767 2.474700 -0.000837 0.961767 0.273866 0.000000 0.000000 0.000000 0.000000 1.000000
0.999999 0.001123 -0.000892 0.000000 -0.001165 0.273308 -0.961926 2.474700 -0.000837 0.961926 0.273309 0.000000 0.000000 0.000000 0.000000 1.000000
0.999999 0.001122 -0.000894 0.000000 -0.001165 0.271706 -0.962379 2.474700 -0.000836 0.962380 0.271707 -0.000000 0.000000 0.000000 0.000000 1.000000
0.999999 0.001120 -0.000898 0.000000 -0.001166 0.269165 -0.963094 2.474700 -0.000837 0.963094 0.269166 -0.000000 0.000000 0.000000 0.000000 1.000000
0.999999 0.001119 -0.000903 0.000000 -0.001168 0.265784 -0.964032 2.474700 -0.000838 0.964032 0.265785 0.000000 0.000000 0.000000 0.000000 1.000000
0.999999 0.001116 -0.000909 0.000000 -0.001170 0.261667 -0.965158 2.474700 -0.000839 0.965158 0.261668 0.000000 0.000000 0.000000 0.000000 1.000000
0.999999 0.001114 -0.000916 -0.000000 -0.001172 0.256917 -0.966433 2.474700 -0.000841 0.966433 0.256918 -0.000000 0.000000 0.000000 0.000000 1.000000
0.999999 0.001110 -0.000924 0.000000 -0.001174 0.251638 -0.967821 2.474700 -0.000841 0.967821 0.251639 -0.000000 0.000000 0.000000 0.000000 1.000000
0.999999 0.001107 -0.000933 -0.000000 -0.001176 0.245931 -0.969287 2.474700 -0.000843 0.969287 0.245932 0.000000 0.000000 0.000000 0.000000 1.000000
0.999999 0.001103 -0.000942 -0.000000 -0.001179 0.239902 -0.970796 2.474700 -0.000845 0.970796 0.239903 -0.000000 0.000000 0.000000 0.000000 1.000000
0.999999 0.001099 -0.000951 -0.000000 -0.001181 0.233654 -0.972319 2.474700 -0.000846 0.972319 0.233655 0.000000 0.000000 0.000000 0.000000 1.000000
0.999999 0.001095 -0.000960 0.000000 -0.001184 0.227293 -0.973826 2.474700 -0.000848 0.973826 0.227294 -0.000000 0.000000 0.000000 0.000000 1.000000
0.999999 0.001091 -0.000969 0.000000 -0.001186 0.220926 -0.975290 2.474700 -0.000850 0.975290 0.220927 0.000000 0.000000 0.000000 0.000000 1.000000
0.999999 0.001087 -0.000979 0.000000 -0.001189 0.214656 -0.976689 2.474700 -0.000851 0.976689 0.214657 0.000000 0.000000 0.000000 0.000000 1.000000
0.999999 0.001083 -0.000988 0.000000 -0.001192 0.208594 -0.978002 2.474700 -0.000853 0.978002 0.208595 0.000000 0.000000 0.000000 0.000000 1.000000
0.999999 0.001079 -0.000997 0.000000 -0.001195 0.202846 -0.979210 2.474700 -0.000854 0.979210 0.202847 0.000000 0.000000 0.000000 0.000000 1.000000
0.999999 0.001075 -0.001005 -0.000000 -0.001198 0.197097 -0.980383 2.474700 -0.000856 0.980383 0.197098 0.000000 0.000000 0.000000 0.000000 1.000000
0.999999 0.001071 -0.001015 0.000000 -0.001201 0.191015 -0.981586 2.474700 -0.000857 0.981587 0.191016 0.000000 0.000000 0.000000 0.000000 1.000000
0.999999 0.001067 -0.001023 0.000000 -0.001203 0.184677 -0.982798 2.474700 -0.000859 0.982799 0.184679 0.000000 0.000000 0.000000 0.000000 1.000000
0.999999 0.001062 -0.001033 0.000000 -0.001206 0.178162 -0.984000 2.474700 -0.000861 0.984001 0.178163 0.000000 0.000000 0.000000 0.000000 1.000000
0.999999 0.001058 -0.001043 0.000000 -0.001209 0.171548 -0.985175 2.474700 -0.000863 0.985175 0.171549 -0.000000 0.000000 0.000000 0.000000 1.000000
0.999999 0.001054 -0.001053 0.000000 -0.001212 0.164916 -0.986307 2.474700 -0.000866 0.986307 0.164917 0.000000 0.000000 0.000000 0.000000 1.000000
0.999999 0.001048 -0.001063 0.000000 -0.001215 0.158343 -0.987383 2.474700 -0.000867 0.987384 0.158345 0.000000 0.000000 0.000000 0.000000 1.000000
0.999999 0.001044 -0.001072 0.000000 -0.001218 0.151913 -0.988393 2.474700 -0.000869 0.988393 0.151914 -0.000000 0.000000 0.000000 0.000000 1.000000
0.999999 0.001040 -0.001082 0.000000 -0.001221 0.145492 -0.989359 2.474700 -0.000871 0.989359 0.145493 0.000000 0.000000 0.000000 0.000000 1.000000
0.999999 0.001035 -0.001091 0.000000 -0.001225 0.138984 -0.990294 2.474700 -0.000873 0.990294 0.138985 0.000000 0.000000 0.000000 0.000000 1.000000
0.999999 0.001030 -0.001101 0.000000 -0.001227 0.132512 -0.991181 2.474700 -0.000875 0.991181 0.132513 0.000000 0.000000 0.000000 0.000000 1.000000
0.999999 0.001026 -0.001110 0.000000 -0.001230 0.126203 -0.992004 2.474700 -0.000877 0.992004 0.126204 -0.000000 0.000000 0.000000 0.000000 1.000000
0.999999 0.001021 -0.001119 0.000000 -0.001233 0.120185 -0.992751 2.474700 -0.000880 0.992751 0.120186 0.000000 0.000000 0.000000 0.000000 1.000000
0.999999 0.001017 -0.001127 0.000000 -0.001236 0.114521 -0.993420 2.474700 -0.000881 0.993420 0.114522 -0.000000 0.000000 0.000000 0.000000 1.000000
0.999999 0.001013 -0.001135 0.000000 -0.001239 0.108964 -0.994045 2.474700 -0.000883 0.994045 0.108965 -0.000000 0.000000 0.000000 0.000000 1.000000
0.999999 0.001009 -0.001144 0.000000 -0.001242 0.103574 -0.994621 2.474700 -0.000885 0.994621 0.103575 0.000000 0.000000 0.000000 0.000000 1.000000
0.999999 0.001004 -0.001151 0.000000 -0.001244 0.098475 -0.995139 2.474700 -0.000886 0.995139 0.098476 0.000000 0.000000 0.000000 0.000000 1.000000
0.999999 0.001001 -0.001158 0.000000 -0.001247 0.093793 -0.995591 2.474700 -0.000888 0.995591 0.093794 0.000000 0.000000 0.000000 0.000000 1.000000
0.999999 0.000997 -0.001164 -0.000000 -0.001249 0.089652 -0.995972 2.474700 -0.000889 0.995973 0.089654 -0.000000 0.000000 0.000000 0.000000 1.000000
0.999999 0.000995 -0.001169 0.000000 -0.001250 0.086150 -0.996281 2.474700 -0.000891 0.996282 0.086151 0.000000 0.000000 0.000000 0.000000 1.000000
0.999999 0.000993 -0.001173 0.000000 -0.001252 0.083311 -0.996523 2.474700 -0.000892 0.996523 0.083313 0.000000 0.000000 0.000000 0.000000 1.000000
0.999999 0.000992 -0.001176 0.000000 -0.001253 0.081396 -0.996681 2.474700 -0.000893 0.996681 0.081397 0.000000 0.000000 0.000000 0.000000 1.000000
0.999999 0.000991 -0.001177 -0.000000 -0.001253 0.080692 -0.996738 2.474700 -0.000893 0.996739 0.080693 0.000000 0.000000 0.000000 0.000000 1.000000</float_array>
        <technique_common>
          <accessor source="#mixamorig_RightHandPinky2-Matrix-animation-output-transform-array" count="39" stride="16">
            <param type="float4x4"/>
          </accessor>
        </technique_common>
      </source>
      <source id="mixamorig_RightHandPinky2-Interpolations">
        <Name_array id="mixamorig_RightHandPinky2-Interpolations-array" count="39">
 LINEAR LINEAR LINEAR LINEAR LINEAR LINEAR LINEAR LINEAR LINEAR LINEAR LINEAR
LINEAR LINEAR LINEAR LINEAR LINEAR LINEAR LINEAR LINEAR LINEAR LINEAR LINEAR LINEAR
LINEAR LINEAR LINEAR LINEAR LINEAR LINEAR LINEAR LINEAR LINEAR LINEAR LINEAR LINEAR
LINEAR LINEAR LINEAR LINEAR</Name_array>
        <technique_common>
          <accessor source="#mixamorig_RightHandPinky2-Interpolations-array" count="39">
            <param type="name"/>
          </accessor>
        </technique_common>
      </source>
      <sampler id="mixamorig_RightHandPinky2-Matrix-animation-transform">
        <input semantic="INPUT" source="#mixamorig_RightHandPinky2-Matrix-animation-input"/>
        <input semantic="OUTPUT" source="#mixamorig_RightHandPinky2-Matrix-animation-output-transform"/>
        <input semantic="INTERPOLATION" source="#mixamorig_RightHandPinky2-Interpolations"/>
      </sampler>
      <channel source="#mixamorig_RightHandPinky2-Matrix-animation-transform" target="mixamorig_RightHandPinky2/matrix"/>
    </animation>
    <animation id="mixamorig_RightHandPinky3-anim" name="mixamorig_RightHandPinky3">
      <source id="mixamorig_RightHandPinky3-Matrix-animation-input">
        <float_array id="mixamorig_RightHandPinky3-Matrix-animation-input-array" count="39">

0.000000 0.033333 0.066667 0.100000 0.133333 0.166667 0.200000 0.233333 0.266667 0.300000 0.333333 0.366667 0.400000 0.433333 0.466667 0.500000
0.533333 0.566667 0.600000 0.633333 0.666667 0.700000 0.733333 0.766667 0.800000 0.833333 0.866667 0.900000 0.933333 0.966667 1.000000 1.033333
1.066667 1.100000 1.133333 1.166667 1.200000 1.233333 1.266667</float_array>
        <technique_common>
          <accessor source="#mixamorig_RightHandPinky3-Matrix-animation-input-array" count="39">
            <param name="TIME" type="float"/>
          </accessor>
        </technique_common>
      </source>
      <source id="mixamorig_RightHandPinky3-Matrix-animation-output-transform">
        <float_array id="mixamorig_RightHandPinky3-Matrix-animation-output-transform-array" count="624">

1.000000 0.000839 -0.000461 0.000000 -0.000901 0.661981 -0.749520 2.073800 -0.000324 0.749520 0.661982 -0.000000 0.000000 0.000000 0.000000 1.000000
1.000000 0.000839 -0.000461 0.000000 -0.000901 0.661736 -0.749736 2.073800 -0.000324 0.749736 0.661737 0.000000 0.000000 0.000000 0.000000 1.000000
1.000000 0.000839 -0.000462 0.000000 -0.000902 0.661032 -0.750357 2.073800 -0.000324 0.750357 0.661032 -0.000000 0.000000 0.000000 0.000000 1.000000
1.000000 0.000841 -0.000463 -0.000000 -0.000903 0.659912 -0.751343 2.073800 -0.000326 0.751343 0.659912 0.000000 0.000000 0.000000 0.000000 1.000000
1.000000 0.000843 -0.000465 -0.000000 -0.000905 0.658422 -0.752649 2.073800 -0.000328 0.752649 0.658422 0.000000 0.000000 0.000000 0.000000 1.000000
1.000000 0.000845 -0.000467 -0.000000 -0.000907 0.656606 -0.754233 2.073800 -0.000331 0.754233 0.656607 0.000000 0.000000 0.000000 0.000000 1.000000
1.000000 0.000847 -0.000469 0.000000 -0.000909 0.654509 -0.756053 2.073800 -0.000333 0.756054 0.654510 0.000000 0.000000 0.000000 0.000000 1.000000
1.000000 0.000849 -0.000472 0.000000 -0.000912 0.652175 -0.758068 2.073800 -0.000336 0.758068 0.652176 0.000000 0.000000 0.000000 0.000000 1.000000
1.000000 0.000852 -0.000475 0.000000 -0.000914 0.649650 -0.760233 2.073800 -0.000339 0.760233 0.649650 0.000000 0.000000 0.000000 0.000000 1.000000
1.000000 0.000855 -0.000477 0.000000 -0.000917 0.646977 -0.762509 2.073800 -0.000343 0.762509 0.646978 0.000000 0.000000 0.000000 0.000000 1.000000
1.000000 0.000858 -0.000481 0.000000 -0.000921 0.644204 -0.764853 2.073800 -0.000347 0.764853 0.644205 0.000000 0.000000 0.000000 0.000000 1.000000
1.000000 0.000861 -0.000484 -0.000000 -0.000923 0.641377 -0.767225 2.073800 -0.000350 0.767225 0.641377 0.000000 0.000000 0.000000 0.000000 1.000000
1.000000 0.000864 -0.000487 0.000000 -0.000927 0.638541 -0.769587 2.073800 -0.000354 0.769587 0.638542 0.000000 0.000000 0.000000 0.000000 1.000000
1.000000 0.000867 -0.000490 -0.000000 -0.000929 0.635746 -0.771898 2.073800 -0.000358 0.771898 0.635747 0.000000 0.000000 0.000000 0.000000 1.000000
0.999999 0.000870 -0.000493 -0.000000 -0.000933 0.633038 -0.774120 2.073800 -0.000361 0.774120 0.633039 0.000000 0.000000 0.000000 0.000000 1.000000
0.999999 0.000873 -0.000496 -0.000000 -0.000936 0.630467 -0.776215 2.073800 -0.000365 0.776215 0.630468 0.000000 0.000000 0.000000 0.000000 1.000000
0.999999 0.000875 -0.000499 -0.000000 -0.000938 0.627893 -0.778299 2.073800 -0.000368 0.778300 0.627893 0.000000 0.000000 0.000000 0.000000 1.000000
0.999999 0.000878 -0.000503 0.000000 -0.000941 0.625164 -0.780493 2.073800 -0.000371 0.780493 0.625164 0.000000 0.000000 0.000000 0.000000 1.000000
0.999999 0.000881 -0.000505 0.000000 -0.000944 0.622316 -0.782766 2.073800 -0.000375 0.782766 0.622316 -0.000000 0.000000 0.000000 0.000000 1.000000
0.999999 0.000884 -0.000509 0.000000 -0.000947 0.619382 -0.785089 2.073800 -0.000379 0.785089 0.619383 0.000000 0.000000 0.000000 0.000000 1.000000
0.999999 0.000887 -0.000512 0.000000 -0.000950 0.616400 -0.787432 2.073800 -0.000382 0.787432 0.616401 0.000000 0.000000 0.000000 0.000000 1.000000
0.999999 0.000890 -0.000515 0.000000 -0.000953 0.613404 -0.789769 2.073800 -0.000387 0.789769 0.613405 0.000000 0.000000 0.000000 0.000000 1.000000
0.999999 0.000893 -0.000519 -0.000000 -0.000956 0.610430 -0.792070 2.073800 -0.000391 0.792070 0.610431 0.000000 0.000000 0.000000 0.000000 1.000000
0.999999 0.000895 -0.000522 0.000000 -0.000959 0.607514 -0.794308 2.073800 -0.000394 0.794308 0.607515 0.000000 0.000000 0.000000 0.000000 1.000000
0.999999 0.000899 -0.000525 0.000000 -0.000961 0.604598 -0.796530 2.073800 -0.000398 0.796530 0.604599 0.000000 0.000000 0.000000 0.000000 1.000000
0.999999 0.000901 -0.000529 -0.000000 -0.000964 0.601636 -0.798770 2.073800 -0.000401 0.798770 0.601636 -0.000000 0.000000 0.000000 0.000000 1.000000
0.999999 0.000904 -0.000532 0.000000 -0.000967 0.598686 -0.800983 2.073800 -0.000405 0.800983 0.598686 0.000000 0.000000 0.000000 0.000000 1.000000
0.999999 0.000907 -0.000535 0.000000 -0.000970 0.595804 -0.803129 2.073800 -0.000409 0.803129 0.595805 0.000000 0.000000 0.000000 0.000000 1.000000
0.999999 0.000909 -0.000539 0.000000 -0.000973 0.593051 -0.805165 2.073800 -0.000413 0.805165 0.593051 0.000000 0.000000 0.000000 0.000000 1.000000
0.999999 0.000912 -0.000541 0.000000 -0.000975 0.590455 -0.807070 2.073800 -0.000416 0.807070 0.590456 -0.000000 0.000000 0.000000 0.000000 1.000000
0.999999 0.000914 -0.000544 -0.000000 -0.000978 0.587903 -0.808931 2.073800 -0.000420 0.808931 0.587904 0.000000 0.000000 0.000000 0.000000 1.000000
0.999999 0.000917 -0.000547 0.000000 -0.000980 0.585424 -0.810727 2.073800 -0.000424 0.810727 0.585425 0.000000 0.000000 0.000000 0.000000 1.000000
0.999999 0.000919 -0.000549 0.000000 -0.000982 0.583076 -0.812417 2.073800 -0.000426 0.812417 0.583076 0.000000 0.000000 0.000000 0.000000 1.000000
0.999999 0.000921 -0.000552 0.000000 -0.000984 0.580915 -0.813963 2.073800 -0.000429 0.813963 0.580916 0.000000 0.000000 0.000000 0.000000 1.000000
0.999999 0.000923 -0.000554 0.000000 -0.000986 0.579002 -0.815325 2.073800 -0.000432 0.815325 0.579003 0.000000 0.000000 0.000000 0.000000 1.000000
0.999999 0.000924 -0.000556 -0.000000 -0.000988 0.577383 -0.816473 2.073800 -0.000433 0.816473 0.577383 0.000000 0.000000 0.000000 0.000000 1.000000
0.999999 0.000925 -0.000557 -0.000000 -0.000988 0.576069 -0.817400 2.073800 -0.000435 0.817401 0.576070 0.000000 0.000000 0.000000 0.000000 1.000000
0.999999 0.000926 -0.000558 0.000000 -0.000989 0.575181 -0.818025 2.073800 -0.000436 0.818025 0.575182 0.000000 0.000000 0.000000 0.000000 1.000000
0.999999 0.000926 -0.000559 0.000000 -0.000990 0.574855 -0.818255 2.073800 -0.000437 0.818255 0.574856 -0.000000 0.000000 0.000000 0.000000 1.000000</float_array>
        <technique_common>
          <accessor source="#mixamorig_RightHandPinky3-Matrix-animation-output-transform-array" count="39" stride="16">
            <param type="float4x4"/>
          </accessor>
        </technique_common>
      </source>
      <source id="mixamorig_RightHandPinky3-Interpolations">
        <Name_array id="mixamorig_RightHandPinky3-Interpolations-array" count="39">
 LINEAR LINEAR LINEAR LINEAR LINEAR LINEAR LINEAR LINEAR LINEAR LINEAR LINEAR
LINEAR LINEAR LINEAR LINEAR LINEAR LINEAR LINEAR LINEAR LINEAR LINEAR LINEAR LINEAR
LINEAR LINEAR LINEAR LINEAR LINEAR LINEAR LINEAR LINEAR LINEAR LINEAR LINEAR LINEAR
LINEAR LINEAR LINEAR LINEAR</Name_array>
        <technique_common>
          <accessor source="#mixamorig_RightHandPinky3-Interpolations-array" count="39">
            <param type="name"/>
          </accessor>
        </technique_common>
      </source>
      <sampler id="mixamorig_RightHandPinky3-Matrix-animation-transform">
        <input semantic="INPUT" source="#mixamorig_RightHandPinky3-Matrix-animation-input"/>
        <input semantic="OUTPUT" source="#mixamorig_RightHandPinky3-Matrix-animation-output-transform"/>
        <input semantic="INTERPOLATION" source="#mixamorig_RightHandPinky3-Interpolations"/>
      </sampler>
      <channel source="#mixamorig_RightHandPinky3-Matrix-animation-transform" target="mixamorig_RightHandPinky3/matrix"/>
    </animation>
    <animation id="mixamorig_LeftUpLeg-anim" name="mixamorig_LeftUpLeg">
      <source id="mixamorig_LeftUpLeg-Matrix-animation-input">
        <float_array id="mixamorig_LeftUpLeg-Matrix-animation-input-array" count="39">

0.000000 0.033333 0.066667 0.100000 0.133333 0.166667 0.200000 0.233333 0.266667 0.300000 0.333333 0.366667 0.400000 0.433333 0.466667 0.500000
0.533333 0.566667 0.600000 0.633333 0.666667 0.700000 0.733333 0.766667 0.800000 0.833333 0.866667 0.900000 0.933333 0.966667 1.000000 1.033333
1.066667 1.100000 1.133333 1.166667 1.200000 1.233333 1.266667</float_array>
        <technique_common>
          <accessor source="#mixamorig_LeftUpLeg-Matrix-animation-input-array" count="39">
            <param name="TIME" type="float"/>
          </accessor>
        </technique_common>
      </source>
      <source id="mixamorig_LeftUpLeg-Matrix-animation-output-transform">
        <float_array id="mixamorig_LeftUpLeg-Matrix-animation-output-transform-array" count="624">

-0.771049 0.558239 0.306355 9.418100 -0.309021 -0.748686 0.586495 -4.875100 0.556768 0.357546 0.749780 1.897700 0.000000 0.000000 0.000000 1.000000
-0.751244 0.573829 0.326117 9.418100 -0.327203 -0.752897 0.571038 -4.875100 0.573211 0.322282 0.753368 1.897700 0.000000 0.000000 0.000000 1.000000
-0.731306 0.586715 0.347789 9.418100 -0.342144 -0.756693 0.557094 -4.875100 0.590025 0.288412 0.754114 1.897700 0.000000 0.000000 0.000000 1.000000
-0.710996 0.597334 0.371049 9.418100 -0.354496 -0.760173 0.544490 -4.875100 0.607304 0.255595 0.752232 1.897700 0.000000 0.000000 0.000000 1.000000
-0.691011 0.603825 0.397365 9.418100 -0.362148 -0.764952 0.532632 -4.875100 0.625582 0.224150 0.747264 1.897700 0.000000 0.000000 0.000000 1.000000
-0.673335 0.600598 0.431164 9.418100 -0.359353 -0.775515 0.519078 -4.875100 0.646131 0.194573 0.738008 1.897700 0.000000 0.000000 0.000000 1.000000
-0.657542 0.587478 0.471708 9.418100 -0.346994 -0.791874 0.502525 -4.875100 0.668755 0.166752 0.724541 1.897700 0.000000 0.000000 0.000000 1.000000
-0.640577 0.570473 0.514025 9.418100 -0.331829 -0.809314 0.484665 -4.875100 0.692496 0.139896 0.707728 1.897700 0.000000 0.000000 0.000000 1.000000
-0.623667 0.543945 0.561394 9.418100 -0.310746 -0.831515 0.460455 -4.875100 0.717270 0.112719 0.687617 1.897700 0.000000 0.000000 0.000000 1.000000
-0.607306 0.507201 0.611495 9.418100 -0.282829 -0.857292 0.430184 -4.875100 0.742420 0.088304 0.664090 1.897700 0.000000 0.000000 0.000000 1.000000
-0.593068 0.468897 0.654527 9.418100 -0.254556 -0.880422 0.400072 -4.875100 0.763853 0.070656 0.641511 1.897700 0.000000 0.000000 0.000000 1.000000
-0.578448 0.435161 0.689951 9.418100 -0.228193 -0.898374 0.375302 -4.875100 0.783151 0.059651 0.618964 1.897700 0.000000 0.000000 0.000000 1.000000
-0.564362 0.413253 0.714645 9.418100 -0.207776 -0.908921 0.361513 -4.875100 0.798952 0.055538 0.598825 1.897700 0.000000 0.000000 0.000000 1.000000
-0.555194 0.401254 0.728529 9.418100 -0.193586 -0.914215 0.355999 -4.875100 0.808878 0.056616 0.585244 1.897700 0.000000 0.000000 0.000000 1.000000
-0.549178 0.404246 0.731429 9.418100 -0.184028 -0.912237 0.366001 -4.875100 0.815191 0.066397 0.575374 1.897700 0.000000 0.000000 0.000000 1.000000
-0.545778 0.422345 0.723706 9.418100 -0.178094 -0.902418 0.392331 -4.875100 0.818785 0.085238 0.567737 1.897700 0.000000 0.000000 0.000000 1.000000
-0.543935 0.449217 0.708758 9.418100 -0.177001 -0.887055 0.426384 -4.875100 0.820247 0.106474 0.562013 1.897700 0.000000 0.000000 0.000000 1.000000
-0.541608 0.480126 0.690028 9.418100 -0.188883 -0.869363 0.456652 -4.875100 0.819136 0.116992 0.561542 1.897700 0.000000 0.000000 0.000000 1.000000
-0.539680 0.507405 0.671778 9.418100 -0.213600 -0.854376 0.473726 -4.875100 0.814322 0.112168 0.569471 1.897700 0.000000 0.000000 0.000000 1.000000
-0.556483 0.520568 0.647562 9.418100 -0.227184 -0.845021 0.484073 -4.875100 0.799196 0.122263 0.588505 1.897700 0.000000 0.000000 0.000000 1.000000
-0.596980 0.508201 0.620763 9.418100 -0.213521 -0.846512 0.487674 -4.875100 0.773320 0.158586 0.613862 1.897700 0.000000 0.000000 0.000000 1.000000
-0.654204 0.462184 0.598668 9.418100 -0.167928 -0.860563 0.480866 -4.875100 0.737439 0.214052 0.640597 1.897700 0.000000 0.000000 0.000000 1.000000
-0.720587 0.391079 0.572549 9.418100 -0.104688 -0.877653 0.467724 -4.875100 0.685416 0.277097 0.673366 1.897700 0.000000 0.000000 0.000000 1.000000
-0.812748 0.275413 0.513408 9.418100 -0.023045 -0.895721 0.444020 -4.875100 0.582159 0.349045 0.734342 1.897700 0.000000 0.000000 0.000000 1.000000
-0.901927 0.127073 0.412770 9.418100 0.063159 -0.906653 0.417123 -4.875100 0.427244 0.402285 0.809709 1.897700 0.000000 0.000000 0.000000 1.000000
-0.942615 0.019687 0.333299 9.418100 0.119272 -0.912536 0.391218 -4.875100 0.311850 0.408522 0.857823 1.897700 0.000000 0.000000 0.000000 1.000000
-0.963788 -0.072776 0.256549 9.418100 0.166701 -0.915323 0.366598 -4.875100 0.208145 0.396090 0.894309 1.897700 0.000000 0.000000 0.000000 1.000000
-0.970359 -0.136330 0.199542 9.418100 0.198713 -0.920019 0.337756 -4.875100 0.137536 0.367396 0.919839 1.897700 0.000000 0.000000 0.000000 1.000000
-0.970755 -0.161318 0.177796 9.418100 0.211113 -0.926242 0.312261 -4.875100 0.114309 0.340664 0.933210 1.897700 0.000000 0.000000 0.000000 1.000000
-0.970352 -0.162873 0.178578 9.418100 0.210606 -0.932287 0.294087 -4.875100 0.118587 0.322977 0.938948 1.897700 0.000000 0.000000 0.000000 1.000000
-0.969930 -0.164057 0.179782 9.418100 0.209607 -0.938479 0.274447 -4.875100 0.123696 0.303878 0.944647 1.897700 0.000000 0.000000 0.000000 1.000000
-0.969558 -0.164820 0.181087 9.418100 0.208255 -0.944037 0.255783 -4.875100 0.128794 0.285709 0.949622 1.897700 0.000000 0.000000 0.000000 1.000000
-0.969319 -0.165197 0.182017 9.418100 0.206773 -0.948394 0.240403 -4.875100 0.132910 0.270664 0.953455 1.897700 0.000000 0.000000 0.000000 1.000000
-0.969332 -0.165415 0.181749 9.418100 0.205696 -0.950789 0.231710 -4.875100 0.134477 0.261989 0.955656 1.897700 0.000000 0.000000 0.000000 1.000000
-0.969472 -0.165208 0.181190 9.418100 0.204359 -0.952752 0.224725 -4.875100 0.135503 0.254892 0.957428 1.897700 0.000000 0.000000 0.000000 1.000000
-0.969670 -0.164779 0.180524 9.418100 0.202888 -0.954502 0.218544 -4.875100 0.136299 0.248542 0.958984 1.897700 0.000000 0.000000 0.000000 1.000000
-0.969863 -0.164939 0.179337 9.418100 0.202286 -0.955365 0.215311 -4.875100 0.135819 0.245099 0.959937 1.897700 0.000000 0.000000 0.000000 1.000000
-0.970133 -0.164662 0.178124 9.418100 0.201275 -0.956268 0.212228 -4.875100 0.135388 0.241741 0.960849 1.897700 0.000000 0.000000 0.000000 1.000000
-0.970486 -0.163690 0.177096 9.418100 0.199582 -0.957376 0.208800 -4.875100 0.135369 0.237983 0.961790 1.897700 0.000000 0.000000 0.000000 1.000000</float_array>
        <technique_common>
          <accessor source="#mixamorig_LeftUpLeg-Matrix-animation-output-transform-array" count="39" stride="16">
            <param type="float4x4"/>
          </accessor>
        </technique_common>
      </source>
      <source id="mixamorig_LeftUpLeg-Interpolations">
        <Name_array id="mixamorig_LeftUpLeg-Interpolations-array" count="39">
 LINEAR LINEAR LINEAR LINEAR LINEAR LINEAR LINEAR LINEAR LINEAR LINEAR LINEAR
LINEAR LINEAR LINEAR LINEAR LINEAR LINEAR LINEAR LINEAR LINEAR LINEAR LINEAR LINEAR
LINEAR LINEAR LINEAR LINEAR LINEAR LINEAR LINEAR LINEAR LINEAR LINEAR LINEAR LINEAR
LINEAR LINEAR LINEAR LINEAR</Name_array>
        <technique_common>
          <accessor source="#mixamorig_LeftUpLeg-Interpolations-array" count="39">
            <param type="name"/>
          </accessor>
        </technique_common>
      </source>
      <sampler id="mixamorig_LeftUpLeg-Matrix-animation-transform">
        <input semantic="INPUT" source="#mixamorig_LeftUpLeg-Matrix-animation-input"/>
        <input semantic="OUTPUT" source="#mixamorig_LeftUpLeg-Matrix-animation-output-transform"/>
        <input semantic="INTERPOLATION" source="#mixamorig_LeftUpLeg-Interpolations"/>
      </sampler>
      <channel source="#mixamorig_LeftUpLeg-Matrix-animation-transform" target="mixamorig_LeftUpLeg/matrix"/>
    </animation>
    <animation id="mixamorig_LeftLeg-anim" name="mixamorig_LeftLeg">
      <source id="mixamorig_LeftLeg-Matrix-animation-input">
        <float_array id="mixamorig_LeftLeg-Matrix-animation-input-array" count="39">

0.000000 0.033333 0.066667 0.100000 0.133333 0.166667 0.200000 0.233333 0.266667 0.300000 0.333333 0.366667 0.400000 0.433333 0.466667 0.500000
0.533333 0.566667 0.600000 0.633333 0.666667 0.700000 0.733333 0.766667 0.800000 0.833333 0.866667 0.900000 0.933333 0.966667 1.000000 1.033333
1.066667 1.100000 1.133333 1.166667 1.200000 1.233333 1.266667</float_array>
        <technique_common>
          <accessor source="#mixamorig_LeftLeg-Matrix-animation-input-array" count="39">
            <param name="TIME" type="float"/>
          </accessor>
        </technique_common>
      </source>
      <source id="mixamorig_LeftLeg-Matrix-animation-output-transform">
        <float_array id="mixamorig_LeftLeg-Matrix-animation-output-transform-array" count="624">

0.995356 -0.088788 -0.037200 -0.000000 0.086711 0.659072 0.747064 48.478100 -0.041813 -0.746820 0.663710 0.000000 0.000000 0.000000 0.000000 1.000000
0.995934 -0.088277 -0.017973 -0.000000 0.072368 0.665136 0.743207 48.478100 -0.053654 -0.741486 0.668820 0.000000 0.000000 0.000000 0.000000 1.000000
0.996092 -0.088307 0.001792 0.000000 0.058179 0.671245 0.738949 48.478100 -0.066457 -0.735956 0.673759 0.000000 0.000000 0.000000 0.000000 1.000000
0.995733 -0.088964 0.024506 0.000000 0.042535 0.678172 0.733671 48.478100 -0.081889 -0.729498 0.679063 0.000000 0.000000 0.000000 0.000000 1.000000
0.994866 -0.089936 0.046399 0.000000 0.028147 0.686309 0.726765 48.478100 -0.097206 -0.721728 0.685317 -0.000000 0.000000 0.000000 0.000000 1.000000
0.994202 -0.090171 0.058582 0.000000 0.021164 0.698226 0.715565 48.478100 -0.105426 -0.710176 0.696086 0.000000 0.000000 0.000000 0.000000 1.000000
0.993990 -0.089542 0.062984 0.000000 0.020024 0.714330 0.699522 48.478100 -0.107628 -0.694057 0.711830 -0.000000 0.000000 0.000000 0.000000 1.000000
0.993641 -0.089007 0.068952 -0.000000 0.018207 0.731381 0.681726 48.478100 -0.111109 -0.676136 0.728351 0.000000 0.000000 0.000000 0.000000 1.000000
0.993335 -0.087980 0.074459 -0.000000 0.017047 0.751054 0.660021 48.478100 -0.113991 -0.654353 0.747548 0.000000 0.000000 0.000000 0.000000 1.000000
0.993258 -0.086418 0.077267 0.000000 0.017715 0.771862 0.635543 48.478100 -0.114562 -0.629889 0.768189 0.000000 0.000000 0.000000 0.000000 1.000000
0.993339 -0.085380 0.077384 0.000000 0.019425 0.786026 0.617888 48.478100 -0.113581 -0.612269 0.782449 -0.000000 0.000000 0.000000 0.000000 1.000000
0.993474 -0.085185 0.075850 -0.000000 0.021157 0.791084 0.611342 48.478100 -0.112081 -0.605748 0.787723 -0.000000 0.000000 0.000000 0.000000 1.000000
0.993686 -0.085817 0.072275 0.000000 0.023082 0.786760 0.616828 48.478100 -0.109797 -0.611265 0.783773 0.000000 0.000000 0.000000 0.000000 1.000000
0.994211 -0.086497 0.063740 0.000000 0.027271 0.776949 0.628973 48.478100 -0.103927 -0.623594 0.774810 0.000000 0.000000 0.000000 0.000000 1.000000
0.995760 -0.080770 0.044017 -0.000000 0.032079 0.753402 0.656778 48.478100 -0.086210 -0.652581 0.752798 0.000000 0.000000 0.000000 0.000000 1.000000
0.997838 -0.065440 0.006141 0.000000 0.042436 0.712769 0.700114 48.478100 -0.050193 -0.698339 0.714005 0.000000 0.000000 0.000000 0.000000 1.000000
0.998138 -0.040887 -0.045264 -0.000000 0.060994 0.662748 0.746354 48.478100 -0.000517 -0.747725 0.664008 0.000000 0.000000 0.000000 0.000000 1.000000
0.994498 -0.008018 -0.104451 0.000000 0.087002 0.618592 0.780880 48.478100 0.058351 -0.785671 0.615886 0.000000 0.000000 0.000000 0.000000 1.000000
0.986637 0.029888 -0.160168 -0.000000 0.111841 0.590624 0.799159 48.478100 0.118484 -0.806393 0.579389 0.000000 0.000000 0.000000 0.000000 1.000000
0.979760 0.070024 -0.187529 0.000000 0.117197 0.558817 0.820968 48.478100 0.162282 -0.826329 0.539300 0.000000 0.000000 0.000000 0.000000 1.000000
0.978265 0.088446 -0.187551 0.000000 0.113517 0.528478 0.841324 48.478100 0.173528 -0.844327 0.506951 0.000000 0.000000 0.000000 0.000000 1.000000
0.984516 0.079536 -0.156211 0.000000 0.093739 0.514146 0.852565 48.478100 0.148125 -0.854007 0.498729 0.000000 0.000000 0.000000 0.000000 1.000000
0.991344 0.061185 -0.116164 0.000000 0.068137 0.516541 0.853547 48.478100 0.112228 -0.854073 0.507901 0.000000 0.000000 0.000000 0.000000 1.000000
0.995124 0.036190 -0.091758 0.000000 0.057065 0.547544 0.834829 48.478100 0.080454 -0.835994 0.542809 -0.000000 0.000000 0.000000 0.000000 1.000000
0.996267 0.006014 -0.086119 -0.000000 0.064637 0.609309 0.790294 48.478100 0.057226 -0.792910 0.606646 0.000000 0.000000 0.000000 0.000000 1.000000
0.997609 -0.018363 -0.066630 0.000000 0.061486 0.676090 0.734249 48.478100 0.031565 -0.736590 0.675603 0.000000 0.000000 0.000000 0.000000 1.000000
0.998583 -0.045049 -0.028339 0.000000 0.052469 0.744062 0.666048 48.478100 -0.008919 -0.666591 0.745371 0.000000 0.000000 0.000000 0.000000 1.000000
0.997690 -0.067343 0.008916 -0.000000 0.048903 0.803125 0.593800 48.478100 -0.047149 -0.591992 0.804563 -0.000000 0.000000 0.000000 0.000000 1.000000
0.996781 -0.076343 0.024485 -0.000000 0.050354 0.833784 0.549790 48.478100 -0.062388 -0.546787 0.834944 0.000000 0.000000 0.000000 0.000000 1.000000
0.996749 -0.077282 0.022798 0.000000 0.053206 0.843770 0.534062 48.478100 -0.060510 -0.531112 0.845138 0.000000 0.000000 0.000000 0.000000 1.000000
0.996721 -0.078083 0.021224 0.000000 0.055955 0.854587 0.516285 48.478100 -0.058451 -0.513405 0.856154 0.000000 0.000000 0.000000 0.000000 1.000000
0.996688 -0.078528 0.021149 -0.000000 0.057507 0.864410 0.499488 48.478100 -0.057505 -0.496618 0.866062 0.000000 0.000000 0.000000 0.000000 1.000000
0.996592 -0.079082 0.023464 -0.000000 0.057754 0.872023 0.486045 48.478100 -0.058898 -0.483033 0.873619 0.000000 0.000000 0.000000 0.000000 1.000000
0.996360 -0.080265 0.028703 0.000000 0.056698 0.875453 0.479966 48.478100 -0.063653 -0.476591 0.876818 0.000000 0.000000 0.000000 0.000000 1.000000
0.996105 -0.081451 0.033766 0.000000 0.055653 0.877831 0.475727 48.478100 -0.068389 -0.471995 0.878945 0.000000 0.000000 0.000000 0.000000 1.000000
0.995864 -0.082625 0.037791 0.000000 0.055065 0.879711 0.472310 48.478100 -0.072269 -0.468276 0.880622 0.000000 0.000000 0.000000 0.000000 1.000000
0.995663 -0.083670 0.040681 -0.000000 0.054640 0.879800 0.472193 48.478100 -0.075299 -0.467923 0.880556 0.000000 0.000000 0.000000 0.000000 1.000000
0.995526 -0.084455 0.042360 0.000000 0.054548 0.879817 0.472172 48.478100 -0.077147 -0.467749 0.880488 -0.000000 0.000000 0.000000 0.000000 1.000000
0.995483 -0.084809 0.042670 0.000000 0.054756 0.880050 0.471714 48.478100 -0.077558 -0.467247 0.880718 -0.000000 0.000000 0.000000 0.000000 1.000000</float_array>
        <technique_common>
          <accessor source="#mixamorig_LeftLeg-Matrix-animation-output-transform-array" count="39" stride="16">
            <param type="float4x4"/>
          </accessor>
        </technique_common>
      </source>
      <source id="mixamorig_LeftLeg-Interpolations">
        <Name_array id="mixamorig_LeftLeg-Interpolations-array" count="39">
 LINEAR LINEAR LINEAR LINEAR LINEAR LINEAR LINEAR LINEAR LINEAR LINEAR LINEAR
LINEAR LINEAR LINEAR LINEAR LINEAR LINEAR LINEAR LINEAR LINEAR LINEAR LINEAR LINEAR
LINEAR LINEAR LINEAR LINEAR LINEAR LINEAR LINEAR LINEAR LINEAR LINEAR LINEAR LINEAR
LINEAR LINEAR LINEAR LINEAR</Name_array>
        <technique_common>
          <accessor source="#mixamorig_LeftLeg-Interpolations-array" count="39">
            <param type="name"/>
          </accessor>
        </technique_common>
      </source>
      <sampler id="mixamorig_LeftLeg-Matrix-animation-transform">
        <input semantic="INPUT" source="#mixamorig_LeftLeg-Matrix-animation-input"/>
        <input semantic="OUTPUT" source="#mixamorig_LeftLeg-Matrix-animation-output-transform"/>
        <input semantic="INTERPOLATION" source="#mixamorig_LeftLeg-Interpolations"/>
      </sampler>
      <channel source="#mixamorig_LeftLeg-Matrix-animation-transform" target="mixamorig_LeftLeg/matrix"/>
    </animation>
    <animation id="mixamorig_LeftFoot-anim" name="mixamorig_LeftFoot">
      <source id="mixamorig_LeftFoot-Matrix-animation-input">
        <float_array id="mixamorig_LeftFoot-Matrix-animation-input-array" count="39">

0.000000 0.033333 0.066667 0.100000 0.133333 0.166667 0.200000 0.233333 0.266667 0.300000 0.333333 0.366667 0.400000 0.433333 0.466667 0.500000
0.533333 0.566667 0.600000 0.633333 0.666667 0.700000 0.733333 0.766667 0.800000 0.833333 0.866667 0.900000 0.933333 0.966667 1.000000 1.033333
1.066667 1.100000 1.133333 1.166667 1.200000 1.233333 1.266667</float_array>
        <technique_common>
          <accessor source="#mixamorig_LeftFoot-Matrix-animation-input-array" count="39">
            <param name="TIME" type="float"/>
          </accessor>
        </technique_common>
      </source>
      <source id="mixamorig_LeftFoot-Matrix-animation-output-transform">
        <float_array id="mixamorig_LeftFoot-Matrix-animation-output-transform-array" count="624">

0.878551 0.209006 -0.429493 0.000000 -0.477635 0.391078 -0.786717 51.588001 0.003537 0.896312 0.443410 0.000000 0.000000 0.000000 0.000000 1.000000
0.883709 0.202157 -0.422126 0.000000 -0.468014 0.390299 -0.792861 51.588001 0.004473 0.898220 0.439523 0.000000 0.000000 0.000000 0.000000 1.000000
0.889309 0.194417 -0.413922 0.000000 -0.457269 0.389584 -0.799455 51.588001 0.005830 0.900237 0.435362 0.000000 0.000000 0.000000 0.000000 1.000000
0.895045 0.186538 -0.405090 0.000000 -0.445908 0.390203 -0.805548 51.588001 0.007802 0.901635 0.432428 0.000000 0.000000 0.000000 0.000000 1.000000
0.900758 0.178704 -0.395853 -0.000000 -0.434199 0.392098 -0.811006 51.588001 0.010283 0.902399 0.430778 0.000000 0.000000 0.000000 0.000000 1.000000
0.906338 0.171112 -0.386357 0.000000 -0.422348 0.395313 -0.815689 51.588001 0.013158 0.902468 0.430556 0.000000 0.000000 0.000000 0.000000 1.000000
0.911826 0.163871 -0.376458 0.000000 -0.410248 0.400384 -0.819384 51.588001 0.016454 0.901576 0.432308 0.000000 0.000000 0.000000 0.000000 1.000000
0.917688 0.156127 -0.365340 -0.000000 -0.396795 0.406592 -0.822944 51.588001 0.020060 0.900171 0.435075 -0.000000 0.000000 0.000000 0.000000 1.000000
0.923831 0.147981 -0.353042 0.000000 -0.382048 0.414254 -0.826095 51.588001 0.024003 0.898051 0.439237 0.000000 0.000000 0.000000 0.000000 1.000000
0.931063 0.138140 -0.337698 0.000000 -0.363755 0.423405 -0.829705 51.588001 0.028367 0.895347 0.444465 0.000000 0.000000 0.000000 0.000000 1.000000
0.938154 0.127271 -0.321978 0.000000 -0.344717 0.429899 -0.834480 51.588001 0.032213 0.893862 0.447184 0.000000 0.000000 0.000000 0.000000 1.000000
0.944420 0.116219 -0.307512 0.000000 -0.326861 0.431839 -0.840641 51.588001 0.035097 0.894432 0.445825 0.000000 0.000000 0.000000 0.000000 1.000000
0.948596 0.107755 -0.297581 0.000000 -0.314334 0.430328 -0.846175 51.588001 0.036878 0.896218 0.442079 0.000000 0.000000 0.000000 0.000000 1.000000
0.950667 0.102745 -0.292704 0.000000 -0.307896 0.427626 -0.849903 51.588001 0.037845 0.898098 0.438165 0.000000 0.000000 0.000000 0.000000 1.000000
0.953248 0.098349 -0.285738 -0.000000 -0.299279 0.438171 -0.847607 51.588001 0.041841 0.893495 0.447120 -0.000000 0.000000 0.000000 0.000000 1.000000
0.960157 0.087299 -0.265477 0.000000 -0.274985 0.464495 -0.841800 51.588001 0.049824 0.881262 0.469994 0.000000 0.000000 0.000000 0.000000 1.000000
0.969549 0.071293 -0.234291 0.000000 -0.237487 0.507266 -0.828421 51.588001 0.059787 0.858836 0.508750 -0.000000 0.000000 0.000000 0.000000 1.000000
0.979501 0.052809 -0.194396 0.000000 -0.189701 0.566455 -0.801961 51.588001 0.067766 0.822399 0.564861 0.000000 0.000000 0.000000 0.000000 1.000000
0.988329 0.031827 -0.148975 0.000000 -0.135686 0.628478 -0.765901 51.588001 0.069251 0.777176 0.625461 0.000000 0.000000 0.000000 0.000000 1.000000
0.994875 0.001142 -0.101105 0.000000 -0.076763 0.659353 -0.747905 51.588001 0.065810 0.751833 0.656061 0.000000 0.000000 0.000000 0.000000 1.000000
0.997505 -0.027409 -0.065064 0.000000 -0.030678 0.661747 -0.749100 51.588001 0.063587 0.749226 0.659255 -0.000000 0.000000 0.000000 0.000000 1.000000
0.997734 -0.053718 -0.040501 0.000000 0.003485 0.642486 -0.766290 51.588001 0.067185 0.764413 0.641217 0.000000 0.000000 0.000000 0.000000 1.000000
0.996755 -0.077221 -0.022731 0.000000 0.029902 0.617368 -0.786106 51.588001 0.074737 0.782875 0.617673 0.000000 0.000000 0.000000 0.000000 1.000000
0.996169 -0.083794 -0.025011 -0.000000 0.029897 0.595121 -0.803080 51.588001 0.082178 0.799255 0.595347 -0.000000 0.000000 0.000000 0.000000 1.000000
0.996169 -0.076248 -0.042830 -0.000000 0.009191 0.578302 -0.815771 51.588001 0.086970 0.812252 0.576787 -0.000000 0.000000 0.000000 0.000000 1.000000
0.995995 -0.065852 -0.060482 0.000000 -0.011066 0.580453 -0.814218 51.588001 0.088725 0.811626 0.577400 -0.000000 0.000000 0.000000 0.000000 1.000000
0.995416 -0.057570 -0.076367 0.000000 -0.028600 0.582784 -0.812124 51.588001 0.091260 0.810586 0.578466 -0.000000 0.000000 0.000000 0.000000 1.000000
0.994813 -0.051472 -0.087733 0.000000 -0.040896 0.587332 -0.808312 51.588001 0.093134 0.807708 0.582181 0.000000 0.000000 0.000000 0.000000 1.000000
0.994813 -0.051478 -0.087735 -0.000000 -0.040641 0.589529 -0.806724 51.588001 0.093251 0.806105 0.584379 0.000000 0.000000 0.000000 0.000000 1.000000
0.994744 -0.047056 -0.090939 -0.000000 -0.045161 0.595458 -0.802116 51.588001 0.091894 0.802007 0.590204 0.000000 0.000000 0.000000 0.000000 1.000000
0.994644 -0.042616 -0.094170 0.000000 -0.049659 0.602011 -0.796942 51.588001 0.090654 0.797350 0.596670 0.000000 0.000000 0.000000 0.000000 1.000000
0.994560 -0.039124 -0.096541 0.000000 -0.052980 0.607981 -0.792182 51.588001 0.089688 0.792987 0.602601 -0.000000 0.000000 0.000000 0.000000 1.000000
0.994543 -0.037268 -0.097444 0.000000 -0.054297 0.612648 -0.788489 51.588001 0.089084 0.789477 0.607281 0.000000 0.000000 0.000000 0.000000 1.000000
0.994630 -0.037738 -0.096372 0.000000 -0.052926 0.614737 -0.786954 51.588001 0.088941 0.787829 0.609438 0.000000 0.000000 0.000000 0.000000 1.000000
0.994730 -0.038739 -0.094926 0.000000 -0.051031 0.615962 -0.786121 51.588001 0.088924 0.786823 0.610739 -0.000000 0.000000 0.000000 0.000000 1.000000
0.994827 -0.039980 -0.093382 0.000000 -0.048970 0.616652 -0.785711 51.588001 0.088997 0.786220 0.611505 -0.000000 0.000000 0.000000 0.000000 1.000000
0.994958 -0.042285 -0.090940 0.000000 -0.045673 0.616237 -0.786235 51.588001 0.089286 0.786425 0.611199 -0.000000 0.000000 0.000000 0.000000 1.000000
0.995072 -0.044767 -0.088469 0.000000 -0.042300 0.615320 -0.787141 51.588001 0.089675 0.787005 0.610395 0.000000 0.000000 0.000000 0.000000 1.000000
0.995163 -0.047373 -0.086065 0.000000 -0.038963 0.613889 -0.788430 51.588001 0.090184 0.787970 0.609073 0.000000 0.000000 0.000000 0.000000 1.000000</float_array>
        <technique_common>
          <accessor source="#mixamorig_LeftFoot-Matrix-animation-output-transform-array" count="39" stride="16">
            <param type="float4x4"/>
          </accessor>
        </technique_common>
      </source>
      <source id="mixamorig_LeftFoot-Interpolations">
        <Name_array id="mixamorig_LeftFoot-Interpolations-array" count="39">
 LINEAR LINEAR LINEAR LINEAR LINEAR LINEAR LINEAR LINEAR LINEAR LINEAR LINEAR
LINEAR LINEAR LINEAR LINEAR LINEAR LINEAR LINEAR LINEAR LINEAR LINEAR LINEAR LINEAR
LINEAR LINEAR LINEAR LINEAR LINEAR LINEAR LINEAR LINEAR LINEAR LINEAR LINEAR LINEAR
LINEAR LINEAR LINEAR LINEAR</Name_array>
        <technique_common>
          <accessor source="#mixamorig_LeftFoot-Interpolations-array" count="39">
            <param type="name"/>
          </accessor>
        </technique_common>
      </source>
      <sampler id="mixamorig_LeftFoot-Matrix-animation-transform">
        <input semantic="INPUT" source="#mixamorig_LeftFoot-Matrix-animation-input"/>
        <input semantic="OUTPUT" source="#mixamorig_LeftFoot-Matrix-animation-output-transform"/>
        <input semantic="INTERPOLATION" source="#mixamorig_LeftFoot-Interpolations"/>
      </sampler>
      <channel source="#mixamorig_LeftFoot-Matrix-animation-transform" target="mixamorig_LeftFoot/matrix"/>
    </animation>
    <animation id="mixamorig_LeftToeBase-anim" name="mixamorig_LeftToeBase">
      <source id="mixamorig_LeftToeBase-Matrix-animation-input">
        <float_array id="mixamorig_LeftToeBase-Matrix-animation-input-array" count="39">

0.000000 0.033333 0.066667 0.100000 0.133333 0.166667 0.200000 0.233333 0.266667 0.300000 0.333333 0.366667 0.400000 0.433333 0.466667 0.500000
0.533333 0.566667 0.600000 0.633333 0.666667 0.700000 0.733333 0.766667 0.800000 0.833333 0.866667 0.900000 0.933333 0.966667 1.000000 1.033333
1.066667 1.100000 1.133333 1.166667 1.200000 1.233333 1.266667</float_array>
        <technique_common>
          <accessor source="#mixamorig_LeftToeBase-Matrix-animation-input-array" count="39">
            <param name="TIME" type="float"/>
          </accessor>
        </technique_common>
      </source>
      <source id="mixamorig_LeftToeBase-Matrix-animation-output-transform">
        <float_array id="mixamorig_LeftToeBase-Matrix-animation-output-transform-array" count="624">

0.999599 0.012271 -0.025520 0.000000 -0.026346 0.733366 -0.679323 21.400000 0.010380 0.679723 0.733395 0.000000 0.000000 0.000000 0.000000 1.000000
0.999608 0.012281 -0.025166 0.000000 -0.026115 0.733246 -0.679461 21.400000 0.010108 0.679852 0.733279 0.000000 0.000000 0.000000 0.000000 1.000000
0.999625 0.012600 -0.024327 -0.000000 -0.025780 0.733150 -0.679578 21.400000 0.009272 0.679950 0.733200 0.000000 0.000000 0.000000 0.000000 1.000000
0.999668 0.012462 -0.022549 0.000000 -0.024476 0.732612 -0.680207 21.400000 0.008043 0.680533 0.732674 -0.000000 0.000000 0.000000 0.000000 1.000000
0.999737 0.011597 -0.019784 0.000000 -0.021975 0.731221 -0.681787 21.400000 0.006559 0.682043 0.731283 0.000000 0.000000 0.000000 0.000000 1.000000
0.999796 0.011121 -0.016836 0.000000 -0.019625 0.729850 -0.683326 21.400000 0.004688 0.683517 0.729919 -0.000000 0.000000 0.000000 0.000000 1.000000
0.999853 0.010648 -0.013412 0.000000 -0.016945 0.728475 -0.684863 21.400000 0.002478 0.684990 0.728549 0.000000 0.000000 0.000000 0.000000 1.000000
0.999902 0.010149 -0.009619 -0.000000 -0.013983 0.726945 -0.686553 21.400000 0.000024 0.686620 0.727016 0.000000 0.000000 0.000000 0.000000 1.000000
0.999938 0.009631 -0.005537 -0.000000 -0.010797 0.725291 -0.688358 21.400000 -0.002613 0.688375 0.725350 -0.000000 0.000000 0.000000 0.000000 1.000000
0.999952 0.009094 -0.003549 0.000000 -0.009027 0.722890 -0.690905 21.400000 -0.003718 0.690904 0.722937 0.000000 0.000000 0.000000 0.000000 1.000000
0.999961 0.008548 -0.002425 0.000000 -0.007839 0.720138 -0.693786 21.400000 -0.004184 0.693778 0.720177 0.000000 0.000000 0.000000 0.000000 1.000000
0.999968 0.008001 -0.000787 0.000000 -0.006289 0.717484 -0.696546 21.400000 -0.005009 0.696529 0.717511 0.000000 0.000000 0.000000 0.000000 1.000000
0.999971 0.007467 0.001548 -0.000000 -0.004254 0.714690 -0.699429 21.400000 -0.006329 0.699402 0.714701 0.000000 0.000000 0.000000 0.000000 1.000000
0.999967 0.006967 0.004197 0.000000 -0.002013 0.711960 -0.702217 21.400000 -0.007881 0.702185 0.711951 -0.000000 0.000000 0.000000 0.000000 1.000000
0.999946 0.009719 -0.003753 -0.000000 -0.009490 0.701008 -0.713090 21.400000 -0.004300 0.713087 0.701062 0.000000 0.000000 0.000000 0.000000 1.000000
0.999606 0.016555 -0.022679 0.000000 -0.027883 0.680641 -0.732086 21.400000 0.003317 0.732430 0.680834 0.000000 0.000000 0.000000 0.000000 1.000000
0.998528 0.022468 -0.049367 0.000000 -0.052065 0.652140 -0.756308 21.400000 0.015201 0.757765 0.652350 0.000000 0.000000 0.000000 0.000000 1.000000
0.995265 0.027607 -0.093199 0.000000 -0.090333 0.616735 -0.781971 21.400000 0.035891 0.786687 0.616308 0.000000 0.000000 0.000000 0.000000 1.000000
0.988322 0.030254 -0.149343 0.000000 -0.138896 0.581917 -0.801299 21.400000 0.062662 0.812685 0.579324 0.000000 0.000000 0.000000 0.000000 1.000000
0.981170 0.017261 -0.192374 0.000000 -0.168739 0.561245 -0.810266 21.400000 0.093983 0.827470 0.553589 0.000000 0.000000 0.000000 0.000000 1.000000
0.977665 0.001349 -0.210163 0.000000 -0.176225 0.550151 -0.816259 21.400000 0.114521 0.835064 0.538102 0.000000 0.000000 0.000000 0.000000 1.000000
0.979345 -0.011568 -0.201864 0.000000 -0.162569 0.548579 -0.820142 21.400000 0.120226 0.836019 0.535368 0.000000 0.000000 0.000000 0.000000 1.000000
0.983888 -0.019888 -0.177677 0.000000 -0.137264 0.552741 -0.821971 21.400000 0.114557 0.833115 0.541106 0.000000 0.000000 0.000000 0.000000 1.000000
0.991425 -0.020246 -0.129095 -0.000000 -0.095950 0.557869 -0.824364 21.400000 0.088709 0.829682 0.551143 0.000000 0.000000 0.000000 0.000000 1.000000
0.997335 -0.009854 -0.072297 0.000000 -0.053530 0.574494 -0.816756 21.400000 0.049582 0.818449 0.572435 0.000000 0.000000 0.000000 0.000000 1.000000
0.998825 -0.008285 -0.047744 0.000000 -0.033990 0.582439 -0.812164 21.400000 0.034536 0.812833 0.581473 0.000000 0.000000 0.000000 0.000000 1.000000
0.999402 -0.010312 -0.033000 0.000000 -0.020506 0.591674 -0.805916 21.400000 0.027835 0.806111 0.591109 0.000000 0.000000 0.000000 0.000000 1.000000
0.999588 -0.012642 -0.025775 0.000000 -0.013041 0.599874 -0.799988 21.400000 0.025575 0.799994 0.599462 0.000000 0.000000 0.000000 0.000000 1.000000
0.999666 -0.014115 -0.021643 0.000000 -0.008784 0.602069 -0.798396 21.400000 0.024300 0.798320 0.601744 0.000000 0.000000 0.000000 0.000000 1.000000
0.999733 -0.014840 -0.017687 0.000000 -0.005239 0.600260 -0.799788 21.400000 0.022485 0.799668 0.600022 0.000000 0.000000 0.000000 0.000000 1.000000
0.999784 -0.015549 -0.013804 -0.000000 -0.001753 0.598486 -0.801131 21.400000 0.020719 0.800982 0.598330 0.000000 0.000000 0.000000 0.000000 1.000000
0.999818 -0.016235 -0.010040 0.000000 0.001633 0.596766 -0.802413 21.400000 0.019019 0.802251 0.596684 0.000000 0.000000 0.000000 0.000000 1.000000
0.999836 -0.016883 -0.006480 0.000000 0.004841 0.595141 -0.803607 21.400000 0.017424 0.803444 0.595125 0.000000 0.000000 0.000000 0.000000 1.000000
0.999842 -0.017477 -0.003211 0.000000 0.007792 0.593648 -0.804687 21.400000 0.015969 0.804535 0.593691 0.000000 0.000000 0.000000 0.000000 1.000000
0.999838 -0.018000 -0.000320 0.000000 0.010405 0.592330 -0.805629 21.400000 0.014691 0.805495 0.592421 0.000000 0.000000 0.000000 0.000000 1.000000
0.999828 -0.018441 0.002126 0.000000 0.012619 0.591223 -0.806409 21.400000 0.013614 0.806297 0.591354 0.000000 0.000000 0.000000 0.000000 1.000000
0.999815 -0.018797 0.004109 -0.000000 0.014415 0.590333 -0.807031 21.400000 0.012744 0.806941 0.590494 0.000000 0.000000 0.000000 0.000000 1.000000
0.999804 -0.019035 0.005450 0.000000 0.015629 0.589741 -0.807442 21.400000 0.012156 0.807368 0.589922 0.000000 0.000000 0.000000 0.000000 1.000000
0.999800 -0.019119 0.005946 -0.000000 0.016076 0.589540 -0.807579 21.400000 0.011935 0.807513 0.589729 0.000000 0.000000 0.000000 0.000000 1.000000</float_array>
        <technique_common>
          <accessor source="#mixamorig_LeftToeBase-Matrix-animation-output-transform-array" count="39" stride="16">
            <param type="float4x4"/>
          </accessor>
        </technique_common>
      </source>
      <source id="mixamorig_LeftToeBase-Interpolations">
        <Name_array id="mixamorig_LeftToeBase-Interpolations-array" count="39">
 LINEAR LINEAR LINEAR LINEAR LINEAR LINEAR LINEAR LINEAR LINEAR LINEAR LINEAR
LINEAR LINEAR LINEAR LINEAR LINEAR LINEAR LINEAR LINEAR LINEAR LINEAR LINEAR LINEAR
LINEAR LINEAR LINEAR LINEAR LINEAR LINEAR LINEAR LINEAR LINEAR LINEAR LINEAR LINEAR
LINEAR LINEAR LINEAR LINEAR</Name_array>
        <technique_common>
          <accessor source="#mixamorig_LeftToeBase-Interpolations-array" count="39">
            <param type="name"/>
          </accessor>
        </technique_common>
      </source>
      <sampler id="mixamorig_LeftToeBase-Matrix-animation-transform">
        <input semantic="INPUT" source="#mixamorig_LeftToeBase-Matrix-animation-input"/>
        <input semantic="OUTPUT" source="#mixamorig_LeftToeBase-Matrix-animation-output-transform"/>
        <input semantic="INTERPOLATION" source="#mixamorig_LeftToeBase-Interpolations"/>
      </sampler>
      <channel source="#mixamorig_LeftToeBase-Matrix-animation-transform" target="mixamorig_LeftToeBase/matrix"/>
    </animation>
    <animation id="mixamorig_RightUpLeg-anim" name="mixamorig_RightUpLeg">
      <source id="mixamorig_RightUpLeg-Matrix-animation-input">
        <float_array id="mixamorig_RightUpLeg-Matrix-animation-input-array" count="39">

0.000000 0.033333 0.066667 0.100000 0.133333 0.166667 0.200000 0.233333 0.266667 0.300000 0.333333 0.366667 0.400000 0.433333 0.466667 0.500000
0.533333 0.566667 0.600000 0.633333 0.666667 0.700000 0.733333 0.766667 0.800000 0.833333 0.866667 0.900000 0.933333 0.966667 1.000000 1.033333
1.066667 1.100000 1.133333 1.166667 1.200000 1.233333 1.266667</float_array>
        <technique_common>
          <accessor source="#mixamorig_RightUpLeg-Matrix-animation-input-array" count="39">
            <param name="TIME" type="float"/>
          </accessor>
        </technique_common>
      </source>
      <source id="mixamorig_RightUpLeg-Matrix-animation-output-transform">
        <float_array id="mixamorig_RightUpLeg-Matrix-animation-output-transform-array" count="624">

-0.666308 -0.625819 -0.405443 -9.418100 -0.031543 -0.519584 0.853837 -4.875100 -0.745010 0.581707 0.326463 1.897700 0.000000 0.000000 0.000000 1.000000
-0.664687 -0.609717 -0.431783 -9.418100 -0.023760 -0.560385 0.827891 -4.875100 -0.746744 0.560547 0.357994 1.897700 0.000000 0.000000 0.000000 1.000000
-0.663512 -0.593439 -0.455612 -9.418100 -0.013606 -0.599300 0.800409 -4.875100 -0.748042 0.537280 0.389568 1.897700 0.000000 0.000000 0.000000 1.000000
-0.655278 -0.579401 -0.484670 -9.418100 -0.007438 -0.636637 0.771128 -4.875100 -0.755351 0.508909 0.412865 1.897700 0.000000 0.000000 0.000000 1.000000
-0.641279 -0.567458 -0.516481 -9.418100 -0.002439 -0.671597 0.740912 -4.875100 -0.767304 0.476391 0.429297 1.897700 0.000000 0.000000 0.000000 1.000000
-0.642219 -0.545512 -0.538490 -9.418100 0.002013 -0.703709 0.710485 -4.875100 -0.766518 0.455204 0.453033 1.897700 0.000000 0.000000 0.000000 1.000000
-0.655913 -0.520637 -0.546548 -9.418100 0.009178 -0.729509 0.683910 -4.875100 -0.754781 0.443570 0.483273 1.897700 0.000000 0.000000 0.000000 1.000000
-0.680465 -0.499479 -0.536179 -9.418100 0.023276 -0.746068 0.665463 -4.875100 -0.732411 0.440344 0.519299 1.897700 0.000000 0.000000 0.000000 1.000000
-0.693386 -0.495540 -0.523121 -9.418100 0.037489 -0.749812 0.660588 -4.875100 -0.719590 0.438431 0.538487 1.897700 0.000000 0.000000 0.000000 1.000000
-0.702244 -0.496434 -0.510301 -9.418100 0.056484 -0.753369 0.655168 -4.875100 -0.709692 0.431264 0.557089 1.897700 0.000000 0.000000 0.000000 1.000000
-0.713037 -0.510180 -0.480932 -9.418100 0.085712 -0.744225 0.662407 -4.875100 -0.695868 0.431099 0.574388 1.897700 0.000000 0.000000 0.000000 1.000000
-0.721113 -0.529633 -0.446638 -9.418100 0.117040 -0.728530 0.674941 -4.875100 -0.682860 0.434434 0.587341 1.897700 0.000000 0.000000 0.000000 1.000000
-0.717257 -0.544132 -0.435272 -9.418100 0.137007 -0.722599 0.677554 -4.875100 -0.683206 0.426346 0.592839 1.897700 0.000000 0.000000 0.000000 1.000000
-0.716081 -0.540976 -0.441104 -9.418100 0.154239 -0.738949 0.655869 -4.875100 -0.680763 0.401620 0.612587 1.897700 0.000000 0.000000 0.000000 1.000000
-0.717135 -0.527367 -0.455633 -9.418100 0.162097 -0.762052 0.626899 -4.875100 -0.677822 0.375714 0.631979 1.897700 0.000000 0.000000 0.000000 1.000000
-0.716865 -0.521738 -0.462487 -9.418100 0.161993 -0.769824 0.617356 -4.875100 -0.678132 0.367641 0.636378 1.897700 0.000000 0.000000 0.000000 1.000000
-0.714564 -0.530740 -0.455755 -9.418100 0.154615 -0.755184 0.637018 -4.875100 -0.682270 0.384723 0.621688 1.897700 0.000000 0.000000 0.000000 1.000000
-0.713082 -0.535813 -0.452127 -9.418100 0.147493 -0.745121 0.650416 -4.875100 -0.685390 0.397114 0.610361 1.897700 0.000000 0.000000 0.000000 1.000000
-0.712481 -0.535936 -0.452928 -9.418100 0.141480 -0.741944 0.655365 -4.875100 -0.687281 0.402854 0.604445 1.897700 0.000000 0.000000 0.000000 1.000000
-0.712602 -0.533092 -0.456082 -9.418100 0.136484 -0.743009 0.655218 -4.875100 -0.688164 0.404662 0.602228 1.897700 0.000000 0.000000 0.000000 1.000000
-0.713343 -0.528385 -0.460381 -9.418100 0.132471 -0.746743 0.651787 -4.875100 -0.688181 0.403960 0.602680 1.897700 0.000000 0.000000 0.000000 1.000000
-0.715350 -0.519074 -0.467800 -9.418100 0.129586 -0.756399 0.641146 -4.875100 -0.686645 0.398023 0.608355 1.897700 0.000000 0.000000 0.000000 1.000000
-0.718040 -0.508800 -0.474912 -9.418100 0.127716 -0.767077 0.628714 -4.875100 -0.684184 0.390788 0.615773 1.897700 0.000000 0.000000 0.000000 1.000000
-0.721298 -0.498390 -0.480974 -9.418100 0.127102 -0.777875 0.615431 -4.875100 -0.680863 0.382777 0.624426 1.897700 0.000000 0.000000 0.000000 1.000000
-0.724719 -0.488710 -0.485742 -9.418100 0.128521 -0.788453 0.601519 -4.875100 -0.676953 0.373504 0.634216 1.897700 0.000000 0.000000 0.000000 1.000000
-0.727528 -0.481763 -0.488474 -9.418100 0.132813 -0.797408 0.588643 -4.875100 -0.673100 0.363379 0.644121 1.897700 0.000000 0.000000 0.000000 1.000000
-0.729563 -0.478264 -0.488877 -9.418100 0.139778 -0.804006 0.577959 -4.875100 -0.669477 0.353323 0.653424 1.897700 0.000000 0.000000 0.000000 1.000000
-0.731459 -0.475819 -0.488430 -9.418100 0.147637 -0.809814 0.567808 -4.875100 -0.665711 0.343217 0.662594 1.897700 0.000000 0.000000 0.000000 1.000000
-0.733856 -0.472923 -0.487647 -9.418100 0.154898 -0.815447 0.557721 -4.875100 -0.661410 0.333751 0.671675 1.897700 0.000000 0.000000 0.000000 1.000000
-0.737011 -0.468766 -0.486901 -9.418100 0.161073 -0.821457 0.547050 -4.875100 -0.656407 0.324755 0.680929 1.897700 0.000000 0.000000 0.000000 1.000000
-0.740672 -0.463754 -0.486145 -9.418100 0.167022 -0.827952 0.535349 -4.875100 -0.650776 0.315321 0.690698 1.897700 0.000000 0.000000 0.000000 1.000000
-0.744658 -0.458614 -0.484931 -9.418100 0.173045 -0.834360 0.523353 -4.875100 -0.644624 0.305804 0.700673 1.897700 0.000000 0.000000 0.000000 1.000000
-0.748988 -0.453338 -0.483220 -9.418100 0.179102 -0.840669 0.511075 -4.875100 -0.637918 0.296244 0.710845 1.897700 0.000000 0.000000 0.000000 1.000000
-0.753502 -0.448453 -0.480754 -9.418100 0.185262 -0.846446 0.499206 -4.875100 -0.630803 0.287087 0.720881 1.897700 0.000000 0.000000 0.000000 1.000000
-0.758502 -0.443158 -0.477793 -9.418100 0.191050 -0.852184 0.487117 -4.875100 -0.623037 0.278196 0.731048 1.897700 0.000000 0.000000 0.000000 1.000000
-0.763992 -0.437480 -0.474264 -9.418100 0.196412 -0.857839 0.474904 -4.875100 -0.614604 0.269672 0.741309 1.897700 0.000000 0.000000 0.000000 1.000000
-0.769531 -0.432650 -0.469719 -9.418100 0.201853 -0.862613 0.463847 -4.875100 -0.605870 0.262130 0.751139 1.897700 0.000000 0.000000 0.000000 1.000000
-0.775659 -0.427170 -0.464628 -9.418100 0.206754 -0.867510 0.452414 -4.875100 -0.596328 0.254855 0.761211 1.897700 0.000000 0.000000 0.000000 1.000000
-0.782535 -0.420788 -0.458887 -9.418100 0.210972 -0.872647 0.440429 -4.875100 -0.585773 0.247839 0.771651 1.897700 0.000000 0.000000 0.000000 1.000000</float_array>
        <technique_common>
          <accessor source="#mixamorig_RightUpLeg-Matrix-animation-output-transform-array" count="39" stride="16">
            <param type="float4x4"/>
          </accessor>
        </technique_common>
      </source>
      <source id="mixamorig_RightUpLeg-Interpolations">
        <Name_array id="mixamorig_RightUpLeg-Interpolations-array" count="39">
 LINEAR LINEAR LINEAR LINEAR LINEAR LINEAR LINEAR LINEAR LINEAR LINEAR LINEAR
LINEAR LINEAR LINEAR LINEAR LINEAR LINEAR LINEAR LINEAR LINEAR LINEAR LINEAR LINEAR
LINEAR LINEAR LINEAR LINEAR LINEAR LINEAR LINEAR LINEAR LINEAR LINEAR LINEAR LINEAR
LINEAR LINEAR LINEAR LINEAR</Name_array>
        <technique_common>
          <accessor source="#mixamorig_RightUpLeg-Interpolations-array" count="39">
            <param type="name"/>
          </accessor>
        </technique_common>
      </source>
      <sampler id="mixamorig_RightUpLeg-Matrix-animation-transform">
        <input semantic="INPUT" source="#mixamorig_RightUpLeg-Matrix-animation-input"/>
        <input semantic="OUTPUT" source="#mixamorig_RightUpLeg-Matrix-animation-output-transform"/>
        <input semantic="INTERPOLATION" source="#mixamorig_RightUpLeg-Interpolations"/>
      </sampler>
      <channel source="#mixamorig_RightUpLeg-Matrix-animation-transform" target="mixamorig_RightUpLeg/matrix"/>
    </animation>
    <animation id="mixamorig_RightLeg-anim" name="mixamorig_RightLeg">
      <source id="mixamorig_RightLeg-Matrix-animation-input">
        <float_array id="mixamorig_RightLeg-Matrix-animation-input-array" count="39">

0.000000 0.033333 0.066667 0.100000 0.133333 0.166667 0.200000 0.233333 0.266667 0.300000 0.333333 0.366667 0.400000 0.433333 0.466667 0.500000
0.533333 0.566667 0.600000 0.633333 0.666667 0.700000 0.733333 0.766667 0.800000 0.833333 0.866667 0.900000 0.933333 0.966667 1.000000 1.033333
1.066667 1.100000 1.133333 1.166667 1.200000 1.233333 1.266667</float_array>
        <technique_common>
          <accessor source="#mixamorig_RightLeg-Matrix-animation-input-array" count="39">
            <param name="TIME" type="float"/>
          </accessor>
        </technique_common>
      </source>
      <source id="mixamorig_RightLeg-Matrix-animation-output-transform">
        <float_array id="mixamorig_RightLeg-Matrix-animation-output-transform-array" count="624">

0.967904 0.095726 -0.232376 0.000000 0.121029 0.632804 0.764795 48.478100 0.220259 -0.768372 0.600908 0.000000 0.000000 0.000000 0.000000 1.000000
0.965168 0.092909 -0.244580 0.000000 0.123548 0.662181 0.739089 48.478100 0.230624 -0.743562 0.627637 0.000000 0.000000 0.000000 0.000000 1.000000
0.962698 0.088570 -0.255670 0.000000 0.124404 0.694224 0.708926 48.478100 0.240282 -0.714289 0.657310 0.000000 0.000000 0.000000 0.000000 1.000000
0.957436 0.084218 -0.276087 0.000000 0.129937 0.728343 0.672780 48.478100 0.257746 -0.680018 0.686398 0.000000 0.000000 0.000000 0.000000 1.000000
0.949762 0.073560 -0.304205 0.000000 0.141155 0.766835 0.626130 48.478100 0.279334 -0.637615 0.717928 0.000000 0.000000 0.000000 0.000000 1.000000
0.948150 0.064678 -0.311171 0.000000 0.129932 0.814634 0.565233 48.478100 0.290049 -0.576357 0.763992 0.000000 0.000000 0.000000 0.000000 1.000000
0.952272 0.052189 -0.300756 0.000000 0.107090 0.865534 0.489267 48.478100 0.285849 -0.498123 0.818635 0.000000 0.000000 0.000000 0.000000 1.000000
0.961338 0.038957 -0.272602 -0.000000 0.080360 0.907163 0.413034 48.478100 0.263385 -0.418971 0.868960 0.000000 0.000000 0.000000 0.000000 1.000000
0.974403 0.038253 -0.221531 0.000000 0.057806 0.909650 0.411334 48.478100 0.217250 -0.413611 0.884154 0.000000 0.000000 0.000000 0.000000 1.000000
0.986269 0.036795 -0.160995 0.000000 0.032744 0.911939 0.409016 48.478100 0.161867 -0.408672 0.898213 0.000000 0.000000 0.000000 0.000000 1.000000
0.995399 0.035312 -0.089076 0.000000 0.010024 0.886144 0.463302 48.478100 0.095295 -0.462063 0.881712 0.000000 0.000000 0.000000 0.000000 1.000000
0.999000 0.036121 -0.026348 0.000000 -0.015420 0.831518 0.555283 48.478100 0.041966 -0.554322 0.831244 0.000000 0.000000 0.000000 0.000000 1.000000
0.999187 0.037293 0.015305 -0.000000 -0.038689 0.780499 0.623959 48.478100 0.011324 -0.624044 0.781307 0.000000 0.000000 0.000000 0.000000 1.000000
0.996703 0.038705 0.071305 0.000000 -0.076078 0.751225 0.655648 48.478100 -0.028189 -0.658911 0.751693 0.000000 0.000000 0.000000 0.000000 1.000000
0.991070 0.043204 0.126149 0.000000 -0.116948 0.736115 0.666677 48.478100 -0.064057 -0.675476 0.734594 -0.000000 0.000000 0.000000 0.000000 1.000000
0.988506 0.046453 0.143868 -0.000000 -0.132249 0.726799 0.673998 48.478100 -0.073254 -0.685277 0.724589 0.000000 0.000000 0.000000 0.000000 1.000000
0.992077 0.047550 0.116285 0.000000 -0.115015 0.716169 0.688385 48.478100 -0.050547 -0.696305 0.715964 0.000000 0.000000 0.000000 0.000000 1.000000
0.994773 0.049022 0.089574 0.000000 -0.098067 0.703099 0.704297 48.478100 -0.028453 -0.709400 0.704231 0.000000 0.000000 0.000000 0.000000 1.000000
0.996709 0.050906 0.063087 0.000000 -0.080777 0.689165 0.720088 48.478100 -0.006821 -0.722814 0.691009 0.000000 0.000000 0.000000 0.000000 1.000000
0.997913 0.052950 0.036967 0.000000 -0.063098 0.677628 0.732693 48.478100 0.013746 -0.733496 0.679554 -0.000000 0.000000 0.000000 0.000000 1.000000
0.998425 0.055004 0.011049 0.000000 -0.045160 0.671085 0.740003 48.478100 0.033288 -0.739337 0.672512 0.000000 0.000000 0.000000 0.000000 1.000000
0.998257 0.056632 -0.016631 0.000000 -0.026149 0.676948 0.735566 48.478100 0.052915 -0.733849 0.677249 -0.000000 0.000000 0.000000 0.000000 1.000000
0.997342 0.058298 -0.043701 0.000000 -0.008433 0.688139 0.725530 48.478100 0.072370 -0.723233 0.686801 0.000000 0.000000 0.000000 0.000000 1.000000
0.995774 0.059911 -0.069608 0.000000 0.007277 0.704072 0.710091 48.478100 0.091552 -0.707596 0.700661 0.000000 0.000000 0.000000 0.000000 1.000000
0.993730 0.061478 -0.093390 -0.000000 0.020176 0.722953 0.690603 48.478100 0.109973 -0.688157 0.717179 0.000000 0.000000 0.000000 0.000000 1.000000
0.992025 0.062865 -0.109248 0.000000 0.027294 0.739039 0.673110 48.478100 0.123053 -0.670723 0.731429 0.000000 0.000000 0.000000 0.000000 1.000000
0.991324 0.063731 -0.114959 -0.000000 0.028214 0.751038 0.659656 48.478100 0.128379 -0.657176 0.742724 0.000000 0.000000 0.000000 0.000000 1.000000
0.991103 0.064436 -0.116456 0.000000 0.026634 0.761271 0.647887 48.478100 0.130402 -0.645224 0.752782 -0.000000 0.000000 0.000000 0.000000 1.000000
0.991158 0.065177 -0.115573 -0.000000 0.023847 0.769346 0.638388 48.478100 0.130524 -0.635499 0.760989 0.000000 0.000000 0.000000 0.000000 1.000000
0.991252 0.066061 -0.114261 -0.000000 0.020867 0.776390 0.629907 48.478100 0.130324 -0.626781 0.768220 0.000000 0.000000 0.000000 0.000000 1.000000
0.991324 0.066993 -0.113086 0.000000 0.017772 0.784144 0.620325 48.478100 0.130233 -0.616953 0.776150 0.000000 0.000000 0.000000 0.000000 1.000000
0.991617 0.067703 -0.110056 -0.000000 0.013742 0.791652 0.610818 48.478100 0.128480 -0.607210 0.784085 0.000000 0.000000 0.000000 0.000000 1.000000
0.992332 0.067770 -0.103364 0.000000 0.008061 0.799011 0.601262 48.478100 0.123336 -0.597485 0.792339 -0.000000 0.000000 0.000000 0.000000 1.000000
0.993598 0.066797 -0.091112 0.000000 0.000152 0.805689 0.592338 48.478100 0.112975 -0.588560 0.800521 0.000000 0.000000 0.000000 0.000000 1.000000
0.994805 0.065479 -0.077940 -0.000000 -0.007776 0.812306 0.583179 48.478100 0.101497 -0.579544 0.808596 -0.000000 0.000000 0.000000 0.000000 1.000000
0.995834 0.063986 -0.064965 0.000000 -0.015194 0.818931 0.573691 48.478100 0.089910 -0.570314 0.816491 -0.000000 0.000000 0.000000 0.000000 1.000000
0.996726 0.062184 -0.051676 0.000000 -0.022204 0.825082 0.564577 48.478100 0.077744 -0.561581 0.823761 -0.000000 0.000000 0.000000 0.000000 1.000000
0.997419 0.060360 -0.038885 -0.000000 -0.028675 0.831363 0.554989 48.478100 0.065826 -0.552441 0.830949 0.000000 0.000000 0.000000 0.000000 1.000000
0.997920 0.058541 -0.026989 0.000000 -0.034415 0.837832 0.544842 48.478100 0.054508 -0.542780 0.838104 -0.000000 0.000000 0.000000 0.000000 1.000000</float_array>
        <technique_common>
          <accessor source="#mixamorig_RightLeg-Matrix-animation-output-transform-array" count="39" stride="16">
            <param type="float4x4"/>
          </accessor>
        </technique_common>
      </source>
      <source id="mixamorig_RightLeg-Interpolations">
        <Name_array id="mixamorig_RightLeg-Interpolations-array" count="39">
 LINEAR LINEAR LINEAR LINEAR LINEAR LINEAR LINEAR LINEAR LINEAR LINEAR LINEAR
LINEAR LINEAR LINEAR LINEAR LINEAR LINEAR LINEAR LINEAR LINEAR LINEAR LINEAR LINEAR
LINEAR LINEAR LINEAR LINEAR LINEAR LINEAR LINEAR LINEAR LINEAR LINEAR LINEAR LINEAR
LINEAR LINEAR LINEAR LINEAR</Name_array>
        <technique_common>
          <accessor source="#mixamorig_RightLeg-Interpolations-array" count="39">
            <param type="name"/>
          </accessor>
        </technique_common>
      </source>
      <sampler id="mixamorig_RightLeg-Matrix-animation-transform">
        <input semantic="INPUT" source="#mixamorig_RightLeg-Matrix-animation-input"/>
        <input semantic="OUTPUT" source="#mixamorig_RightLeg-Matrix-animation-output-transform"/>
        <input semantic="INTERPOLATION" source="#mixamorig_RightLeg-Interpolations"/>
      </sampler>
      <channel source="#mixamorig_RightLeg-Matrix-animation-transform" target="mixamorig_RightLeg/matrix"/>
    </animation>
    <animation id="mixamorig_RightFoot-anim" name="mixamorig_RightFoot">
      <source id="mixamorig_RightFoot-Matrix-animation-input">
        <float_array id="mixamorig_RightFoot-Matrix-animation-input-array" count="39">

0.000000 0.033333 0.066667 0.100000 0.133333 0.166667 0.200000 0.233333 0.266667 0.300000 0.333333 0.366667 0.400000 0.433333 0.466667 0.500000
0.533333 0.566667 0.600000 0.633333 0.666667 0.700000 0.733333 0.766667 0.800000 0.833333 0.866667 0.900000 0.933333 0.966667 1.000000 1.033333
1.066667 1.100000 1.133333 1.166667 1.200000 1.233333 1.266667</float_array>
        <technique_common>
          <accessor source="#mixamorig_RightFoot-Matrix-animation-input-array" count="39">
            <param name="TIME" type="float"/>
          </accessor>
        </technique_common>
      </source>
      <source id="mixamorig_RightFoot-Matrix-animation-output-transform">
        <float_array id="mixamorig_RightFoot-Matrix-animation-output-transform-array" count="624">

0.989110 -0.033527 0.143310 0.000000 0.130454 0.650536 -0.748188 51.588001 -0.068144 0.758735 0.647825 0.000000 0.000000 0.000000 0.000000 1.000000
0.988879 -0.037647 0.143879 0.000000 0.132458 0.662846 -0.736947 51.588001 -0.067626 0.747809 0.660461 0.000000 0.000000 0.000000 0.000000 1.000000
0.988440 -0.043274 0.145306 0.000000 0.135958 0.677131 -0.723194 51.588001 -0.067096 0.734589 0.675187 0.000000 0.000000 0.000000 0.000000 1.000000
0.988128 -0.046601 0.146395 0.000000 0.137458 0.693766 -0.706962 51.588001 -0.068619 0.718692 0.691935 0.000000 0.000000 0.000000 0.000000 1.000000
0.988216 -0.047333 0.145563 0.000000 0.135276 0.715045 -0.685865 51.588001 -0.071620 0.697475 0.713022 0.000000 0.000000 0.000000 0.000000 1.000000
0.987633 -0.054041 0.147177 0.000000 0.138107 0.744214 -0.653507 51.588001 -0.074215 0.665751 0.742474 0.000000 0.000000 0.000000 0.000000 1.000000
0.986939 -0.065122 0.147347 -0.000000 0.140621 0.794514 -0.590740 51.588001 -0.078599 0.603744 0.793294 0.000000 0.000000 0.000000 0.000000 1.000000
0.986346 -0.078226 0.144921 0.000000 0.139300 0.865691 -0.480807 51.588001 -0.087845 0.494429 0.864767 0.000000 0.000000 0.000000 0.000000 1.000000
0.987968 -0.076245 0.134558 0.000000 0.129045 0.885938 -0.445491 51.588001 -0.085243 0.457495 0.885117 0.000000 0.000000 0.000000 0.000000 1.000000
0.990114 -0.072153 0.120284 0.000000 0.116394 0.901183 -0.417519 51.588001 -0.078272 0.427392 0.900672 0.000000 0.000000 0.000000 0.000000 1.000000
0.992141 -0.058361 0.110680 -0.000000 0.102922 0.883680 -0.456637 51.588001 -0.071155 0.464440 0.882741 0.000000 0.000000 0.000000 0.000000 1.000000
0.991646 -0.053048 0.117578 0.000000 0.108055 0.839444 -0.532596 51.588001 -0.070446 0.540851 0.838163 0.000000 0.000000 0.000000 0.000000 1.000000
0.990399 -0.051337 0.128349 0.000000 0.119665 0.783220 -0.610120 51.588001 -0.069204 0.619622 0.781844 0.000000 0.000000 0.000000 0.000000 1.000000
0.987790 -0.053186 0.146434 0.000000 0.140909 0.705937 -0.694116 51.588001 -0.066456 0.706275 0.704812 0.000000 0.000000 0.000000 0.000000 1.000000
0.984657 -0.054383 0.165808 -0.000000 0.163239 0.622857 -0.765116 51.588001 -0.061666 0.780443 0.622178 0.000000 0.000000 0.000000 0.000000 1.000000
0.983636 -0.050909 0.172823 0.000000 0.170546 0.572345 -0.802082 51.588001 -0.058081 0.818431 0.571662 -0.000000 0.000000 0.000000 0.000000 1.000000
0.986728 -0.038643 0.157719 0.000000 0.151225 0.572523 -0.805822 51.588001 -0.059159 0.818978 0.570768 -0.000000 0.000000 0.000000 0.000000 1.000000
0.989358 -0.026235 0.143115 0.000000 0.132771 0.565127 -0.814250 51.588001 -0.059516 0.824587 0.562596 0.000000 0.000000 0.000000 0.000000 1.000000
0.991683 -0.013279 0.128021 0.000000 0.114212 0.549382 -0.827729 51.588001 -0.059341 0.835466 0.546329 0.000000 0.000000 0.000000 0.000000 1.000000
0.993679 -0.000467 0.112262 0.000000 0.095302 0.532027 -0.841347 51.588001 -0.059334 0.846727 0.528708 0.000000 0.000000 0.000000 0.000000 1.000000
0.995313 0.011950 0.095963 -0.000000 0.076014 0.516746 -0.852757 51.588001 -0.059779 0.856055 0.513416 0.000000 0.000000 0.000000 0.000000 1.000000
0.996595 0.024341 0.078780 0.000000 0.055553 0.507818 -0.859672 51.588001 -0.060931 0.861121 0.504736 0.000000 0.000000 0.000000 0.000000 1.000000
0.997420 0.035957 0.062127 -0.000000 0.035596 0.503820 -0.863075 51.588001 -0.062334 0.863060 0.501240 0.000000 0.000000 0.000000 0.000000 1.000000
0.997825 0.046756 0.046467 0.000000 0.016504 0.505257 -0.862811 51.588001 -0.063819 0.861702 0.503386 0.000000 0.000000 0.000000 0.000000 1.000000
0.997881 0.056282 0.032637 0.000000 -0.000663 0.510424 -0.859922 51.588001 -0.065057 0.858079 0.509380 0.000000 0.000000 0.000000 0.000000 1.000000
0.997787 0.062101 0.023756 0.000000 -0.011667 0.515271 -0.856948 51.588001 -0.065458 0.854775 0.514855 0.000000 0.000000 0.000000 0.000000 1.000000
0.997761 0.063689 0.020391 0.000000 -0.015685 0.519300 -0.854448 51.588001 -0.065008 0.852215 0.519137 0.000000 0.000000 0.000000 0.000000 1.000000
0.997791 0.063578 0.019250 0.000000 -0.016866 0.522759 -0.852314 51.588001 -0.064251 0.850107 0.522676 -0.000000 0.000000 0.000000 0.000000 1.000000
0.997852 0.062597 0.019298 0.000000 -0.016467 0.524864 -0.851027 51.588001 -0.063400 0.848881 0.524768 0.000000 0.000000 0.000000 0.000000 1.000000
0.997913 0.061545 0.019544 0.000000 -0.015794 0.526099 -0.850277 51.588001 -0.062612 0.848194 0.525973 0.000000 0.000000 0.000000 0.000000 1.000000
0.997967 0.060614 0.019698 0.000000 -0.015295 0.527787 -0.849239 51.588001 -0.061872 0.847211 0.527641 0.000000 0.000000 0.000000 0.000000 1.000000
0.998038 0.059083 0.020699 0.000000 -0.013767 0.529672 -0.848091 51.588001 -0.061071 0.846142 0.529446 0.000000 0.000000 0.000000 0.000000 1.000000
0.998138 0.056301 0.023483 -0.000000 -0.010112 0.532333 -0.846475 51.588001 -0.060158 0.844661 0.531911 0.000000 0.000000 0.000000 0.000000 1.000000
0.998249 0.051562 0.028993 0.000000 -0.003168 0.536013 -0.844204 51.588001 -0.059069 0.842633 0.535238 0.000000 0.000000 0.000000 0.000000 1.000000
0.998303 0.046603 0.034922 0.000000 0.004230 0.540057 -0.841618 51.588001 -0.058082 0.840337 0.538943 0.000000 0.000000 0.000000 0.000000 1.000000
0.998293 0.041766 0.040829 -0.000000 0.011526 0.544431 -0.838726 51.588001 -0.057259 0.837765 0.543021 0.000000 0.000000 0.000000 0.000000 1.000000
0.998211 0.036562 0.047300 0.000000 0.019439 0.549696 -0.835139 51.588001 -0.056535 0.834564 0.548002 0.000000 0.000000 0.000000 0.000000 1.000000
0.998062 0.031573 0.053626 0.000000 0.027108 0.555102 -0.831340 51.588001 -0.056015 0.831183 0.553170 -0.000000 0.000000 0.000000 0.000000 1.000000
0.997853 0.026990 0.059669 0.000000 0.034319 0.560496 -0.827446 51.588001 -0.055777 0.827717 0.558366 -0.000000 0.000000 0.000000 0.000000 1.000000</float_array>
        <technique_common>
          <accessor source="#mixamorig_RightFoot-Matrix-animation-output-transform-array" count="39" stride="16">
            <param type="float4x4"/>
          </accessor>
        </technique_common>
      </source>
      <source id="mixamorig_RightFoot-Interpolations">
        <Name_array id="mixamorig_RightFoot-Interpolations-array" count="39">
 LINEAR LINEAR LINEAR LINEAR LINEAR LINEAR LINEAR LINEAR LINEAR LINEAR LINEAR
LINEAR LINEAR LINEAR LINEAR LINEAR LINEAR LINEAR LINEAR LINEAR LINEAR LINEAR LINEAR
LINEAR LINEAR LINEAR LINEAR LINEAR LINEAR LINEAR LINEAR LINEAR LINEAR LINEAR LINEAR
LINEAR LINEAR LINEAR LINEAR</Name_array>
        <technique_common>
          <accessor source="#mixamorig_RightFoot-Interpolations-array" count="39">
            <param type="name"/>
          </accessor>
        </technique_common>
      </source>
      <sampler id="mixamorig_RightFoot-Matrix-animation-transform">
        <input semantic="INPUT" source="#mixamorig_RightFoot-Matrix-animation-input"/>
        <input semantic="OUTPUT" source="#mixamorig_RightFoot-Matrix-animation-output-transform"/>
        <input semantic="INTERPOLATION" source="#mixamorig_RightFoot-Interpolations"/>
      </sampler>
      <channel source="#mixamorig_RightFoot-Matrix-animation-transform" target="mixamorig_RightFoot/matrix"/>
    </animation>
    <animation id="mixamorig_RightToeBase-anim" name="mixamorig_RightToeBase">
      <source id="mixamorig_RightToeBase-Matrix-animation-input">
        <float_array id="mixamorig_RightToeBase-Matrix-animation-input-array" count="39">

0.000000 0.033333 0.066667 0.100000 0.133333 0.166667 0.200000 0.233333 0.266667 0.300000 0.333333 0.366667 0.400000 0.433333 0.466667 0.500000
0.533333 0.566667 0.600000 0.633333 0.666667 0.700000 0.733333 0.766667 0.800000 0.833333 0.866667 0.900000 0.933333 0.966667 1.000000 1.033333
1.066667 1.100000 1.133333 1.166667 1.200000 1.233333 1.266667</float_array>
        <technique_common>
          <accessor source="#mixamorig_RightToeBase-Matrix-animation-input-array" count="39">
            <param name="TIME" type="float"/>
          </accessor>
        </technique_common>
      </source>
      <source id="mixamorig_RightToeBase-Matrix-animation-output-transform">
        <float_array id="mixamorig_RightToeBase-Matrix-animation-output-transform-array" count="624">

0.997686 -0.066184 -0.015584 -0.000000 0.035748 0.705529 -0.707779 21.400000 0.057839 0.705584 0.706262 -0.000000 0.000000 0.000000 0.000000 1.000000
0.997831 -0.063909 -0.015756 0.000000 0.034023 0.705684 -0.707710 21.400000 0.056348 0.705639 0.706328 0.000000 0.000000 0.000000 0.000000 1.000000
0.997973 -0.061617 -0.015930 0.000000 0.032284 0.705839 -0.707636 21.400000 0.054847 0.705687 0.706398 0.000000 0.000000 0.000000 0.000000 1.000000
0.998109 -0.059304 -0.016169 0.000000 0.030481 0.705941 -0.707615 21.400000 0.053378 0.705784 0.706413 0.000000 0.000000 0.000000 0.000000 1.000000
0.998242 -0.056975 -0.016315 0.000000 0.028738 0.706113 -0.707516 21.400000 0.051831 0.705803 0.706509 0.000000 0.000000 0.000000 0.000000 1.000000
0.997648 -0.065005 -0.021754 -0.000000 0.029394 0.692386 -0.720929 21.400000 0.061926 0.718594 0.692668 0.000000 0.000000 0.000000 0.000000 1.000000
0.996769 -0.078987 -0.014561 0.000000 0.041202 0.658468 -0.751480 21.400000 0.068945 0.748452 0.659595 0.000000 0.000000 0.000000 0.000000 1.000000
0.994973 -0.099995 -0.005481 -0.000000 0.056758 0.608152 -0.791789 21.400000 0.082509 0.787498 0.610770 0.000000 0.000000 0.000000 0.000000 1.000000
0.994049 -0.108782 0.005837 -0.000000 0.069848 0.595325 -0.800443 21.400000 0.083599 0.796087 0.599380 0.000000 0.000000 0.000000 0.000000 1.000000
0.993476 -0.112425 0.019116 0.000000 0.083044 0.598335 -0.796931 21.400000 0.078157 0.793320 0.603768 0.000000 0.000000 0.000000 0.000000 1.000000
0.993157 -0.113003 0.029492 0.000000 0.092965 0.612091 -0.785304 21.400000 0.070689 0.782672 0.618408 0.000000 0.000000 0.000000 0.000000 1.000000
0.992960 -0.113325 0.034469 0.000000 0.098753 0.631307 -0.769220 21.400000 0.065412 0.767209 0.638054 -0.000000 0.000000 0.000000 0.000000 1.000000
0.992861 -0.113386 0.037020 0.000000 0.102481 0.652128 -0.751150 21.400000 0.061028 0.749582 0.659092 0.000000 0.000000 0.000000 0.000000 1.000000
0.994841 -0.092922 0.040709 0.000000 0.092750 0.670541 -0.736052 21.400000 0.041098 0.736031 0.675700 0.000000 0.000000 0.000000 0.000000 1.000000
0.998304 -0.036445 0.045400 0.000000 0.058037 0.684644 -0.726564 21.400000 -0.004603 0.727966 0.685598 0.000000 0.000000 0.000000 0.000000 1.000000
0.998917 0.001650 0.046499 -0.000000 0.032471 0.691042 -0.722085 21.400000 -0.033324 0.722813 0.690240 0.000000 0.000000 0.000000 0.000000 1.000000
0.998916 0.001695 0.046521 -0.000000 0.032456 0.691042 -0.722086 21.400000 -0.033372 0.722813 0.690237 0.000000 0.000000 0.000000 0.000000 1.000000
0.998915 0.001742 0.046543 0.000000 0.032439 0.691043 -0.722085 21.400000 -0.033422 0.722812 0.690236 0.000000 0.000000 0.000000 0.000000 1.000000
0.998914 0.001792 0.046567 0.000000 0.032422 0.691044 -0.722085 21.400000 -0.033473 0.722810 0.690235 -0.000000 0.000000 0.000000 0.000000 1.000000
0.998912 0.001842 0.046591 0.000000 0.032405 0.691046 -0.722084 21.400000 -0.033526 0.722809 0.690234 0.000000 0.000000 0.000000 0.000000 1.000000
0.998911 0.001893 0.046615 0.000000 0.032387 0.691047 -0.722084 21.400000 -0.033580 0.722807 0.690233 0.000000 0.000000 0.000000 0.000000 1.000000
0.998910 0.001945 0.046639 0.000000 0.032369 0.691049 -0.722083 21.400000 -0.033634 0.722805 0.690233 0.000000 0.000000 0.000000 0.000000 1.000000
0.998909 0.001996 0.046663 0.000000 0.032351 0.691052 -0.722081 21.400000 -0.033688 0.722802 0.690233 0.000000 0.000000 0.000000 0.000000 1.000000
0.998907 0.002045 0.046687 0.000000 0.032333 0.691054 -0.722079 21.400000 -0.033740 0.722800 0.690233 0.000000 0.000000 0.000000 0.000000 1.000000
0.998906 0.002095 0.046710 0.000000 0.032316 0.691058 -0.722077 21.400000 -0.033792 0.722796 0.690234 -0.000000 0.000000 0.000000 0.000000 1.000000
0.998905 0.002144 0.046733 0.000000 0.032298 0.691061 -0.722075 21.400000 -0.033844 0.722794 0.690235 0.000000 0.000000 0.000000 0.000000 1.000000
0.998904 0.002194 0.046756 -0.000000 0.032281 0.691064 -0.722072 21.400000 -0.033896 0.722790 0.690236 0.000000 0.000000 0.000000 0.000000 1.000000
0.998903 0.002243 0.046779 0.000000 0.032263 0.691068 -0.722069 21.400000 -0.033947 0.722786 0.690237 0.000000 0.000000 0.000000 0.000000 1.000000
0.998902 0.002289 0.046800 0.000000 0.032246 0.691072 -0.722066 21.400000 -0.033995 0.722782 0.690239 0.000000 0.000000 0.000000 0.000000 1.000000
0.998901 0.002332 0.046820 -0.000000 0.032231 0.691076 -0.722063 21.400000 -0.034040 0.722778 0.690241 0.000000 0.000000 0.000000 0.000000 1.000000
0.998900 0.002374 0.046840 0.000000 0.032215 0.691081 -0.722059 21.400000 -0.034084 0.722773 0.690244 0.000000 0.000000 0.000000 0.000000 1.000000
0.998899 0.002416 0.046858 0.000000 0.032200 0.691086 -0.722055 21.400000 -0.034128 0.722769 0.690247 0.000000 0.000000 0.000000 0.000000 1.000000
0.998898 0.002455 0.046876 0.000000 0.032186 0.691091 -0.722051 21.400000 -0.034168 0.722764 0.690250 0.000000 0.000000 0.000000 0.000000 1.000000
0.998897 0.002490 0.046892 0.000000 0.032173 0.691098 -0.722045 21.400000 -0.034205 0.722757 0.690255 0.000000 0.000000 0.000000 0.000000 1.000000
0.998896 0.002522 0.046905 0.000000 0.032160 0.691105 -0.722038 21.400000 -0.034237 0.722750 0.690261 0.000000 0.000000 0.000000 0.000000 1.000000
0.998896 0.002548 0.046916 0.000000 0.032150 0.691113 -0.722032 21.400000 -0.034264 0.722742 0.690268 -0.000000 0.000000 0.000000 0.000000 1.000000
0.998895 0.002570 0.046925 0.000000 0.032141 0.691121 -0.722024 21.400000 -0.034286 0.722735 0.690275 -0.000000 0.000000 0.000000 0.000000 1.000000
0.998895 0.002583 0.046930 0.000000 0.032135 0.691129 -0.722017 21.400000 -0.034300 0.722727 0.690282 0.000000 0.000000 0.000000 0.000000 1.000000
0.998895 0.002588 0.046931 0.000000 0.032131 0.691138 -0.722008 21.400000 -0.034305 0.722718 0.690291 0.000000 0.000000 0.000000 0.000000 1.000000</float_array>
        <technique_common>
          <accessor source="#mixamorig_RightToeBase-Matrix-animation-output-transform-array" count="39" stride="16">
            <param type="float4x4"/>
          </accessor>
        </technique_common>
      </source>
      <source id="mixamorig_RightToeBase-Interpolations">
        <Name_array id="mixamorig_RightToeBase-Interpolations-array" count="39">
 LINEAR LINEAR LINEAR LINEAR LINEAR LINEAR LINEAR LINEAR LINEAR LINEAR LINEAR
LINEAR LINEAR LINEAR LINEAR LINEAR LINEAR LINEAR LINEAR LINEAR LINEAR LINEAR LINEAR
LINEAR LINEAR LINEAR LINEAR LINEAR LINEAR LINEAR LINEAR LINEAR LINEAR LINEAR LINEAR
LINEAR LINEAR LINEAR LINEAR</Name_array>
        <technique_common>
          <accessor source="#mixamorig_RightToeBase-Interpolations-array" count="39">
            <param type="name"/>
          </accessor>
        </technique_common>
      </source>
      <sampler id="mixamorig_RightToeBase-Matrix-animation-transform">
        <input semantic="INPUT" source="#mixamorig_RightToeBase-Matrix-animation-input"/>
        <input semantic="OUTPUT" source="#mixamorig_RightToeBase-Matrix-animation-output-transform"/>
        <input semantic="INTERPOLATION" source="#mixamorig_RightToeBase-Interpolations"/>
      </sampler>
      <channel source="#mixamorig_RightToeBase-Matrix-animation-transform" target="mixamorig_RightToeBase/matrix"/>
    </animation>
  </library_animations>
  <library_visual_scenes>
    <visual_scene id="RootNode" name="RootNode">
      <node id="mixamorig_Hips" name="mixamorig_Hips" sid="mixamorig_Hips" type="JOINT">
        <matrix sid="matrix">0.579455 0.118825 0.806295 -2.396586 0.019104 0.987062 -0.159195 100.216492 -0.814780 0.107650 0.569688 -1.441218 0.000000 0.000000 0.000000 1.000000</matrix>
        <node id="mixamorig_Spine" name="mixamorig_Spine" sid="mixamorig_Spine" type="JOINT">
          <matrix sid="matrix">0.996451 -0.051782 -0.066361 -0.000000 0.042933 0.990785 -0.128456 13.214800 0.072402 0.125151 0.989492 0.000000 0.000000 0.000000 0.000000 1.000000</matrix>
          <node id="mixamorig_Spine1" name="mixamorig_Spine1" sid="mixamorig_Spine1" type="JOINT">
            <matrix sid="matrix">0.998853 0.040920 -0.024858 0.000000 -0.041447 0.998918 -0.021078 9.224200 0.023968 0.022084 0.999469 -0.000000 0.000000 0.000000 0.000000 1.000000</matrix>
            <node id="mixamorig_Spine2" name="mixamorig_Spine2" sid="mixamorig_Spine2" type="JOINT">
              <matrix sid="matrix">0.999565 0.018795 -0.022732 0.000000 -0.018883 0.999815 -0.003641 11.063000 0.022659 0.004068 0.999735 0.000000 0.000000 0.000000 0.000000 1.000000</matrix>
              <node id="mixamorig_Neck" name="mixamorig_Neck" sid="mixamorig_Neck" type="JOINT">
                <matrix sid="matrix">0.985070 -0.027001 -0.170026 -0.006000 0.032878 0.998952 0.031849 23.723499 0.168988 -0.036964 0.984925 -1.446200 0.000000 0.000000 0.000000 1.000000</matrix>
                <node id="mixamorig_Head" name="mixamorig_Head" sid="mixamorig_Head" type="JOINT">
                  <matrix sid="matrix">0.912383 -0.079625 -0.401518 0.000000 0.112643 0.991866 0.059267 10.037100 0.393533 -0.099302 0.913932 3.529500 0.000000 0.000000 0.000000 1.000000</matrix>
                  <node id="mixamorig_HeadTop_End" name="mixamorig_HeadTop_End" sid="mixamorig_HeadTop_End" type="JOINT">
                    <matrix sid="matrix">1.000000 0.000000 0.000000 0.000000 -0.000000 1.000000 0.000000 17.783001 0.000000 0.000000 1.000000 3.803600 0.000000 0.000000 0.000000 1.000000</matrix>
                  </node>
                  <node id="mixamorig_RightEye" name="mixamorig_RightEye" sid="mixamorig_RightEye" type="JOINT">
                    <matrix sid="matrix">1.000000 0.000000 -0.000000 -3.293300 0.000000 -0.000000 -1.000000 4.765900 0.000000 1.000000 0.000000 6.339300 0.000000 0.000000 0.000000 1.000000</matrix>
                  </node>
                </node>
              </node>
              <node id="mixamorig_LeftShoulder" name="mixamorig_LeftShoulder" sid="mixamorig_LeftShoulder" type="JOINT">
                <matrix sid="matrix">-0.348181 0.812062 -0.468321 11.304900 -0.110047 -0.531535 -0.839857 19.886000 -0.930946 -0.240885 0.274435 -3.966000 0.000000 0.000000 0.000000 1.000000</matrix>
                <node id="mixamorig_LeftArm" name="mixamorig_LeftArm" sid="mixamorig_LeftArm" type="JOINT">
                  <matrix sid="matrix">0.997273 -0.001760 0.073779 0.000000 0.032635 0.907175 -0.419486 12.686800 -0.066192 0.420750 0.904759 -0.000000 0.000000 0.000000 0.000000 1.000000</matrix>
                  <node id="mixamorig_LeftForeArm" name="mixamorig_LeftForeArm" sid="mixamorig_LeftForeArm" type="JOINT">
                    <matrix sid="matrix">0.266616 -0.963801 -0.001718 0.000000 0.960680 0.265895 -0.079960 30.736700 0.077523 0.019668 0.996797 -0.000000 0.000000 0.000000 0.000000 1.000000</matrix>
                    <node id="mixamorig_LeftHand" name="mixamorig_LeftHand" sid="mixamorig_LeftHand" type="JOINT">
                      <matrix sid="matrix">0.884762 -0.464485 0.038080 -0.000000 0.464148 0.870855 -0.161796 26.713100 0.041990 0.160825 0.986089 -0.000000 0.000000 0.000000 0.000000 1.000000</matrix>
                      <node id="mixamorig_LeftHandThumb1" name="mixamorig_LeftHandThumb1" sid="mixamorig_LeftHandThumb1" type="JOINT">
                        <matrix sid="matrix">0.975549 0.095620 0.197891 -2.604400 0.108172 0.574892 -0.811047 4.344900 -0.191319 0.812623 0.550492 2.566800 0.000000 0.000000 0.000000 1.000000</matrix>
                        <node id="mixamorig_LeftHandThumb2" name="mixamorig_LeftHandThumb2" sid="mixamorig_LeftHandThumb2" type="JOINT">
                          <matrix sid="matrix">0.951177 -0.055129 0.303681 -0.000000 -0.005302 0.980855 0.194667 4.523200 -0.308599 -0.186773 0.932675 -0.000000 0.000000 0.000000 0.000000 1.000000</matrix>
                          <node id="mixamorig_LeftHandThumb3" name="mixamorig_LeftHandThumb3" sid="mixamorig_LeftHandThumb3" type="JOINT">
                            <matrix sid="matrix">0.926700 0.297562 -0.229530 0.000000 -0.228316 0.930924 0.285047 3.636400 0.298494 -0.211748 0.930626 0.000000 0.000000 0.000000 0.000000 1.000000</matrix>
                            <node id="mixamorig_LeftHandThumb4" name="mixamorig_LeftHandThumb4" sid="mixamorig_LeftHandThumb4" type="JOINT">
                              <matrix sid="matrix">1.000000 0.000000 -0.000000 0.000000 0.000000 1.000000 -0.000000 3.907300 -0.000000 0.000000 1.000000 0.000000 0.000000 0.000000 0.000000 1.000000</matrix>
                            </node>
                          </node>
                        </node>
                      </node>
                      <node id="mixamorig_LeftHandIndex1" name="mixamorig_LeftHandIndex1" sid="mixamorig_LeftHandIndex1" type="JOINT">
                        <matrix sid="matrix">0.998596 0.024267 -0.047094 -3.402400 -0.052964 0.477689 -0.876931 12.111600 0.001216 0.878194 0.478303 0.315900 0.000000 0.000000 0.000000 1.000000</matrix>
                        <node id="mixamorig_LeftHandIndex2" name="mixamorig_LeftHandIndex2" sid="mixamorig_LeftHandIndex2" type="JOINT">
                          <matrix sid="matrix">0.997059 -0.030317 0.070390 -0.000000 0.076641 0.395833 -0.915119 4.509100 -0.000119 0.917822 0.396992 0.000000 0.000000 0.000000 0.000000 1.000000</matrix>
                          <node id="mixamorig_LeftHandIndex3" name="mixamorig_LeftHandIndex3" sid="mixamorig_LeftHandIndex3" type="JOINT">
                            <matrix sid="matrix">0.999412 0.032620 0.010569 0.000000 -0.007477 0.508152 -0.861235 2.907200 -0.033464 0.860649 0.508097 -0.000000 0.000000 0.000000 0.000000 1.000000</matrix>
                            <node id="mixamorig_LeftHandIndex4" name="mixamorig_LeftHandIndex4" sid="mixamorig_LeftHandIndex4" type="JOINT">
                              <matrix sid="matrix">1.000000 -0.000000 0.000000 -0.000000 0.000000 1.000000 0.000000 2.981700 0.000000 0.000000 1.000000 0.000000 0.000000 0.000000 0.000000 1.000000</matrix>
                            </node>
                          </node>
                        </node>
                      </node>
                      <node id="mixamorig_LeftHandMiddle1" name="mixamorig_LeftHandMiddle1" sid="mixamorig_LeftHandMiddle1" type="JOINT">
                        <matrix sid="matrix">0.999765 -0.019255 -0.009923 0.000000 -0.002091 0.370195 -0.928952 13.093800 0.021561 0.928754 0.370068 0.000000 0.000000 0.000000 0.000000 1.000000</matrix>
                        <node id="mixamorig_LeftHandMiddle2" name="mixamorig_LeftHandMiddle2" sid="mixamorig_LeftHandMiddle2" type="JOINT">
                          <matrix sid="matrix">0.996341 -0.009520 0.084930 0.000000 0.085451 0.095429 -0.991762 3.620200 0.001337 0.995391 0.095893 -0.000000 0.000000 0.000000 0.000000 1.000000</matrix>
                          <node id="mixamorig_LeftHandMiddle3" name="mixamorig_LeftHandMiddle3" sid="mixamorig_LeftHandMiddle3" type="JOINT">
                            <matrix sid="matrix">0.999600 0.028255 0.000913 0.000000 -0.023285 0.841192 -0.540236 2.832500 -0.016032 0.539999 0.841513 -0.000000 0.000000 0.000000 0.000000 1.000000</matrix>
                            <node id="mixamorig_LeftHandMiddle4" name="mixamorig_LeftHandMiddle4" sid="mixamorig_LeftHandMiddle4" type="JOINT">
                              <matrix sid="matrix">1.000000 0.000000 0.000000 0.000000 0.000000 1.000000 -0.000000 4.715600 0.000000 0.000000 1.000000 0.000000 0.000000 0.000000 0.000000 1.000000</matrix>
                            </node>
                          </node>
                        </node>
                      </node>
                      <node id="mixamorig_LeftHandRing1" name="mixamorig_LeftHandRing1" sid="mixamorig_LeftHandRing1" type="JOINT">
                        <matrix sid="matrix">0.996641 0.030230 -0.076113 3.523100 -0.080441 0.186896 -0.979081 12.918800 -0.015372 0.981915 0.188699 -0.015900 0.000000 0.000000 0.000000 1.000000</matrix>
                        <node id="mixamorig_LeftHandRing2" name="mixamorig_LeftHandRing2" sid="mixamorig_LeftHandRing2" type="JOINT">
                          <matrix sid="matrix">0.999725 -0.017709 0.015378 -0.000000 0.019830 0.288064 -0.957406 2.936000 0.012525 0.957447 0.288336 0.000000 0.000000 0.000000 0.000000 1.000000</matrix>
                          <node id="mixamorig_LeftHandRing3" name="mixamorig_LeftHandRing3" sid="mixamorig_LeftHandRing3" type="JOINT">
                            <matrix sid="matrix">0.999780 0.015515 -0.014097 -0.000000 -0.020932 0.775373 -0.631157 3.435600 0.001138 0.631313 0.775527 0.000000 0.000000 0.000000 0.000000 1.000000</matrix>
                            <node id="mixamorig_LeftHandRing4" name="mixamorig_LeftHandRing4" sid="mixamorig_LeftHandRing4" type="JOINT">
                              <matrix sid="matrix">1.000000 -0.000000 0.000000 0.000000 0.000000 1.000000 0.000000 3.120600 0.000000 0.000000 1.000000 0.000000 0.000000 0.000000 0.000000 1.000000</matrix>
                            </node>
                          </node>
                        </node>
                      </node>
                      <node id="mixamorig_LeftHandPinky1" name="mixamorig_LeftHandPinky1" sid="mixamorig_LeftHandPinky1" type="JOINT">
                        <matrix sid="matrix">0.997630 -0.068770 -0.002150 6.518400 0.001738 0.056436 -0.998405 11.479300 0.068782 0.996035 0.056422 0.316100 0.000000 0.000000 0.000000 1.000000</matrix>
                        <node id="mixamorig_LeftHandPinky2" name="mixamorig_LeftHandPinky2" sid="mixamorig_LeftHandPinky2" type="JOINT">
                          <matrix sid="matrix">0.999999 -0.001027 0.000548 0.000000 0.001043 0.581907 -0.813255 2.474700 0.000516 0.813255 0.581908 0.000000 0.000000 0.000000 0.000000 1.000000</matrix>
                          <node id="mixamorig_LeftHandPinky3" name="mixamorig_LeftHandPinky3" sid="mixamorig_LeftHandPinky3" type="JOINT">
                            <matrix sid="matrix">1.000000 -0.000533 0.000113 0.000000 0.000529 0.900092 -0.435699 2.073800 0.000130 0.435699 0.900092 -0.000000 0.000000 0.000000 0.000000 1.000000</matrix>
                            <node id="mixamorig_LeftHandPinky4" name="mixamorig_LeftHandPinky4" sid="mixamorig_LeftHandPinky4" type="JOINT">
                              <matrix sid="matrix">1.000000 -0.000000 -0.000000 0.000000 0.000000 1.000000 0.000000 2.978900 0.000000 0.000000 1.000000 -0.000000 0.000000 0.000000 0.000000 1.000000</matrix>
                            </node>
                          </node>
                        </node>
                      </node>
                    </node>
                  </node>
                </node>
              </node>
              <node id="mixamorig_RightShoulder" name="mixamorig_RightShoulder" sid="mixamorig_RightShoulder" type="JOINT">
                <matrix sid="matrix">0.154161 -0.847392 0.508096 -11.278600 0.030685 -0.509889 -0.859693 19.886000 0.987569 0.148122 -0.052603 -3.966000 0.000000 0.000000 0.000000 1.000000</matrix>
                <node id="mixamorig_RightArm" name="mixamorig_RightArm" sid="mixamorig_RightArm" type="JOINT">
                  <matrix sid="matrix">0.956850 0.255186 -0.138992 0.000000 -0.286732 0.906774 -0.309106 12.686800 0.047155 0.335621 0.940816 0.000000 0.000000 0.000000 0.000000 1.000000</matrix>
                  <node id="mixamorig_RightForeArm" name="mixamorig_RightForeArm" sid="mixamorig_RightForeArm" type="JOINT">
                    <matrix sid="matrix">-0.061237 0.998000 0.015695 -0.000000 -0.849639 -0.043868 -0.525537 30.736700 -0.523797 -0.045517 0.850626 0.000000 0.000000 0.000000 0.000000 1.000000</matrix>
                    <node id="mixamorig_RightHand" name="mixamorig_RightHand" sid="mixamorig_RightHand" type="JOINT">
                      <matrix sid="matrix">0.999978 0.006543 -0.000844 -0.000000 -0.006580 0.998358 -0.056895 26.713100 0.000470 0.056899 0.998380 0.000000 0.000000 0.000000 0.000000 1.000000</matrix>
                      <node id="mixamorig_RightHandThumb1" name="mixamorig_RightHandThumb1" sid="mixamorig_RightHandThumb1" type="JOINT">
                        <matrix sid="matrix">0.859878 0.403244 -0.313057 2.712200 -0.509085 0.631711 -0.584614 6.800000 -0.037980 0.662069 0.748480 2.789800 0.000000 0.000000 0.000000 1.000000</matrix>
                        <node id="mixamorig_RightHandThumb2" name="mixamorig_RightHandThumb2" sid="mixamorig_RightHandThumb2" type="JOINT">
                          <matrix sid="matrix">0.922602 -0.321535 -0.213124 0.000000 0.322991 0.945960 -0.028934 4.523200 0.210910 -0.042142 0.976597 0.000000 0.000000 0.000000 0.000000 1.000000</matrix>
                          <node id="mixamorig_RightHandThumb3" name="mixamorig_RightHandThumb3" sid="mixamorig_RightHandThumb3" type="JOINT">
                            <matrix sid="matrix">0.589492 -0.441782 -0.676260 0.000000 -0.025590 0.826556 -0.562273 3.636400 0.807369 0.348761 0.475943 0.000000 0.000000 0.000000 0.000000 1.000000</matrix>
                            <node id="mixamorig_RightHandThumb4" name="mixamorig_RightHandThumb4" sid="mixamorig_RightHandThumb4" type="JOINT">
                              <matrix sid="matrix">1.000000 -0.000000 -0.000000 0.000000 0.000000 1.000000 0.000000 3.907300 -0.000000 0.000000 1.000000 0.000000 0.000000 0.000000 0.000000 1.000000</matrix>
                            </node>
                          </node>
                        </node>
                      </node>
                      <node id="mixamorig_RightHandIndex1" name="mixamorig_RightHandIndex1" sid="mixamorig_RightHandIndex1" type="JOINT">
                        <matrix sid="matrix">0.988738 0.082880 -0.124609 3.526400 -0.136020 0.150447 -0.979216 14.497500 -0.062410 0.985138 0.160026 1.249000 0.000000 0.000000 0.000000 1.000000</matrix>
                        <node id="mixamorig_RightHandIndex2" name="mixamorig_RightHandIndex2" sid="mixamorig_RightHandIndex2" type="JOINT">
                          <matrix sid="matrix">0.997069 0.029245 -0.070693 0.000000 -0.076503 0.382219 -0.920899 4.509100 0.000089 0.923609 0.383336 0.000000 0.000000 0.000000 0.000000 1.000000</matrix>
                          <node id="mixamorig_RightHandIndex3" name="mixamorig_RightHandIndex3" sid="mixamorig_RightHandIndex3" type="JOINT">
                            <matrix sid="matrix">0.999404 -0.034506 -0.000035 0.000000 0.012010 0.348804 -0.937119 2.907200 0.032348 0.936560 0.349011 -0.000000 0.000000 0.000000 0.000000 1.000000</matrix>
                            <node id="mixamorig_RightHandIndex4" name="mixamorig_RightHandIndex4" sid="mixamorig_RightHandIndex4" type="JOINT">
                              <matrix sid="matrix">1.000000 0.000000 0.000000 0.000000 0.000000 1.000000 0.000000 2.981700 0.000000 -0.000000 1.000000 0.000000 0.000000 0.000000 0.000000 1.000000</matrix>
                            </node>
                          </node>
                        </node>
                      </node>
                      <node id="mixamorig_RightHandMiddle1" name="mixamorig_RightHandMiddle1" sid="mixamorig_RightHandMiddle1" type="JOINT">
                        <matrix sid="matrix">0.994537 0.092939 0.047534 -0.000000 0.042220 0.058331 -0.997404 15.099700 -0.095470 0.993962 0.054089 0.000000 0.000000 0.000000 0.000000 1.000000</matrix>
                        <node id="mixamorig_RightHandMiddle2" name="mixamorig_RightHandMiddle2" sid="mixamorig_RightHandMiddle2" type="JOINT">
                          <matrix sid="matrix">0.996348 0.020940 -0.082775 -0.000000 -0.085374 0.230842 -0.969239 3.620200 -0.001187 0.972766 0.231786 0.000000 0.000000 0.000000 0.000000 1.000000</matrix>
                          <node id="mixamorig_RightHandMiddle3" name="mixamorig_RightHandMiddle3" sid="mixamorig_RightHandMiddle3" type="JOINT">
                            <matrix sid="matrix">0.999609 -0.027931 -0.001530 0.000000 0.009396 0.386793 -0.922119 2.832500 0.026347 0.921744 0.386904 0.000000 0.000000 0.000000 0.000000 1.000000</matrix>
                            <node id="mixamorig_RightHandMiddle4" name="mixamorig_RightHandMiddle4" sid="mixamorig_RightHandMiddle4" type="JOINT">
                              <matrix sid="matrix">1.000000 0.000000 0.000000 -0.000000 -0.000000 1.000000 0.000000 4.715600 -0.000000 -0.000000 1.000000 0.000000 0.000000 0.000000 0.000000 1.000000</matrix>
                            </node>
                          </node>
                        </node>
                      </node>
                      <node id="mixamorig_RightHandRing1" name="mixamorig_RightHandRing1" sid="mixamorig_RightHandRing1" type="JOINT">
                        <matrix sid="matrix">0.994618 0.078614 0.067494 -3.512100 0.068267 -0.007183 -0.997641 15.621700 -0.077944 0.996879 -0.012511 0.773000 0.000000 0.000000 0.000000 1.000000</matrix>
                        <node id="mixamorig_RightHandRing2" name="mixamorig_RightHandRing2" sid="mixamorig_RightHandRing2" type="JOINT">
                          <matrix sid="matrix">0.999747 0.022426 -0.001539 -0.000000 -0.011786 0.464624 -0.885430 2.936000 -0.019142 0.885224 0.464771 0.000000 0.000000 0.000000 0.000000 1.000000</matrix>
                          <node id="mixamorig_RightHandRing3" name="mixamorig_RightHandRing3" sid="mixamorig_RightHandRing3" type="JOINT">
                            <matrix sid="matrix">0.999784 -0.004480 0.020275 -0.000000 0.020684 0.300567 -0.953536 3.435600 -0.001822 0.953750 0.300595 -0.000000 0.000000 0.000000 0.000000 1.000000</matrix>
                            <node id="mixamorig_RightHandRing4" name="mixamorig_RightHandRing4" sid="mixamorig_RightHandRing4" type="JOINT">
                              <matrix sid="matrix">1.000000 -0.000000 0.000000 -0.000000 0.000000 1.000000 -0.000000 3.120600 0.000000 -0.000000 1.000000 0.000000 0.000000 0.000000 0.000000 1.000000</matrix>
                            </node>
                          </node>
                        </node>
                      </node>
                      <node id="mixamorig_RightHandPinky1" name="mixamorig_RightHandPinky1" sid="mixamorig_RightHandPinky1" type="JOINT">
                        <matrix sid="matrix">0.977785 0.143232 0.153039 -6.433200 0.143732 0.073272 -0.986900 14.089700 -0.152569 0.986973 0.051057 1.001200 0.000000 0.000000 0.000000 1.000000</matrix>
                        <node id="mixamorig_RightHandPinky2" name="mixamorig_RightHandPinky2" sid="mixamorig_RightHandPinky2" type="JOINT">
                          <matrix sid="matrix">0.999999 0.001124 -0.000891 0.000000 -0.001164 0.273865 -0.961767 2.474700 -0.000837 0.961767 0.273866 0.000000 0.000000 0.000000 0.000000 1.000000</matrix>
                          <node id="mixamorig_RightHandPinky3" name="mixamorig_RightHandPinky3" sid="mixamorig_RightHandPinky3" type="JOINT">
                            <matrix sid="matrix">1.000000 0.000839 -0.000461 0.000000 -0.000901 0.661981 -0.749520 2.073800 -0.000324 0.749520 0.661982 -0.000000 0.000000 0.000000 0.000000 1.000000</matrix>
                            <node id="mixamorig_RightHandPinky4" name="mixamorig_RightHandPinky4" sid="mixamorig_RightHandPinky4" type="JOINT">
                              <matrix sid="matrix">1.000000 -0.000000 0.000000 -0.000000 0.000000 1.000000 0.000000 2.978900 -0.000000 0.000000 1.000000 -0.000000 0.000000 0.000000 0.000000 1.000000</matrix>
                            </node>
                          </node>
                        </node>
                      </node>
                    </node>
                  </node>
                </node>
              </node>
            </node>
          </node>
        </node>
        <node id="mixamorig_LeftUpLeg" name="mixamorig_LeftUpLeg" sid="mixamorig_LeftUpLeg" type="JOINT">
          <matrix sid="matrix">-0.771049 0.558239 0.306355 9.418100 -0.309021 -0.748686 0.586495 -4.875100 0.556768 0.357546 0.749780 1.897700 0.000000 0.000000 0.000000 1.000000</matrix>
          <node id="mixamorig_LeftLeg" name="mixamorig_LeftLeg" sid="mixamorig_LeftLeg" type="JOINT">
            <matrix sid="matrix">0.995356 -0.088788 -0.037200 -0.000000 0.086711 0.659072 0.747064 48.478100 -0.041813 -0.746820 0.663710 0.000000 0.000000 0.000000 0.000000 1.000000</matrix>
            <node id="mixamorig_LeftFoot" name="mixamorig_LeftFoot" sid="mixamorig_LeftFoot" type="JOINT">
              <matrix sid="matrix">0.878551 0.209006 -0.429493 0.000000 -0.477635 0.391078 -0.786717 51.588001 0.003537 0.896312 0.443410 0.000000 0.000000 0.000000 0.000000 1.000000</matrix>
              <node id="mixamorig_LeftToeBase" name="mixamorig_LeftToeBase" sid="mixamorig_LeftToeBase" type="JOINT">
                <matrix sid="matrix">0.999599 0.012271 -0.025520 0.000000 -0.026346 0.733366 -0.679323 21.400000 0.010380 0.679723 0.733395 0.000000 0.000000 0.000000 0.000000 1.000000</matrix>
                <node id="mixamorig_LeftToe_End" name="mixamorig_LeftToe_End" sid="mixamorig_LeftToe_End" type="JOINT">
                  <matrix sid="matrix">1.000000 0.000000 -0.000000 -0.000000 0.000000 1.000000 -0.000000 12.650800 0.000000 0.000000 1.000000 -0.000000 0.000000 0.000000 0.000000 1.000000</matrix>
                </node>
              </node>
            </node>
          </node>
        </node>
        <node id="mixamorig_RightUpLeg" name="mixamorig_RightUpLeg" sid="mixamorig_RightUpLeg" type="JOINT">
          <matrix sid="matrix">-0.666308 -0.625819 -0.405443 -9.418100 -0.031543 -0.519584 0.853837 -4.875100 -0.745010 0.581707 0.326463 1.897700 0.000000 0.000000 0.000000 1.000000</matrix>
          <node id="mixamorig_RightLeg" name="mixamorig_RightLeg" sid="mixamorig_RightLeg" type="JOINT">
            <matrix sid="matrix">0.967904 0.095726 -0.232376 0.000000 0.121029 0.632804 0.764795 48.478100 0.220259 -0.768372 0.600908 0.000000 0.000000 0.000000 0.000000 1.000000</matrix>
            <node id="mixamorig_RightFoot" name="mixamorig_RightFoot" sid="mixamorig_RightFoot" type="JOINT">
              <matrix sid="matrix">0.989110 -0.033527 0.143310 0.000000 0.130454 0.650536 -0.748188 51.588001 -0.068144 0.758735 0.647825 0.000000 0.000000 0.000000 0.000000 1.000000</matrix>
              <node id="mixamorig_RightToeBase" name="mixamorig_RightToeBase" sid="mixamorig_RightToeBase" type="JOINT">
                <matrix sid="matrix">0.997686 -0.066184 -0.015584 -0.000000 0.035748 0.705529 -0.707779 21.400000 0.057839 0.705584 0.706262 -0.000000 0.000000 0.000000 0.000000 1.000000</matrix>
                <node id="mixamorig_RightToe_End" name="mixamorig_RightToe_End" sid="mixamorig_RightToe_End" type="JOINT">
                  <matrix sid="matrix">1.000000 0.000000 0.000000 0.000000 0.000000 1.000000 -0.000000 12.651100 0.000000 0.000000 1.000000 0.000000 0.000000 0.000000 0.000000 1.000000</matrix>
                </node>
              </node>
            </node>
          </node>
        </node>
      </node>
    </visual_scene>
  </library_visual_scenes>
  <scene>
    <instance_visual_scene url="#RootNode"/>
  </scene>
</COLLADA>
