<?xml version="1.0" encoding="utf-8"?>
<COLLADA xmlns="http://www.collada.org/2005/11/COLLADASchema" version="1.4.1">
  <asset>
    <contributor>
      <author>Mixamo</author>
      <authoring_tool>COLLADA Mixamo exporter</authoring_tool>
      <comments/>
    </contributor>
    <created>2025-11-12T20:51:50Z</created>
    <modified>2025-11-12T20:51:50Z</modified>
    <revision/>
    <title/>
    <unit meter="0.010000"/>
    <up_axis>Y_UP</up_axis>
  </asset>
  <library_animations>
    <animation id="mixamorig_Hips-anim" name="mixamorig_Hips">
      <source id="mixamorig_Hips-Matrix-animation-input">
        <float_array id="mixamorig_Hips-Matrix-animation-input-array" count="46">

0.000000 0.033333 0.066667 0.100000 0.133333 0.166667 0.200000 0.233333 0.266667 0.300000 0.333333 0.366667 0.400000 0.433333 0.466667 0.500000
0.533333 0.566667 0.600000 0.633333 0.666667 0.700000 0.733333 0.766667 0.800000 0.833333 0.866667 0.900000 0.933333 0.966667 1.000000 1.033333
1.066667 1.100000 1.133333 1.166667 1.200000 1.233333 1.266667 1.300000 1.333333 1.366667 1.400000 1.433333 1.466667 1.500000</float_array>
        <technique_common>
          <accessor source="#mixamorig_Hips-Matrix-animation-input-array" count="46">
            <param name="TIME" type="float"/>
          </accessor>
        </technique_common>
      </source>
      <source id="mixamorig_Hips-Matrix-animation-output-transform">
        <float_array id="mixamorig_Hips-Matrix-animation-output-transform-array" count="736">

0.579455 0.118825 0.806295 -2.396585 0.019104 0.987062 -0.159195 100.216492 -0.814780 0.107650 0.569688 -1.441206 0.000000 0.000000 0.000000 1.000000
0.569645 0.143203 0.809319 -2.889647 -0.005193 0.985311 -0.170688 100.286392 -0.821875 0.093029 0.562021 -2.128829 0.000000 0.000000 0.000000 1.000000
0.560799 0.168099 0.810708 -3.586900 -0.029745 0.982631 -0.183171 100.306206 -0.827418 0.078607 0.556059 -2.026813 0.000000 0.000000 0.000000 1.000000
0.550601 0.191957 0.812399 -4.416937 -0.053183 0.979291 -0.195346 100.297165 -0.833073 0.064351 0.549407 -1.485611 0.000000 0.000000 0.000000 1.000000
0.536621 0.212306 0.816678 -5.294390 -0.072437 0.975849 -0.206087 100.182907 -0.840708 0.051433 0.539040 -0.476586 0.000000 0.000000 0.000000 1.000000
0.517022 0.228698 0.824855 -6.056338 -0.088456 0.972763 -0.214262 100.014389 -0.851390 0.037815 0.523169 1.012497 0.000000 0.000000 0.000000 1.000000
0.486257 0.237676 0.840871 -6.304750 -0.097142 0.971036 -0.218293 99.643280 -0.868399 0.024462 0.495262 3.499875 0.000000 0.000000 0.000000 1.000000
0.461359 0.261746 0.847725 -6.164487 -0.107991 0.964954 -0.239169 99.381325 -0.880617 0.018796 0.473456 6.486668 0.000000 0.000000 0.000000 1.000000
0.441932 0.284571 0.850715 -5.846822 -0.107131 0.958304 -0.264908 98.960136 -0.890628 0.025933 0.453992 9.600682 0.000000 0.000000 0.000000 1.000000
0.447913 0.303406 0.841023 -5.872700 -0.102729 0.951895 -0.288692 98.356735 -0.888156 0.042912 0.457535 12.754303 0.000000 0.000000 0.000000 1.000000
0.485970 0.312180 0.816319 -6.424024 -0.094825 0.947350 -0.305838 97.743889 -0.868816 0.071221 0.489986 15.993952 0.000000 0.000000 0.000000 1.000000
0.543672 0.292655 0.786622 -7.124013 -0.071398 0.949967 -0.304080 97.491058 -0.836256 0.109156 0.537365 19.528721 0.000000 0.000000 0.000000 1.000000
0.623115 0.247429 0.741962 -7.569071 -0.032391 0.955992 -0.291601 97.430862 -0.781459 0.157668 0.603707 23.568975 0.000000 0.000000 0.000000 1.000000
0.722044 0.181543 0.667604 -7.687243 0.015854 0.960363 -0.278300 97.391167 -0.691665 0.211529 0.690546 28.076040 0.000000 0.000000 0.000000 1.000000
0.845207 0.105676 0.523887 -7.491267 0.042762 0.963741 -0.263391 96.229149 -0.532726 0.245022 0.810042 33.200687 0.000000 0.000000 0.000000 1.000000
0.939002 0.042499 0.341275 -7.339535 0.046680 0.967402 -0.248908 94.111160 -0.340729 0.249656 0.906408 37.923252 0.000000 0.000000 0.000000 1.000000
0.985265 0.032082 0.167999 -7.160357 0.009322 0.970716 -0.240047 91.607674 -0.170781 0.238076 0.956114 41.240700 0.000000 0.000000 0.000000 1.000000
0.999107 0.041588 0.007464 -6.905210 -0.038762 0.972455 -0.229847 89.260139 -0.016818 0.229352 0.973198 44.088932 0.000000 0.000000 0.000000 1.000000
0.991789 0.041645 -0.120915 -6.493032 -0.070063 0.967914 -0.241316 87.778381 0.106986 0.247806 0.962884 46.810612 0.000000 0.000000 0.000000 1.000000
0.976183 0.025038 -0.215500 -6.000449 -0.084591 0.958628 -0.271802 87.087440 0.199779 0.283557 0.937914 49.301304 0.000000 0.000000 0.000000 1.000000
0.959609 0.002131 -0.281328 -5.448201 -0.094057 0.944862 -0.313669 86.853317 0.265148 0.327460 0.906899 51.329639 0.000000 0.000000 0.000000 1.000000
0.947642 -0.022881 -0.318512 -4.875523 -0.099483 0.926639 -0.362551 86.984787 0.303442 0.375255 0.875846 52.801731 0.000000 0.000000 0.000000 1.000000
0.940675 -0.049546 -0.335671 -4.259773 -0.101234 0.903243 -0.417018 87.349754 0.323854 0.426260 0.844642 53.855259 0.000000 0.000000 0.000000 1.000000
0.934823 -0.076805 -0.346710 -3.645796 -0.102680 0.876166 -0.470945 87.751343 0.339946 0.475850 0.811174 54.797588 0.000000 0.000000 0.000000 1.000000
0.930138 -0.103818 -0.352229 -3.064851 -0.103129 0.846744 -0.521909 88.161240 0.352431 0.521772 0.776882 55.635105 0.000000 0.000000 0.000000 1.000000
0.928771 -0.128161 -0.347791 -2.604679 -0.098759 0.818832 -0.565474 88.568863 0.357254 0.559544 0.747851 56.211048 0.000000 0.000000 0.000000 1.000000
0.938924 -0.140391 -0.314186 -2.621538 -0.075362 0.806950 -0.585792 88.952423 0.335772 0.573691 0.747085 55.826809 0.000000 0.000000 0.000000 1.000000
0.950851 -0.148424 -0.271760 -2.774861 -0.046220 0.799773 -0.598521 89.322517 0.306181 0.581665 0.753604 55.166393 0.000000 0.000000 0.000000 1.000000
0.963527 -0.151741 -0.220434 -3.058276 -0.012786 0.796662 -0.604290 89.671402 0.267307 0.585068 0.765665 54.268837 0.000000 0.000000 0.000000 1.000000
0.978870 -0.143003 -0.146165 -3.678844 0.028723 0.803866 -0.594117 89.940788 0.202458 0.577365 0.790987 52.768753 0.000000 0.000000 0.000000 1.000000
0.990177 -0.126295 -0.059991 -4.431543 0.068854 0.813880 -0.576939 90.090630 0.121690 0.567141 0.814581 51.103264 0.000000 0.000000 0.000000 1.000000
0.993388 -0.088649 0.072948 -5.568740 0.113941 0.839084 -0.531936 89.858475 -0.014054 0.536730 0.843637 48.658432 0.000000 0.000000 0.000000 1.000000
0.966441 -0.069308 0.247362 -6.410979 0.178897 0.872622 -0.454453 89.427368 -0.184356 0.483454 0.855736 46.159035 0.000000 0.000000 0.000000 1.000000
0.904748 -0.051522 0.422820 -7.175435 0.221734 0.904521 -0.364246 89.276451 -0.363683 0.423304 0.829788 43.437077 0.000000 0.000000 0.000000 1.000000
0.836661 -0.026688 0.547071 -7.247144 0.215213 0.934497 -0.283547 90.474037 -0.503669 0.354969 0.787600 39.985920 0.000000 0.000000 0.000000 1.000000
0.783137 0.010155 0.621766 -6.822126 0.187175 0.949648 -0.251264 92.075294 -0.593010 0.313154 0.741804 35.448479 0.000000 0.000000 0.000000 1.000000
0.749400 0.046839 0.660458 -6.309806 0.154784 0.957463 -0.243531 93.691368 -0.643771 0.284731 0.710273 30.584206 0.000000 0.000000 0.000000 1.000000
0.718149 0.081525 0.691097 -5.751329 0.120902 0.963393 -0.239281 95.327118 -0.685306 0.255395 0.682003 25.432165 0.000000 0.000000 0.000000 1.000000
0.689099 0.112425 0.715893 -5.191979 0.087643 0.967711 -0.236334 96.819580 -0.719348 0.225601 0.656995 20.245089 0.000000 0.000000 0.000000 1.000000
0.662507 0.135494 0.736700 -4.584719 0.060020 0.970739 -0.232514 98.006203 -0.746648 0.198259 0.634989 15.227878 0.000000 0.000000 0.000000 1.000000
0.632735 0.146057 0.760470 -4.038887 0.041523 0.974239 -0.221662 98.717133 -0.773255 0.171831 0.610370 10.822273 0.000000 0.000000 0.000000 1.000000
0.614828 0.142372 0.775704 -3.752008 0.036489 0.977382 -0.208309 98.984489 -0.787816 0.156379 0.595727 8.050627 0.000000 0.000000 0.000000 1.000000
0.603230 0.137195 0.785679 -3.459780 0.032019 0.980134 -0.195734 99.185936 -0.796924 0.143230 0.586854 5.632049 0.000000 0.000000 0.000000 1.000000
0.595298 0.130832 0.792782 -3.137361 0.028491 0.982597 -0.183551 99.431625 -0.803000 0.131855 0.581211 3.389719 0.000000 0.000000 0.000000 1.000000
0.588233 0.124370 0.799071 -2.791627 0.024677 0.984883 -0.171456 99.767029 -0.808315 0.120575 0.576272 1.101145 0.000000 0.000000 0.000000 1.000000
0.579455 0.118826 0.806295 -2.396585 0.019104 0.987062 -0.159195 100.216515 -0.814780 0.107650 0.569688 -1.441217 0.000000 0.000000 0.000000 1.000000</float_array>
        <technique_common>
          <accessor source="#mixamorig_Hips-Matrix-animation-output-transform-array" count="46" stride="16">
            <param type="float4x4"/>
          </accessor>
        </technique_common>
      </source>
      <source id="mixamorig_Hips-Interpolations">
        <Name_array id="mixamorig_Hips-Interpolations-array" count="46">
 LINEAR LINEAR LINEAR LINEAR LINEAR LINEAR LINEAR LINEAR LINEAR LINEAR LINEAR
LINEAR LINEAR LINEAR LINEAR LINEAR LINEAR LINEAR LINEAR LINEAR LINEAR LINEAR LINEAR
LINEAR LINEAR LINEAR LINEAR LINEAR LINEAR LINEAR LINEAR LINEAR LINEAR LINEAR LINEAR
LINEAR LINEAR LINEAR LINEAR LINEAR LINEAR LINEAR LINEAR LINEAR LINEAR LINEAR</Name_array>
        <technique_common>
          <accessor source="#mixamorig_Hips-Interpolations-array" count="46">
            <param type="name"/>
          </accessor>
        </technique_common>
      </source>
      <sampler id="mixamorig_Hips-Matrix-animation-transform">
        <input semantic="INPUT" source="#mixamorig_Hips-Matrix-animation-input"/>
        <input semantic="OUTPUT" source="#mixamorig_Hips-Matrix-animation-output-transform"/>
        <input semantic="INTERPOLATION" source="#mixamorig_Hips-Interpolations"/>
      </sampler>
      <channel source="#mixamorig_Hips-Matrix-animation-transform" target="mixamorig_Hips/matrix"/>
    </animation>
    <animation id="mixamorig_Spine-anim" name="mixamorig_Spine">
      <source id="mixamorig_Spine-Matrix-animation-input">
        <float_array id="mixamorig_Spine-Matrix-animation-input-array" count="46">

0.000000 0.033333 0.066667 0.100000 0.133333 0.166667 0.200000 0.233333 0.266667 0.300000 0.333333 0.366667 0.400000 0.433333 0.466667 0.500000
0.533333 0.566667 0.600000 0.633333 0.666667 0.700000 0.733333 0.766667 0.800000 0.833333 0.866667 0.900000 0.933333 0.966667 1.000000 1.033333
1.066667 1.100000 1.133333 1.166667 1.200000 1.233333 1.266667 1.300000 1.333333 1.366667 1.400000 1.433333 1.466667 1.500000</float_array>
        <technique_common>
          <accessor source="#mixamorig_Spine-Matrix-animation-input-array" count="46">
            <param name="TIME" type="float"/>
          </accessor>
        </technique_common>
      </source>
      <source id="mixamorig_Spine-Matrix-animation-output-transform">
        <float_array id="mixamorig_Spine-Matrix-animation-output-transform-array" count="736">

0.996451 -0.051782 -0.066363 0.000000 0.042933 0.990785 -0.128456 13.214800 0.072404 0.125151 0.989492 0.000000 0.000000 0.000000 0.000000 1.000000
0.997623 -0.032370 -0.060836 0.000000 0.024563 0.991859 -0.124950 13.214800 0.064385 0.123159 0.990296 0.000000 0.000000 0.000000 0.000000 1.000000
0.998986 -0.012331 -0.043307 0.000000 0.006653 0.991637 -0.128885 13.214800 0.044534 0.128466 0.990713 0.000000 0.000000 0.000000 0.000000 1.000000
0.999818 0.007533 -0.017530 -0.000000 -0.009935 0.989922 -0.141265 13.214800 0.016289 0.141414 0.989817 -0.000000 0.000000 0.000000 0.000000 1.000000
0.999542 0.027885 0.011792 0.000000 -0.025697 0.987334 -0.156563 13.214800 -0.016009 0.156189 0.987598 0.000000 0.000000 0.000000 0.000000 1.000000
0.998058 0.045891 0.042113 0.000000 -0.038133 0.984806 -0.169422 13.214800 -0.049248 0.167487 0.984643 -0.000000 0.000000 0.000000 0.000000 1.000000
0.995692 0.061231 0.069623 0.000000 -0.048566 0.984087 -0.170923 13.214800 -0.078981 0.166806 0.982821 0.000000 0.000000 0.000000 0.000000 1.000000
0.992410 0.073721 0.098424 0.000000 -0.058279 0.986744 -0.151458 13.214800 -0.108285 0.144573 0.983551 0.000000 0.000000 0.000000 0.000000 1.000000
0.988998 0.083097 0.122387 0.000000 -0.067189 0.989390 -0.128816 13.214800 -0.131793 0.119176 0.984087 -0.000000 0.000000 0.000000 0.000000 1.000000
0.986337 0.088016 0.139257 0.000000 -0.073584 0.991682 -0.105601 13.214800 -0.147393 0.093911 0.984610 0.000000 0.000000 0.000000 0.000000 1.000000
0.985303 0.087069 0.146958 0.000000 -0.075813 0.993864 -0.080541 13.214800 -0.153069 0.068216 0.985858 -0.000000 0.000000 0.000000 0.000000 1.000000
0.988868 0.076573 0.127579 -0.000000 -0.066430 0.994420 -0.081951 13.214800 -0.133143 0.072563 0.988437 -0.000000 0.000000 0.000000 0.000000 1.000000
0.995099 0.058929 0.079405 0.000000 -0.051539 0.994414 -0.092107 13.214800 -0.084390 0.087563 0.992578 0.000000 0.000000 0.000000 0.000000 1.000000
0.999321 0.036059 0.007592 0.000000 -0.035019 0.993430 -0.108954 13.214800 -0.011471 0.108614 0.994018 0.000000 0.000000 0.000000 0.000000 1.000000
0.998069 0.008220 -0.061574 0.000000 -0.016487 0.990709 -0.134997 13.214800 0.059892 0.135751 0.988931 -0.000000 0.000000 0.000000 0.000000 1.000000
0.993983 -0.026420 -0.106301 0.000000 0.008013 0.985414 -0.169986 13.214800 0.109242 0.168111 0.979696 -0.000000 0.000000 0.000000 0.000000 1.000000
0.988951 -0.082559 -0.123122 0.000000 0.054183 0.974405 -0.218172 13.214800 0.137983 0.209090 0.968113 0.000000 0.000000 0.000000 0.000000 1.000000
0.980622 -0.143064 -0.133841 0.000000 0.103422 0.958259 -0.266542 13.214800 0.166387 0.247534 0.954485 0.000000 0.000000 0.000000 0.000000 1.000000
0.967783 -0.188623 -0.166783 0.000000 0.132961 0.945372 -0.297645 13.214800 0.213814 0.265880 0.939995 -0.000000 0.000000 0.000000 0.000000 1.000000
0.949354 -0.221175 -0.223176 -0.000000 0.145111 0.938625 -0.312932 13.214800 0.278692 0.264698 0.923182 0.000000 0.000000 0.000000 0.000000 1.000000
0.930163 -0.251082 -0.267869 0.000000 0.158756 0.932924 -0.323187 13.214800 0.331048 0.258091 0.907632 0.000000 0.000000 0.000000 0.000000 1.000000
0.916213 -0.279330 -0.287279 -0.000000 0.178868 0.926675 -0.330574 13.214800 0.358553 0.251491 0.898995 -0.000000 0.000000 0.000000 0.000000 1.000000
0.905243 -0.305906 -0.294885 0.000000 0.202140 0.920506 -0.334376 13.214800 0.373731 0.243083 0.895118 0.000000 0.000000 0.000000 0.000000 1.000000
0.894572 -0.331716 -0.299510 0.000000 0.225860 0.913828 -0.337498 13.214800 0.385654 0.234269 0.892406 0.000000 0.000000 0.000000 0.000000 1.000000
0.884545 -0.355867 -0.301560 -0.000000 0.249046 0.906940 -0.339759 13.214800 0.394406 0.225430 0.890857 0.000000 0.000000 0.000000 0.000000 1.000000
0.877404 -0.375363 -0.298771 -0.000000 0.270001 0.901126 -0.339221 13.214800 0.396561 0.216965 0.892001 -0.000000 0.000000 0.000000 0.000000 1.000000
0.881247 -0.379805 -0.281339 0.000000 0.283343 0.900924 -0.328715 13.214800 0.378313 0.209963 0.901551 0.000000 0.000000 0.000000 0.000000 1.000000
0.887688 -0.380141 -0.259814 0.000000 0.294166 0.902306 -0.315134 13.214800 0.354227 0.203312 0.912791 0.000000 0.000000 0.000000 0.000000 1.000000
0.895741 -0.377355 -0.235058 -0.000000 0.302680 0.904892 -0.299257 13.214800 0.325629 0.196909 0.924766 0.000000 0.000000 0.000000 0.000000 1.000000
0.907578 -0.367403 -0.203268 -0.000000 0.305950 0.910208 -0.279135 13.214800 0.287571 0.191147 0.938491 0.000000 0.000000 0.000000 0.000000 1.000000
0.918946 -0.354915 -0.171972 0.000000 0.305347 0.916253 -0.259312 13.214800 0.249603 0.185783 0.950359 0.000000 0.000000 0.000000 0.000000 1.000000
0.930248 -0.339925 -0.138162 0.000000 0.301533 0.922745 -0.240040 13.214800 0.209084 0.181636 0.960881 0.000000 0.000000 0.000000 0.000000 1.000000
0.940437 -0.322260 -0.108292 0.000000 0.291464 0.928237 -0.231137 13.214800 0.175007 0.185806 0.966876 0.000000 0.000000 0.000000 0.000000 1.000000
0.950709 -0.302031 -0.070206 -0.000000 0.279484 0.932712 -0.227895 13.214800 0.134314 0.197040 0.971151 0.000000 0.000000 0.000000 0.000000 1.000000
0.958611 -0.281951 -0.039592 -0.000000 0.266952 0.938416 -0.219346 13.214800 0.098999 0.199698 0.974843 0.000000 0.000000 0.000000 0.000000 1.000000
0.965057 -0.261671 -0.013913 0.000000 0.253890 0.946860 -0.197472 13.214800 0.064846 0.187040 0.980210 0.000000 0.000000 0.000000 0.000000 1.000000
0.970821 -0.239805 -0.000224 0.000000 0.236140 0.956146 -0.173270 13.214800 0.041765 0.168161 0.984874 0.000000 0.000000 0.000000 0.000000 1.000000
0.975997 -0.217436 0.012277 0.000000 0.216833 0.964940 -0.147898 13.214800 0.020311 0.147011 0.988926 0.000000 0.000000 0.000000 0.000000 1.000000
0.980490 -0.195449 0.020967 -0.000000 0.196520 0.972253 -0.126899 13.214800 0.004417 0.128543 0.991694 -0.000000 0.000000 0.000000 0.000000 1.000000
0.984535 -0.174379 0.016805 0.000000 0.175130 0.977213 -0.119936 13.214800 0.004492 0.121024 0.992639 0.000000 0.000000 0.000000 0.000000 1.000000
0.988049 -0.154089 0.003945 -0.000000 0.153303 0.979701 -0.129166 13.214800 0.016038 0.128227 0.991615 0.000000 0.000000 0.000000 0.000000 1.000000
0.991193 -0.131922 -0.011560 -0.000000 0.129199 0.982496 -0.134198 13.214800 0.029061 0.131522 0.990887 0.000000 0.000000 0.000000 0.000000 1.000000
0.993460 -0.111235 -0.025782 -0.000000 0.106789 0.985062 -0.135089 13.214800 0.040423 0.131452 0.990498 0.000000 0.000000 0.000000 0.000000 1.000000
0.995082 -0.090834 -0.039501 0.000000 0.084840 0.987426 -0.133390 13.214800 0.051121 0.129383 0.990276 0.000000 0.000000 0.000000 0.000000 1.000000
0.996070 -0.070934 -0.053044 0.000000 0.063501 0.989392 -0.130657 13.214800 0.061749 0.126775 0.990008 -0.000000 0.000000 0.000000 0.000000 1.000000
0.996451 -0.051782 -0.066363 0.000000 0.042933 0.990785 -0.128456 13.214800 0.072403 0.125151 0.989492 0.000000 0.000000 0.000000 0.000000 1.000000</float_array>
        <technique_common>
          <accessor source="#mixamorig_Spine-Matrix-animation-output-transform-array" count="46" stride="16">
            <param type="float4x4"/>
          </accessor>
        </technique_common>
      </source>
      <source id="mixamorig_Spine-Interpolations">
        <Name_array id="mixamorig_Spine-Interpolations-array" count="46">
 LINEAR LINEAR LINEAR LINEAR LINEAR LINEAR LINEAR LINEAR LINEAR LINEAR LINEAR
LINEAR LINEAR LINEAR LINEAR LINEAR LINEAR LINEAR LINEAR LINEAR LINEAR LINEAR LINEAR
LINEAR LINEAR LINEAR LINEAR LINEAR LINEAR LINEAR LINEAR LINEAR LINEAR LINEAR LINEAR
LINEAR LINEAR LINEAR LINEAR LINEAR LINEAR LINEAR LINEAR LINEAR LINEAR LINEAR</Name_array>
        <technique_common>
          <accessor source="#mixamorig_Spine-Interpolations-array" count="46">
            <param type="name"/>
          </accessor>
        </technique_common>
      </source>
      <sampler id="mixamorig_Spine-Matrix-animation-transform">
        <input semantic="INPUT" source="#mixamorig_Spine-Matrix-animation-input"/>
        <input semantic="OUTPUT" source="#mixamorig_Spine-Matrix-animation-output-transform"/>
        <input semantic="INTERPOLATION" source="#mixamorig_Spine-Interpolations"/>
      </sampler>
      <channel source="#mixamorig_Spine-Matrix-animation-transform" target="mixamorig_Spine/matrix"/>
    </animation>
    <animation id="mixamorig_Spine1-anim" name="mixamorig_Spine1">
      <source id="mixamorig_Spine1-Matrix-animation-input">
        <float_array id="mixamorig_Spine1-Matrix-animation-input-array" count="46">

0.000000 0.033333 0.066667 0.100000 0.133333 0.166667 0.200000 0.233333 0.266667 0.300000 0.333333 0.366667 0.400000 0.433333 0.466667 0.500000
0.533333 0.566667 0.600000 0.633333 0.666667 0.700000 0.733333 0.766667 0.800000 0.833333 0.866667 0.900000 0.933333 0.966667 1.000000 1.033333
1.066667 1.100000 1.133333 1.166667 1.200000 1.233333 1.266667 1.300000 1.333333 1.366667 1.400000 1.433333 1.466667 1.500000</float_array>
        <technique_common>
          <accessor source="#mixamorig_Spine1-Matrix-animation-input-array" count="46">
            <param name="TIME" type="float"/>
          </accessor>
        </technique_common>
      </source>
      <source id="mixamorig_Spine1-Matrix-animation-output-transform">
        <float_array id="mixamorig_Spine1-Matrix-animation-output-transform-array" count="736">

0.998853 0.040920 -0.024858 0.000000 -0.041447 0.998918 -0.021078 9.224200 0.023968 0.022084 0.999469 0.000000 0.000000 0.000000 0.000000 1.000000
0.999032 0.037786 -0.022542 0.000000 -0.038024 0.999225 -0.010219 9.224200 0.022139 0.011066 0.999694 0.000000 0.000000 0.000000 0.000000 1.000000
0.999424 0.029700 -0.016407 -0.000000 -0.029615 0.999547 0.005456 9.224200 0.016562 -0.004967 0.999851 0.000000 0.000000 0.000000 0.000000 1.000000
0.999797 0.018634 -0.007680 -0.000000 -0.018551 0.999770 0.010784 9.224200 0.007879 -0.010639 0.999912 0.000000 0.000000 0.000000 0.000000 1.000000
0.999976 0.006562 0.002392 0.000000 -0.006594 0.999882 0.013873 9.224200 -0.002301 -0.013889 0.999901 0.000000 0.000000 0.000000 0.000000 1.000000
0.999911 -0.004542 0.012558 -0.000000 0.004333 0.999852 0.016620 9.224200 -0.012632 -0.016564 0.999783 0.000000 0.000000 0.000000 0.000000 1.000000
0.999687 -0.012701 0.021573 0.000000 0.012308 0.999758 0.018237 9.224200 -0.021799 -0.017965 0.999601 -0.000000 0.000000 0.000000 0.000000 1.000000
0.999404 -0.015939 0.030622 -0.000000 0.015290 0.999656 0.021324 9.224200 -0.030952 -0.020843 0.999304 0.000000 0.000000 0.000000 0.000000 1.000000
0.999093 -0.018481 0.038369 0.000000 0.017593 0.999573 0.023351 9.224200 -0.038784 -0.022655 0.998991 0.000000 0.000000 0.000000 0.000000 1.000000
0.998832 -0.019866 0.044040 0.000000 0.018764 0.999504 0.025298 9.224200 -0.044520 -0.024442 0.998709 -0.000000 0.000000 0.000000 0.000000 1.000000
0.998695 -0.020853 0.046631 0.000000 0.019542 0.999406 0.028393 9.224200 -0.047195 -0.027445 0.998509 0.000000 0.000000 0.000000 0.000000 1.000000
0.999038 -0.017025 0.040408 0.000000 0.015879 0.999467 0.028506 9.224200 -0.040872 -0.027837 0.998777 -0.000000 0.000000 0.000000 0.000000 1.000000
0.999622 -0.009074 0.025970 -0.000000 0.008288 0.999509 0.030214 9.224200 -0.026232 -0.029988 0.999206 -0.000000 0.000000 0.000000 0.000000 1.000000
0.999986 0.001635 0.004997 -0.000000 -0.001800 0.999445 0.033267 9.224200 -0.004940 -0.033276 0.999434 0.000000 0.000000 0.000000 0.000000 1.000000
0.999840 0.009403 -0.015217 0.000000 -0.008936 0.999497 0.030424 9.224200 0.015496 -0.030283 0.999421 0.000000 0.000000 0.000000 0.000000 1.000000
0.999501 0.008342 -0.030468 0.000000 -0.007604 0.999677 0.024260 9.224200 0.030661 -0.024016 0.999241 0.000000 0.000000 0.000000 0.000000 1.000000
0.999189 0.001955 -0.040230 0.000000 -0.001437 0.999916 0.012898 9.224200 0.040252 -0.012830 0.999107 0.000000 0.000000 0.000000 0.000000 1.000000
0.998787 -0.007092 -0.048729 -0.000000 0.007084 0.999975 -0.000335 9.224200 0.048730 -0.000010 0.998812 0.000000 0.000000 0.000000 0.000000 1.000000
0.997965 -0.017808 -0.061221 -0.000000 0.017025 0.999767 -0.013296 9.224200 0.061443 0.012227 0.998036 -0.000000 0.000000 0.000000 0.000000 1.000000
0.996464 -0.030838 -0.078151 0.000000 0.028820 0.999225 -0.026814 9.224200 0.078917 0.024467 0.996581 0.000000 0.000000 0.000000 0.000000 1.000000
0.994872 -0.043923 -0.091105 0.000000 0.040526 0.998425 -0.038808 9.224200 0.092666 0.034917 0.995085 0.000000 0.000000 0.000000 0.000000 1.000000
0.993769 -0.055642 -0.096582 0.000000 0.051210 0.997545 -0.047772 9.224200 0.099003 0.042528 0.994178 0.000000 0.000000 0.000000 0.000000 1.000000
0.992950 -0.066477 -0.098134 0.000000 0.061287 0.996604 -0.054985 9.224200 0.101456 0.048583 0.993653 0.000000 0.000000 0.000000 0.000000 1.000000
0.992121 -0.077039 -0.098797 0.000000 0.071157 0.995552 -0.061750 9.224200 0.103115 0.054233 0.993190 0.000000 0.000000 0.000000 0.000000 1.000000
0.991286 -0.087158 -0.098770 0.000000 0.080666 0.994424 -0.067928 9.224200 0.104140 0.059369 0.992789 0.000000 0.000000 0.000000 0.000000 1.000000
0.990611 -0.095973 -0.097362 0.000000 0.089118 0.993381 -0.072477 9.224200 0.103673 0.063120 0.992607 -0.000000 0.000000 0.000000 0.000000 1.000000
0.990745 -0.100124 -0.091649 0.000000 0.093772 0.993046 -0.071177 9.224200 0.098138 0.061924 0.993244 -0.000000 0.000000 0.000000 0.000000 1.000000
0.991079 -0.102838 -0.084770 0.000000 0.097199 0.992928 -0.068161 9.224200 0.091180 0.059314 0.994066 0.000000 0.000000 0.000000 0.000000 1.000000
0.991610 -0.103790 -0.077050 -0.000000 0.098998 0.993052 -0.063618 9.224200 0.083117 0.055457 0.994996 0.000000 0.000000 0.000000 0.000000 1.000000
0.992738 -0.099542 -0.067552 0.000000 0.095877 0.993845 -0.055488 9.224200 0.072660 0.048608 0.996172 0.000000 0.000000 0.000000 0.000000 1.000000
0.994172 -0.090593 -0.058437 0.000000 0.087932 0.995036 -0.046596 9.224200 0.062368 0.041186 0.997203 0.000000 0.000000 0.000000 0.000000 1.000000
0.996308 -0.070319 -0.049260 0.000000 0.068650 0.997034 -0.034786 9.224200 0.051560 0.031275 0.998180 0.000000 0.000000 0.000000 0.000000 1.000000
0.997552 -0.056327 -0.041429 -0.000000 0.055300 0.998143 -0.025526 9.224200 0.042790 0.023173 0.998815 -0.000000 0.000000 0.000000 0.000000 1.000000
0.998389 -0.047385 -0.031218 -0.000000 0.046940 0.998788 -0.014836 9.224200 0.031884 0.013347 0.999402 -0.000000 0.000000 0.000000 0.000000 1.000000
0.998963 -0.039772 -0.022146 0.000000 0.039606 0.999184 -0.007908 9.224200 0.022443 0.007023 0.999723 -0.000000 0.000000 0.000000 0.000000 1.000000
0.999274 -0.034776 -0.015555 -0.000000 0.034729 0.999391 -0.003327 9.224200 0.015661 0.002784 0.999873 -0.000000 0.000000 0.000000 0.000000 1.000000
0.999421 -0.032458 -0.010207 -0.000000 0.032466 0.999473 0.000670 9.224200 0.010179 -0.001001 0.999948 0.000000 0.000000 0.000000 0.000000 1.000000
0.999487 -0.031645 -0.004990 -0.000000 0.031672 0.999484 0.005401 9.224200 0.004817 -0.005556 0.999973 -0.000000 0.000000 0.000000 0.000000 1.000000
0.999505 -0.031435 -0.001131 0.000000 0.031445 0.999459 0.009635 9.224200 0.000827 -0.009666 0.999953 0.000000 0.000000 0.000000 0.000000 1.000000
0.999519 -0.030985 -0.001412 -0.000000 0.031000 0.999448 0.011908 9.224200 0.001042 -0.011946 0.999928 0.000000 0.000000 0.000000 0.000000 1.000000
0.999586 -0.028453 -0.004189 0.000000 0.028498 0.999531 0.011196 9.224200 0.003869 -0.011311 0.999929 0.000000 0.000000 0.000000 0.000000 1.000000
0.999808 -0.017887 -0.008000 -0.000000 0.017937 0.999820 0.006140 9.224200 0.007888 -0.006282 0.999949 0.000000 0.000000 0.000000 0.000000 1.000000
0.999917 -0.004424 -0.012097 0.000000 0.004422 0.999990 -0.000228 9.224200 0.012098 0.000174 0.999927 -0.000000 0.000000 0.000000 0.000000 1.000000
0.999809 0.010694 -0.016356 0.000000 -0.010814 0.999915 -0.007285 9.224200 0.016277 0.007460 0.999840 0.000000 0.000000 0.000000 0.000000 1.000000
0.999443 0.026223 -0.020652 0.000000 -0.026524 0.999544 -0.014429 9.224200 0.020264 0.014968 0.999683 0.000000 0.000000 0.000000 0.000000 1.000000
0.998853 0.040920 -0.024858 0.000000 -0.041447 0.998918 -0.021078 9.224200 0.023968 0.022084 0.999469 -0.000000 0.000000 0.000000 0.000000 1.000000</float_array>
        <technique_common>
          <accessor source="#mixamorig_Spine1-Matrix-animation-output-transform-array" count="46" stride="16">
            <param type="float4x4"/>
          </accessor>
        </technique_common>
      </source>
      <source id="mixamorig_Spine1-Interpolations">
        <Name_array id="mixamorig_Spine1-Interpolations-array" count="46">
 LINEAR LINEAR LINEAR LINEAR LINEAR LINEAR LINEAR LINEAR LINEAR LINEAR LINEAR
LINEAR LINEAR LINEAR LINEAR LINEAR LINEAR LINEAR LINEAR LINEAR LINEAR LINEAR LINEAR
LINEAR LINEAR LINEAR LINEAR LINEAR LINEAR LINEAR LINEAR LINEAR LINEAR LINEAR LINEAR
LINEAR LINEAR LINEAR LINEAR LINEAR LINEAR LINEAR LINEAR LINEAR LINEAR LINEAR</Name_array>
        <technique_common>
          <accessor source="#mixamorig_Spine1-Interpolations-array" count="46">
            <param type="name"/>
          </accessor>
        </technique_common>
      </source>
      <sampler id="mixamorig_Spine1-Matrix-animation-transform">
        <input semantic="INPUT" source="#mixamorig_Spine1-Matrix-animation-input"/>
        <input semantic="OUTPUT" source="#mixamorig_Spine1-Matrix-animation-output-transform"/>
        <input semantic="INTERPOLATION" source="#mixamorig_Spine1-Interpolations"/>
      </sampler>
      <channel source="#mixamorig_Spine1-Matrix-animation-transform" target="mixamorig_Spine1/matrix"/>
    </animation>
    <animation id="mixamorig_Spine2-anim" name="mixamorig_Spine2">
      <source id="mixamorig_Spine2-Matrix-animation-input">
        <float_array id="mixamorig_Spine2-Matrix-animation-input-array" count="46">

0.000000 0.033333 0.066667 0.100000 0.133333 0.166667 0.200000 0.233333 0.266667 0.300000 0.333333 0.366667 0.400000 0.433333 0.466667 0.500000
0.533333 0.566667 0.600000 0.633333 0.666667 0.700000 0.733333 0.766667 0.800000 0.833333 0.866667 0.900000 0.933333 0.966667 1.000000 1.033333
1.066667 1.100000 1.133333 1.166667 1.200000 1.233333 1.266667 1.300000 1.333333 1.366667 1.400000 1.433333 1.466667 1.500000</float_array>
        <technique_common>
          <accessor source="#mixamorig_Spine2-Matrix-animation-input-array" count="46">
            <param name="TIME" type="float"/>
          </accessor>
        </technique_common>
      </source>
      <source id="mixamorig_Spine2-Matrix-animation-output-transform">
        <float_array id="mixamorig_Spine2-Matrix-animation-output-transform-array" count="736">

0.999565 0.018795 -0.022732 -0.000000 -0.018883 0.999815 -0.003640 11.063000 0.022659 0.004068 0.999735 -0.000000 0.000000 0.000000 0.000000 1.000000
0.999619 0.017945 -0.020989 0.000000 -0.017857 0.999831 0.004404 11.063000 0.021064 -0.004027 0.999770 0.000000 0.000000 0.000000 0.000000 1.000000
0.999783 0.013341 -0.015970 0.000000 -0.013096 0.999796 0.015352 11.063000 0.016172 -0.015140 0.999755 0.000000 0.000000 0.000000 0.000000 1.000000
0.999957 0.004234 -0.008249 -0.000000 -0.004095 0.999851 0.016794 11.063000 0.008319 -0.016760 0.999825 0.000000 0.000000 0.000000 0.000000 1.000000
0.999984 -0.005513 0.001093 -0.000000 0.005494 0.999851 0.016337 11.063000 -0.001183 -0.016331 0.999866 0.000000 0.000000 0.000000 0.000000 1.000000
0.999865 -0.012192 0.010993 0.000000 0.012009 0.999791 0.016574 11.063000 -0.011193 -0.016440 0.999802 0.000000 0.000000 0.000000 0.000000 1.000000
0.999665 -0.015487 0.020751 -0.000000 0.015112 0.999722 0.018120 11.063000 -0.021026 -0.017800 0.999620 -0.000000 0.000000 0.000000 0.000000 1.000000
0.999384 -0.018223 0.029997 0.000000 0.017593 0.999622 0.021144 11.063000 -0.030371 -0.020603 0.999326 0.000000 0.000000 0.000000 0.000000 1.000000
0.999071 -0.020224 0.038049 -0.000000 0.019353 0.999545 0.023141 11.063000 -0.038500 -0.022383 0.999008 -0.000000 0.000000 0.000000 0.000000 1.000000
0.998803 -0.021335 0.044025 0.000000 0.020238 0.999477 0.025207 11.063000 -0.044539 -0.024286 0.998712 0.000000 0.000000 0.000000 0.000000 1.000000
0.998687 -0.021456 0.046507 -0.000000 0.020171 0.999407 0.027912 11.063000 -0.047079 -0.026938 0.998528 -0.000000 0.000000 0.000000 0.000000 1.000000
0.999035 -0.017556 0.040257 -0.000000 0.016335 0.999403 0.030455 11.063000 -0.040768 -0.029768 0.998725 -0.000000 0.000000 0.000000 0.000000 1.000000
0.999621 -0.009367 0.025875 0.000000 0.008526 0.999438 0.032433 11.063000 -0.026165 -0.032200 0.999139 0.000000 0.000000 0.000000 0.000000 1.000000
0.999986 0.001692 0.005033 0.000000 -0.001859 0.999443 0.033325 11.063000 -0.004974 -0.033334 0.999432 0.000000 0.000000 0.000000 0.000000 1.000000
0.999838 0.009810 -0.015122 -0.000000 -0.009345 0.999490 0.030543 11.063000 0.015414 -0.030397 0.999419 -0.000000 0.000000 0.000000 0.000000 1.000000
0.999491 0.008847 -0.030663 0.000000 -0.008088 0.999660 0.024776 11.063000 0.030871 -0.024515 0.999223 0.000000 0.000000 0.000000 0.000000 1.000000
0.999160 0.002303 -0.040909 0.000000 -0.001732 0.999901 0.013970 11.063000 0.040937 -0.013887 0.999065 -0.000000 0.000000 0.000000 0.000000 1.000000
0.998731 -0.007056 -0.049860 0.000000 0.007128 0.999974 0.001262 11.063000 0.049850 -0.001615 0.998755 0.000000 0.000000 0.000000 0.000000 1.000000
0.997878 -0.018354 -0.062476 -0.000000 0.017687 0.999781 -0.011209 11.063000 0.062668 0.010080 0.997984 0.000000 0.000000 0.000000 0.000000 1.000000
0.996335 -0.032282 -0.079214 0.000000 0.030448 0.999242 -0.024249 11.063000 0.079937 0.021748 0.996563 0.000000 0.000000 0.000000 0.000000 1.000000
0.994710 -0.046099 -0.091799 0.000000 0.042938 0.998425 -0.036120 11.063000 0.093319 0.031987 0.995122 -0.000000 0.000000 0.000000 0.000000 1.000000
0.993587 -0.058239 -0.096918 0.000000 0.054041 0.997506 -0.045393 11.063000 0.099320 0.039864 0.994257 0.000000 0.000000 0.000000 0.000000 1.000000
0.992746 -0.069407 -0.098175 0.000000 0.064413 0.996506 -0.053159 11.063000 0.101521 0.046449 0.993748 0.000000 0.000000 0.000000 0.000000 1.000000
0.991887 -0.080281 -0.098566 -0.000000 0.074550 0.995379 -0.060514 11.063000 0.102968 0.052675 0.993289 0.000000 0.000000 0.000000 0.000000 1.000000
0.991015 -0.090687 -0.098313 0.000000 0.084302 0.994167 -0.067273 11.063000 0.103841 0.058380 0.992879 0.000000 0.000000 0.000000 0.000000 1.000000
0.990292 -0.099726 -0.096830 0.000000 0.092934 0.993044 -0.072302 11.063000 0.103366 0.062601 0.992671 0.000000 0.000000 0.000000 0.000000 1.000000
0.990410 -0.103699 -0.091292 0.000000 0.097389 0.992706 -0.071066 11.063000 0.097995 0.061494 0.993285 -0.000000 0.000000 0.000000 0.000000 1.000000
0.990749 -0.106099 -0.084618 0.000000 0.100491 0.992611 -0.068003 11.063000 0.091208 0.058871 0.994090 0.000000 0.000000 0.000000 0.000000 1.000000
0.991327 -0.106532 -0.076951 0.000000 0.101772 0.992789 -0.063344 11.063000 0.083145 0.054963 0.995021 0.000000 0.000000 0.000000 0.000000 1.000000
0.992593 -0.101274 -0.067098 0.000000 0.097669 0.993699 -0.054989 11.063000 0.072244 0.048028 0.996230 0.000000 0.000000 0.000000 0.000000 1.000000
0.994109 -0.091571 -0.057977 0.000000 0.088962 0.994968 -0.046085 11.063000 0.061905 0.040656 0.997254 0.000000 0.000000 0.000000 0.000000 1.000000
0.996278 -0.070809 -0.049150 0.000000 0.069155 0.997007 -0.034565 11.063000 0.051451 0.031037 0.998193 0.000000 0.000000 0.000000 0.000000 1.000000
0.997522 -0.056676 -0.041686 -0.000000 0.055656 0.998131 -0.025236 11.063000 0.043038 0.022853 0.998812 0.000000 0.000000 0.000000 0.000000 1.000000
0.998357 -0.047609 -0.031896 0.000000 0.047168 0.998783 -0.014433 11.063000 0.032544 0.012905 0.999387 0.000000 0.000000 0.000000 0.000000 1.000000
0.998935 -0.039963 -0.023039 -0.000000 0.039801 0.999180 -0.007468 11.063000 0.023319 0.006543 0.999707 0.000000 0.000000 0.000000 0.000000 1.000000
0.999251 -0.035012 -0.016495 0.000000 0.034972 0.999385 -0.002743 11.063000 0.016581 0.002164 0.999860 0.000000 0.000000 0.000000 0.000000 1.000000
0.999405 -0.032687 -0.011051 0.000000 0.032703 0.999464 0.001215 11.063000 0.011005 -0.001575 0.999938 0.000000 0.000000 0.000000 0.000000 1.000000
0.999478 -0.031812 -0.005655 0.000000 0.031845 0.999476 0.005792 11.063000 0.005468 -0.005969 0.999967 -0.000000 0.000000 0.000000 0.000000 1.000000
0.999501 -0.031547 -0.001589 0.000000 0.031561 0.999453 0.009843 11.063000 0.001277 -0.009888 0.999950 -0.000000 0.000000 0.000000 0.000000 1.000000
0.999516 -0.031046 -0.001712 -0.000000 0.031065 0.999445 0.012018 11.063000 0.001338 -0.012066 0.999926 0.000000 0.000000 0.000000 0.000000 1.000000
0.999582 -0.028573 -0.004409 -0.000000 0.028622 0.999525 0.011388 11.063000 0.004081 -0.011509 0.999925 -0.000000 0.000000 0.000000 0.000000 1.000000
0.999748 -0.021043 -0.007877 0.000000 0.021112 0.999739 0.008778 11.063000 0.007690 -0.008942 0.999930 0.000000 0.000000 0.000000 0.000000 1.000000
0.999864 -0.011812 -0.011519 -0.000000 0.011879 0.999913 0.005768 11.063000 0.011450 -0.005904 0.999917 0.000000 0.000000 0.000000 0.000000 1.000000
0.999882 -0.001610 -0.015259 0.000000 0.001649 0.999995 0.002565 11.063000 0.015254 -0.002590 0.999880 0.000000 0.000000 0.000000 0.000000 1.000000
0.999780 0.008836 -0.019021 -0.000000 -0.008850 0.999961 -0.000633 11.063000 0.019015 0.000801 0.999819 0.000000 0.000000 0.000000 0.000000 1.000000
0.999565 0.018795 -0.022732 -0.000000 -0.018883 0.999815 -0.003640 11.063000 0.022659 0.004068 0.999735 0.000000 0.000000 0.000000 0.000000 1.000000</float_array>
        <technique_common>
          <accessor source="#mixamorig_Spine2-Matrix-animation-output-transform-array" count="46" stride="16">
            <param type="float4x4"/>
          </accessor>
        </technique_common>
      </source>
      <source id="mixamorig_Spine2-Interpolations">
        <Name_array id="mixamorig_Spine2-Interpolations-array" count="46">
 LINEAR LINEAR LINEAR LINEAR LINEAR LINEAR LINEAR LINEAR LINEAR LINEAR LINEAR
LINEAR LINEAR LINEAR LINEAR LINEAR LINEAR LINEAR LINEAR LINEAR LINEAR LINEAR LINEAR
LINEAR LINEAR LINEAR LINEAR LINEAR LINEAR LINEAR LINEAR LINEAR LINEAR LINEAR LINEAR
LINEAR LINEAR LINEAR LINEAR LINEAR LINEAR LINEAR LINEAR LINEAR LINEAR LINEAR</Name_array>
        <technique_common>
          <accessor source="#mixamorig_Spine2-Interpolations-array" count="46">
            <param type="name"/>
          </accessor>
        </technique_common>
      </source>
      <sampler id="mixamorig_Spine2-Matrix-animation-transform">
        <input semantic="INPUT" source="#mixamorig_Spine2-Matrix-animation-input"/>
        <input semantic="OUTPUT" source="#mixamorig_Spine2-Matrix-animation-output-transform"/>
        <input semantic="INTERPOLATION" source="#mixamorig_Spine2-Interpolations"/>
      </sampler>
      <channel source="#mixamorig_Spine2-Matrix-animation-transform" target="mixamorig_Spine2/matrix"/>
    </animation>
    <animation id="mixamorig_Neck-anim" name="mixamorig_Neck">
      <source id="mixamorig_Neck-Matrix-animation-input">
        <float_array id="mixamorig_Neck-Matrix-animation-input-array" count="46">

0.000000 0.033333 0.066667 0.100000 0.133333 0.166667 0.200000 0.233333 0.266667 0.300000 0.333333 0.366667 0.400000 0.433333 0.466667 0.500000
0.533333 0.566667 0.600000 0.633333 0.666667 0.700000 0.733333 0.766667 0.800000 0.833333 0.866667 0.900000 0.933333 0.966667 1.000000 1.033333
1.066667 1.100000 1.133333 1.166667 1.200000 1.233333 1.266667 1.300000 1.333333 1.366667 1.400000 1.433333 1.466667 1.500000</float_array>
        <technique_common>
          <accessor source="#mixamorig_Neck-Matrix-animation-input-array" count="46">
            <param name="TIME" type="float"/>
          </accessor>
        </technique_common>
      </source>
      <source id="mixamorig_Neck-Matrix-animation-output-transform">
        <float_array id="mixamorig_Neck-Matrix-animation-output-transform-array" count="736">

0.985070 -0.027001 -0.170026 -0.006000 0.032878 0.998952 0.031849 23.723499 0.168988 -0.036964 0.984925 -1.446200 0.000000 0.000000 0.000000 1.000000
0.984299 -0.029752 -0.173984 -0.006000 0.037031 0.998563 0.038741 23.723499 0.172581 -0.044575 0.983986 -1.446200 0.000000 0.000000 0.000000 1.000000
0.983443 -0.032709 -0.178239 -0.006000 0.041568 0.998067 0.046194 23.723499 0.176383 -0.052838 0.982902 -1.446200 0.000000 0.000000 0.000000 1.000000
0.982001 -0.037474 -0.185123 -0.006000 0.049133 0.997060 0.058795 23.723499 0.182375 -0.066832 0.980955 -1.446200 0.000000 0.000000 0.000000 1.000000
0.980000 -0.043680 -0.194143 -0.006000 0.059470 0.995313 0.076260 23.723499 0.189902 -0.086281 0.978005 -1.446200 0.000000 0.000000 0.000000 1.000000
0.977803 -0.050029 -0.203464 -0.006000 0.070742 0.992880 0.095837 23.723499 0.197221 -0.108103 0.974381 -1.446200 0.000000 0.000000 0.000000 1.000000
0.975656 -0.055793 -0.212090 -0.006000 0.081895 0.989826 0.116349 23.723499 0.203441 -0.130886 0.970299 -1.446200 0.000000 0.000000 0.000000 1.000000
0.973854 -0.060243 -0.219042 -0.006000 0.091764 0.986352 0.136708 23.723499 0.207817 -0.153234 0.966091 -1.446200 0.000000 0.000000 0.000000 1.000000
0.972724 -0.062649 -0.223344 -0.006000 0.099093 0.982790 0.155899 23.723499 0.209733 -0.173779 0.962192 -1.446200 0.000000 0.000000 0.000000 1.000000
0.972591 -0.062282 -0.224028 -0.006000 0.102565 0.979577 0.172943 23.723499 0.208681 -0.191180 0.959115 -1.446200 0.000000 0.000000 0.000000 1.000000
0.973725 -0.058413 -0.220107 -0.006000 0.100853 0.977203 0.186823 23.723499 0.204176 -0.204113 0.957418 -1.446200 0.000000 0.000000 0.000000 1.000000
0.979415 -0.043523 -0.197107 -0.006000 0.082606 0.977389 0.194646 23.723499 0.184178 -0.206921 0.960865 -1.446200 0.000000 0.000000 0.000000 1.000000
0.987771 0.023631 -0.154113 -0.006000 0.007312 0.980340 0.197182 23.723499 0.155743 -0.195897 0.968178 -1.446200 0.000000 0.000000 0.000000 1.000000
0.993195 0.036672 -0.110539 -0.006000 -0.015289 0.981974 0.188398 23.723499 0.115455 -0.185426 0.975852 -1.446200 0.000000 0.000000 0.000000 1.000000
0.997374 0.043227 -0.058104 -0.006000 -0.032218 0.983397 0.178582 23.723499 0.064859 -0.176241 0.982208 -1.446200 0.000000 0.000000 0.000000 1.000000
0.998891 0.047064 -0.001056 -0.006000 -0.046223 0.984805 0.167401 23.723499 0.008919 -0.167167 0.985888 -1.446200 0.000000 0.000000 0.000000 1.000000
0.997163 0.049087 0.057065 -0.006000 -0.057429 0.986214 0.155190 23.723499 -0.048660 -0.158027 0.986235 -1.446200 0.000000 0.000000 0.000000 1.000000
0.992359 0.050203 0.112705 -0.006000 -0.066137 0.987595 0.142416 23.723499 -0.104158 -0.148781 0.983369 -1.446200 0.000000 0.000000 0.000000 1.000000
0.985390 0.051304 0.162400 -0.006000 -0.072843 0.988889 0.129587 23.723499 -0.153947 -0.139524 0.978179 -1.446200 0.000000 0.000000 0.000000 1.000000
0.977763 0.053254 0.202838 -0.006000 -0.078234 0.990022 0.117198 23.723499 -0.194573 -0.130460 0.972174 -1.446200 0.000000 0.000000 0.000000 1.000000
0.972598 0.056478 0.225530 -0.006000 -0.082169 0.990944 0.106200 23.723499 -0.217489 -0.121822 0.968431 -1.446200 0.000000 0.000000 0.000000 1.000000
0.971808 0.068436 0.225621 -0.006000 -0.093355 0.990426 0.101687 23.723499 -0.216502 -0.119883 0.968894 -1.446200 0.000000 0.000000 0.000000 1.000000
0.970262 0.093444 0.223293 -0.006000 -0.118772 0.987585 0.102806 23.723499 -0.210914 -0.126270 0.969315 -1.446200 0.000000 0.000000 0.000000 1.000000
0.967850 0.120939 0.220545 -0.006000 -0.146917 0.983516 0.105410 23.723499 -0.204161 -0.134422 0.969664 -1.446200 0.000000 0.000000 0.000000 1.000000
0.964955 0.147838 0.216807 -0.006000 -0.174428 0.978615 0.109031 23.723499 -0.196051 -0.143027 0.970107 -1.446200 0.000000 0.000000 0.000000 1.000000
0.962931 0.169175 0.210105 -0.006000 -0.195993 0.973952 0.114036 23.723499 -0.185341 -0.150987 0.971005 -1.446200 0.000000 0.000000 0.000000 1.000000
0.966854 0.167841 0.192415 -0.006000 -0.193132 0.973666 0.121141 23.723499 -0.167015 -0.154287 0.973808 -1.446200 0.000000 0.000000 0.000000 1.000000
0.972114 0.160079 0.171374 -0.006000 -0.183101 0.974703 0.128174 23.723499 -0.146521 -0.155979 0.976833 -1.446200 0.000000 0.000000 0.000000 1.000000
0.978036 0.147663 0.147111 -0.006000 -0.167609 0.976714 0.133931 23.723499 -0.123908 -0.155647 0.980011 -1.446200 0.000000 0.000000 0.000000 1.000000
0.985509 0.124712 0.114976 -0.006000 -0.139954 0.980809 0.135744 23.723499 -0.095840 -0.149868 0.984050 -1.446200 0.000000 0.000000 0.000000 1.000000
0.991777 0.099565 0.080403 -0.006000 -0.109723 0.984917 0.133790 23.723499 -0.065869 -0.141512 0.987743 -1.446200 0.000000 0.000000 0.000000 1.000000
0.996292 0.073486 0.044735 -0.006000 -0.078671 0.988646 0.128024 23.723499 -0.034819 -0.131068 0.990762 -1.446200 0.000000 0.000000 0.000000 1.000000
0.998815 0.047750 0.009391 -0.006000 -0.048528 0.991737 0.118751 23.723499 -0.003643 -0.119066 0.992880 -1.446200 0.000000 0.000000 0.000000 1.000000
0.999428 0.023639 -0.024183 -0.006000 -0.020932 0.994078 0.106634 23.723499 0.026560 -0.106067 0.994004 -1.446200 0.000000 0.000000 0.000000 1.000000
0.998507 0.002437 -0.054564 -0.006000 0.002633 0.995695 0.092649 23.723499 0.054555 -0.092654 0.994203 -1.446200 0.000000 0.000000 0.000000 1.000000
0.996658 -0.014573 -0.080383 -0.006000 0.020865 0.996735 0.078003 23.723499 0.078984 -0.079419 0.993707 -1.446200 0.000000 0.000000 0.000000 1.000000
0.994226 -0.029164 -0.103270 -0.006000 0.035361 0.997649 0.058696 23.723499 0.101316 -0.062009 0.992920 -1.446200 0.000000 0.000000 0.000000 1.000000
0.991177 -0.043393 -0.125241 -0.006000 0.047787 0.998335 0.032295 23.723499 0.123631 -0.037995 0.991601 -1.446200 0.000000 0.000000 0.000000 1.000000
0.987739 -0.056406 -0.145570 -0.006000 0.057388 0.998349 0.002556 23.723499 0.145185 -0.010878 0.989345 -1.446200 0.000000 0.000000 0.000000 1.000000
0.984232 -0.067348 -0.163562 -0.006000 0.063827 0.997604 -0.026694 23.723499 0.164968 0.015834 0.986172 -1.446200 0.000000 0.000000 0.000000 1.000000
0.981040 -0.075368 -0.178549 -0.006000 0.067153 0.996406 -0.051620 23.723499 0.181798 0.038651 0.982576 -1.446200 0.000000 0.000000 0.000000 1.000000
0.981411 -0.071802 -0.177979 -0.006000 0.064317 0.996799 -0.047479 23.723499 0.180818 0.035149 0.982888 -1.446200 0.000000 0.000000 0.000000 1.000000
0.982283 -0.062881 -0.176541 -0.006000 0.058059 0.997789 -0.032355 23.723499 0.178185 0.021532 0.983761 -1.446200 0.000000 0.000000 0.000000 1.000000
0.983325 -0.050894 -0.174588 -0.006000 0.049745 0.998702 -0.010952 23.723499 0.174919 0.002084 0.984581 -1.446200 0.000000 0.000000 0.000000 1.000000
0.984274 -0.038133 -0.172482 -0.006000 0.040813 0.999095 0.012015 23.723499 0.171868 -0.018866 0.984939 -1.446200 0.000000 0.000000 0.000000 1.000000
0.984973 -0.026898 -0.170603 -0.006000 0.032793 0.998955 0.031830 23.723499 0.169569 -0.036946 0.984826 -1.446200 0.000000 0.000000 0.000000 1.000000</float_array>
        <technique_common>
          <accessor source="#mixamorig_Neck-Matrix-animation-output-transform-array" count="46" stride="16">
            <param type="float4x4"/>
          </accessor>
        </technique_common>
      </source>
      <source id="mixamorig_Neck-Interpolations">
        <Name_array id="mixamorig_Neck-Interpolations-array" count="46">
 LINEAR LINEAR LINEAR LINEAR LINEAR LINEAR LINEAR LINEAR LINEAR LINEAR LINEAR
LINEAR LINEAR LINEAR LINEAR LINEAR LINEAR LINEAR LINEAR LINEAR LINEAR LINEAR LINEAR
LINEAR LINEAR LINEAR LINEAR LINEAR LINEAR LINEAR LINEAR LINEAR LINEAR LINEAR LINEAR
LINEAR LINEAR LINEAR LINEAR LINEAR LINEAR LINEAR LINEAR LINEAR LINEAR LINEAR</Name_array>
        <technique_common>
          <accessor source="#mixamorig_Neck-Interpolations-array" count="46">
            <param type="name"/>
          </accessor>
        </technique_common>
      </source>
      <sampler id="mixamorig_Neck-Matrix-animation-transform">
        <input semantic="INPUT" source="#mixamorig_Neck-Matrix-animation-input"/>
        <input semantic="OUTPUT" source="#mixamorig_Neck-Matrix-animation-output-transform"/>
        <input semantic="INTERPOLATION" source="#mixamorig_Neck-Interpolations"/>
      </sampler>
      <channel source="#mixamorig_Neck-Matrix-animation-transform" target="mixamorig_Neck/matrix"/>
    </animation>
    <animation id="mixamorig_Head-anim" name="mixamorig_Head">
      <source id="mixamorig_Head-Matrix-animation-input">
        <float_array id="mixamorig_Head-Matrix-animation-input-array" count="46">

0.000000 0.033333 0.066667 0.100000 0.133333 0.166667 0.200000 0.233333 0.266667 0.300000 0.333333 0.366667 0.400000 0.433333 0.466667 0.500000
0.533333 0.566667 0.600000 0.633333 0.666667 0.700000 0.733333 0.766667 0.800000 0.833333 0.866667 0.900000 0.933333 0.966667 1.000000 1.033333
1.066667 1.100000 1.133333 1.166667 1.200000 1.233333 1.266667 1.300000 1.333333 1.366667 1.400000 1.433333 1.466667 1.500000</float_array>
        <technique_common>
          <accessor source="#mixamorig_Head-Matrix-animation-input-array" count="46">
            <param name="TIME" type="float"/>
          </accessor>
        </technique_common>
      </source>
      <source id="mixamorig_Head-Matrix-animation-output-transform">
        <float_array id="mixamorig_Head-Matrix-animation-output-transform-array" count="736">

0.912383 -0.079625 -0.401518 -0.000000 0.112643 0.991866 0.059267 10.037100 0.393533 -0.099302 0.913932 3.529500 0.000000 0.000000 0.000000 1.000000
0.906898 -0.080600 -0.413570 -0.000000 0.116804 0.991157 0.062969 10.037100 0.404838 -0.105413 0.908292 3.529500 0.000000 0.000000 0.000000 1.000000
0.900801 -0.081633 -0.426491 0.000000 0.121444 0.990338 0.066948 10.037100 0.416905 -0.112102 0.902011 3.529500 0.000000 0.000000 0.000000 1.000000
0.890410 -0.083173 -0.447497 -0.000000 0.129558 0.988806 0.074008 10.037100 0.436332 -0.123874 0.891218 3.529500 0.000000 0.000000 0.000000 1.000000
0.875793 -0.084952 -0.475152 0.000000 0.141399 0.986359 0.084275 10.037100 0.461511 -0.140994 0.875859 3.529500 0.000000 0.000000 0.000000 1.000000
0.859365 -0.086417 -0.504007 -0.000000 0.155479 0.983111 0.096537 10.037100 0.487153 -0.161323 0.858287 3.529500 0.000000 0.000000 0.000000 1.000000
0.842677 -0.087201 -0.531311 0.000000 0.171060 0.979031 0.110623 10.037100 0.510523 -0.184105 0.839924 3.529500 0.000000 0.000000 0.000000 1.000000
0.827617 -0.086937 -0.554520 0.000000 0.187171 0.974132 0.126628 10.037100 0.529167 -0.208589 0.822480 3.529500 0.000000 0.000000 0.000000 1.000000
0.816319 -0.085257 -0.571275 -0.000000 0.202573 0.968483 0.144928 10.037100 0.540914 -0.234033 0.807862 3.529500 0.000000 0.000000 0.000000 1.000000
0.811004 -0.081793 -0.579295 -0.000000 0.215717 0.962218 0.166140 10.037100 0.543819 -0.259704 0.798007 3.529500 0.000000 0.000000 0.000000 1.000000
0.813749 -0.076177 -0.576203 0.000000 0.224690 0.955529 0.190995 10.037100 0.536029 -0.284889 0.794677 3.529500 0.000000 0.000000 0.000000 1.000000
0.840527 -0.066279 -0.537700 0.000000 0.214701 0.951977 0.218273 10.037100 0.497412 -0.298909 0.814393 3.529500 0.000000 0.000000 0.000000 1.000000
0.852036 -0.088455 -0.515957 -0.000000 0.218770 0.955591 0.197446 10.037100 0.475579 -0.281106 0.833549 3.529500 0.000000 0.000000 0.000000 1.000000
0.893727 -0.071185 -0.442927 -0.000000 0.170021 0.967422 0.187585 10.037100 0.415144 -0.242956 0.876714 3.529500 0.000000 0.000000 0.000000 1.000000
0.940332 -0.049764 -0.336598 0.000000 0.127179 0.968951 0.212037 10.037100 0.315595 -0.242193 0.917465 3.529500 0.000000 0.000000 0.000000 1.000000
0.979617 -0.025991 -0.199184 0.000000 0.075874 0.966013 0.247109 10.037100 0.185992 -0.257185 0.948295 3.529500 0.000000 0.000000 0.000000 1.000000
0.999007 -0.001971 -0.044521 0.000000 0.014458 0.959320 0.281952 10.037100 0.042154 -0.282315 0.958395 3.529500 0.000000 0.000000 0.000000 1.000000
0.994121 0.020182 0.106373 0.000000 -0.052264 0.949877 0.308224 10.037100 -0.094821 -0.311971 0.945348 3.529500 0.000000 0.000000 0.000000 1.000000
0.969283 0.038361 0.242936 -0.000000 -0.117875 0.939382 0.321972 10.037100 -0.215859 -0.340718 0.915050 3.529500 0.000000 0.000000 0.000000 1.000000
0.932870 0.050469 0.356660 0.000000 -0.173853 0.930263 0.323088 10.037100 -0.315481 -0.363406 0.876589 3.529500 0.000000 0.000000 0.000000 1.000000
0.903119 0.049990 0.426470 0.000000 -0.201355 0.926532 0.317796 10.037100 -0.379251 -0.372879 0.846835 3.529500 0.000000 0.000000 0.000000 1.000000
0.895039 0.022769 0.445406 0.000000 -0.184746 0.927909 0.323811 10.037100 -0.405923 -0.372110 0.834722 3.529500 0.000000 0.000000 0.000000 1.000000
0.883366 -0.019666 0.468271 -0.000000 -0.157792 0.928314 0.336653 10.037100 -0.441323 -0.371277 0.816938 3.529500 0.000000 0.000000 0.000000 1.000000
0.868478 -0.064881 0.491463 0.000000 -0.130252 0.926699 0.352511 10.037100 -0.478310 -0.370162 0.796367 3.529500 0.000000 0.000000 0.000000 1.000000
0.851880 -0.110085 0.512036 0.000000 -0.103793 0.922784 0.371076 10.037100 -0.513348 -0.369258 0.774675 3.529500 0.000000 0.000000 0.000000 1.000000
0.837491 -0.151628 0.524994 -0.000000 -0.080192 0.916228 0.392549 10.037100 -0.540536 -0.370856 0.755173 3.529500 0.000000 0.000000 0.000000 1.000000
0.844089 -0.171877 0.507909 0.000000 -0.064799 0.907593 0.414820 10.037100 -0.532273 -0.383057 0.754952 3.529500 0.000000 0.000000 0.000000 1.000000
0.857591 -0.184767 0.480000 0.000000 -0.050246 0.898686 0.435705 10.037100 -0.511873 -0.397774 0.761421 3.529500 0.000000 0.000000 0.000000 1.000000
0.881953 -0.186453 0.432890 0.000000 -0.033302 0.891485 0.451825 10.037100 -0.470159 -0.412905 0.780039 3.529500 0.000000 0.000000 0.000000 1.000000
0.931765 -0.157476 0.327131 0.000000 -0.009418 0.890249 0.455377 10.037100 -0.362939 -0.427385 0.828020 3.529500 0.000000 0.000000 0.000000 1.000000
0.974263 -0.118248 0.191908 0.000000 0.019145 0.891691 0.452239 10.037100 -0.224599 -0.436926 0.871006 3.529500 0.000000 0.000000 0.000000 1.000000
0.996113 -0.074390 0.047177 0.000000 0.045788 0.894786 0.444140 10.037100 -0.075253 -0.440254 0.894714 3.529500 0.000000 0.000000 0.000000 1.000000
0.996025 -0.031359 -0.083377 0.000000 0.064608 0.898688 0.433803 10.037100 0.061326 -0.437465 0.897142 3.529500 0.000000 0.000000 0.000000 1.000000
0.983471 0.006260 -0.180958 0.000000 0.072183 0.902998 0.423537 10.037100 0.166056 -0.429599 0.887621 3.529500 0.000000 0.000000 0.000000 1.000000
0.965488 0.036397 -0.257894 0.000000 0.075352 0.908806 0.410357 10.037100 0.249311 -0.415627 0.874699 3.529500 0.000000 0.000000 0.000000 1.000000
0.946976 0.056443 -0.316309 0.000000 0.076432 0.916619 0.392388 10.037100 0.312082 -0.395758 0.863702 3.529500 0.000000 0.000000 0.000000 1.000000
0.931450 0.065521 -0.357922 -0.000000 0.076831 0.926062 0.369468 10.037100 0.355665 -0.371640 0.857546 3.529500 0.000000 0.000000 0.000000 1.000000
0.919826 0.065391 -0.386838 0.000000 0.077456 0.936336 0.342454 10.037100 0.384604 -0.344962 0.856202 3.529500 0.000000 0.000000 0.000000 1.000000
0.912452 0.057650 -0.405102 0.000000 0.078622 0.946877 0.311838 10.037100 0.401559 -0.316387 0.859447 3.529500 0.000000 0.000000 0.000000 1.000000
0.908960 0.043948 -0.414561 -0.000000 0.080673 0.957087 0.278345 10.037100 0.409003 -0.286449 0.866408 3.529500 0.000000 0.000000 0.000000 1.000000
0.908520 0.025923 -0.417036 -0.000000 0.083885 0.966438 0.242818 10.037100 0.409335 -0.255588 0.875854 3.529500 0.000000 0.000000 0.000000 1.000000
0.909598 0.005507 -0.415452 0.000000 0.088458 0.974421 0.206589 10.037100 0.405963 -0.224663 0.885845 3.529500 0.000000 0.000000 0.000000 1.000000
0.910742 -0.015531 -0.412683 0.000000 0.093781 0.980963 0.170047 10.037100 0.402186 -0.193571 0.894861 3.529500 0.000000 0.000000 0.000000 1.000000
0.911722 -0.036916 -0.409147 -0.000000 0.099732 0.986049 0.133271 10.037100 0.398519 -0.162311 0.902684 3.529500 0.000000 0.000000 0.000000 1.000000
0.912328 -0.058372 -0.405277 -0.000000 0.106111 0.989677 0.096327 10.037100 0.395471 -0.130886 0.909105 3.529500 0.000000 0.000000 0.000000 1.000000
0.912383 -0.079625 -0.401518 0.000000 0.112643 0.991866 0.059267 10.037100 0.393533 -0.099302 0.913932 3.529500 0.000000 0.000000 0.000000 1.000000</float_array>
        <technique_common>
          <accessor source="#mixamorig_Head-Matrix-animation-output-transform-array" count="46" stride="16">
            <param type="float4x4"/>
          </accessor>
        </technique_common>
      </source>
      <source id="mixamorig_Head-Interpolations">
        <Name_array id="mixamorig_Head-Interpolations-array" count="46">
 LINEAR LINEAR LINEAR LINEAR LINEAR LINEAR LINEAR LINEAR LINEAR LINEAR LINEAR
LINEAR LINEAR LINEAR LINEAR LINEAR LINEAR LINEAR LINEAR LINEAR LINEAR LINEAR LINEAR
LINEAR LINEAR LINEAR LINEAR LINEAR LINEAR LINEAR LINEAR LINEAR LINEAR LINEAR LINEAR
LINEAR LINEAR LINEAR LINEAR LINEAR LINEAR LINEAR LINEAR LINEAR LINEAR LINEAR</Name_array>
        <technique_common>
          <accessor source="#mixamorig_Head-Interpolations-array" count="46">
            <param type="name"/>
          </accessor>
        </technique_common>
      </source>
      <sampler id="mixamorig_Head-Matrix-animation-transform">
        <input semantic="INPUT" source="#mixamorig_Head-Matrix-animation-input"/>
        <input semantic="OUTPUT" source="#mixamorig_Head-Matrix-animation-output-transform"/>
        <input semantic="INTERPOLATION" source="#mixamorig_Head-Interpolations"/>
      </sampler>
      <channel source="#mixamorig_Head-Matrix-animation-transform" target="mixamorig_Head/matrix"/>
    </animation>
    <animation id="mixamorig_LeftShoulder-anim" name="mixamorig_LeftShoulder">
      <source id="mixamorig_LeftShoulder-Matrix-animation-input">
        <float_array id="mixamorig_LeftShoulder-Matrix-animation-input-array" count="46">

0.000000 0.033333 0.066667 0.100000 0.133333 0.166667 0.200000 0.233333 0.266667 0.300000 0.333333 0.366667 0.400000 0.433333 0.466667 0.500000
0.533333 0.566667 0.600000 0.633333 0.666667 0.700000 0.733333 0.766667 0.800000 0.833333 0.866667 0.900000 0.933333 0.966667 1.000000 1.033333
1.066667 1.100000 1.133333 1.166667 1.200000 1.233333 1.266667 1.300000 1.333333 1.366667 1.400000 1.433333 1.466667 1.500000</float_array>
        <technique_common>
          <accessor source="#mixamorig_LeftShoulder-Matrix-animation-input-array" count="46">
            <param name="TIME" type="float"/>
          </accessor>
        </technique_common>
      </source>
      <source id="mixamorig_LeftShoulder-Matrix-animation-output-transform">
        <float_array id="mixamorig_LeftShoulder-Matrix-animation-output-transform-array" count="736">

-0.348181 0.812062 -0.468321 11.304900 -0.110047 -0.531535 -0.839858 19.886000 -0.930946 -0.240885 0.274435 -3.966000 0.000000 0.000000 0.000000 1.000000
-0.265393 0.857716 -0.440328 11.304900 -0.112050 -0.481050 -0.869503 19.886000 -0.957607 -0.181422 0.223775 -3.966000 0.000000 0.000000 0.000000 1.000000
-0.182971 0.893147 -0.410866 11.304900 -0.096976 -0.432280 -0.896510 19.886000 -0.978324 -0.124191 0.165709 -3.966000 0.000000 0.000000 0.000000 1.000000
-0.106023 0.921718 -0.373088 11.304900 -0.067688 -0.381022 -0.922085 19.886000 -0.992057 -0.072509 0.102786 -3.966000 0.000000 0.000000 0.000000 1.000000
-0.039074 0.946261 -0.321035 11.304900 -0.027733 -0.322184 -0.946271 19.886000 -0.998851 -0.028071 0.038832 -3.966000 0.000000 0.000000 0.000000 1.000000
0.014292 0.968211 -0.249725 11.304900 0.018684 -0.249966 -0.968074 19.886000 -0.999723 0.009170 -0.021662 -3.966000 0.000000 0.000000 0.000000 1.000000
0.049431 0.987561 -0.149263 11.304900 0.058861 -0.152066 -0.986616 19.886000 -0.997042 0.039983 -0.065646 -3.966000 0.000000 0.000000 0.000000 1.000000
0.032958 0.997727 -0.058769 11.304900 0.072572 -0.061035 -0.995494 19.886000 -0.996818 0.028544 -0.074419 -3.966000 0.000000 0.000000 0.000000 1.000000
-0.018626 0.999813 -0.005283 11.304900 0.058804 -0.004179 -0.998261 19.886000 -0.998096 -0.018904 -0.058715 -3.966000 0.000000 0.000000 0.000000 1.000000
-0.101995 0.994184 0.034578 11.304900 0.028878 0.037703 -0.998872 19.886000 -0.994366 -0.100881 -0.032555 -3.966000 0.000000 0.000000 0.000000 1.000000
-0.176603 0.983501 0.039203 11.304900 -0.004279 0.039062 -0.999228 19.886000 -0.984273 -0.176635 -0.002690 -3.966000 0.000000 0.000000 0.000000 1.000000
-0.209357 0.976647 -0.048272 11.304900 -0.004400 -0.050306 -0.998724 19.886000 -0.977829 -0.208878 0.014830 -3.966000 0.000000 0.000000 0.000000 1.000000
-0.199200 0.971172 -0.130933 11.304900 -0.006841 -0.134986 -0.990824 19.886000 -0.979935 -0.196476 0.033533 -3.966000 0.000000 0.000000 0.000000 1.000000
-0.148040 0.967753 -0.203808 11.304900 -0.086666 -0.217980 -0.972098 19.886000 -0.985177 -0.126246 0.116141 -3.966000 0.000000 0.000000 0.000000 1.000000
-0.092500 0.965834 -0.242092 11.304900 -0.271189 -0.258380 -0.927198 19.886000 -0.958071 -0.020113 0.285824 -3.966000 0.000000 0.000000 0.000000 1.000000
0.015624 0.963290 -0.268008 11.304900 -0.355716 -0.245149 -0.901869 19.886000 -0.934464 0.109425 0.338827 -3.966000 0.000000 0.000000 0.000000 1.000000
0.070133 0.956144 -0.284378 11.304900 -0.229635 -0.261949 -0.937364 19.886000 -0.970747 0.131043 0.201193 -3.966000 0.000000 0.000000 0.000000 1.000000
0.101866 0.953679 -0.283056 11.304900 -0.028124 -0.281661 -0.959102 19.886000 -0.994401 0.105661 -0.001871 -3.966000 0.000000 0.000000 0.000000 1.000000
0.230473 0.944860 -0.232639 11.304900 0.077483 -0.256136 -0.963530 19.886000 -0.969989 0.204042 -0.132243 -3.966000 0.000000 0.000000 0.000000 1.000000
0.378715 0.888718 -0.258370 11.304900 0.090889 -0.313527 -0.945220 19.886000 -0.921040 0.334486 -0.199512 -3.966000 0.000000 0.000000 0.000000 1.000000
0.474669 0.834896 -0.278637 11.304900 0.082774 -0.357514 -0.930232 19.886000 -0.876264 0.418488 -0.238809 -3.966000 0.000000 0.000000 0.000000 1.000000
0.523051 0.808083 -0.270961 11.304900 0.081794 -0.364041 -0.927784 19.886000 -0.848367 0.463116 -0.256508 -3.966000 0.000000 0.000000 0.000000 1.000000
0.544196 0.796746 -0.262766 11.304900 0.080351 -0.361263 -0.928996 19.886000 -0.835101 0.484442 -0.260617 -3.966000 0.000000 0.000000 0.000000 1.000000
0.563221 0.786481 -0.253437 11.304900 0.078395 -0.356186 -0.931121 19.886000 -0.822579 0.504559 -0.262268 -3.966000 0.000000 0.000000 0.000000 1.000000
0.574416 0.778410 -0.253229 11.304900 0.075434 -0.358379 -0.930524 19.886000 -0.815081 0.515405 -0.264577 -3.966000 0.000000 0.000000 0.000000 1.000000
0.565376 0.776310 -0.278736 11.304900 0.070149 -0.381959 -0.921513 19.886000 -0.821845 0.501448 -0.270408 -3.966000 0.000000 0.000000 0.000000 1.000000
0.548798 0.776115 -0.310590 11.304900 0.065072 -0.410073 -0.909728 19.886000 -0.833418 0.479046 -0.275551 -3.966000 0.000000 0.000000 0.000000 1.000000
0.534017 0.777375 -0.332438 11.304900 0.060718 -0.427444 -0.902001 19.886000 -0.843291 0.461498 -0.275463 -3.966000 0.000000 0.000000 0.000000 1.000000
0.517581 0.779831 -0.352099 11.304900 0.056535 -0.441776 -0.895342 19.886000 -0.853764 0.443506 -0.272743 -3.966000 0.000000 0.000000 0.000000 1.000000
0.499724 0.782531 -0.371378 11.304900 0.052560 -0.455356 -0.888757 19.886000 -0.864589 0.424613 -0.268682 -3.966000 0.000000 0.000000 0.000000 1.000000
0.479074 0.785504 -0.391753 11.304900 0.048479 -0.469299 -0.881707 19.886000 -0.876435 0.403412 -0.262909 -3.966000 0.000000 0.000000 0.000000 1.000000
0.453471 0.788429 -0.415625 11.304900 0.043917 -0.485528 -0.873117 19.886000 -0.890188 0.377680 -0.254798 -3.966000 0.000000 0.000000 0.000000 1.000000
0.429998 0.790898 -0.435411 11.304900 0.040144 -0.498546 -0.865933 19.886000 -0.901937 0.354871 -0.246124 -3.966000 0.000000 0.000000 0.000000 1.000000
0.405100 0.793415 -0.454298 11.304900 0.036559 -0.510555 -0.859067 19.886000 -0.913541 0.331399 -0.235832 -3.966000 0.000000 0.000000 0.000000 1.000000
0.375023 0.795946 -0.475212 11.304900 0.033045 -0.523778 -0.851213 19.886000 -0.926426 0.303522 -0.222731 -3.966000 0.000000 0.000000 0.000000 1.000000
0.342202 0.797196 -0.497370 11.304900 0.030322 -0.538420 -0.842131 19.886000 -0.939137 0.273098 -0.208421 -3.966000 0.000000 0.000000 0.000000 1.000000
0.299541 0.798591 -0.522042 11.304900 0.026491 -0.553916 -0.832151 19.886000 -0.953716 0.235434 -0.187076 -3.966000 0.000000 0.000000 0.000000 1.000000
0.250422 0.798647 -0.547221 11.304900 0.023582 -0.570096 -0.821240 19.886000 -0.967850 0.192752 -0.161598 -3.966000 0.000000 0.000000 0.000000 1.000000
0.200410 0.796878 -0.569931 11.304900 0.021670 -0.585197 -0.810602 19.886000 -0.979472 0.150103 -0.134548 -3.966000 0.000000 0.000000 0.000000 1.000000
0.155361 0.793775 -0.588034 11.304900 0.020082 -0.597676 -0.801486 19.886000 -0.987654 0.112711 -0.108796 -3.966000 0.000000 0.000000 0.000000 1.000000
0.121244 0.790620 -0.600184 11.304900 0.017560 -0.606258 -0.795074 19.886000 -0.992467 0.085859 -0.087389 -3.966000 0.000000 0.000000 0.000000 1.000000
0.045195 0.798318 -0.600538 11.304900 0.004279 -0.601301 -0.799011 19.886000 -0.998969 0.033542 -0.030592 -3.966000 0.000000 0.000000 0.000000 1.000000
-0.049396 0.807224 -0.588175 11.304900 -0.015793 -0.589451 -0.807650 19.886000 -0.998654 -0.030606 0.041865 -3.966000 0.000000 0.000000 0.000000 1.000000
-0.152945 0.813822 -0.560626 11.304900 -0.042770 -0.572220 -0.818984 19.886000 -0.987309 -0.101282 0.122325 -3.966000 0.000000 0.000000 0.000000 1.000000
-0.255517 0.815740 -0.518922 11.304900 -0.075309 -0.551902 -0.830502 19.886000 -0.963867 -0.173128 0.202453 -3.966000 0.000000 0.000000 0.000000 1.000000
-0.348181 0.812062 -0.468321 11.304900 -0.110047 -0.531535 -0.839858 19.886000 -0.930946 -0.240885 0.274435 -3.966000 0.000000 0.000000 0.000000 1.000000</float_array>
        <technique_common>
          <accessor source="#mixamorig_LeftShoulder-Matrix-animation-output-transform-array" count="46" stride="16">
            <param type="float4x4"/>
          </accessor>
        </technique_common>
      </source>
      <source id="mixamorig_LeftShoulder-Interpolations">
        <Name_array id="mixamorig_LeftShoulder-Interpolations-array" count="46">
 LINEAR LINEAR LINEAR LINEAR LINEAR LINEAR LINEAR LINEAR LINEAR LINEAR LINEAR
LINEAR LINEAR LINEAR LINEAR LINEAR LINEAR LINEAR LINEAR LINEAR LINEAR LINEAR LINEAR
LINEAR LINEAR LINEAR LINEAR LINEAR LINEAR LINEAR LINEAR LINEAR LINEAR LINEAR LINEAR
LINEAR LINEAR LINEAR LINEAR LINEAR LINEAR LINEAR LINEAR LINEAR LINEAR LINEAR</Name_array>
        <technique_common>
          <accessor source="#mixamorig_LeftShoulder-Interpolations-array" count="46">
            <param type="name"/>
          </accessor>
        </technique_common>
      </source>
      <sampler id="mixamorig_LeftShoulder-Matrix-animation-transform">
        <input semantic="INPUT" source="#mixamorig_LeftShoulder-Matrix-animation-input"/>
        <input semantic="OUTPUT" source="#mixamorig_LeftShoulder-Matrix-animation-output-transform"/>
        <input semantic="INTERPOLATION" source="#mixamorig_LeftShoulder-Interpolations"/>
      </sampler>
      <channel source="#mixamorig_LeftShoulder-Matrix-animation-transform" target="mixamorig_LeftShoulder/matrix"/>
    </animation>
    <animation id="mixamorig_LeftArm-anim" name="mixamorig_LeftArm">
      <source id="mixamorig_LeftArm-Matrix-animation-input">
        <float_array id="mixamorig_LeftArm-Matrix-animation-input-array" count="46">

0.000000 0.033333 0.066667 0.100000 0.133333 0.166667 0.200000 0.233333 0.266667 0.300000 0.333333 0.366667 0.400000 0.433333 0.466667 0.500000
0.533333 0.566667 0.600000 0.633333 0.666667 0.700000 0.733333 0.766667 0.800000 0.833333 0.866667 0.900000 0.933333 0.966667 1.000000 1.033333
1.066667 1.100000 1.133333 1.166667 1.200000 1.233333 1.266667 1.300000 1.333333 1.366667 1.400000 1.433333 1.466667 1.500000</float_array>
        <technique_common>
          <accessor source="#mixamorig_LeftArm-Matrix-animation-input-array" count="46">
            <param name="TIME" type="float"/>
          </accessor>
        </technique_common>
      </source>
      <source id="mixamorig_LeftArm-Matrix-animation-output-transform">
        <float_array id="mixamorig_LeftArm-Matrix-animation-output-transform-array" count="736">

0.997273 -0.001761 0.073779 -0.000000 0.032636 0.907175 -0.419486 12.686800 -0.066192 0.420750 0.904758 0.000000 0.000000 0.000000 0.000000 1.000000
0.999671 -0.025345 -0.003942 0.000000 0.021909 0.923662 -0.382580 12.686800 0.013338 0.382368 0.923914 -0.000000 0.000000 0.000000 0.000000 1.000000
0.993682 -0.080991 -0.077696 -0.000000 0.050558 0.941077 -0.334392 12.686800 0.100200 0.328351 0.939226 0.000000 0.000000 0.000000 0.000000 1.000000
0.983572 -0.129724 -0.125530 0.000000 0.092724 0.959711 -0.265248 12.686800 0.154881 0.249251 0.955974 -0.000000 0.000000 0.000000 0.000000 1.000000
0.976204 -0.150308 -0.156310 0.000000 0.118643 0.973558 -0.195213 12.686800 0.181519 0.172023 0.968225 -0.000000 0.000000 0.000000 0.000000 1.000000
0.960480 -0.169265 -0.220970 0.000000 0.141178 0.980410 -0.137351 12.686800 0.239889 0.100727 0.965561 0.000000 0.000000 0.000000 0.000000 1.000000
0.907889 -0.149540 -0.391632 0.000000 0.106607 0.985858 -0.129299 12.686800 0.405429 0.075638 0.910992 0.000000 0.000000 0.000000 0.000000 1.000000
0.794086 -0.139380 -0.591608 0.000000 0.093259 0.989766 -0.108008 12.686800 0.600608 0.030595 0.798958 0.000000 0.000000 0.000000 0.000000 1.000000
0.643870 -0.115834 -0.756316 -0.000000 0.123579 0.991240 -0.046608 12.686800 0.755089 -0.063456 0.652544 0.000000 0.000000 0.000000 0.000000 1.000000
0.510192 -0.046256 -0.858816 0.000000 0.150995 0.987861 0.036494 12.686800 0.846702 -0.148296 0.510983 0.000000 0.000000 0.000000 0.000000 1.000000
0.395623 0.031563 -0.917870 0.000000 0.163959 0.980927 0.104401 12.686800 0.903659 -0.191796 0.382903 0.000000 0.000000 0.000000 0.000000 1.000000
0.346725 0.125715 -0.929504 0.000000 0.170921 0.965917 0.194397 12.686800 0.922262 -0.226274 0.313420 0.000000 0.000000 0.000000 0.000000 1.000000
0.339568 0.221290 -0.914180 0.000000 0.143363 0.948397 0.282824 12.686800 0.929592 -0.227098 0.290321 0.000000 0.000000 0.000000 0.000000 1.000000
0.236023 0.172054 -0.956395 -0.000000 0.175995 0.960356 0.216200 12.686800 0.955677 -0.219349 0.196386 0.000000 0.000000 0.000000 0.000000 1.000000
0.094858 0.090020 -0.991412 -0.000000 0.241095 0.964177 0.110615 12.686800 0.965855 -0.249517 0.069756 0.000000 0.000000 0.000000 0.000000 1.000000
0.031523 -0.009198 -0.999461 0.000000 0.187752 0.982212 -0.003117 12.686800 0.981710 -0.187552 0.032690 -0.000000 0.000000 0.000000 0.000000 1.000000
-0.088261 -0.131228 -0.987415 0.000000 0.203036 0.968103 -0.146810 12.686800 0.975185 -0.213439 -0.058802 0.000000 0.000000 0.000000 0.000000 1.000000
-0.049862 -0.349857 -0.935475 -0.000000 0.220965 0.909565 -0.351945 12.686800 0.974006 -0.224256 0.031954 0.000000 0.000000 0.000000 0.000000 1.000000
0.333965 -0.591185 -0.734144 0.000000 0.531229 0.761434 -0.371503 12.686800 0.778629 -0.265930 0.568347 0.000000 0.000000 0.000000 0.000000 1.000000
0.223966 -0.848359 -0.479714 0.000000 0.630389 0.501488 -0.592554 12.686800 0.743269 -0.169694 0.647113 -0.000000 0.000000 0.000000 0.000000 1.000000
0.267632 -0.928589 -0.257090 0.000000 0.506256 0.362546 -0.782473 12.686800 0.819803 0.079261 0.567133 0.000000 0.000000 0.000000 0.000000 1.000000
0.378391 -0.900564 -0.214021 -0.000000 0.431519 0.376170 -0.819931 12.686800 0.818909 0.217900 0.530950 0.000000 0.000000 0.000000 0.000000 1.000000
0.415657 -0.881905 -0.222426 0.000000 0.489131 0.422926 -0.762814 12.686800 0.766799 0.208274 0.607159 0.000000 0.000000 0.000000 0.000000 1.000000
0.393401 -0.892138 -0.222094 0.000000 0.617518 0.435380 -0.655069 12.686800 0.681108 0.120558 0.722190 0.000000 0.000000 0.000000 0.000000 1.000000
0.400665 -0.883101 -0.244133 0.000000 0.715407 0.468006 -0.518808 12.686800 0.572416 0.033214 0.819290 0.000000 0.000000 0.000000 0.000000 1.000000
0.403901 -0.864940 -0.297897 0.000000 0.772480 0.496911 -0.395417 12.686800 0.490040 -0.070410 0.868852 0.000000 0.000000 0.000000 0.000000 1.000000
0.417645 -0.837737 -0.351808 0.000000 0.801688 0.521985 -0.291252 12.686800 0.427631 -0.160400 0.889608 0.000000 0.000000 0.000000 0.000000 1.000000
0.442483 -0.812379 -0.379800 0.000000 0.803072 0.547440 -0.235341 12.686800 0.399104 -0.200872 0.894632 -0.000000 0.000000 0.000000 0.000000 1.000000
0.470217 -0.790315 -0.392807 0.000000 0.793041 0.573676 -0.204894 12.686800 0.387274 -0.215167 0.896505 0.000000 0.000000 0.000000 0.000000 1.000000
0.500417 -0.772713 -0.390509 -0.000000 0.779423 0.598445 -0.185373 12.686800 0.376938 -0.211608 0.901743 0.000000 0.000000 0.000000 0.000000 1.000000
0.540125 -0.753374 -0.375089 0.000000 0.761778 0.627102 -0.162595 12.686800 0.357714 -0.197913 0.912618 0.000000 0.000000 0.000000 0.000000 1.000000
0.606061 -0.721771 -0.334270 0.000000 0.737228 0.667494 -0.104625 12.686800 0.298639 -0.183025 0.936652 0.000000 0.000000 0.000000 0.000000 1.000000
0.670847 -0.688626 -0.275244 0.000000 0.706235 0.706468 -0.046202 12.686800 0.226267 -0.163393 0.960264 0.000000 0.000000 0.000000 0.000000 1.000000
0.732626 -0.650733 -0.199513 -0.000000 0.665799 0.746041 0.011567 12.686800 0.141318 -0.141310 0.979827 0.000000 0.000000 0.000000 0.000000 1.000000
0.789121 -0.604561 -0.108601 -0.000000 0.612550 0.787653 0.066219 12.686800 0.045506 -0.118778 0.991878 0.000000 0.000000 0.000000 0.000000 1.000000
0.836699 -0.547194 0.022660 0.000000 0.541696 0.832965 0.112850 12.686800 -0.080626 -0.082146 0.993354 0.000000 0.000000 0.000000 0.000000 1.000000
0.874731 -0.478610 0.076011 -0.000000 0.466266 0.873951 0.137134 12.686800 -0.132063 -0.084514 0.987632 -0.000000 0.000000 0.000000 0.000000 1.000000
0.910513 -0.402112 0.096291 -0.000000 0.384721 0.909224 0.159061 12.686800 -0.151511 -0.107782 0.982562 0.000000 0.000000 0.000000 0.000000 1.000000
0.942136 -0.321505 0.094943 0.000000 0.302645 0.937534 0.171567 12.686800 -0.144172 -0.132905 0.980587 0.000000 0.000000 0.000000 0.000000 1.000000
0.966648 -0.243712 0.078712 -0.000000 0.228446 0.959444 0.165166 12.686800 -0.115773 -0.141676 0.983120 0.000000 0.000000 0.000000 0.000000 1.000000
0.982769 -0.177791 0.050546 0.000000 0.170203 0.977109 0.127632 12.686800 -0.072081 -0.116830 0.990533 0.000000 0.000000 0.000000 0.000000 1.000000
0.990079 -0.130212 0.052803 0.000000 0.128284 0.990994 0.038402 12.686800 -0.057327 -0.031247 0.997866 -0.000000 0.000000 0.000000 0.000000 1.000000
0.993975 -0.090005 0.062557 0.000000 0.094336 0.993068 -0.070114 12.686800 -0.055813 0.075593 0.995576 0.000000 0.000000 0.000000 0.000000 1.000000
0.995747 -0.055841 0.073276 -0.000000 0.068856 0.979516 -0.189229 12.686800 -0.061209 0.193470 0.979195 0.000000 0.000000 0.000000 0.000000 1.000000
0.996521 -0.026692 0.078956 0.000000 0.049918 0.949770 -0.308942 12.686800 -0.066744 0.311809 0.947798 0.000000 0.000000 0.000000 0.000000 1.000000
0.997273 -0.001760 0.073779 0.000000 0.032635 0.907175 -0.419486 12.686800 -0.066192 0.420750 0.904758 0.000000 0.000000 0.000000 0.000000 1.000000</float_array>
        <technique_common>
          <accessor source="#mixamorig_LeftArm-Matrix-animation-output-transform-array" count="46" stride="16">
            <param type="float4x4"/>
          </accessor>
        </technique_common>
      </source>
      <source id="mixamorig_LeftArm-Interpolations">
        <Name_array id="mixamorig_LeftArm-Interpolations-array" count="46">
 LINEAR LINEAR LINEAR LINEAR LINEAR LINEAR LINEAR LINEAR LINEAR LINEAR LINEAR
LINEAR LINEAR LINEAR LINEAR LINEAR LINEAR LINEAR LINEAR LINEAR LINEAR LINEAR LINEAR
LINEAR LINEAR LINEAR LINEAR LINEAR LINEAR LINEAR LINEAR LINEAR LINEAR LINEAR LINEAR
LINEAR LINEAR LINEAR LINEAR LINEAR LINEAR LINEAR LINEAR LINEAR LINEAR LINEAR</Name_array>
        <technique_common>
          <accessor source="#mixamorig_LeftArm-Interpolations-array" count="46">
            <param type="name"/>
          </accessor>
        </technique_common>
      </source>
      <sampler id="mixamorig_LeftArm-Matrix-animation-transform">
        <input semantic="INPUT" source="#mixamorig_LeftArm-Matrix-animation-input"/>
        <input semantic="OUTPUT" source="#mixamorig_LeftArm-Matrix-animation-output-transform"/>
        <input semantic="INTERPOLATION" source="#mixamorig_LeftArm-Interpolations"/>
      </sampler>
      <channel source="#mixamorig_LeftArm-Matrix-animation-transform" target="mixamorig_LeftArm/matrix"/>
    </animation>
    <animation id="mixamorig_LeftForeArm-anim" name="mixamorig_LeftForeArm">
      <source id="mixamorig_LeftForeArm-Matrix-animation-input">
        <float_array id="mixamorig_LeftForeArm-Matrix-animation-input-array" count="46">

0.000000 0.033333 0.066667 0.100000 0.133333 0.166667 0.200000 0.233333 0.266667 0.300000 0.333333 0.366667 0.400000 0.433333 0.466667 0.500000
0.533333 0.566667 0.600000 0.633333 0.666667 0.700000 0.733333 0.766667 0.800000 0.833333 0.866667 0.900000 0.933333 0.966667 1.000000 1.033333
1.066667 1.100000 1.133333 1.166667 1.200000 1.233333 1.266667 1.300000 1.333333 1.366667 1.400000 1.433333 1.466667 1.500000</float_array>
        <technique_common>
          <accessor source="#mixamorig_LeftForeArm-Matrix-animation-input-array" count="46">
            <param name="TIME" type="float"/>
          </accessor>
        </technique_common>
      </source>
      <source id="mixamorig_LeftForeArm-Matrix-animation-output-transform">
        <float_array id="mixamorig_LeftForeArm-Matrix-animation-output-transform-array" count="736">

0.266617 -0.963801 -0.001719 0.000000 0.960680 0.265896 -0.079960 30.736700 0.077523 0.019668 0.996797 -0.000000 0.000000 0.000000 0.000000 1.000000
0.150281 -0.988131 -0.031831 0.000000 0.927007 0.152029 -0.342847 30.736700 0.343617 0.022016 0.938852 0.000000 0.000000 0.000000 0.000000 1.000000
0.051177 -0.998644 -0.009567 0.000000 0.898560 0.050225 -0.435967 30.736700 0.435857 0.013715 0.899912 0.000000 0.000000 0.000000 0.000000 1.000000
-0.014629 -0.999856 0.008547 -0.000000 0.881301 -0.016931 -0.472252 30.736700 0.472329 0.000624 0.881422 0.000000 0.000000 0.000000 0.000000 1.000000
-0.060609 -0.997734 0.029223 0.000000 0.839300 -0.066788 -0.539550 30.736700 0.540279 -0.008174 0.841446 0.000000 0.000000 0.000000 0.000000 1.000000
-0.098730 -0.993992 0.047246 -0.000000 0.808375 -0.107801 -0.578713 30.736700 0.580329 -0.018944 0.814162 0.000000 0.000000 0.000000 0.000000 1.000000
-0.136995 -0.989117 0.053661 0.000000 0.827123 -0.144030 -0.543253 30.736700 0.545069 -0.030039 0.837853 0.000000 0.000000 0.000000 0.000000 1.000000
-0.154299 -0.987283 0.038254 -0.000000 0.869881 -0.154106 -0.468571 30.736700 0.468508 -0.039024 0.882597 0.000000 0.000000 0.000000 0.000000 1.000000
-0.159683 -0.986873 0.024156 0.000000 0.893496 -0.154891 -0.421513 30.736700 0.419721 -0.045725 0.906501 0.000000 0.000000 0.000000 0.000000 1.000000
-0.169707 -0.985055 0.029413 -0.000000 0.887928 -0.165786 -0.429067 30.736700 0.427531 -0.046699 0.902794 0.000000 0.000000 0.000000 0.000000 1.000000
-0.161942 -0.986249 0.032994 0.000000 0.863250 -0.157786 -0.479483 30.736700 0.478095 -0.049166 0.876931 0.000000 0.000000 0.000000 0.000000 1.000000
-0.109055 -0.994020 -0.005553 0.000000 0.808315 -0.085427 -0.582520 30.736700 0.578562 -0.068015 0.812798 0.000000 0.000000 0.000000 0.000000 1.000000
-0.071330 -0.995925 -0.055177 0.000000 0.715427 -0.012537 -0.698575 30.736700 0.695037 -0.089305 0.713406 0.000000 0.000000 0.000000 0.000000 1.000000
-0.034737 -0.992465 -0.117500 0.000000 0.694516 0.060570 -0.716923 30.736700 0.718638 -0.106510 0.687179 -0.000000 0.000000 0.000000 0.000000 1.000000
-0.001937 -0.984458 -0.175611 0.000000 0.707762 0.122711 -0.695712 30.736700 0.706448 -0.125638 0.696524 -0.000000 0.000000 0.000000 0.000000 1.000000
-0.040171 -0.977044 -0.209217 0.000000 0.665726 0.129972 -0.734790 30.736700 0.745114 -0.168798 0.645222 0.000000 0.000000 0.000000 0.000000 1.000000
-0.001602 -0.927156 -0.374671 -0.000000 0.636585 0.288003 -0.715411 30.736700 0.771205 -0.239656 0.589753 -0.000000 0.000000 0.000000 0.000000 1.000000
0.057982 -0.814013 -0.577945 0.000000 0.526138 0.516911 -0.675264 30.736700 0.848420 -0.264926 0.458255 0.000000 0.000000 0.000000 0.000000 1.000000
-0.231402 -0.551845 -0.801199 0.000000 0.032240 0.818749 -0.573245 30.736700 0.972324 -0.158481 -0.171669 0.000000 0.000000 0.000000 0.000000 1.000000
0.047871 -0.324720 -0.944598 -0.000000 0.029598 0.945728 -0.323609 30.736700 0.998415 -0.012467 0.054884 0.000000 0.000000 0.000000 0.000000 1.000000
0.349493 -0.313313 -0.883001 0.000000 0.118757 0.949643 -0.289955 30.736700 0.929382 -0.003525 0.369101 0.000000 0.000000 0.000000 0.000000 1.000000
0.737630 -0.491479 -0.462980 0.000000 0.364302 0.867010 -0.339966 30.736700 0.568495 0.082105 0.818579 0.000000 0.000000 0.000000 0.000000 1.000000
0.832761 -0.551184 0.052008 0.000000 0.543444 0.795882 -0.266911 30.736700 0.105725 0.250536 0.962317 0.000000 0.000000 0.000000 0.000000 1.000000
0.746653 -0.472267 0.468479 0.000000 0.606169 0.773100 -0.186750 30.736700 -0.273986 0.423415 0.863511 0.000000 0.000000 0.000000 0.000000 1.000000
0.528363 -0.410589 0.743135 0.000000 0.714238 0.688174 -0.127595 30.736700 -0.459016 0.598192 0.656864 0.000000 0.000000 0.000000 0.000000 1.000000
0.334762 -0.357948 0.871670 0.000000 0.821681 0.563713 -0.084077 30.736700 -0.461276 0.744380 0.482828 0.000000 0.000000 0.000000 0.000000 1.000000
0.189568 -0.319002 0.928602 -0.000000 0.893508 0.448145 -0.028453 30.736700 -0.407072 0.835107 0.369984 0.000000 0.000000 0.000000 0.000000 1.000000
0.069411 -0.338468 0.938414 0.000000 0.917343 0.391295 0.073280 30.736700 -0.392000 0.855761 0.337651 0.000000 0.000000 0.000000 0.000000 1.000000
-0.015617 -0.395731 0.918234 0.000000 0.911580 0.371691 0.175691 30.736700 -0.410825 0.839787 0.354936 0.000000 0.000000 0.000000 0.000000 1.000000
-0.066575 -0.473268 0.878399 0.000000 0.880918 0.385539 0.274488 30.736700 -0.468563 0.792072 0.391243 0.000000 0.000000 0.000000 0.000000 1.000000
-0.072709 -0.572659 0.816563 0.000000 0.839564 0.406808 0.360054 30.736700 -0.538373 0.711737 0.451205 0.000000 0.000000 0.000000 0.000000 1.000000
-0.002387 -0.693267 0.720677 0.000000 0.821364 0.409717 0.396854 30.736700 -0.570399 0.592885 0.568447 -0.000000 0.000000 0.000000 0.000000 1.000000
0.054524 -0.805078 0.590658 0.000000 0.811078 0.380729 0.444070 30.736700 -0.582392 0.454857 0.673739 0.000000 0.000000 0.000000 0.000000 1.000000
0.083554 -0.898204 0.431564 0.000000 0.800633 0.318356 0.507579 30.736700 -0.593301 0.303114 0.745731 0.000000 0.000000 0.000000 0.000000 1.000000
0.107071 -0.961310 0.253809 0.000000 0.802555 0.234250 0.548664 30.736700 -0.586891 0.144949 0.796586 0.000000 0.000000 0.000000 0.000000 1.000000
0.129728 -0.990664 0.041894 0.000000 0.811079 0.130325 0.570234 30.736700 -0.570370 -0.039996 0.820413 0.000000 0.000000 0.000000 0.000000 1.000000
0.112482 -0.991210 -0.069643 0.000000 0.887420 0.068679 0.455816 30.736700 -0.447027 -0.113074 0.887345 0.000000 0.000000 0.000000 0.000000 1.000000
0.053990 -0.990191 -0.128865 0.000000 0.975052 0.024452 0.220627 30.736700 -0.215311 -0.137562 0.966808 0.000000 0.000000 0.000000 0.000000 1.000000
-0.012624 -0.991256 -0.131345 0.000000 0.997613 -0.003567 -0.068965 30.736700 0.067893 -0.131902 0.988935 0.000000 0.000000 0.000000 0.000000 1.000000
-0.052727 -0.993325 -0.102590 0.000000 0.945397 -0.016566 -0.325500 30.736700 0.321628 -0.114151 0.939960 -0.000000 0.000000 0.000000 0.000000 1.000000
-0.062513 -0.994626 -0.082535 0.000000 0.877844 -0.015451 -0.478698 30.736700 0.474850 -0.102378 0.874092 0.000000 0.000000 0.000000 0.000000 1.000000
-0.016913 -0.996223 -0.085170 0.000000 0.885815 0.024578 -0.463387 30.736700 0.463730 -0.083282 0.882054 -0.000000 0.000000 0.000000 0.000000 1.000000
0.049301 -0.995068 -0.086073 0.000000 0.916609 0.079307 -0.391841 30.736700 0.396734 -0.059577 0.915998 0.000000 0.000000 0.000000 0.000000 1.000000
0.126348 -0.989279 -0.073229 0.000000 0.947515 0.142210 -0.286342 30.736700 0.293686 -0.033207 0.955325 0.000000 0.000000 0.000000 0.000000 1.000000
0.202217 -0.978409 -0.042700 0.000000 0.963008 0.206585 -0.173027 30.736700 0.178113 -0.006132 0.983991 0.000000 0.000000 0.000000 0.000000 1.000000
0.266616 -0.963801 -0.001718 -0.000000 0.960680 0.265896 -0.079960 30.736700 0.077523 0.019668 0.996797 0.000000 0.000000 0.000000 0.000000 1.000000</float_array>
        <technique_common>
          <accessor source="#mixamorig_LeftForeArm-Matrix-animation-output-transform-array" count="46" stride="16">
            <param type="float4x4"/>
          </accessor>
        </technique_common>
      </source>
      <source id="mixamorig_LeftForeArm-Interpolations">
        <Name_array id="mixamorig_LeftForeArm-Interpolations-array" count="46">
 LINEAR LINEAR LINEAR LINEAR LINEAR LINEAR LINEAR LINEAR LINEAR LINEAR LINEAR
LINEAR LINEAR LINEAR LINEAR LINEAR LINEAR LINEAR LINEAR LINEAR LINEAR LINEAR LINEAR
LINEAR LINEAR LINEAR LINEAR LINEAR LINEAR LINEAR LINEAR LINEAR LINEAR LINEAR LINEAR
LINEAR LINEAR LINEAR LINEAR LINEAR LINEAR LINEAR LINEAR LINEAR LINEAR LINEAR</Name_array>
        <technique_common>
          <accessor source="#mixamorig_LeftForeArm-Interpolations-array" count="46">
            <param type="name"/>
          </accessor>
        </technique_common>
      </source>
      <sampler id="mixamorig_LeftForeArm-Matrix-animation-transform">
        <input semantic="INPUT" source="#mixamorig_LeftForeArm-Matrix-animation-input"/>
        <input semantic="OUTPUT" source="#mixamorig_LeftForeArm-Matrix-animation-output-transform"/>
        <input semantic="INTERPOLATION" source="#mixamorig_LeftForeArm-Interpolations"/>
      </sampler>
      <channel source="#mixamorig_LeftForeArm-Matrix-animation-transform" target="mixamorig_LeftForeArm/matrix"/>
    </animation>
    <animation id="mixamorig_LeftHand-anim" name="mixamorig_LeftHand">
      <source id="mixamorig_LeftHand-Matrix-animation-input">
        <float_array id="mixamorig_LeftHand-Matrix-animation-input-array" count="46">

0.000000 0.033333 0.066667 0.100000 0.133333 0.166667 0.200000 0.233333 0.266667 0.300000 0.333333 0.366667 0.400000 0.433333 0.466667 0.500000
0.533333 0.566667 0.600000 0.633333 0.666667 0.700000 0.733333 0.766667 0.800000 0.833333 0.866667 0.900000 0.933333 0.966667 1.000000 1.033333
1.066667 1.100000 1.133333 1.166667 1.200000 1.233333 1.266667 1.300000 1.333333 1.366667 1.400000 1.433333 1.466667 1.500000</float_array>
        <technique_common>
          <accessor source="#mixamorig_LeftHand-Matrix-animation-input-array" count="46">
            <param name="TIME" type="float"/>
          </accessor>
        </technique_common>
      </source>
      <source id="mixamorig_LeftHand-Matrix-animation-output-transform">
        <float_array id="mixamorig_LeftHand-Matrix-animation-output-transform-array" count="736">

0.884762 -0.464485 0.038080 0.000000 0.464148 0.870855 -0.161796 26.713100 0.041989 0.160826 0.986089 0.000000 0.000000 0.000000 0.000000 1.000000
0.966561 -0.236983 0.097975 -0.000000 0.251587 0.950297 -0.183411 26.713100 -0.049640 0.201927 0.978142 0.000000 0.000000 0.000000 0.000000 1.000000
0.993769 -0.043959 0.102424 -0.000000 0.051689 0.995913 -0.074071 26.713100 -0.098750 0.078904 0.991979 -0.000000 0.000000 0.000000 0.000000 1.000000
0.993717 0.065383 0.090842 0.000000 -0.065213 0.997860 -0.004849 26.713100 -0.090965 -0.001106 0.995853 0.000000 0.000000 0.000000 0.000000 1.000000
0.990260 0.122704 0.065796 0.000000 -0.122109 0.992432 -0.013004 26.713100 -0.066893 0.004843 0.997748 0.000000 0.000000 0.000000 0.000000 1.000000
0.987939 0.150340 0.037061 0.000000 -0.148529 0.987763 -0.047573 26.713100 -0.043759 0.041495 0.998180 0.000000 0.000000 0.000000 0.000000 1.000000
0.986536 0.163216 0.010365 0.000000 -0.161767 0.983171 -0.084895 26.713100 -0.024047 0.082075 0.996336 0.000000 0.000000 0.000000 0.000000 1.000000
0.986377 0.164354 -0.007004 0.000000 -0.164326 0.982455 -0.088203 26.713100 -0.007616 0.088152 0.996078 0.000000 0.000000 0.000000 0.000000 1.000000
0.989059 0.147509 0.002037 0.000000 -0.147520 0.989033 0.007158 26.713100 -0.000958 -0.007380 0.999972 0.000000 0.000000 0.000000 0.000000 1.000000
0.997460 0.064033 0.031194 0.000000 -0.068018 0.986291 0.150346 26.713100 -0.021139 -0.152086 0.988141 0.000000 0.000000 0.000000 0.000000 1.000000
0.995132 -0.085095 0.049702 0.000000 0.070934 0.968630 0.238168 26.713100 -0.068410 -0.233483 0.969951 0.000000 0.000000 0.000000 0.000000 1.000000
0.945808 -0.323207 0.031378 0.000000 0.306432 0.920321 0.243123 26.713100 -0.107457 -0.220332 0.969488 0.000000 0.000000 0.000000 0.000000 1.000000
0.816807 -0.576616 -0.018454 0.000000 0.561795 0.787725 0.252737 26.713100 -0.131196 -0.216805 0.967359 0.000000 0.000000 0.000000 0.000000 1.000000
0.714889 -0.697196 -0.053401 0.000000 0.683925 0.681297 0.260923 26.713100 -0.145532 -0.223053 0.963882 0.000000 0.000000 0.000000 0.000000 1.000000
0.691326 -0.720335 -0.056441 0.000000 0.714627 0.670131 0.200581 26.713100 -0.106663 -0.179001 0.978050 0.000000 0.000000 0.000000 0.000000 1.000000
0.743029 -0.667904 -0.042572 -0.000000 0.667226 0.734318 0.124848 26.713100 -0.052125 -0.121170 0.991262 0.000000 0.000000 0.000000 0.000000 1.000000
0.835864 -0.542990 -0.080580 0.000000 0.547137 0.835976 0.042260 26.713100 0.044416 -0.079412 0.995852 0.000000 0.000000 0.000000 0.000000 1.000000
0.948387 -0.267709 -0.169983 -0.000000 0.284923 0.954672 0.086141 26.713100 0.139218 -0.130128 0.981675 0.000000 0.000000 0.000000 0.000000 1.000000
0.989000 0.143722 -0.034983 0.000000 -0.134315 0.971637 0.194631 26.713100 0.061964 -0.187791 0.980252 0.000000 0.000000 0.000000 0.000000 1.000000
0.894268 0.447018 -0.021437 0.000000 -0.442846 0.890803 0.101775 26.713100 0.064592 -0.081521 0.994576 -0.000000 0.000000 0.000000 0.000000 1.000000
0.872681 0.487151 -0.033338 0.000000 -0.487488 0.873127 -0.002306 26.713100 0.027985 0.018265 0.999441 -0.000000 0.000000 0.000000 0.000000 1.000000
0.556295 0.830926 -0.009916 0.000000 -0.828499 0.553669 -0.083908 26.713100 -0.064232 0.054893 0.996424 0.000000 0.000000 0.000000 0.000000 1.000000
0.406664 0.911363 -0.063577 -0.000000 -0.896708 0.384876 -0.218597 26.713100 -0.174752 0.145905 0.973742 0.000000 0.000000 0.000000 0.000000 1.000000
0.450781 0.889421 -0.075669 -0.000000 -0.870477 0.419239 -0.257892 26.713100 -0.197651 0.182121 0.963206 -0.000000 0.000000 0.000000 0.000000 1.000000
0.511524 0.856976 -0.062732 0.000000 -0.841987 0.485330 -0.235612 26.713100 -0.171468 0.173341 0.969820 -0.000000 0.000000 0.000000 0.000000 1.000000
0.538051 0.841169 -0.054182 0.000000 -0.833067 0.520871 -0.186262 26.713100 -0.128456 0.145356 0.981005 0.000000 0.000000 0.000000 0.000000 1.000000
0.566405 0.823092 -0.041292 0.000000 -0.819632 0.557383 -0.132391 26.713100 -0.085955 0.108831 0.990337 0.000000 0.000000 0.000000 0.000000 1.000000
0.609622 0.792462 -0.019131 0.000000 -0.788953 0.604228 -0.111630 26.713100 -0.076903 0.083146 0.993566 0.000000 0.000000 0.000000 0.000000 1.000000
0.663136 0.748452 0.008443 -0.000000 -0.744181 0.660478 -0.099823 26.713100 -0.080288 0.059913 0.994969 -0.000000 0.000000 0.000000 0.000000 1.000000
0.729844 0.682382 0.041017 0.000000 -0.677822 0.730151 -0.086238 26.713100 -0.088796 0.035138 0.995430 0.000000 0.000000 0.000000 0.000000 1.000000
0.795576 0.602148 0.066904 0.000000 -0.598391 0.798250 -0.068746 26.713100 -0.094801 0.014658 0.995388 0.000000 0.000000 0.000000 0.000000 1.000000
0.839808 0.541919 0.032346 0.000000 -0.539443 0.839700 -0.062485 26.713100 -0.061023 0.035026 0.997522 0.000000 0.000000 0.000000 0.000000 1.000000
0.851638 0.524028 -0.010349 0.000000 -0.523243 0.848882 -0.074940 26.713100 -0.030486 0.069237 0.997134 0.000000 0.000000 0.000000 0.000000 1.000000
0.848307 0.528260 -0.036296 0.000000 -0.529220 0.843605 -0.090869 26.713100 -0.017383 0.096293 0.995201 0.000000 0.000000 0.000000 0.000000 1.000000
0.841198 0.537912 -0.055096 0.000000 -0.540600 0.834420 -0.107213 26.713100 -0.011698 0.119973 0.992708 0.000000 0.000000 0.000000 0.000000 1.000000
0.826327 0.558818 -0.070046 -0.000000 -0.563146 0.818271 -0.115323 26.713100 -0.007128 0.134740 0.990855 -0.000000 0.000000 0.000000 0.000000 1.000000
0.846842 0.527988 -0.063939 0.000000 -0.531294 0.834358 -0.146880 26.713100 -0.024202 0.158354 0.987086 0.000000 0.000000 0.000000 0.000000 1.000000
0.876757 0.478288 -0.050381 -0.000000 -0.478539 0.857148 -0.190519 26.713100 -0.047939 0.191148 0.980390 -0.000000 0.000000 0.000000 0.000000 1.000000
0.910758 0.412122 -0.025986 0.000000 -0.405966 0.882085 -0.238994 26.713100 -0.075572 0.228215 0.970673 0.000000 0.000000 0.000000 0.000000 1.000000
0.943319 0.331748 0.009597 -0.000000 -0.315463 0.905247 -0.284623 26.713100 -0.103111 0.265462 0.958592 0.000000 0.000000 0.000000 0.000000 1.000000
0.969610 0.238965 0.052463 0.000000 -0.210235 0.923488 -0.320890 26.713100 -0.125131 0.300108 0.945662 0.000000 0.000000 0.000000 0.000000 1.000000
0.991611 0.110844 0.066486 0.000000 -0.085404 0.947975 -0.306676 26.713100 -0.097020 0.298425 0.949489 -0.000000 0.000000 0.000000 0.000000 1.000000
0.997266 -0.031933 0.066634 0.000000 0.049078 0.960402 -0.274262 26.713100 -0.055238 0.276782 0.959344 0.000000 0.000000 0.000000 0.000000 1.000000
0.981727 -0.181271 0.057911 0.000000 0.189871 0.953416 -0.234409 26.713100 -0.012722 0.241121 0.970412 -0.000000 0.000000 0.000000 0.000000 1.000000
0.943440 -0.328279 0.046412 0.000000 0.330862 0.923254 -0.195277 26.713100 0.021255 0.199588 0.979649 0.000000 0.000000 0.000000 0.000000 1.000000
0.884762 -0.464485 0.038080 0.000000 0.464148 0.870855 -0.161796 26.713100 0.041990 0.160826 0.986089 0.000000 0.000000 0.000000 0.000000 1.000000</float_array>
        <technique_common>
          <accessor source="#mixamorig_LeftHand-Matrix-animation-output-transform-array" count="46" stride="16">
            <param type="float4x4"/>
          </accessor>
        </technique_common>
      </source>
      <source id="mixamorig_LeftHand-Interpolations">
        <Name_array id="mixamorig_LeftHand-Interpolations-array" count="46">
 LINEAR LINEAR LINEAR LINEAR LINEAR LINEAR LINEAR LINEAR LINEAR LINEAR LINEAR
LINEAR LINEAR LINEAR LINEAR LINEAR LINEAR LINEAR LINEAR LINEAR LINEAR LINEAR LINEAR
LINEAR LINEAR LINEAR LINEAR LINEAR LINEAR LINEAR LINEAR LINEAR LINEAR LINEAR LINEAR
LINEAR LINEAR LINEAR LINEAR LINEAR LINEAR LINEAR LINEAR LINEAR LINEAR LINEAR</Name_array>
        <technique_common>
          <accessor source="#mixamorig_LeftHand-Interpolations-array" count="46">
            <param type="name"/>
          </accessor>
        </technique_common>
      </source>
      <sampler id="mixamorig_LeftHand-Matrix-animation-transform">
        <input semantic="INPUT" source="#mixamorig_LeftHand-Matrix-animation-input"/>
        <input semantic="OUTPUT" source="#mixamorig_LeftHand-Matrix-animation-output-transform"/>
        <input semantic="INTERPOLATION" source="#mixamorig_LeftHand-Interpolations"/>
      </sampler>
      <channel source="#mixamorig_LeftHand-Matrix-animation-transform" target="mixamorig_LeftHand/matrix"/>
    </animation>
    <animation id="mixamorig_LeftHandThumb1-anim" name="mixamorig_LeftHandThumb1">
      <source id="mixamorig_LeftHandThumb1-Matrix-animation-input">
        <float_array id="mixamorig_LeftHandThumb1-Matrix-animation-input-array" count="46">

0.000000 0.033333 0.066667 0.100000 0.133333 0.166667 0.200000 0.233333 0.266667 0.300000 0.333333 0.366667 0.400000 0.433333 0.466667 0.500000
0.533333 0.566667 0.600000 0.633333 0.666667 0.700000 0.733333 0.766667 0.800000 0.833333 0.866667 0.900000 0.933333 0.966667 1.000000 1.033333
1.066667 1.100000 1.133333 1.166667 1.200000 1.233333 1.266667 1.300000 1.333333 1.366667 1.400000 1.433333 1.466667 1.500000</float_array>
        <technique_common>
          <accessor source="#mixamorig_LeftHandThumb1-Matrix-animation-input-array" count="46">
            <param name="TIME" type="float"/>
          </accessor>
        </technique_common>
      </source>
      <source id="mixamorig_LeftHandThumb1-Matrix-animation-output-transform">
        <float_array id="mixamorig_LeftHandThumb1-Matrix-animation-output-transform-array" count="736">

0.975549 0.095620 0.197891 -2.604400 0.108173 0.574892 -0.811047 4.344900 -0.191319 0.812623 0.550492 2.566800 0.000000 0.000000 0.000000 1.000000
0.975549 0.095620 0.197891 -2.604400 0.108172 0.574892 -0.811047 4.344900 -0.191319 0.812623 0.550492 2.566800 0.000000 0.000000 0.000000 1.000000
0.975549 0.095620 0.197891 -2.604400 0.108173 0.574893 -0.811047 4.344900 -0.191318 0.812622 0.550493 2.566800 0.000000 0.000000 0.000000 1.000000
0.975549 0.095620 0.197891 -2.604400 0.108173 0.574892 -0.811047 4.344900 -0.191319 0.812623 0.550492 2.566800 0.000000 0.000000 0.000000 1.000000
0.975549 0.095620 0.197891 -2.604400 0.108172 0.574892 -0.811047 4.344900 -0.191319 0.812623 0.550492 2.566800 0.000000 0.000000 0.000000 1.000000
0.975549 0.095620 0.197891 -2.604400 0.108172 0.574892 -0.811047 4.344900 -0.191318 0.812623 0.550492 2.566800 0.000000 0.000000 0.000000 1.000000
0.975549 0.095621 0.197891 -2.604400 0.108172 0.574892 -0.811047 4.344900 -0.191319 0.812623 0.550492 2.566800 0.000000 0.000000 0.000000 1.000000
0.975549 0.095620 0.197891 -2.604400 0.108173 0.574893 -0.811047 4.344900 -0.191318 0.812622 0.550493 2.566800 0.000000 0.000000 0.000000 1.000000
0.975549 0.095620 0.197891 -2.604400 0.108172 0.574893 -0.811047 4.344900 -0.191318 0.812622 0.550493 2.566800 0.000000 0.000000 0.000000 1.000000
0.975549 0.095620 0.197891 -2.604400 0.108172 0.574892 -0.811047 4.344900 -0.191318 0.812623 0.550492 2.566800 0.000000 0.000000 0.000000 1.000000
0.975549 0.095620 0.197891 -2.604400 0.108172 0.574892 -0.811047 4.344900 -0.191319 0.812623 0.550492 2.566800 0.000000 0.000000 0.000000 1.000000
0.975549 0.095620 0.197891 -2.604400 0.108172 0.574892 -0.811047 4.344900 -0.191318 0.812623 0.550492 2.566800 0.000000 0.000000 0.000000 1.000000
0.975549 0.095620 0.197891 -2.604400 0.108172 0.574892 -0.811047 4.344900 -0.191318 0.812623 0.550492 2.566800 0.000000 0.000000 0.000000 1.000000
0.975549 0.095620 0.197891 -2.604400 0.108173 0.574892 -0.811047 4.344900 -0.191319 0.812623 0.550492 2.566800 0.000000 0.000000 0.000000 1.000000
0.975549 0.095620 0.197891 -2.604400 0.108172 0.574892 -0.811047 4.344900 -0.191319 0.812623 0.550492 2.566800 0.000000 0.000000 0.000000 1.000000
0.975549 0.095621 0.197891 -2.604400 0.108172 0.574893 -0.811047 4.344900 -0.191319 0.812622 0.550492 2.566800 0.000000 0.000000 0.000000 1.000000
0.975549 0.095620 0.197891 -2.604400 0.108172 0.574892 -0.811047 4.344900 -0.191318 0.812623 0.550492 2.566800 0.000000 0.000000 0.000000 1.000000
0.975549 0.095620 0.197891 -2.604400 0.108172 0.574892 -0.811047 4.344900 -0.191319 0.812623 0.550492 2.566800 0.000000 0.000000 0.000000 1.000000
0.975549 0.095620 0.197891 -2.604400 0.108172 0.574892 -0.811047 4.344900 -0.191318 0.812623 0.550492 2.566800 0.000000 0.000000 0.000000 1.000000
0.975549 0.095620 0.197891 -2.604400 0.108173 0.574893 -0.811047 4.344900 -0.191319 0.812622 0.550492 2.566800 0.000000 0.000000 0.000000 1.000000
0.975549 0.095620 0.197891 -2.604400 0.108172 0.574892 -0.811047 4.344900 -0.191318 0.812623 0.550492 2.566800 0.000000 0.000000 0.000000 1.000000
0.975549 0.095620 0.197891 -2.604400 0.108172 0.574892 -0.811047 4.344900 -0.191319 0.812623 0.550492 2.566800 0.000000 0.000000 0.000000 1.000000
0.975549 0.095620 0.197891 -2.604400 0.108173 0.574892 -0.811047 4.344900 -0.191318 0.812623 0.550492 2.566800 0.000000 0.000000 0.000000 1.000000
0.975549 0.095620 0.197891 -2.604400 0.108172 0.574892 -0.811047 4.344900 -0.191318 0.812623 0.550492 2.566800 0.000000 0.000000 0.000000 1.000000
0.975549 0.095621 0.197891 -2.604400 0.108172 0.574892 -0.811047 4.344900 -0.191319 0.812623 0.550492 2.566800 0.000000 0.000000 0.000000 1.000000
0.975549 0.095620 0.197891 -2.604400 0.108172 0.574892 -0.811047 4.344900 -0.191319 0.812623 0.550492 2.566800 0.000000 0.000000 0.000000 1.000000
0.975549 0.095620 0.197891 -2.604400 0.108172 0.574892 -0.811047 4.344900 -0.191318 0.812623 0.550492 2.566800 0.000000 0.000000 0.000000 1.000000
0.975549 0.095620 0.197891 -2.604400 0.108172 0.574892 -0.811047 4.344900 -0.191318 0.812623 0.550492 2.566800 0.000000 0.000000 0.000000 1.000000
0.975549 0.095620 0.197891 -2.604400 0.108172 0.574893 -0.811047 4.344900 -0.191319 0.812622 0.550493 2.566800 0.000000 0.000000 0.000000 1.000000
0.975549 0.095620 0.197891 -2.604400 0.108173 0.574892 -0.811047 4.344900 -0.191318 0.812623 0.550492 2.566800 0.000000 0.000000 0.000000 1.000000
0.975549 0.095621 0.197891 -2.604400 0.108172 0.574892 -0.811047 4.344900 -0.191319 0.812623 0.550492 2.566800 0.000000 0.000000 0.000000 1.000000
0.975549 0.095620 0.197891 -2.604400 0.108172 0.574892 -0.811047 4.344900 -0.191319 0.812623 0.550492 2.566800 0.000000 0.000000 0.000000 1.000000
0.975549 0.095620 0.197891 -2.604400 0.108173 0.574892 -0.811047 4.344900 -0.191319 0.812623 0.550492 2.566800 0.000000 0.000000 0.000000 1.000000
0.975549 0.095621 0.197891 -2.604400 0.108172 0.574892 -0.811047 4.344900 -0.191319 0.812623 0.550492 2.566800 0.000000 0.000000 0.000000 1.000000
0.975549 0.095620 0.197891 -2.604400 0.108172 0.574892 -0.811047 4.344900 -0.191318 0.812623 0.550492 2.566800 0.000000 0.000000 0.000000 1.000000
0.975549 0.095620 0.197891 -2.604400 0.108172 0.574892 -0.811047 4.344900 -0.191319 0.812623 0.550492 2.566800 0.000000 0.000000 0.000000 1.000000
0.975549 0.095620 0.197891 -2.604400 0.108172 0.574892 -0.811047 4.344900 -0.191318 0.812623 0.550492 2.566800 0.000000 0.000000 0.000000 1.000000
0.975549 0.095620 0.197891 -2.604400 0.108172 0.574892 -0.811047 4.344900 -0.191318 0.812623 0.550492 2.566800 0.000000 0.000000 0.000000 1.000000
0.975549 0.095620 0.197891 -2.604400 0.108173 0.574892 -0.811047 4.344900 -0.191318 0.812623 0.550492 2.566800 0.000000 0.000000 0.000000 1.000000
0.975549 0.095620 0.197891 -2.604400 0.108172 0.574892 -0.811047 4.344900 -0.191318 0.812623 0.550492 2.566800 0.000000 0.000000 0.000000 1.000000
0.975549 0.095620 0.197891 -2.604400 0.108173 0.574892 -0.811047 4.344900 -0.191318 0.812623 0.550492 2.566800 0.000000 0.000000 0.000000 1.000000
0.975549 0.095620 0.197891 -2.604400 0.108172 0.574892 -0.811048 4.344900 -0.191318 0.812623 0.550492 2.566800 0.000000 0.000000 0.000000 1.000000
0.975549 0.095620 0.197891 -2.604400 0.108172 0.574893 -0.811047 4.344900 -0.191318 0.812622 0.550493 2.566800 0.000000 0.000000 0.000000 1.000000
0.975549 0.095620 0.197891 -2.604400 0.108172 0.574892 -0.811047 4.344900 -0.191318 0.812623 0.550492 2.566800 0.000000 0.000000 0.000000 1.000000
0.975549 0.095620 0.197891 -2.604400 0.108172 0.574892 -0.811047 4.344900 -0.191319 0.812623 0.550492 2.566800 0.000000 0.000000 0.000000 1.000000
0.975549 0.095620 0.197891 -2.604400 0.108172 0.574892 -0.811047 4.344900 -0.191318 0.812623 0.550492 2.566800 0.000000 0.000000 0.000000 1.000000</float_array>
        <technique_common>
          <accessor source="#mixamorig_LeftHandThumb1-Matrix-animation-output-transform-array" count="46" stride="16">
            <param type="float4x4"/>
          </accessor>
        </technique_common>
      </source>
      <source id="mixamorig_LeftHandThumb1-Interpolations">
        <Name_array id="mixamorig_LeftHandThumb1-Interpolations-array" count="46">
 LINEAR LINEAR LINEAR LINEAR LINEAR LINEAR LINEAR LINEAR LINEAR LINEAR LINEAR
LINEAR LINEAR LINEAR LINEAR LINEAR LINEAR LINEAR LINEAR LINEAR LINEAR LINEAR LINEAR
LINEAR LINEAR LINEAR LINEAR LINEAR LINEAR LINEAR LINEAR LINEAR LINEAR LINEAR LINEAR
LINEAR LINEAR LINEAR LINEAR LINEAR LINEAR LINEAR LINEAR LINEAR LINEAR LINEAR</Name_array>
        <technique_common>
          <accessor source="#mixamorig_LeftHandThumb1-Interpolations-array" count="46">
            <param type="name"/>
          </accessor>
        </technique_common>
      </source>
      <sampler id="mixamorig_LeftHandThumb1-Matrix-animation-transform">
        <input semantic="INPUT" source="#mixamorig_LeftHandThumb1-Matrix-animation-input"/>
        <input semantic="OUTPUT" source="#mixamorig_LeftHandThumb1-Matrix-animation-output-transform"/>
        <input semantic="INTERPOLATION" source="#mixamorig_LeftHandThumb1-Interpolations"/>
      </sampler>
      <channel source="#mixamorig_LeftHandThumb1-Matrix-animation-transform" target="mixamorig_LeftHandThumb1/matrix"/>
    </animation>
    <animation id="mixamorig_LeftHandThumb2-anim" name="mixamorig_LeftHandThumb2">
      <source id="mixamorig_LeftHandThumb2-Matrix-animation-input">
        <float_array id="mixamorig_LeftHandThumb2-Matrix-animation-input-array" count="46">

0.000000 0.033333 0.066667 0.100000 0.133333 0.166667 0.200000 0.233333 0.266667 0.300000 0.333333 0.366667 0.400000 0.433333 0.466667 0.500000
0.533333 0.566667 0.600000 0.633333 0.666667 0.700000 0.733333 0.766667 0.800000 0.833333 0.866667 0.900000 0.933333 0.966667 1.000000 1.033333
1.066667 1.100000 1.133333 1.166667 1.200000 1.233333 1.266667 1.300000 1.333333 1.366667 1.400000 1.433333 1.466667 1.500000</float_array>
        <technique_common>
          <accessor source="#mixamorig_LeftHandThumb2-Matrix-animation-input-array" count="46">
            <param name="TIME" type="float"/>
          </accessor>
        </technique_common>
      </source>
      <source id="mixamorig_LeftHandThumb2-Matrix-animation-output-transform">
        <float_array id="mixamorig_LeftHandThumb2-Matrix-animation-output-transform-array" count="736">

0.951177 -0.055129 0.303681 0.000000 -0.005302 0.980855 0.194667 4.523200 -0.308599 -0.186773 0.932675 0.000000 0.000000 0.000000 0.000000 1.000000
0.951177 -0.055129 0.303681 0.000000 -0.005302 0.980855 0.194666 4.523200 -0.308599 -0.186773 0.932675 -0.000000 0.000000 0.000000 0.000000 1.000000
0.951177 -0.055129 0.303681 0.000000 -0.005302 0.980855 0.194667 4.523200 -0.308599 -0.186773 0.932675 -0.000000 0.000000 0.000000 0.000000 1.000000
0.951177 -0.055129 0.303681 0.000000 -0.005302 0.980855 0.194666 4.523200 -0.308599 -0.186772 0.932675 0.000000 0.000000 0.000000 0.000000 1.000000
0.951177 -0.055128 0.303681 0.000000 -0.005302 0.980855 0.194666 4.523200 -0.308599 -0.186772 0.932675 0.000000 0.000000 0.000000 0.000000 1.000000
0.951177 -0.055129 0.303682 0.000000 -0.005302 0.980855 0.194666 4.523200 -0.308599 -0.186772 0.932675 0.000000 0.000000 0.000000 0.000000 1.000000
0.951177 -0.055129 0.303681 0.000000 -0.005302 0.980855 0.194666 4.523200 -0.308599 -0.186772 0.932675 0.000000 0.000000 0.000000 0.000000 1.000000
0.951177 -0.055129 0.303681 -0.000000 -0.005302 0.980855 0.194666 4.523200 -0.308599 -0.186772 0.932675 -0.000000 0.000000 0.000000 0.000000 1.000000
0.951177 -0.055129 0.303681 0.000000 -0.005302 0.980855 0.194667 4.523200 -0.308599 -0.186773 0.932675 0.000000 0.000000 0.000000 0.000000 1.000000
0.951177 -0.055128 0.303681 -0.000000 -0.005302 0.980855 0.194667 4.523200 -0.308599 -0.186773 0.932675 0.000000 0.000000 0.000000 0.000000 1.000000
0.951177 -0.055129 0.303681 -0.000000 -0.005302 0.980855 0.194667 4.523200 -0.308599 -0.186773 0.932675 0.000000 0.000000 0.000000 0.000000 1.000000
0.951178 -0.055128 0.303681 0.000000 -0.005302 0.980855 0.194667 4.523200 -0.308599 -0.186773 0.932675 0.000000 0.000000 0.000000 0.000000 1.000000
0.951177 -0.055129 0.303681 0.000000 -0.005302 0.980855 0.194667 4.523200 -0.308599 -0.186773 0.932675 0.000000 0.000000 0.000000 0.000000 1.000000
0.951177 -0.055129 0.303681 0.000000 -0.005302 0.980855 0.194667 4.523200 -0.308599 -0.186773 0.932675 0.000000 0.000000 0.000000 0.000000 1.000000
0.951177 -0.055128 0.303681 0.000000 -0.005303 0.980855 0.194667 4.523200 -0.308599 -0.186773 0.932675 0.000000 0.000000 0.000000 0.000000 1.000000
0.951177 -0.055128 0.303681 0.000000 -0.005303 0.980855 0.194666 4.523200 -0.308599 -0.186773 0.932675 -0.000000 0.000000 0.000000 0.000000 1.000000
0.951177 -0.055129 0.303681 0.000000 -0.005302 0.980855 0.194666 4.523200 -0.308599 -0.186772 0.932675 -0.000000 0.000000 0.000000 0.000000 1.000000
0.951177 -0.055128 0.303681 -0.000000 -0.005302 0.980855 0.194666 4.523200 -0.308599 -0.186773 0.932675 0.000000 0.000000 0.000000 0.000000 1.000000
0.951177 -0.055128 0.303681 0.000000 -0.005302 0.980855 0.194666 4.523200 -0.308599 -0.186772 0.932675 -0.000000 0.000000 0.000000 0.000000 1.000000
0.951177 -0.055129 0.303681 0.000000 -0.005302 0.980855 0.194666 4.523200 -0.308599 -0.186772 0.932675 0.000000 0.000000 0.000000 0.000000 1.000000
0.951177 -0.055129 0.303681 0.000000 -0.005302 0.980855 0.194666 4.523200 -0.308599 -0.186772 0.932675 -0.000000 0.000000 0.000000 0.000000 1.000000
0.951177 -0.055129 0.303681 0.000000 -0.005302 0.980855 0.194667 4.523200 -0.308599 -0.186773 0.932675 0.000000 0.000000 0.000000 0.000000 1.000000
0.951177 -0.055129 0.303681 -0.000000 -0.005302 0.980855 0.194666 4.523200 -0.308599 -0.186772 0.932675 0.000000 0.000000 0.000000 0.000000 1.000000
0.951177 -0.055128 0.303681 0.000000 -0.005302 0.980855 0.194666 4.523200 -0.308599 -0.186772 0.932675 0.000000 0.000000 0.000000 0.000000 1.000000
0.951177 -0.055129 0.303681 -0.000000 -0.005302 0.980855 0.194666 4.523200 -0.308599 -0.186772 0.932675 -0.000000 0.000000 0.000000 0.000000 1.000000
0.951177 -0.055129 0.303681 0.000000 -0.005302 0.980855 0.194667 4.523200 -0.308599 -0.186773 0.932675 0.000000 0.000000 0.000000 0.000000 1.000000
0.951177 -0.055128 0.303681 0.000000 -0.005303 0.980855 0.194667 4.523200 -0.308599 -0.186773 0.932675 0.000000 0.000000 0.000000 0.000000 1.000000
0.951177 -0.055129 0.303681 -0.000000 -0.005302 0.980855 0.194666 4.523200 -0.308599 -0.186772 0.932675 -0.000000 0.000000 0.000000 0.000000 1.000000
0.951177 -0.055129 0.303681 -0.000000 -0.005302 0.980855 0.194666 4.523200 -0.308599 -0.186772 0.932675 -0.000000 0.000000 0.000000 0.000000 1.000000
0.951177 -0.055129 0.303681 -0.000000 -0.005302 0.980855 0.194666 4.523200 -0.308599 -0.186772 0.932675 0.000000 0.000000 0.000000 0.000000 1.000000
0.951178 -0.055129 0.303681 -0.000000 -0.005302 0.980855 0.194666 4.523200 -0.308599 -0.186772 0.932675 -0.000000 0.000000 0.000000 0.000000 1.000000
0.951177 -0.055129 0.303681 0.000000 -0.005302 0.980855 0.194667 4.523200 -0.308599 -0.186773 0.932675 0.000000 0.000000 0.000000 0.000000 1.000000
0.951177 -0.055129 0.303682 0.000000 -0.005302 0.980855 0.194666 4.523200 -0.308599 -0.186772 0.932675 0.000000 0.000000 0.000000 0.000000 1.000000
0.951178 -0.055129 0.303681 0.000000 -0.005302 0.980855 0.194666 4.523200 -0.308599 -0.186772 0.932675 0.000000 0.000000 0.000000 0.000000 1.000000
0.951178 -0.055129 0.303681 0.000000 -0.005302 0.980855 0.194667 4.523200 -0.308599 -0.186773 0.932675 -0.000000 0.000000 0.000000 0.000000 1.000000
0.951177 -0.055128 0.303681 0.000000 -0.005303 0.980855 0.194666 4.523200 -0.308599 -0.186773 0.932675 0.000000 0.000000 0.000000 0.000000 1.000000
0.951177 -0.055129 0.303682 0.000000 -0.005302 0.980855 0.194667 4.523200 -0.308599 -0.186773 0.932675 0.000000 0.000000 0.000000 0.000000 1.000000
0.951177 -0.055129 0.303681 0.000000 -0.005302 0.980855 0.194667 4.523200 -0.308599 -0.186773 0.932675 0.000000 0.000000 0.000000 0.000000 1.000000
0.951177 -0.055128 0.303681 0.000000 -0.005302 0.980855 0.194666 4.523200 -0.308599 -0.186773 0.932675 0.000000 0.000000 0.000000 0.000000 1.000000
0.951177 -0.055129 0.303681 0.000000 -0.005302 0.980855 0.194666 4.523200 -0.308599 -0.186772 0.932675 -0.000000 0.000000 0.000000 0.000000 1.000000
0.951177 -0.055128 0.303681 0.000000 -0.005302 0.980855 0.194666 4.523200 -0.308599 -0.186773 0.932675 -0.000000 0.000000 0.000000 0.000000 1.000000
0.951177 -0.055129 0.303681 0.000000 -0.005302 0.980855 0.194667 4.523200 -0.308599 -0.186773 0.932675 0.000000 0.000000 0.000000 0.000000 1.000000
0.951177 -0.055129 0.303681 0.000000 -0.005302 0.980855 0.194666 4.523200 -0.308599 -0.186772 0.932675 0.000000 0.000000 0.000000 0.000000 1.000000
0.951177 -0.055129 0.303681 0.000000 -0.005302 0.980855 0.194667 4.523200 -0.308599 -0.186773 0.932675 0.000000 0.000000 0.000000 0.000000 1.000000
0.951177 -0.055129 0.303681 0.000000 -0.005302 0.980855 0.194666 4.523200 -0.308599 -0.186773 0.932675 -0.000000 0.000000 0.000000 0.000000 1.000000
0.951177 -0.055129 0.303681 0.000000 -0.005302 0.980855 0.194667 4.523200 -0.308599 -0.186773 0.932675 0.000000 0.000000 0.000000 0.000000 1.000000</float_array>
        <technique_common>
          <accessor source="#mixamorig_LeftHandThumb2-Matrix-animation-output-transform-array" count="46" stride="16">
            <param type="float4x4"/>
          </accessor>
        </technique_common>
      </source>
      <source id="mixamorig_LeftHandThumb2-Interpolations">
        <Name_array id="mixamorig_LeftHandThumb2-Interpolations-array" count="46">
 LINEAR LINEAR LINEAR LINEAR LINEAR LINEAR LINEAR LINEAR LINEAR LINEAR LINEAR
LINEAR LINEAR LINEAR LINEAR LINEAR LINEAR LINEAR LINEAR LINEAR LINEAR LINEAR LINEAR
LINEAR LINEAR LINEAR LINEAR LINEAR LINEAR LINEAR LINEAR LINEAR LINEAR LINEAR LINEAR
LINEAR LINEAR LINEAR LINEAR LINEAR LINEAR LINEAR LINEAR LINEAR LINEAR LINEAR</Name_array>
        <technique_common>
          <accessor source="#mixamorig_LeftHandThumb2-Interpolations-array" count="46">
            <param type="name"/>
          </accessor>
        </technique_common>
      </source>
      <sampler id="mixamorig_LeftHandThumb2-Matrix-animation-transform">
        <input semantic="INPUT" source="#mixamorig_LeftHandThumb2-Matrix-animation-input"/>
        <input semantic="OUTPUT" source="#mixamorig_LeftHandThumb2-Matrix-animation-output-transform"/>
        <input semantic="INTERPOLATION" source="#mixamorig_LeftHandThumb2-Interpolations"/>
      </sampler>
      <channel source="#mixamorig_LeftHandThumb2-Matrix-animation-transform" target="mixamorig_LeftHandThumb2/matrix"/>
    </animation>
    <animation id="mixamorig_LeftHandThumb3-anim" name="mixamorig_LeftHandThumb3">
      <source id="mixamorig_LeftHandThumb3-Matrix-animation-input">
        <float_array id="mixamorig_LeftHandThumb3-Matrix-animation-input-array" count="46">

0.000000 0.033333 0.066667 0.100000 0.133333 0.166667 0.200000 0.233333 0.266667 0.300000 0.333333 0.366667 0.400000 0.433333 0.466667 0.500000
0.533333 0.566667 0.600000 0.633333 0.666667 0.700000 0.733333 0.766667 0.800000 0.833333 0.866667 0.900000 0.933333 0.966667 1.000000 1.033333
1.066667 1.100000 1.133333 1.166667 1.200000 1.233333 1.266667 1.300000 1.333333 1.366667 1.400000 1.433333 1.466667 1.500000</float_array>
        <technique_common>
          <accessor source="#mixamorig_LeftHandThumb3-Matrix-animation-input-array" count="46">
            <param name="TIME" type="float"/>
          </accessor>
        </technique_common>
      </source>
      <source id="mixamorig_LeftHandThumb3-Matrix-animation-output-transform">
        <float_array id="mixamorig_LeftHandThumb3-Matrix-animation-output-transform-array" count="736">

0.926700 0.297562 -0.229530 -0.000000 -0.228316 0.930924 0.285047 3.636400 0.298494 -0.211747 0.930626 0.000000 0.000000 0.000000 0.000000 1.000000
0.926700 0.297562 -0.229530 -0.000000 -0.228317 0.930924 0.285047 3.636400 0.298494 -0.211747 0.930626 -0.000000 0.000000 0.000000 0.000000 1.000000
0.926700 0.297562 -0.229530 0.000000 -0.228316 0.930924 0.285047 3.636400 0.298494 -0.211748 0.930626 0.000000 0.000000 0.000000 0.000000 1.000000
0.926700 0.297562 -0.229530 0.000000 -0.228316 0.930924 0.285047 3.636400 0.298494 -0.211747 0.930626 0.000000 0.000000 0.000000 0.000000 1.000000
0.926700 0.297562 -0.229530 0.000000 -0.228316 0.930924 0.285047 3.636400 0.298494 -0.211747 0.930626 0.000000 0.000000 0.000000 0.000000 1.000000
0.926700 0.297562 -0.229530 0.000000 -0.228316 0.930924 0.285047 3.636400 0.298494 -0.211747 0.930626 -0.000000 0.000000 0.000000 0.000000 1.000000
0.926700 0.297562 -0.229530 0.000000 -0.228317 0.930924 0.285047 3.636400 0.298494 -0.211747 0.930626 0.000000 0.000000 0.000000 0.000000 1.000000
0.926700 0.297562 -0.229530 -0.000000 -0.228316 0.930924 0.285047 3.636400 0.298494 -0.211748 0.930626 0.000000 0.000000 0.000000 0.000000 1.000000
0.926700 0.297562 -0.229530 0.000000 -0.228316 0.930924 0.285046 3.636400 0.298494 -0.211747 0.930626 0.000000 0.000000 0.000000 0.000000 1.000000
0.926700 0.297562 -0.229530 -0.000000 -0.228317 0.930924 0.285047 3.636400 0.298494 -0.211747 0.930626 0.000000 0.000000 0.000000 0.000000 1.000000
0.926700 0.297562 -0.229529 0.000000 -0.228317 0.930924 0.285047 3.636400 0.298494 -0.211747 0.930626 0.000000 0.000000 0.000000 0.000000 1.000000
0.926700 0.297562 -0.229530 -0.000000 -0.228316 0.930924 0.285047 3.636400 0.298494 -0.211747 0.930626 0.000000 0.000000 0.000000 0.000000 1.000000
0.926700 0.297562 -0.229530 -0.000000 -0.228317 0.930924 0.285046 3.636400 0.298494 -0.211747 0.930626 0.000000 0.000000 0.000000 0.000000 1.000000
0.926700 0.297562 -0.229530 -0.000000 -0.228317 0.930924 0.285046 3.636400 0.298494 -0.211747 0.930626 0.000000 0.000000 0.000000 0.000000 1.000000
0.926700 0.297562 -0.229530 -0.000000 -0.228317 0.930924 0.285047 3.636400 0.298494 -0.211747 0.930626 0.000000 0.000000 0.000000 0.000000 1.000000
0.926700 0.297562 -0.229530 0.000000 -0.228316 0.930924 0.285047 3.636400 0.298494 -0.211747 0.930626 0.000000 0.000000 0.000000 0.000000 1.000000
0.926700 0.297562 -0.229530 0.000000 -0.228317 0.930924 0.285047 3.636400 0.298494 -0.211747 0.930626 0.000000 0.000000 0.000000 0.000000 1.000000
0.926700 0.297562 -0.229530 0.000000 -0.228316 0.930924 0.285047 3.636400 0.298494 -0.211747 0.930626 -0.000000 0.000000 0.000000 0.000000 1.000000
0.926700 0.297562 -0.229530 0.000000 -0.228317 0.930924 0.285047 3.636400 0.298494 -0.211748 0.930626 0.000000 0.000000 0.000000 0.000000 1.000000
0.926700 0.297562 -0.229530 0.000000 -0.228316 0.930924 0.285047 3.636400 0.298494 -0.211748 0.930626 0.000000 0.000000 0.000000 0.000000 1.000000
0.926700 0.297562 -0.229530 0.000000 -0.228317 0.930924 0.285047 3.636400 0.298494 -0.211747 0.930626 0.000000 0.000000 0.000000 0.000000 1.000000
0.926700 0.297562 -0.229530 0.000000 -0.228316 0.930924 0.285047 3.636400 0.298494 -0.211748 0.930626 0.000000 0.000000 0.000000 0.000000 1.000000
0.926700 0.297562 -0.229530 -0.000000 -0.228316 0.930924 0.285047 3.636400 0.298494 -0.211748 0.930626 0.000000 0.000000 0.000000 0.000000 1.000000
0.926700 0.297562 -0.229530 -0.000000 -0.228316 0.930924 0.285047 3.636400 0.298494 -0.211747 0.930626 0.000000 0.000000 0.000000 0.000000 1.000000
0.926700 0.297562 -0.229530 0.000000 -0.228316 0.930924 0.285047 3.636400 0.298494 -0.211747 0.930626 0.000000 0.000000 0.000000 0.000000 1.000000
0.926700 0.297562 -0.229530 -0.000000 -0.228316 0.930924 0.285047 3.636400 0.298494 -0.211748 0.930626 0.000000 0.000000 0.000000 0.000000 1.000000
0.926700 0.297562 -0.229530 -0.000000 -0.228316 0.930924 0.285046 3.636400 0.298494 -0.211747 0.930626 0.000000 0.000000 0.000000 0.000000 1.000000
0.926700 0.297561 -0.229530 0.000000 -0.228316 0.930925 0.285046 3.636400 0.298494 -0.211747 0.930626 0.000000 0.000000 0.000000 0.000000 1.000000
0.926700 0.297562 -0.229530 0.000000 -0.228316 0.930924 0.285046 3.636400 0.298494 -0.211747 0.930626 0.000000 0.000000 0.000000 0.000000 1.000000
0.926700 0.297562 -0.229530 0.000000 -0.228317 0.930924 0.285047 3.636400 0.298494 -0.211747 0.930626 0.000000 0.000000 0.000000 0.000000 1.000000
0.926700 0.297562 -0.229530 0.000000 -0.228316 0.930924 0.285047 3.636400 0.298494 -0.211748 0.930626 0.000000 0.000000 0.000000 0.000000 1.000000
0.926700 0.297562 -0.229530 0.000000 -0.228316 0.930924 0.285047 3.636400 0.298494 -0.211748 0.930626 0.000000 0.000000 0.000000 0.000000 1.000000
0.926700 0.297562 -0.229530 0.000000 -0.228316 0.930924 0.285047 3.636400 0.298494 -0.211747 0.930626 0.000000 0.000000 0.000000 0.000000 1.000000
0.926700 0.297562 -0.229530 -0.000000 -0.228316 0.930924 0.285047 3.636400 0.298494 -0.211747 0.930626 -0.000000 0.000000 0.000000 0.000000 1.000000
0.926700 0.297562 -0.229530 0.000000 -0.228317 0.930924 0.285046 3.636400 0.298494 -0.211747 0.930626 0.000000 0.000000 0.000000 0.000000 1.000000
0.926700 0.297561 -0.229530 0.000000 -0.228316 0.930924 0.285047 3.636400 0.298494 -0.211747 0.930626 -0.000000 0.000000 0.000000 0.000000 1.000000
0.926700 0.297562 -0.229530 0.000000 -0.228316 0.930924 0.285047 3.636400 0.298494 -0.211747 0.930626 0.000000 0.000000 0.000000 0.000000 1.000000
0.926700 0.297562 -0.229530 0.000000 -0.228317 0.930924 0.285047 3.636400 0.298494 -0.211747 0.930626 0.000000 0.000000 0.000000 0.000000 1.000000
0.926700 0.297562 -0.229530 0.000000 -0.228316 0.930924 0.285047 3.636400 0.298494 -0.211747 0.930626 0.000000 0.000000 0.000000 0.000000 1.000000
0.926700 0.297562 -0.229530 -0.000000 -0.228316 0.930924 0.285047 3.636400 0.298494 -0.211747 0.930626 0.000000 0.000000 0.000000 0.000000 1.000000
0.926700 0.297562 -0.229530 0.000000 -0.228317 0.930924 0.285047 3.636400 0.298494 -0.211748 0.930626 0.000000 0.000000 0.000000 0.000000 1.000000
0.926700 0.297562 -0.229530 0.000000 -0.228316 0.930924 0.285047 3.636400 0.298494 -0.211747 0.930626 0.000000 0.000000 0.000000 0.000000 1.000000
0.926700 0.297562 -0.229530 0.000000 -0.228316 0.930924 0.285047 3.636400 0.298494 -0.211748 0.930626 0.000000 0.000000 0.000000 0.000000 1.000000
0.926700 0.297562 -0.229530 0.000000 -0.228316 0.930924 0.285047 3.636400 0.298494 -0.211747 0.930626 -0.000000 0.000000 0.000000 0.000000 1.000000
0.926700 0.297562 -0.229530 0.000000 -0.228317 0.930924 0.285047 3.636400 0.298494 -0.211747 0.930626 0.000000 0.000000 0.000000 0.000000 1.000000
0.926700 0.297562 -0.229530 0.000000 -0.228317 0.930924 0.285047 3.636400 0.298494 -0.211747 0.930626 0.000000 0.000000 0.000000 0.000000 1.000000</float_array>
        <technique_common>
          <accessor source="#mixamorig_LeftHandThumb3-Matrix-animation-output-transform-array" count="46" stride="16">
            <param type="float4x4"/>
          </accessor>
        </technique_common>
      </source>
      <source id="mixamorig_LeftHandThumb3-Interpolations">
        <Name_array id="mixamorig_LeftHandThumb3-Interpolations-array" count="46">
 LINEAR LINEAR LINEAR LINEAR LINEAR LINEAR LINEAR LINEAR LINEAR LINEAR LINEAR
LINEAR LINEAR LINEAR LINEAR LINEAR LINEAR LINEAR LINEAR LINEAR LINEAR LINEAR LINEAR
LINEAR LINEAR LINEAR LINEAR LINEAR LINEAR LINEAR LINEAR LINEAR LINEAR LINEAR LINEAR
LINEAR LINEAR LINEAR LINEAR LINEAR LINEAR LINEAR LINEAR LINEAR LINEAR LINEAR</Name_array>
        <technique_common>
          <accessor source="#mixamorig_LeftHandThumb3-Interpolations-array" count="46">
            <param type="name"/>
          </accessor>
        </technique_common>
      </source>
      <sampler id="mixamorig_LeftHandThumb3-Matrix-animation-transform">
        <input semantic="INPUT" source="#mixamorig_LeftHandThumb3-Matrix-animation-input"/>
        <input semantic="OUTPUT" source="#mixamorig_LeftHandThumb3-Matrix-animation-output-transform"/>
        <input semantic="INTERPOLATION" source="#mixamorig_LeftHandThumb3-Interpolations"/>
      </sampler>
      <channel source="#mixamorig_LeftHandThumb3-Matrix-animation-transform" target="mixamorig_LeftHandThumb3/matrix"/>
    </animation>
    <animation id="mixamorig_LeftHandIndex1-anim" name="mixamorig_LeftHandIndex1">
      <source id="mixamorig_LeftHandIndex1-Matrix-animation-input">
        <float_array id="mixamorig_LeftHandIndex1-Matrix-animation-input-array" count="46">

0.000000 0.033333 0.066667 0.100000 0.133333 0.166667 0.200000 0.233333 0.266667 0.300000 0.333333 0.366667 0.400000 0.433333 0.466667 0.500000
0.533333 0.566667 0.600000 0.633333 0.666667 0.700000 0.733333 0.766667 0.800000 0.833333 0.866667 0.900000 0.933333 0.966667 1.000000 1.033333
1.066667 1.100000 1.133333 1.166667 1.200000 1.233333 1.266667 1.300000 1.333333 1.366667 1.400000 1.433333 1.466667 1.500000</float_array>
        <technique_common>
          <accessor source="#mixamorig_LeftHandIndex1-Matrix-animation-input-array" count="46">
            <param name="TIME" type="float"/>
          </accessor>
        </technique_common>
      </source>
      <source id="mixamorig_LeftHandIndex1-Matrix-animation-output-transform">
        <float_array id="mixamorig_LeftHandIndex1-Matrix-animation-output-transform-array" count="736">

0.998596 0.024266 -0.047094 -3.402400 -0.052964 0.477689 -0.876931 12.111600 0.001217 0.878194 0.478304 0.315900 0.000000 0.000000 0.000000 1.000000
0.998596 0.024266 -0.047093 -3.402400 -0.052964 0.477689 -0.876931 12.111600 0.001216 0.878194 0.478303 0.315900 0.000000 0.000000 0.000000 1.000000
0.998596 0.024266 -0.047094 -3.402400 -0.052964 0.477689 -0.876931 12.111600 0.001216 0.878194 0.478303 0.315900 0.000000 0.000000 0.000000 1.000000
0.998596 0.024266 -0.047093 -3.402400 -0.052964 0.477689 -0.876931 12.111600 0.001216 0.878194 0.478304 0.315900 0.000000 0.000000 0.000000 1.000000
0.998596 0.024266 -0.047094 -3.402400 -0.052964 0.477689 -0.876931 12.111600 0.001216 0.878194 0.478303 0.315900 0.000000 0.000000 0.000000 1.000000
0.998596 0.024266 -0.047093 -3.402400 -0.052964 0.477689 -0.876931 12.111600 0.001216 0.878194 0.478304 0.315900 0.000000 0.000000 0.000000 1.000000
0.998596 0.024267 -0.047094 -3.402400 -0.052964 0.477689 -0.876931 12.111600 0.001216 0.878194 0.478303 0.315900 0.000000 0.000000 0.000000 1.000000
0.998596 0.024266 -0.047093 -3.402400 -0.052964 0.477689 -0.876931 12.111600 0.001216 0.878194 0.478303 0.315900 0.000000 0.000000 0.000000 1.000000
0.998596 0.024266 -0.047094 -3.402400 -0.052964 0.477689 -0.876931 12.111600 0.001216 0.878194 0.478304 0.315900 0.000000 0.000000 0.000000 1.000000
0.998596 0.024266 -0.047094 -3.402400 -0.052964 0.477689 -0.876931 12.111600 0.001216 0.878194 0.478304 0.315900 0.000000 0.000000 0.000000 1.000000
0.998596 0.024266 -0.047093 -3.402400 -0.052964 0.477689 -0.876931 12.111600 0.001216 0.878194 0.478303 0.315900 0.000000 0.000000 0.000000 1.000000
0.998596 0.024266 -0.047094 -3.402400 -0.052964 0.477689 -0.876931 12.111600 0.001216 0.878194 0.478304 0.315900 0.000000 0.000000 0.000000 1.000000
0.998596 0.024267 -0.047093 -3.402400 -0.052964 0.477689 -0.876931 12.111600 0.001216 0.878194 0.478304 0.315900 0.000000 0.000000 0.000000 1.000000
0.998596 0.024267 -0.047093 -3.402400 -0.052964 0.477689 -0.876931 12.111600 0.001216 0.878194 0.478303 0.315900 0.000000 0.000000 0.000000 1.000000
0.998596 0.024266 -0.047093 -3.402400 -0.052964 0.477689 -0.876931 12.111600 0.001216 0.878194 0.478304 0.315900 0.000000 0.000000 0.000000 1.000000
0.998596 0.024267 -0.047093 -3.402400 -0.052964 0.477689 -0.876931 12.111600 0.001216 0.878194 0.478304 0.315900 0.000000 0.000000 0.000000 1.000000
0.998596 0.024266 -0.047094 -3.402400 -0.052964 0.477689 -0.876931 12.111600 0.001216 0.878194 0.478303 0.315900 0.000000 0.000000 0.000000 1.000000
0.998596 0.024267 -0.047094 -3.402400 -0.052964 0.477689 -0.876931 12.111600 0.001216 0.878194 0.478304 0.315900 0.000000 0.000000 0.000000 1.000000
0.998596 0.024266 -0.047094 -3.402400 -0.052964 0.477689 -0.876931 12.111600 0.001216 0.878194 0.478303 0.315900 0.000000 0.000000 0.000000 1.000000
0.998596 0.024266 -0.047094 -3.402400 -0.052964 0.477689 -0.876931 12.111600 0.001216 0.878194 0.478303 0.315900 0.000000 0.000000 0.000000 1.000000
0.998596 0.024266 -0.047093 -3.402400 -0.052964 0.477689 -0.876931 12.111600 0.001216 0.878194 0.478303 0.315900 0.000000 0.000000 0.000000 1.000000
0.998596 0.024266 -0.047093 -3.402400 -0.052964 0.477688 -0.876931 12.111600 0.001216 0.878194 0.478303 0.315900 0.000000 0.000000 0.000000 1.000000
0.998596 0.024266 -0.047094 -3.402400 -0.052964 0.477689 -0.876931 12.111600 0.001217 0.878194 0.478303 0.315900 0.000000 0.000000 0.000000 1.000000
0.998596 0.024266 -0.047093 -3.402400 -0.052964 0.477689 -0.876931 12.111600 0.001216 0.878194 0.478303 0.315900 0.000000 0.000000 0.000000 1.000000
0.998596 0.024267 -0.047094 -3.402400 -0.052964 0.477689 -0.876931 12.111600 0.001216 0.878194 0.478303 0.315900 0.000000 0.000000 0.000000 1.000000
0.998596 0.024266 -0.047094 -3.402400 -0.052964 0.477689 -0.876931 12.111600 0.001216 0.878194 0.478303 0.315900 0.000000 0.000000 0.000000 1.000000
0.998596 0.024266 -0.047094 -3.402400 -0.052964 0.477689 -0.876931 12.111600 0.001216 0.878194 0.478303 0.315900 0.000000 0.000000 0.000000 1.000000
0.998596 0.024266 -0.047094 -3.402400 -0.052964 0.477689 -0.876931 12.111600 0.001217 0.878194 0.478303 0.315900 0.000000 0.000000 0.000000 1.000000
0.998596 0.024266 -0.047094 -3.402400 -0.052964 0.477689 -0.876931 12.111600 0.001216 0.878194 0.478303 0.315900 0.000000 0.000000 0.000000 1.000000
0.998596 0.024266 -0.047093 -3.402400 -0.052964 0.477689 -0.876931 12.111600 0.001216 0.878194 0.478303 0.315900 0.000000 0.000000 0.000000 1.000000
0.998596 0.024266 -0.047094 -3.402400 -0.052964 0.477689 -0.876931 12.111600 0.001216 0.878194 0.478303 0.315900 0.000000 0.000000 0.000000 1.000000
0.998596 0.024266 -0.047094 -3.402400 -0.052964 0.477689 -0.876931 12.111600 0.001216 0.878194 0.478303 0.315900 0.000000 0.000000 0.000000 1.000000
0.998596 0.024266 -0.047093 -3.402400 -0.052964 0.477689 -0.876931 12.111600 0.001216 0.878194 0.478303 0.315900 0.000000 0.000000 0.000000 1.000000
0.998596 0.024266 -0.047093 -3.402400 -0.052964 0.477689 -0.876931 12.111600 0.001216 0.878194 0.478303 0.315900 0.000000 0.000000 0.000000 1.000000
0.998596 0.024266 -0.047093 -3.402400 -0.052964 0.477689 -0.876931 12.111600 0.001216 0.878194 0.478303 0.315900 0.000000 0.000000 0.000000 1.000000
0.998596 0.024266 -0.047094 -3.402400 -0.052964 0.477689 -0.876931 12.111600 0.001216 0.878194 0.478303 0.315900 0.000000 0.000000 0.000000 1.000000
0.998596 0.024266 -0.047094 -3.402400 -0.052964 0.477689 -0.876931 12.111600 0.001216 0.878194 0.478303 0.315900 0.000000 0.000000 0.000000 1.000000
0.998596 0.024267 -0.047094 -3.402400 -0.052964 0.477689 -0.876931 12.111600 0.001216 0.878194 0.478303 0.315900 0.000000 0.000000 0.000000 1.000000
0.998596 0.024266 -0.047093 -3.402400 -0.052964 0.477689 -0.876931 12.111600 0.001216 0.878194 0.478303 0.315900 0.000000 0.000000 0.000000 1.000000
0.998596 0.024266 -0.047093 -3.402400 -0.052964 0.477689 -0.876931 12.111600 0.001216 0.878194 0.478303 0.315900 0.000000 0.000000 0.000000 1.000000
0.998596 0.024266 -0.047094 -3.402400 -0.052964 0.477689 -0.876931 12.111600 0.001216 0.878194 0.478303 0.315900 0.000000 0.000000 0.000000 1.000000
0.998596 0.024267 -0.047094 -3.402400 -0.052964 0.477689 -0.876931 12.111600 0.001216 0.878194 0.478303 0.315900 0.000000 0.000000 0.000000 1.000000
0.998596 0.024267 -0.047094 -3.402400 -0.052964 0.477689 -0.876931 12.111600 0.001216 0.878194 0.478304 0.315900 0.000000 0.000000 0.000000 1.000000
0.998596 0.024266 -0.047094 -3.402400 -0.052964 0.477688 -0.876931 12.111600 0.001217 0.878194 0.478303 0.315900 0.000000 0.000000 0.000000 1.000000
0.998596 0.024266 -0.047094 -3.402400 -0.052964 0.477689 -0.876931 12.111600 0.001216 0.878194 0.478304 0.315900 0.000000 0.000000 0.000000 1.000000
0.998596 0.024266 -0.047094 -3.402400 -0.052964 0.477689 -0.876931 12.111600 0.001216 0.878194 0.478304 0.315900 0.000000 0.000000 0.000000 1.000000</float_array>
        <technique_common>
          <accessor source="#mixamorig_LeftHandIndex1-Matrix-animation-output-transform-array" count="46" stride="16">
            <param type="float4x4"/>
          </accessor>
        </technique_common>
      </source>
      <source id="mixamorig_LeftHandIndex1-Interpolations">
        <Name_array id="mixamorig_LeftHandIndex1-Interpolations-array" count="46">
 LINEAR LINEAR LINEAR LINEAR LINEAR LINEAR LINEAR LINEAR LINEAR LINEAR LINEAR
LINEAR LINEAR LINEAR LINEAR LINEAR LINEAR LINEAR LINEAR LINEAR LINEAR LINEAR LINEAR
LINEAR LINEAR LINEAR LINEAR LINEAR LINEAR LINEAR LINEAR LINEAR LINEAR LINEAR LINEAR
LINEAR LINEAR LINEAR LINEAR LINEAR LINEAR LINEAR LINEAR LINEAR LINEAR LINEAR</Name_array>
        <technique_common>
          <accessor source="#mixamorig_LeftHandIndex1-Interpolations-array" count="46">
            <param type="name"/>
          </accessor>
        </technique_common>
      </source>
      <sampler id="mixamorig_LeftHandIndex1-Matrix-animation-transform">
        <input semantic="INPUT" source="#mixamorig_LeftHandIndex1-Matrix-animation-input"/>
        <input semantic="OUTPUT" source="#mixamorig_LeftHandIndex1-Matrix-animation-output-transform"/>
        <input semantic="INTERPOLATION" source="#mixamorig_LeftHandIndex1-Interpolations"/>
      </sampler>
      <channel source="#mixamorig_LeftHandIndex1-Matrix-animation-transform" target="mixamorig_LeftHandIndex1/matrix"/>
    </animation>
    <animation id="mixamorig_LeftHandIndex2-anim" name="mixamorig_LeftHandIndex2">
      <source id="mixamorig_LeftHandIndex2-Matrix-animation-input">
        <float_array id="mixamorig_LeftHandIndex2-Matrix-animation-input-array" count="46">

0.000000 0.033333 0.066667 0.100000 0.133333 0.166667 0.200000 0.233333 0.266667 0.300000 0.333333 0.366667 0.400000 0.433333 0.466667 0.500000
0.533333 0.566667 0.600000 0.633333 0.666667 0.700000 0.733333 0.766667 0.800000 0.833333 0.866667 0.900000 0.933333 0.966667 1.000000 1.033333
1.066667 1.100000 1.133333 1.166667 1.200000 1.233333 1.266667 1.300000 1.333333 1.366667 1.400000 1.433333 1.466667 1.500000</float_array>
        <technique_common>
          <accessor source="#mixamorig_LeftHandIndex2-Matrix-animation-input-array" count="46">
            <param name="TIME" type="float"/>
          </accessor>
        </technique_common>
      </source>
      <source id="mixamorig_LeftHandIndex2-Matrix-animation-output-transform">
        <float_array id="mixamorig_LeftHandIndex2-Matrix-animation-output-transform-array" count="736">

0.997059 -0.030316 0.070390 0.000000 0.076640 0.395833 -0.915119 4.509100 -0.000119 0.917822 0.396992 0.000000 0.000000 0.000000 0.000000 1.000000
0.997059 -0.030317 0.070390 0.000000 0.076641 0.395833 -0.915119 4.509100 -0.000119 0.917822 0.396992 0.000000 0.000000 0.000000 0.000000 1.000000
0.997059 -0.030317 0.070390 0.000000 0.076641 0.395833 -0.915119 4.509100 -0.000119 0.917822 0.396992 -0.000000 0.000000 0.000000 0.000000 1.000000
0.997059 -0.030317 0.070389 -0.000000 0.076640 0.395833 -0.915119 4.509100 -0.000119 0.917822 0.396992 0.000000 0.000000 0.000000 0.000000 1.000000
0.997059 -0.030317 0.070390 0.000000 0.076641 0.395833 -0.915119 4.509100 -0.000119 0.917822 0.396992 -0.000000 0.000000 0.000000 0.000000 1.000000
0.997059 -0.030317 0.070389 0.000000 0.076641 0.395833 -0.915119 4.509100 -0.000119 0.917822 0.396992 0.000000 0.000000 0.000000 0.000000 1.000000
0.997059 -0.030317 0.070390 0.000000 0.076641 0.395833 -0.915119 4.509100 -0.000119 0.917822 0.396992 0.000000 0.000000 0.000000 0.000000 1.000000
0.997059 -0.030317 0.070389 0.000000 0.076640 0.395833 -0.915119 4.509100 -0.000119 0.917822 0.396992 -0.000000 0.000000 0.000000 0.000000 1.000000
0.997059 -0.030317 0.070390 0.000000 0.076641 0.395833 -0.915119 4.509100 -0.000119 0.917822 0.396992 0.000000 0.000000 0.000000 0.000000 1.000000
0.997059 -0.030317 0.070389 -0.000000 0.076640 0.395832 -0.915119 4.509100 -0.000119 0.917822 0.396992 0.000000 0.000000 0.000000 0.000000 1.000000
0.997059 -0.030317 0.070389 0.000000 0.076640 0.395833 -0.915119 4.509100 -0.000119 0.917822 0.396992 0.000000 0.000000 0.000000 0.000000 1.000000
0.997059 -0.030317 0.070389 0.000000 0.076640 0.395833 -0.915119 4.509100 -0.000119 0.917822 0.396992 0.000000 0.000000 0.000000 0.000000 1.000000
0.997059 -0.030317 0.070389 0.000000 0.076641 0.395833 -0.915119 4.509100 -0.000119 0.917822 0.396992 -0.000000 0.000000 0.000000 0.000000 1.000000
0.997059 -0.030317 0.070389 -0.000000 0.076640 0.395832 -0.915119 4.509100 -0.000119 0.917822 0.396992 0.000000 0.000000 0.000000 0.000000 1.000000
0.997059 -0.030317 0.070389 0.000000 0.076640 0.395833 -0.915119 4.509100 -0.000119 0.917822 0.396992 0.000000 0.000000 0.000000 0.000000 1.000000
0.997059 -0.030317 0.070390 0.000000 0.076641 0.395833 -0.915119 4.509100 -0.000119 0.917822 0.396992 -0.000000 0.000000 0.000000 0.000000 1.000000
0.997059 -0.030317 0.070390 0.000000 0.076641 0.395833 -0.915119 4.509100 -0.000119 0.917822 0.396992 -0.000000 0.000000 0.000000 0.000000 1.000000
0.997059 -0.030317 0.070390 0.000000 0.076641 0.395832 -0.915119 4.509100 -0.000119 0.917822 0.396991 -0.000000 0.000000 0.000000 0.000000 1.000000
0.997059 -0.030316 0.070389 0.000000 0.076640 0.395833 -0.915119 4.509100 -0.000119 0.917822 0.396992 -0.000000 0.000000 0.000000 0.000000 1.000000
0.997059 -0.030317 0.070389 0.000000 0.076641 0.395833 -0.915119 4.509100 -0.000119 0.917822 0.396992 0.000000 0.000000 0.000000 0.000000 1.000000
0.997059 -0.030317 0.070390 0.000000 0.076641 0.395833 -0.915119 4.509100 -0.000119 0.917822 0.396992 0.000000 0.000000 0.000000 0.000000 1.000000
0.997059 -0.030317 0.070389 0.000000 0.076640 0.395833 -0.915119 4.509100 -0.000118 0.917822 0.396992 0.000000 0.000000 0.000000 0.000000 1.000000
0.997059 -0.030317 0.070390 0.000000 0.076641 0.395833 -0.915119 4.509100 -0.000119 0.917822 0.396992 -0.000000 0.000000 0.000000 0.000000 1.000000
0.997059 -0.030317 0.070390 0.000000 0.076641 0.395833 -0.915119 4.509100 -0.000119 0.917822 0.396992 0.000000 0.000000 0.000000 0.000000 1.000000
0.997059 -0.030317 0.070390 0.000000 0.076641 0.395833 -0.915119 4.509100 -0.000119 0.917822 0.396992 0.000000 0.000000 0.000000 0.000000 1.000000
0.997059 -0.030317 0.070389 0.000000 0.076640 0.395833 -0.915119 4.509100 -0.000119 0.917822 0.396992 0.000000 0.000000 0.000000 0.000000 1.000000
0.997059 -0.030317 0.070390 0.000000 0.076641 0.395833 -0.915119 4.509100 -0.000119 0.917822 0.396992 0.000000 0.000000 0.000000 0.000000 1.000000
0.997059 -0.030317 0.070390 0.000000 0.076641 0.395833 -0.915119 4.509100 -0.000119 0.917822 0.396992 -0.000000 0.000000 0.000000 0.000000 1.000000
0.997059 -0.030317 0.070390 0.000000 0.076641 0.395832 -0.915119 4.509100 -0.000119 0.917822 0.396992 -0.000000 0.000000 0.000000 0.000000 1.000000
0.997059 -0.030317 0.070389 0.000000 0.076641 0.395833 -0.915119 4.509100 -0.000119 0.917822 0.396992 0.000000 0.000000 0.000000 0.000000 1.000000
0.997059 -0.030316 0.070389 0.000000 0.076640 0.395833 -0.915119 4.509100 -0.000119 0.917822 0.396992 -0.000000 0.000000 0.000000 0.000000 1.000000
0.997059 -0.030317 0.070390 0.000000 0.076641 0.395833 -0.915119 4.509100 -0.000119 0.917822 0.396992 0.000000 0.000000 0.000000 0.000000 1.000000
0.997059 -0.030317 0.070390 0.000000 0.076640 0.395833 -0.915119 4.509100 -0.000119 0.917822 0.396992 -0.000000 0.000000 0.000000 0.000000 1.000000
0.997059 -0.030317 0.070390 0.000000 0.076641 0.395833 -0.915119 4.509100 -0.000119 0.917822 0.396992 0.000000 0.000000 0.000000 0.000000 1.000000
0.997059 -0.030317 0.070389 0.000000 0.076640 0.395833 -0.915119 4.509100 -0.000119 0.917822 0.396992 0.000000 0.000000 0.000000 0.000000 1.000000
0.997059 -0.030317 0.070389 0.000000 0.076640 0.395833 -0.915119 4.509100 -0.000119 0.917822 0.396992 0.000000 0.000000 0.000000 0.000000 1.000000
0.997059 -0.030317 0.070389 0.000000 0.076640 0.395832 -0.915119 4.509100 -0.000119 0.917822 0.396992 0.000000 0.000000 0.000000 0.000000 1.000000
0.997059 -0.030317 0.070390 0.000000 0.076641 0.395833 -0.915119 4.509100 -0.000119 0.917822 0.396992 -0.000000 0.000000 0.000000 0.000000 1.000000
0.997059 -0.030317 0.070390 0.000000 0.076641 0.395833 -0.915119 4.509100 -0.000119 0.917822 0.396992 0.000000 0.000000 0.000000 0.000000 1.000000
0.997059 -0.030317 0.070389 0.000000 0.076641 0.395833 -0.915119 4.509100 -0.000119 0.917822 0.396992 -0.000000 0.000000 0.000000 0.000000 1.000000
0.997059 -0.030317 0.070389 0.000000 0.076640 0.395833 -0.915119 4.509100 -0.000119 0.917822 0.396992 -0.000000 0.000000 0.000000 0.000000 1.000000
0.997059 -0.030317 0.070389 0.000000 0.076641 0.395833 -0.915119 4.509100 -0.000119 0.917822 0.396992 0.000000 0.000000 0.000000 0.000000 1.000000
0.997059 -0.030317 0.070390 0.000000 0.076641 0.395833 -0.915119 4.509100 -0.000119 0.917822 0.396992 0.000000 0.000000 0.000000 0.000000 1.000000
0.997059 -0.030316 0.070390 -0.000000 0.076640 0.395833 -0.915119 4.509100 -0.000119 0.917822 0.396992 0.000000 0.000000 0.000000 0.000000 1.000000
0.997059 -0.030316 0.070390 0.000000 0.076641 0.395832 -0.915119 4.509100 -0.000119 0.917822 0.396991 0.000000 0.000000 0.000000 0.000000 1.000000
0.997059 -0.030316 0.070390 0.000000 0.076641 0.395833 -0.915119 4.509100 -0.000120 0.917822 0.396992 -0.000000 0.000000 0.000000 0.000000 1.000000</float_array>
        <technique_common>
          <accessor source="#mixamorig_LeftHandIndex2-Matrix-animation-output-transform-array" count="46" stride="16">
            <param type="float4x4"/>
          </accessor>
        </technique_common>
      </source>
      <source id="mixamorig_LeftHandIndex2-Interpolations">
        <Name_array id="mixamorig_LeftHandIndex2-Interpolations-array" count="46">
 LINEAR LINEAR LINEAR LINEAR LINEAR LINEAR LINEAR LINEAR LINEAR LINEAR LINEAR
LINEAR LINEAR LINEAR LINEAR LINEAR LINEAR LINEAR LINEAR LINEAR LINEAR LINEAR LINEAR
LINEAR LINEAR LINEAR LINEAR LINEAR LINEAR LINEAR LINEAR LINEAR LINEAR LINEAR LINEAR
LINEAR LINEAR LINEAR LINEAR LINEAR LINEAR LINEAR LINEAR LINEAR LINEAR LINEAR</Name_array>
        <technique_common>
          <accessor source="#mixamorig_LeftHandIndex2-Interpolations-array" count="46">
            <param type="name"/>
          </accessor>
        </technique_common>
      </source>
      <sampler id="mixamorig_LeftHandIndex2-Matrix-animation-transform">
        <input semantic="INPUT" source="#mixamorig_LeftHandIndex2-Matrix-animation-input"/>
        <input semantic="OUTPUT" source="#mixamorig_LeftHandIndex2-Matrix-animation-output-transform"/>
        <input semantic="INTERPOLATION" source="#mixamorig_LeftHandIndex2-Interpolations"/>
      </sampler>
      <channel source="#mixamorig_LeftHandIndex2-Matrix-animation-transform" target="mixamorig_LeftHandIndex2/matrix"/>
    </animation>
    <animation id="mixamorig_LeftHandIndex3-anim" name="mixamorig_LeftHandIndex3">
      <source id="mixamorig_LeftHandIndex3-Matrix-animation-input">
        <float_array id="mixamorig_LeftHandIndex3-Matrix-animation-input-array" count="46">

0.000000 0.033333 0.066667 0.100000 0.133333 0.166667 0.200000 0.233333 0.266667 0.300000 0.333333 0.366667 0.400000 0.433333 0.466667 0.500000
0.533333 0.566667 0.600000 0.633333 0.666667 0.700000 0.733333 0.766667 0.800000 0.833333 0.866667 0.900000 0.933333 0.966667 1.000000 1.033333
1.066667 1.100000 1.133333 1.166667 1.200000 1.233333 1.266667 1.300000 1.333333 1.366667 1.400000 1.433333 1.466667 1.500000</float_array>
        <technique_common>
          <accessor source="#mixamorig_LeftHandIndex3-Matrix-animation-input-array" count="46">
            <param name="TIME" type="float"/>
          </accessor>
        </technique_common>
      </source>
      <source id="mixamorig_LeftHandIndex3-Matrix-animation-output-transform">
        <float_array id="mixamorig_LeftHandIndex3-Matrix-animation-output-transform-array" count="736">

0.999412 0.032620 0.010570 0.000000 -0.007477 0.508152 -0.861235 2.907200 -0.033464 0.860650 0.508097 0.000000 0.000000 0.000000 0.000000 1.000000
0.999412 0.032620 0.010570 0.000000 -0.007477 0.508152 -0.861235 2.907200 -0.033464 0.860649 0.508097 0.000000 0.000000 0.000000 0.000000 1.000000
0.999412 0.032619 0.010570 -0.000000 -0.007477 0.508152 -0.861235 2.907200 -0.033464 0.860650 0.508097 0.000000 0.000000 0.000000 0.000000 1.000000
0.999412 0.032619 0.010570 0.000000 -0.007477 0.508152 -0.861235 2.907200 -0.033464 0.860649 0.508097 -0.000000 0.000000 0.000000 0.000000 1.000000
0.999412 0.032620 0.010569 0.000000 -0.007478 0.508152 -0.861235 2.907200 -0.033464 0.860650 0.508097 0.000000 0.000000 0.000000 0.000000 1.000000
0.999412 0.032620 0.010569 -0.000000 -0.007477 0.508152 -0.861235 2.907200 -0.033464 0.860649 0.508097 0.000000 0.000000 0.000000 0.000000 1.000000
0.999412 0.032620 0.010569 0.000000 -0.007477 0.508152 -0.861235 2.907200 -0.033464 0.860650 0.508097 0.000000 0.000000 0.000000 0.000000 1.000000
0.999412 0.032620 0.010570 -0.000000 -0.007477 0.508152 -0.861235 2.907200 -0.033464 0.860649 0.508097 0.000000 0.000000 0.000000 0.000000 1.000000
0.999412 0.032620 0.010569 0.000000 -0.007478 0.508152 -0.861235 2.907200 -0.033464 0.860650 0.508097 -0.000000 0.000000 0.000000 0.000000 1.000000
0.999412 0.032620 0.010570 -0.000000 -0.007477 0.508151 -0.861235 2.907200 -0.033464 0.860650 0.508096 0.000000 0.000000 0.000000 0.000000 1.000000
0.999412 0.032619 0.010570 -0.000000 -0.007477 0.508152 -0.861235 2.907200 -0.033464 0.860649 0.508097 -0.000000 0.000000 0.000000 0.000000 1.000000
0.999412 0.032620 0.010569 -0.000000 -0.007478 0.508152 -0.861235 2.907200 -0.033464 0.860649 0.508097 0.000000 0.000000 0.000000 0.000000 1.000000
0.999412 0.032620 0.010569 0.000000 -0.007477 0.508152 -0.861235 2.907200 -0.033464 0.860650 0.508097 0.000000 0.000000 0.000000 0.000000 1.000000
0.999412 0.032619 0.010569 0.000000 -0.007477 0.508152 -0.861235 2.907200 -0.033464 0.860649 0.508097 0.000000 0.000000 0.000000 0.000000 1.000000
0.999412 0.032620 0.010570 0.000000 -0.007477 0.508152 -0.861235 2.907200 -0.033465 0.860649 0.508097 0.000000 0.000000 0.000000 0.000000 1.000000
0.999412 0.032620 0.010569 0.000000 -0.007478 0.508152 -0.861235 2.907200 -0.033464 0.860650 0.508097 0.000000 0.000000 0.000000 0.000000 1.000000
0.999412 0.032619 0.010569 0.000000 -0.007477 0.508153 -0.861235 2.907200 -0.033464 0.860649 0.508098 -0.000000 0.000000 0.000000 0.000000 1.000000
0.999412 0.032619 0.010569 0.000000 -0.007477 0.508152 -0.861235 2.907200 -0.033464 0.860649 0.508097 -0.000000 0.000000 0.000000 0.000000 1.000000
0.999412 0.032620 0.010570 0.000000 -0.007477 0.508152 -0.861235 2.907200 -0.033464 0.860650 0.508097 0.000000 0.000000 0.000000 0.000000 1.000000
0.999412 0.032620 0.010570 -0.000000 -0.007477 0.508152 -0.861235 2.907200 -0.033464 0.860650 0.508097 0.000000 0.000000 0.000000 0.000000 1.000000
0.999412 0.032620 0.010570 0.000000 -0.007477 0.508152 -0.861235 2.907200 -0.033464 0.860649 0.508097 0.000000 0.000000 0.000000 0.000000 1.000000
0.999412 0.032620 0.010570 0.000000 -0.007477 0.508152 -0.861235 2.907200 -0.033464 0.860649 0.508097 0.000000 0.000000 0.000000 0.000000 1.000000
0.999412 0.032620 0.010570 -0.000000 -0.007477 0.508152 -0.861235 2.907200 -0.033464 0.860650 0.508097 0.000000 0.000000 0.000000 0.000000 1.000000
0.999412 0.032620 0.010570 0.000000 -0.007477 0.508152 -0.861235 2.907200 -0.033464 0.860650 0.508097 -0.000000 0.000000 0.000000 0.000000 1.000000
0.999412 0.032619 0.010569 0.000000 -0.007477 0.508151 -0.861235 2.907200 -0.033464 0.860650 0.508096 0.000000 0.000000 0.000000 0.000000 1.000000
0.999412 0.032620 0.010570 0.000000 -0.007477 0.508152 -0.861235 2.907200 -0.033464 0.860649 0.508097 0.000000 0.000000 0.000000 0.000000 1.000000
0.999412 0.032619 0.010570 0.000000 -0.007477 0.508152 -0.861235 2.907200 -0.033464 0.860649 0.508097 0.000000 0.000000 0.000000 0.000000 1.000000
0.999412 0.032620 0.010569 0.000000 -0.007478 0.508153 -0.861235 2.907200 -0.033464 0.860649 0.508098 -0.000000 0.000000 0.000000 0.000000 1.000000
0.999412 0.032620 0.010570 0.000000 -0.007477 0.508152 -0.861235 2.907200 -0.033464 0.860650 0.508097 -0.000000 0.000000 0.000000 0.000000 1.000000
0.999412 0.032620 0.010570 0.000000 -0.007477 0.508152 -0.861235 2.907200 -0.033464 0.860650 0.508097 -0.000000 0.000000 0.000000 0.000000 1.000000
0.999412 0.032620 0.010569 0.000000 -0.007478 0.508152 -0.861235 2.907200 -0.033464 0.860649 0.508097 0.000000 0.000000 0.000000 0.000000 1.000000
0.999412 0.032620 0.010569 -0.000000 -0.007477 0.508152 -0.861235 2.907200 -0.033464 0.860649 0.508097 0.000000 0.000000 0.000000 0.000000 1.000000
0.999412 0.032619 0.010570 0.000000 -0.007477 0.508152 -0.861235 2.907200 -0.033464 0.860649 0.508097 -0.000000 0.000000 0.000000 0.000000 1.000000
0.999412 0.032620 0.010569 0.000000 -0.007477 0.508152 -0.861235 2.907200 -0.033464 0.860650 0.508097 0.000000 0.000000 0.000000 0.000000 1.000000
0.999412 0.032620 0.010570 0.000000 -0.007477 0.508152 -0.861235 2.907200 -0.033464 0.860650 0.508097 0.000000 0.000000 0.000000 0.000000 1.000000
0.999412 0.032620 0.010570 0.000000 -0.007477 0.508152 -0.861235 2.907200 -0.033464 0.860649 0.508097 0.000000 0.000000 0.000000 0.000000 1.000000
0.999412 0.032620 0.010570 0.000000 -0.007477 0.508152 -0.861235 2.907200 -0.033464 0.860649 0.508097 0.000000 0.000000 0.000000 0.000000 1.000000
0.999412 0.032620 0.010570 0.000000 -0.007477 0.508152 -0.861235 2.907200 -0.033464 0.860649 0.508097 -0.000000 0.000000 0.000000 0.000000 1.000000
0.999412 0.032620 0.010569 0.000000 -0.007477 0.508152 -0.861235 2.907200 -0.033464 0.860650 0.508097 0.000000 0.000000 0.000000 0.000000 1.000000
0.999412 0.032620 0.010570 0.000000 -0.007477 0.508152 -0.861235 2.907200 -0.033464 0.860650 0.508097 -0.000000 0.000000 0.000000 0.000000 1.000000
0.999412 0.032620 0.010570 -0.000000 -0.007477 0.508152 -0.861235 2.907200 -0.033464 0.860649 0.508098 0.000000 0.000000 0.000000 0.000000 1.000000
0.999412 0.032620 0.010570 0.000000 -0.007477 0.508152 -0.861235 2.907200 -0.033464 0.860649 0.508097 -0.000000 0.000000 0.000000 0.000000 1.000000
0.999412 0.032620 0.010569 0.000000 -0.007477 0.508152 -0.861235 2.907200 -0.033464 0.860649 0.508097 0.000000 0.000000 0.000000 0.000000 1.000000
0.999412 0.032619 0.010569 0.000000 -0.007477 0.508152 -0.861235 2.907200 -0.033464 0.860650 0.508097 0.000000 0.000000 0.000000 0.000000 1.000000
0.999412 0.032619 0.010569 0.000000 -0.007477 0.508152 -0.861235 2.907200 -0.033464 0.860650 0.508097 -0.000000 0.000000 0.000000 0.000000 1.000000
0.999412 0.032619 0.010570 -0.000000 -0.007477 0.508152 -0.861235 2.907200 -0.033464 0.860649 0.508097 0.000000 0.000000 0.000000 0.000000 1.000000</float_array>
        <technique_common>
          <accessor source="#mixamorig_LeftHandIndex3-Matrix-animation-output-transform-array" count="46" stride="16">
            <param type="float4x4"/>
          </accessor>
        </technique_common>
      </source>
      <source id="mixamorig_LeftHandIndex3-Interpolations">
        <Name_array id="mixamorig_LeftHandIndex3-Interpolations-array" count="46">
 LINEAR LINEAR LINEAR LINEAR LINEAR LINEAR LINEAR LINEAR LINEAR LINEAR LINEAR
LINEAR LINEAR LINEAR LINEAR LINEAR LINEAR LINEAR LINEAR LINEAR LINEAR LINEAR LINEAR
LINEAR LINEAR LINEAR LINEAR LINEAR LINEAR LINEAR LINEAR LINEAR LINEAR LINEAR LINEAR
LINEAR LINEAR LINEAR LINEAR LINEAR LINEAR LINEAR LINEAR LINEAR LINEAR LINEAR</Name_array>
        <technique_common>
          <accessor source="#mixamorig_LeftHandIndex3-Interpolations-array" count="46">
            <param type="name"/>
          </accessor>
        </technique_common>
      </source>
      <sampler id="mixamorig_LeftHandIndex3-Matrix-animation-transform">
        <input semantic="INPUT" source="#mixamorig_LeftHandIndex3-Matrix-animation-input"/>
        <input semantic="OUTPUT" source="#mixamorig_LeftHandIndex3-Matrix-animation-output-transform"/>
        <input semantic="INTERPOLATION" source="#mixamorig_LeftHandIndex3-Interpolations"/>
      </sampler>
      <channel source="#mixamorig_LeftHandIndex3-Matrix-animation-transform" target="mixamorig_LeftHandIndex3/matrix"/>
    </animation>
    <animation id="mixamorig_LeftHandMiddle1-anim" name="mixamorig_LeftHandMiddle1">
      <source id="mixamorig_LeftHandMiddle1-Matrix-animation-input">
        <float_array id="mixamorig_LeftHandMiddle1-Matrix-animation-input-array" count="46">

0.000000 0.033333 0.066667 0.100000 0.133333 0.166667 0.200000 0.233333 0.266667 0.300000 0.333333 0.366667 0.400000 0.433333 0.466667 0.500000
0.533333 0.566667 0.600000 0.633333 0.666667 0.700000 0.733333 0.766667 0.800000 0.833333 0.866667 0.900000 0.933333 0.966667 1.000000 1.033333
1.066667 1.100000 1.133333 1.166667 1.200000 1.233333 1.266667 1.300000 1.333333 1.366667 1.400000 1.433333 1.466667 1.500000</float_array>
        <technique_common>
          <accessor source="#mixamorig_LeftHandMiddle1-Matrix-animation-input-array" count="46">
            <param name="TIME" type="float"/>
          </accessor>
        </technique_common>
      </source>
      <source id="mixamorig_LeftHandMiddle1-Matrix-animation-output-transform">
        <float_array id="mixamorig_LeftHandMiddle1-Matrix-animation-output-transform-array" count="736">

0.999765 -0.019255 -0.009923 0.000000 -0.002090 0.370195 -0.928952 13.093800 0.021561 0.928755 0.370068 -0.000000 0.000000 0.000000 0.000000 1.000000
0.999765 -0.019255 -0.009923 0.000000 -0.002090 0.370195 -0.928952 13.093800 0.021561 0.928754 0.370068 -0.000000 0.000000 0.000000 0.000000 1.000000
0.999765 -0.019255 -0.009924 0.000000 -0.002091 0.370195 -0.928952 13.093800 0.021561 0.928755 0.370068 -0.000000 0.000000 0.000000 0.000000 1.000000
0.999765 -0.019256 -0.009923 0.000000 -0.002090 0.370195 -0.928952 13.093800 0.021561 0.928754 0.370068 0.000000 0.000000 0.000000 0.000000 1.000000
0.999765 -0.019255 -0.009923 -0.000000 -0.002090 0.370195 -0.928952 13.093800 0.021561 0.928755 0.370068 0.000000 0.000000 0.000000 0.000000 1.000000
0.999765 -0.019255 -0.009923 0.000000 -0.002090 0.370195 -0.928952 13.093800 0.021561 0.928755 0.370068 0.000000 0.000000 0.000000 0.000000 1.000000
0.999765 -0.019255 -0.009924 0.000000 -0.002091 0.370194 -0.928952 13.093800 0.021561 0.928755 0.370067 -0.000000 0.000000 0.000000 0.000000 1.000000
0.999765 -0.019255 -0.009923 0.000000 -0.002090 0.370195 -0.928952 13.093800 0.021561 0.928754 0.370068 0.000000 0.000000 0.000000 0.000000 1.000000
0.999765 -0.019255 -0.009923 0.000000 -0.002090 0.370195 -0.928952 13.093800 0.021561 0.928754 0.370068 0.000000 0.000000 0.000000 0.000000 1.000000
0.999765 -0.019255 -0.009923 0.000000 -0.002091 0.370195 -0.928952 13.093800 0.021561 0.928755 0.370068 0.000000 0.000000 0.000000 0.000000 1.000000
0.999765 -0.019255 -0.009923 0.000000 -0.002090 0.370195 -0.928952 13.093800 0.021560 0.928755 0.370068 -0.000000 0.000000 0.000000 0.000000 1.000000
0.999765 -0.019256 -0.009923 -0.000000 -0.002090 0.370195 -0.928952 13.093800 0.021561 0.928754 0.370068 0.000000 0.000000 0.000000 0.000000 1.000000
0.999765 -0.019255 -0.009923 -0.000000 -0.002090 0.370195 -0.928952 13.093800 0.021561 0.928754 0.370068 0.000000 0.000000 0.000000 0.000000 1.000000
0.999765 -0.019255 -0.009923 -0.000000 -0.002090 0.370195 -0.928952 13.093800 0.021560 0.928755 0.370068 0.000000 0.000000 0.000000 0.000000 1.000000
0.999765 -0.019255 -0.009923 0.000000 -0.002090 0.370195 -0.928952 13.093800 0.021561 0.928754 0.370068 0.000000 0.000000 0.000000 0.000000 1.000000
0.999765 -0.019255 -0.009923 0.000000 -0.002091 0.370195 -0.928952 13.093800 0.021561 0.928754 0.370068 0.000000 0.000000 0.000000 0.000000 1.000000
0.999765 -0.019255 -0.009923 0.000000 -0.002090 0.370195 -0.928952 13.093800 0.021561 0.928754 0.370068 0.000000 0.000000 0.000000 0.000000 1.000000
0.999765 -0.019255 -0.009924 0.000000 -0.002091 0.370195 -0.928952 13.093800 0.021561 0.928754 0.370068 -0.000000 0.000000 0.000000 0.000000 1.000000
0.999765 -0.019255 -0.009923 0.000000 -0.002091 0.370195 -0.928952 13.093800 0.021561 0.928754 0.370068 0.000000 0.000000 0.000000 0.000000 1.000000
0.999765 -0.019255 -0.009923 0.000000 -0.002090 0.370195 -0.928952 13.093800 0.021561 0.928754 0.370068 -0.000000 0.000000 0.000000 0.000000 1.000000
0.999765 -0.019255 -0.009923 0.000000 -0.002090 0.370195 -0.928952 13.093800 0.021561 0.928755 0.370068 0.000000 0.000000 0.000000 0.000000 1.000000
0.999765 -0.019255 -0.009923 0.000000 -0.002090 0.370195 -0.928952 13.093800 0.021561 0.928755 0.370068 -0.000000 0.000000 0.000000 0.000000 1.000000
0.999765 -0.019256 -0.009923 0.000000 -0.002090 0.370195 -0.928952 13.093800 0.021561 0.928755 0.370067 0.000000 0.000000 0.000000 0.000000 1.000000
0.999765 -0.019256 -0.009923 -0.000000 -0.002090 0.370195 -0.928952 13.093800 0.021561 0.928755 0.370067 -0.000000 0.000000 0.000000 0.000000 1.000000
0.999765 -0.019255 -0.009923 -0.000000 -0.002090 0.370195 -0.928952 13.093800 0.021561 0.928755 0.370068 0.000000 0.000000 0.000000 0.000000 1.000000
0.999765 -0.019256 -0.009923 -0.000000 -0.002091 0.370195 -0.928952 13.093800 0.021561 0.928755 0.370068 -0.000000 0.000000 0.000000 0.000000 1.000000
0.999765 -0.019255 -0.009924 0.000000 -0.002091 0.370196 -0.928952 13.093800 0.021561 0.928754 0.370068 0.000000 0.000000 0.000000 0.000000 1.000000
0.999765 -0.019256 -0.009924 -0.000000 -0.002091 0.370195 -0.928952 13.093800 0.021561 0.928755 0.370068 0.000000 0.000000 0.000000 0.000000 1.000000
0.999765 -0.019255 -0.009923 -0.000000 -0.002091 0.370195 -0.928952 13.093800 0.021561 0.928755 0.370067 0.000000 0.000000 0.000000 0.000000 1.000000
0.999765 -0.019256 -0.009923 -0.000000 -0.002090 0.370195 -0.928952 13.093800 0.021561 0.928755 0.370068 -0.000000 0.000000 0.000000 0.000000 1.000000
0.999765 -0.019255 -0.009923 0.000000 -0.002090 0.370195 -0.928952 13.093800 0.021561 0.928754 0.370068 0.000000 0.000000 0.000000 0.000000 1.000000
0.999765 -0.019256 -0.009923 0.000000 -0.002091 0.370195 -0.928952 13.093800 0.021561 0.928754 0.370068 0.000000 0.000000 0.000000 0.000000 1.000000
0.999765 -0.019255 -0.009923 0.000000 -0.002090 0.370195 -0.928952 13.093800 0.021561 0.928755 0.370068 0.000000 0.000000 0.000000 0.000000 1.000000
0.999765 -0.019255 -0.009923 0.000000 -0.002090 0.370195 -0.928952 13.093800 0.021560 0.928755 0.370067 0.000000 0.000000 0.000000 0.000000 1.000000
0.999765 -0.019255 -0.009923 0.000000 -0.002090 0.370195 -0.928952 13.093800 0.021561 0.928754 0.370068 -0.000000 0.000000 0.000000 0.000000 1.000000
0.999765 -0.019255 -0.009923 -0.000000 -0.002091 0.370195 -0.928952 13.093800 0.021561 0.928755 0.370068 0.000000 0.000000 0.000000 0.000000 1.000000
0.999765 -0.019256 -0.009923 0.000000 -0.002090 0.370195 -0.928952 13.093800 0.021561 0.928755 0.370068 0.000000 0.000000 0.000000 0.000000 1.000000
0.999765 -0.019255 -0.009923 -0.000000 -0.002090 0.370194 -0.928952 13.093800 0.021561 0.928755 0.370067 0.000000 0.000000 0.000000 0.000000 1.000000
0.999765 -0.019255 -0.009923 -0.000000 -0.002090 0.370195 -0.928952 13.093800 0.021561 0.928754 0.370068 0.000000 0.000000 0.000000 0.000000 1.000000
0.999765 -0.019256 -0.009923 -0.000000 -0.002090 0.370195 -0.928952 13.093800 0.021561 0.928755 0.370067 0.000000 0.000000 0.000000 0.000000 1.000000
0.999765 -0.019255 -0.009923 0.000000 -0.002090 0.370195 -0.928952 13.093800 0.021561 0.928755 0.370067 -0.000000 0.000000 0.000000 0.000000 1.000000
0.999765 -0.019255 -0.009923 0.000000 -0.002091 0.370195 -0.928952 13.093800 0.021561 0.928755 0.370068 0.000000 0.000000 0.000000 0.000000 1.000000
0.999765 -0.019255 -0.009923 0.000000 -0.002090 0.370195 -0.928952 13.093800 0.021561 0.928754 0.370068 0.000000 0.000000 0.000000 0.000000 1.000000
0.999765 -0.019256 -0.009923 0.000000 -0.002091 0.370195 -0.928952 13.093800 0.021561 0.928755 0.370068 -0.000000 0.000000 0.000000 0.000000 1.000000
0.999765 -0.019256 -0.009923 -0.000000 -0.002091 0.370195 -0.928952 13.093800 0.021561 0.928754 0.370068 0.000000 0.000000 0.000000 0.000000 1.000000
0.999765 -0.019256 -0.009923 0.000000 -0.002090 0.370195 -0.928952 13.093800 0.021561 0.928754 0.370068 0.000000 0.000000 0.000000 0.000000 1.000000</float_array>
        <technique_common>
          <accessor source="#mixamorig_LeftHandMiddle1-Matrix-animation-output-transform-array" count="46" stride="16">
            <param type="float4x4"/>
          </accessor>
        </technique_common>
      </source>
      <source id="mixamorig_LeftHandMiddle1-Interpolations">
        <Name_array id="mixamorig_LeftHandMiddle1-Interpolations-array" count="46">
 LINEAR LINEAR LINEAR LINEAR LINEAR LINEAR LINEAR LINEAR LINEAR LINEAR LINEAR
LINEAR LINEAR LINEAR LINEAR LINEAR LINEAR LINEAR LINEAR LINEAR LINEAR LINEAR LINEAR
LINEAR LINEAR LINEAR LINEAR LINEAR LINEAR LINEAR LINEAR LINEAR LINEAR LINEAR LINEAR
LINEAR LINEAR LINEAR LINEAR LINEAR LINEAR LINEAR LINEAR LINEAR LINEAR LINEAR</Name_array>
        <technique_common>
          <accessor source="#mixamorig_LeftHandMiddle1-Interpolations-array" count="46">
            <param type="name"/>
          </accessor>
        </technique_common>
      </source>
      <sampler id="mixamorig_LeftHandMiddle1-Matrix-animation-transform">
        <input semantic="INPUT" source="#mixamorig_LeftHandMiddle1-Matrix-animation-input"/>
        <input semantic="OUTPUT" source="#mixamorig_LeftHandMiddle1-Matrix-animation-output-transform"/>
        <input semantic="INTERPOLATION" source="#mixamorig_LeftHandMiddle1-Interpolations"/>
      </sampler>
      <channel source="#mixamorig_LeftHandMiddle1-Matrix-animation-transform" target="mixamorig_LeftHandMiddle1/matrix"/>
    </animation>
    <animation id="mixamorig_LeftHandMiddle2-anim" name="mixamorig_LeftHandMiddle2">
      <source id="mixamorig_LeftHandMiddle2-Matrix-animation-input">
        <float_array id="mixamorig_LeftHandMiddle2-Matrix-animation-input-array" count="46">

0.000000 0.033333 0.066667 0.100000 0.133333 0.166667 0.200000 0.233333 0.266667 0.300000 0.333333 0.366667 0.400000 0.433333 0.466667 0.500000
0.533333 0.566667 0.600000 0.633333 0.666667 0.700000 0.733333 0.766667 0.800000 0.833333 0.866667 0.900000 0.933333 0.966667 1.000000 1.033333
1.066667 1.100000 1.133333 1.166667 1.200000 1.233333 1.266667 1.300000 1.333333 1.366667 1.400000 1.433333 1.466667 1.500000</float_array>
        <technique_common>
          <accessor source="#mixamorig_LeftHandMiddle2-Matrix-animation-input-array" count="46">
            <param name="TIME" type="float"/>
          </accessor>
        </technique_common>
      </source>
      <source id="mixamorig_LeftHandMiddle2-Matrix-animation-output-transform">
        <float_array id="mixamorig_LeftHandMiddle2-Matrix-animation-output-transform-array" count="736">

0.996341 -0.009520 0.084930 0.000000 0.085451 0.095428 -0.991762 3.620200 0.001337 0.995391 0.095892 0.000000 0.000000 0.000000 0.000000 1.000000
0.996341 -0.009520 0.084930 0.000000 0.085451 0.095428 -0.991762 3.620200 0.001337 0.995391 0.095892 0.000000 0.000000 0.000000 0.000000 1.000000
0.996341 -0.009519 0.084930 -0.000000 0.085451 0.095428 -0.991762 3.620200 0.001336 0.995391 0.095892 -0.000000 0.000000 0.000000 0.000000 1.000000
0.996341 -0.009520 0.084929 0.000000 0.085451 0.095428 -0.991762 3.620200 0.001337 0.995391 0.095892 0.000000 0.000000 0.000000 0.000000 1.000000
0.996341 -0.009520 0.084930 0.000000 0.085451 0.095428 -0.991762 3.620200 0.001337 0.995391 0.095893 0.000000 0.000000 0.000000 0.000000 1.000000
0.996341 -0.009520 0.084930 0.000000 0.085451 0.095429 -0.991762 3.620200 0.001336 0.995391 0.095893 0.000000 0.000000 0.000000 0.000000 1.000000
0.996341 -0.009520 0.084930 0.000000 0.085451 0.095429 -0.991762 3.620200 0.001336 0.995391 0.095893 0.000000 0.000000 0.000000 0.000000 1.000000
0.996341 -0.009520 0.084929 -0.000000 0.085451 0.095428 -0.991762 3.620200 0.001337 0.995391 0.095893 0.000000 0.000000 0.000000 0.000000 1.000000
0.996342 -0.009520 0.084929 -0.000000 0.085451 0.095428 -0.991762 3.620200 0.001337 0.995391 0.095892 0.000000 0.000000 0.000000 0.000000 1.000000
0.996341 -0.009520 0.084930 -0.000000 0.085451 0.095429 -0.991762 3.620200 0.001337 0.995391 0.095893 -0.000000 0.000000 0.000000 0.000000 1.000000
0.996341 -0.009520 0.084930 0.000000 0.085451 0.095428 -0.991762 3.620200 0.001337 0.995391 0.095892 -0.000000 0.000000 0.000000 0.000000 1.000000
0.996341 -0.009519 0.084930 0.000000 0.085451 0.095429 -0.991762 3.620200 0.001336 0.995391 0.095893 0.000000 0.000000 0.000000 0.000000 1.000000
0.996341 -0.009519 0.084929 0.000000 0.085451 0.095429 -0.991762 3.620200 0.001336 0.995391 0.095893 0.000000 0.000000 0.000000 0.000000 1.000000
0.996341 -0.009520 0.084929 0.000000 0.085451 0.095429 -0.991762 3.620200 0.001336 0.995391 0.095893 0.000000 0.000000 0.000000 0.000000 1.000000
0.996341 -0.009520 0.084930 0.000000 0.085451 0.095429 -0.991762 3.620200 0.001337 0.995391 0.095893 -0.000000 0.000000 0.000000 0.000000 1.000000
0.996341 -0.009520 0.084929 0.000000 0.085451 0.095428 -0.991762 3.620200 0.001337 0.995391 0.095893 -0.000000 0.000000 0.000000 0.000000 1.000000
0.996341 -0.009520 0.084930 0.000000 0.085451 0.095429 -0.991762 3.620200 0.001336 0.995391 0.095893 0.000000 0.000000 0.000000 0.000000 1.000000
0.996341 -0.009520 0.084930 0.000000 0.085451 0.095428 -0.991762 3.620200 0.001336 0.995391 0.095893 0.000000 0.000000 0.000000 0.000000 1.000000
0.996341 -0.009520 0.084930 0.000000 0.085451 0.095428 -0.991762 3.620200 0.001337 0.995391 0.095893 -0.000000 0.000000 0.000000 0.000000 1.000000
0.996341 -0.009520 0.084930 -0.000000 0.085451 0.095429 -0.991762 3.620200 0.001336 0.995391 0.095893 -0.000000 0.000000 0.000000 0.000000 1.000000
0.996341 -0.009520 0.084929 0.000000 0.085451 0.095428 -0.991762 3.620200 0.001337 0.995391 0.095893 -0.000000 0.000000 0.000000 0.000000 1.000000
0.996342 -0.009520 0.084929 0.000000 0.085451 0.095429 -0.991762 3.620200 0.001337 0.995391 0.095893 0.000000 0.000000 0.000000 0.000000 1.000000
0.996341 -0.009520 0.084929 -0.000000 0.085451 0.095429 -0.991762 3.620200 0.001337 0.995391 0.095893 -0.000000 0.000000 0.000000 0.000000 1.000000
0.996341 -0.009520 0.084929 0.000000 0.085451 0.095429 -0.991762 3.620200 0.001337 0.995391 0.095893 0.000000 0.000000 0.000000 0.000000 1.000000
0.996341 -0.009520 0.084930 -0.000000 0.085451 0.095429 -0.991762 3.620200 0.001337 0.995391 0.095893 0.000000 0.000000 0.000000 0.000000 1.000000
0.996341 -0.009520 0.084930 0.000000 0.085451 0.095429 -0.991762 3.620200 0.001336 0.995391 0.095893 0.000000 0.000000 0.000000 0.000000 1.000000
0.996341 -0.009520 0.084930 0.000000 0.085451 0.095429 -0.991762 3.620200 0.001337 0.995391 0.095893 0.000000 0.000000 0.000000 0.000000 1.000000
0.996341 -0.009519 0.084929 0.000000 0.085451 0.095428 -0.991762 3.620200 0.001336 0.995391 0.095892 0.000000 0.000000 0.000000 0.000000 1.000000
0.996341 -0.009520 0.084929 0.000000 0.085451 0.095429 -0.991762 3.620200 0.001337 0.995391 0.095893 -0.000000 0.000000 0.000000 0.000000 1.000000
0.996342 -0.009519 0.084929 0.000000 0.085451 0.095429 -0.991762 3.620200 0.001336 0.995391 0.095893 -0.000000 0.000000 0.000000 0.000000 1.000000
0.996342 -0.009520 0.084929 0.000000 0.085451 0.095429 -0.991762 3.620200 0.001337 0.995391 0.095893 0.000000 0.000000 0.000000 0.000000 1.000000
0.996342 -0.009519 0.084929 0.000000 0.085451 0.095429 -0.991762 3.620200 0.001336 0.995391 0.095893 0.000000 0.000000 0.000000 0.000000 1.000000
0.996341 -0.009520 0.084929 -0.000000 0.085451 0.095428 -0.991762 3.620200 0.001337 0.995391 0.095893 0.000000 0.000000 0.000000 0.000000 1.000000
0.996341 -0.009520 0.084930 0.000000 0.085451 0.095428 -0.991762 3.620200 0.001337 0.995391 0.095893 0.000000 0.000000 0.000000 0.000000 1.000000
0.996341 -0.009520 0.084929 -0.000000 0.085451 0.095428 -0.991762 3.620200 0.001337 0.995391 0.095892 0.000000 0.000000 0.000000 0.000000 1.000000
0.996341 -0.009520 0.084929 0.000000 0.085451 0.095429 -0.991762 3.620200 0.001337 0.995391 0.095893 -0.000000 0.000000 0.000000 0.000000 1.000000
0.996341 -0.009520 0.084929 0.000000 0.085451 0.095428 -0.991762 3.620200 0.001337 0.995391 0.095892 0.000000 0.000000 0.000000 0.000000 1.000000
0.996341 -0.009520 0.084929 0.000000 0.085451 0.095428 -0.991762 3.620200 0.001337 0.995391 0.095893 -0.000000 0.000000 0.000000 0.000000 1.000000
0.996341 -0.009520 0.084929 0.000000 0.085451 0.095428 -0.991762 3.620200 0.001337 0.995391 0.095893 0.000000 0.000000 0.000000 0.000000 1.000000
0.996341 -0.009520 0.084929 0.000000 0.085451 0.095429 -0.991762 3.620200 0.001337 0.995391 0.095893 0.000000 0.000000 0.000000 0.000000 1.000000
0.996341 -0.009520 0.084930 0.000000 0.085451 0.095428 -0.991762 3.620200 0.001337 0.995391 0.095892 0.000000 0.000000 0.000000 0.000000 1.000000
0.996341 -0.009519 0.084930 0.000000 0.085451 0.095429 -0.991762 3.620200 0.001336 0.995391 0.095893 0.000000 0.000000 0.000000 0.000000 1.000000
0.996342 -0.009520 0.084929 0.000000 0.085451 0.095428 -0.991762 3.620200 0.001336 0.995391 0.095893 0.000000 0.000000 0.000000 0.000000 1.000000
0.996342 -0.009520 0.084929 -0.000000 0.085451 0.095428 -0.991762 3.620200 0.001336 0.995391 0.095893 0.000000 0.000000 0.000000 0.000000 1.000000
0.996341 -0.009520 0.084929 0.000000 0.085451 0.095428 -0.991762 3.620200 0.001337 0.995391 0.095892 0.000000 0.000000 0.000000 0.000000 1.000000
0.996341 -0.009520 0.084930 -0.000000 0.085451 0.095429 -0.991762 3.620200 0.001337 0.995391 0.095893 0.000000 0.000000 0.000000 0.000000 1.000000</float_array>
        <technique_common>
          <accessor source="#mixamorig_LeftHandMiddle2-Matrix-animation-output-transform-array" count="46" stride="16">
            <param type="float4x4"/>
          </accessor>
        </technique_common>
      </source>
      <source id="mixamorig_LeftHandMiddle2-Interpolations">
        <Name_array id="mixamorig_LeftHandMiddle2-Interpolations-array" count="46">
 LINEAR LINEAR LINEAR LINEAR LINEAR LINEAR LINEAR LINEAR LINEAR LINEAR LINEAR
LINEAR LINEAR LINEAR LINEAR LINEAR LINEAR LINEAR LINEAR LINEAR LINEAR LINEAR LINEAR
LINEAR LINEAR LINEAR LINEAR LINEAR LINEAR LINEAR LINEAR LINEAR LINEAR LINEAR LINEAR
LINEAR LINEAR LINEAR LINEAR LINEAR LINEAR LINEAR LINEAR LINEAR LINEAR LINEAR</Name_array>
        <technique_common>
          <accessor source="#mixamorig_LeftHandMiddle2-Interpolations-array" count="46">
            <param type="name"/>
          </accessor>
        </technique_common>
      </source>
      <sampler id="mixamorig_LeftHandMiddle2-Matrix-animation-transform">
        <input semantic="INPUT" source="#mixamorig_LeftHandMiddle2-Matrix-animation-input"/>
        <input semantic="OUTPUT" source="#mixamorig_LeftHandMiddle2-Matrix-animation-output-transform"/>
        <input semantic="INTERPOLATION" source="#mixamorig_LeftHandMiddle2-Interpolations"/>
      </sampler>
      <channel source="#mixamorig_LeftHandMiddle2-Matrix-animation-transform" target="mixamorig_LeftHandMiddle2/matrix"/>
    </animation>
    <animation id="mixamorig_LeftHandMiddle3-anim" name="mixamorig_LeftHandMiddle3">
      <source id="mixamorig_LeftHandMiddle3-Matrix-animation-input">
        <float_array id="mixamorig_LeftHandMiddle3-Matrix-animation-input-array" count="46">

0.000000 0.033333 0.066667 0.100000 0.133333 0.166667 0.200000 0.233333 0.266667 0.300000 0.333333 0.366667 0.400000 0.433333 0.466667 0.500000
0.533333 0.566667 0.600000 0.633333 0.666667 0.700000 0.733333 0.766667 0.800000 0.833333 0.866667 0.900000 0.933333 0.966667 1.000000 1.033333
1.066667 1.100000 1.133333 1.166667 1.200000 1.233333 1.266667 1.300000 1.333333 1.366667 1.400000 1.433333 1.466667 1.500000</float_array>
        <technique_common>
          <accessor source="#mixamorig_LeftHandMiddle3-Matrix-animation-input-array" count="46">
            <param name="TIME" type="float"/>
          </accessor>
        </technique_common>
      </source>
      <source id="mixamorig_LeftHandMiddle3-Matrix-animation-output-transform">
        <float_array id="mixamorig_LeftHandMiddle3-Matrix-animation-output-transform-array" count="736">

0.999600 0.028256 0.000912 0.000000 -0.023285 0.841192 -0.540236 2.832500 -0.016032 0.539998 0.841513 0.000000 0.000000 0.000000 0.000000 1.000000
0.999600 0.028256 0.000912 0.000000 -0.023285 0.841192 -0.540236 2.832500 -0.016032 0.539998 0.841513 0.000000 0.000000 0.000000 0.000000 1.000000
0.999600 0.028256 0.000913 0.000000 -0.023285 0.841192 -0.540236 2.832500 -0.016032 0.539998 0.841513 0.000000 0.000000 0.000000 0.000000 1.000000
0.999600 0.028256 0.000912 0.000000 -0.023285 0.841191 -0.540236 2.832500 -0.016032 0.539999 0.841513 0.000000 0.000000 0.000000 0.000000 1.000000
0.999600 0.028256 0.000912 0.000000 -0.023285 0.841191 -0.540236 2.832500 -0.016032 0.539999 0.841513 0.000000 0.000000 0.000000 0.000000 1.000000
0.999600 0.028256 0.000913 -0.000000 -0.023285 0.841191 -0.540236 2.832500 -0.016032 0.539999 0.841513 0.000000 0.000000 0.000000 0.000000 1.000000
0.999600 0.028256 0.000912 0.000000 -0.023285 0.841191 -0.540236 2.832500 -0.016032 0.539999 0.841513 0.000000 0.000000 0.000000 0.000000 1.000000
0.999600 0.028256 0.000913 -0.000000 -0.023285 0.841192 -0.540236 2.832500 -0.016033 0.539999 0.841513 0.000000 0.000000 0.000000 0.000000 1.000000
0.999600 0.028256 0.000912 0.000000 -0.023285 0.841192 -0.540236 2.832500 -0.016032 0.539999 0.841513 0.000000 0.000000 0.000000 0.000000 1.000000
0.999600 0.028256 0.000912 -0.000000 -0.023285 0.841191 -0.540236 2.832500 -0.016032 0.539999 0.841513 0.000000 0.000000 0.000000 0.000000 1.000000
0.999600 0.028256 0.000912 0.000000 -0.023285 0.841192 -0.540236 2.832500 -0.016032 0.539999 0.841513 0.000000 0.000000 0.000000 0.000000 1.000000
0.999600 0.028256 0.000912 0.000000 -0.023285 0.841192 -0.540236 2.832500 -0.016032 0.539998 0.841513 -0.000000 0.000000 0.000000 0.000000 1.000000
0.999600 0.028256 0.000912 0.000000 -0.023285 0.841191 -0.540236 2.832500 -0.016032 0.539999 0.841513 -0.000000 0.000000 0.000000 0.000000 1.000000
0.999600 0.028256 0.000912 0.000000 -0.023285 0.841191 -0.540236 2.832500 -0.016032 0.539999 0.841513 0.000000 0.000000 0.000000 0.000000 1.000000
0.999600 0.028256 0.000912 0.000000 -0.023285 0.841191 -0.540236 2.832500 -0.016032 0.539999 0.841513 0.000000 0.000000 0.000000 0.000000 1.000000
0.999600 0.028256 0.000912 0.000000 -0.023285 0.841192 -0.540236 2.832500 -0.016032 0.539998 0.841513 -0.000000 0.000000 0.000000 0.000000 1.000000
0.999600 0.028256 0.000913 0.000000 -0.023285 0.841192 -0.540236 2.832500 -0.016032 0.539999 0.841513 0.000000 0.000000 0.000000 0.000000 1.000000
0.999600 0.028256 0.000913 0.000000 -0.023285 0.841192 -0.540236 2.832500 -0.016032 0.539998 0.841513 0.000000 0.000000 0.000000 0.000000 1.000000
0.999600 0.028256 0.000912 0.000000 -0.023285 0.841192 -0.540236 2.832500 -0.016032 0.539999 0.841513 0.000000 0.000000 0.000000 0.000000 1.000000
0.999600 0.028255 0.000912 -0.000000 -0.023285 0.841192 -0.540236 2.832500 -0.016032 0.539999 0.841513 0.000000 0.000000 0.000000 0.000000 1.000000
0.999600 0.028256 0.000912 0.000000 -0.023285 0.841192 -0.540236 2.832500 -0.016032 0.539999 0.841513 0.000000 0.000000 0.000000 0.000000 1.000000
0.999600 0.028256 0.000913 0.000000 -0.023285 0.841191 -0.540236 2.832500 -0.016033 0.539999 0.841513 0.000000 0.000000 0.000000 0.000000 1.000000
0.999600 0.028256 0.000912 0.000000 -0.023285 0.841192 -0.540236 2.832500 -0.016032 0.539999 0.841513 0.000000 0.000000 0.000000 0.000000 1.000000
0.999600 0.028256 0.000912 -0.000000 -0.023285 0.841191 -0.540236 2.832500 -0.016032 0.539999 0.841513 0.000000 0.000000 0.000000 0.000000 1.000000
0.999600 0.028256 0.000912 0.000000 -0.023285 0.841192 -0.540235 2.832500 -0.016032 0.539998 0.841513 -0.000000 0.000000 0.000000 0.000000 1.000000
0.999600 0.028256 0.000912 0.000000 -0.023285 0.841192 -0.540236 2.832500 -0.016032 0.539999 0.841513 0.000000 0.000000 0.000000 0.000000 1.000000
0.999600 0.028256 0.000912 0.000000 -0.023285 0.841191 -0.540236 2.832500 -0.016032 0.539999 0.841513 0.000000 0.000000 0.000000 0.000000 1.000000
0.999600 0.028256 0.000913 0.000000 -0.023285 0.841191 -0.540236 2.832500 -0.016032 0.539999 0.841513 0.000000 0.000000 0.000000 0.000000 1.000000
0.999600 0.028256 0.000913 0.000000 -0.023285 0.841192 -0.540236 2.832500 -0.016032 0.539998 0.841513 0.000000 0.000000 0.000000 0.000000 1.000000
0.999600 0.028256 0.000913 0.000000 -0.023285 0.841191 -0.540236 2.832500 -0.016033 0.539999 0.841513 0.000000 0.000000 0.000000 0.000000 1.000000
0.999600 0.028256 0.000913 0.000000 -0.023285 0.841192 -0.540236 2.832500 -0.016032 0.539999 0.841513 0.000000 0.000000 0.000000 0.000000 1.000000
0.999600 0.028256 0.000913 0.000000 -0.023285 0.841191 -0.540236 2.832500 -0.016032 0.539999 0.841513 0.000000 0.000000 0.000000 0.000000 1.000000
0.999600 0.028256 0.000913 0.000000 -0.023285 0.841191 -0.540236 2.832500 -0.016033 0.539999 0.841513 0.000000 0.000000 0.000000 0.000000 1.000000
0.999600 0.028256 0.000913 0.000000 -0.023285 0.841192 -0.540236 2.832500 -0.016033 0.539998 0.841513 0.000000 0.000000 0.000000 0.000000 1.000000
0.999600 0.028256 0.000912 -0.000000 -0.023285 0.841192 -0.540236 2.832500 -0.016032 0.539999 0.841513 0.000000 0.000000 0.000000 0.000000 1.000000
0.999600 0.028256 0.000912 0.000000 -0.023285 0.841192 -0.540236 2.832500 -0.016032 0.539999 0.841513 0.000000 0.000000 0.000000 0.000000 1.000000
0.999600 0.028256 0.000913 -0.000000 -0.023285 0.841191 -0.540236 2.832500 -0.016033 0.539999 0.841513 0.000000 0.000000 0.000000 0.000000 1.000000
0.999600 0.028256 0.000912 0.000000 -0.023285 0.841192 -0.540236 2.832500 -0.016032 0.539998 0.841513 0.000000 0.000000 0.000000 0.000000 1.000000
0.999600 0.028256 0.000912 0.000000 -0.023285 0.841192 -0.540236 2.832500 -0.016032 0.539998 0.841513 0.000000 0.000000 0.000000 0.000000 1.000000
0.999600 0.028256 0.000912 0.000000 -0.023285 0.841192 -0.540236 2.832500 -0.016032 0.539999 0.841513 0.000000 0.000000 0.000000 0.000000 1.000000
0.999600 0.028256 0.000913 0.000000 -0.023285 0.841191 -0.540236 2.832500 -0.016032 0.539999 0.841513 0.000000 0.000000 0.000000 0.000000 1.000000
0.999600 0.028256 0.000912 0.000000 -0.023285 0.841192 -0.540236 2.832500 -0.016032 0.539998 0.841513 -0.000000 0.000000 0.000000 0.000000 1.000000
0.999600 0.028256 0.000913 0.000000 -0.023285 0.841192 -0.540235 2.832500 -0.016033 0.539998 0.841513 -0.000000 0.000000 0.000000 0.000000 1.000000
0.999600 0.028256 0.000913 0.000000 -0.023285 0.841191 -0.540236 2.832500 -0.016032 0.539999 0.841513 0.000000 0.000000 0.000000 0.000000 1.000000
0.999600 0.028256 0.000912 0.000000 -0.023285 0.841192 -0.540235 2.832500 -0.016032 0.539998 0.841513 0.000000 0.000000 0.000000 0.000000 1.000000
0.999600 0.028256 0.000912 0.000000 -0.023285 0.841191 -0.540236 2.832500 -0.016032 0.539999 0.841513 0.000000 0.000000 0.000000 0.000000 1.000000</float_array>
        <technique_common>
          <accessor source="#mixamorig_LeftHandMiddle3-Matrix-animation-output-transform-array" count="46" stride="16">
            <param type="float4x4"/>
          </accessor>
        </technique_common>
      </source>
      <source id="mixamorig_LeftHandMiddle3-Interpolations">
        <Name_array id="mixamorig_LeftHandMiddle3-Interpolations-array" count="46">
 LINEAR LINEAR LINEAR LINEAR LINEAR LINEAR LINEAR LINEAR LINEAR LINEAR LINEAR
LINEAR LINEAR LINEAR LINEAR LINEAR LINEAR LINEAR LINEAR LINEAR LINEAR LINEAR LINEAR
LINEAR LINEAR LINEAR LINEAR LINEAR LINEAR LINEAR LINEAR LINEAR LINEAR LINEAR LINEAR
LINEAR LINEAR LINEAR LINEAR LINEAR LINEAR LINEAR LINEAR LINEAR LINEAR LINEAR</Name_array>
        <technique_common>
          <accessor source="#mixamorig_LeftHandMiddle3-Interpolations-array" count="46">
            <param type="name"/>
          </accessor>
        </technique_common>
      </source>
      <sampler id="mixamorig_LeftHandMiddle3-Matrix-animation-transform">
        <input semantic="INPUT" source="#mixamorig_LeftHandMiddle3-Matrix-animation-input"/>
        <input semantic="OUTPUT" source="#mixamorig_LeftHandMiddle3-Matrix-animation-output-transform"/>
        <input semantic="INTERPOLATION" source="#mixamorig_LeftHandMiddle3-Interpolations"/>
      </sampler>
      <channel source="#mixamorig_LeftHandMiddle3-Matrix-animation-transform" target="mixamorig_LeftHandMiddle3/matrix"/>
    </animation>
    <animation id="mixamorig_LeftHandRing1-anim" name="mixamorig_LeftHandRing1">
      <source id="mixamorig_LeftHandRing1-Matrix-animation-input">
        <float_array id="mixamorig_LeftHandRing1-Matrix-animation-input-array" count="46">

0.000000 0.033333 0.066667 0.100000 0.133333 0.166667 0.200000 0.233333 0.266667 0.300000 0.333333 0.366667 0.400000 0.433333 0.466667 0.500000
0.533333 0.566667 0.600000 0.633333 0.666667 0.700000 0.733333 0.766667 0.800000 0.833333 0.866667 0.900000 0.933333 0.966667 1.000000 1.033333
1.066667 1.100000 1.133333 1.166667 1.200000 1.233333 1.266667 1.300000 1.333333 1.366667 1.400000 1.433333 1.466667 1.500000</float_array>
        <technique_common>
          <accessor source="#mixamorig_LeftHandRing1-Matrix-animation-input-array" count="46">
            <param name="TIME" type="float"/>
          </accessor>
        </technique_common>
      </source>
      <source id="mixamorig_LeftHandRing1-Matrix-animation-output-transform">
        <float_array id="mixamorig_LeftHandRing1-Matrix-animation-output-transform-array" count="736">

0.996641 0.030230 -0.076113 3.523100 -0.080440 0.186895 -0.979081 12.918800 -0.015372 0.981915 0.188699 -0.015900 0.000000 0.000000 0.000000 1.000000
0.996641 0.030230 -0.076113 3.523100 -0.080441 0.186896 -0.979081 12.918800 -0.015373 0.981915 0.188699 -0.015900 0.000000 0.000000 0.000000 1.000000
0.996641 0.030230 -0.076113 3.523100 -0.080441 0.186896 -0.979081 12.918800 -0.015372 0.981915 0.188699 -0.015900 0.000000 0.000000 0.000000 1.000000
0.996641 0.030230 -0.076113 3.523100 -0.080441 0.186896 -0.979081 12.918800 -0.015373 0.981915 0.188700 -0.015900 0.000000 0.000000 0.000000 1.000000
0.996641 0.030230 -0.076113 3.523100 -0.080441 0.186895 -0.979081 12.918800 -0.015372 0.981915 0.188699 -0.015900 0.000000 0.000000 0.000000 1.000000
0.996641 0.030230 -0.076113 3.523100 -0.080441 0.186895 -0.979081 12.918800 -0.015373 0.981915 0.188699 -0.015900 0.000000 0.000000 0.000000 1.000000
0.996641 0.030230 -0.076113 3.523100 -0.080441 0.186895 -0.979081 12.918800 -0.015373 0.981915 0.188699 -0.015900 0.000000 0.000000 0.000000 1.000000
0.996641 0.030230 -0.076113 3.523100 -0.080441 0.186896 -0.979081 12.918800 -0.015372 0.981915 0.188700 -0.015900 0.000000 0.000000 0.000000 1.000000
0.996641 0.030230 -0.076113 3.523100 -0.080440 0.186895 -0.979081 12.918800 -0.015372 0.981915 0.188699 -0.015900 0.000000 0.000000 0.000000 1.000000
0.996641 0.030230 -0.076113 3.523100 -0.080441 0.186895 -0.979081 12.918800 -0.015372 0.981915 0.188699 -0.015900 0.000000 0.000000 0.000000 1.000000
0.996641 0.030230 -0.076113 3.523100 -0.080441 0.186896 -0.979081 12.918800 -0.015373 0.981915 0.188700 -0.015900 0.000000 0.000000 0.000000 1.000000
0.996641 0.030230 -0.076113 3.523100 -0.080441 0.186896 -0.979081 12.918800 -0.015372 0.981915 0.188700 -0.015900 0.000000 0.000000 0.000000 1.000000
0.996641 0.030230 -0.076113 3.523100 -0.080441 0.186896 -0.979081 12.918800 -0.015373 0.981915 0.188700 -0.015900 0.000000 0.000000 0.000000 1.000000
0.996641 0.030230 -0.076113 3.523100 -0.080441 0.186896 -0.979081 12.918800 -0.015373 0.981915 0.188699 -0.015900 0.000000 0.000000 0.000000 1.000000
0.996641 0.030230 -0.076113 3.523100 -0.080441 0.186896 -0.979081 12.918800 -0.015373 0.981914 0.188700 -0.015900 0.000000 0.000000 0.000000 1.000000
0.996641 0.030230 -0.076113 3.523100 -0.080441 0.186896 -0.979081 12.918800 -0.015373 0.981915 0.188700 -0.015900 0.000000 0.000000 0.000000 1.000000
0.996641 0.030230 -0.076113 3.523100 -0.080441 0.186896 -0.979081 12.918800 -0.015372 0.981915 0.188699 -0.015900 0.000000 0.000000 0.000000 1.000000
0.996641 0.030230 -0.076113 3.523100 -0.080441 0.186895 -0.979081 12.918800 -0.015373 0.981915 0.188699 -0.015900 0.000000 0.000000 0.000000 1.000000
0.996641 0.030230 -0.076113 3.523100 -0.080441 0.186895 -0.979081 12.918800 -0.015373 0.981915 0.188699 -0.015900 0.000000 0.000000 0.000000 1.000000
0.996641 0.030230 -0.076113 3.523100 -0.080441 0.186896 -0.979081 12.918800 -0.015372 0.981915 0.188699 -0.015900 0.000000 0.000000 0.000000 1.000000
0.996641 0.030230 -0.076113 3.523100 -0.080441 0.186895 -0.979081 12.918800 -0.015372 0.981915 0.188699 -0.015900 0.000000 0.000000 0.000000 1.000000
0.996641 0.030230 -0.076113 3.523100 -0.080441 0.186896 -0.979081 12.918800 -0.015373 0.981915 0.188700 -0.015900 0.000000 0.000000 0.000000 1.000000
0.996641 0.030230 -0.076113 3.523100 -0.080441 0.186895 -0.979081 12.918800 -0.015372 0.981915 0.188699 -0.015900 0.000000 0.000000 0.000000 1.000000
0.996641 0.030230 -0.076113 3.523100 -0.080441 0.186895 -0.979081 12.918800 -0.015372 0.981915 0.188699 -0.015900 0.000000 0.000000 0.000000 1.000000
0.996641 0.030230 -0.076113 3.523100 -0.080441 0.186896 -0.979081 12.918800 -0.015373 0.981915 0.188700 -0.015900 0.000000 0.000000 0.000000 1.000000
0.996641 0.030230 -0.076113 3.523100 -0.080441 0.186895 -0.979081 12.918800 -0.015373 0.981915 0.188699 -0.015900 0.000000 0.000000 0.000000 1.000000
0.996641 0.030230 -0.076113 3.523100 -0.080441 0.186895 -0.979081 12.918800 -0.015373 0.981915 0.188699 -0.015900 0.000000 0.000000 0.000000 1.000000
0.996641 0.030230 -0.076113 3.523100 -0.080441 0.186895 -0.979081 12.918800 -0.015372 0.981915 0.188699 -0.015900 0.000000 0.000000 0.000000 1.000000
0.996641 0.030230 -0.076113 3.523100 -0.080441 0.186896 -0.979081 12.918800 -0.015372 0.981914 0.188700 -0.015900 0.000000 0.000000 0.000000 1.000000
0.996641 0.030230 -0.076113 3.523100 -0.080441 0.186896 -0.979081 12.918800 -0.015373 0.981915 0.188699 -0.015900 0.000000 0.000000 0.000000 1.000000
0.996641 0.030230 -0.076113 3.523100 -0.080441 0.186896 -0.979081 12.918800 -0.015373 0.981915 0.188699 -0.015900 0.000000 0.000000 0.000000 1.000000
0.996641 0.030230 -0.076113 3.523100 -0.080441 0.186896 -0.979081 12.918800 -0.015373 0.981915 0.188699 -0.015900 0.000000 0.000000 0.000000 1.000000
0.996641 0.030230 -0.076113 3.523100 -0.080441 0.186896 -0.979081 12.918800 -0.015373 0.981915 0.188700 -0.015900 0.000000 0.000000 0.000000 1.000000
0.996641 0.030230 -0.076113 3.523100 -0.080441 0.186895 -0.979081 12.918800 -0.015373 0.981915 0.188699 -0.015900 0.000000 0.000000 0.000000 1.000000
0.996641 0.030230 -0.076113 3.523100 -0.080441 0.186896 -0.979081 12.918800 -0.015373 0.981915 0.188700 -0.015900 0.000000 0.000000 0.000000 1.000000
0.996641 0.030230 -0.076113 3.523100 -0.080441 0.186895 -0.979081 12.918800 -0.015373 0.981915 0.188699 -0.015900 0.000000 0.000000 0.000000 1.000000
0.996641 0.030230 -0.076113 3.523100 -0.080441 0.186895 -0.979081 12.918800 -0.015372 0.981915 0.188699 -0.015900 0.000000 0.000000 0.000000 1.000000
0.996641 0.030230 -0.076113 3.523100 -0.080441 0.186895 -0.979081 12.918800 -0.015373 0.981915 0.188699 -0.015900 0.000000 0.000000 0.000000 1.000000
0.996641 0.030230 -0.076113 3.523100 -0.080441 0.186895 -0.979081 12.918800 -0.015372 0.981915 0.188699 -0.015900 0.000000 0.000000 0.000000 1.000000
0.996641 0.030230 -0.076113 3.523100 -0.080441 0.186895 -0.979081 12.918800 -0.015372 0.981915 0.188699 -0.015900 0.000000 0.000000 0.000000 1.000000
0.996641 0.030230 -0.076113 3.523100 -0.080441 0.186895 -0.979081 12.918800 -0.015373 0.981915 0.188699 -0.015900 0.000000 0.000000 0.000000 1.000000
0.996641 0.030230 -0.076113 3.523100 -0.080441 0.186895 -0.979081 12.918800 -0.015373 0.981915 0.188699 -0.015900 0.000000 0.000000 0.000000 1.000000
0.996641 0.030230 -0.076113 3.523100 -0.080441 0.186896 -0.979081 12.918800 -0.015372 0.981915 0.188699 -0.015900 0.000000 0.000000 0.000000 1.000000
0.996641 0.030230 -0.076113 3.523100 -0.080441 0.186895 -0.979081 12.918800 -0.015372 0.981915 0.188699 -0.015900 0.000000 0.000000 0.000000 1.000000
0.996641 0.030230 -0.076113 3.523100 -0.080441 0.186896 -0.979081 12.918800 -0.015372 0.981914 0.188700 -0.015900 0.000000 0.000000 0.000000 1.000000
0.996641 0.030230 -0.076113 3.523100 -0.080441 0.186895 -0.979081 12.918800 -0.015372 0.981915 0.188699 -0.015900 0.000000 0.000000 0.000000 1.000000</float_array>
        <technique_common>
          <accessor source="#mixamorig_LeftHandRing1-Matrix-animation-output-transform-array" count="46" stride="16">
            <param type="float4x4"/>
          </accessor>
        </technique_common>
      </source>
      <source id="mixamorig_LeftHandRing1-Interpolations">
        <Name_array id="mixamorig_LeftHandRing1-Interpolations-array" count="46">
 LINEAR LINEAR LINEAR LINEAR LINEAR LINEAR LINEAR LINEAR LINEAR LINEAR LINEAR
LINEAR LINEAR LINEAR LINEAR LINEAR LINEAR LINEAR LINEAR LINEAR LINEAR LINEAR LINEAR
LINEAR LINEAR LINEAR LINEAR LINEAR LINEAR LINEAR LINEAR LINEAR LINEAR LINEAR LINEAR
LINEAR LINEAR LINEAR LINEAR LINEAR LINEAR LINEAR LINEAR LINEAR LINEAR LINEAR</Name_array>
        <technique_common>
          <accessor source="#mixamorig_LeftHandRing1-Interpolations-array" count="46">
            <param type="name"/>
          </accessor>
        </technique_common>
      </source>
      <sampler id="mixamorig_LeftHandRing1-Matrix-animation-transform">
        <input semantic="INPUT" source="#mixamorig_LeftHandRing1-Matrix-animation-input"/>
        <input semantic="OUTPUT" source="#mixamorig_LeftHandRing1-Matrix-animation-output-transform"/>
        <input semantic="INTERPOLATION" source="#mixamorig_LeftHandRing1-Interpolations"/>
      </sampler>
      <channel source="#mixamorig_LeftHandRing1-Matrix-animation-transform" target="mixamorig_LeftHandRing1/matrix"/>
    </animation>
    <animation id="mixamorig_LeftHandRing2-anim" name="mixamorig_LeftHandRing2">
      <source id="mixamorig_LeftHandRing2-Matrix-animation-input">
        <float_array id="mixamorig_LeftHandRing2-Matrix-animation-input-array" count="46">

0.000000 0.033333 0.066667 0.100000 0.133333 0.166667 0.200000 0.233333 0.266667 0.300000 0.333333 0.366667 0.400000 0.433333 0.466667 0.500000
0.533333 0.566667 0.600000 0.633333 0.666667 0.700000 0.733333 0.766667 0.800000 0.833333 0.866667 0.900000 0.933333 0.966667 1.000000 1.033333
1.066667 1.100000 1.133333 1.166667 1.200000 1.233333 1.266667 1.300000 1.333333 1.366667 1.400000 1.433333 1.466667 1.500000</float_array>
        <technique_common>
          <accessor source="#mixamorig_LeftHandRing2-Matrix-animation-input-array" count="46">
            <param name="TIME" type="float"/>
          </accessor>
        </technique_common>
      </source>
      <source id="mixamorig_LeftHandRing2-Matrix-animation-output-transform">
        <float_array id="mixamorig_LeftHandRing2-Matrix-animation-output-transform-array" count="736">

0.999725 -0.017709 0.015378 0.000000 0.019830 0.288065 -0.957406 2.936000 0.012525 0.957447 0.288336 -0.000000 0.000000 0.000000 0.000000 1.000000
0.999725 -0.017709 0.015378 -0.000000 0.019830 0.288065 -0.957406 2.936000 0.012525 0.957447 0.288337 0.000000 0.000000 0.000000 0.000000 1.000000
0.999725 -0.017709 0.015378 0.000000 0.019830 0.288064 -0.957406 2.936000 0.012525 0.957447 0.288336 0.000000 0.000000 0.000000 0.000000 1.000000
0.999725 -0.017709 0.015378 0.000000 0.019830 0.288065 -0.957406 2.936000 0.012525 0.957447 0.288336 0.000000 0.000000 0.000000 0.000000 1.000000
0.999725 -0.017709 0.015378 0.000000 0.019830 0.288065 -0.957406 2.936000 0.012525 0.957447 0.288337 -0.000000 0.000000 0.000000 0.000000 1.000000
0.999725 -0.017709 0.015378 -0.000000 0.019830 0.288064 -0.957406 2.936000 0.012525 0.957447 0.288336 -0.000000 0.000000 0.000000 0.000000 1.000000
0.999725 -0.017709 0.015378 0.000000 0.019830 0.288065 -0.957406 2.936000 0.012525 0.957447 0.288336 0.000000 0.000000 0.000000 0.000000 1.000000
0.999725 -0.017710 0.015378 0.000000 0.019830 0.288064 -0.957406 2.936000 0.012525 0.957447 0.288336 -0.000000 0.000000 0.000000 0.000000 1.000000
0.999725 -0.017709 0.015377 0.000000 0.019829 0.288064 -0.957406 2.936000 0.012525 0.957447 0.288336 -0.000000 0.000000 0.000000 0.000000 1.000000
0.999725 -0.017709 0.015378 -0.000000 0.019829 0.288065 -0.957406 2.936000 0.012525 0.957447 0.288337 -0.000000 0.000000 0.000000 0.000000 1.000000
0.999725 -0.017709 0.015378 0.000000 0.019830 0.288064 -0.957406 2.936000 0.012525 0.957447 0.288336 0.000000 0.000000 0.000000 0.000000 1.000000
0.999725 -0.017710 0.015378 0.000000 0.019830 0.288064 -0.957406 2.936000 0.012525 0.957447 0.288336 0.000000 0.000000 0.000000 0.000000 1.000000
0.999725 -0.017709 0.015378 -0.000000 0.019830 0.288065 -0.957406 2.936000 0.012525 0.957447 0.288337 0.000000 0.000000 0.000000 0.000000 1.000000
0.999725 -0.017709 0.015377 0.000000 0.019829 0.288065 -0.957406 2.936000 0.012525 0.957447 0.288337 0.000000 0.000000 0.000000 0.000000 1.000000
0.999725 -0.017709 0.015378 0.000000 0.019829 0.288064 -0.957406 2.936000 0.012525 0.957447 0.288336 0.000000 0.000000 0.000000 0.000000 1.000000
0.999725 -0.017709 0.015378 0.000000 0.019830 0.288065 -0.957406 2.936000 0.012525 0.957447 0.288337 0.000000 0.000000 0.000000 0.000000 1.000000
0.999725 -0.017709 0.015378 -0.000000 0.019830 0.288065 -0.957406 2.936000 0.012525 0.957447 0.288337 0.000000 0.000000 0.000000 0.000000 1.000000
0.999725 -0.017709 0.015378 0.000000 0.019830 0.288064 -0.957406 2.936000 0.012525 0.957447 0.288336 -0.000000 0.000000 0.000000 0.000000 1.000000
0.999725 -0.017710 0.015378 -0.000000 0.019830 0.288064 -0.957406 2.936000 0.012525 0.957447 0.288336 0.000000 0.000000 0.000000 0.000000 1.000000
0.999725 -0.017709 0.015378 0.000000 0.019830 0.288065 -0.957406 2.936000 0.012525 0.957447 0.288337 -0.000000 0.000000 0.000000 0.000000 1.000000
0.999725 -0.017710 0.015378 0.000000 0.019830 0.288065 -0.957406 2.936000 0.012525 0.957447 0.288337 0.000000 0.000000 0.000000 0.000000 1.000000
0.999725 -0.017709 0.015378 0.000000 0.019830 0.288065 -0.957406 2.936000 0.012525 0.957447 0.288337 0.000000 0.000000 0.000000 0.000000 1.000000
0.999725 -0.017709 0.015378 -0.000000 0.019829 0.288065 -0.957406 2.936000 0.012525 0.957447 0.288337 -0.000000 0.000000 0.000000 0.000000 1.000000
0.999725 -0.017710 0.015378 0.000000 0.019830 0.288064 -0.957406 2.936000 0.012525 0.957447 0.288336 -0.000000 0.000000 0.000000 0.000000 1.000000
0.999725 -0.017710 0.015378 0.000000 0.019830 0.288064 -0.957406 2.936000 0.012525 0.957447 0.288336 -0.000000 0.000000 0.000000 0.000000 1.000000
0.999725 -0.017710 0.015378 0.000000 0.019830 0.288065 -0.957406 2.936000 0.012525 0.957447 0.288336 0.000000 0.000000 0.000000 0.000000 1.000000
0.999725 -0.017710 0.015378 0.000000 0.019830 0.288064 -0.957406 2.936000 0.012525 0.957447 0.288336 -0.000000 0.000000 0.000000 0.000000 1.000000
0.999725 -0.017709 0.015378 0.000000 0.019830 0.288065 -0.957406 2.936000 0.012525 0.957447 0.288337 0.000000 0.000000 0.000000 0.000000 1.000000
0.999725 -0.017709 0.015378 0.000000 0.019830 0.288065 -0.957406 2.936000 0.012525 0.957447 0.288337 0.000000 0.000000 0.000000 0.000000 1.000000
0.999725 -0.017710 0.015378 0.000000 0.019830 0.288064 -0.957406 2.936000 0.012525 0.957447 0.288336 0.000000 0.000000 0.000000 0.000000 1.000000
0.999725 -0.017710 0.015378 -0.000000 0.019830 0.288064 -0.957406 2.936000 0.012526 0.957447 0.288336 0.000000 0.000000 0.000000 0.000000 1.000000
0.999725 -0.017710 0.015378 0.000000 0.019830 0.288064 -0.957406 2.936000 0.012526 0.957447 0.288336 0.000000 0.000000 0.000000 0.000000 1.000000
0.999725 -0.017709 0.015378 0.000000 0.019830 0.288064 -0.957406 2.936000 0.012525 0.957447 0.288336 -0.000000 0.000000 0.000000 0.000000 1.000000
0.999725 -0.017709 0.015378 0.000000 0.019829 0.288064 -0.957406 2.936000 0.012525 0.957447 0.288336 0.000000 0.000000 0.000000 0.000000 1.000000
0.999725 -0.017710 0.015378 0.000000 0.019830 0.288064 -0.957406 2.936000 0.012526 0.957447 0.288336 0.000000 0.000000 0.000000 0.000000 1.000000
0.999725 -0.017709 0.015378 -0.000000 0.019830 0.288064 -0.957406 2.936000 0.012525 0.957447 0.288336 -0.000000 0.000000 0.000000 0.000000 1.000000
0.999725 -0.017710 0.015377 0.000000 0.019829 0.288064 -0.957406 2.936000 0.012526 0.957447 0.288336 -0.000000 0.000000 0.000000 0.000000 1.000000
0.999725 -0.017709 0.015378 -0.000000 0.019830 0.288064 -0.957406 2.936000 0.012525 0.957447 0.288336 0.000000 0.000000 0.000000 0.000000 1.000000
0.999725 -0.017709 0.015378 0.000000 0.019829 0.288065 -0.957406 2.936000 0.012525 0.957447 0.288337 -0.000000 0.000000 0.000000 0.000000 1.000000
0.999725 -0.017709 0.015378 0.000000 0.019830 0.288064 -0.957406 2.936000 0.012525 0.957447 0.288336 0.000000 0.000000 0.000000 0.000000 1.000000
0.999725 -0.017710 0.015378 0.000000 0.019830 0.288064 -0.957406 2.936000 0.012526 0.957447 0.288336 -0.000000 0.000000 0.000000 0.000000 1.000000
0.999725 -0.017710 0.015378 0.000000 0.019830 0.288064 -0.957406 2.936000 0.012526 0.957447 0.288336 0.000000 0.000000 0.000000 0.000000 1.000000
0.999725 -0.017709 0.015378 0.000000 0.019830 0.288065 -0.957406 2.936000 0.012525 0.957447 0.288337 0.000000 0.000000 0.000000 0.000000 1.000000
0.999725 -0.017709 0.015378 0.000000 0.019830 0.288065 -0.957406 2.936000 0.012525 0.957447 0.288336 0.000000 0.000000 0.000000 0.000000 1.000000
0.999725 -0.017709 0.015378 0.000000 0.019829 0.288065 -0.957406 2.936000 0.012525 0.957447 0.288336 0.000000 0.000000 0.000000 0.000000 1.000000
0.999725 -0.017709 0.015378 0.000000 0.019830 0.288065 -0.957406 2.936000 0.012525 0.957447 0.288336 -0.000000 0.000000 0.000000 0.000000 1.000000</float_array>
        <technique_common>
          <accessor source="#mixamorig_LeftHandRing2-Matrix-animation-output-transform-array" count="46" stride="16">
            <param type="float4x4"/>
          </accessor>
        </technique_common>
      </source>
      <source id="mixamorig_LeftHandRing2-Interpolations">
        <Name_array id="mixamorig_LeftHandRing2-Interpolations-array" count="46">
 LINEAR LINEAR LINEAR LINEAR LINEAR LINEAR LINEAR LINEAR LINEAR LINEAR LINEAR
LINEAR LINEAR LINEAR LINEAR LINEAR LINEAR LINEAR LINEAR LINEAR LINEAR LINEAR LINEAR
LINEAR LINEAR LINEAR LINEAR LINEAR LINEAR LINEAR LINEAR LINEAR LINEAR LINEAR LINEAR
LINEAR LINEAR LINEAR LINEAR LINEAR LINEAR LINEAR LINEAR LINEAR LINEAR LINEAR</Name_array>
        <technique_common>
          <accessor source="#mixamorig_LeftHandRing2-Interpolations-array" count="46">
            <param type="name"/>
          </accessor>
        </technique_common>
      </source>
      <sampler id="mixamorig_LeftHandRing2-Matrix-animation-transform">
        <input semantic="INPUT" source="#mixamorig_LeftHandRing2-Matrix-animation-input"/>
        <input semantic="OUTPUT" source="#mixamorig_LeftHandRing2-Matrix-animation-output-transform"/>
        <input semantic="INTERPOLATION" source="#mixamorig_LeftHandRing2-Interpolations"/>
      </sampler>
      <channel source="#mixamorig_LeftHandRing2-Matrix-animation-transform" target="mixamorig_LeftHandRing2/matrix"/>
    </animation>
    <animation id="mixamorig_LeftHandRing3-anim" name="mixamorig_LeftHandRing3">
      <source id="mixamorig_LeftHandRing3-Matrix-animation-input">
        <float_array id="mixamorig_LeftHandRing3-Matrix-animation-input-array" count="46">

0.000000 0.033333 0.066667 0.100000 0.133333 0.166667 0.200000 0.233333 0.266667 0.300000 0.333333 0.366667 0.400000 0.433333 0.466667 0.500000
0.533333 0.566667 0.600000 0.633333 0.666667 0.700000 0.733333 0.766667 0.800000 0.833333 0.866667 0.900000 0.933333 0.966667 1.000000 1.033333
1.066667 1.100000 1.133333 1.166667 1.200000 1.233333 1.266667 1.300000 1.333333 1.366667 1.400000 1.433333 1.466667 1.500000</float_array>
        <technique_common>
          <accessor source="#mixamorig_LeftHandRing3-Matrix-animation-input-array" count="46">
            <param name="TIME" type="float"/>
          </accessor>
        </technique_common>
      </source>
      <source id="mixamorig_LeftHandRing3-Matrix-animation-output-transform">
        <float_array id="mixamorig_LeftHandRing3-Matrix-animation-output-transform-array" count="736">

0.999780 0.015515 -0.014097 0.000000 -0.020932 0.775373 -0.631157 3.435600 0.001138 0.631313 0.775527 0.000000 0.000000 0.000000 0.000000 1.000000
0.999780 0.015515 -0.014097 -0.000000 -0.020932 0.775373 -0.631157 3.435600 0.001138 0.631313 0.775527 -0.000000 0.000000 0.000000 0.000000 1.000000
0.999780 0.015516 -0.014097 0.000000 -0.020932 0.775373 -0.631157 3.435600 0.001138 0.631313 0.775527 0.000000 0.000000 0.000000 0.000000 1.000000
0.999780 0.015516 -0.014097 0.000000 -0.020933 0.775373 -0.631157 3.435600 0.001138 0.631313 0.775527 0.000000 0.000000 0.000000 0.000000 1.000000
0.999780 0.015515 -0.014097 0.000000 -0.020933 0.775373 -0.631157 3.435600 0.001138 0.631313 0.775527 0.000000 0.000000 0.000000 0.000000 1.000000
0.999780 0.015516 -0.014097 0.000000 -0.020932 0.775373 -0.631157 3.435600 0.001138 0.631313 0.775527 0.000000 0.000000 0.000000 0.000000 1.000000
0.999780 0.015515 -0.014097 0.000000 -0.020932 0.775373 -0.631157 3.435600 0.001138 0.631313 0.775527 0.000000 0.000000 0.000000 0.000000 1.000000
0.999780 0.015515 -0.014097 0.000000 -0.020932 0.775373 -0.631157 3.435600 0.001138 0.631313 0.775527 0.000000 0.000000 0.000000 0.000000 1.000000
0.999780 0.015516 -0.014097 0.000000 -0.020932 0.775373 -0.631157 3.435600 0.001138 0.631313 0.775527 -0.000000 0.000000 0.000000 0.000000 1.000000
0.999780 0.015516 -0.014097 -0.000000 -0.020932 0.775373 -0.631157 3.435600 0.001138 0.631313 0.775527 0.000000 0.000000 0.000000 0.000000 1.000000
0.999780 0.015516 -0.014097 0.000000 -0.020933 0.775373 -0.631156 3.435600 0.001138 0.631313 0.775527 -0.000000 0.000000 0.000000 0.000000 1.000000
0.999780 0.015515 -0.014097 0.000000 -0.020932 0.775373 -0.631157 3.435600 0.001138 0.631313 0.775527 0.000000 0.000000 0.000000 0.000000 1.000000
0.999780 0.015516 -0.014097 0.000000 -0.020933 0.775373 -0.631157 3.435600 0.001138 0.631313 0.775527 0.000000 0.000000 0.000000 0.000000 1.000000
0.999780 0.015516 -0.014097 0.000000 -0.020933 0.775373 -0.631157 3.435600 0.001138 0.631313 0.775527 0.000000 0.000000 0.000000 0.000000 1.000000
0.999780 0.015515 -0.014097 -0.000000 -0.020932 0.775373 -0.631156 3.435600 0.001138 0.631313 0.775527 0.000000 0.000000 0.000000 0.000000 1.000000
0.999780 0.015516 -0.014097 0.000000 -0.020932 0.775373 -0.631157 3.435600 0.001137 0.631313 0.775527 0.000000 0.000000 0.000000 0.000000 1.000000
0.999780 0.015515 -0.014097 0.000000 -0.020932 0.775373 -0.631157 3.435600 0.001138 0.631313 0.775527 0.000000 0.000000 0.000000 0.000000 1.000000
0.999780 0.015516 -0.014097 -0.000000 -0.020933 0.775373 -0.631157 3.435600 0.001138 0.631313 0.775527 -0.000000 0.000000 0.000000 0.000000 1.000000
0.999780 0.015515 -0.014097 -0.000000 -0.020932 0.775373 -0.631157 3.435600 0.001138 0.631313 0.775527 0.000000 0.000000 0.000000 0.000000 1.000000
0.999780 0.015516 -0.014097 0.000000 -0.020932 0.775373 -0.631157 3.435600 0.001138 0.631313 0.775527 0.000000 0.000000 0.000000 0.000000 1.000000
0.999780 0.015516 -0.014097 0.000000 -0.020932 0.775373 -0.631157 3.435600 0.001138 0.631313 0.775527 0.000000 0.000000 0.000000 0.000000 1.000000
0.999780 0.015515 -0.014097 0.000000 -0.020932 0.775373 -0.631157 3.435600 0.001138 0.631313 0.775527 -0.000000 0.000000 0.000000 0.000000 1.000000
0.999780 0.015515 -0.014097 0.000000 -0.020932 0.775373 -0.631157 3.435600 0.001138 0.631313 0.775527 -0.000000 0.000000 0.000000 0.000000 1.000000
0.999780 0.015515 -0.014097 0.000000 -0.020932 0.775373 -0.631156 3.435600 0.001138 0.631313 0.775528 -0.000000 0.000000 0.000000 0.000000 1.000000
0.999780 0.015515 -0.014098 0.000000 -0.020933 0.775373 -0.631157 3.435600 0.001138 0.631313 0.775527 -0.000000 0.000000 0.000000 0.000000 1.000000
0.999780 0.015515 -0.014097 0.000000 -0.020932 0.775373 -0.631156 3.435600 0.001138 0.631313 0.775527 -0.000000 0.000000 0.000000 0.000000 1.000000
0.999780 0.015515 -0.014097 0.000000 -0.020932 0.775373 -0.631157 3.435600 0.001138 0.631313 0.775527 0.000000 0.000000 0.000000 0.000000 1.000000
0.999780 0.015515 -0.014098 0.000000 -0.020933 0.775373 -0.631157 3.435600 0.001138 0.631313 0.775527 0.000000 0.000000 0.000000 0.000000 1.000000
0.999780 0.015516 -0.014097 0.000000 -0.020932 0.775373 -0.631157 3.435600 0.001138 0.631313 0.775527 0.000000 0.000000 0.000000 0.000000 1.000000
0.999780 0.015516 -0.014097 0.000000 -0.020932 0.775373 -0.631157 3.435600 0.001138 0.631313 0.775527 0.000000 0.000000 0.000000 0.000000 1.000000
0.999780 0.015515 -0.014097 -0.000000 -0.020932 0.775373 -0.631157 3.435600 0.001138 0.631313 0.775527 0.000000 0.000000 0.000000 0.000000 1.000000
0.999780 0.015516 -0.014097 0.000000 -0.020933 0.775373 -0.631157 3.435600 0.001138 0.631313 0.775527 0.000000 0.000000 0.000000 0.000000 1.000000
0.999780 0.015516 -0.014097 0.000000 -0.020932 0.775373 -0.631156 3.435600 0.001138 0.631313 0.775528 0.000000 0.000000 0.000000 0.000000 1.000000
0.999780 0.015515 -0.014097 0.000000 -0.020932 0.775373 -0.631156 3.435600 0.001138 0.631313 0.775528 0.000000 0.000000 0.000000 0.000000 1.000000
0.999780 0.015516 -0.014097 0.000000 -0.020933 0.775373 -0.631157 3.435600 0.001138 0.631313 0.775527 -0.000000 0.000000 0.000000 0.000000 1.000000
0.999780 0.015516 -0.014097 -0.000000 -0.020933 0.775373 -0.631157 3.435600 0.001138 0.631313 0.775527 -0.000000 0.000000 0.000000 0.000000 1.000000
0.999780 0.015516 -0.014097 0.000000 -0.020933 0.775373 -0.631157 3.435600 0.001138 0.631313 0.775527 0.000000 0.000000 0.000000 0.000000 1.000000
0.999780 0.015516 -0.014097 -0.000000 -0.020933 0.775373 -0.631157 3.435600 0.001138 0.631313 0.775527 0.000000 0.000000 0.000000 0.000000 1.000000
0.999780 0.015515 -0.014097 0.000000 -0.020932 0.775373 -0.631157 3.435600 0.001138 0.631313 0.775527 0.000000 0.000000 0.000000 0.000000 1.000000
0.999780 0.015515 -0.014097 0.000000 -0.020932 0.775373 -0.631157 3.435600 0.001138 0.631313 0.775527 0.000000 0.000000 0.000000 0.000000 1.000000
0.999780 0.015515 -0.014097 0.000000 -0.020932 0.775373 -0.631157 3.435600 0.001138 0.631313 0.775527 0.000000 0.000000 0.000000 0.000000 1.000000
0.999780 0.015515 -0.014097 0.000000 -0.020932 0.775373 -0.631157 3.435600 0.001138 0.631313 0.775527 0.000000 0.000000 0.000000 0.000000 1.000000
0.999780 0.015515 -0.014097 0.000000 -0.020932 0.775373 -0.631157 3.435600 0.001138 0.631313 0.775527 0.000000 0.000000 0.000000 0.000000 1.000000
0.999780 0.015516 -0.014097 0.000000 -0.020933 0.775373 -0.631157 3.435600 0.001138 0.631313 0.775527 0.000000 0.000000 0.000000 0.000000 1.000000
0.999780 0.015516 -0.014097 -0.000000 -0.020932 0.775373 -0.631157 3.435600 0.001138 0.631313 0.775527 0.000000 0.000000 0.000000 0.000000 1.000000
0.999780 0.015515 -0.014097 -0.000000 -0.020932 0.775373 -0.631157 3.435600 0.001138 0.631313 0.775527 0.000000 0.000000 0.000000 0.000000 1.000000</float_array>
        <technique_common>
          <accessor source="#mixamorig_LeftHandRing3-Matrix-animation-output-transform-array" count="46" stride="16">
            <param type="float4x4"/>
          </accessor>
        </technique_common>
      </source>
      <source id="mixamorig_LeftHandRing3-Interpolations">
        <Name_array id="mixamorig_LeftHandRing3-Interpolations-array" count="46">
 LINEAR LINEAR LINEAR LINEAR LINEAR LINEAR LINEAR LINEAR LINEAR LINEAR LINEAR
LINEAR LINEAR LINEAR LINEAR LINEAR LINEAR LINEAR LINEAR LINEAR LINEAR LINEAR LINEAR
LINEAR LINEAR LINEAR LINEAR LINEAR LINEAR LINEAR LINEAR LINEAR LINEAR LINEAR LINEAR
LINEAR LINEAR LINEAR LINEAR LINEAR LINEAR LINEAR LINEAR LINEAR LINEAR LINEAR</Name_array>
        <technique_common>
          <accessor source="#mixamorig_LeftHandRing3-Interpolations-array" count="46">
            <param type="name"/>
          </accessor>
        </technique_common>
      </source>
      <sampler id="mixamorig_LeftHandRing3-Matrix-animation-transform">
        <input semantic="INPUT" source="#mixamorig_LeftHandRing3-Matrix-animation-input"/>
        <input semantic="OUTPUT" source="#mixamorig_LeftHandRing3-Matrix-animation-output-transform"/>
        <input semantic="INTERPOLATION" source="#mixamorig_LeftHandRing3-Interpolations"/>
      </sampler>
      <channel source="#mixamorig_LeftHandRing3-Matrix-animation-transform" target="mixamorig_LeftHandRing3/matrix"/>
    </animation>
    <animation id="mixamorig_LeftHandPinky1-anim" name="mixamorig_LeftHandPinky1">
      <source id="mixamorig_LeftHandPinky1-Matrix-animation-input">
        <float_array id="mixamorig_LeftHandPinky1-Matrix-animation-input-array" count="46">

0.000000 0.033333 0.066667 0.100000 0.133333 0.166667 0.200000 0.233333 0.266667 0.300000 0.333333 0.366667 0.400000 0.433333 0.466667 0.500000
0.533333 0.566667 0.600000 0.633333 0.666667 0.700000 0.733333 0.766667 0.800000 0.833333 0.866667 0.900000 0.933333 0.966667 1.000000 1.033333
1.066667 1.100000 1.133333 1.166667 1.200000 1.233333 1.266667 1.300000 1.333333 1.366667 1.400000 1.433333 1.466667 1.500000</float_array>
        <technique_common>
          <accessor source="#mixamorig_LeftHandPinky1-Matrix-animation-input-array" count="46">
            <param name="TIME" type="float"/>
          </accessor>
        </technique_common>
      </source>
      <source id="mixamorig_LeftHandPinky1-Matrix-animation-output-transform">
        <float_array id="mixamorig_LeftHandPinky1-Matrix-animation-output-transform-array" count="736">

0.997630 -0.068770 -0.002150 6.518400 0.001739 0.056436 -0.998405 11.479300 0.068781 0.996035 0.056422 0.316100 0.000000 0.000000 0.000000 1.000000
0.997630 -0.068770 -0.002150 6.518400 0.001739 0.056436 -0.998405 11.479300 0.068781 0.996035 0.056422 0.316100 0.000000 0.000000 0.000000 1.000000
0.997630 -0.068770 -0.002150 6.518400 0.001738 0.056436 -0.998405 11.479300 0.068782 0.996035 0.056421 0.316100 0.000000 0.000000 0.000000 1.000000
0.997630 -0.068769 -0.002150 6.518400 0.001739 0.056436 -0.998405 11.479300 0.068781 0.996035 0.056422 0.316100 0.000000 0.000000 0.000000 1.000000
0.997630 -0.068770 -0.002150 6.518400 0.001738 0.056436 -0.998405 11.479300 0.068782 0.996035 0.056421 0.316100 0.000000 0.000000 0.000000 1.000000
0.997630 -0.068770 -0.002150 6.518400 0.001738 0.056436 -0.998405 11.479300 0.068782 0.996035 0.056421 0.316100 0.000000 0.000000 0.000000 1.000000
0.997630 -0.068769 -0.002150 6.518400 0.001738 0.056436 -0.998405 11.479300 0.068781 0.996035 0.056422 0.316100 0.000000 0.000000 0.000000 1.000000
0.997630 -0.068770 -0.002150 6.518400 0.001738 0.056436 -0.998405 11.479300 0.068782 0.996035 0.056422 0.316100 0.000000 0.000000 0.000000 1.000000
0.997630 -0.068770 -0.002150 6.518400 0.001738 0.056436 -0.998405 11.479300 0.068781 0.996035 0.056422 0.316100 0.000000 0.000000 0.000000 1.000000
0.997630 -0.068770 -0.002150 6.518400 0.001738 0.056436 -0.998405 11.479300 0.068782 0.996035 0.056422 0.316100 0.000000 0.000000 0.000000 1.000000
0.997630 -0.068770 -0.002150 6.518400 0.001738 0.056436 -0.998405 11.479300 0.068781 0.996035 0.056422 0.316100 0.000000 0.000000 0.000000 1.000000
0.997630 -0.068770 -0.002150 6.518400 0.001739 0.056436 -0.998405 11.479300 0.068782 0.996035 0.056422 0.316100 0.000000 0.000000 0.000000 1.000000
0.997630 -0.068770 -0.002151 6.518400 0.001738 0.056436 -0.998405 11.479300 0.068782 0.996035 0.056422 0.316100 0.000000 0.000000 0.000000 1.000000
0.997630 -0.068770 -0.002150 6.518400 0.001739 0.056436 -0.998405 11.479300 0.068781 0.996035 0.056422 0.316100 0.000000 0.000000 0.000000 1.000000
0.997630 -0.068770 -0.002151 6.518400 0.001738 0.056436 -0.998405 11.479300 0.068781 0.996035 0.056422 0.316100 0.000000 0.000000 0.000000 1.000000
0.997630 -0.068770 -0.002150 6.518400 0.001738 0.056436 -0.998405 11.479300 0.068781 0.996035 0.056422 0.316100 0.000000 0.000000 0.000000 1.000000
0.997630 -0.068770 -0.002150 6.518400 0.001739 0.056436 -0.998405 11.479300 0.068782 0.996035 0.056421 0.316100 0.000000 0.000000 0.000000 1.000000
0.997630 -0.068770 -0.002150 6.518400 0.001738 0.056436 -0.998405 11.479300 0.068782 0.996035 0.056422 0.316100 0.000000 0.000000 0.000000 1.000000
0.997630 -0.068770 -0.002150 6.518400 0.001738 0.056436 -0.998405 11.479300 0.068782 0.996035 0.056421 0.316100 0.000000 0.000000 0.000000 1.000000
0.997630 -0.068770 -0.002150 6.518400 0.001738 0.056436 -0.998405 11.479300 0.068781 0.996035 0.056422 0.316100 0.000000 0.000000 0.000000 1.000000
0.997630 -0.068770 -0.002151 6.518400 0.001738 0.056436 -0.998405 11.479300 0.068781 0.996035 0.056422 0.316100 0.000000 0.000000 0.000000 1.000000
0.997630 -0.068770 -0.002150 6.518400 0.001738 0.056435 -0.998405 11.479300 0.068782 0.996035 0.056421 0.316100 0.000000 0.000000 0.000000 1.000000
0.997630 -0.068770 -0.002150 6.518400 0.001738 0.056435 -0.998405 11.479300 0.068782 0.996035 0.056421 0.316100 0.000000 0.000000 0.000000 1.000000
0.997630 -0.068770 -0.002150 6.518400 0.001738 0.056436 -0.998405 11.479300 0.068782 0.996035 0.056421 0.316100 0.000000 0.000000 0.000000 1.000000
0.997630 -0.068770 -0.002150 6.518400 0.001738 0.056436 -0.998405 11.479300 0.068781 0.996035 0.056422 0.316100 0.000000 0.000000 0.000000 1.000000
0.997630 -0.068770 -0.002150 6.518400 0.001738 0.056436 -0.998405 11.479300 0.068782 0.996035 0.056421 0.316100 0.000000 0.000000 0.000000 1.000000
0.997630 -0.068770 -0.002150 6.518400 0.001738 0.056436 -0.998405 11.479300 0.068781 0.996035 0.056422 0.316100 0.000000 0.000000 0.000000 1.000000
0.997630 -0.068770 -0.002150 6.518400 0.001738 0.056436 -0.998405 11.479300 0.068782 0.996035 0.056422 0.316100 0.000000 0.000000 0.000000 1.000000
0.997630 -0.068770 -0.002150 6.518400 0.001738 0.056436 -0.998405 11.479300 0.068781 0.996035 0.056422 0.316100 0.000000 0.000000 0.000000 1.000000
0.997630 -0.068770 -0.002150 6.518400 0.001739 0.056436 -0.998405 11.479300 0.068782 0.996035 0.056421 0.316100 0.000000 0.000000 0.000000 1.000000
0.997630 -0.068770 -0.002151 6.518400 0.001738 0.056436 -0.998405 11.479300 0.068781 0.996035 0.056422 0.316100 0.000000 0.000000 0.000000 1.000000
0.997630 -0.068770 -0.002150 6.518400 0.001738 0.056436 -0.998405 11.479300 0.068782 0.996035 0.056422 0.316100 0.000000 0.000000 0.000000 1.000000
0.997630 -0.068770 -0.002150 6.518400 0.001739 0.056436 -0.998405 11.479300 0.068781 0.996035 0.056422 0.316100 0.000000 0.000000 0.000000 1.000000
0.997630 -0.068770 -0.002150 6.518400 0.001739 0.056436 -0.998405 11.479300 0.068782 0.996035 0.056421 0.316100 0.000000 0.000000 0.000000 1.000000
0.997630 -0.068770 -0.002150 6.518400 0.001738 0.056435 -0.998405 11.479300 0.068781 0.996035 0.056421 0.316100 0.000000 0.000000 0.000000 1.000000
0.997630 -0.068770 -0.002150 6.518400 0.001738 0.056436 -0.998405 11.479300 0.068781 0.996035 0.056421 0.316100 0.000000 0.000000 0.000000 1.000000
0.997630 -0.068770 -0.002150 6.518400 0.001738 0.056436 -0.998405 11.479300 0.068781 0.996035 0.056421 0.316100 0.000000 0.000000 0.000000 1.000000
0.997630 -0.068770 -0.002150 6.518400 0.001738 0.056435 -0.998405 11.479300 0.068781 0.996035 0.056421 0.316100 0.000000 0.000000 0.000000 1.000000
0.997630 -0.068770 -0.002150 6.518400 0.001738 0.056436 -0.998405 11.479300 0.068782 0.996035 0.056422 0.316100 0.000000 0.000000 0.000000 1.000000
0.997630 -0.068770 -0.002150 6.518400 0.001739 0.056436 -0.998405 11.479300 0.068781 0.996035 0.056422 0.316100 0.000000 0.000000 0.000000 1.000000
0.997630 -0.068770 -0.002150 6.518400 0.001739 0.056435 -0.998405 11.479300 0.068781 0.996035 0.056421 0.316100 0.000000 0.000000 0.000000 1.000000
0.997630 -0.068770 -0.002150 6.518400 0.001738 0.056435 -0.998405 11.479300 0.068782 0.996035 0.056421 0.316100 0.000000 0.000000 0.000000 1.000000
0.997630 -0.068770 -0.002150 6.518400 0.001738 0.056436 -0.998405 11.479300 0.068781 0.996035 0.056422 0.316100 0.000000 0.000000 0.000000 1.000000
0.997630 -0.068770 -0.002150 6.518400 0.001738 0.056436 -0.998405 11.479300 0.068782 0.996035 0.056422 0.316100 0.000000 0.000000 0.000000 1.000000
0.997630 -0.068770 -0.002150 6.518400 0.001738 0.056436 -0.998405 11.479300 0.068782 0.996035 0.056422 0.316100 0.000000 0.000000 0.000000 1.000000
0.997630 -0.068770 -0.002150 6.518400 0.001738 0.056436 -0.998405 11.479300 0.068782 0.996035 0.056422 0.316100 0.000000 0.000000 0.000000 1.000000</float_array>
        <technique_common>
          <accessor source="#mixamorig_LeftHandPinky1-Matrix-animation-output-transform-array" count="46" stride="16">
            <param type="float4x4"/>
          </accessor>
        </technique_common>
      </source>
      <source id="mixamorig_LeftHandPinky1-Interpolations">
        <Name_array id="mixamorig_LeftHandPinky1-Interpolations-array" count="46">
 LINEAR LINEAR LINEAR LINEAR LINEAR LINEAR LINEAR LINEAR LINEAR LINEAR LINEAR
LINEAR LINEAR LINEAR LINEAR LINEAR LINEAR LINEAR LINEAR LINEAR LINEAR LINEAR LINEAR
LINEAR LINEAR LINEAR LINEAR LINEAR LINEAR LINEAR LINEAR LINEAR LINEAR LINEAR LINEAR
LINEAR LINEAR LINEAR LINEAR LINEAR LINEAR LINEAR LINEAR LINEAR LINEAR LINEAR</Name_array>
        <technique_common>
          <accessor source="#mixamorig_LeftHandPinky1-Interpolations-array" count="46">
            <param type="name"/>
          </accessor>
        </technique_common>
      </source>
      <sampler id="mixamorig_LeftHandPinky1-Matrix-animation-transform">
        <input semantic="INPUT" source="#mixamorig_LeftHandPinky1-Matrix-animation-input"/>
        <input semantic="OUTPUT" source="#mixamorig_LeftHandPinky1-Matrix-animation-output-transform"/>
        <input semantic="INTERPOLATION" source="#mixamorig_LeftHandPinky1-Interpolations"/>
      </sampler>
      <channel source="#mixamorig_LeftHandPinky1-Matrix-animation-transform" target="mixamorig_LeftHandPinky1/matrix"/>
    </animation>
    <animation id="mixamorig_LeftHandPinky2-anim" name="mixamorig_LeftHandPinky2">
      <source id="mixamorig_LeftHandPinky2-Matrix-animation-input">
        <float_array id="mixamorig_LeftHandPinky2-Matrix-animation-input-array" count="46">

0.000000 0.033333 0.066667 0.100000 0.133333 0.166667 0.200000 0.233333 0.266667 0.300000 0.333333 0.366667 0.400000 0.433333 0.466667 0.500000
0.533333 0.566667 0.600000 0.633333 0.666667 0.700000 0.733333 0.766667 0.800000 0.833333 0.866667 0.900000 0.933333 0.966667 1.000000 1.033333
1.066667 1.100000 1.133333 1.166667 1.200000 1.233333 1.266667 1.300000 1.333333 1.366667 1.400000 1.433333 1.466667 1.500000</float_array>
        <technique_common>
          <accessor source="#mixamorig_LeftHandPinky2-Matrix-animation-input-array" count="46">
            <param name="TIME" type="float"/>
          </accessor>
        </technique_common>
      </source>
      <source id="mixamorig_LeftHandPinky2-Matrix-animation-output-transform">
        <float_array id="mixamorig_LeftHandPinky2-Matrix-animation-output-transform-array" count="736">

0.999999 -0.001027 0.000547 0.000000 0.001042 0.581907 -0.813255 2.474700 0.000517 0.813255 0.581908 0.000000 0.000000 0.000000 0.000000 1.000000
0.999999 -0.001027 0.000548 0.000000 0.001043 0.581907 -0.813254 2.474700 0.000516 0.813255 0.581908 0.000000 0.000000 0.000000 0.000000 1.000000
0.999999 -0.001027 0.000548 0.000000 0.001043 0.581907 -0.813254 2.474700 0.000516 0.813255 0.581908 -0.000000 0.000000 0.000000 0.000000 1.000000
0.999999 -0.001027 0.000548 0.000000 0.001043 0.581907 -0.813255 2.474700 0.000516 0.813255 0.581908 -0.000000 0.000000 0.000000 0.000000 1.000000
0.999999 -0.001027 0.000548 -0.000000 0.001043 0.581907 -0.813254 2.474700 0.000516 0.813254 0.581908 -0.000000 0.000000 0.000000 0.000000 1.000000
0.999999 -0.001027 0.000548 -0.000000 0.001043 0.581907 -0.813255 2.474700 0.000516 0.813255 0.581908 -0.000000 0.000000 0.000000 0.000000 1.000000
0.999999 -0.001027 0.000548 -0.000000 0.001044 0.581907 -0.813255 2.474700 0.000517 0.813255 0.581908 0.000000 0.000000 0.000000 0.000000 1.000000
0.999999 -0.001027 0.000548 -0.000000 0.001043 0.581907 -0.813254 2.474700 0.000516 0.813255 0.581908 -0.000000 0.000000 0.000000 0.000000 1.000000
0.999999 -0.001027 0.000548 0.000000 0.001043 0.581907 -0.813255 2.474700 0.000517 0.813255 0.581908 0.000000 0.000000 0.000000 0.000000 1.000000
0.999999 -0.001027 0.000548 0.000000 0.001043 0.581907 -0.813255 2.474700 0.000516 0.813255 0.581908 0.000000 0.000000 0.000000 0.000000 1.000000
0.999999 -0.001027 0.000547 0.000000 0.001042 0.581907 -0.813254 2.474700 0.000516 0.813254 0.581908 0.000000 0.000000 0.000000 0.000000 1.000000
0.999999 -0.001027 0.000548 -0.000000 0.001043 0.581908 -0.813254 2.474700 0.000516 0.813254 0.581908 0.000000 0.000000 0.000000 0.000000 1.000000
0.999999 -0.001027 0.000548 0.000000 0.001043 0.581907 -0.813255 2.474700 0.000516 0.813255 0.581908 0.000000 0.000000 0.000000 0.000000 1.000000
0.999999 -0.001027 0.000548 0.000000 0.001043 0.581907 -0.813255 2.474700 0.000517 0.813255 0.581908 0.000000 0.000000 0.000000 0.000000 1.000000
0.999999 -0.001027 0.000548 0.000000 0.001043 0.581907 -0.813254 2.474700 0.000516 0.813254 0.581908 0.000000 0.000000 0.000000 0.000000 1.000000
0.999999 -0.001027 0.000548 0.000000 0.001043 0.581907 -0.813254 2.474700 0.000516 0.813254 0.581908 -0.000000 0.000000 0.000000 0.000000 1.000000
0.999999 -0.001027 0.000548 0.000000 0.001043 0.581907 -0.813255 2.474700 0.000516 0.813255 0.581908 -0.000000 0.000000 0.000000 0.000000 1.000000
0.999999 -0.001027 0.000548 0.000000 0.001043 0.581907 -0.813255 2.474700 0.000516 0.813255 0.581908 -0.000000 0.000000 0.000000 0.000000 1.000000
0.999999 -0.001027 0.000548 0.000000 0.001043 0.581908 -0.813254 2.474700 0.000516 0.813254 0.581908 0.000000 0.000000 0.000000 0.000000 1.000000
0.999999 -0.001027 0.000548 0.000000 0.001043 0.581907 -0.813254 2.474700 0.000516 0.813254 0.581908 0.000000 0.000000 0.000000 0.000000 1.000000
0.999999 -0.001027 0.000548 0.000000 0.001043 0.581907 -0.813255 2.474700 0.000516 0.813255 0.581908 0.000000 0.000000 0.000000 0.000000 1.000000
0.999999 -0.001027 0.000548 0.000000 0.001043 0.581907 -0.813254 2.474700 0.000516 0.813254 0.581908 0.000000 0.000000 0.000000 0.000000 1.000000
0.999999 -0.001026 0.000547 -0.000000 0.001042 0.581907 -0.813255 2.474700 0.000516 0.813255 0.581908 0.000000 0.000000 0.000000 0.000000 1.000000
0.999999 -0.001027 0.000548 0.000000 0.001043 0.581907 -0.813255 2.474700 0.000516 0.813255 0.581908 0.000000 0.000000 0.000000 0.000000 1.000000
0.999999 -0.001027 0.000548 -0.000000 0.001043 0.581907 -0.813255 2.474700 0.000516 0.813255 0.581908 0.000000 0.000000 0.000000 0.000000 1.000000
0.999999 -0.001027 0.000548 0.000000 0.001043 0.581908 -0.813254 2.474700 0.000516 0.813254 0.581908 0.000000 0.000000 0.000000 0.000000 1.000000
0.999999 -0.001027 0.000548 0.000000 0.001043 0.581907 -0.813255 2.474700 0.000517 0.813255 0.581908 -0.000000 0.000000 0.000000 0.000000 1.000000
0.999999 -0.001027 0.000548 0.000000 0.001043 0.581907 -0.813255 2.474700 0.000516 0.813255 0.581908 0.000000 0.000000 0.000000 0.000000 1.000000
0.999999 -0.001027 0.000548 0.000000 0.001043 0.581908 -0.813254 2.474700 0.000517 0.813254 0.581908 0.000000 0.000000 0.000000 0.000000 1.000000
0.999999 -0.001027 0.000548 0.000000 0.001043 0.581907 -0.813254 2.474700 0.000516 0.813255 0.581908 0.000000 0.000000 0.000000 0.000000 1.000000
0.999999 -0.001027 0.000548 0.000000 0.001043 0.581907 -0.813254 2.474700 0.000516 0.813254 0.581908 -0.000000 0.000000 0.000000 0.000000 1.000000
0.999999 -0.001027 0.000548 0.000000 0.001043 0.581908 -0.813254 2.474700 0.000516 0.813254 0.581908 0.000000 0.000000 0.000000 0.000000 1.000000
0.999999 -0.001027 0.000548 0.000000 0.001043 0.581907 -0.813254 2.474700 0.000516 0.813254 0.581908 0.000000 0.000000 0.000000 0.000000 1.000000
0.999999 -0.001027 0.000548 0.000000 0.001043 0.581907 -0.813255 2.474700 0.000516 0.813255 0.581908 0.000000 0.000000 0.000000 0.000000 1.000000
0.999999 -0.001027 0.000548 0.000000 0.001043 0.581907 -0.813255 2.474700 0.000516 0.813255 0.581908 0.000000 0.000000 0.000000 0.000000 1.000000
0.999999 -0.001027 0.000548 0.000000 0.001043 0.581907 -0.813255 2.474700 0.000516 0.813255 0.581908 0.000000 0.000000 0.000000 0.000000 1.000000
0.999999 -0.001027 0.000548 0.000000 0.001043 0.581907 -0.813255 2.474700 0.000517 0.813255 0.581908 0.000000 0.000000 0.000000 0.000000 1.000000
0.999999 -0.001027 0.000548 -0.000000 0.001043 0.581907 -0.813255 2.474700 0.000517 0.813255 0.581908 0.000000 0.000000 0.000000 0.000000 1.000000
0.999999 -0.001026 0.000548 0.000000 0.001043 0.581907 -0.813254 2.474700 0.000516 0.813254 0.581908 0.000000 0.000000 0.000000 0.000000 1.000000
0.999999 -0.001027 0.000548 0.000000 0.001043 0.581907 -0.813255 2.474700 0.000516 0.813255 0.581908 0.000000 0.000000 0.000000 0.000000 1.000000
0.999999 -0.001027 0.000548 0.000000 0.001043 0.581907 -0.813255 2.474700 0.000516 0.813255 0.581908 0.000000 0.000000 0.000000 0.000000 1.000000
0.999999 -0.001027 0.000548 0.000000 0.001043 0.581907 -0.813254 2.474700 0.000516 0.813254 0.581908 -0.000000 0.000000 0.000000 0.000000 1.000000
0.999999 -0.001027 0.000548 -0.000000 0.001043 0.581907 -0.813254 2.474700 0.000517 0.813255 0.581908 0.000000 0.000000 0.000000 0.000000 1.000000
0.999999 -0.001027 0.000547 -0.000000 0.001043 0.581907 -0.813255 2.474700 0.000517 0.813255 0.581908 -0.000000 0.000000 0.000000 0.000000 1.000000
0.999999 -0.001027 0.000548 0.000000 0.001043 0.581907 -0.813255 2.474700 0.000517 0.813255 0.581908 0.000000 0.000000 0.000000 0.000000 1.000000
0.999999 -0.001027 0.000548 0.000000 0.001043 0.581907 -0.813254 2.474700 0.000517 0.813254 0.581908 -0.000000 0.000000 0.000000 0.000000 1.000000</float_array>
        <technique_common>
          <accessor source="#mixamorig_LeftHandPinky2-Matrix-animation-output-transform-array" count="46" stride="16">
            <param type="float4x4"/>
          </accessor>
        </technique_common>
      </source>
      <source id="mixamorig_LeftHandPinky2-Interpolations">
        <Name_array id="mixamorig_LeftHandPinky2-Interpolations-array" count="46">
 LINEAR LINEAR LINEAR LINEAR LINEAR LINEAR LINEAR LINEAR LINEAR LINEAR LINEAR
LINEAR LINEAR LINEAR LINEAR LINEAR LINEAR LINEAR LINEAR LINEAR LINEAR LINEAR LINEAR
LINEAR LINEAR LINEAR LINEAR LINEAR LINEAR LINEAR LINEAR LINEAR LINEAR LINEAR LINEAR
LINEAR LINEAR LINEAR LINEAR LINEAR LINEAR LINEAR LINEAR LINEAR LINEAR LINEAR</Name_array>
        <technique_common>
          <accessor source="#mixamorig_LeftHandPinky2-Interpolations-array" count="46">
            <param type="name"/>
          </accessor>
        </technique_common>
      </source>
      <sampler id="mixamorig_LeftHandPinky2-Matrix-animation-transform">
        <input semantic="INPUT" source="#mixamorig_LeftHandPinky2-Matrix-animation-input"/>
        <input semantic="OUTPUT" source="#mixamorig_LeftHandPinky2-Matrix-animation-output-transform"/>
        <input semantic="INTERPOLATION" source="#mixamorig_LeftHandPinky2-Interpolations"/>
      </sampler>
      <channel source="#mixamorig_LeftHandPinky2-Matrix-animation-transform" target="mixamorig_LeftHandPinky2/matrix"/>
    </animation>
    <animation id="mixamorig_LeftHandPinky3-anim" name="mixamorig_LeftHandPinky3">
      <source id="mixamorig_LeftHandPinky3-Matrix-animation-input">
        <float_array id="mixamorig_LeftHandPinky3-Matrix-animation-input-array" count="46">

0.000000 0.033333 0.066667 0.100000 0.133333 0.166667 0.200000 0.233333 0.266667 0.300000 0.333333 0.366667 0.400000 0.433333 0.466667 0.500000
0.533333 0.566667 0.600000 0.633333 0.666667 0.700000 0.733333 0.766667 0.800000 0.833333 0.866667 0.900000 0.933333 0.966667 1.000000 1.033333
1.066667 1.100000 1.133333 1.166667 1.200000 1.233333 1.266667 1.300000 1.333333 1.366667 1.400000 1.433333 1.466667 1.500000</float_array>
        <technique_common>
          <accessor source="#mixamorig_LeftHandPinky3-Matrix-animation-input-array" count="46">
            <param name="TIME" type="float"/>
          </accessor>
        </technique_common>
      </source>
      <source id="mixamorig_LeftHandPinky3-Matrix-animation-output-transform">
        <float_array id="mixamorig_LeftHandPinky3-Matrix-animation-output-transform-array" count="736">

1.000000 -0.000533 0.000113 0.000000 0.000529 0.900092 -0.435699 2.073800 0.000130 0.435699 0.900092 0.000000 0.000000 0.000000 0.000000 1.000000
1.000000 -0.000533 0.000113 0.000000 0.000529 0.900092 -0.435699 2.073800 0.000131 0.435699 0.900092 -0.000000 0.000000 0.000000 0.000000 1.000000
1.000000 -0.000533 0.000114 -0.000000 0.000530 0.900092 -0.435699 2.073800 0.000130 0.435699 0.900092 0.000000 0.000000 0.000000 0.000000 1.000000
1.000000 -0.000533 0.000113 0.000000 0.000529 0.900092 -0.435699 2.073800 0.000131 0.435699 0.900092 0.000000 0.000000 0.000000 0.000000 1.000000
1.000000 -0.000533 0.000113 -0.000000 0.000529 0.900092 -0.435699 2.073800 0.000130 0.435699 0.900092 0.000000 0.000000 0.000000 0.000000 1.000000
1.000000 -0.000533 0.000113 0.000000 0.000529 0.900092 -0.435699 2.073800 0.000131 0.435699 0.900092 0.000000 0.000000 0.000000 0.000000 1.000000
1.000000 -0.000533 0.000113 0.000000 0.000529 0.900092 -0.435699 2.073800 0.000131 0.435699 0.900092 0.000000 0.000000 0.000000 0.000000 1.000000
1.000000 -0.000533 0.000113 -0.000000 0.000529 0.900092 -0.435699 2.073800 0.000131 0.435699 0.900092 0.000000 0.000000 0.000000 0.000000 1.000000
1.000000 -0.000533 0.000113 0.000000 0.000529 0.900092 -0.435699 2.073800 0.000131 0.435699 0.900092 -0.000000 0.000000 0.000000 0.000000 1.000000
1.000000 -0.000533 0.000113 0.000000 0.000529 0.900092 -0.435699 2.073800 0.000131 0.435699 0.900092 0.000000 0.000000 0.000000 0.000000 1.000000
1.000000 -0.000533 0.000113 0.000000 0.000529 0.900092 -0.435699 2.073800 0.000130 0.435699 0.900092 0.000000 0.000000 0.000000 0.000000 1.000000
1.000000 -0.000533 0.000113 0.000000 0.000529 0.900092 -0.435699 2.073800 0.000131 0.435699 0.900092 -0.000000 0.000000 0.000000 0.000000 1.000000
1.000000 -0.000533 0.000113 0.000000 0.000529 0.900092 -0.435699 2.073800 0.000131 0.435699 0.900092 0.000000 0.000000 0.000000 0.000000 1.000000
1.000000 -0.000533 0.000113 0.000000 0.000529 0.900092 -0.435699 2.073800 0.000131 0.435699 0.900092 0.000000 0.000000 0.000000 0.000000 1.000000
1.000000 -0.000533 0.000112 0.000000 0.000529 0.900092 -0.435699 2.073800 0.000131 0.435699 0.900092 -0.000000 0.000000 0.000000 0.000000 1.000000
1.000000 -0.000533 0.000113 0.000000 0.000529 0.900092 -0.435699 2.073800 0.000131 0.435699 0.900092 0.000000 0.000000 0.000000 0.000000 1.000000
1.000000 -0.000533 0.000113 0.000000 0.000529 0.900092 -0.435699 2.073800 0.000131 0.435699 0.900092 -0.000000 0.000000 0.000000 0.000000 1.000000
1.000000 -0.000533 0.000113 0.000000 0.000529 0.900092 -0.435699 2.073800 0.000131 0.435699 0.900092 0.000000 0.000000 0.000000 0.000000 1.000000
1.000000 -0.000533 0.000113 0.000000 0.000529 0.900092 -0.435699 2.073800 0.000131 0.435699 0.900092 0.000000 0.000000 0.000000 0.000000 1.000000
1.000000 -0.000533 0.000113 0.000000 0.000529 0.900092 -0.435699 2.073800 0.000130 0.435699 0.900092 0.000000 0.000000 0.000000 0.000000 1.000000
1.000000 -0.000533 0.000113 -0.000000 0.000529 0.900092 -0.435699 2.073800 0.000131 0.435699 0.900092 0.000000 0.000000 0.000000 0.000000 1.000000
1.000000 -0.000533 0.000113 0.000000 0.000529 0.900092 -0.435699 2.073800 0.000131 0.435699 0.900092 -0.000000 0.000000 0.000000 0.000000 1.000000
1.000000 -0.000533 0.000113 -0.000000 0.000529 0.900092 -0.435699 2.073800 0.000131 0.435699 0.900092 0.000000 0.000000 0.000000 0.000000 1.000000
1.000000 -0.000533 0.000113 -0.000000 0.000529 0.900092 -0.435699 2.073800 0.000131 0.435699 0.900092 0.000000 0.000000 0.000000 0.000000 1.000000
1.000000 -0.000533 0.000113 0.000000 0.000529 0.900092 -0.435699 2.073800 0.000131 0.435699 0.900092 0.000000 0.000000 0.000000 0.000000 1.000000
1.000000 -0.000533 0.000113 0.000000 0.000529 0.900092 -0.435699 2.073800 0.000131 0.435699 0.900092 0.000000 0.000000 0.000000 0.000000 1.000000
1.000000 -0.000533 0.000113 -0.000000 0.000529 0.900092 -0.435699 2.073800 0.000131 0.435699 0.900093 0.000000 0.000000 0.000000 0.000000 1.000000
1.000000 -0.000533 0.000113 0.000000 0.000529 0.900092 -0.435699 2.073800 0.000131 0.435699 0.900092 0.000000 0.000000 0.000000 0.000000 1.000000
1.000000 -0.000533 0.000113 0.000000 0.000529 0.900092 -0.435699 2.073800 0.000131 0.435699 0.900092 -0.000000 0.000000 0.000000 0.000000 1.000000
1.000000 -0.000533 0.000113 0.000000 0.000529 0.900092 -0.435700 2.073800 0.000131 0.435700 0.900092 0.000000 0.000000 0.000000 0.000000 1.000000
1.000000 -0.000533 0.000113 0.000000 0.000529 0.900092 -0.435699 2.073800 0.000130 0.435699 0.900092 0.000000 0.000000 0.000000 0.000000 1.000000
1.000000 -0.000533 0.000113 0.000000 0.000529 0.900092 -0.435699 2.073800 0.000131 0.435699 0.900093 0.000000 0.000000 0.000000 0.000000 1.000000
1.000000 -0.000533 0.000113 0.000000 0.000529 0.900092 -0.435699 2.073800 0.000131 0.435699 0.900092 0.000000 0.000000 0.000000 0.000000 1.000000
1.000000 -0.000534 0.000113 0.000000 0.000529 0.900092 -0.435699 2.073800 0.000131 0.435699 0.900092 -0.000000 0.000000 0.000000 0.000000 1.000000
1.000000 -0.000533 0.000113 0.000000 0.000529 0.900092 -0.435699 2.073800 0.000131 0.435699 0.900093 0.000000 0.000000 0.000000 0.000000 1.000000
1.000000 -0.000533 0.000113 -0.000000 0.000529 0.900092 -0.435699 2.073800 0.000131 0.435699 0.900092 0.000000 0.000000 0.000000 0.000000 1.000000
1.000000 -0.000533 0.000113 0.000000 0.000529 0.900092 -0.435699 2.073800 0.000131 0.435699 0.900092 0.000000 0.000000 0.000000 0.000000 1.000000
1.000000 -0.000533 0.000113 0.000000 0.000529 0.900092 -0.435699 2.073800 0.000131 0.435699 0.900092 -0.000000 0.000000 0.000000 0.000000 1.000000
1.000000 -0.000533 0.000113 0.000000 0.000529 0.900092 -0.435699 2.073800 0.000131 0.435699 0.900093 0.000000 0.000000 0.000000 0.000000 1.000000
1.000000 -0.000533 0.000113 0.000000 0.000529 0.900092 -0.435699 2.073800 0.000131 0.435699 0.900092 0.000000 0.000000 0.000000 0.000000 1.000000
1.000000 -0.000533 0.000113 0.000000 0.000529 0.900092 -0.435699 2.073800 0.000131 0.435699 0.900093 0.000000 0.000000 0.000000 0.000000 1.000000
1.000000 -0.000533 0.000113 -0.000000 0.000529 0.900092 -0.435699 2.073800 0.000131 0.435699 0.900092 0.000000 0.000000 0.000000 0.000000 1.000000
1.000000 -0.000533 0.000113 0.000000 0.000529 0.900092 -0.435700 2.073800 0.000131 0.435700 0.900092 0.000000 0.000000 0.000000 0.000000 1.000000
1.000000 -0.000534 0.000113 0.000000 0.000529 0.900092 -0.435699 2.073800 0.000131 0.435699 0.900092 -0.000000 0.000000 0.000000 0.000000 1.000000
1.000000 -0.000533 0.000113 0.000000 0.000529 0.900092 -0.435699 2.073800 0.000131 0.435699 0.900092 -0.000000 0.000000 0.000000 0.000000 1.000000
1.000000 -0.000533 0.000113 0.000000 0.000529 0.900092 -0.435699 2.073800 0.000130 0.435699 0.900092 -0.000000 0.000000 0.000000 0.000000 1.000000</float_array>
        <technique_common>
          <accessor source="#mixamorig_LeftHandPinky3-Matrix-animation-output-transform-array" count="46" stride="16">
            <param type="float4x4"/>
          </accessor>
        </technique_common>
      </source>
      <source id="mixamorig_LeftHandPinky3-Interpolations">
        <Name_array id="mixamorig_LeftHandPinky3-Interpolations-array" count="46">
 LINEAR LINEAR LINEAR LINEAR LINEAR LINEAR LINEAR LINEAR LINEAR LINEAR LINEAR
LINEAR LINEAR LINEAR LINEAR LINEAR LINEAR LINEAR LINEAR LINEAR LINEAR LINEAR LINEAR
LINEAR LINEAR LINEAR LINEAR LINEAR LINEAR LINEAR LINEAR LINEAR LINEAR LINEAR LINEAR
LINEAR LINEAR LINEAR LINEAR LINEAR LINEAR LINEAR LINEAR LINEAR LINEAR LINEAR</Name_array>
        <technique_common>
          <accessor source="#mixamorig_LeftHandPinky3-Interpolations-array" count="46">
            <param type="name"/>
          </accessor>
        </technique_common>
      </source>
      <sampler id="mixamorig_LeftHandPinky3-Matrix-animation-transform">
        <input semantic="INPUT" source="#mixamorig_LeftHandPinky3-Matrix-animation-input"/>
        <input semantic="OUTPUT" source="#mixamorig_LeftHandPinky3-Matrix-animation-output-transform"/>
        <input semantic="INTERPOLATION" source="#mixamorig_LeftHandPinky3-Interpolations"/>
      </sampler>
      <channel source="#mixamorig_LeftHandPinky3-Matrix-animation-transform" target="mixamorig_LeftHandPinky3/matrix"/>
    </animation>
    <animation id="mixamorig_RightShoulder-anim" name="mixamorig_RightShoulder">
      <source id="mixamorig_RightShoulder-Matrix-animation-input">
        <float_array id="mixamorig_RightShoulder-Matrix-animation-input-array" count="46">

0.000000 0.033333 0.066667 0.100000 0.133333 0.166667 0.200000 0.233333 0.266667 0.300000 0.333333 0.366667 0.400000 0.433333 0.466667 0.500000
0.533333 0.566667 0.600000 0.633333 0.666667 0.700000 0.733333 0.766667 0.800000 0.833333 0.866667 0.900000 0.933333 0.966667 1.000000 1.033333
1.066667 1.100000 1.133333 1.166667 1.200000 1.233333 1.266667 1.300000 1.333333 1.366667 1.400000 1.433333 1.466667 1.500000</float_array>
        <technique_common>
          <accessor source="#mixamorig_RightShoulder-Matrix-animation-input-array" count="46">
            <param name="TIME" type="float"/>
          </accessor>
        </technique_common>
      </source>
      <source id="mixamorig_RightShoulder-Matrix-animation-output-transform">
        <float_array id="mixamorig_RightShoulder-Matrix-animation-output-transform-array" count="736">

0.154161 -0.847391 0.508097 -11.278600 0.030685 -0.509890 -0.859692 19.886000 0.987569 0.148122 -0.052603 -3.966000 0.000000 0.000000 0.000000 1.000000
0.143415 -0.854778 0.498785 -11.278600 0.018377 -0.501608 -0.864900 19.886000 0.989492 0.133206 -0.056230 -3.966000 0.000000 0.000000 0.000000 1.000000
0.129645 -0.862230 0.489644 -11.278600 0.005451 -0.493184 -0.869908 19.886000 0.991545 0.115449 -0.059239 -3.966000 0.000000 0.000000 0.000000 1.000000
0.116979 -0.869121 0.480567 -11.278600 -0.006797 -0.484579 -0.874721 19.886000 0.993111 0.099057 -0.062593 -3.966000 0.000000 0.000000 0.000000 1.000000
0.109622 -0.875099 0.471364 -11.278600 -0.017237 -0.475825 -0.879371 19.886000 0.993824 0.088274 -0.067245 -3.966000 0.000000 0.000000 0.000000 1.000000
0.111833 -0.879935 0.461745 -11.278600 -0.024907 -0.466996 -0.883909 19.886000 0.993415 0.087349 -0.074142 -3.966000 0.000000 0.000000 0.000000 1.000000
0.127761 -0.881250 0.455056 -11.278600 -0.028161 -0.461854 -0.886509 19.886000 0.991405 0.100446 -0.083824 -3.966000 0.000000 0.000000 0.000000 1.000000
0.146107 -0.880941 0.450106 -11.278600 -0.029763 -0.458697 -0.888094 19.886000 0.988821 0.116360 -0.093239 -3.966000 0.000000 0.000000 0.000000 1.000000
0.157429 -0.880351 0.447435 -11.278600 -0.030503 -0.457204 -0.888839 19.886000 0.987059 0.126281 -0.098831 -3.966000 0.000000 0.000000 0.000000 1.000000
0.164828 -0.879274 0.446888 -11.278600 -0.030134 -0.457363 -0.888770 19.886000 0.985862 0.133027 -0.101882 -3.966000 0.000000 0.000000 0.000000 1.000000
0.158409 -0.878833 0.450066 -11.278600 -0.028720 -0.459729 -0.887595 19.886000 0.986956 0.127677 -0.098066 -3.966000 0.000000 0.000000 0.000000 1.000000
0.110926 -0.879539 0.462717 -11.278600 -0.025254 -0.467935 -0.883402 19.886000 0.993508 0.086307 -0.074118 -3.966000 0.000000 0.000000 0.000000 1.000000
0.056004 -0.876290 0.478517 -11.278600 -0.022124 -0.480241 -0.876858 19.886000 0.998185 0.038521 -0.046283 -3.966000 0.000000 0.000000 0.000000 1.000000
0.032191 -0.877302 0.478858 -11.278600 -0.021511 -0.479604 -0.877221 19.886000 0.999250 0.017938 -0.034310 -3.966000 0.000000 0.000000 0.000000 1.000000
0.043300 -0.885443 0.462727 -11.278600 -0.022731 -0.463915 -0.885588 19.886000 0.998803 0.027828 -0.040215 -3.966000 0.000000 0.000000 0.000000 1.000000
0.056141 -0.887506 0.457364 -11.278600 -0.023873 -0.459149 -0.888038 19.886000 0.998137 0.038937 -0.046964 -3.966000 0.000000 0.000000 0.000000 1.000000
-0.063502 -0.830832 0.552888 -11.278600 -0.008150 -0.553556 -0.832772 19.886000 0.997948 -0.057389 0.028380 -3.966000 0.000000 0.000000 0.000000 1.000000
-0.213133 -0.731701 0.647447 -11.278600 -0.026313 -0.658134 -0.752441 19.886000 0.976669 -0.177407 0.121017 -3.966000 0.000000 0.000000 0.000000 1.000000
-0.265715 -0.668080 0.695028 -11.278600 -0.051876 -0.709992 -0.702297 19.886000 0.962655 -0.222666 0.153998 -3.966000 0.000000 0.000000 0.000000 1.000000
-0.249084 -0.639676 0.727168 -11.278600 -0.062769 -0.738591 -0.671225 19.886000 0.966446 -0.212835 0.143819 -3.966000 0.000000 0.000000 0.000000 1.000000
-0.198305 -0.630613 0.750335 -11.278600 -0.060945 -0.756124 -0.651585 19.886000 0.978244 -0.174941 0.111511 -3.966000 0.000000 0.000000 0.000000 1.000000
-0.137172 -0.630197 0.764222 -11.278600 -0.052342 -0.765826 -0.640914 19.886000 0.989163 -0.127916 0.072064 -3.966000 0.000000 0.000000 0.000000 1.000000
-0.090034 -0.629805 0.771518 -11.278600 -0.044344 -0.771360 -0.634852 19.886000 0.994951 -0.091370 0.041521 -3.966000 0.000000 0.000000 0.000000 1.000000
-0.087703 -0.629552 0.771993 -11.278600 -0.043398 -0.771828 -0.634348 19.886000 0.995201 -0.089137 0.040371 -3.966000 0.000000 0.000000 0.000000 1.000000
-0.104548 -0.637561 0.763273 -11.278600 -0.044203 -0.763741 -0.644007 19.886000 0.993537 -0.101069 0.051665 -3.966000 0.000000 0.000000 0.000000 1.000000
-0.118588 -0.647430 0.752842 -11.278600 -0.044269 -0.753991 -0.655392 19.886000 0.991956 -0.111049 0.060753 -3.966000 0.000000 0.000000 0.000000 1.000000
-0.121304 -0.657641 0.743501 -11.278600 -0.043329 -0.744810 -0.665869 19.886000 0.991669 -0.112988 0.061854 -3.966000 0.000000 0.000000 0.000000 1.000000
-0.109933 -0.674202 0.730320 -11.278600 -0.040594 -0.731115 -0.681046 19.886000 0.993110 -0.104515 0.053005 -3.966000 0.000000 0.000000 0.000000 1.000000
-0.085445 -0.699823 0.709187 -11.278600 -0.036331 -0.709129 -0.704142 19.886000 0.995680 -0.085931 0.035166 -3.966000 0.000000 0.000000 0.000000 1.000000
-0.037657 -0.745166 0.665815 -11.278600 -0.028832 -0.665200 -0.746109 19.886000 0.998875 -0.047293 0.003565 -3.966000 0.000000 0.000000 0.000000 1.000000
0.030092 -0.789316 0.613250 -11.278600 -0.023399 -0.613916 -0.789025 19.886000 0.999273 0.009394 -0.036943 -3.966000 0.000000 0.000000 0.000000 1.000000
0.079911 -0.853232 0.515373 -11.278600 -0.021533 -0.518383 -0.854877 19.886000 0.996569 0.057217 -0.059797 -3.966000 0.000000 0.000000 0.000000 1.000000
0.092789 -0.926475 0.364738 -11.278600 -0.021954 -0.368133 -0.929514 19.886000 0.995444 0.078241 -0.054499 -3.966000 0.000000 0.000000 0.000000 1.000000
0.079396 -0.946601 0.312479 -11.278600 -0.018818 -0.314836 -0.948960 19.886000 0.996666 0.069464 -0.042810 -3.966000 0.000000 0.000000 0.000000 1.000000
0.045361 -0.952258 0.301905 -11.278600 -0.015549 -0.302853 -0.952911 19.886000 0.998850 0.038531 -0.028545 -3.966000 0.000000 0.000000 0.000000 1.000000
0.023550 -0.954385 0.297648 -11.278600 -0.014667 -0.298029 -0.954444 19.886000 0.999615 0.018111 -0.021017 -3.966000 0.000000 0.000000 0.000000 1.000000
0.021926 -0.958941 0.282758 -11.278600 -0.014471 -0.283100 -0.958981 19.886000 0.999655 0.016935 -0.020084 -3.966000 0.000000 0.000000 0.000000 1.000000
0.026560 -0.962127 0.271304 -11.278600 -0.014445 -0.271741 -0.962262 19.886000 0.999543 0.021639 -0.021116 -3.966000 0.000000 0.000000 0.000000 1.000000
0.032315 -0.959046 0.281403 -11.278600 -0.014971 -0.281982 -0.959303 19.886000 0.999366 0.026787 -0.023470 -3.966000 0.000000 0.000000 0.000000 1.000000
0.041261 -0.953778 0.297666 -11.278600 -0.016243 -0.298520 -0.954265 19.886000 0.999016 0.034539 -0.027809 -3.966000 0.000000 0.000000 0.000000 1.000000
0.050007 -0.947289 0.316452 -11.278600 -0.018467 -0.317672 -0.948021 19.886000 0.998578 0.041563 -0.033380 -3.966000 0.000000 0.000000 0.000000 1.000000
0.056215 -0.935110 0.349870 -11.278600 -0.017904 -0.351312 -0.936087 19.886000 0.998258 0.046358 -0.036491 -3.966000 0.000000 0.000000 0.000000 1.000000
0.065463 -0.918356 0.390303 -11.278600 -0.014170 -0.391959 -0.919874 19.886000 0.997754 0.054687 -0.038672 -3.966000 0.000000 0.000000 0.000000 1.000000
0.087919 -0.897654 0.431842 -11.278600 -0.003087 -0.433764 -0.901021 19.886000 0.996123 0.077884 -0.040907 -3.966000 0.000000 0.000000 0.000000 1.000000
0.120584 -0.873151 0.472299 -11.278600 0.013370 -0.474299 -0.880262 19.886000 0.992613 0.112461 -0.045519 -3.966000 0.000000 0.000000 0.000000 1.000000
0.154161 -0.847392 0.508096 -11.278600 0.030685 -0.509889 -0.859693 19.886000 0.987569 0.148122 -0.052603 -3.966000 0.000000 0.000000 0.000000 1.000000</float_array>
        <technique_common>
          <accessor source="#mixamorig_RightShoulder-Matrix-animation-output-transform-array" count="46" stride="16">
            <param type="float4x4"/>
          </accessor>
        </technique_common>
      </source>
      <source id="mixamorig_RightShoulder-Interpolations">
        <Name_array id="mixamorig_RightShoulder-Interpolations-array" count="46">
 LINEAR LINEAR LINEAR LINEAR LINEAR LINEAR LINEAR LINEAR LINEAR LINEAR LINEAR
LINEAR LINEAR LINEAR LINEAR LINEAR LINEAR LINEAR LINEAR LINEAR LINEAR LINEAR LINEAR
LINEAR LINEAR LINEAR LINEAR LINEAR LINEAR LINEAR LINEAR LINEAR LINEAR LINEAR LINEAR
LINEAR LINEAR LINEAR LINEAR LINEAR LINEAR LINEAR LINEAR LINEAR LINEAR LINEAR</Name_array>
        <technique_common>
          <accessor source="#mixamorig_RightShoulder-Interpolations-array" count="46">
            <param type="name"/>
          </accessor>
        </technique_common>
      </source>
      <sampler id="mixamorig_RightShoulder-Matrix-animation-transform">
        <input semantic="INPUT" source="#mixamorig_RightShoulder-Matrix-animation-input"/>
        <input semantic="OUTPUT" source="#mixamorig_RightShoulder-Matrix-animation-output-transform"/>
        <input semantic="INTERPOLATION" source="#mixamorig_RightShoulder-Interpolations"/>
      </sampler>
      <channel source="#mixamorig_RightShoulder-Matrix-animation-transform" target="mixamorig_RightShoulder/matrix"/>
    </animation>
    <animation id="mixamorig_RightArm-anim" name="mixamorig_RightArm">
      <source id="mixamorig_RightArm-Matrix-animation-input">
        <float_array id="mixamorig_RightArm-Matrix-animation-input-array" count="46">

0.000000 0.033333 0.066667 0.100000 0.133333 0.166667 0.200000 0.233333 0.266667 0.300000 0.333333 0.366667 0.400000 0.433333 0.466667 0.500000
0.533333 0.566667 0.600000 0.633333 0.666667 0.700000 0.733333 0.766667 0.800000 0.833333 0.866667 0.900000 0.933333 0.966667 1.000000 1.033333
1.066667 1.100000 1.133333 1.166667 1.200000 1.233333 1.266667 1.300000 1.333333 1.366667 1.400000 1.433333 1.466667 1.500000</float_array>
        <technique_common>
          <accessor source="#mixamorig_RightArm-Matrix-animation-input-array" count="46">
            <param name="TIME" type="float"/>
          </accessor>
        </technique_common>
      </source>
      <source id="mixamorig_RightArm-Matrix-animation-output-transform">
        <float_array id="mixamorig_RightArm-Matrix-animation-output-transform-array" count="736">

0.956850 0.255186 -0.138991 0.000000 -0.286731 0.906774 -0.309105 12.686800 0.047155 0.335621 0.940816 -0.000000 0.000000 0.000000 0.000000 1.000000
0.946258 0.322829 -0.019399 0.000000 -0.314859 0.905875 -0.283293 12.686800 -0.073882 0.274176 0.958837 0.000000 0.000000 0.000000 0.000000 1.000000
0.919247 0.366381 0.144049 0.000000 -0.327500 0.914736 -0.236646 12.686800 -0.218469 0.170360 0.960858 -0.000000 0.000000 0.000000 0.000000 1.000000
0.870048 0.385526 0.307225 0.000000 -0.339340 0.920436 -0.194026 12.686800 -0.357583 0.064558 0.931647 0.000000 0.000000 0.000000 0.000000 1.000000
0.814286 0.376332 0.441943 0.000000 -0.344138 0.926113 -0.154542 12.686800 -0.467448 -0.026248 0.883631 -0.000000 0.000000 0.000000 0.000000 1.000000
0.780038 0.337826 0.526701 0.000000 -0.334640 0.936472 -0.105055 12.686800 -0.528731 -0.094308 0.843534 0.000000 0.000000 0.000000 0.000000 1.000000
0.824090 0.178258 0.537680 0.000000 -0.194672 0.980505 -0.026698 12.686800 -0.531957 -0.082670 0.842726 0.000000 0.000000 0.000000 0.000000 1.000000
0.857399 0.026380 0.513975 0.000000 -0.049831 0.998248 0.031891 12.686800 -0.512234 -0.052956 0.857212 0.000000 0.000000 0.000000 0.000000 1.000000
0.878148 -0.087512 0.470317 0.000000 0.061369 0.995610 0.070668 12.686800 -0.474437 -0.033194 0.879664 0.000000 0.000000 0.000000 0.000000 1.000000
0.887655 -0.196784 0.416348 -0.000000 0.176481 0.980439 0.087141 12.686800 -0.425352 -0.003874 0.905020 0.000000 0.000000 0.000000 0.000000 1.000000
0.885255 -0.297129 0.357824 0.000000 0.287932 0.954296 0.080084 12.686800 -0.365265 0.032134 0.930349 0.000000 0.000000 0.000000 0.000000 1.000000
0.877622 -0.385773 0.284531 0.000000 0.388722 0.920079 0.048468 12.686800 -0.280489 0.068067 0.957441 -0.000000 0.000000 0.000000 0.000000 1.000000
0.890818 -0.398077 0.219038 0.000000 0.409998 0.912032 -0.009929 12.686800 -0.195817 0.098650 0.975666 0.000000 0.000000 0.000000 0.000000 1.000000
0.923752 -0.337738 0.180598 0.000000 0.358975 0.927875 -0.100916 12.686800 -0.133489 0.158052 0.978366 0.000000 0.000000 0.000000 0.000000 1.000000
0.968286 -0.200098 0.149609 -0.000000 0.230880 0.945470 -0.229742 12.686800 -0.095480 0.256998 0.961684 0.000000 0.000000 0.000000 0.000000 1.000000
0.990579 -0.083790 0.108319 0.000000 0.112370 0.949427 -0.293191 12.686800 -0.078274 0.302601 0.949898 0.000000 0.000000 0.000000 0.000000 1.000000
0.996156 0.047854 0.073372 -0.000000 -0.025598 0.960059 -0.278623 12.686800 -0.083775 0.275674 0.957594 -0.000000 0.000000 0.000000 0.000000 1.000000
0.983994 0.171927 0.046866 -0.000000 -0.154552 0.954288 -0.255827 12.686800 -0.088707 0.244489 0.965586 -0.000000 0.000000 0.000000 0.000000 1.000000
0.978579 0.205726 0.007783 0.000000 -0.197391 0.948331 -0.248406 12.686800 -0.058485 0.241548 0.968625 0.000000 0.000000 0.000000 0.000000 1.000000
0.986235 0.157930 -0.048979 0.000000 -0.165183 0.954367 -0.248794 12.686800 0.007452 0.253459 0.967317 0.000000 0.000000 0.000000 0.000000 1.000000
0.991308 0.070134 -0.111313 0.000000 -0.097888 0.958474 -0.267852 12.686800 0.087906 0.276420 0.957008 -0.000000 0.000000 0.000000 0.000000 1.000000
0.986888 -0.032635 -0.158075 0.000000 -0.015835 0.955047 -0.296033 12.686800 0.160630 0.294654 0.942007 0.000000 0.000000 0.000000 0.000000 1.000000
0.976144 -0.118805 -0.181737 0.000000 0.057975 0.949247 -0.309143 12.686800 0.209241 0.291232 0.933489 0.000000 0.000000 0.000000 0.000000 1.000000
0.975446 -0.131770 -0.176470 0.000000 0.076860 0.954564 -0.287925 12.686800 0.206392 0.267292 0.941253 0.000000 0.000000 0.000000 0.000000 1.000000
0.981946 -0.104966 -0.157366 0.000000 0.060274 0.962173 -0.265687 12.686800 0.179301 0.251405 0.951129 -0.000000 0.000000 0.000000 0.000000 1.000000
0.990727 -0.078299 -0.111041 0.000000 0.045402 0.961058 -0.272592 12.686800 0.128060 0.265023 0.955700 0.000000 0.000000 0.000000 0.000000 1.000000
0.998245 -0.038876 -0.044679 0.000000 0.023819 0.954233 -0.298115 12.686800 0.054223 0.296528 0.953484 0.000000 0.000000 0.000000 0.000000 1.000000
0.998791 0.040579 -0.027759 -0.000000 -0.047364 0.945583 -0.321916 12.686800 0.013185 0.322841 0.946361 -0.000000 0.000000 0.000000 0.000000 1.000000
0.988362 0.142586 -0.053015 0.000000 -0.152120 0.924337 -0.349944 12.686800 -0.000894 0.353936 0.935269 0.000000 0.000000 0.000000 0.000000 1.000000
0.972505 0.221724 -0.071219 0.000000 -0.231436 0.886148 -0.401470 12.686800 -0.025905 0.406914 0.913099 0.000000 0.000000 0.000000 0.000000 1.000000
0.965570 0.254640 -0.053232 -0.000000 -0.252335 0.867003 -0.429690 12.686800 -0.063264 0.428328 0.901406 -0.000000 0.000000 0.000000 0.000000 1.000000
0.957487 0.286728 0.031713 0.000000 -0.242135 0.858563 -0.451930 12.686800 -0.156808 0.425038 0.891489 0.000000 0.000000 0.000000 0.000000 1.000000
0.932887 0.316846 0.171263 -0.000000 -0.193549 0.842028 -0.503516 12.686800 -0.303745 0.436576 0.846841 -0.000000 0.000000 0.000000 0.000000 1.000000
0.922489 0.241280 0.301328 0.000000 -0.090231 0.893746 -0.439405 12.686800 -0.375330 0.378157 0.846241 0.000000 0.000000 0.000000 0.000000 1.000000
0.916178 0.182613 0.356750 -0.000000 -0.047275 0.933186 -0.356270 12.686800 -0.397974 0.309542 0.863598 0.000000 0.000000 0.000000 0.000000 1.000000
0.914656 0.156113 0.372871 0.000000 -0.035132 0.949627 -0.311408 12.686800 -0.402703 0.271731 0.874066 0.000000 0.000000 0.000000 0.000000 1.000000
0.905241 0.141130 0.400775 -0.000000 -0.021732 0.957371 -0.288044 12.686800 -0.424342 0.252039 0.869718 0.000000 0.000000 0.000000 0.000000 1.000000
0.891004 0.131217 0.434620 -0.000000 -0.011283 0.963425 -0.267740 12.686800 -0.453856 0.233654 0.859896 0.000000 0.000000 0.000000 0.000000 1.000000
0.874630 0.127704 0.467669 0.000000 -0.008760 0.968687 -0.248132 12.686800 -0.484712 0.212927 0.848361 0.000000 0.000000 0.000000 0.000000 1.000000
0.860584 0.138485 0.490120 0.000000 -0.011116 0.967201 -0.253767 12.686800 -0.509187 0.212940 0.833897 0.000000 0.000000 0.000000 0.000000 1.000000
0.851774 0.173064 0.494500 0.000000 -0.016548 0.952281 -0.304774 12.686800 -0.523648 0.251416 0.813992 0.000000 0.000000 0.000000 0.000000 1.000000
0.874434 0.178085 0.451278 0.000000 -0.005312 0.933650 -0.358147 12.686800 -0.485116 0.310778 0.817361 0.000000 0.000000 0.000000 0.000000 1.000000
0.910986 0.161626 0.379449 -0.000000 0.001694 0.918542 -0.395321 12.686800 -0.412434 0.360775 0.836505 0.000000 0.000000 0.000000 0.000000 1.000000
0.965541 0.143197 0.217312 0.000000 -0.043192 0.911605 -0.408791 12.686800 -0.256640 0.385319 0.886378 0.000000 0.000000 0.000000 0.000000 1.000000
0.984604 0.174762 -0.003680 0.000000 -0.161703 0.902629 -0.398889 12.686800 -0.066389 0.393343 0.916992 0.000000 0.000000 0.000000 0.000000 1.000000
0.956850 0.255185 -0.138991 -0.000000 -0.286731 0.906774 -0.309106 12.686800 0.047154 0.335621 0.940816 0.000000 0.000000 0.000000 0.000000 1.000000</float_array>
        <technique_common>
          <accessor source="#mixamorig_RightArm-Matrix-animation-output-transform-array" count="46" stride="16">
            <param type="float4x4"/>
          </accessor>
        </technique_common>
      </source>
      <source id="mixamorig_RightArm-Interpolations">
        <Name_array id="mixamorig_RightArm-Interpolations-array" count="46">
 LINEAR LINEAR LINEAR LINEAR LINEAR LINEAR LINEAR LINEAR LINEAR LINEAR LINEAR
LINEAR LINEAR LINEAR LINEAR LINEAR LINEAR LINEAR LINEAR LINEAR LINEAR LINEAR LINEAR
LINEAR LINEAR LINEAR LINEAR LINEAR LINEAR LINEAR LINEAR LINEAR LINEAR LINEAR LINEAR
LINEAR LINEAR LINEAR LINEAR LINEAR LINEAR LINEAR LINEAR LINEAR LINEAR LINEAR</Name_array>
        <technique_common>
          <accessor source="#mixamorig_RightArm-Interpolations-array" count="46">
            <param type="name"/>
          </accessor>
        </technique_common>
      </source>
      <sampler id="mixamorig_RightArm-Matrix-animation-transform">
        <input semantic="INPUT" source="#mixamorig_RightArm-Matrix-animation-input"/>
        <input semantic="OUTPUT" source="#mixamorig_RightArm-Matrix-animation-output-transform"/>
        <input semantic="INTERPOLATION" source="#mixamorig_RightArm-Interpolations"/>
      </sampler>
      <channel source="#mixamorig_RightArm-Matrix-animation-transform" target="mixamorig_RightArm/matrix"/>
    </animation>
    <animation id="mixamorig_RightForeArm-anim" name="mixamorig_RightForeArm">
      <source id="mixamorig_RightForeArm-Matrix-animation-input">
        <float_array id="mixamorig_RightForeArm-Matrix-animation-input-array" count="46">

0.000000 0.033333 0.066667 0.100000 0.133333 0.166667 0.200000 0.233333 0.266667 0.300000 0.333333 0.366667 0.400000 0.433333 0.466667 0.500000
0.533333 0.566667 0.600000 0.633333 0.666667 0.700000 0.733333 0.766667 0.800000 0.833333 0.866667 0.900000 0.933333 0.966667 1.000000 1.033333
1.066667 1.100000 1.133333 1.166667 1.200000 1.233333 1.266667 1.300000 1.333333 1.366667 1.400000 1.433333 1.466667 1.500000</float_array>
        <technique_common>
          <accessor source="#mixamorig_RightForeArm-Matrix-animation-input-array" count="46">
            <param name="TIME" type="float"/>
          </accessor>
        </technique_common>
      </source>
      <source id="mixamorig_RightForeArm-Matrix-animation-output-transform">
        <float_array id="mixamorig_RightForeArm-Matrix-animation-output-transform-array" count="736">

-0.061236 0.998000 0.015695 -0.000000 -0.849639 -0.043868 -0.525537 30.736700 -0.523797 -0.045517 0.850626 0.000000 0.000000 0.000000 0.000000 1.000000
0.150464 0.980655 0.125205 -0.000000 -0.861707 0.192171 -0.469607 30.736700 -0.484583 -0.037231 0.873953 0.000000 0.000000 0.000000 0.000000 1.000000
0.399874 0.880253 0.255453 -0.000000 -0.774910 0.473522 -0.418678 30.736700 -0.489505 -0.030535 0.871465 0.000000 0.000000 0.000000 0.000000 1.000000
0.605609 0.703145 0.372591 0.000000 -0.615416 0.710679 -0.340880 30.736700 -0.504481 -0.022859 0.863120 -0.000000 0.000000 0.000000 0.000000 1.000000
0.751280 0.481591 0.451275 0.000000 -0.419546 0.876321 -0.236732 30.736700 -0.509470 -0.011478 0.860412 -0.000000 0.000000 0.000000 0.000000 1.000000
0.849689 0.246075 0.466343 0.000000 -0.214925 0.969250 -0.119844 30.736700 -0.481494 0.001602 0.876448 0.000000 0.000000 0.000000 0.000000 1.000000
0.806099 0.212730 0.552223 0.000000 -0.166435 0.976986 -0.133407 30.736700 -0.567894 0.015630 0.822953 0.000000 0.000000 0.000000 0.000000 1.000000
0.736661 0.147692 0.659937 -0.000000 -0.090827 0.988627 -0.119866 30.736700 -0.670135 0.028360 0.741697 0.000000 0.000000 0.000000 0.000000 1.000000
0.696029 0.042831 0.716735 0.000000 0.003460 0.998008 -0.062999 30.736700 -0.718005 0.046329 0.694494 0.000000 0.000000 0.000000 0.000000 1.000000
0.690365 0.000093 0.723462 -0.000000 0.047608 0.997827 -0.045558 30.736700 -0.721893 0.065894 0.688860 -0.000000 0.000000 0.000000 0.000000 1.000000
0.702270 0.040283 0.710770 0.000000 0.031063 0.995713 -0.087124 30.736700 -0.711233 0.083263 0.698008 0.000000 0.000000 0.000000 0.000000 1.000000
0.675786 0.368112 0.638597 0.000000 -0.198753 0.925280 -0.323040 30.736700 -0.709796 0.091383 0.698455 0.000000 0.000000 0.000000 0.000000 1.000000
0.558254 0.659013 0.504038 0.000000 -0.436236 0.749911 -0.497324 30.736700 -0.705727 0.057754 0.706126 0.000000 0.000000 0.000000 0.000000 1.000000
0.432577 0.831806 0.347816 -0.000000 -0.618780 0.554480 -0.556474 30.736700 -0.655735 0.025496 0.754560 0.000000 0.000000 0.000000 0.000000 1.000000
0.363084 0.901317 0.236216 0.000000 -0.756361 0.433160 -0.490195 30.736700 -0.544140 -0.000683 0.838994 0.000000 0.000000 0.000000 0.000000 1.000000
0.201877 0.971134 0.127058 0.000000 -0.883641 0.236547 -0.404010 30.736700 -0.422404 -0.030713 0.905887 0.000000 0.000000 0.000000 0.000000 1.000000
0.113537 0.989983 0.083923 -0.000000 -0.951978 0.132573 -0.275976 30.736700 -0.284337 -0.048559 0.957494 -0.000000 0.000000 0.000000 0.000000 1.000000
0.087142 0.993305 0.075844 -0.000000 -0.980383 0.099021 -0.170426 30.736700 -0.176795 -0.059505 0.982447 -0.000000 0.000000 0.000000 0.000000 1.000000
0.127910 0.988278 0.083335 -0.000000 -0.983881 0.137030 -0.114897 30.736700 -0.124969 -0.067296 0.989876 0.000000 0.000000 0.000000 0.000000 1.000000
0.222968 0.969738 0.099463 0.000000 -0.967345 0.232719 -0.100429 30.736700 -0.120537 -0.073823 0.989960 0.000000 0.000000 0.000000 0.000000 1.000000
0.350324 0.928393 0.123931 0.000000 -0.925806 0.363288 -0.104426 30.736700 -0.141971 -0.078153 0.986781 0.000000 0.000000 0.000000 0.000000 1.000000
0.439673 0.884145 0.158034 0.000000 -0.880702 0.458923 -0.117280 30.736700 -0.176218 -0.087616 0.980444 -0.000000 0.000000 0.000000 0.000000 1.000000
0.460770 0.866208 0.193328 0.000000 -0.862675 0.488296 -0.131751 30.736700 -0.208525 -0.106072 0.972248 0.000000 0.000000 0.000000 0.000000 1.000000
0.457910 0.866352 0.199381 0.000000 -0.863041 0.487016 -0.134074 30.736700 -0.213257 -0.110680 0.970707 0.000000 0.000000 0.000000 0.000000 1.000000
0.476147 0.865135 0.157564 -0.000000 -0.861485 0.494865 -0.113804 30.736700 -0.176429 -0.081552 0.980929 0.000000 0.000000 0.000000 0.000000 1.000000
0.528256 0.843191 0.099874 0.000000 -0.838926 0.536453 -0.091764 30.736700 -0.130953 -0.035312 0.990760 -0.000000 0.000000 0.000000 0.000000 1.000000
0.600166 0.797532 0.061179 0.000000 -0.794519 0.603238 -0.069596 30.736700 -0.092411 -0.006839 0.995697 -0.000000 0.000000 0.000000 0.000000 1.000000
0.674946 0.734462 0.070810 0.000000 -0.732548 0.678490 -0.054996 30.736700 -0.088436 -0.014752 0.995973 -0.000000 0.000000 0.000000 0.000000 1.000000
0.724281 0.673379 0.148251 -0.000000 -0.671520 0.737679 -0.069935 30.736700 -0.156454 -0.048900 0.986474 -0.000000 0.000000 0.000000 0.000000 1.000000
0.705262 0.676688 0.211419 -0.000000 -0.671257 0.733324 -0.107933 30.736700 -0.228076 -0.065796 0.971418 0.000000 0.000000 0.000000 0.000000 1.000000
0.573842 0.781912 0.243554 0.000000 -0.758442 0.619591 -0.202169 30.736700 -0.308982 -0.068708 0.948583 0.000000 0.000000 0.000000 0.000000 1.000000
0.397299 0.897666 0.190655 -0.000000 -0.852913 0.437869 -0.284271 30.736700 -0.338662 -0.049671 0.939596 0.000000 0.000000 0.000000 0.000000 1.000000
0.189834 0.975919 0.107450 0.000000 -0.866435 0.217993 -0.449188 30.736700 -0.461794 -0.007827 0.886952 0.000000 0.000000 0.000000 0.000000 1.000000
0.037539 0.999295 0.000574 0.000000 -0.845902 0.032083 -0.532373 30.736700 -0.532016 0.019499 0.846510 -0.000000 0.000000 0.000000 0.000000 1.000000
-0.017333 0.998570 -0.050580 -0.000000 -0.845450 -0.041644 -0.532428 30.736700 -0.533773 0.033535 0.844962 -0.000000 0.000000 0.000000 0.000000 1.000000
0.009316 0.996998 -0.076868 0.000000 -0.846329 -0.033080 -0.531632 30.736700 -0.532579 0.070009 0.843480 0.000000 0.000000 0.000000 0.000000 1.000000
0.065659 0.992132 -0.106598 -0.000000 -0.840468 -0.002597 -0.541855 30.736700 -0.537868 0.125170 0.833685 0.000000 0.000000 0.000000 0.000000 1.000000
0.117616 0.983146 -0.139962 0.000000 -0.834995 0.021618 -0.549832 30.736700 -0.537540 0.181537 0.823465 0.000000 0.000000 0.000000 0.000000 1.000000
0.151071 0.969566 -0.192662 0.000000 -0.839285 0.022830 -0.543213 30.736700 -0.522282 0.243762 0.817191 0.000000 0.000000 0.000000 0.000000 1.000000
0.162633 0.941989 -0.293610 -0.000000 -0.840222 -0.023787 -0.541721 30.736700 -0.517279 0.334800 0.787611 0.000000 0.000000 0.000000 0.000000 1.000000
0.161246 0.904451 -0.394928 0.000000 -0.843825 -0.081180 -0.530443 30.736700 -0.511820 0.418782 0.750108 0.000000 0.000000 0.000000 0.000000 1.000000
0.094867 0.867655 -0.488032 0.000000 -0.873040 -0.163047 -0.459584 30.736700 -0.478333 0.469671 0.742029 -0.000000 0.000000 0.000000 0.000000 1.000000
0.003548 0.841592 -0.540101 -0.000000 -0.901727 -0.230791 -0.365545 30.736700 -0.432291 0.488321 0.758068 0.000000 0.000000 0.000000 0.000000 1.000000
-0.068239 0.887703 -0.455331 0.000000 -0.910190 -0.242281 -0.335939 30.736700 -0.408532 0.391514 0.824511 0.000000 0.000000 0.000000 0.000000 1.000000
-0.100350 0.963248 -0.249165 0.000000 -0.901829 -0.193843 -0.386174 30.736700 -0.420280 0.185952 0.888137 -0.000000 0.000000 0.000000 0.000000 1.000000
-0.061236 0.998000 0.015695 0.000000 -0.849639 -0.043868 -0.525537 30.736700 -0.523797 -0.045517 0.850626 0.000000 0.000000 0.000000 0.000000 1.000000</float_array>
        <technique_common>
          <accessor source="#mixamorig_RightForeArm-Matrix-animation-output-transform-array" count="46" stride="16">
            <param type="float4x4"/>
          </accessor>
        </technique_common>
      </source>
      <source id="mixamorig_RightForeArm-Interpolations">
        <Name_array id="mixamorig_RightForeArm-Interpolations-array" count="46">
 LINEAR LINEAR LINEAR LINEAR LINEAR LINEAR LINEAR LINEAR LINEAR LINEAR LINEAR
LINEAR LINEAR LINEAR LINEAR LINEAR LINEAR LINEAR LINEAR LINEAR LINEAR LINEAR LINEAR
LINEAR LINEAR LINEAR LINEAR LINEAR LINEAR LINEAR LINEAR LINEAR LINEAR LINEAR LINEAR
LINEAR LINEAR LINEAR LINEAR LINEAR LINEAR LINEAR LINEAR LINEAR LINEAR LINEAR</Name_array>
        <technique_common>
          <accessor source="#mixamorig_RightForeArm-Interpolations-array" count="46">
            <param type="name"/>
          </accessor>
        </technique_common>
      </source>
      <sampler id="mixamorig_RightForeArm-Matrix-animation-transform">
        <input semantic="INPUT" source="#mixamorig_RightForeArm-Matrix-animation-input"/>
        <input semantic="OUTPUT" source="#mixamorig_RightForeArm-Matrix-animation-output-transform"/>
        <input semantic="INTERPOLATION" source="#mixamorig_RightForeArm-Interpolations"/>
      </sampler>
      <channel source="#mixamorig_RightForeArm-Matrix-animation-transform" target="mixamorig_RightForeArm/matrix"/>
    </animation>
    <animation id="mixamorig_RightHand-anim" name="mixamorig_RightHand">
      <source id="mixamorig_RightHand-Matrix-animation-input">
        <float_array id="mixamorig_RightHand-Matrix-animation-input-array" count="46">

0.000000 0.033333 0.066667 0.100000 0.133333 0.166667 0.200000 0.233333 0.266667 0.300000 0.333333 0.366667 0.400000 0.433333 0.466667 0.500000
0.533333 0.566667 0.600000 0.633333 0.666667 0.700000 0.733333 0.766667 0.800000 0.833333 0.866667 0.900000 0.933333 0.966667 1.000000 1.033333
1.066667 1.100000 1.133333 1.166667 1.200000 1.233333 1.266667 1.300000 1.333333 1.366667 1.400000 1.433333 1.466667 1.500000</float_array>
        <technique_common>
          <accessor source="#mixamorig_RightHand-Matrix-animation-input-array" count="46">
            <param name="TIME" type="float"/>
          </accessor>
        </technique_common>
      </source>
      <source id="mixamorig_RightHand-Matrix-animation-output-transform">
        <float_array id="mixamorig_RightHand-Matrix-animation-output-transform-array" count="736">

0.999978 0.006543 -0.000844 -0.000000 -0.006581 0.998358 -0.056895 26.713100 0.000470 0.056899 0.998380 0.000000 0.000000 0.000000 0.000000 1.000000
0.999302 0.031496 -0.020082 -0.000000 -0.032818 0.997055 -0.069312 26.713100 0.017840 0.069923 0.997393 0.000000 0.000000 0.000000 0.000000 1.000000
0.991181 0.126020 -0.040979 0.000000 -0.130938 0.978946 -0.156586 26.713100 0.020384 0.160571 0.986814 0.000000 0.000000 0.000000 0.000000 1.000000
0.972667 0.224022 -0.061098 0.000000 -0.232191 0.941120 -0.245726 26.713100 0.002452 0.253196 0.967412 0.000000 0.000000 0.000000 0.000000 1.000000
0.949612 0.303746 -0.077305 0.000000 -0.312428 0.897640 -0.310855 26.713100 -0.025029 0.319343 0.947309 -0.000000 0.000000 0.000000 0.000000 1.000000
0.930615 0.355687 -0.086264 0.000000 -0.363311 0.869246 -0.335285 26.713100 -0.044272 0.343363 0.938159 0.000000 0.000000 0.000000 0.000000 1.000000
0.936089 0.342574 -0.079882 -0.000000 -0.349860 0.883098 -0.312628 26.713100 -0.036555 0.320595 0.946511 0.000000 0.000000 0.000000 0.000000 1.000000
0.931569 0.354558 -0.080423 -0.000000 -0.361931 0.883469 -0.297470 26.713100 -0.034419 0.306222 0.951338 0.000000 0.000000 0.000000 0.000000 1.000000
0.933221 0.351659 -0.073714 0.000000 -0.357346 0.887023 -0.292392 26.713100 -0.037436 0.299208 0.953453 0.000000 0.000000 0.000000 0.000000 1.000000
0.960302 0.276446 -0.037391 0.000000 -0.276918 0.928456 -0.247562 26.713100 -0.033721 0.248088 0.968150 -0.000000 0.000000 0.000000 0.000000 1.000000
0.983379 0.181556 -0.001850 0.000000 -0.178872 0.966989 -0.181484 26.713100 -0.031160 0.178799 0.983392 0.000000 0.000000 0.000000 0.000000 1.000000
0.997463 0.070151 0.012111 0.000000 -0.068388 0.991500 -0.110686 26.713100 -0.019773 0.109577 0.993782 0.000000 0.000000 0.000000 0.000000 1.000000
0.999941 0.002445 0.010571 0.000000 -0.001643 0.997165 -0.075230 26.713100 -0.010725 0.075208 0.997110 0.000000 0.000000 0.000000 0.000000 1.000000
0.999929 0.006160 0.010157 0.000000 -0.005530 0.998128 -0.060916 26.713100 -0.010513 0.060856 0.998091 0.000000 0.000000 0.000000 0.000000 1.000000
0.999136 0.036936 0.019026 -0.000000 -0.035423 0.996590 -0.074522 26.713100 -0.021713 0.073783 0.997038 0.000000 0.000000 0.000000 0.000000 1.000000
0.998815 -0.037245 0.031327 0.000000 0.040187 0.994252 -0.099235 26.713100 -0.027451 0.100377 0.994571 0.000000 0.000000 0.000000 0.000000 1.000000
0.993879 -0.103954 0.037382 -0.000000 0.109233 0.975276 -0.192107 26.713100 -0.016487 0.195015 0.980662 -0.000000 0.000000 0.000000 0.000000 1.000000
0.989822 -0.136630 0.039807 0.000000 0.142230 0.940371 -0.308986 26.713100 0.004784 0.311503 0.950233 0.000000 0.000000 0.000000 0.000000 1.000000
0.995995 -0.082735 0.033896 0.000000 0.089395 0.928415 -0.360631 26.713100 -0.001633 0.362217 0.932093 0.000000 0.000000 0.000000 0.000000 1.000000
0.998852 0.044773 0.017043 0.000000 -0.035782 0.933793 -0.356019 26.713100 -0.031854 0.355000 0.934323 0.000000 0.000000 0.000000 0.000000 1.000000
0.977142 0.212450 -0.007666 0.000000 -0.204328 0.928611 -0.309730 26.713100 -0.058683 0.304216 0.950794 0.000000 0.000000 0.000000 0.000000 1.000000
0.936188 0.350391 -0.027900 0.000000 -0.345779 0.903784 -0.252211 26.713100 -0.063157 0.245764 0.967270 -0.000000 0.000000 0.000000 0.000000 1.000000
0.907536 0.417799 -0.042702 0.000000 -0.416583 0.882644 -0.217713 26.713100 -0.053269 0.215371 0.975078 0.000000 0.000000 0.000000 0.000000 1.000000
0.906255 0.419458 -0.052503 -0.000000 -0.419914 0.878928 -0.226183 26.713100 -0.048728 0.227027 0.972669 0.000000 0.000000 0.000000 0.000000 1.000000
0.917862 0.392393 -0.059647 -0.000000 -0.394230 0.883931 -0.251491 26.713100 -0.045959 0.254349 0.966020 0.000000 0.000000 0.000000 0.000000 1.000000
0.926462 0.370954 -0.063719 0.000000 -0.373820 0.887127 -0.270675 26.713100 -0.043881 0.274590 0.960560 0.000000 0.000000 0.000000 0.000000 1.000000
0.928586 0.365658 -0.063429 0.000000 -0.368799 0.890127 -0.267695 26.713100 -0.041425 0.271970 0.961414 0.000000 0.000000 0.000000 0.000000 1.000000
0.931212 0.359841 -0.057957 0.000000 -0.362949 0.900953 -0.237804 26.713100 -0.033355 0.242481 0.969583 0.000000 0.000000 0.000000 0.000000 1.000000
0.938237 0.342502 -0.049026 0.000000 -0.345238 0.917388 -0.198016 26.713100 -0.022845 0.202712 0.978972 0.000000 0.000000 0.000000 0.000000 1.000000
0.939151 0.340930 -0.041972 0.000000 -0.343027 0.924390 -0.166838 26.713100 -0.018081 0.171084 0.985091 0.000000 0.000000 0.000000 0.000000 1.000000
0.951728 0.305435 -0.030372 0.000000 -0.306173 0.937691 -0.164295 26.713100 -0.021702 0.165663 0.985944 0.000000 0.000000 0.000000 0.000000 1.000000
0.973646 0.227807 -0.010799 -0.000000 -0.226097 0.957969 -0.176566 26.713100 -0.029878 0.174355 0.984229 0.000000 0.000000 0.000000 0.000000 1.000000
0.984854 0.173099 -0.009954 0.000000 -0.169376 0.948223 -0.268671 26.713100 -0.037068 0.266287 0.963181 0.000000 0.000000 0.000000 0.000000 1.000000
0.987589 0.156263 -0.015818 0.000000 -0.152561 0.930483 -0.333056 26.713100 -0.037326 0.331336 0.942774 0.000000 0.000000 0.000000 0.000000 1.000000
0.989582 0.143405 -0.012744 0.000000 -0.142128 0.958975 -0.245290 26.713100 -0.022955 0.244546 0.969366 0.000000 0.000000 0.000000 0.000000 1.000000
0.991437 0.129846 -0.013892 0.000000 -0.130458 0.980107 -0.149569 26.713100 -0.005805 0.150101 0.988654 -0.000000 0.000000 0.000000 0.000000 1.000000
0.993122 0.115571 -0.018741 0.000000 -0.116982 0.986050 -0.118407 26.713100 0.004795 0.119785 0.992788 -0.000000 0.000000 0.000000 0.000000 1.000000
0.994720 0.100516 -0.020727 0.000000 -0.102171 0.988950 -0.107422 26.713100 0.009701 0.108973 0.993997 0.000000 0.000000 0.000000 0.000000 1.000000
0.996204 0.084737 -0.019931 0.000000 -0.086324 0.991160 -0.100744 26.713100 0.011218 0.102082 0.994713 0.000000 0.000000 0.000000 0.000000 1.000000
0.996779 0.078731 -0.015293 0.000000 -0.079803 0.992625 -0.091251 26.713100 0.007996 0.092178 0.995710 0.000000 0.000000 0.000000 0.000000 1.000000
0.996269 0.085937 -0.007898 0.000000 -0.086295 0.992886 -0.082042 26.713100 0.000791 0.082417 0.996598 0.000000 0.000000 0.000000 0.000000 1.000000
0.997629 0.068771 0.002618 -0.000000 -0.068367 0.994690 -0.076933 26.713100 -0.007895 0.076572 0.997033 0.000000 0.000000 0.000000 0.000000 1.000000
0.998452 0.053954 0.013536 -0.000000 -0.052828 0.995928 -0.073054 26.713100 -0.017422 0.072226 0.997236 0.000000 0.000000 0.000000 0.000000 1.000000
0.999547 0.024751 0.017151 0.000000 -0.023371 0.996801 -0.076430 26.713100 -0.018987 0.075994 0.996927 0.000000 0.000000 0.000000 0.000000 1.000000
0.999937 -0.005888 0.009593 0.000000 0.006516 0.997739 -0.066889 26.713100 -0.009178 0.066948 0.997714 0.000000 0.000000 0.000000 0.000000 1.000000
0.999978 0.006543 -0.000844 0.000000 -0.006580 0.998358 -0.056895 26.713100 0.000470 0.056899 0.998380 -0.000000 0.000000 0.000000 0.000000 1.000000</float_array>
        <technique_common>
          <accessor source="#mixamorig_RightHand-Matrix-animation-output-transform-array" count="46" stride="16">
            <param type="float4x4"/>
          </accessor>
        </technique_common>
      </source>
      <source id="mixamorig_RightHand-Interpolations">
        <Name_array id="mixamorig_RightHand-Interpolations-array" count="46">
 LINEAR LINEAR LINEAR LINEAR LINEAR LINEAR LINEAR LINEAR LINEAR LINEAR LINEAR
LINEAR LINEAR LINEAR LINEAR LINEAR LINEAR LINEAR LINEAR LINEAR LINEAR LINEAR LINEAR
LINEAR LINEAR LINEAR LINEAR LINEAR LINEAR LINEAR LINEAR LINEAR LINEAR LINEAR LINEAR
LINEAR LINEAR LINEAR LINEAR LINEAR LINEAR LINEAR LINEAR LINEAR LINEAR LINEAR</Name_array>
        <technique_common>
          <accessor source="#mixamorig_RightHand-Interpolations-array" count="46">
            <param type="name"/>
          </accessor>
        </technique_common>
      </source>
      <sampler id="mixamorig_RightHand-Matrix-animation-transform">
        <input semantic="INPUT" source="#mixamorig_RightHand-Matrix-animation-input"/>
        <input semantic="OUTPUT" source="#mixamorig_RightHand-Matrix-animation-output-transform"/>
        <input semantic="INTERPOLATION" source="#mixamorig_RightHand-Interpolations"/>
      </sampler>
      <channel source="#mixamorig_RightHand-Matrix-animation-transform" target="mixamorig_RightHand/matrix"/>
    </animation>
    <animation id="mixamorig_RightHandThumb1-anim" name="mixamorig_RightHandThumb1">
      <source id="mixamorig_RightHandThumb1-Matrix-animation-input">
        <float_array id="mixamorig_RightHandThumb1-Matrix-animation-input-array" count="46">

0.000000 0.033333 0.066667 0.100000 0.133333 0.166667 0.200000 0.233333 0.266667 0.300000 0.333333 0.366667 0.400000 0.433333 0.466667 0.500000
0.533333 0.566667 0.600000 0.633333 0.666667 0.700000 0.733333 0.766667 0.800000 0.833333 0.866667 0.900000 0.933333 0.966667 1.000000 1.033333
1.066667 1.100000 1.133333 1.166667 1.200000 1.233333 1.266667 1.300000 1.333333 1.366667 1.400000 1.433333 1.466667 1.500000</float_array>
        <technique_common>
          <accessor source="#mixamorig_RightHandThumb1-Matrix-animation-input-array" count="46">
            <param name="TIME" type="float"/>
          </accessor>
        </technique_common>
      </source>
      <source id="mixamorig_RightHandThumb1-Matrix-animation-output-transform">
        <float_array id="mixamorig_RightHandThumb1-Matrix-animation-output-transform-array" count="736">

0.859878 0.403244 -0.313058 2.712200 -0.509086 0.631711 -0.584614 6.800000 -0.037980 0.662069 0.748480 2.789800 0.000000 0.000000 0.000000 1.000000
0.859878 0.403244 -0.313057 2.712200 -0.509086 0.631711 -0.584614 6.800000 -0.037980 0.662069 0.748480 2.789800 0.000000 0.000000 0.000000 1.000000
0.859878 0.403244 -0.313057 2.712200 -0.509086 0.631711 -0.584614 6.800000 -0.037980 0.662069 0.748480 2.789800 0.000000 0.000000 0.000000 1.000000
0.859878 0.403244 -0.313058 2.712200 -0.509086 0.631711 -0.584613 6.800000 -0.037980 0.662069 0.748480 2.789800 0.000000 0.000000 0.000000 1.000000
0.859878 0.403244 -0.313058 2.712200 -0.509085 0.631711 -0.584614 6.800000 -0.037980 0.662069 0.748480 2.789800 0.000000 0.000000 0.000000 1.000000
0.859878 0.403244 -0.313057 2.712200 -0.509085 0.631711 -0.584614 6.800000 -0.037981 0.662069 0.748480 2.789800 0.000000 0.000000 0.000000 1.000000
0.859878 0.403244 -0.313057 2.712200 -0.509085 0.631711 -0.584614 6.800000 -0.037980 0.662069 0.748480 2.789800 0.000000 0.000000 0.000000 1.000000
0.859878 0.403244 -0.313057 2.712200 -0.509086 0.631711 -0.584614 6.800000 -0.037980 0.662069 0.748480 2.789800 0.000000 0.000000 0.000000 1.000000
0.859878 0.403244 -0.313057 2.712200 -0.509086 0.631711 -0.584614 6.800000 -0.037980 0.662069 0.748480 2.789800 0.000000 0.000000 0.000000 1.000000
0.859878 0.403244 -0.313057 2.712200 -0.509085 0.631711 -0.584614 6.800000 -0.037980 0.662069 0.748480 2.789800 0.000000 0.000000 0.000000 1.000000
0.859877 0.403244 -0.313058 2.712200 -0.509086 0.631711 -0.584613 6.800000 -0.037980 0.662069 0.748480 2.789800 0.000000 0.000000 0.000000 1.000000
0.859878 0.403244 -0.313057 2.712200 -0.509085 0.631711 -0.584614 6.800000 -0.037980 0.662069 0.748480 2.789800 0.000000 0.000000 0.000000 1.000000
0.859877 0.403244 -0.313057 2.712200 -0.509086 0.631711 -0.584613 6.800000 -0.037980 0.662069 0.748480 2.789800 0.000000 0.000000 0.000000 1.000000
0.859878 0.403244 -0.313057 2.712200 -0.509085 0.631711 -0.584614 6.800000 -0.037980 0.662069 0.748480 2.789800 0.000000 0.000000 0.000000 1.000000
0.859878 0.403244 -0.313057 2.712200 -0.509086 0.631711 -0.584614 6.800000 -0.037980 0.662069 0.748480 2.789800 0.000000 0.000000 0.000000 1.000000
0.859878 0.403244 -0.313057 2.712200 -0.509085 0.631711 -0.584613 6.800000 -0.037980 0.662069 0.748480 2.789800 0.000000 0.000000 0.000000 1.000000
0.859877 0.403244 -0.313057 2.712200 -0.509086 0.631711 -0.584614 6.800000 -0.037981 0.662069 0.748480 2.789800 0.000000 0.000000 0.000000 1.000000
0.859878 0.403244 -0.313057 2.712200 -0.509086 0.631711 -0.584613 6.800000 -0.037980 0.662069 0.748480 2.789800 0.000000 0.000000 0.000000 1.000000
0.859878 0.403244 -0.313058 2.712200 -0.509086 0.631711 -0.584614 6.800000 -0.037980 0.662069 0.748480 2.789800 0.000000 0.000000 0.000000 1.000000
0.859877 0.403244 -0.313057 2.712200 -0.509086 0.631711 -0.584614 6.800000 -0.037980 0.662069 0.748480 2.789800 0.000000 0.000000 0.000000 1.000000
0.859878 0.403244 -0.313057 2.712200 -0.509086 0.631711 -0.584614 6.800000 -0.037980 0.662069 0.748480 2.789800 0.000000 0.000000 0.000000 1.000000
0.859878 0.403244 -0.313057 2.712200 -0.509086 0.631711 -0.584614 6.800000 -0.037980 0.662069 0.748480 2.789800 0.000000 0.000000 0.000000 1.000000
0.859877 0.403244 -0.313058 2.712200 -0.509086 0.631711 -0.584614 6.800000 -0.037980 0.662069 0.748480 2.789800 0.000000 0.000000 0.000000 1.000000
0.859877 0.403244 -0.313057 2.712200 -0.509086 0.631711 -0.584614 6.800000 -0.037980 0.662069 0.748480 2.789800 0.000000 0.000000 0.000000 1.000000
0.859878 0.403244 -0.313057 2.712200 -0.509085 0.631711 -0.584614 6.800000 -0.037980 0.662069 0.748480 2.789800 0.000000 0.000000 0.000000 1.000000
0.859878 0.403244 -0.313057 2.712200 -0.509086 0.631711 -0.584614 6.800000 -0.037980 0.662069 0.748480 2.789800 0.000000 0.000000 0.000000 1.000000
0.859878 0.403244 -0.313058 2.712200 -0.509086 0.631711 -0.584613 6.800000 -0.037980 0.662069 0.748480 2.789800 0.000000 0.000000 0.000000 1.000000
0.859877 0.403244 -0.313057 2.712200 -0.509086 0.631711 -0.584613 6.800000 -0.037980 0.662069 0.748480 2.789800 0.000000 0.000000 0.000000 1.000000
0.859877 0.403244 -0.313058 2.712200 -0.509086 0.631711 -0.584613 6.800000 -0.037980 0.662069 0.748480 2.789800 0.000000 0.000000 0.000000 1.000000
0.859877 0.403244 -0.313057 2.712200 -0.509086 0.631711 -0.584614 6.800000 -0.037980 0.662069 0.748480 2.789800 0.000000 0.000000 0.000000 1.000000
0.859877 0.403244 -0.313058 2.712200 -0.509086 0.631711 -0.584613 6.800000 -0.037980 0.662069 0.748480 2.789800 0.000000 0.000000 0.000000 1.000000
0.859878 0.403244 -0.313057 2.712200 -0.509085 0.631711 -0.584613 6.800000 -0.037980 0.662069 0.748480 2.789800 0.000000 0.000000 0.000000 1.000000
0.859877 0.403244 -0.313057 2.712200 -0.509086 0.631711 -0.584614 6.800000 -0.037980 0.662069 0.748480 2.789800 0.000000 0.000000 0.000000 1.000000
0.859878 0.403244 -0.313057 2.712200 -0.509085 0.631711 -0.584614 6.800000 -0.037980 0.662069 0.748480 2.789800 0.000000 0.000000 0.000000 1.000000
0.859877 0.403244 -0.313057 2.712200 -0.509086 0.631711 -0.584613 6.800000 -0.037980 0.662069 0.748480 2.789800 0.000000 0.000000 0.000000 1.000000
0.859877 0.403244 -0.313058 2.712200 -0.509086 0.631711 -0.584613 6.800000 -0.037979 0.662069 0.748480 2.789800 0.000000 0.000000 0.000000 1.000000
0.859877 0.403244 -0.313058 2.712200 -0.509086 0.631711 -0.584614 6.800000 -0.037980 0.662069 0.748480 2.789800 0.000000 0.000000 0.000000 1.000000
0.859877 0.403244 -0.313058 2.712200 -0.509086 0.631711 -0.584613 6.800000 -0.037980 0.662069 0.748480 2.789800 0.000000 0.000000 0.000000 1.000000
0.859878 0.403244 -0.313057 2.712200 -0.509085 0.631711 -0.584614 6.800000 -0.037980 0.662069 0.748480 2.789800 0.000000 0.000000 0.000000 1.000000
0.859878 0.403244 -0.313057 2.712200 -0.509085 0.631711 -0.584614 6.800000 -0.037980 0.662069 0.748480 2.789800 0.000000 0.000000 0.000000 1.000000
0.859877 0.403244 -0.313058 2.712200 -0.509086 0.631711 -0.584613 6.800000 -0.037980 0.662069 0.748480 2.789800 0.000000 0.000000 0.000000 1.000000
0.859878 0.403244 -0.313057 2.712200 -0.509086 0.631711 -0.584614 6.800000 -0.037980 0.662069 0.748480 2.789800 0.000000 0.000000 0.000000 1.000000
0.859878 0.403244 -0.313057 2.712200 -0.509086 0.631711 -0.584614 6.800000 -0.037980 0.662069 0.748480 2.789800 0.000000 0.000000 0.000000 1.000000
0.859878 0.403244 -0.313057 2.712200 -0.509085 0.631711 -0.584614 6.800000 -0.037980 0.662069 0.748480 2.789800 0.000000 0.000000 0.000000 1.000000
0.859878 0.403244 -0.313057 2.712200 -0.509086 0.631711 -0.584614 6.800000 -0.037981 0.662069 0.748480 2.789800 0.000000 0.000000 0.000000 1.000000
0.859877 0.403244 -0.313058 2.712200 -0.509086 0.631711 -0.584613 6.800000 -0.037980 0.662069 0.748480 2.789800 0.000000 0.000000 0.000000 1.000000</float_array>
        <technique_common>
          <accessor source="#mixamorig_RightHandThumb1-Matrix-animation-output-transform-array" count="46" stride="16">
            <param type="float4x4"/>
          </accessor>
        </technique_common>
      </source>
      <source id="mixamorig_RightHandThumb1-Interpolations">
        <Name_array id="mixamorig_RightHandThumb1-Interpolations-array" count="46">
 LINEAR LINEAR LINEAR LINEAR LINEAR LINEAR LINEAR LINEAR LINEAR LINEAR LINEAR
LINEAR LINEAR LINEAR LINEAR LINEAR LINEAR LINEAR LINEAR LINEAR LINEAR LINEAR LINEAR
LINEAR LINEAR LINEAR LINEAR LINEAR LINEAR LINEAR LINEAR LINEAR LINEAR LINEAR LINEAR
LINEAR LINEAR LINEAR LINEAR LINEAR LINEAR LINEAR LINEAR LINEAR LINEAR LINEAR</Name_array>
        <technique_common>
          <accessor source="#mixamorig_RightHandThumb1-Interpolations-array" count="46">
            <param type="name"/>
          </accessor>
        </technique_common>
      </source>
      <sampler id="mixamorig_RightHandThumb1-Matrix-animation-transform">
        <input semantic="INPUT" source="#mixamorig_RightHandThumb1-Matrix-animation-input"/>
        <input semantic="OUTPUT" source="#mixamorig_RightHandThumb1-Matrix-animation-output-transform"/>
        <input semantic="INTERPOLATION" source="#mixamorig_RightHandThumb1-Interpolations"/>
      </sampler>
      <channel source="#mixamorig_RightHandThumb1-Matrix-animation-transform" target="mixamorig_RightHandThumb1/matrix"/>
    </animation>
    <animation id="mixamorig_RightHandThumb2-anim" name="mixamorig_RightHandThumb2">
      <source id="mixamorig_RightHandThumb2-Matrix-animation-input">
        <float_array id="mixamorig_RightHandThumb2-Matrix-animation-input-array" count="46">

0.000000 0.033333 0.066667 0.100000 0.133333 0.166667 0.200000 0.233333 0.266667 0.300000 0.333333 0.366667 0.400000 0.433333 0.466667 0.500000
0.533333 0.566667 0.600000 0.633333 0.666667 0.700000 0.733333 0.766667 0.800000 0.833333 0.866667 0.900000 0.933333 0.966667 1.000000 1.033333
1.066667 1.100000 1.133333 1.166667 1.200000 1.233333 1.266667 1.300000 1.333333 1.366667 1.400000 1.433333 1.466667 1.500000</float_array>
        <technique_common>
          <accessor source="#mixamorig_RightHandThumb2-Matrix-animation-input-array" count="46">
            <param name="TIME" type="float"/>
          </accessor>
        </technique_common>
      </source>
      <source id="mixamorig_RightHandThumb2-Matrix-animation-output-transform">
        <float_array id="mixamorig_RightHandThumb2-Matrix-animation-output-transform-array" count="736">

0.922602 -0.321535 -0.213123 0.000000 0.322991 0.945959 -0.028934 4.523200 0.210909 -0.042142 0.976597 -0.000000 0.000000 0.000000 0.000000 1.000000
0.922601 -0.321535 -0.213124 0.000000 0.322992 0.945959 -0.028934 4.523200 0.210910 -0.042142 0.976597 0.000000 0.000000 0.000000 0.000000 1.000000
0.922602 -0.321535 -0.213123 0.000000 0.322992 0.945959 -0.028934 4.523200 0.210909 -0.042142 0.976597 0.000000 0.000000 0.000000 0.000000 1.000000
0.922602 -0.321535 -0.213123 0.000000 0.322991 0.945960 -0.028934 4.523200 0.210909 -0.042142 0.976597 -0.000000 0.000000 0.000000 0.000000 1.000000
0.922602 -0.321534 -0.213124 0.000000 0.322991 0.945960 -0.028934 4.523200 0.210909 -0.042143 0.976597 0.000000 0.000000 0.000000 0.000000 1.000000
0.922602 -0.321535 -0.213123 0.000000 0.322991 0.945960 -0.028934 4.523200 0.210909 -0.042142 0.976597 0.000000 0.000000 0.000000 0.000000 1.000000
0.922602 -0.321535 -0.213124 -0.000000 0.322992 0.945959 -0.028934 4.523200 0.210910 -0.042143 0.976597 0.000000 0.000000 0.000000 0.000000 1.000000
0.922602 -0.321535 -0.213123 0.000000 0.322991 0.945960 -0.028934 4.523200 0.210909 -0.042142 0.976597 0.000000 0.000000 0.000000 0.000000 1.000000
0.922602 -0.321535 -0.213123 0.000000 0.322991 0.945959 -0.028934 4.523200 0.210909 -0.042142 0.976597 0.000000 0.000000 0.000000 0.000000 1.000000
0.922602 -0.321535 -0.213123 0.000000 0.322991 0.945960 -0.028934 4.523200 0.210910 -0.042142 0.976597 0.000000 0.000000 0.000000 0.000000 1.000000
0.922602 -0.321535 -0.213123 0.000000 0.322991 0.945959 -0.028934 4.523200 0.210909 -0.042142 0.976597 0.000000 0.000000 0.000000 0.000000 1.000000
0.922602 -0.321535 -0.213124 0.000000 0.322991 0.945960 -0.028934 4.523200 0.210910 -0.042142 0.976597 -0.000000 0.000000 0.000000 0.000000 1.000000
0.922602 -0.321535 -0.213124 0.000000 0.322991 0.945960 -0.028934 4.523200 0.210910 -0.042142 0.976597 -0.000000 0.000000 0.000000 0.000000 1.000000
0.922602 -0.321534 -0.213123 0.000000 0.322991 0.945960 -0.028934 4.523200 0.210909 -0.042142 0.976597 0.000000 0.000000 0.000000 0.000000 1.000000
0.922602 -0.321535 -0.213123 0.000000 0.322991 0.945959 -0.028934 4.523200 0.210909 -0.042143 0.976597 -0.000000 0.000000 0.000000 0.000000 1.000000
0.922602 -0.321535 -0.213123 0.000000 0.322992 0.945959 -0.028934 4.523200 0.210909 -0.042143 0.976597 0.000000 0.000000 0.000000 0.000000 1.000000
0.922602 -0.321535 -0.213124 0.000000 0.322992 0.945959 -0.028934 4.523200 0.210910 -0.042143 0.976597 0.000000 0.000000 0.000000 0.000000 1.000000
0.922602 -0.321534 -0.213123 0.000000 0.322991 0.945960 -0.028934 4.523200 0.210909 -0.042143 0.976597 0.000000 0.000000 0.000000 0.000000 1.000000
0.922602 -0.321534 -0.213124 0.000000 0.322991 0.945960 -0.028934 4.523200 0.210909 -0.042143 0.976597 0.000000 0.000000 0.000000 0.000000 1.000000
0.922602 -0.321535 -0.213123 0.000000 0.322992 0.945959 -0.028934 4.523200 0.210909 -0.042142 0.976597 0.000000 0.000000 0.000000 0.000000 1.000000
0.922602 -0.321535 -0.213124 0.000000 0.322991 0.945960 -0.028934 4.523200 0.210910 -0.042143 0.976597 0.000000 0.000000 0.000000 0.000000 1.000000
0.922602 -0.321535 -0.213123 0.000000 0.322991 0.945960 -0.028934 4.523200 0.210909 -0.042142 0.976597 -0.000000 0.000000 0.000000 0.000000 1.000000
0.922602 -0.321535 -0.213123 -0.000000 0.322991 0.945960 -0.028934 4.523200 0.210909 -0.042142 0.976597 0.000000 0.000000 0.000000 0.000000 1.000000
0.922602 -0.321535 -0.213124 0.000000 0.322991 0.945959 -0.028934 4.523200 0.210910 -0.042142 0.976597 -0.000000 0.000000 0.000000 0.000000 1.000000
0.922602 -0.321535 -0.213123 -0.000000 0.322991 0.945960 -0.028934 4.523200 0.210909 -0.042143 0.976597 0.000000 0.000000 0.000000 0.000000 1.000000
0.922602 -0.321535 -0.213123 0.000000 0.322992 0.945959 -0.028934 4.523200 0.210909 -0.042142 0.976597 -0.000000 0.000000 0.000000 0.000000 1.000000
0.922602 -0.321535 -0.213124 0.000000 0.322991 0.945959 -0.028934 4.523200 0.210910 -0.042143 0.976597 0.000000 0.000000 0.000000 0.000000 1.000000
0.922602 -0.321535 -0.213123 0.000000 0.322991 0.945960 -0.028934 4.523200 0.210909 -0.042142 0.976597 -0.000000 0.000000 0.000000 0.000000 1.000000
0.922602 -0.321535 -0.213123 0.000000 0.322991 0.945959 -0.028934 4.523200 0.210909 -0.042142 0.976597 0.000000 0.000000 0.000000 0.000000 1.000000
0.922602 -0.321535 -0.213123 0.000000 0.322991 0.945960 -0.028934 4.523200 0.210909 -0.042142 0.976597 0.000000 0.000000 0.000000 0.000000 1.000000
0.922602 -0.321535 -0.213123 0.000000 0.322991 0.945960 -0.028934 4.523200 0.210909 -0.042142 0.976597 0.000000 0.000000 0.000000 0.000000 1.000000
0.922602 -0.321535 -0.213123 0.000000 0.322991 0.945960 -0.028934 4.523200 0.210909 -0.042142 0.976597 0.000000 0.000000 0.000000 0.000000 1.000000
0.922602 -0.321535 -0.213123 0.000000 0.322991 0.945960 -0.028934 4.523200 0.210909 -0.042142 0.976597 0.000000 0.000000 0.000000 0.000000 1.000000
0.922602 -0.321534 -0.213123 0.000000 0.322991 0.945960 -0.028934 4.523200 0.210910 -0.042142 0.976597 -0.000000 0.000000 0.000000 0.000000 1.000000
0.922602 -0.321535 -0.213124 -0.000000 0.322991 0.945959 -0.028934 4.523200 0.210910 -0.042143 0.976597 0.000000 0.000000 0.000000 0.000000 1.000000
0.922602 -0.321535 -0.213124 -0.000000 0.322991 0.945960 -0.028934 4.523200 0.210910 -0.042142 0.976597 -0.000000 0.000000 0.000000 0.000000 1.000000
0.922602 -0.321534 -0.213123 0.000000 0.322991 0.945960 -0.028934 4.523200 0.210909 -0.042142 0.976597 0.000000 0.000000 0.000000 0.000000 1.000000
0.922602 -0.321535 -0.213123 0.000000 0.322991 0.945960 -0.028934 4.523200 0.210909 -0.042143 0.976597 -0.000000 0.000000 0.000000 0.000000 1.000000
0.922602 -0.321535 -0.213123 0.000000 0.322991 0.945960 -0.028934 4.523200 0.210909 -0.042142 0.976597 0.000000 0.000000 0.000000 0.000000 1.000000
0.922602 -0.321535 -0.213124 -0.000000 0.322991 0.945959 -0.028934 4.523200 0.210910 -0.042142 0.976597 0.000000 0.000000 0.000000 0.000000 1.000000
0.922602 -0.321535 -0.213123 0.000000 0.322992 0.945959 -0.028934 4.523200 0.210909 -0.042143 0.976597 0.000000 0.000000 0.000000 0.000000 1.000000
0.922601 -0.321535 -0.213124 0.000000 0.322992 0.945959 -0.028935 4.523200 0.210910 -0.042142 0.976597 0.000000 0.000000 0.000000 0.000000 1.000000
0.922602 -0.321535 -0.213123 0.000000 0.322992 0.945959 -0.028934 4.523200 0.210909 -0.042142 0.976597 0.000000 0.000000 0.000000 0.000000 1.000000
0.922602 -0.321535 -0.213123 -0.000000 0.322991 0.945960 -0.028934 4.523200 0.210909 -0.042142 0.976597 0.000000 0.000000 0.000000 0.000000 1.000000
0.922602 -0.321534 -0.213123 0.000000 0.322991 0.945960 -0.028934 4.523200 0.210909 -0.042142 0.976597 0.000000 0.000000 0.000000 0.000000 1.000000
0.922602 -0.321535 -0.213123 0.000000 0.322992 0.945959 -0.028934 4.523200 0.210909 -0.042143 0.976597 0.000000 0.000000 0.000000 0.000000 1.000000</float_array>
        <technique_common>
          <accessor source="#mixamorig_RightHandThumb2-Matrix-animation-output-transform-array" count="46" stride="16">
            <param type="float4x4"/>
          </accessor>
        </technique_common>
      </source>
      <source id="mixamorig_RightHandThumb2-Interpolations">
        <Name_array id="mixamorig_RightHandThumb2-Interpolations-array" count="46">
 LINEAR LINEAR LINEAR LINEAR LINEAR LINEAR LINEAR LINEAR LINEAR LINEAR LINEAR
LINEAR LINEAR LINEAR LINEAR LINEAR LINEAR LINEAR LINEAR LINEAR LINEAR LINEAR LINEAR
LINEAR LINEAR LINEAR LINEAR LINEAR LINEAR LINEAR LINEAR LINEAR LINEAR LINEAR LINEAR
LINEAR LINEAR LINEAR LINEAR LINEAR LINEAR LINEAR LINEAR LINEAR LINEAR LINEAR</Name_array>
        <technique_common>
          <accessor source="#mixamorig_RightHandThumb2-Interpolations-array" count="46">
            <param type="name"/>
          </accessor>
        </technique_common>
      </source>
      <sampler id="mixamorig_RightHandThumb2-Matrix-animation-transform">
        <input semantic="INPUT" source="#mixamorig_RightHandThumb2-Matrix-animation-input"/>
        <input semantic="OUTPUT" source="#mixamorig_RightHandThumb2-Matrix-animation-output-transform"/>
        <input semantic="INTERPOLATION" source="#mixamorig_RightHandThumb2-Interpolations"/>
      </sampler>
      <channel source="#mixamorig_RightHandThumb2-Matrix-animation-transform" target="mixamorig_RightHandThumb2/matrix"/>
    </animation>
    <animation id="mixamorig_RightHandThumb3-anim" name="mixamorig_RightHandThumb3">
      <source id="mixamorig_RightHandThumb3-Matrix-animation-input">
        <float_array id="mixamorig_RightHandThumb3-Matrix-animation-input-array" count="46">

0.000000 0.033333 0.066667 0.100000 0.133333 0.166667 0.200000 0.233333 0.266667 0.300000 0.333333 0.366667 0.400000 0.433333 0.466667 0.500000
0.533333 0.566667 0.600000 0.633333 0.666667 0.700000 0.733333 0.766667 0.800000 0.833333 0.866667 0.900000 0.933333 0.966667 1.000000 1.033333
1.066667 1.100000 1.133333 1.166667 1.200000 1.233333 1.266667 1.300000 1.333333 1.366667 1.400000 1.433333 1.466667 1.500000</float_array>
        <technique_common>
          <accessor source="#mixamorig_RightHandThumb3-Matrix-animation-input-array" count="46">
            <param name="TIME" type="float"/>
          </accessor>
        </technique_common>
      </source>
      <source id="mixamorig_RightHandThumb3-Matrix-animation-output-transform">
        <float_array id="mixamorig_RightHandThumb3-Matrix-animation-output-transform-array" count="736">

0.589492 -0.441783 -0.676260 0.000000 -0.025590 0.826556 -0.562273 3.636400 0.807369 0.348761 0.475942 0.000000 0.000000 0.000000 0.000000 1.000000
0.589492 -0.441782 -0.676260 0.000000 -0.025590 0.826556 -0.562273 3.636400 0.807369 0.348761 0.475943 0.000000 0.000000 0.000000 0.000000 1.000000
0.589492 -0.441782 -0.676260 0.000000 -0.025590 0.826556 -0.562273 3.636400 0.807369 0.348761 0.475943 -0.000000 0.000000 0.000000 0.000000 1.000000
0.589492 -0.441782 -0.676260 0.000000 -0.025590 0.826556 -0.562273 3.636400 0.807369 0.348761 0.475943 0.000000 0.000000 0.000000 0.000000 1.000000
0.589492 -0.441782 -0.676260 -0.000000 -0.025590 0.826556 -0.562273 3.636400 0.807369 0.348761 0.475943 0.000000 0.000000 0.000000 0.000000 1.000000
0.589492 -0.441782 -0.676260 0.000000 -0.025590 0.826556 -0.562273 3.636400 0.807369 0.348761 0.475943 0.000000 0.000000 0.000000 0.000000 1.000000
0.589492 -0.441782 -0.676260 -0.000000 -0.025590 0.826556 -0.562273 3.636400 0.807369 0.348761 0.475943 0.000000 0.000000 0.000000 0.000000 1.000000
0.589492 -0.441782 -0.676260 -0.000000 -0.025590 0.826556 -0.562273 3.636400 0.807369 0.348761 0.475943 0.000000 0.000000 0.000000 0.000000 1.000000
0.589492 -0.441782 -0.676261 0.000000 -0.025591 0.826556 -0.562272 3.636400 0.807369 0.348761 0.475942 0.000000 0.000000 0.000000 0.000000 1.000000
0.589492 -0.441782 -0.676260 0.000000 -0.025590 0.826556 -0.562273 3.636400 0.807369 0.348761 0.475943 0.000000 0.000000 0.000000 0.000000 1.000000
0.589492 -0.441782 -0.676261 0.000000 -0.025591 0.826556 -0.562272 3.636400 0.807369 0.348761 0.475943 0.000000 0.000000 0.000000 0.000000 1.000000
0.589492 -0.441782 -0.676260 0.000000 -0.025590 0.826556 -0.562273 3.636400 0.807369 0.348761 0.475943 0.000000 0.000000 0.000000 0.000000 1.000000
0.589492 -0.441782 -0.676260 -0.000000 -0.025590 0.826556 -0.562273 3.636400 0.807369 0.348761 0.475943 0.000000 0.000000 0.000000 0.000000 1.000000
0.589492 -0.441782 -0.676260 0.000000 -0.025590 0.826556 -0.562273 3.636400 0.807369 0.348761 0.475943 0.000000 0.000000 0.000000 0.000000 1.000000
0.589492 -0.441782 -0.676260 -0.000000 -0.025590 0.826556 -0.562273 3.636400 0.807369 0.348761 0.475943 0.000000 0.000000 0.000000 0.000000 1.000000
0.589492 -0.441782 -0.676261 0.000000 -0.025591 0.826556 -0.562273 3.636400 0.807369 0.348761 0.475942 0.000000 0.000000 0.000000 0.000000 1.000000
0.589492 -0.441782 -0.676260 0.000000 -0.025591 0.826556 -0.562273 3.636400 0.807369 0.348761 0.475943 0.000000 0.000000 0.000000 0.000000 1.000000
0.589492 -0.441782 -0.676260 0.000000 -0.025590 0.826556 -0.562273 3.636400 0.807369 0.348761 0.475943 -0.000000 0.000000 0.000000 0.000000 1.000000
0.589492 -0.441782 -0.676260 0.000000 -0.025590 0.826556 -0.562273 3.636400 0.807369 0.348761 0.475943 0.000000 0.000000 0.000000 0.000000 1.000000
0.589492 -0.441782 -0.676260 0.000000 -0.025591 0.826556 -0.562273 3.636400 0.807369 0.348761 0.475942 0.000000 0.000000 0.000000 0.000000 1.000000
0.589492 -0.441782 -0.676260 0.000000 -0.025590 0.826556 -0.562272 3.636400 0.807369 0.348761 0.475943 -0.000000 0.000000 0.000000 0.000000 1.000000
0.589492 -0.441782 -0.676260 0.000000 -0.025590 0.826556 -0.562273 3.636400 0.807369 0.348761 0.475943 0.000000 0.000000 0.000000 0.000000 1.000000
0.589492 -0.441782 -0.676260 0.000000 -0.025590 0.826556 -0.562273 3.636400 0.807369 0.348761 0.475942 -0.000000 0.000000 0.000000 0.000000 1.000000
0.589492 -0.441782 -0.676260 0.000000 -0.025590 0.826556 -0.562273 3.636400 0.807369 0.348761 0.475942 0.000000 0.000000 0.000000 0.000000 1.000000
0.589492 -0.441782 -0.676260 -0.000000 -0.025590 0.826556 -0.562273 3.636400 0.807369 0.348761 0.475943 0.000000 0.000000 0.000000 0.000000 1.000000
0.589492 -0.441782 -0.676260 0.000000 -0.025590 0.826556 -0.562272 3.636400 0.807369 0.348760 0.475943 0.000000 0.000000 0.000000 0.000000 1.000000
0.589492 -0.441781 -0.676260 0.000000 -0.025591 0.826556 -0.562272 3.636400 0.807369 0.348761 0.475943 0.000000 0.000000 0.000000 0.000000 1.000000
0.589492 -0.441782 -0.676260 0.000000 -0.025590 0.826556 -0.562272 3.636400 0.807369 0.348761 0.475943 0.000000 0.000000 0.000000 0.000000 1.000000
0.589492 -0.441782 -0.676260 -0.000000 -0.025590 0.826556 -0.562272 3.636400 0.807369 0.348760 0.475943 -0.000000 0.000000 0.000000 0.000000 1.000000
0.589492 -0.441782 -0.676260 0.000000 -0.025590 0.826556 -0.562273 3.636400 0.807369 0.348761 0.475942 -0.000000 0.000000 0.000000 0.000000 1.000000
0.589492 -0.441782 -0.676260 0.000000 -0.025590 0.826556 -0.562272 3.636400 0.807369 0.348761 0.475943 0.000000 0.000000 0.000000 0.000000 1.000000
0.589492 -0.441782 -0.676260 0.000000 -0.025590 0.826556 -0.562273 3.636400 0.807369 0.348761 0.475943 -0.000000 0.000000 0.000000 0.000000 1.000000
0.589492 -0.441782 -0.676260 0.000000 -0.025590 0.826556 -0.562273 3.636400 0.807369 0.348760 0.475943 0.000000 0.000000 0.000000 0.000000 1.000000
0.589492 -0.441782 -0.676260 0.000000 -0.025590 0.826556 -0.562273 3.636400 0.807369 0.348761 0.475943 0.000000 0.000000 0.000000 0.000000 1.000000
0.589492 -0.441782 -0.676260 0.000000 -0.025590 0.826556 -0.562273 3.636400 0.807369 0.348761 0.475943 0.000000 0.000000 0.000000 0.000000 1.000000
0.589492 -0.441782 -0.676260 -0.000000 -0.025590 0.826556 -0.562273 3.636400 0.807369 0.348761 0.475943 0.000000 0.000000 0.000000 0.000000 1.000000
0.589492 -0.441782 -0.676260 -0.000000 -0.025590 0.826556 -0.562273 3.636400 0.807369 0.348761 0.475943 0.000000 0.000000 0.000000 0.000000 1.000000
0.589492 -0.441782 -0.676260 0.000000 -0.025590 0.826556 -0.562273 3.636400 0.807369 0.348761 0.475943 0.000000 0.000000 0.000000 0.000000 1.000000
0.589492 -0.441782 -0.676260 0.000000 -0.025590 0.826556 -0.562273 3.636400 0.807369 0.348761 0.475943 0.000000 0.000000 0.000000 0.000000 1.000000
0.589492 -0.441782 -0.676260 0.000000 -0.025590 0.826556 -0.562273 3.636400 0.807369 0.348761 0.475943 0.000000 0.000000 0.000000 0.000000 1.000000
0.589492 -0.441782 -0.676261 0.000000 -0.025590 0.826556 -0.562272 3.636400 0.807369 0.348761 0.475943 0.000000 0.000000 0.000000 0.000000 1.000000
0.589492 -0.441782 -0.676260 0.000000 -0.025590 0.826556 -0.562273 3.636400 0.807369 0.348761 0.475943 0.000000 0.000000 0.000000 0.000000 1.000000
0.589492 -0.441782 -0.676260 0.000000 -0.025590 0.826556 -0.562273 3.636400 0.807369 0.348761 0.475943 -0.000000 0.000000 0.000000 0.000000 1.000000
0.589492 -0.441782 -0.676260 0.000000 -0.025590 0.826556 -0.562273 3.636400 0.807369 0.348761 0.475943 0.000000 0.000000 0.000000 0.000000 1.000000
0.589492 -0.441782 -0.676260 0.000000 -0.025590 0.826556 -0.562273 3.636400 0.807369 0.348761 0.475943 0.000000 0.000000 0.000000 0.000000 1.000000
0.589492 -0.441782 -0.676260 0.000000 -0.025590 0.826556 -0.562273 3.636400 0.807369 0.348761 0.475943 0.000000 0.000000 0.000000 0.000000 1.000000</float_array>
        <technique_common>
          <accessor source="#mixamorig_RightHandThumb3-Matrix-animation-output-transform-array" count="46" stride="16">
            <param type="float4x4"/>
          </accessor>
        </technique_common>
      </source>
      <source id="mixamorig_RightHandThumb3-Interpolations">
        <Name_array id="mixamorig_RightHandThumb3-Interpolations-array" count="46">
 LINEAR LINEAR LINEAR LINEAR LINEAR LINEAR LINEAR LINEAR LINEAR LINEAR LINEAR
LINEAR LINEAR LINEAR LINEAR LINEAR LINEAR LINEAR LINEAR LINEAR LINEAR LINEAR LINEAR
LINEAR LINEAR LINEAR LINEAR LINEAR LINEAR LINEAR LINEAR LINEAR LINEAR LINEAR LINEAR
LINEAR LINEAR LINEAR LINEAR LINEAR LINEAR LINEAR LINEAR LINEAR LINEAR LINEAR</Name_array>
        <technique_common>
          <accessor source="#mixamorig_RightHandThumb3-Interpolations-array" count="46">
            <param type="name"/>
          </accessor>
        </technique_common>
      </source>
      <sampler id="mixamorig_RightHandThumb3-Matrix-animation-transform">
        <input semantic="INPUT" source="#mixamorig_RightHandThumb3-Matrix-animation-input"/>
        <input semantic="OUTPUT" source="#mixamorig_RightHandThumb3-Matrix-animation-output-transform"/>
        <input semantic="INTERPOLATION" source="#mixamorig_RightHandThumb3-Interpolations"/>
      </sampler>
      <channel source="#mixamorig_RightHandThumb3-Matrix-animation-transform" target="mixamorig_RightHandThumb3/matrix"/>
    </animation>
    <animation id="mixamorig_RightHandIndex1-anim" name="mixamorig_RightHandIndex1">
      <source id="mixamorig_RightHandIndex1-Matrix-animation-input">
        <float_array id="mixamorig_RightHandIndex1-Matrix-animation-input-array" count="46">

0.000000 0.033333 0.066667 0.100000 0.133333 0.166667 0.200000 0.233333 0.266667 0.300000 0.333333 0.366667 0.400000 0.433333 0.466667 0.500000
0.533333 0.566667 0.600000 0.633333 0.666667 0.700000 0.733333 0.766667 0.800000 0.833333 0.866667 0.900000 0.933333 0.966667 1.000000 1.033333
1.066667 1.100000 1.133333 1.166667 1.200000 1.233333 1.266667 1.300000 1.333333 1.366667 1.400000 1.433333 1.466667 1.500000</float_array>
        <technique_common>
          <accessor source="#mixamorig_RightHandIndex1-Matrix-animation-input-array" count="46">
            <param name="TIME" type="float"/>
          </accessor>
        </technique_common>
      </source>
      <source id="mixamorig_RightHandIndex1-Matrix-animation-output-transform">
        <float_array id="mixamorig_RightHandIndex1-Matrix-animation-output-transform-array" count="736">

0.988738 0.082880 -0.124609 3.526400 -0.136020 0.150447 -0.979216 14.497500 -0.062410 0.985138 0.160026 1.249000 0.000000 0.000000 0.000000 1.000000
0.988738 0.082880 -0.124609 3.526400 -0.136020 0.150447 -0.979216 14.497500 -0.062410 0.985138 0.160026 1.249000 0.000000 0.000000 0.000000 1.000000
0.988738 0.082880 -0.124609 3.526400 -0.136020 0.150446 -0.979216 14.497500 -0.062410 0.985138 0.160025 1.249000 0.000000 0.000000 0.000000 1.000000
0.988738 0.082880 -0.124609 3.526400 -0.136020 0.150447 -0.979216 14.497500 -0.062410 0.985138 0.160026 1.249000 0.000000 0.000000 0.000000 1.000000
0.988738 0.082880 -0.124609 3.526400 -0.136020 0.150447 -0.979216 14.497500 -0.062410 0.985138 0.160026 1.249000 0.000000 0.000000 0.000000 1.000000
0.988738 0.082881 -0.124609 3.526400 -0.136020 0.150446 -0.979216 14.497500 -0.062411 0.985138 0.160026 1.249000 0.000000 0.000000 0.000000 1.000000
0.988738 0.082880 -0.124609 3.526400 -0.136020 0.150447 -0.979216 14.497500 -0.062410 0.985138 0.160026 1.249000 0.000000 0.000000 0.000000 1.000000
0.988738 0.082880 -0.124609 3.526400 -0.136020 0.150447 -0.979216 14.497500 -0.062410 0.985138 0.160026 1.249000 0.000000 0.000000 0.000000 1.000000
0.988738 0.082880 -0.124609 3.526400 -0.136020 0.150447 -0.979216 14.497500 -0.062410 0.985138 0.160026 1.249000 0.000000 0.000000 0.000000 1.000000
0.988738 0.082880 -0.124609 3.526400 -0.136020 0.150447 -0.979216 14.497500 -0.062411 0.985138 0.160026 1.249000 0.000000 0.000000 0.000000 1.000000
0.988738 0.082880 -0.124609 3.526400 -0.136020 0.150447 -0.979216 14.497500 -0.062410 0.985138 0.160026 1.249000 0.000000 0.000000 0.000000 1.000000
0.988738 0.082880 -0.124609 3.526400 -0.136020 0.150447 -0.979216 14.497500 -0.062410 0.985138 0.160026 1.249000 0.000000 0.000000 0.000000 1.000000
0.988738 0.082880 -0.124609 3.526400 -0.136020 0.150447 -0.979216 14.497500 -0.062411 0.985138 0.160026 1.249000 0.000000 0.000000 0.000000 1.000000
0.988738 0.082880 -0.124609 3.526400 -0.136020 0.150447 -0.979216 14.497500 -0.062411 0.985138 0.160026 1.249000 0.000000 0.000000 0.000000 1.000000
0.988738 0.082880 -0.124609 3.526400 -0.136020 0.150447 -0.979216 14.497500 -0.062410 0.985138 0.160026 1.249000 0.000000 0.000000 0.000000 1.000000
0.988738 0.082880 -0.124609 3.526400 -0.136020 0.150447 -0.979216 14.497500 -0.062411 0.985138 0.160026 1.249000 0.000000 0.000000 0.000000 1.000000
0.988738 0.082880 -0.124609 3.526400 -0.136020 0.150447 -0.979216 14.497500 -0.062411 0.985138 0.160026 1.249000 0.000000 0.000000 0.000000 1.000000
0.988738 0.082880 -0.124609 3.526400 -0.136020 0.150447 -0.979216 14.497500 -0.062411 0.985138 0.160026 1.249000 0.000000 0.000000 0.000000 1.000000
0.988738 0.082880 -0.124609 3.526400 -0.136020 0.150447 -0.979216 14.497500 -0.062411 0.985138 0.160026 1.249000 0.000000 0.000000 0.000000 1.000000
0.988738 0.082880 -0.124609 3.526400 -0.136020 0.150447 -0.979216 14.497500 -0.062410 0.985138 0.160026 1.249000 0.000000 0.000000 0.000000 1.000000
0.988738 0.082880 -0.124609 3.526400 -0.136020 0.150447 -0.979216 14.497500 -0.062411 0.985138 0.160026 1.249000 0.000000 0.000000 0.000000 1.000000
0.988738 0.082880 -0.124609 3.526400 -0.136020 0.150447 -0.979216 14.497500 -0.062410 0.985138 0.160026 1.249000 0.000000 0.000000 0.000000 1.000000
0.988738 0.082880 -0.124609 3.526400 -0.136020 0.150447 -0.979216 14.497500 -0.062411 0.985138 0.160026 1.249000 0.000000 0.000000 0.000000 1.000000
0.988738 0.082880 -0.124609 3.526400 -0.136020 0.150447 -0.979216 14.497500 -0.062410 0.985138 0.160026 1.249000 0.000000 0.000000 0.000000 1.000000
0.988738 0.082880 -0.124609 3.526400 -0.136020 0.150447 -0.979216 14.497500 -0.062411 0.985138 0.160026 1.249000 0.000000 0.000000 0.000000 1.000000
0.988738 0.082880 -0.124609 3.526400 -0.136019 0.150447 -0.979216 14.497500 -0.062410 0.985138 0.160026 1.249000 0.000000 0.000000 0.000000 1.000000
0.988738 0.082880 -0.124609 3.526400 -0.136020 0.150447 -0.979216 14.497500 -0.062410 0.985138 0.160026 1.249000 0.000000 0.000000 0.000000 1.000000
0.988738 0.082880 -0.124609 3.526400 -0.136020 0.150447 -0.979216 14.497500 -0.062411 0.985138 0.160026 1.249000 0.000000 0.000000 0.000000 1.000000
0.988738 0.082880 -0.124609 3.526400 -0.136020 0.150447 -0.979216 14.497500 -0.062410 0.985138 0.160026 1.249000 0.000000 0.000000 0.000000 1.000000
0.988738 0.082880 -0.124609 3.526400 -0.136020 0.150447 -0.979216 14.497500 -0.062411 0.985138 0.160026 1.249000 0.000000 0.000000 0.000000 1.000000
0.988738 0.082880 -0.124609 3.526400 -0.136020 0.150447 -0.979216 14.497500 -0.062411 0.985138 0.160026 1.249000 0.000000 0.000000 0.000000 1.000000
0.988738 0.082880 -0.124609 3.526400 -0.136020 0.150447 -0.979216 14.497500 -0.062410 0.985138 0.160026 1.249000 0.000000 0.000000 0.000000 1.000000
0.988738 0.082880 -0.124609 3.526400 -0.136020 0.150447 -0.979216 14.497500 -0.062410 0.985138 0.160026 1.249000 0.000000 0.000000 0.000000 1.000000
0.988738 0.082880 -0.124609 3.526400 -0.136020 0.150447 -0.979216 14.497500 -0.062410 0.985138 0.160026 1.249000 0.000000 0.000000 0.000000 1.000000
0.988738 0.082880 -0.124609 3.526400 -0.136020 0.150447 -0.979216 14.497500 -0.062411 0.985138 0.160026 1.249000 0.000000 0.000000 0.000000 1.000000
0.988738 0.082880 -0.124609 3.526400 -0.136020 0.150447 -0.979216 14.497500 -0.062410 0.985138 0.160026 1.249000 0.000000 0.000000 0.000000 1.000000
0.988738 0.082880 -0.124609 3.526400 -0.136020 0.150447 -0.979216 14.497500 -0.062410 0.985138 0.160026 1.249000 0.000000 0.000000 0.000000 1.000000
0.988738 0.082880 -0.124609 3.526400 -0.136020 0.150447 -0.979216 14.497500 -0.062411 0.985138 0.160026 1.249000 0.000000 0.000000 0.000000 1.000000
0.988738 0.082880 -0.124609 3.526400 -0.136020 0.150447 -0.979216 14.497500 -0.062410 0.985138 0.160026 1.249000 0.000000 0.000000 0.000000 1.000000
0.988738 0.082880 -0.124608 3.526400 -0.136019 0.150446 -0.979216 14.497500 -0.062410 0.985138 0.160025 1.249000 0.000000 0.000000 0.000000 1.000000
0.988738 0.082880 -0.124609 3.526400 -0.136020 0.150447 -0.979216 14.497500 -0.062410 0.985138 0.160026 1.249000 0.000000 0.000000 0.000000 1.000000
0.988738 0.082880 -0.124609 3.526400 -0.136020 0.150447 -0.979216 14.497500 -0.062410 0.985138 0.160026 1.249000 0.000000 0.000000 0.000000 1.000000
0.988738 0.082880 -0.124609 3.526400 -0.136020 0.150447 -0.979216 14.497500 -0.062411 0.985138 0.160026 1.249000 0.000000 0.000000 0.000000 1.000000
0.988738 0.082880 -0.124609 3.526400 -0.136020 0.150446 -0.979216 14.497500 -0.062410 0.985138 0.160025 1.249000 0.000000 0.000000 0.000000 1.000000
0.988738 0.082880 -0.124609 3.526400 -0.136020 0.150447 -0.979216 14.497500 -0.062411 0.985138 0.160026 1.249000 0.000000 0.000000 0.000000 1.000000
0.988738 0.082880 -0.124609 3.526400 -0.136020 0.150447 -0.979216 14.497500 -0.062410 0.985138 0.160026 1.249000 0.000000 0.000000 0.000000 1.000000</float_array>
        <technique_common>
          <accessor source="#mixamorig_RightHandIndex1-Matrix-animation-output-transform-array" count="46" stride="16">
            <param type="float4x4"/>
          </accessor>
        </technique_common>
      </source>
      <source id="mixamorig_RightHandIndex1-Interpolations">
        <Name_array id="mixamorig_RightHandIndex1-Interpolations-array" count="46">
 LINEAR LINEAR LINEAR LINEAR LINEAR LINEAR LINEAR LINEAR LINEAR LINEAR LINEAR
LINEAR LINEAR LINEAR LINEAR LINEAR LINEAR LINEAR LINEAR LINEAR LINEAR LINEAR LINEAR
LINEAR LINEAR LINEAR LINEAR LINEAR LINEAR LINEAR LINEAR LINEAR LINEAR LINEAR LINEAR
LINEAR LINEAR LINEAR LINEAR LINEAR LINEAR LINEAR LINEAR LINEAR LINEAR LINEAR</Name_array>
        <technique_common>
          <accessor source="#mixamorig_RightHandIndex1-Interpolations-array" count="46">
            <param type="name"/>
          </accessor>
        </technique_common>
      </source>
      <sampler id="mixamorig_RightHandIndex1-Matrix-animation-transform">
        <input semantic="INPUT" source="#mixamorig_RightHandIndex1-Matrix-animation-input"/>
        <input semantic="OUTPUT" source="#mixamorig_RightHandIndex1-Matrix-animation-output-transform"/>
        <input semantic="INTERPOLATION" source="#mixamorig_RightHandIndex1-Interpolations"/>
      </sampler>
      <channel source="#mixamorig_RightHandIndex1-Matrix-animation-transform" target="mixamorig_RightHandIndex1/matrix"/>
    </animation>
    <animation id="mixamorig_RightHandIndex2-anim" name="mixamorig_RightHandIndex2">
      <source id="mixamorig_RightHandIndex2-Matrix-animation-input">
        <float_array id="mixamorig_RightHandIndex2-Matrix-animation-input-array" count="46">

0.000000 0.033333 0.066667 0.100000 0.133333 0.166667 0.200000 0.233333 0.266667 0.300000 0.333333 0.366667 0.400000 0.433333 0.466667 0.500000
0.533333 0.566667 0.600000 0.633333 0.666667 0.700000 0.733333 0.766667 0.800000 0.833333 0.866667 0.900000 0.933333 0.966667 1.000000 1.033333
1.066667 1.100000 1.133333 1.166667 1.200000 1.233333 1.266667 1.300000 1.333333 1.366667 1.400000 1.433333 1.466667 1.500000</float_array>
        <technique_common>
          <accessor source="#mixamorig_RightHandIndex2-Matrix-animation-input-array" count="46">
            <param name="TIME" type="float"/>
          </accessor>
        </technique_common>
      </source>
      <source id="mixamorig_RightHandIndex2-Matrix-animation-output-transform">
        <float_array id="mixamorig_RightHandIndex2-Matrix-animation-output-transform-array" count="736">

0.997069 0.029244 -0.070693 -0.000000 -0.076503 0.382220 -0.920899 4.509100 0.000089 0.923609 0.383337 -0.000000 0.000000 0.000000 0.000000 1.000000
0.997069 0.029244 -0.070693 -0.000000 -0.076503 0.382220 -0.920899 4.509100 0.000089 0.923609 0.383337 0.000000 0.000000 0.000000 0.000000 1.000000
0.997069 0.029245 -0.070693 0.000000 -0.076503 0.382219 -0.920899 4.509100 0.000089 0.923609 0.383336 -0.000000 0.000000 0.000000 0.000000 1.000000
0.997069 0.029245 -0.070692 0.000000 -0.076503 0.382219 -0.920899 4.509100 0.000089 0.923609 0.383336 0.000000 0.000000 0.000000 0.000000 1.000000
0.997069 0.029244 -0.070692 0.000000 -0.076502 0.382219 -0.920899 4.509100 0.000089 0.923609 0.383337 0.000000 0.000000 0.000000 0.000000 1.000000
0.997069 0.029244 -0.070693 0.000000 -0.076503 0.382220 -0.920899 4.509100 0.000089 0.923608 0.383337 0.000000 0.000000 0.000000 0.000000 1.000000
0.997069 0.029244 -0.070693 0.000000 -0.076503 0.382220 -0.920899 4.509100 0.000089 0.923609 0.383337 0.000000 0.000000 0.000000 0.000000 1.000000
0.997069 0.029245 -0.070692 0.000000 -0.076503 0.382219 -0.920899 4.509100 0.000088 0.923609 0.383337 0.000000 0.000000 0.000000 0.000000 1.000000
0.997069 0.029244 -0.070693 0.000000 -0.076503 0.382219 -0.920900 4.509100 0.000089 0.923609 0.383336 0.000000 0.000000 0.000000 0.000000 1.000000
0.997069 0.029245 -0.070692 -0.000000 -0.076503 0.382219 -0.920899 4.509100 0.000089 0.923609 0.383337 0.000000 0.000000 0.000000 0.000000 1.000000
0.997069 0.029245 -0.070693 -0.000000 -0.076503 0.382220 -0.920899 4.509100 0.000089 0.923609 0.383337 0.000000 0.000000 0.000000 0.000000 1.000000
0.997069 0.029245 -0.070693 0.000000 -0.076503 0.382219 -0.920899 4.509100 0.000089 0.923609 0.383336 -0.000000 0.000000 0.000000 0.000000 1.000000
0.997069 0.029245 -0.070693 0.000000 -0.076503 0.382220 -0.920899 4.509100 0.000089 0.923609 0.383337 0.000000 0.000000 0.000000 0.000000 1.000000
0.997069 0.029244 -0.070693 0.000000 -0.076503 0.382219 -0.920899 4.509100 0.000089 0.923609 0.383336 -0.000000 0.000000 0.000000 0.000000 1.000000
0.997069 0.029245 -0.070693 0.000000 -0.076503 0.382219 -0.920899 4.509100 0.000089 0.923609 0.383336 -0.000000 0.000000 0.000000 0.000000 1.000000
0.997069 0.029244 -0.070692 0.000000 -0.076502 0.382219 -0.920899 4.509100 0.000089 0.923609 0.383337 0.000000 0.000000 0.000000 0.000000 1.000000
0.997069 0.029245 -0.070693 0.000000 -0.076503 0.382219 -0.920899 4.509100 0.000089 0.923609 0.383336 -0.000000 0.000000 0.000000 0.000000 1.000000
0.997069 0.029245 -0.070693 0.000000 -0.076503 0.382220 -0.920899 4.509100 0.000089 0.923609 0.383337 -0.000000 0.000000 0.000000 0.000000 1.000000
0.997069 0.029244 -0.070693 -0.000000 -0.076503 0.382220 -0.920899 4.509100 0.000089 0.923609 0.383337 0.000000 0.000000 0.000000 0.000000 1.000000
0.997069 0.029245 -0.070693 -0.000000 -0.076503 0.382220 -0.920899 4.509100 0.000089 0.923609 0.383337 0.000000 0.000000 0.000000 0.000000 1.000000
0.997069 0.029245 -0.070693 0.000000 -0.076503 0.382220 -0.920899 4.509100 0.000089 0.923609 0.383337 0.000000 0.000000 0.000000 0.000000 1.000000
0.997069 0.029245 -0.070693 0.000000 -0.076503 0.382219 -0.920899 4.509100 0.000089 0.923609 0.383336 -0.000000 0.000000 0.000000 0.000000 1.000000
0.997069 0.029245 -0.070693 0.000000 -0.076503 0.382219 -0.920899 4.509100 0.000089 0.923609 0.383337 0.000000 0.000000 0.000000 0.000000 1.000000
0.997069 0.029245 -0.070693 0.000000 -0.076503 0.382220 -0.920899 4.509100 0.000089 0.923609 0.383337 0.000000 0.000000 0.000000 0.000000 1.000000
0.997069 0.029245 -0.070692 0.000000 -0.076503 0.382220 -0.920899 4.509100 0.000089 0.923609 0.383337 -0.000000 0.000000 0.000000 0.000000 1.000000
0.997069 0.029244 -0.070692 -0.000000 -0.076503 0.382220 -0.920899 4.509100 0.000089 0.923609 0.383337 -0.000000 0.000000 0.000000 0.000000 1.000000
0.997069 0.029244 -0.070692 0.000000 -0.076503 0.382220 -0.920899 4.509100 0.000089 0.923609 0.383337 -0.000000 0.000000 0.000000 0.000000 1.000000
0.997069 0.029245 -0.070693 0.000000 -0.076503 0.382219 -0.920899 4.509100 0.000088 0.923609 0.383336 -0.000000 0.000000 0.000000 0.000000 1.000000
0.997069 0.029245 -0.070693 0.000000 -0.076503 0.382219 -0.920899 4.509100 0.000089 0.923609 0.383337 -0.000000 0.000000 0.000000 0.000000 1.000000
0.997069 0.029245 -0.070693 0.000000 -0.076503 0.382219 -0.920899 4.509100 0.000089 0.923609 0.383337 0.000000 0.000000 0.000000 0.000000 1.000000
0.997069 0.029245 -0.070693 -0.000000 -0.076503 0.382220 -0.920899 4.509100 0.000088 0.923609 0.383337 0.000000 0.000000 0.000000 0.000000 1.000000
0.997069 0.029244 -0.070693 -0.000000 -0.076503 0.382220 -0.920899 4.509100 0.000089 0.923609 0.383337 0.000000 0.000000 0.000000 0.000000 1.000000
0.997069 0.029245 -0.070693 -0.000000 -0.076503 0.382219 -0.920899 4.509100 0.000089 0.923609 0.383336 0.000000 0.000000 0.000000 0.000000 1.000000
0.997069 0.029245 -0.070692 0.000000 -0.076503 0.382219 -0.920900 4.509100 0.000089 0.923609 0.383336 0.000000 0.000000 0.000000 0.000000 1.000000
0.997069 0.029245 -0.070693 0.000000 -0.076503 0.382220 -0.920899 4.509100 0.000089 0.923609 0.383337 0.000000 0.000000 0.000000 0.000000 1.000000
0.997069 0.029245 -0.070693 0.000000 -0.076503 0.382220 -0.920899 4.509100 0.000088 0.923609 0.383337 0.000000 0.000000 0.000000 0.000000 1.000000
0.997069 0.029245 -0.070692 0.000000 -0.076503 0.382220 -0.920899 4.509100 0.000089 0.923609 0.383337 0.000000 0.000000 0.000000 0.000000 1.000000
0.997069 0.029245 -0.070693 0.000000 -0.076503 0.382219 -0.920899 4.509100 0.000088 0.923609 0.383337 0.000000 0.000000 0.000000 0.000000 1.000000
0.997069 0.029245 -0.070693 0.000000 -0.076503 0.382219 -0.920899 4.509100 0.000088 0.923609 0.383336 -0.000000 0.000000 0.000000 0.000000 1.000000
0.997069 0.029245 -0.070693 0.000000 -0.076503 0.382220 -0.920899 4.509100 0.000089 0.923609 0.383337 0.000000 0.000000 0.000000 0.000000 1.000000
0.997069 0.029245 -0.070693 0.000000 -0.076503 0.382219 -0.920899 4.509100 0.000089 0.923609 0.383336 0.000000 0.000000 0.000000 0.000000 1.000000
0.997069 0.029245 -0.070693 0.000000 -0.076503 0.382219 -0.920899 4.509100 0.000089 0.923609 0.383336 0.000000 0.000000 0.000000 0.000000 1.000000
0.997069 0.029245 -0.070693 0.000000 -0.076503 0.382220 -0.920899 4.509100 0.000089 0.923609 0.383337 0.000000 0.000000 0.000000 0.000000 1.000000
0.997069 0.029245 -0.070693 0.000000 -0.076503 0.382220 -0.920899 4.509100 0.000089 0.923609 0.383337 0.000000 0.000000 0.000000 0.000000 1.000000
0.997069 0.029245 -0.070693 0.000000 -0.076503 0.382219 -0.920899 4.509100 0.000089 0.923609 0.383336 0.000000 0.000000 0.000000 0.000000 1.000000
0.997069 0.029245 -0.070693 -0.000000 -0.076503 0.382219 -0.920899 4.509100 0.000089 0.923609 0.383336 0.000000 0.000000 0.000000 0.000000 1.000000</float_array>
        <technique_common>
          <accessor source="#mixamorig_RightHandIndex2-Matrix-animation-output-transform-array" count="46" stride="16">
            <param type="float4x4"/>
          </accessor>
        </technique_common>
      </source>
      <source id="mixamorig_RightHandIndex2-Interpolations">
        <Name_array id="mixamorig_RightHandIndex2-Interpolations-array" count="46">
 LINEAR LINEAR LINEAR LINEAR LINEAR LINEAR LINEAR LINEAR LINEAR LINEAR LINEAR
LINEAR LINEAR LINEAR LINEAR LINEAR LINEAR LINEAR LINEAR LINEAR LINEAR LINEAR LINEAR
LINEAR LINEAR LINEAR LINEAR LINEAR LINEAR LINEAR LINEAR LINEAR LINEAR LINEAR LINEAR
LINEAR LINEAR LINEAR LINEAR LINEAR LINEAR LINEAR LINEAR LINEAR LINEAR LINEAR</Name_array>
        <technique_common>
          <accessor source="#mixamorig_RightHandIndex2-Interpolations-array" count="46">
            <param type="name"/>
          </accessor>
        </technique_common>
      </source>
      <sampler id="mixamorig_RightHandIndex2-Matrix-animation-transform">
        <input semantic="INPUT" source="#mixamorig_RightHandIndex2-Matrix-animation-input"/>
        <input semantic="OUTPUT" source="#mixamorig_RightHandIndex2-Matrix-animation-output-transform"/>
        <input semantic="INTERPOLATION" source="#mixamorig_RightHandIndex2-Interpolations"/>
      </sampler>
      <channel source="#mixamorig_RightHandIndex2-Matrix-animation-transform" target="mixamorig_RightHandIndex2/matrix"/>
    </animation>
    <animation id="mixamorig_RightHandIndex3-anim" name="mixamorig_RightHandIndex3">
      <source id="mixamorig_RightHandIndex3-Matrix-animation-input">
        <float_array id="mixamorig_RightHandIndex3-Matrix-animation-input-array" count="46">

0.000000 0.033333 0.066667 0.100000 0.133333 0.166667 0.200000 0.233333 0.266667 0.300000 0.333333 0.366667 0.400000 0.433333 0.466667 0.500000
0.533333 0.566667 0.600000 0.633333 0.666667 0.700000 0.733333 0.766667 0.800000 0.833333 0.866667 0.900000 0.933333 0.966667 1.000000 1.033333
1.066667 1.100000 1.133333 1.166667 1.200000 1.233333 1.266667 1.300000 1.333333 1.366667 1.400000 1.433333 1.466667 1.500000</float_array>
        <technique_common>
          <accessor source="#mixamorig_RightHandIndex3-Matrix-animation-input-array" count="46">
            <param name="TIME" type="float"/>
          </accessor>
        </technique_common>
      </source>
      <source id="mixamorig_RightHandIndex3-Matrix-animation-output-transform">
        <float_array id="mixamorig_RightHandIndex3-Matrix-animation-output-transform-array" count="736">

0.999404 -0.034506 -0.000035 0.000000 0.012010 0.348805 -0.937118 2.907200 0.032349 0.936560 0.349011 0.000000 0.000000 0.000000 0.000000 1.000000
0.999404 -0.034506 -0.000035 -0.000000 0.012010 0.348805 -0.937119 2.907200 0.032349 0.936560 0.349011 0.000000 0.000000 0.000000 0.000000 1.000000
0.999404 -0.034506 -0.000035 0.000000 0.012010 0.348804 -0.937119 2.907200 0.032349 0.936560 0.349011 0.000000 0.000000 0.000000 0.000000 1.000000
0.999404 -0.034506 -0.000035 -0.000000 0.012010 0.348805 -0.937119 2.907200 0.032349 0.936560 0.349011 0.000000 0.000000 0.000000 0.000000 1.000000
0.999404 -0.034506 -0.000035 0.000000 0.012010 0.348804 -0.937119 2.907200 0.032349 0.936560 0.349011 0.000000 0.000000 0.000000 0.000000 1.000000
0.999404 -0.034506 -0.000035 0.000000 0.012011 0.348804 -0.937119 2.907200 0.032348 0.936560 0.349011 0.000000 0.000000 0.000000 0.000000 1.000000
0.999404 -0.034506 -0.000034 -0.000000 0.012011 0.348804 -0.937119 2.907200 0.032349 0.936560 0.349011 0.000000 0.000000 0.000000 0.000000 1.000000
0.999404 -0.034507 -0.000035 -0.000000 0.012011 0.348805 -0.937118 2.907200 0.032349 0.936560 0.349011 -0.000000 0.000000 0.000000 0.000000 1.000000
0.999404 -0.034507 -0.000035 0.000000 0.012010 0.348805 -0.937119 2.907200 0.032349 0.936560 0.349011 0.000000 0.000000 0.000000 0.000000 1.000000
0.999404 -0.034507 -0.000035 0.000000 0.012010 0.348804 -0.937119 2.907200 0.032349 0.936560 0.349011 0.000000 0.000000 0.000000 0.000000 1.000000
0.999404 -0.034506 -0.000035 -0.000000 0.012010 0.348805 -0.937118 2.907200 0.032349 0.936560 0.349011 0.000000 0.000000 0.000000 0.000000 1.000000
0.999404 -0.034507 -0.000035 0.000000 0.012010 0.348804 -0.937119 2.907200 0.032349 0.936560 0.349011 0.000000 0.000000 0.000000 0.000000 1.000000
0.999404 -0.034507 -0.000035 0.000000 0.012010 0.348804 -0.937119 2.907200 0.032349 0.936560 0.349011 0.000000 0.000000 0.000000 0.000000 1.000000
0.999404 -0.034506 -0.000035 0.000000 0.012010 0.348804 -0.937119 2.907200 0.032349 0.936560 0.349011 0.000000 0.000000 0.000000 0.000000 1.000000
0.999404 -0.034506 -0.000035 0.000000 0.012011 0.348804 -0.937119 2.907200 0.032349 0.936560 0.349011 0.000000 0.000000 0.000000 0.000000 1.000000
0.999404 -0.034507 -0.000035 -0.000000 0.012011 0.348805 -0.937119 2.907200 0.032349 0.936560 0.349011 -0.000000 0.000000 0.000000 0.000000 1.000000
0.999404 -0.034506 -0.000035 -0.000000 0.012011 0.348805 -0.937118 2.907200 0.032348 0.936560 0.349012 -0.000000 0.000000 0.000000 0.000000 1.000000
0.999404 -0.034506 -0.000034 0.000000 0.012011 0.348804 -0.937119 2.907200 0.032348 0.936560 0.349011 0.000000 0.000000 0.000000 0.000000 1.000000
0.999404 -0.034506 -0.000035 0.000000 0.012011 0.348804 -0.937119 2.907200 0.032349 0.936560 0.349011 0.000000 0.000000 0.000000 0.000000 1.000000
0.999404 -0.034506 -0.000035 -0.000000 0.012011 0.348804 -0.937119 2.907200 0.032348 0.936560 0.349011 0.000000 0.000000 0.000000 0.000000 1.000000
0.999404 -0.034506 -0.000034 0.000000 0.012011 0.348805 -0.937119 2.907200 0.032349 0.936560 0.349011 0.000000 0.000000 0.000000 0.000000 1.000000
0.999404 -0.034506 -0.000035 -0.000000 0.012010 0.348805 -0.937119 2.907200 0.032349 0.936560 0.349011 0.000000 0.000000 0.000000 0.000000 1.000000
0.999404 -0.034506 -0.000034 -0.000000 0.012011 0.348804 -0.937119 2.907200 0.032349 0.936560 0.349011 0.000000 0.000000 0.000000 0.000000 1.000000
0.999404 -0.034507 -0.000035 0.000000 0.012011 0.348805 -0.937118 2.907200 0.032349 0.936560 0.349012 0.000000 0.000000 0.000000 0.000000 1.000000
0.999404 -0.034507 -0.000035 -0.000000 0.012010 0.348804 -0.937119 2.907200 0.032349 0.936560 0.349011 0.000000 0.000000 0.000000 0.000000 1.000000
0.999404 -0.034507 -0.000035 0.000000 0.012010 0.348805 -0.937119 2.907200 0.032349 0.936560 0.349011 0.000000 0.000000 0.000000 0.000000 1.000000
0.999404 -0.034506 -0.000035 -0.000000 0.012010 0.348804 -0.937119 2.907200 0.032349 0.936560 0.349011 -0.000000 0.000000 0.000000 0.000000 1.000000
0.999404 -0.034507 -0.000035 0.000000 0.012011 0.348805 -0.937118 2.907200 0.032349 0.936560 0.349012 0.000000 0.000000 0.000000 0.000000 1.000000
0.999404 -0.034507 -0.000034 0.000000 0.012011 0.348804 -0.937119 2.907200 0.032349 0.936560 0.349011 0.000000 0.000000 0.000000 0.000000 1.000000
0.999404 -0.034506 -0.000035 0.000000 0.012010 0.348804 -0.937119 2.907200 0.032349 0.936560 0.349011 -0.000000 0.000000 0.000000 0.000000 1.000000
0.999404 -0.034506 -0.000034 0.000000 0.012011 0.348805 -0.937118 2.907200 0.032349 0.936560 0.349011 0.000000 0.000000 0.000000 0.000000 1.000000
0.999404 -0.034506 -0.000035 0.000000 0.012011 0.348804 -0.937119 2.907200 0.032349 0.936560 0.349011 0.000000 0.000000 0.000000 0.000000 1.000000
0.999404 -0.034507 -0.000035 0.000000 0.012011 0.348804 -0.937119 2.907200 0.032349 0.936560 0.349011 -0.000000 0.000000 0.000000 0.000000 1.000000
0.999404 -0.034507 -0.000035 0.000000 0.012011 0.348805 -0.937118 2.907200 0.032350 0.936560 0.349011 -0.000000 0.000000 0.000000 0.000000 1.000000
0.999404 -0.034507 -0.000035 0.000000 0.012010 0.348805 -0.937118 2.907200 0.032349 0.936560 0.349012 -0.000000 0.000000 0.000000 0.000000 1.000000
0.999404 -0.034506 -0.000035 0.000000 0.012010 0.348804 -0.937119 2.907200 0.032348 0.936560 0.349011 0.000000 0.000000 0.000000 0.000000 1.000000
0.999404 -0.034507 -0.000035 0.000000 0.012010 0.348804 -0.937119 2.907200 0.032349 0.936560 0.349011 -0.000000 0.000000 0.000000 0.000000 1.000000
0.999404 -0.034507 -0.000035 -0.000000 0.012011 0.348805 -0.937118 2.907200 0.032349 0.936560 0.349012 0.000000 0.000000 0.000000 0.000000 1.000000
0.999404 -0.034507 -0.000035 0.000000 0.012011 0.348805 -0.937119 2.907200 0.032349 0.936560 0.349011 0.000000 0.000000 0.000000 0.000000 1.000000
0.999404 -0.034506 -0.000035 0.000000 0.012011 0.348805 -0.937118 2.907200 0.032349 0.936560 0.349011 -0.000000 0.000000 0.000000 0.000000 1.000000
0.999404 -0.034506 -0.000035 0.000000 0.012010 0.348805 -0.937118 2.907200 0.032349 0.936560 0.349011 -0.000000 0.000000 0.000000 0.000000 1.000000
0.999404 -0.034506 -0.000035 0.000000 0.012010 0.348805 -0.937119 2.907200 0.032349 0.936560 0.349011 0.000000 0.000000 0.000000 0.000000 1.000000
0.999404 -0.034506 -0.000035 -0.000000 0.012010 0.348805 -0.937118 2.907200 0.032349 0.936560 0.349012 0.000000 0.000000 0.000000 0.000000 1.000000
0.999404 -0.034506 -0.000035 -0.000000 0.012011 0.348804 -0.937119 2.907200 0.032349 0.936560 0.349011 -0.000000 0.000000 0.000000 0.000000 1.000000
0.999404 -0.034506 -0.000035 0.000000 0.012010 0.348805 -0.937118 2.907200 0.032348 0.936560 0.349012 0.000000 0.000000 0.000000 0.000000 1.000000
0.999404 -0.034506 -0.000035 0.000000 0.012011 0.348805 -0.937118 2.907200 0.032349 0.936560 0.349011 0.000000 0.000000 0.000000 0.000000 1.000000</float_array>
        <technique_common>
          <accessor source="#mixamorig_RightHandIndex3-Matrix-animation-output-transform-array" count="46" stride="16">
            <param type="float4x4"/>
          </accessor>
        </technique_common>
      </source>
      <source id="mixamorig_RightHandIndex3-Interpolations">
        <Name_array id="mixamorig_RightHandIndex3-Interpolations-array" count="46">
 LINEAR LINEAR LINEAR LINEAR LINEAR LINEAR LINEAR LINEAR LINEAR LINEAR LINEAR
LINEAR LINEAR LINEAR LINEAR LINEAR LINEAR LINEAR LINEAR LINEAR LINEAR LINEAR LINEAR
LINEAR LINEAR LINEAR LINEAR LINEAR LINEAR LINEAR LINEAR LINEAR LINEAR LINEAR LINEAR
LINEAR LINEAR LINEAR LINEAR LINEAR LINEAR LINEAR LINEAR LINEAR LINEAR LINEAR</Name_array>
        <technique_common>
          <accessor source="#mixamorig_RightHandIndex3-Interpolations-array" count="46">
            <param type="name"/>
          </accessor>
        </technique_common>
      </source>
      <sampler id="mixamorig_RightHandIndex3-Matrix-animation-transform">
        <input semantic="INPUT" source="#mixamorig_RightHandIndex3-Matrix-animation-input"/>
        <input semantic="OUTPUT" source="#mixamorig_RightHandIndex3-Matrix-animation-output-transform"/>
        <input semantic="INTERPOLATION" source="#mixamorig_RightHandIndex3-Interpolations"/>
      </sampler>
      <channel source="#mixamorig_RightHandIndex3-Matrix-animation-transform" target="mixamorig_RightHandIndex3/matrix"/>
    </animation>
    <animation id="mixamorig_RightHandMiddle1-anim" name="mixamorig_RightHandMiddle1">
      <source id="mixamorig_RightHandMiddle1-Matrix-animation-input">
        <float_array id="mixamorig_RightHandMiddle1-Matrix-animation-input-array" count="46">

0.000000 0.033333 0.066667 0.100000 0.133333 0.166667 0.200000 0.233333 0.266667 0.300000 0.333333 0.366667 0.400000 0.433333 0.466667 0.500000
0.533333 0.566667 0.600000 0.633333 0.666667 0.700000 0.733333 0.766667 0.800000 0.833333 0.866667 0.900000 0.933333 0.966667 1.000000 1.033333
1.066667 1.100000 1.133333 1.166667 1.200000 1.233333 1.266667 1.300000 1.333333 1.366667 1.400000 1.433333 1.466667 1.500000</float_array>
        <technique_common>
          <accessor source="#mixamorig_RightHandMiddle1-Matrix-animation-input-array" count="46">
            <param name="TIME" type="float"/>
          </accessor>
        </technique_common>
      </source>
      <source id="mixamorig_RightHandMiddle1-Matrix-animation-output-transform">
        <float_array id="mixamorig_RightHandMiddle1-Matrix-animation-output-transform-array" count="736">

0.994537 0.092939 0.047534 0.000000 0.042220 0.058332 -0.997404 15.099700 -0.095470 0.993962 0.054089 0.000000 0.000000 0.000000 0.000000 1.000000
0.994537 0.092939 0.047534 0.000000 0.042220 0.058331 -0.997404 15.099700 -0.095470 0.993962 0.054088 0.000000 0.000000 0.000000 0.000000 1.000000
0.994537 0.092938 0.047534 0.000000 0.042220 0.058331 -0.997404 15.099700 -0.095470 0.993962 0.054089 0.000000 0.000000 0.000000 0.000000 1.000000
0.994537 0.092939 0.047534 0.000000 0.042220 0.058331 -0.997404 15.099700 -0.095470 0.993962 0.054088 0.000000 0.000000 0.000000 0.000000 1.000000
0.994537 0.092938 0.047534 -0.000000 0.042220 0.058331 -0.997404 15.099700 -0.095470 0.993962 0.054088 0.000000 0.000000 0.000000 0.000000 1.000000
0.994537 0.092939 0.047534 -0.000000 0.042220 0.058331 -0.997404 15.099700 -0.095470 0.993962 0.054088 0.000000 0.000000 0.000000 0.000000 1.000000
0.994537 0.092938 0.047534 0.000000 0.042220 0.058331 -0.997404 15.099700 -0.095470 0.993962 0.054088 -0.000000 0.000000 0.000000 0.000000 1.000000
0.994537 0.092939 0.047533 0.000000 0.042219 0.058331 -0.997404 15.099700 -0.095470 0.993962 0.054089 0.000000 0.000000 0.000000 0.000000 1.000000
0.994536 0.092939 0.047534 0.000000 0.042220 0.058331 -0.997404 15.099700 -0.095471 0.993962 0.054088 0.000000 0.000000 0.000000 0.000000 1.000000
0.994537 0.092939 0.047534 0.000000 0.042220 0.058331 -0.997404 15.099700 -0.095470 0.993962 0.054089 0.000000 0.000000 0.000000 0.000000 1.000000
0.994537 0.092939 0.047534 0.000000 0.042220 0.058331 -0.997404 15.099700 -0.095470 0.993962 0.054088 0.000000 0.000000 0.000000 0.000000 1.000000
0.994537 0.092939 0.047534 0.000000 0.042220 0.058331 -0.997404 15.099700 -0.095470 0.993962 0.054088 0.000000 0.000000 0.000000 0.000000 1.000000
0.994537 0.092938 0.047534 0.000000 0.042220 0.058331 -0.997404 15.099700 -0.095470 0.993962 0.054089 -0.000000 0.000000 0.000000 0.000000 1.000000
0.994537 0.092939 0.047534 0.000000 0.042220 0.058331 -0.997404 15.099700 -0.095470 0.993962 0.054088 -0.000000 0.000000 0.000000 0.000000 1.000000
0.994536 0.092939 0.047534 0.000000 0.042220 0.058331 -0.997404 15.099700 -0.095471 0.993962 0.054088 0.000000 0.000000 0.000000 0.000000 1.000000
0.994537 0.092939 0.047534 0.000000 0.042220 0.058331 -0.997404 15.099700 -0.095470 0.993962 0.054088 0.000000 0.000000 0.000000 0.000000 1.000000
0.994537 0.092939 0.047534 -0.000000 0.042220 0.058331 -0.997404 15.099700 -0.095470 0.993962 0.054089 0.000000 0.000000 0.000000 0.000000 1.000000
0.994537 0.092939 0.047534 -0.000000 0.042220 0.058331 -0.997404 15.099700 -0.095470 0.993962 0.054089 0.000000 0.000000 0.000000 0.000000 1.000000
0.994536 0.092939 0.047534 0.000000 0.042220 0.058332 -0.997404 15.099700 -0.095471 0.993962 0.054089 0.000000 0.000000 0.000000 0.000000 1.000000
0.994537 0.092938 0.047534 0.000000 0.042220 0.058331 -0.997404 15.099700 -0.095470 0.993962 0.054088 0.000000 0.000000 0.000000 0.000000 1.000000
0.994537 0.092939 0.047534 0.000000 0.042220 0.058332 -0.997404 15.099700 -0.095470 0.993962 0.054089 -0.000000 0.000000 0.000000 0.000000 1.000000
0.994537 0.092939 0.047534 0.000000 0.042220 0.058331 -0.997404 15.099700 -0.095470 0.993962 0.054089 0.000000 0.000000 0.000000 0.000000 1.000000
0.994537 0.092939 0.047534 0.000000 0.042220 0.058331 -0.997404 15.099700 -0.095470 0.993962 0.054088 0.000000 0.000000 0.000000 0.000000 1.000000
0.994537 0.092939 0.047534 0.000000 0.042220 0.058331 -0.997404 15.099700 -0.095470 0.993962 0.054089 0.000000 0.000000 0.000000 0.000000 1.000000
0.994536 0.092939 0.047534 0.000000 0.042220 0.058331 -0.997404 15.099700 -0.095471 0.993962 0.054089 0.000000 0.000000 0.000000 0.000000 1.000000
0.994537 0.092939 0.047534 0.000000 0.042220 0.058331 -0.997404 15.099700 -0.095470 0.993962 0.054089 0.000000 0.000000 0.000000 0.000000 1.000000
0.994537 0.092938 0.047534 -0.000000 0.042220 0.058331 -0.997404 15.099700 -0.095470 0.993962 0.054089 0.000000 0.000000 0.000000 0.000000 1.000000
0.994537 0.092939 0.047534 0.000000 0.042220 0.058331 -0.997404 15.099700 -0.095470 0.993962 0.054089 0.000000 0.000000 0.000000 0.000000 1.000000
0.994537 0.092939 0.047534 0.000000 0.042220 0.058331 -0.997404 15.099700 -0.095470 0.993962 0.054089 0.000000 0.000000 0.000000 0.000000 1.000000
0.994536 0.092939 0.047534 -0.000000 0.042220 0.058332 -0.997404 15.099700 -0.095471 0.993962 0.054089 -0.000000 0.000000 0.000000 0.000000 1.000000
0.994537 0.092939 0.047534 0.000000 0.042220 0.058331 -0.997404 15.099700 -0.095470 0.993962 0.054089 0.000000 0.000000 0.000000 0.000000 1.000000
0.994537 0.092939 0.047534 -0.000000 0.042220 0.058331 -0.997404 15.099700 -0.095470 0.993962 0.054089 0.000000 0.000000 0.000000 0.000000 1.000000
0.994537 0.092939 0.047534 0.000000 0.042220 0.058331 -0.997404 15.099700 -0.095470 0.993962 0.054088 -0.000000 0.000000 0.000000 0.000000 1.000000
0.994537 0.092938 0.047534 0.000000 0.042220 0.058331 -0.997404 15.099700 -0.095470 0.993962 0.054088 -0.000000 0.000000 0.000000 0.000000 1.000000
0.994536 0.092939 0.047534 0.000000 0.042220 0.058331 -0.997404 15.099700 -0.095471 0.993962 0.054088 0.000000 0.000000 0.000000 0.000000 1.000000
0.994537 0.092939 0.047534 0.000000 0.042220 0.058332 -0.997404 15.099700 -0.095471 0.993962 0.054089 0.000000 0.000000 0.000000 0.000000 1.000000
0.994537 0.092939 0.047534 0.000000 0.042220 0.058331 -0.997404 15.099700 -0.095470 0.993962 0.054089 0.000000 0.000000 0.000000 0.000000 1.000000
0.994537 0.092939 0.047534 0.000000 0.042220 0.058331 -0.997404 15.099700 -0.095470 0.993962 0.054088 0.000000 0.000000 0.000000 0.000000 1.000000
0.994536 0.092939 0.047534 -0.000000 0.042220 0.058331 -0.997404 15.099700 -0.095471 0.993962 0.054088 0.000000 0.000000 0.000000 0.000000 1.000000
0.994537 0.092939 0.047534 -0.000000 0.042220 0.058331 -0.997404 15.099700 -0.095470 0.993962 0.054088 0.000000 0.000000 0.000000 0.000000 1.000000
0.994537 0.092938 0.047534 0.000000 0.042220 0.058331 -0.997404 15.099700 -0.095470 0.993962 0.054089 0.000000 0.000000 0.000000 0.000000 1.000000
0.994537 0.092939 0.047534 0.000000 0.042220 0.058331 -0.997404 15.099700 -0.095470 0.993962 0.054089 0.000000 0.000000 0.000000 0.000000 1.000000
0.994536 0.092939 0.047534 0.000000 0.042220 0.058331 -0.997404 15.099700 -0.095471 0.993962 0.054089 -0.000000 0.000000 0.000000 0.000000 1.000000
0.994537 0.092939 0.047534 -0.000000 0.042220 0.058331 -0.997404 15.099700 -0.095470 0.993962 0.054089 0.000000 0.000000 0.000000 0.000000 1.000000
0.994537 0.092939 0.047534 0.000000 0.042220 0.058331 -0.997404 15.099700 -0.095471 0.993962 0.054089 0.000000 0.000000 0.000000 0.000000 1.000000
0.994537 0.092939 0.047534 0.000000 0.042220 0.058331 -0.997404 15.099700 -0.095470 0.993962 0.054089 0.000000 0.000000 0.000000 0.000000 1.000000</float_array>
        <technique_common>
          <accessor source="#mixamorig_RightHandMiddle1-Matrix-animation-output-transform-array" count="46" stride="16">
            <param type="float4x4"/>
          </accessor>
        </technique_common>
      </source>
      <source id="mixamorig_RightHandMiddle1-Interpolations">
        <Name_array id="mixamorig_RightHandMiddle1-Interpolations-array" count="46">
 LINEAR LINEAR LINEAR LINEAR LINEAR LINEAR LINEAR LINEAR LINEAR LINEAR LINEAR
LINEAR LINEAR LINEAR LINEAR LINEAR LINEAR LINEAR LINEAR LINEAR LINEAR LINEAR LINEAR
LINEAR LINEAR LINEAR LINEAR LINEAR LINEAR LINEAR LINEAR LINEAR LINEAR LINEAR LINEAR
LINEAR LINEAR LINEAR LINEAR LINEAR LINEAR LINEAR LINEAR LINEAR LINEAR LINEAR</Name_array>
        <technique_common>
          <accessor source="#mixamorig_RightHandMiddle1-Interpolations-array" count="46">
            <param type="name"/>
          </accessor>
        </technique_common>
      </source>
      <sampler id="mixamorig_RightHandMiddle1-Matrix-animation-transform">
        <input semantic="INPUT" source="#mixamorig_RightHandMiddle1-Matrix-animation-input"/>
        <input semantic="OUTPUT" source="#mixamorig_RightHandMiddle1-Matrix-animation-output-transform"/>
        <input semantic="INTERPOLATION" source="#mixamorig_RightHandMiddle1-Interpolations"/>
      </sampler>
      <channel source="#mixamorig_RightHandMiddle1-Matrix-animation-transform" target="mixamorig_RightHandMiddle1/matrix"/>
    </animation>
    <animation id="mixamorig_RightHandMiddle2-anim" name="mixamorig_RightHandMiddle2">
      <source id="mixamorig_RightHandMiddle2-Matrix-animation-input">
        <float_array id="mixamorig_RightHandMiddle2-Matrix-animation-input-array" count="46">

0.000000 0.033333 0.066667 0.100000 0.133333 0.166667 0.200000 0.233333 0.266667 0.300000 0.333333 0.366667 0.400000 0.433333 0.466667 0.500000
0.533333 0.566667 0.600000 0.633333 0.666667 0.700000 0.733333 0.766667 0.800000 0.833333 0.866667 0.900000 0.933333 0.966667 1.000000 1.033333
1.066667 1.100000 1.133333 1.166667 1.200000 1.233333 1.266667 1.300000 1.333333 1.366667 1.400000 1.433333 1.466667 1.500000</float_array>
        <technique_common>
          <accessor source="#mixamorig_RightHandMiddle2-Matrix-animation-input-array" count="46">
            <param name="TIME" type="float"/>
          </accessor>
        </technique_common>
      </source>
      <source id="mixamorig_RightHandMiddle2-Matrix-animation-output-transform">
        <float_array id="mixamorig_RightHandMiddle2-Matrix-animation-output-transform-array" count="736">

0.996348 0.020940 -0.082775 -0.000000 -0.085374 0.230842 -0.969239 3.620200 -0.001187 0.972766 0.231786 0.000000 0.000000 0.000000 0.000000 1.000000
0.996348 0.020940 -0.082775 0.000000 -0.085374 0.230842 -0.969239 3.620200 -0.001188 0.972766 0.231786 -0.000000 0.000000 0.000000 0.000000 1.000000
0.996348 0.020940 -0.082775 0.000000 -0.085374 0.230841 -0.969239 3.620200 -0.001188 0.972766 0.231786 0.000000 0.000000 0.000000 0.000000 1.000000
0.996348 0.020940 -0.082775 0.000000 -0.085374 0.230842 -0.969239 3.620200 -0.001188 0.972766 0.231786 0.000000 0.000000 0.000000 0.000000 1.000000
0.996348 0.020940 -0.082775 0.000000 -0.085374 0.230842 -0.969239 3.620200 -0.001188 0.972766 0.231787 0.000000 0.000000 0.000000 0.000000 1.000000
0.996348 0.020940 -0.082775 0.000000 -0.085374 0.230842 -0.969239 3.620200 -0.001188 0.972766 0.231786 0.000000 0.000000 0.000000 0.000000 1.000000
0.996348 0.020940 -0.082775 0.000000 -0.085374 0.230842 -0.969238 3.620200 -0.001188 0.972766 0.231787 -0.000000 0.000000 0.000000 0.000000 1.000000
0.996348 0.020939 -0.082774 0.000000 -0.085373 0.230842 -0.969239 3.620200 -0.001188 0.972766 0.231786 0.000000 0.000000 0.000000 0.000000 1.000000
0.996348 0.020940 -0.082775 -0.000000 -0.085374 0.230842 -0.969239 3.620200 -0.001188 0.972766 0.231786 -0.000000 0.000000 0.000000 0.000000 1.000000
0.996348 0.020940 -0.082775 -0.000000 -0.085374 0.230842 -0.969239 3.620200 -0.001188 0.972766 0.231787 -0.000000 0.000000 0.000000 0.000000 1.000000
0.996348 0.020940 -0.082775 0.000000 -0.085375 0.230841 -0.969239 3.620200 -0.001188 0.972766 0.231786 0.000000 0.000000 0.000000 0.000000 1.000000
0.996348 0.020939 -0.082775 -0.000000 -0.085375 0.230841 -0.969239 3.620200 -0.001187 0.972766 0.231786 -0.000000 0.000000 0.000000 0.000000 1.000000
0.996348 0.020940 -0.082775 0.000000 -0.085374 0.230841 -0.969239 3.620200 -0.001188 0.972766 0.231786 0.000000 0.000000 0.000000 0.000000 1.000000
0.996348 0.020940 -0.082775 0.000000 -0.085374 0.230842 -0.969239 3.620200 -0.001187 0.972766 0.231786 -0.000000 0.000000 0.000000 0.000000 1.000000
0.996348 0.020939 -0.082775 0.000000 -0.085374 0.230842 -0.969239 3.620200 -0.001187 0.972766 0.231786 -0.000000 0.000000 0.000000 0.000000 1.000000
0.996348 0.020940 -0.082775 0.000000 -0.085374 0.230841 -0.969239 3.620200 -0.001188 0.972766 0.231786 -0.000000 0.000000 0.000000 0.000000 1.000000
0.996348 0.020939 -0.082774 0.000000 -0.085374 0.230842 -0.969239 3.620200 -0.001187 0.972766 0.231787 -0.000000 0.000000 0.000000 0.000000 1.000000
0.996348 0.020940 -0.082775 0.000000 -0.085374 0.230841 -0.969239 3.620200 -0.001188 0.972766 0.231786 0.000000 0.000000 0.000000 0.000000 1.000000
0.996348 0.020940 -0.082775 0.000000 -0.085374 0.230841 -0.969239 3.620200 -0.001188 0.972766 0.231786 0.000000 0.000000 0.000000 0.000000 1.000000
0.996348 0.020940 -0.082775 0.000000 -0.085374 0.230842 -0.969239 3.620200 -0.001188 0.972766 0.231786 -0.000000 0.000000 0.000000 0.000000 1.000000
0.996348 0.020939 -0.082775 0.000000 -0.085374 0.230841 -0.969239 3.620200 -0.001187 0.972766 0.231786 0.000000 0.000000 0.000000 0.000000 1.000000
0.996348 0.020940 -0.082775 0.000000 -0.085374 0.230841 -0.969239 3.620200 -0.001188 0.972766 0.231786 -0.000000 0.000000 0.000000 0.000000 1.000000
0.996348 0.020940 -0.082775 0.000000 -0.085374 0.230841 -0.969239 3.620200 -0.001188 0.972766 0.231786 0.000000 0.000000 0.000000 0.000000 1.000000
0.996348 0.020940 -0.082775 0.000000 -0.085374 0.230842 -0.969238 3.620200 -0.001188 0.972766 0.231787 0.000000 0.000000 0.000000 0.000000 1.000000
0.996348 0.020940 -0.082775 0.000000 -0.085374 0.230841 -0.969239 3.620200 -0.001188 0.972766 0.231786 0.000000 0.000000 0.000000 0.000000 1.000000
0.996348 0.020940 -0.082775 -0.000000 -0.085374 0.230842 -0.969239 3.620200 -0.001188 0.972766 0.231786 0.000000 0.000000 0.000000 0.000000 1.000000
0.996348 0.020940 -0.082775 0.000000 -0.085374 0.230842 -0.969238 3.620200 -0.001188 0.972766 0.231787 0.000000 0.000000 0.000000 0.000000 1.000000
0.996348 0.020940 -0.082775 0.000000 -0.085374 0.230841 -0.969239 3.620200 -0.001188 0.972766 0.231786 0.000000 0.000000 0.000000 0.000000 1.000000
0.996348 0.020940 -0.082775 0.000000 -0.085374 0.230841 -0.969239 3.620200 -0.001188 0.972766 0.231786 0.000000 0.000000 0.000000 0.000000 1.000000
0.996348 0.020940 -0.082775 0.000000 -0.085374 0.230842 -0.969239 3.620200 -0.001188 0.972766 0.231786 0.000000 0.000000 0.000000 0.000000 1.000000
0.996348 0.020940 -0.082774 0.000000 -0.085374 0.230842 -0.969239 3.620200 -0.001188 0.972766 0.231786 -0.000000 0.000000 0.000000 0.000000 1.000000
0.996348 0.020940 -0.082775 0.000000 -0.085374 0.230842 -0.969239 3.620200 -0.001188 0.972766 0.231786 0.000000 0.000000 0.000000 0.000000 1.000000
0.996348 0.020940 -0.082775 0.000000 -0.085374 0.230841 -0.969239 3.620200 -0.001188 0.972766 0.231786 0.000000 0.000000 0.000000 0.000000 1.000000
0.996348 0.020940 -0.082775 0.000000 -0.085375 0.230841 -0.969239 3.620200 -0.001188 0.972766 0.231786 0.000000 0.000000 0.000000 0.000000 1.000000
0.996348 0.020940 -0.082775 0.000000 -0.085374 0.230842 -0.969239 3.620200 -0.001188 0.972766 0.231786 0.000000 0.000000 0.000000 0.000000 1.000000
0.996348 0.020940 -0.082775 -0.000000 -0.085374 0.230841 -0.969239 3.620200 -0.001188 0.972766 0.231786 0.000000 0.000000 0.000000 0.000000 1.000000
0.996348 0.020940 -0.082775 0.000000 -0.085374 0.230842 -0.969239 3.620200 -0.001188 0.972766 0.231786 -0.000000 0.000000 0.000000 0.000000 1.000000
0.996348 0.020939 -0.082775 0.000000 -0.085374 0.230841 -0.969239 3.620200 -0.001187 0.972766 0.231786 0.000000 0.000000 0.000000 0.000000 1.000000
0.996348 0.020940 -0.082775 0.000000 -0.085374 0.230841 -0.969239 3.620200 -0.001188 0.972766 0.231786 0.000000 0.000000 0.000000 0.000000 1.000000
0.996348 0.020940 -0.082775 0.000000 -0.085374 0.230842 -0.969239 3.620200 -0.001188 0.972766 0.231786 0.000000 0.000000 0.000000 0.000000 1.000000
0.996348 0.020940 -0.082775 0.000000 -0.085375 0.230841 -0.969239 3.620200 -0.001188 0.972766 0.231786 -0.000000 0.000000 0.000000 0.000000 1.000000
0.996348 0.020939 -0.082775 0.000000 -0.085374 0.230841 -0.969239 3.620200 -0.001188 0.972766 0.231786 0.000000 0.000000 0.000000 0.000000 1.000000
0.996348 0.020939 -0.082775 0.000000 -0.085374 0.230842 -0.969239 3.620200 -0.001187 0.972766 0.231786 0.000000 0.000000 0.000000 0.000000 1.000000
0.996348 0.020940 -0.082775 -0.000000 -0.085374 0.230841 -0.969239 3.620200 -0.001188 0.972766 0.231786 -0.000000 0.000000 0.000000 0.000000 1.000000
0.996348 0.020939 -0.082775 -0.000000 -0.085374 0.230842 -0.969239 3.620200 -0.001187 0.972766 0.231787 -0.000000 0.000000 0.000000 0.000000 1.000000
0.996348 0.020939 -0.082775 0.000000 -0.085374 0.230842 -0.969239 3.620200 -0.001187 0.972766 0.231786 0.000000 0.000000 0.000000 0.000000 1.000000</float_array>
        <technique_common>
          <accessor source="#mixamorig_RightHandMiddle2-Matrix-animation-output-transform-array" count="46" stride="16">
            <param type="float4x4"/>
          </accessor>
        </technique_common>
      </source>
      <source id="mixamorig_RightHandMiddle2-Interpolations">
        <Name_array id="mixamorig_RightHandMiddle2-Interpolations-array" count="46">
 LINEAR LINEAR LINEAR LINEAR LINEAR LINEAR LINEAR LINEAR LINEAR LINEAR LINEAR
LINEAR LINEAR LINEAR LINEAR LINEAR LINEAR LINEAR LINEAR LINEAR LINEAR LINEAR LINEAR
LINEAR LINEAR LINEAR LINEAR LINEAR LINEAR LINEAR LINEAR LINEAR LINEAR LINEAR LINEAR
LINEAR LINEAR LINEAR LINEAR LINEAR LINEAR LINEAR LINEAR LINEAR LINEAR LINEAR</Name_array>
        <technique_common>
          <accessor source="#mixamorig_RightHandMiddle2-Interpolations-array" count="46">
            <param type="name"/>
          </accessor>
        </technique_common>
      </source>
      <sampler id="mixamorig_RightHandMiddle2-Matrix-animation-transform">
        <input semantic="INPUT" source="#mixamorig_RightHandMiddle2-Matrix-animation-input"/>
        <input semantic="OUTPUT" source="#mixamorig_RightHandMiddle2-Matrix-animation-output-transform"/>
        <input semantic="INTERPOLATION" source="#mixamorig_RightHandMiddle2-Interpolations"/>
      </sampler>
      <channel source="#mixamorig_RightHandMiddle2-Matrix-animation-transform" target="mixamorig_RightHandMiddle2/matrix"/>
    </animation>
    <animation id="mixamorig_RightHandMiddle3-anim" name="mixamorig_RightHandMiddle3">
      <source id="mixamorig_RightHandMiddle3-Matrix-animation-input">
        <float_array id="mixamorig_RightHandMiddle3-Matrix-animation-input-array" count="46">

0.000000 0.033333 0.066667 0.100000 0.133333 0.166667 0.200000 0.233333 0.266667 0.300000 0.333333 0.366667 0.400000 0.433333 0.466667 0.500000
0.533333 0.566667 0.600000 0.633333 0.666667 0.700000 0.733333 0.766667 0.800000 0.833333 0.866667 0.900000 0.933333 0.966667 1.000000 1.033333
1.066667 1.100000 1.133333 1.166667 1.200000 1.233333 1.266667 1.300000 1.333333 1.366667 1.400000 1.433333 1.466667 1.500000</float_array>
        <technique_common>
          <accessor source="#mixamorig_RightHandMiddle3-Matrix-animation-input-array" count="46">
            <param name="TIME" type="float"/>
          </accessor>
        </technique_common>
      </source>
      <source id="mixamorig_RightHandMiddle3-Matrix-animation-output-transform">
        <float_array id="mixamorig_RightHandMiddle3-Matrix-animation-output-transform-array" count="736">

0.999609 -0.027931 -0.001530 -0.000000 0.009396 0.386793 -0.922119 2.832500 0.026347 0.921743 0.386904 -0.000000 0.000000 0.000000 0.000000 1.000000
0.999609 -0.027930 -0.001530 0.000000 0.009396 0.386793 -0.922119 2.832500 0.026347 0.921744 0.386904 0.000000 0.000000 0.000000 0.000000 1.000000
0.999609 -0.027931 -0.001530 0.000000 0.009396 0.386793 -0.922119 2.832500 0.026347 0.921744 0.386904 0.000000 0.000000 0.000000 0.000000 1.000000
0.999609 -0.027930 -0.001530 0.000000 0.009396 0.386793 -0.922119 2.832500 0.026347 0.921744 0.386904 0.000000 0.000000 0.000000 0.000000 1.000000
0.999609 -0.027931 -0.001530 0.000000 0.009396 0.386793 -0.922119 2.832500 0.026347 0.921744 0.386904 0.000000 0.000000 0.000000 0.000000 1.000000
0.999609 -0.027931 -0.001530 0.000000 0.009396 0.386792 -0.922119 2.832500 0.026347 0.921744 0.386903 0.000000 0.000000 0.000000 0.000000 1.000000
0.999609 -0.027931 -0.001530 0.000000 0.009396 0.386793 -0.922119 2.832500 0.026347 0.921744 0.386904 -0.000000 0.000000 0.000000 0.000000 1.000000
0.999609 -0.027931 -0.001530 0.000000 0.009397 0.386793 -0.922119 2.832500 0.026348 0.921744 0.386904 -0.000000 0.000000 0.000000 0.000000 1.000000
0.999609 -0.027930 -0.001530 0.000000 0.009396 0.386793 -0.922119 2.832500 0.026347 0.921743 0.386904 0.000000 0.000000 0.000000 0.000000 1.000000
0.999609 -0.027931 -0.001530 0.000000 0.009396 0.386793 -0.922119 2.832500 0.026347 0.921744 0.386904 0.000000 0.000000 0.000000 0.000000 1.000000
0.999609 -0.027931 -0.001530 0.000000 0.009396 0.386793 -0.922119 2.832500 0.026347 0.921744 0.386904 0.000000 0.000000 0.000000 0.000000 1.000000
0.999609 -0.027930 -0.001530 0.000000 0.009396 0.386793 -0.922119 2.832500 0.026347 0.921744 0.386904 0.000000 0.000000 0.000000 0.000000 1.000000
0.999609 -0.027931 -0.001529 0.000000 0.009397 0.386792 -0.922119 2.832500 0.026347 0.921744 0.386904 -0.000000 0.000000 0.000000 0.000000 1.000000
0.999609 -0.027931 -0.001530 0.000000 0.009396 0.386792 -0.922119 2.832500 0.026347 0.921744 0.386903 0.000000 0.000000 0.000000 0.000000 1.000000
0.999609 -0.027931 -0.001530 0.000000 0.009396 0.386792 -0.922119 2.832500 0.026347 0.921744 0.386903 0.000000 0.000000 0.000000 0.000000 1.000000
0.999609 -0.027931 -0.001530 0.000000 0.009396 0.386793 -0.922119 2.832500 0.026347 0.921744 0.386904 -0.000000 0.000000 0.000000 0.000000 1.000000
0.999609 -0.027931 -0.001530 0.000000 0.009396 0.386793 -0.922119 2.832500 0.026347 0.921743 0.386904 0.000000 0.000000 0.000000 0.000000 1.000000
0.999609 -0.027931 -0.001530 0.000000 0.009397 0.386793 -0.922119 2.832500 0.026347 0.921743 0.386904 -0.000000 0.000000 0.000000 0.000000 1.000000
0.999609 -0.027931 -0.001529 0.000000 0.009397 0.386793 -0.922119 2.832500 0.026347 0.921744 0.386904 0.000000 0.000000 0.000000 0.000000 1.000000
0.999609 -0.027931 -0.001530 0.000000 0.009396 0.386793 -0.922119 2.832500 0.026347 0.921744 0.386904 0.000000 0.000000 0.000000 0.000000 1.000000
0.999609 -0.027931 -0.001530 0.000000 0.009397 0.386793 -0.922119 2.832500 0.026347 0.921744 0.386904 -0.000000 0.000000 0.000000 0.000000 1.000000
0.999609 -0.027931 -0.001530 -0.000000 0.009397 0.386793 -0.922119 2.832500 0.026347 0.921744 0.386904 0.000000 0.000000 0.000000 0.000000 1.000000
0.999609 -0.027931 -0.001530 0.000000 0.009396 0.386793 -0.922119 2.832500 0.026347 0.921744 0.386904 0.000000 0.000000 0.000000 0.000000 1.000000
0.999609 -0.027930 -0.001530 0.000000 0.009396 0.386793 -0.922119 2.832500 0.026347 0.921744 0.386904 -0.000000 0.000000 0.000000 0.000000 1.000000
0.999609 -0.027931 -0.001530 0.000000 0.009396 0.386792 -0.922119 2.832500 0.026347 0.921744 0.386903 -0.000000 0.000000 0.000000 0.000000 1.000000
0.999609 -0.027930 -0.001529 0.000000 0.009397 0.386793 -0.922119 2.832500 0.026347 0.921744 0.386904 -0.000000 0.000000 0.000000 0.000000 1.000000
0.999609 -0.027931 -0.001530 0.000000 0.009396 0.386792 -0.922119 2.832500 0.026347 0.921744 0.386903 0.000000 0.000000 0.000000 0.000000 1.000000
0.999609 -0.027930 -0.001530 0.000000 0.009396 0.386793 -0.922119 2.832500 0.026347 0.921744 0.386904 0.000000 0.000000 0.000000 0.000000 1.000000
0.999609 -0.027931 -0.001529 0.000000 0.009397 0.386793 -0.922119 2.832500 0.026347 0.921744 0.386904 -0.000000 0.000000 0.000000 0.000000 1.000000
0.999609 -0.027931 -0.001530 0.000000 0.009396 0.386792 -0.922119 2.832500 0.026347 0.921744 0.386903 -0.000000 0.000000 0.000000 0.000000 1.000000
0.999609 -0.027931 -0.001530 0.000000 0.009396 0.386792 -0.922119 2.832500 0.026347 0.921744 0.386903 0.000000 0.000000 0.000000 0.000000 1.000000
0.999609 -0.027931 -0.001530 0.000000 0.009397 0.386793 -0.922119 2.832500 0.026347 0.921744 0.386904 0.000000 0.000000 0.000000 0.000000 1.000000
0.999609 -0.027930 -0.001530 0.000000 0.009396 0.386793 -0.922119 2.832500 0.026347 0.921744 0.386904 0.000000 0.000000 0.000000 0.000000 1.000000
0.999609 -0.027930 -0.001530 0.000000 0.009397 0.386793 -0.922119 2.832500 0.026347 0.921744 0.386904 0.000000 0.000000 0.000000 0.000000 1.000000
0.999609 -0.027930 -0.001530 0.000000 0.009396 0.386793 -0.922119 2.832500 0.026347 0.921744 0.386904 0.000000 0.000000 0.000000 0.000000 1.000000
0.999609 -0.027931 -0.001530 -0.000000 0.009396 0.386793 -0.922119 2.832500 0.026347 0.921744 0.386904 0.000000 0.000000 0.000000 0.000000 1.000000
0.999609 -0.027931 -0.001529 0.000000 0.009397 0.386792 -0.922119 2.832500 0.026347 0.921744 0.386903 0.000000 0.000000 0.000000 0.000000 1.000000
0.999609 -0.027930 -0.001530 0.000000 0.009396 0.386793 -0.922119 2.832500 0.026347 0.921744 0.386904 0.000000 0.000000 0.000000 0.000000 1.000000
0.999609 -0.027930 -0.001530 0.000000 0.009396 0.386793 -0.922119 2.832500 0.026347 0.921744 0.386904 0.000000 0.000000 0.000000 0.000000 1.000000
0.999609 -0.027931 -0.001530 0.000000 0.009397 0.386792 -0.922119 2.832500 0.026347 0.921744 0.386904 0.000000 0.000000 0.000000 0.000000 1.000000
0.999609 -0.027931 -0.001530 0.000000 0.009396 0.386793 -0.922119 2.832500 0.026347 0.921744 0.386904 0.000000 0.000000 0.000000 0.000000 1.000000
0.999609 -0.027931 -0.001530 0.000000 0.009396 0.386793 -0.922119 2.832500 0.026347 0.921744 0.386904 0.000000 0.000000 0.000000 0.000000 1.000000
0.999609 -0.027931 -0.001530 -0.000000 0.009396 0.386793 -0.922119 2.832500 0.026347 0.921744 0.386904 -0.000000 0.000000 0.000000 0.000000 1.000000
0.999609 -0.027931 -0.001530 -0.000000 0.009396 0.386793 -0.922119 2.832500 0.026347 0.921744 0.386904 0.000000 0.000000 0.000000 0.000000 1.000000
0.999609 -0.027930 -0.001530 -0.000000 0.009396 0.386793 -0.922119 2.832500 0.026347 0.921743 0.386904 0.000000 0.000000 0.000000 0.000000 1.000000
0.999609 -0.027930 -0.001530 0.000000 0.009396 0.386793 -0.922119 2.832500 0.026347 0.921744 0.386904 0.000000 0.000000 0.000000 0.000000 1.000000</float_array>
        <technique_common>
          <accessor source="#mixamorig_RightHandMiddle3-Matrix-animation-output-transform-array" count="46" stride="16">
            <param type="float4x4"/>
          </accessor>
        </technique_common>
      </source>
      <source id="mixamorig_RightHandMiddle3-Interpolations">
        <Name_array id="mixamorig_RightHandMiddle3-Interpolations-array" count="46">
 LINEAR LINEAR LINEAR LINEAR LINEAR LINEAR LINEAR LINEAR LINEAR LINEAR LINEAR
LINEAR LINEAR LINEAR LINEAR LINEAR LINEAR LINEAR LINEAR LINEAR LINEAR LINEAR LINEAR
LINEAR LINEAR LINEAR LINEAR LINEAR LINEAR LINEAR LINEAR LINEAR LINEAR LINEAR LINEAR
LINEAR LINEAR LINEAR LINEAR LINEAR LINEAR LINEAR LINEAR LINEAR LINEAR LINEAR</Name_array>
        <technique_common>
          <accessor source="#mixamorig_RightHandMiddle3-Interpolations-array" count="46">
            <param type="name"/>
          </accessor>
        </technique_common>
      </source>
      <sampler id="mixamorig_RightHandMiddle3-Matrix-animation-transform">
        <input semantic="INPUT" source="#mixamorig_RightHandMiddle3-Matrix-animation-input"/>
        <input semantic="OUTPUT" source="#mixamorig_RightHandMiddle3-Matrix-animation-output-transform"/>
        <input semantic="INTERPOLATION" source="#mixamorig_RightHandMiddle3-Interpolations"/>
      </sampler>
      <channel source="#mixamorig_RightHandMiddle3-Matrix-animation-transform" target="mixamorig_RightHandMiddle3/matrix"/>
    </animation>
    <animation id="mixamorig_RightHandRing1-anim" name="mixamorig_RightHandRing1">
      <source id="mixamorig_RightHandRing1-Matrix-animation-input">
        <float_array id="mixamorig_RightHandRing1-Matrix-animation-input-array" count="46">

0.000000 0.033333 0.066667 0.100000 0.133333 0.166667 0.200000 0.233333 0.266667 0.300000 0.333333 0.366667 0.400000 0.433333 0.466667 0.500000
0.533333 0.566667 0.600000 0.633333 0.666667 0.700000 0.733333 0.766667 0.800000 0.833333 0.866667 0.900000 0.933333 0.966667 1.000000 1.033333
1.066667 1.100000 1.133333 1.166667 1.200000 1.233333 1.266667 1.300000 1.333333 1.366667 1.400000 1.433333 1.466667 1.500000</float_array>
        <technique_common>
          <accessor source="#mixamorig_RightHandRing1-Matrix-animation-input-array" count="46">
            <param name="TIME" type="float"/>
          </accessor>
        </technique_common>
      </source>
      <source id="mixamorig_RightHandRing1-Matrix-animation-output-transform">
        <float_array id="mixamorig_RightHandRing1-Matrix-animation-output-transform-array" count="736">

0.994618 0.078614 0.067494 -3.512100 0.068267 -0.007183 -0.997641 15.621700 -0.077944 0.996879 -0.012512 0.773000 0.000000 0.000000 0.000000 1.000000
0.994618 0.078614 0.067494 -3.512100 0.068267 -0.007183 -0.997641 15.621700 -0.077944 0.996879 -0.012512 0.773000 0.000000 0.000000 0.000000 1.000000
0.994618 0.078614 0.067494 -3.512100 0.068267 -0.007183 -0.997641 15.621700 -0.077944 0.996879 -0.012512 0.773000 0.000000 0.000000 0.000000 1.000000
0.994618 0.078614 0.067494 -3.512100 0.068267 -0.007183 -0.997641 15.621700 -0.077944 0.996879 -0.012512 0.773000 0.000000 0.000000 0.000000 1.000000
0.994618 0.078614 0.067493 -3.512100 0.068266 -0.007184 -0.997641 15.621700 -0.077943 0.996879 -0.012512 0.773000 0.000000 0.000000 0.000000 1.000000
0.994618 0.078615 0.067494 -3.512100 0.068267 -0.007184 -0.997641 15.621700 -0.077944 0.996879 -0.012512 0.773000 0.000000 0.000000 0.000000 1.000000
0.994618 0.078614 0.067494 -3.512100 0.068267 -0.007184 -0.997641 15.621700 -0.077944 0.996879 -0.012512 0.773000 0.000000 0.000000 0.000000 1.000000
0.994618 0.078614 0.067493 -3.512100 0.068266 -0.007183 -0.997641 15.621700 -0.077943 0.996879 -0.012511 0.773000 0.000000 0.000000 0.000000 1.000000
0.994618 0.078614 0.067493 -3.512100 0.068266 -0.007183 -0.997641 15.621700 -0.077944 0.996879 -0.012512 0.773000 0.000000 0.000000 0.000000 1.000000
0.994618 0.078614 0.067494 -3.512100 0.068267 -0.007184 -0.997641 15.621700 -0.077944 0.996879 -0.012512 0.773000 0.000000 0.000000 0.000000 1.000000
0.994618 0.078614 0.067494 -3.512100 0.068267 -0.007183 -0.997641 15.621700 -0.077944 0.996879 -0.012511 0.773000 0.000000 0.000000 0.000000 1.000000
0.994618 0.078614 0.067494 -3.512100 0.068267 -0.007183 -0.997641 15.621700 -0.077944 0.996879 -0.012511 0.773000 0.000000 0.000000 0.000000 1.000000
0.994618 0.078614 0.067493 -3.512100 0.068266 -0.007184 -0.997641 15.621700 -0.077944 0.996879 -0.012512 0.773000 0.000000 0.000000 0.000000 1.000000
0.994618 0.078614 0.067494 -3.512100 0.068267 -0.007184 -0.997641 15.621700 -0.077944 0.996879 -0.012512 0.773000 0.000000 0.000000 0.000000 1.000000
0.994618 0.078614 0.067494 -3.512100 0.068267 -0.007184 -0.997641 15.621700 -0.077944 0.996879 -0.012512 0.773000 0.000000 0.000000 0.000000 1.000000
0.994618 0.078614 0.067494 -3.512100 0.068267 -0.007183 -0.997641 15.621700 -0.077944 0.996879 -0.012511 0.773000 0.000000 0.000000 0.000000 1.000000
0.994618 0.078614 0.067494 -3.512100 0.068267 -0.007184 -0.997641 15.621700 -0.077944 0.996879 -0.012512 0.773000 0.000000 0.000000 0.000000 1.000000
0.994618 0.078614 0.067494 -3.512100 0.068266 -0.007183 -0.997641 15.621700 -0.077944 0.996879 -0.012512 0.773000 0.000000 0.000000 0.000000 1.000000
0.994618 0.078614 0.067494 -3.512100 0.068267 -0.007183 -0.997641 15.621700 -0.077944 0.996879 -0.012511 0.773000 0.000000 0.000000 0.000000 1.000000
0.994618 0.078614 0.067493 -3.512100 0.068266 -0.007183 -0.997641 15.621700 -0.077944 0.996879 -0.012512 0.773000 0.000000 0.000000 0.000000 1.000000
0.994618 0.078614 0.067494 -3.512100 0.068266 -0.007183 -0.997641 15.621700 -0.077944 0.996879 -0.012511 0.773000 0.000000 0.000000 0.000000 1.000000
0.994618 0.078614 0.067494 -3.512100 0.068266 -0.007183 -0.997641 15.621700 -0.077944 0.996879 -0.012511 0.773000 0.000000 0.000000 0.000000 1.000000
0.994618 0.078614 0.067494 -3.512100 0.068267 -0.007183 -0.997641 15.621700 -0.077944 0.996879 -0.012511 0.773000 0.000000 0.000000 0.000000 1.000000
0.994618 0.078614 0.067493 -3.512100 0.068266 -0.007183 -0.997641 15.621700 -0.077944 0.996879 -0.012511 0.773000 0.000000 0.000000 0.000000 1.000000
0.994618 0.078614 0.067494 -3.512100 0.068267 -0.007183 -0.997641 15.621700 -0.077944 0.996879 -0.012511 0.773000 0.000000 0.000000 0.000000 1.000000
0.994618 0.078614 0.067494 -3.512100 0.068267 -0.007183 -0.997641 15.621700 -0.077944 0.996879 -0.012511 0.773000 0.000000 0.000000 0.000000 1.000000
0.994618 0.078614 0.067494 -3.512100 0.068267 -0.007183 -0.997641 15.621700 -0.077944 0.996879 -0.012511 0.773000 0.000000 0.000000 0.000000 1.000000
0.994618 0.078614 0.067494 -3.512100 0.068267 -0.007183 -0.997641 15.621700 -0.077944 0.996879 -0.012512 0.773000 0.000000 0.000000 0.000000 1.000000
0.994618 0.078614 0.067494 -3.512100 0.068267 -0.007183 -0.997641 15.621700 -0.077944 0.996879 -0.012511 0.773000 0.000000 0.000000 0.000000 1.000000
0.994618 0.078615 0.067494 -3.512100 0.068267 -0.007183 -0.997641 15.621700 -0.077944 0.996879 -0.012511 0.773000 0.000000 0.000000 0.000000 1.000000
0.994618 0.078614 0.067494 -3.512100 0.068267 -0.007183 -0.997641 15.621700 -0.077944 0.996879 -0.012512 0.773000 0.000000 0.000000 0.000000 1.000000
0.994618 0.078614 0.067494 -3.512100 0.068267 -0.007183 -0.997641 15.621700 -0.077944 0.996879 -0.012511 0.773000 0.000000 0.000000 0.000000 1.000000
0.994618 0.078614 0.067493 -3.512100 0.068266 -0.007184 -0.997641 15.621700 -0.077944 0.996879 -0.012512 0.773000 0.000000 0.000000 0.000000 1.000000
0.994618 0.078614 0.067494 -3.512100 0.068267 -0.007184 -0.997641 15.621700 -0.077944 0.996879 -0.012512 0.773000 0.000000 0.000000 0.000000 1.000000
0.994618 0.078614 0.067494 -3.512100 0.068267 -0.007183 -0.997641 15.621700 -0.077944 0.996879 -0.012512 0.773000 0.000000 0.000000 0.000000 1.000000
0.994618 0.078614 0.067494 -3.512100 0.068267 -0.007183 -0.997641 15.621700 -0.077944 0.996879 -0.012512 0.773000 0.000000 0.000000 0.000000 1.000000
0.994618 0.078614 0.067493 -3.512100 0.068266 -0.007183 -0.997641 15.621700 -0.077943 0.996879 -0.012512 0.773000 0.000000 0.000000 0.000000 1.000000
0.994618 0.078614 0.067494 -3.512100 0.068266 -0.007183 -0.997641 15.621700 -0.077944 0.996879 -0.012511 0.773000 0.000000 0.000000 0.000000 1.000000
0.994618 0.078614 0.067493 -3.512100 0.068266 -0.007184 -0.997641 15.621700 -0.077944 0.996879 -0.012512 0.773000 0.000000 0.000000 0.000000 1.000000
0.994618 0.078614 0.067494 -3.512100 0.068267 -0.007184 -0.997641 15.621700 -0.077944 0.996879 -0.012512 0.773000 0.000000 0.000000 0.000000 1.000000
0.994618 0.078614 0.067493 -3.512100 0.068266 -0.007183 -0.997641 15.621700 -0.077944 0.996879 -0.012511 0.773000 0.000000 0.000000 0.000000 1.000000
0.994618 0.078614 0.067494 -3.512100 0.068267 -0.007184 -0.997641 15.621700 -0.077944 0.996879 -0.012512 0.773000 0.000000 0.000000 0.000000 1.000000
0.994618 0.078614 0.067494 -3.512100 0.068267 -0.007184 -0.997641 15.621700 -0.077944 0.996879 -0.012512 0.773000 0.000000 0.000000 0.000000 1.000000
0.994618 0.078614 0.067493 -3.512100 0.068266 -0.007184 -0.997641 15.621700 -0.077944 0.996879 -0.012512 0.773000 0.000000 0.000000 0.000000 1.000000
0.994618 0.078614 0.067493 -3.512100 0.068266 -0.007183 -0.997641 15.621700 -0.077944 0.996879 -0.012512 0.773000 0.000000 0.000000 0.000000 1.000000
0.994618 0.078614 0.067494 -3.512100 0.068267 -0.007183 -0.997641 15.621700 -0.077944 0.996879 -0.012511 0.773000 0.000000 0.000000 0.000000 1.000000</float_array>
        <technique_common>
          <accessor source="#mixamorig_RightHandRing1-Matrix-animation-output-transform-array" count="46" stride="16">
            <param type="float4x4"/>
          </accessor>
        </technique_common>
      </source>
      <source id="mixamorig_RightHandRing1-Interpolations">
        <Name_array id="mixamorig_RightHandRing1-Interpolations-array" count="46">
 LINEAR LINEAR LINEAR LINEAR LINEAR LINEAR LINEAR LINEAR LINEAR LINEAR LINEAR
LINEAR LINEAR LINEAR LINEAR LINEAR LINEAR LINEAR LINEAR LINEAR LINEAR LINEAR LINEAR
LINEAR LINEAR LINEAR LINEAR LINEAR LINEAR LINEAR LINEAR LINEAR LINEAR LINEAR LINEAR
LINEAR LINEAR LINEAR LINEAR LINEAR LINEAR LINEAR LINEAR LINEAR LINEAR LINEAR</Name_array>
        <technique_common>
          <accessor source="#mixamorig_RightHandRing1-Interpolations-array" count="46">
            <param type="name"/>
          </accessor>
        </technique_common>
      </source>
      <sampler id="mixamorig_RightHandRing1-Matrix-animation-transform">
        <input semantic="INPUT" source="#mixamorig_RightHandRing1-Matrix-animation-input"/>
        <input semantic="OUTPUT" source="#mixamorig_RightHandRing1-Matrix-animation-output-transform"/>
        <input semantic="INTERPOLATION" source="#mixamorig_RightHandRing1-Interpolations"/>
      </sampler>
      <channel source="#mixamorig_RightHandRing1-Matrix-animation-transform" target="mixamorig_RightHandRing1/matrix"/>
    </animation>
    <animation id="mixamorig_RightHandRing2-anim" name="mixamorig_RightHandRing2">
      <source id="mixamorig_RightHandRing2-Matrix-animation-input">
        <float_array id="mixamorig_RightHandRing2-Matrix-animation-input-array" count="46">

0.000000 0.033333 0.066667 0.100000 0.133333 0.166667 0.200000 0.233333 0.266667 0.300000 0.333333 0.366667 0.400000 0.433333 0.466667 0.500000
0.533333 0.566667 0.600000 0.633333 0.666667 0.700000 0.733333 0.766667 0.800000 0.833333 0.866667 0.900000 0.933333 0.966667 1.000000 1.033333
1.066667 1.100000 1.133333 1.166667 1.200000 1.233333 1.266667 1.300000 1.333333 1.366667 1.400000 1.433333 1.466667 1.500000</float_array>
        <technique_common>
          <accessor source="#mixamorig_RightHandRing2-Matrix-animation-input-array" count="46">
            <param name="TIME" type="float"/>
          </accessor>
        </technique_common>
      </source>
      <source id="mixamorig_RightHandRing2-Matrix-animation-output-transform">
        <float_array id="mixamorig_RightHandRing2-Matrix-animation-output-transform-array" count="736">

0.999747 0.022426 -0.001539 0.000000 -0.011786 0.464624 -0.885430 2.936000 -0.019141 0.885224 0.464771 -0.000000 0.000000 0.000000 0.000000 1.000000
0.999747 0.022426 -0.001539 0.000000 -0.011785 0.464624 -0.885430 2.936000 -0.019142 0.885224 0.464771 0.000000 0.000000 0.000000 0.000000 1.000000
0.999747 0.022426 -0.001539 0.000000 -0.011785 0.464624 -0.885430 2.936000 -0.019142 0.885224 0.464771 0.000000 0.000000 0.000000 0.000000 1.000000
0.999747 0.022426 -0.001539 -0.000000 -0.011785 0.464624 -0.885429 2.936000 -0.019142 0.885224 0.464771 0.000000 0.000000 0.000000 0.000000 1.000000
0.999747 0.022426 -0.001539 0.000000 -0.011785 0.464624 -0.885430 2.936000 -0.019142 0.885224 0.464771 -0.000000 0.000000 0.000000 0.000000 1.000000
0.999747 0.022427 -0.001539 0.000000 -0.011786 0.464624 -0.885430 2.936000 -0.019142 0.885224 0.464771 -0.000000 0.000000 0.000000 0.000000 1.000000
0.999747 0.022427 -0.001539 0.000000 -0.011786 0.464624 -0.885429 2.936000 -0.019142 0.885224 0.464771 0.000000 0.000000 0.000000 0.000000 1.000000
0.999747 0.022427 -0.001539 -0.000000 -0.011786 0.464624 -0.885430 2.936000 -0.019142 0.885224 0.464771 0.000000 0.000000 0.000000 0.000000 1.000000
0.999747 0.022426 -0.001539 0.000000 -0.011785 0.464624 -0.885430 2.936000 -0.019142 0.885224 0.464771 -0.000000 0.000000 0.000000 0.000000 1.000000
0.999747 0.022426 -0.001539 0.000000 -0.011785 0.464624 -0.885429 2.936000 -0.019142 0.885224 0.464771 0.000000 0.000000 0.000000 0.000000 1.000000
0.999747 0.022426 -0.001539 0.000000 -0.011785 0.464624 -0.885430 2.936000 -0.019142 0.885224 0.464771 0.000000 0.000000 0.000000 0.000000 1.000000
0.999747 0.022426 -0.001539 -0.000000 -0.011785 0.464624 -0.885429 2.936000 -0.019142 0.885224 0.464771 -0.000000 0.000000 0.000000 0.000000 1.000000
0.999747 0.022426 -0.001539 0.000000 -0.011786 0.464624 -0.885430 2.936000 -0.019142 0.885224 0.464771 0.000000 0.000000 0.000000 0.000000 1.000000
0.999747 0.022426 -0.001539 0.000000 -0.011785 0.464624 -0.885430 2.936000 -0.019142 0.885224 0.464771 0.000000 0.000000 0.000000 0.000000 1.000000
0.999747 0.022427 -0.001539 0.000000 -0.011786 0.464624 -0.885429 2.936000 -0.019142 0.885224 0.464771 0.000000 0.000000 0.000000 0.000000 1.000000
0.999747 0.022426 -0.001539 0.000000 -0.011785 0.464624 -0.885430 2.936000 -0.019142 0.885224 0.464771 -0.000000 0.000000 0.000000 0.000000 1.000000
0.999747 0.022426 -0.001539 -0.000000 -0.011786 0.464624 -0.885430 2.936000 -0.019142 0.885224 0.464771 0.000000 0.000000 0.000000 0.000000 1.000000
0.999747 0.022426 -0.001539 0.000000 -0.011786 0.464624 -0.885429 2.936000 -0.019142 0.885224 0.464771 0.000000 0.000000 0.000000 0.000000 1.000000
0.999747 0.022427 -0.001539 0.000000 -0.011785 0.464625 -0.885429 2.936000 -0.019142 0.885224 0.464771 0.000000 0.000000 0.000000 0.000000 1.000000
0.999747 0.022426 -0.001539 0.000000 -0.011786 0.464624 -0.885430 2.936000 -0.019142 0.885224 0.464771 0.000000 0.000000 0.000000 0.000000 1.000000
0.999747 0.022426 -0.001539 0.000000 -0.011785 0.464624 -0.885430 2.936000 -0.019142 0.885224 0.464771 0.000000 0.000000 0.000000 0.000000 1.000000
0.999747 0.022426 -0.001539 0.000000 -0.011786 0.464624 -0.885430 2.936000 -0.019142 0.885224 0.464771 0.000000 0.000000 0.000000 0.000000 1.000000
0.999747 0.022426 -0.001539 0.000000 -0.011785 0.464624 -0.885430 2.936000 -0.019142 0.885224 0.464771 0.000000 0.000000 0.000000 0.000000 1.000000
0.999747 0.022427 -0.001539 0.000000 -0.011786 0.464624 -0.885429 2.936000 -0.019142 0.885224 0.464771 0.000000 0.000000 0.000000 0.000000 1.000000
0.999747 0.022427 -0.001539 0.000000 -0.011786 0.464624 -0.885430 2.936000 -0.019142 0.885224 0.464770 -0.000000 0.000000 0.000000 0.000000 1.000000
0.999747 0.022427 -0.001539 0.000000 -0.011786 0.464624 -0.885430 2.936000 -0.019142 0.885224 0.464771 0.000000 0.000000 0.000000 0.000000 1.000000
0.999747 0.022426 -0.001539 0.000000 -0.011786 0.464624 -0.885429 2.936000 -0.019142 0.885224 0.464771 0.000000 0.000000 0.000000 0.000000 1.000000
0.999747 0.022427 -0.001539 0.000000 -0.011786 0.464624 -0.885430 2.936000 -0.019142 0.885224 0.464771 0.000000 0.000000 0.000000 0.000000 1.000000
0.999747 0.022427 -0.001539 0.000000 -0.011786 0.464624 -0.885429 2.936000 -0.019142 0.885224 0.464771 0.000000 0.000000 0.000000 0.000000 1.000000
0.999747 0.022426 -0.001539 0.000000 -0.011785 0.464624 -0.885430 2.936000 -0.019142 0.885224 0.464771 0.000000 0.000000 0.000000 0.000000 1.000000
0.999747 0.022426 -0.001539 -0.000000 -0.011786 0.464624 -0.885430 2.936000 -0.019142 0.885224 0.464771 -0.000000 0.000000 0.000000 0.000000 1.000000
0.999747 0.022426 -0.001539 0.000000 -0.011786 0.464624 -0.885430 2.936000 -0.019142 0.885224 0.464771 0.000000 0.000000 0.000000 0.000000 1.000000
0.999747 0.022426 -0.001539 0.000000 -0.011786 0.464624 -0.885430 2.936000 -0.019142 0.885224 0.464771 -0.000000 0.000000 0.000000 0.000000 1.000000
0.999747 0.022427 -0.001539 0.000000 -0.011786 0.464624 -0.885429 2.936000 -0.019142 0.885224 0.464771 0.000000 0.000000 0.000000 0.000000 1.000000
0.999747 0.022427 -0.001539 -0.000000 -0.011786 0.464625 -0.885429 2.936000 -0.019142 0.885224 0.464771 0.000000 0.000000 0.000000 0.000000 1.000000
0.999747 0.022426 -0.001539 0.000000 -0.011785 0.464624 -0.885430 2.936000 -0.019142 0.885224 0.464771 0.000000 0.000000 0.000000 0.000000 1.000000
0.999747 0.022427 -0.001539 0.000000 -0.011785 0.464625 -0.885429 2.936000 -0.019142 0.885224 0.464772 0.000000 0.000000 0.000000 0.000000 1.000000
0.999747 0.022426 -0.001539 -0.000000 -0.011786 0.464624 -0.885430 2.936000 -0.019142 0.885224 0.464770 0.000000 0.000000 0.000000 0.000000 1.000000
0.999747 0.022426 -0.001539 0.000000 -0.011786 0.464624 -0.885430 2.936000 -0.019142 0.885224 0.464771 0.000000 0.000000 0.000000 0.000000 1.000000
0.999747 0.022427 -0.001539 0.000000 -0.011786 0.464624 -0.885430 2.936000 -0.019142 0.885224 0.464771 0.000000 0.000000 0.000000 0.000000 1.000000
0.999747 0.022427 -0.001539 0.000000 -0.011786 0.464624 -0.885430 2.936000 -0.019142 0.885224 0.464771 -0.000000 0.000000 0.000000 0.000000 1.000000
0.999747 0.022426 -0.001539 0.000000 -0.011786 0.464624 -0.885430 2.936000 -0.019142 0.885224 0.464771 0.000000 0.000000 0.000000 0.000000 1.000000
0.999747 0.022427 -0.001539 0.000000 -0.011786 0.464624 -0.885430 2.936000 -0.019142 0.885224 0.464771 0.000000 0.000000 0.000000 0.000000 1.000000
0.999747 0.022426 -0.001538 0.000000 -0.011785 0.464625 -0.885429 2.936000 -0.019142 0.885224 0.464771 -0.000000 0.000000 0.000000 0.000000 1.000000
0.999747 0.022427 -0.001539 0.000000 -0.011785 0.464624 -0.885430 2.936000 -0.019142 0.885224 0.464771 0.000000 0.000000 0.000000 0.000000 1.000000
0.999747 0.022426 -0.001539 0.000000 -0.011786 0.464624 -0.885430 2.936000 -0.019141 0.885224 0.464771 0.000000 0.000000 0.000000 0.000000 1.000000</float_array>
        <technique_common>
          <accessor source="#mixamorig_RightHandRing2-Matrix-animation-output-transform-array" count="46" stride="16">
            <param type="float4x4"/>
          </accessor>
        </technique_common>
      </source>
      <source id="mixamorig_RightHandRing2-Interpolations">
        <Name_array id="mixamorig_RightHandRing2-Interpolations-array" count="46">
 LINEAR LINEAR LINEAR LINEAR LINEAR LINEAR LINEAR LINEAR LINEAR LINEAR LINEAR
LINEAR LINEAR LINEAR LINEAR LINEAR LINEAR LINEAR LINEAR LINEAR LINEAR LINEAR LINEAR
LINEAR LINEAR LINEAR LINEAR LINEAR LINEAR LINEAR LINEAR LINEAR LINEAR LINEAR LINEAR
LINEAR LINEAR LINEAR LINEAR LINEAR LINEAR LINEAR LINEAR LINEAR LINEAR LINEAR</Name_array>
        <technique_common>
          <accessor source="#mixamorig_RightHandRing2-Interpolations-array" count="46">
            <param type="name"/>
          </accessor>
        </technique_common>
      </source>
      <sampler id="mixamorig_RightHandRing2-Matrix-animation-transform">
        <input semantic="INPUT" source="#mixamorig_RightHandRing2-Matrix-animation-input"/>
        <input semantic="OUTPUT" source="#mixamorig_RightHandRing2-Matrix-animation-output-transform"/>
        <input semantic="INTERPOLATION" source="#mixamorig_RightHandRing2-Interpolations"/>
      </sampler>
      <channel source="#mixamorig_RightHandRing2-Matrix-animation-transform" target="mixamorig_RightHandRing2/matrix"/>
    </animation>
    <animation id="mixamorig_RightHandRing3-anim" name="mixamorig_RightHandRing3">
      <source id="mixamorig_RightHandRing3-Matrix-animation-input">
        <float_array id="mixamorig_RightHandRing3-Matrix-animation-input-array" count="46">

0.000000 0.033333 0.066667 0.100000 0.133333 0.166667 0.200000 0.233333 0.266667 0.300000 0.333333 0.366667 0.400000 0.433333 0.466667 0.500000
0.533333 0.566667 0.600000 0.633333 0.666667 0.700000 0.733333 0.766667 0.800000 0.833333 0.866667 0.900000 0.933333 0.966667 1.000000 1.033333
1.066667 1.100000 1.133333 1.166667 1.200000 1.233333 1.266667 1.300000 1.333333 1.366667 1.400000 1.433333 1.466667 1.500000</float_array>
        <technique_common>
          <accessor source="#mixamorig_RightHandRing3-Matrix-animation-input-array" count="46">
            <param name="TIME" type="float"/>
          </accessor>
        </technique_common>
      </source>
      <source id="mixamorig_RightHandRing3-Matrix-animation-output-transform">
        <float_array id="mixamorig_RightHandRing3-Matrix-animation-output-transform-array" count="736">

0.999784 -0.004479 0.020276 0.000000 0.020684 0.300567 -0.953536 3.435600 -0.001823 0.953750 0.300595 0.000000 0.000000 0.000000 0.000000 1.000000
0.999784 -0.004480 0.020275 -0.000000 0.020684 0.300567 -0.953537 3.435600 -0.001823 0.953750 0.300594 0.000000 0.000000 0.000000 0.000000 1.000000
0.999784 -0.004479 0.020276 0.000000 0.020684 0.300567 -0.953537 3.435600 -0.001823 0.953750 0.300594 0.000000 0.000000 0.000000 0.000000 1.000000
0.999784 -0.004479 0.020275 0.000000 0.020684 0.300567 -0.953536 3.435600 -0.001823 0.953750 0.300595 0.000000 0.000000 0.000000 0.000000 1.000000
0.999784 -0.004479 0.020276 0.000000 0.020684 0.300567 -0.953537 3.435600 -0.001823 0.953750 0.300594 0.000000 0.000000 0.000000 0.000000 1.000000
0.999784 -0.004480 0.020276 -0.000000 0.020685 0.300567 -0.953536 3.435600 -0.001823 0.953750 0.300595 -0.000000 0.000000 0.000000 0.000000 1.000000
0.999784 -0.004480 0.020276 -0.000000 0.020685 0.300566 -0.953537 3.435600 -0.001823 0.953750 0.300594 0.000000 0.000000 0.000000 0.000000 1.000000
0.999784 -0.004479 0.020276 -0.000000 0.020685 0.300567 -0.953536 3.435600 -0.001823 0.953750 0.300595 0.000000 0.000000 0.000000 0.000000 1.000000
0.999784 -0.004480 0.020275 0.000000 0.020684 0.300566 -0.953537 3.435600 -0.001822 0.953750 0.300594 0.000000 0.000000 0.000000 0.000000 1.000000
0.999784 -0.004479 0.020276 0.000000 0.020684 0.300567 -0.953536 3.435600 -0.001823 0.953750 0.300595 -0.000000 0.000000 0.000000 0.000000 1.000000
0.999784 -0.004480 0.020275 0.000000 0.020684 0.300567 -0.953536 3.435600 -0.001822 0.953750 0.300595 0.000000 0.000000 0.000000 0.000000 1.000000
0.999784 -0.004479 0.020275 0.000000 0.020684 0.300566 -0.953537 3.435600 -0.001823 0.953750 0.300594 -0.000000 0.000000 0.000000 0.000000 1.000000
0.999784 -0.004480 0.020275 0.000000 0.020684 0.300567 -0.953536 3.435600 -0.001823 0.953750 0.300595 -0.000000 0.000000 0.000000 0.000000 1.000000
0.999784 -0.004480 0.020275 0.000000 0.020684 0.300567 -0.953536 3.435600 -0.001823 0.953750 0.300595 0.000000 0.000000 0.000000 0.000000 1.000000
0.999784 -0.004480 0.020276 0.000000 0.020685 0.300566 -0.953537 3.435600 -0.001822 0.953750 0.300594 0.000000 0.000000 0.000000 0.000000 1.000000
0.999784 -0.004480 0.020275 0.000000 0.020684 0.300567 -0.953537 3.435600 -0.001822 0.953750 0.300594 0.000000 0.000000 0.000000 0.000000 1.000000
0.999784 -0.004480 0.020275 0.000000 0.020684 0.300567 -0.953537 3.435600 -0.001822 0.953750 0.300594 0.000000 0.000000 0.000000 0.000000 1.000000
0.999784 -0.004480 0.020276 0.000000 0.020685 0.300567 -0.953537 3.435600 -0.001822 0.953750 0.300594 0.000000 0.000000 0.000000 0.000000 1.000000
0.999784 -0.004480 0.020275 0.000000 0.020684 0.300567 -0.953536 3.435600 -0.001822 0.953750 0.300595 0.000000 0.000000 0.000000 0.000000 1.000000
0.999784 -0.004480 0.020275 0.000000 0.020684 0.300567 -0.953536 3.435600 -0.001822 0.953750 0.300595 -0.000000 0.000000 0.000000 0.000000 1.000000
0.999784 -0.004479 0.020276 0.000000 0.020684 0.300567 -0.953537 3.435600 -0.001823 0.953750 0.300594 -0.000000 0.000000 0.000000 0.000000 1.000000
0.999784 -0.004480 0.020275 0.000000 0.020684 0.300567 -0.953536 3.435600 -0.001822 0.953750 0.300595 0.000000 0.000000 0.000000 0.000000 1.000000
0.999784 -0.004480 0.020275 0.000000 0.020684 0.300567 -0.953536 3.435600 -0.001823 0.953750 0.300595 0.000000 0.000000 0.000000 0.000000 1.000000
0.999784 -0.004480 0.020275 0.000000 0.020684 0.300567 -0.953537 3.435600 -0.001823 0.953750 0.300594 0.000000 0.000000 0.000000 0.000000 1.000000
0.999784 -0.004480 0.020275 0.000000 0.020684 0.300567 -0.953536 3.435600 -0.001823 0.953750 0.300595 0.000000 0.000000 0.000000 0.000000 1.000000
0.999784 -0.004480 0.020275 0.000000 0.020684 0.300567 -0.953536 3.435600 -0.001822 0.953750 0.300595 -0.000000 0.000000 0.000000 0.000000 1.000000
0.999784 -0.004480 0.020275 0.000000 0.020684 0.300566 -0.953537 3.435600 -0.001822 0.953750 0.300594 0.000000 0.000000 0.000000 0.000000 1.000000
0.999784 -0.004480 0.020276 -0.000000 0.020685 0.300567 -0.953536 3.435600 -0.001823 0.953750 0.300595 0.000000 0.000000 0.000000 0.000000 1.000000
0.999784 -0.004479 0.020276 0.000000 0.020684 0.300567 -0.953536 3.435600 -0.001823 0.953750 0.300595 -0.000000 0.000000 0.000000 0.000000 1.000000
0.999784 -0.004480 0.020276 0.000000 0.020684 0.300567 -0.953537 3.435600 -0.001823 0.953750 0.300594 -0.000000 0.000000 0.000000 0.000000 1.000000
0.999784 -0.004480 0.020276 0.000000 0.020684 0.300566 -0.953537 3.435600 -0.001823 0.953750 0.300594 -0.000000 0.000000 0.000000 0.000000 1.000000
0.999784 -0.004480 0.020275 0.000000 0.020684 0.300566 -0.953537 3.435600 -0.001822 0.953750 0.300594 0.000000 0.000000 0.000000 0.000000 1.000000
0.999784 -0.004480 0.020275 0.000000 0.020684 0.300567 -0.953536 3.435600 -0.001822 0.953750 0.300595 -0.000000 0.000000 0.000000 0.000000 1.000000
0.999784 -0.004480 0.020276 0.000000 0.020684 0.300567 -0.953537 3.435600 -0.001823 0.953750 0.300594 0.000000 0.000000 0.000000 0.000000 1.000000
0.999784 -0.004479 0.020276 0.000000 0.020684 0.300567 -0.953536 3.435600 -0.001823 0.953750 0.300595 0.000000 0.000000 0.000000 0.000000 1.000000
0.999784 -0.004480 0.020275 -0.000000 0.020684 0.300567 -0.953536 3.435600 -0.001822 0.953750 0.300595 -0.000000 0.000000 0.000000 0.000000 1.000000
0.999784 -0.004480 0.020276 0.000000 0.020684 0.300566 -0.953537 3.435600 -0.001822 0.953750 0.300594 -0.000000 0.000000 0.000000 0.000000 1.000000
0.999784 -0.004480 0.020275 0.000000 0.020684 0.300567 -0.953536 3.435600 -0.001822 0.953750 0.300595 0.000000 0.000000 0.000000 0.000000 1.000000
0.999784 -0.004479 0.020275 0.000000 0.020684 0.300567 -0.953536 3.435600 -0.001823 0.953750 0.300595 0.000000 0.000000 0.000000 0.000000 1.000000
0.999784 -0.004480 0.020275 0.000000 0.020684 0.300567 -0.953536 3.435600 -0.001823 0.953750 0.300595 0.000000 0.000000 0.000000 0.000000 1.000000
0.999784 -0.004480 0.020276 0.000000 0.020684 0.300567 -0.953536 3.435600 -0.001823 0.953750 0.300595 0.000000 0.000000 0.000000 0.000000 1.000000
0.999784 -0.004480 0.020276 0.000000 0.020685 0.300567 -0.953536 3.435600 -0.001823 0.953750 0.300595 0.000000 0.000000 0.000000 0.000000 1.000000
0.999784 -0.004480 0.020276 -0.000000 0.020685 0.300567 -0.953536 3.435600 -0.001822 0.953750 0.300595 0.000000 0.000000 0.000000 0.000000 1.000000
0.999784 -0.004480 0.020275 -0.000000 0.020684 0.300567 -0.953537 3.435600 -0.001822 0.953750 0.300594 0.000000 0.000000 0.000000 0.000000 1.000000
0.999784 -0.004479 0.020276 0.000000 0.020684 0.300567 -0.953536 3.435600 -0.001823 0.953750 0.300595 0.000000 0.000000 0.000000 0.000000 1.000000
0.999784 -0.004480 0.020276 -0.000000 0.020684 0.300567 -0.953536 3.435600 -0.001823 0.953750 0.300595 0.000000 0.000000 0.000000 0.000000 1.000000</float_array>
        <technique_common>
          <accessor source="#mixamorig_RightHandRing3-Matrix-animation-output-transform-array" count="46" stride="16">
            <param type="float4x4"/>
          </accessor>
        </technique_common>
      </source>
      <source id="mixamorig_RightHandRing3-Interpolations">
        <Name_array id="mixamorig_RightHandRing3-Interpolations-array" count="46">
 LINEAR LINEAR LINEAR LINEAR LINEAR LINEAR LINEAR LINEAR LINEAR LINEAR LINEAR
LINEAR LINEAR LINEAR LINEAR LINEAR LINEAR LINEAR LINEAR LINEAR LINEAR LINEAR LINEAR
LINEAR LINEAR LINEAR LINEAR LINEAR LINEAR LINEAR LINEAR LINEAR LINEAR LINEAR LINEAR
LINEAR LINEAR LINEAR LINEAR LINEAR LINEAR LINEAR LINEAR LINEAR LINEAR LINEAR</Name_array>
        <technique_common>
          <accessor source="#mixamorig_RightHandRing3-Interpolations-array" count="46">
            <param type="name"/>
          </accessor>
        </technique_common>
      </source>
      <sampler id="mixamorig_RightHandRing3-Matrix-animation-transform">
        <input semantic="INPUT" source="#mixamorig_RightHandRing3-Matrix-animation-input"/>
        <input semantic="OUTPUT" source="#mixamorig_RightHandRing3-Matrix-animation-output-transform"/>
        <input semantic="INTERPOLATION" source="#mixamorig_RightHandRing3-Interpolations"/>
      </sampler>
      <channel source="#mixamorig_RightHandRing3-Matrix-animation-transform" target="mixamorig_RightHandRing3/matrix"/>
    </animation>
    <animation id="mixamorig_RightHandPinky1-anim" name="mixamorig_RightHandPinky1">
      <source id="mixamorig_RightHandPinky1-Matrix-animation-input">
        <float_array id="mixamorig_RightHandPinky1-Matrix-animation-input-array" count="46">

0.000000 0.033333 0.066667 0.100000 0.133333 0.166667 0.200000 0.233333 0.266667 0.300000 0.333333 0.366667 0.400000 0.433333 0.466667 0.500000
0.533333 0.566667 0.600000 0.633333 0.666667 0.700000 0.733333 0.766667 0.800000 0.833333 0.866667 0.900000 0.933333 0.966667 1.000000 1.033333
1.066667 1.100000 1.133333 1.166667 1.200000 1.233333 1.266667 1.300000 1.333333 1.366667 1.400000 1.433333 1.466667 1.500000</float_array>
        <technique_common>
          <accessor source="#mixamorig_RightHandPinky1-Matrix-animation-input-array" count="46">
            <param name="TIME" type="float"/>
          </accessor>
        </technique_common>
      </source>
      <source id="mixamorig_RightHandPinky1-Matrix-animation-output-transform">
        <float_array id="mixamorig_RightHandPinky1-Matrix-animation-output-transform-array" count="736">

0.977785 0.143232 0.153039 -6.433200 0.143732 0.073272 -0.986900 14.089700 -0.152569 0.986973 0.051057 1.001200 0.000000 0.000000 0.000000 1.000000
0.977785 0.143232 0.153040 -6.433200 0.143733 0.073272 -0.986900 14.089700 -0.152569 0.986973 0.051057 1.001200 0.000000 0.000000 0.000000 1.000000
0.977785 0.143232 0.153039 -6.433200 0.143732 0.073272 -0.986900 14.089700 -0.152569 0.986973 0.051057 1.001200 0.000000 0.000000 0.000000 1.000000
0.977785 0.143232 0.153039 -6.433200 0.143733 0.073271 -0.986900 14.089700 -0.152569 0.986973 0.051057 1.001200 0.000000 0.000000 0.000000 1.000000
0.977785 0.143232 0.153039 -6.433200 0.143732 0.073272 -0.986900 14.089700 -0.152569 0.986973 0.051057 1.001200 0.000000 0.000000 0.000000 1.000000
0.977785 0.143232 0.153039 -6.433200 0.143733 0.073272 -0.986900 14.089700 -0.152570 0.986973 0.051057 1.001200 0.000000 0.000000 0.000000 1.000000
0.977785 0.143232 0.153039 -6.433200 0.143732 0.073272 -0.986900 14.089700 -0.152569 0.986973 0.051057 1.001200 0.000000 0.000000 0.000000 1.000000
0.977785 0.143232 0.153039 -6.433200 0.143732 0.073272 -0.986900 14.089700 -0.152569 0.986973 0.051057 1.001200 0.000000 0.000000 0.000000 1.000000
0.977785 0.143232 0.153039 -6.433200 0.143732 0.073272 -0.986900 14.089700 -0.152569 0.986973 0.051057 1.001200 0.000000 0.000000 0.000000 1.000000
0.977785 0.143232 0.153039 -6.433200 0.143733 0.073272 -0.986900 14.089700 -0.152569 0.986973 0.051058 1.001200 0.000000 0.000000 0.000000 1.000000
0.977785 0.143232 0.153039 -6.433200 0.143732 0.073272 -0.986900 14.089700 -0.152569 0.986973 0.051057 1.001200 0.000000 0.000000 0.000000 1.000000
0.977785 0.143232 0.153039 -6.433200 0.143733 0.073272 -0.986900 14.089700 -0.152570 0.986973 0.051057 1.001200 0.000000 0.000000 0.000000 1.000000
0.977785 0.143232 0.153039 -6.433200 0.143732 0.073272 -0.986900 14.089700 -0.152569 0.986973 0.051057 1.001200 0.000000 0.000000 0.000000 1.000000
0.977785 0.143232 0.153039 -6.433200 0.143732 0.073272 -0.986900 14.089700 -0.152570 0.986973 0.051057 1.001200 0.000000 0.000000 0.000000 1.000000
0.977785 0.143232 0.153039 -6.433200 0.143733 0.073272 -0.986900 14.089700 -0.152569 0.986973 0.051057 1.001200 0.000000 0.000000 0.000000 1.000000
0.977785 0.143232 0.153039 -6.433200 0.143733 0.073272 -0.986900 14.089700 -0.152570 0.986973 0.051057 1.001200 0.000000 0.000000 0.000000 1.000000
0.977785 0.143232 0.153039 -6.433200 0.143733 0.073272 -0.986900 14.089700 -0.152569 0.986973 0.051057 1.001200 0.000000 0.000000 0.000000 1.000000
0.977785 0.143232 0.153039 -6.433200 0.143732 0.073272 -0.986900 14.089700 -0.152569 0.986973 0.051057 1.001200 0.000000 0.000000 0.000000 1.000000
0.977785 0.143232 0.153040 -6.433200 0.143733 0.073272 -0.986900 14.089700 -0.152569 0.986973 0.051057 1.001200 0.000000 0.000000 0.000000 1.000000
0.977785 0.143232 0.153039 -6.433200 0.143732 0.073272 -0.986900 14.089700 -0.152569 0.986973 0.051057 1.001200 0.000000 0.000000 0.000000 1.000000
0.977785 0.143232 0.153039 -6.433200 0.143732 0.073272 -0.986900 14.089700 -0.152569 0.986973 0.051057 1.001200 0.000000 0.000000 0.000000 1.000000
0.977785 0.143232 0.153039 -6.433200 0.143733 0.073272 -0.986900 14.089700 -0.152569 0.986973 0.051057 1.001200 0.000000 0.000000 0.000000 1.000000
0.977785 0.143232 0.153039 -6.433200 0.143733 0.073272 -0.986900 14.089700 -0.152569 0.986973 0.051057 1.001200 0.000000 0.000000 0.000000 1.000000
0.977785 0.143232 0.153039 -6.433200 0.143732 0.073272 -0.986900 14.089700 -0.152569 0.986973 0.051057 1.001200 0.000000 0.000000 0.000000 1.000000
0.977785 0.143232 0.153039 -6.433200 0.143733 0.073272 -0.986900 14.089700 -0.152570 0.986973 0.051057 1.001200 0.000000 0.000000 0.000000 1.000000
0.977785 0.143231 0.153040 -6.433200 0.143733 0.073272 -0.986900 14.089700 -0.152569 0.986973 0.051058 1.001200 0.000000 0.000000 0.000000 1.000000
0.977785 0.143232 0.153039 -6.433200 0.143732 0.073272 -0.986900 14.089700 -0.152569 0.986973 0.051057 1.001200 0.000000 0.000000 0.000000 1.000000
0.977785 0.143232 0.153039 -6.433200 0.143733 0.073272 -0.986900 14.089700 -0.152569 0.986973 0.051057 1.001200 0.000000 0.000000 0.000000 1.000000
0.977785 0.143232 0.153039 -6.433200 0.143732 0.073272 -0.986900 14.089700 -0.152569 0.986973 0.051057 1.001200 0.000000 0.000000 0.000000 1.000000
0.977785 0.143232 0.153039 -6.433200 0.143732 0.073272 -0.986900 14.089700 -0.152569 0.986973 0.051057 1.001200 0.000000 0.000000 0.000000 1.000000
0.977785 0.143232 0.153039 -6.433200 0.143732 0.073272 -0.986900 14.089700 -0.152569 0.986973 0.051057 1.001200 0.000000 0.000000 0.000000 1.000000
0.977785 0.143232 0.153039 -6.433200 0.143733 0.073272 -0.986900 14.089700 -0.152569 0.986973 0.051057 1.001200 0.000000 0.000000 0.000000 1.000000
0.977785 0.143232 0.153039 -6.433200 0.143733 0.073272 -0.986900 14.089700 -0.152569 0.986973 0.051057 1.001200 0.000000 0.000000 0.000000 1.000000
0.977785 0.143232 0.153039 -6.433200 0.143733 0.073272 -0.986900 14.089700 -0.152569 0.986973 0.051057 1.001200 0.000000 0.000000 0.000000 1.000000
0.977785 0.143232 0.153039 -6.433200 0.143732 0.073272 -0.986900 14.089700 -0.152570 0.986973 0.051057 1.001200 0.000000 0.000000 0.000000 1.000000
0.977785 0.143232 0.153039 -6.433200 0.143732 0.073272 -0.986900 14.089700 -0.152569 0.986973 0.051057 1.001200 0.000000 0.000000 0.000000 1.000000
0.977785 0.143232 0.153039 -6.433200 0.143733 0.073272 -0.986900 14.089700 -0.152569 0.986973 0.051057 1.001200 0.000000 0.000000 0.000000 1.000000
0.977785 0.143232 0.153039 -6.433200 0.143732 0.073272 -0.986900 14.089700 -0.152569 0.986973 0.051057 1.001200 0.000000 0.000000 0.000000 1.000000
0.977785 0.143232 0.153039 -6.433200 0.143732 0.073272 -0.986900 14.089700 -0.152569 0.986973 0.051057 1.001200 0.000000 0.000000 0.000000 1.000000
0.977785 0.143232 0.153039 -6.433200 0.143733 0.073272 -0.986900 14.089700 -0.152569 0.986973 0.051057 1.001200 0.000000 0.000000 0.000000 1.000000
0.977785 0.143232 0.153039 -6.433200 0.143732 0.073273 -0.986900 14.089700 -0.152569 0.986973 0.051058 1.001200 0.000000 0.000000 0.000000 1.000000
0.977785 0.143232 0.153039 -6.433200 0.143732 0.073272 -0.986900 14.089700 -0.152570 0.986973 0.051057 1.001200 0.000000 0.000000 0.000000 1.000000
0.977785 0.143232 0.153040 -6.433200 0.143733 0.073272 -0.986900 14.089700 -0.152569 0.986973 0.051057 1.001200 0.000000 0.000000 0.000000 1.000000
0.977785 0.143232 0.153039 -6.433200 0.143733 0.073272 -0.986900 14.089700 -0.152569 0.986973 0.051057 1.001200 0.000000 0.000000 0.000000 1.000000
0.977785 0.143232 0.153039 -6.433200 0.143732 0.073272 -0.986900 14.089700 -0.152570 0.986973 0.051057 1.001200 0.000000 0.000000 0.000000 1.000000
0.977785 0.143232 0.153039 -6.433200 0.143733 0.073272 -0.986900 14.089700 -0.152569 0.986973 0.051057 1.001200 0.000000 0.000000 0.000000 1.000000</float_array>
        <technique_common>
          <accessor source="#mixamorig_RightHandPinky1-Matrix-animation-output-transform-array" count="46" stride="16">
            <param type="float4x4"/>
          </accessor>
        </technique_common>
      </source>
      <source id="mixamorig_RightHandPinky1-Interpolations">
        <Name_array id="mixamorig_RightHandPinky1-Interpolations-array" count="46">
 LINEAR LINEAR LINEAR LINEAR LINEAR LINEAR LINEAR LINEAR LINEAR LINEAR LINEAR
LINEAR LINEAR LINEAR LINEAR LINEAR LINEAR LINEAR LINEAR LINEAR LINEAR LINEAR LINEAR
LINEAR LINEAR LINEAR LINEAR LINEAR LINEAR LINEAR LINEAR LINEAR LINEAR LINEAR LINEAR
LINEAR LINEAR LINEAR LINEAR LINEAR LINEAR LINEAR LINEAR LINEAR LINEAR LINEAR</Name_array>
        <technique_common>
          <accessor source="#mixamorig_RightHandPinky1-Interpolations-array" count="46">
            <param type="name"/>
          </accessor>
        </technique_common>
      </source>
      <sampler id="mixamorig_RightHandPinky1-Matrix-animation-transform">
        <input semantic="INPUT" source="#mixamorig_RightHandPinky1-Matrix-animation-input"/>
        <input semantic="OUTPUT" source="#mixamorig_RightHandPinky1-Matrix-animation-output-transform"/>
        <input semantic="INTERPOLATION" source="#mixamorig_RightHandPinky1-Interpolations"/>
      </sampler>
      <channel source="#mixamorig_RightHandPinky1-Matrix-animation-transform" target="mixamorig_RightHandPinky1/matrix"/>
    </animation>
    <animation id="mixamorig_RightHandPinky2-anim" name="mixamorig_RightHandPinky2">
      <source id="mixamorig_RightHandPinky2-Matrix-animation-input">
        <float_array id="mixamorig_RightHandPinky2-Matrix-animation-input-array" count="46">

0.000000 0.033333 0.066667 0.100000 0.133333 0.166667 0.200000 0.233333 0.266667 0.300000 0.333333 0.366667 0.400000 0.433333 0.466667 0.500000
0.533333 0.566667 0.600000 0.633333 0.666667 0.700000 0.733333 0.766667 0.800000 0.833333 0.866667 0.900000 0.933333 0.966667 1.000000 1.033333
1.066667 1.100000 1.133333 1.166667 1.200000 1.233333 1.266667 1.300000 1.333333 1.366667 1.400000 1.433333 1.466667 1.500000</float_array>
        <technique_common>
          <accessor source="#mixamorig_RightHandPinky2-Matrix-animation-input-array" count="46">
            <param name="TIME" type="float"/>
          </accessor>
        </technique_common>
      </source>
      <source id="mixamorig_RightHandPinky2-Matrix-animation-output-transform">
        <float_array id="mixamorig_RightHandPinky2-Matrix-animation-output-transform-array" count="736">

0.999999 0.001123 -0.000891 0.000000 -0.001165 0.273865 -0.961768 2.474700 -0.000836 0.961768 0.273866 0.000000 0.000000 0.000000 0.000000 1.000000
0.999999 0.001122 -0.000891 0.000000 -0.001164 0.273864 -0.961768 2.474700 -0.000836 0.961768 0.273865 -0.000000 0.000000 0.000000 0.000000 1.000000
0.999999 0.001123 -0.000891 0.000000 -0.001164 0.273865 -0.961767 2.474700 -0.000836 0.961768 0.273866 0.000000 0.000000 0.000000 0.000000 1.000000
0.999999 0.001123 -0.000891 -0.000000 -0.001164 0.273865 -0.961767 2.474700 -0.000836 0.961767 0.273866 0.000000 0.000000 0.000000 0.000000 1.000000
0.999999 0.001123 -0.000891 0.000000 -0.001164 0.273865 -0.961768 2.474700 -0.000836 0.961768 0.273866 0.000000 0.000000 0.000000 0.000000 1.000000
0.999999 0.001123 -0.000891 0.000000 -0.001164 0.273865 -0.961768 2.474700 -0.000836 0.961768 0.273866 0.000000 0.000000 0.000000 0.000000 1.000000
0.999999 0.001123 -0.000891 0.000000 -0.001165 0.273865 -0.961767 2.474700 -0.000836 0.961768 0.273866 0.000000 0.000000 0.000000 0.000000 1.000000
0.999999 0.001123 -0.000891 0.000000 -0.001164 0.273865 -0.961768 2.474700 -0.000836 0.961768 0.273866 0.000000 0.000000 0.000000 0.000000 1.000000
0.999999 0.001123 -0.000891 -0.000000 -0.001165 0.273865 -0.961768 2.474700 -0.000836 0.961768 0.273866 -0.000000 0.000000 0.000000 0.000000 1.000000
0.999999 0.001123 -0.000891 0.000000 -0.001165 0.273864 -0.961768 2.474700 -0.000836 0.961768 0.273865 -0.000000 0.000000 0.000000 0.000000 1.000000
0.999999 0.001123 -0.000891 0.000000 -0.001165 0.273865 -0.961768 2.474700 -0.000836 0.961768 0.273866 -0.000000 0.000000 0.000000 0.000000 1.000000
0.999999 0.001123 -0.000890 0.000000 -0.001164 0.273865 -0.961768 2.474700 -0.000836 0.961768 0.273866 0.000000 0.000000 0.000000 0.000000 1.000000
0.999999 0.001123 -0.000891 -0.000000 -0.001165 0.273865 -0.961767 2.474700 -0.000836 0.961767 0.273866 0.000000 0.000000 0.000000 0.000000 1.000000
0.999999 0.001123 -0.000891 -0.000000 -0.001165 0.273865 -0.961768 2.474700 -0.000836 0.961768 0.273866 -0.000000 0.000000 0.000000 0.000000 1.000000
0.999999 0.001123 -0.000891 0.000000 -0.001164 0.273865 -0.961767 2.474700 -0.000836 0.961768 0.273866 0.000000 0.000000 0.000000 0.000000 1.000000
0.999999 0.001123 -0.000890 0.000000 -0.001164 0.273865 -0.961767 2.474700 -0.000836 0.961767 0.273866 0.000000 0.000000 0.000000 0.000000 1.000000
0.999999 0.001123 -0.000891 -0.000000 -0.001165 0.273865 -0.961767 2.474700 -0.000836 0.961767 0.273866 0.000000 0.000000 0.000000 0.000000 1.000000
0.999999 0.001123 -0.000892 0.000000 -0.001165 0.273866 -0.961767 2.474700 -0.000836 0.961767 0.273867 0.000000 0.000000 0.000000 0.000000 1.000000
0.999999 0.001123 -0.000891 0.000000 -0.001165 0.273865 -0.961768 2.474700 -0.000836 0.961768 0.273866 -0.000000 0.000000 0.000000 0.000000 1.000000
0.999999 0.001123 -0.000891 0.000000 -0.001164 0.273864 -0.961768 2.474700 -0.000836 0.961768 0.273865 -0.000000 0.000000 0.000000 0.000000 1.000000
0.999999 0.001123 -0.000891 0.000000 -0.001164 0.273865 -0.961767 2.474700 -0.000836 0.961768 0.273866 0.000000 0.000000 0.000000 0.000000 1.000000
0.999999 0.001123 -0.000891 0.000000 -0.001165 0.273865 -0.961768 2.474700 -0.000836 0.961768 0.273866 0.000000 0.000000 0.000000 0.000000 1.000000
0.999999 0.001123 -0.000891 0.000000 -0.001164 0.273865 -0.961767 2.474700 -0.000836 0.961767 0.273866 0.000000 0.000000 0.000000 0.000000 1.000000
0.999999 0.001123 -0.000891 0.000000 -0.001164 0.273865 -0.961767 2.474700 -0.000836 0.961768 0.273866 0.000000 0.000000 0.000000 0.000000 1.000000
0.999999 0.001123 -0.000891 0.000000 -0.001164 0.273864 -0.961768 2.474700 -0.000836 0.961768 0.273865 -0.000000 0.000000 0.000000 0.000000 1.000000
0.999999 0.001123 -0.000891 0.000000 -0.001165 0.273865 -0.961767 2.474700 -0.000836 0.961767 0.273866 0.000000 0.000000 0.000000 0.000000 1.000000
0.999999 0.001123 -0.000891 0.000000 -0.001164 0.273865 -0.961767 2.474700 -0.000836 0.961767 0.273866 0.000000 0.000000 0.000000 0.000000 1.000000
0.999999 0.001123 -0.000891 0.000000 -0.001164 0.273865 -0.961767 2.474700 -0.000836 0.961767 0.273866 -0.000000 0.000000 0.000000 0.000000 1.000000
0.999999 0.001123 -0.000891 0.000000 -0.001165 0.273865 -0.961767 2.474700 -0.000836 0.961767 0.273866 0.000000 0.000000 0.000000 0.000000 1.000000
0.999999 0.001123 -0.000891 0.000000 -0.001164 0.273865 -0.961767 2.474700 -0.000836 0.961767 0.273866 -0.000000 0.000000 0.000000 0.000000 1.000000
0.999999 0.001123 -0.000891 0.000000 -0.001165 0.273865 -0.961768 2.474700 -0.000836 0.961768 0.273866 0.000000 0.000000 0.000000 0.000000 1.000000
0.999999 0.001123 -0.000891 0.000000 -0.001165 0.273866 -0.961767 2.474700 -0.000836 0.961767 0.273867 -0.000000 0.000000 0.000000 0.000000 1.000000
0.999999 0.001123 -0.000891 -0.000000 -0.001164 0.273865 -0.961768 2.474700 -0.000837 0.961768 0.273866 0.000000 0.000000 0.000000 0.000000 1.000000
0.999999 0.001123 -0.000891 -0.000000 -0.001165 0.273864 -0.961768 2.474700 -0.000836 0.961768 0.273865 0.000000 0.000000 0.000000 0.000000 1.000000
0.999999 0.001123 -0.000891 0.000000 -0.001164 0.273865 -0.961767 2.474700 -0.000836 0.961767 0.273866 0.000000 0.000000 0.000000 0.000000 1.000000
0.999999 0.001122 -0.000891 0.000000 -0.001164 0.273865 -0.961768 2.474700 -0.000835 0.961768 0.273866 -0.000000 0.000000 0.000000 0.000000 1.000000
0.999999 0.001124 -0.000890 0.000000 -0.001164 0.273865 -0.961767 2.474700 -0.000837 0.961767 0.273866 0.000000 0.000000 0.000000 0.000000 1.000000
0.999999 0.001123 -0.000891 -0.000000 -0.001164 0.273865 -0.961768 2.474700 -0.000836 0.961768 0.273866 -0.000000 0.000000 0.000000 0.000000 1.000000
0.999999 0.001123 -0.000891 0.000000 -0.001164 0.273864 -0.961768 2.474700 -0.000836 0.961768 0.273865 0.000000 0.000000 0.000000 0.000000 1.000000
0.999999 0.001123 -0.000891 0.000000 -0.001165 0.273865 -0.961767 2.474700 -0.000836 0.961768 0.273866 -0.000000 0.000000 0.000000 0.000000 1.000000
0.999999 0.001123 -0.000891 0.000000 -0.001165 0.273865 -0.961768 2.474700 -0.000836 0.961768 0.273866 0.000000 0.000000 0.000000 0.000000 1.000000
0.999999 0.001123 -0.000891 0.000000 -0.001164 0.273865 -0.961767 2.474700 -0.000836 0.961767 0.273866 -0.000000 0.000000 0.000000 0.000000 1.000000
0.999999 0.001123 -0.000891 0.000000 -0.001165 0.273865 -0.961767 2.474700 -0.000836 0.961767 0.273866 -0.000000 0.000000 0.000000 0.000000 1.000000
0.999999 0.001123 -0.000891 0.000000 -0.001165 0.273865 -0.961767 2.474700 -0.000836 0.961767 0.273866 0.000000 0.000000 0.000000 0.000000 1.000000
0.999999 0.001123 -0.000891 0.000000 -0.001165 0.273865 -0.961767 2.474700 -0.000836 0.961768 0.273866 -0.000000 0.000000 0.000000 0.000000 1.000000
0.999999 0.001123 -0.000891 0.000000 -0.001165 0.273864 -0.961768 2.474700 -0.000836 0.961768 0.273865 -0.000000 0.000000 0.000000 0.000000 1.000000</float_array>
        <technique_common>
          <accessor source="#mixamorig_RightHandPinky2-Matrix-animation-output-transform-array" count="46" stride="16">
            <param type="float4x4"/>
          </accessor>
        </technique_common>
      </source>
      <source id="mixamorig_RightHandPinky2-Interpolations">
        <Name_array id="mixamorig_RightHandPinky2-Interpolations-array" count="46">
 LINEAR LINEAR LINEAR LINEAR LINEAR LINEAR LINEAR LINEAR LINEAR LINEAR LINEAR
LINEAR LINEAR LINEAR LINEAR LINEAR LINEAR LINEAR LINEAR LINEAR LINEAR LINEAR LINEAR
LINEAR LINEAR LINEAR LINEAR LINEAR LINEAR LINEAR LINEAR LINEAR LINEAR LINEAR LINEAR
LINEAR LINEAR LINEAR LINEAR LINEAR LINEAR LINEAR LINEAR LINEAR LINEAR LINEAR</Name_array>
        <technique_common>
          <accessor source="#mixamorig_RightHandPinky2-Interpolations-array" count="46">
            <param type="name"/>
          </accessor>
        </technique_common>
      </source>
      <sampler id="mixamorig_RightHandPinky2-Matrix-animation-transform">
        <input semantic="INPUT" source="#mixamorig_RightHandPinky2-Matrix-animation-input"/>
        <input semantic="OUTPUT" source="#mixamorig_RightHandPinky2-Matrix-animation-output-transform"/>
        <input semantic="INTERPOLATION" source="#mixamorig_RightHandPinky2-Interpolations"/>
      </sampler>
      <channel source="#mixamorig_RightHandPinky2-Matrix-animation-transform" target="mixamorig_RightHandPinky2/matrix"/>
    </animation>
    <animation id="mixamorig_RightHandPinky3-anim" name="mixamorig_RightHandPinky3">
      <source id="mixamorig_RightHandPinky3-Matrix-animation-input">
        <float_array id="mixamorig_RightHandPinky3-Matrix-animation-input-array" count="46">

0.000000 0.033333 0.066667 0.100000 0.133333 0.166667 0.200000 0.233333 0.266667 0.300000 0.333333 0.366667 0.400000 0.433333 0.466667 0.500000
0.533333 0.566667 0.600000 0.633333 0.666667 0.700000 0.733333 0.766667 0.800000 0.833333 0.866667 0.900000 0.933333 0.966667 1.000000 1.033333
1.066667 1.100000 1.133333 1.166667 1.200000 1.233333 1.266667 1.300000 1.333333 1.366667 1.400000 1.433333 1.466667 1.500000</float_array>
        <technique_common>
          <accessor source="#mixamorig_RightHandPinky3-Matrix-animation-input-array" count="46">
            <param name="TIME" type="float"/>
          </accessor>
        </technique_common>
      </source>
      <source id="mixamorig_RightHandPinky3-Matrix-animation-output-transform">
        <float_array id="mixamorig_RightHandPinky3-Matrix-animation-output-transform-array" count="736">

1.000000 0.000839 -0.000460 0.000000 -0.000900 0.661982 -0.749519 2.073800 -0.000324 0.749520 0.661982 0.000000 0.000000 0.000000 0.000000 1.000000
1.000000 0.000839 -0.000461 0.000000 -0.000901 0.661982 -0.749520 2.073800 -0.000324 0.749520 0.661982 0.000000 0.000000 0.000000 0.000000 1.000000
1.000000 0.000839 -0.000461 0.000000 -0.000901 0.661981 -0.749520 2.073800 -0.000324 0.749520 0.661982 0.000000 0.000000 0.000000 0.000000 1.000000
1.000000 0.000839 -0.000461 0.000000 -0.000901 0.661981 -0.749520 2.073800 -0.000324 0.749520 0.661982 -0.000000 0.000000 0.000000 0.000000 1.000000
1.000000 0.000839 -0.000461 0.000000 -0.000901 0.661982 -0.749520 2.073800 -0.000324 0.749520 0.661982 0.000000 0.000000 0.000000 0.000000 1.000000
1.000000 0.000838 -0.000461 -0.000000 -0.000900 0.661982 -0.749520 2.073800 -0.000323 0.749520 0.661982 0.000000 0.000000 0.000000 0.000000 1.000000
1.000000 0.000838 -0.000461 0.000000 -0.000901 0.661981 -0.749520 2.073800 -0.000323 0.749520 0.661982 0.000000 0.000000 0.000000 0.000000 1.000000
1.000000 0.000839 -0.000461 0.000000 -0.000901 0.661981 -0.749520 2.073800 -0.000324 0.749520 0.661982 -0.000000 0.000000 0.000000 0.000000 1.000000
1.000000 0.000839 -0.000461 0.000000 -0.000901 0.661981 -0.749520 2.073800 -0.000324 0.749520 0.661982 0.000000 0.000000 0.000000 0.000000 1.000000
1.000000 0.000839 -0.000460 -0.000000 -0.000900 0.661982 -0.749520 2.073800 -0.000324 0.749520 0.661982 0.000000 0.000000 0.000000 0.000000 1.000000
1.000000 0.000838 -0.000461 0.000000 -0.000900 0.661982 -0.749520 2.073800 -0.000323 0.749520 0.661982 0.000000 0.000000 0.000000 0.000000 1.000000
1.000000 0.000838 -0.000461 -0.000000 -0.000901 0.661981 -0.749520 2.073800 -0.000323 0.749520 0.661982 0.000000 0.000000 0.000000 0.000000 1.000000
1.000000 0.000839 -0.000461 0.000000 -0.000901 0.661981 -0.749520 2.073800 -0.000324 0.749520 0.661982 0.000000 0.000000 0.000000 0.000000 1.000000
1.000000 0.000839 -0.000461 0.000000 -0.000901 0.661981 -0.749520 2.073800 -0.000324 0.749520 0.661982 0.000000 0.000000 0.000000 0.000000 1.000000
1.000000 0.000839 -0.000461 0.000000 -0.000901 0.661981 -0.749520 2.073800 -0.000323 0.749520 0.661982 -0.000000 0.000000 0.000000 0.000000 1.000000
1.000000 0.000839 -0.000461 -0.000000 -0.000901 0.661981 -0.749520 2.073800 -0.000323 0.749520 0.661982 0.000000 0.000000 0.000000 0.000000 1.000000
1.000000 0.000839 -0.000461 -0.000000 -0.000901 0.661981 -0.749520 2.073800 -0.000323 0.749520 0.661982 -0.000000 0.000000 0.000000 0.000000 1.000000
1.000000 0.000839 -0.000461 0.000000 -0.000901 0.661981 -0.749520 2.073800 -0.000324 0.749520 0.661982 0.000000 0.000000 0.000000 0.000000 1.000000
1.000000 0.000839 -0.000461 0.000000 -0.000901 0.661982 -0.749520 2.073800 -0.000324 0.749520 0.661982 0.000000 0.000000 0.000000 0.000000 1.000000
1.000000 0.000839 -0.000461 0.000000 -0.000901 0.661982 -0.749520 2.073800 -0.000323 0.749520 0.661982 0.000000 0.000000 0.000000 0.000000 1.000000
1.000000 0.000839 -0.000461 0.000000 -0.000901 0.661981 -0.749520 2.073800 -0.000324 0.749520 0.661982 0.000000 0.000000 0.000000 0.000000 1.000000
1.000000 0.000839 -0.000461 0.000000 -0.000901 0.661981 -0.749520 2.073800 -0.000323 0.749520 0.661982 0.000000 0.000000 0.000000 0.000000 1.000000
1.000000 0.000839 -0.000461 0.000000 -0.000900 0.661981 -0.749520 2.073800 -0.000324 0.749520 0.661982 0.000000 0.000000 0.000000 0.000000 1.000000
1.000000 0.000839 -0.000461 0.000000 -0.000901 0.661982 -0.749520 2.073800 -0.000324 0.749520 0.661982 0.000000 0.000000 0.000000 0.000000 1.000000
1.000000 0.000839 -0.000461 0.000000 -0.000901 0.661981 -0.749520 2.073800 -0.000323 0.749520 0.661982 -0.000000 0.000000 0.000000 0.000000 1.000000
1.000000 0.000839 -0.000461 0.000000 -0.000901 0.661982 -0.749519 2.073800 -0.000323 0.749520 0.661982 0.000000 0.000000 0.000000 0.000000 1.000000
1.000000 0.000839 -0.000461 0.000000 -0.000901 0.661981 -0.749520 2.073800 -0.000324 0.749520 0.661982 0.000000 0.000000 0.000000 0.000000 1.000000
1.000000 0.000839 -0.000461 -0.000000 -0.000900 0.661981 -0.749520 2.073800 -0.000324 0.749520 0.661982 0.000000 0.000000 0.000000 0.000000 1.000000
1.000000 0.000839 -0.000461 0.000000 -0.000901 0.661981 -0.749520 2.073800 -0.000324 0.749520 0.661982 0.000000 0.000000 0.000000 0.000000 1.000000
1.000000 0.000839 -0.000461 0.000000 -0.000901 0.661981 -0.749520 2.073800 -0.000324 0.749520 0.661982 0.000000 0.000000 0.000000 0.000000 1.000000
1.000000 0.000839 -0.000461 0.000000 -0.000901 0.661981 -0.749520 2.073800 -0.000324 0.749520 0.661982 0.000000 0.000000 0.000000 0.000000 1.000000
1.000000 0.000838 -0.000461 0.000000 -0.000900 0.661981 -0.749520 2.073800 -0.000323 0.749520 0.661982 0.000000 0.000000 0.000000 0.000000 1.000000
1.000000 0.000838 -0.000461 0.000000 -0.000900 0.661982 -0.749520 2.073800 -0.000323 0.749520 0.661982 -0.000000 0.000000 0.000000 0.000000 1.000000
1.000000 0.000839 -0.000461 0.000000 -0.000901 0.661982 -0.749519 2.073800 -0.000324 0.749519 0.661982 0.000000 0.000000 0.000000 0.000000 1.000000
1.000000 0.000838 -0.000461 0.000000 -0.000901 0.661982 -0.749520 2.073800 -0.000323 0.749520 0.661982 0.000000 0.000000 0.000000 0.000000 1.000000
1.000000 0.000839 -0.000461 0.000000 -0.000901 0.661981 -0.749520 2.073800 -0.000324 0.749520 0.661982 0.000000 0.000000 0.000000 0.000000 1.000000
1.000000 0.000838 -0.000461 0.000000 -0.000901 0.661981 -0.749520 2.073800 -0.000323 0.749520 0.661982 0.000000 0.000000 0.000000 0.000000 1.000000
1.000000 0.000839 -0.000461 0.000000 -0.000901 0.661982 -0.749520 2.073800 -0.000324 0.749520 0.661982 0.000000 0.000000 0.000000 0.000000 1.000000
1.000000 0.000838 -0.000461 0.000000 -0.000900 0.661982 -0.749520 2.073800 -0.000323 0.749520 0.661982 -0.000000 0.000000 0.000000 0.000000 1.000000
1.000000 0.000839 -0.000461 0.000000 -0.000901 0.661981 -0.749520 2.073800 -0.000324 0.749520 0.661982 0.000000 0.000000 0.000000 0.000000 1.000000
1.000000 0.000838 -0.000461 -0.000000 -0.000900 0.661981 -0.749520 2.073800 -0.000323 0.749520 0.661982 -0.000000 0.000000 0.000000 0.000000 1.000000
1.000000 0.000838 -0.000461 0.000000 -0.000901 0.661982 -0.749520 2.073800 -0.000323 0.749520 0.661982 -0.000000 0.000000 0.000000 0.000000 1.000000
1.000000 0.000839 -0.000461 -0.000000 -0.000900 0.661981 -0.749520 2.073800 -0.000324 0.749520 0.661982 0.000000 0.000000 0.000000 0.000000 1.000000
1.000000 0.000839 -0.000461 0.000000 -0.000901 0.661981 -0.749520 2.073800 -0.000323 0.749520 0.661982 0.000000 0.000000 0.000000 0.000000 1.000000
1.000000 0.000839 -0.000461 0.000000 -0.000900 0.661981 -0.749520 2.073800 -0.000324 0.749520 0.661982 0.000000 0.000000 0.000000 0.000000 1.000000
1.000000 0.000839 -0.000460 0.000000 -0.000900 0.661982 -0.749520 2.073800 -0.000324 0.749520 0.661982 0.000000 0.000000 0.000000 0.000000 1.000000</float_array>
        <technique_common>
          <accessor source="#mixamorig_RightHandPinky3-Matrix-animation-output-transform-array" count="46" stride="16">
            <param type="float4x4"/>
          </accessor>
        </technique_common>
      </source>
      <source id="mixamorig_RightHandPinky3-Interpolations">
        <Name_array id="mixamorig_RightHandPinky3-Interpolations-array" count="46">
 LINEAR LINEAR LINEAR LINEAR LINEAR LINEAR LINEAR LINEAR LINEAR LINEAR LINEAR
LINEAR LINEAR LINEAR LINEAR LINEAR LINEAR LINEAR LINEAR LINEAR LINEAR LINEAR LINEAR
LINEAR LINEAR LINEAR LINEAR LINEAR LINEAR LINEAR LINEAR LINEAR LINEAR LINEAR LINEAR
LINEAR LINEAR LINEAR LINEAR LINEAR LINEAR LINEAR LINEAR LINEAR LINEAR LINEAR</Name_array>
        <technique_common>
          <accessor source="#mixamorig_RightHandPinky3-Interpolations-array" count="46">
            <param type="name"/>
          </accessor>
        </technique_common>
      </source>
      <sampler id="mixamorig_RightHandPinky3-Matrix-animation-transform">
        <input semantic="INPUT" source="#mixamorig_RightHandPinky3-Matrix-animation-input"/>
        <input semantic="OUTPUT" source="#mixamorig_RightHandPinky3-Matrix-animation-output-transform"/>
        <input semantic="INTERPOLATION" source="#mixamorig_RightHandPinky3-Interpolations"/>
      </sampler>
      <channel source="#mixamorig_RightHandPinky3-Matrix-animation-transform" target="mixamorig_RightHandPinky3/matrix"/>
    </animation>
    <animation id="mixamorig_LeftUpLeg-anim" name="mixamorig_LeftUpLeg">
      <source id="mixamorig_LeftUpLeg-Matrix-animation-input">
        <float_array id="mixamorig_LeftUpLeg-Matrix-animation-input-array" count="46">

0.000000 0.033333 0.066667 0.100000 0.133333 0.166667 0.200000 0.233333 0.266667 0.300000 0.333333 0.366667 0.400000 0.433333 0.466667 0.500000
0.533333 0.566667 0.600000 0.633333 0.666667 0.700000 0.733333 0.766667 0.800000 0.833333 0.866667 0.900000 0.933333 0.966667 1.000000 1.033333
1.066667 1.100000 1.133333 1.166667 1.200000 1.233333 1.266667 1.300000 1.333333 1.366667 1.400000 1.433333 1.466667 1.500000</float_array>
        <technique_common>
          <accessor source="#mixamorig_LeftUpLeg-Matrix-animation-input-array" count="46">
            <param name="TIME" type="float"/>
          </accessor>
        </technique_common>
      </source>
      <source id="mixamorig_LeftUpLeg-Matrix-animation-output-transform">
        <float_array id="mixamorig_LeftUpLeg-Matrix-animation-output-transform-array" count="736">

-0.771049 0.558240 0.306352 9.418100 -0.309021 -0.748684 0.586497 -4.875100 0.556767 0.357549 0.749780 1.897700 0.000000 0.000000 0.000000 1.000000
-0.768728 0.575451 0.279130 9.418100 -0.315183 -0.720603 0.617569 -4.875100 0.556522 0.386765 0.735320 1.897700 0.000000 0.000000 0.000000 1.000000
-0.760237 0.597371 0.255320 9.418100 -0.328149 -0.692301 0.642680 -4.875100 0.560677 0.404806 0.722339 1.897700 0.000000 0.000000 0.000000 1.000000
-0.748532 0.620598 0.233575 9.418100 -0.343481 -0.664191 0.663981 -4.875100 0.567204 0.416783 0.710332 1.897700 0.000000 0.000000 0.000000 1.000000
-0.734611 0.643392 0.215391 9.418100 -0.358466 -0.637574 0.681910 -4.875100 0.576063 0.423729 0.699003 1.897700 0.000000 0.000000 0.000000 1.000000
-0.718786 0.665580 0.200870 9.418100 -0.374100 -0.613811 0.695187 -4.875100 0.585999 0.424546 0.690193 1.897700 0.000000 0.000000 0.000000 1.000000
-0.700300 0.687005 0.193918 9.418100 -0.392021 -0.597141 0.699816 -4.875100 0.596574 0.414061 0.687498 1.897700 0.000000 0.000000 0.000000 1.000000
-0.683180 0.705865 0.187136 9.418100 -0.411925 -0.584105 0.699385 -4.875100 0.602978 0.400720 0.689812 1.897700 0.000000 0.000000 0.000000 1.000000
-0.673838 0.715498 0.184404 9.418100 -0.426200 -0.580252 0.694018 -4.875100 0.603570 0.389062 0.695941 1.897700 0.000000 0.000000 0.000000 1.000000
-0.667461 0.726229 0.164582 9.418100 -0.445006 -0.566228 0.693798 -4.875100 0.597048 0.389843 0.701111 1.897700 0.000000 0.000000 0.000000 1.000000
-0.660124 0.735845 0.150893 9.418100 -0.482191 -0.569144 0.666008 -4.875100 0.575959 0.366888 0.730524 1.897700 0.000000 0.000000 0.000000 1.000000
-0.670920 0.727526 0.143429 9.418100 -0.519774 -0.599351 0.608781 -4.875100 0.528868 0.333893 0.780265 1.897700 0.000000 0.000000 0.000000 1.000000
-0.703607 0.691371 0.164145 9.418100 -0.536013 -0.668043 0.516147 -4.875100 0.466505 0.275181 0.840624 1.897700 0.000000 0.000000 0.000000 1.000000
-0.735581 0.641429 0.217921 9.418100 -0.523110 -0.742213 0.418898 -4.875100 0.430438 0.194137 0.881496 1.897700 0.000000 0.000000 0.000000 1.000000
-0.752547 0.582787 0.306646 9.418100 -0.521277 -0.811718 0.263409 -4.875100 0.402421 0.038380 0.914650 1.897700 0.000000 0.000000 0.000000 1.000000
-0.781919 0.505285 0.365089 9.418100 -0.507620 -0.856037 0.097581 -4.875100 0.361836 -0.109026 0.925844 1.897700 0.000000 0.000000 0.000000 1.000000
-0.797570 0.462979 0.386693 9.418100 -0.497861 -0.867182 0.011401 -4.875100 0.340612 -0.183426 0.922138 1.897700 0.000000 0.000000 0.000000 1.000000
-0.815098 0.416529 0.402639 9.418100 -0.478877 -0.875571 -0.063658 -4.875100 0.326024 -0.244703 0.913143 1.897700 0.000000 0.000000 0.000000 1.000000
-0.838245 0.348638 0.419282 9.418100 -0.430617 -0.894953 -0.116742 -4.875100 0.334537 -0.278409 0.900319 1.897700 0.000000 0.000000 0.000000 1.000000
-0.858231 0.274578 0.433644 9.418100 -0.366350 -0.919444 -0.142867 -4.875100 0.359483 -0.281479 0.889686 1.897700 0.000000 0.000000 0.000000 1.000000
-0.869403 0.219310 0.442765 9.418100 -0.306111 -0.942483 -0.134242 -4.875100 0.387858 -0.252246 0.886531 1.897700 0.000000 0.000000 0.000000 1.000000
-0.866035 0.187864 0.463348 9.418100 -0.265523 -0.958054 -0.107841 -4.875100 0.423653 -0.216424 0.879590 1.897700 0.000000 0.000000 0.000000 1.000000
-0.861520 0.178480 0.475319 9.418100 -0.227789 -0.972542 -0.047684 -4.875100 0.453757 -0.149353 0.878520 1.897700 0.000000 0.000000 0.000000 1.000000
-0.856543 0.173755 0.485945 9.418100 -0.189240 -0.981775 0.017485 -4.875100 0.480127 -0.076983 0.873814 1.897700 0.000000 0.000000 0.000000 1.000000
-0.851427 0.167868 0.496883 9.418100 -0.150437 -0.985752 0.075250 -4.875100 0.502435 -0.010680 0.864549 1.897700 0.000000 0.000000 0.000000 1.000000
-0.847340 0.160554 0.506199 9.418100 -0.116704 -0.986198 0.117445 -4.875100 0.518068 0.040441 0.854383 1.897700 0.000000 0.000000 0.000000 1.000000
-0.854794 0.168495 0.490853 9.418100 -0.112110 -0.983446 0.142353 -4.875100 0.506714 0.066653 0.859534 1.897700 0.000000 0.000000 0.000000 1.000000
-0.872783 0.176579 0.455049 9.418100 -0.112773 -0.979996 0.163983 -4.875100 0.474902 0.091804 0.875237 1.897700 0.000000 0.000000 0.000000 1.000000
-0.892284 0.184750 0.411943 9.418100 -0.116897 -0.975864 0.184456 -4.875100 0.436079 0.116432 0.892344 1.897700 0.000000 0.000000 0.000000 1.000000
-0.912371 0.210478 0.351110 9.418100 -0.141574 -0.967005 0.211798 -4.875100 0.384104 0.143530 0.912065 1.897700 0.000000 0.000000 0.000000 1.000000
-0.934681 0.235311 0.266457 9.418100 -0.174542 -0.956765 0.232669 -4.875100 0.309687 0.170963 0.935343 1.897700 0.000000 0.000000 0.000000 1.000000
-0.954048 0.269795 0.130396 9.418100 -0.232796 -0.941322 0.244376 -4.875100 0.188676 0.202790 0.960873 1.897700 0.000000 0.000000 0.000000 1.000000
-0.959944 0.279478 -0.019987 9.418100 -0.276113 -0.931432 0.237057 -4.875100 0.047636 0.233080 0.971290 1.897700 0.000000 0.000000 0.000000 1.000000
-0.945583 0.304436 -0.114852 9.418100 -0.324667 -0.906126 0.271160 -4.875100 -0.021520 0.293693 0.955658 1.897700 0.000000 0.000000 0.000000 1.000000
-0.928228 0.351648 -0.121396 9.418100 -0.371965 -0.872084 0.317981 -4.875100 0.005950 0.340313 0.940293 1.897700 0.000000 0.000000 0.000000 1.000000
-0.910426 0.406960 -0.074216 9.418100 -0.403046 -0.832245 0.380687 -4.875100 0.093158 0.376500 0.921721 1.897700 0.000000 0.000000 0.000000 1.000000
-0.869586 0.489678 0.063526 9.418100 -0.426323 -0.809458 0.403766 -4.875100 0.249137 0.324027 0.912654 1.897700 0.000000 0.000000 0.000000 1.000000
-0.813256 0.549217 0.192292 9.418100 -0.440444 -0.796933 0.413410 -4.875100 0.380295 0.251514 0.890009 1.897700 0.000000 0.000000 0.000000 1.000000
-0.763481 0.571844 0.300153 9.418100 -0.442007 -0.801521 0.402732 -4.875100 0.470879 0.174809 0.864705 1.897700 0.000000 0.000000 0.000000 1.000000
-0.729768 0.565024 0.384949 9.418100 -0.421882 -0.815217 0.396784 -4.875100 0.538009 0.127157 0.833293 1.897700 0.000000 0.000000 0.000000 1.000000
-0.716944 0.576515 0.391946 9.418100 -0.386047 -0.796479 0.465390 -4.875100 0.580482 0.182349 0.793593 1.897700 0.000000 0.000000 0.000000 1.000000
-0.717697 0.592631 0.365648 9.418100 -0.374669 -0.771240 0.514599 -4.875100 0.586970 0.232330 0.775557 1.897700 0.000000 0.000000 0.000000 1.000000
-0.727512 0.593168 0.344786 9.418100 -0.360501 -0.758060 0.543492 -4.875100 0.583751 0.271102 0.765336 1.897700 0.000000 0.000000 0.000000 1.000000
-0.741176 0.584995 0.329300 9.418100 -0.344827 -0.752637 0.560921 -4.875100 0.575979 0.302190 0.759559 1.897700 0.000000 0.000000 0.000000 1.000000
-0.756503 0.572096 0.316874 9.418100 -0.327528 -0.750808 0.573596 -4.875100 0.566064 0.330142 0.755366 1.897700 0.000000 0.000000 0.000000 1.000000
-0.771049 0.558240 0.306353 9.418100 -0.309021 -0.748684 0.586496 -4.875100 0.556767 0.357548 0.749780 1.897700 0.000000 0.000000 0.000000 1.000000</float_array>
        <technique_common>
          <accessor source="#mixamorig_LeftUpLeg-Matrix-animation-output-transform-array" count="46" stride="16">
            <param type="float4x4"/>
          </accessor>
        </technique_common>
      </source>
      <source id="mixamorig_LeftUpLeg-Interpolations">
        <Name_array id="mixamorig_LeftUpLeg-Interpolations-array" count="46">
 LINEAR LINEAR LINEAR LINEAR LINEAR LINEAR LINEAR LINEAR LINEAR LINEAR LINEAR
LINEAR LINEAR LINEAR LINEAR LINEAR LINEAR LINEAR LINEAR LINEAR LINEAR LINEAR LINEAR
LINEAR LINEAR LINEAR LINEAR LINEAR LINEAR LINEAR LINEAR LINEAR LINEAR LINEAR LINEAR
LINEAR LINEAR LINEAR LINEAR LINEAR LINEAR LINEAR LINEAR LINEAR LINEAR LINEAR</Name_array>
        <technique_common>
          <accessor source="#mixamorig_LeftUpLeg-Interpolations-array" count="46">
            <param type="name"/>
          </accessor>
        </technique_common>
      </source>
      <sampler id="mixamorig_LeftUpLeg-Matrix-animation-transform">
        <input semantic="INPUT" source="#mixamorig_LeftUpLeg-Matrix-animation-input"/>
        <input semantic="OUTPUT" source="#mixamorig_LeftUpLeg-Matrix-animation-output-transform"/>
        <input semantic="INTERPOLATION" source="#mixamorig_LeftUpLeg-Interpolations"/>
      </sampler>
      <channel source="#mixamorig_LeftUpLeg-Matrix-animation-transform" target="mixamorig_LeftUpLeg/matrix"/>
    </animation>
    <animation id="mixamorig_LeftLeg-anim" name="mixamorig_LeftLeg">
      <source id="mixamorig_LeftLeg-Matrix-animation-input">
        <float_array id="mixamorig_LeftLeg-Matrix-animation-input-array" count="46">

0.000000 0.033333 0.066667 0.100000 0.133333 0.166667 0.200000 0.233333 0.266667 0.300000 0.333333 0.366667 0.400000 0.433333 0.466667 0.500000
0.533333 0.566667 0.600000 0.633333 0.666667 0.700000 0.733333 0.766667 0.800000 0.833333 0.866667 0.900000 0.933333 0.966667 1.000000 1.033333
1.066667 1.100000 1.133333 1.166667 1.200000 1.233333 1.266667 1.300000 1.333333 1.366667 1.400000 1.433333 1.466667 1.500000</float_array>
        <technique_common>
          <accessor source="#mixamorig_LeftLeg-Matrix-animation-input-array" count="46">
            <param name="TIME" type="float"/>
          </accessor>
        </technique_common>
      </source>
      <source id="mixamorig_LeftLeg-Matrix-animation-output-transform">
        <float_array id="mixamorig_LeftLeg-Matrix-animation-output-transform-array" count="736">

0.995356 -0.088789 -0.037199 0.000000 0.086711 0.659067 0.747069 48.478100 -0.041814 -0.746825 0.663705 0.000000 0.000000 0.000000 0.000000 1.000000
0.995039 -0.091232 -0.039674 -0.000000 0.089430 0.645545 0.758468 48.478100 -0.043585 -0.758254 0.650501 0.000000 0.000000 0.000000 0.000000 1.000000
0.994809 -0.092750 -0.041857 0.000000 0.092038 0.644708 0.758868 48.478100 -0.043400 -0.758781 0.649898 -0.000000 0.000000 0.000000 0.000000 1.000000
0.994731 -0.093720 -0.041544 0.000000 0.092835 0.651616 0.752846 48.478100 -0.043487 -0.752737 0.656884 0.000000 0.000000 0.000000 0.000000 1.000000
0.995027 -0.093751 -0.033645 0.000000 0.087689 0.664279 0.742323 48.478100 -0.047244 -0.741582 0.669197 0.000000 0.000000 0.000000 0.000000 1.000000
0.995619 -0.092121 -0.016011 0.000000 0.074923 0.683556 0.726042 48.478100 -0.055939 -0.724061 0.687464 -0.000000 0.000000 0.000000 0.000000 1.000000
0.995867 -0.088105 0.022068 -0.000000 0.047651 0.713654 0.698876 48.478100 -0.077324 -0.694935 0.714903 0.000000 0.000000 0.000000 0.000000 1.000000
0.995627 -0.082378 0.044046 -0.000000 0.033733 0.756759 0.652823 48.478100 -0.087111 -0.648483 0.756229 0.000000 0.000000 0.000000 0.000000 1.000000
0.994363 -0.076066 0.073871 -0.000000 0.016369 0.798450 0.601838 48.478100 -0.104761 -0.597236 0.795194 0.000000 0.000000 0.000000 0.000000 1.000000
0.989815 -0.071812 0.122919 0.000000 -0.017188 0.796844 0.603941 48.478100 -0.141318 -0.599902 0.787494 0.000000 0.000000 0.000000 0.000000 1.000000
0.994262 -0.053261 0.092774 0.000000 -0.012700 0.802342 0.596730 48.478100 -0.106219 -0.594484 0.797061 0.000000 0.000000 0.000000 0.000000 1.000000
0.997797 -0.029505 -0.059411 0.000000 0.058852 0.806976 0.587645 48.478100 0.030605 -0.589847 0.806935 0.000000 0.000000 0.000000 0.000000 1.000000
0.970612 -0.019054 -0.239895 0.000000 0.151673 0.822380 0.548349 48.478100 0.186837 -0.568620 0.801101 -0.000000 0.000000 0.000000 0.000000 1.000000
0.927676 -0.010519 -0.373238 -0.000000 0.211784 0.838079 0.502763 48.478100 0.307514 -0.545447 0.779694 -0.000000 0.000000 0.000000 0.000000 1.000000
0.895968 0.000496 -0.444118 -0.000000 0.222340 0.865158 0.449518 48.478100 0.384456 -0.501499 0.775044 0.000000 0.000000 0.000000 0.000000 1.000000
0.925928 0.005486 -0.377659 0.000000 0.183756 0.867038 0.463118 48.478100 0.329986 -0.498211 0.801807 0.000000 0.000000 0.000000 0.000000 1.000000
0.946565 0.009973 -0.322358 0.000000 0.177609 0.818181 0.546841 48.478100 0.269201 -0.574874 0.772691 0.000000 0.000000 0.000000 0.000000 1.000000
0.958533 0.015789 -0.284545 0.000000 0.169942 0.769843 0.615192 48.478100 0.228768 -0.638038 0.735236 -0.000000 0.000000 0.000000 0.000000 1.000000
0.968118 0.018815 -0.249786 -0.000000 0.151589 0.749849 0.644008 48.478100 0.199419 -0.661341 0.723091 -0.000000 0.000000 0.000000 0.000000 1.000000
0.977632 0.018559 -0.209501 0.000000 0.124149 0.753125 0.646057 48.478100 0.169770 -0.657615 0.733975 0.000000 0.000000 0.000000 0.000000 1.000000
0.984135 0.017359 -0.176569 -0.000000 0.102437 0.756969 0.645372 48.478100 0.144861 -0.653220 0.743181 -0.000000 0.000000 0.000000 0.000000 1.000000
0.978862 0.017562 -0.203768 0.000000 0.115917 0.773197 0.623482 48.478100 0.168503 -0.633923 0.754817 0.000000 0.000000 0.000000 0.000000 1.000000
0.976592 0.018416 -0.214311 0.000000 0.122789 0.770315 0.625730 48.478100 0.176610 -0.637398 0.750022 0.000000 0.000000 0.000000 0.000000 1.000000
0.975979 0.019711 -0.216969 0.000000 0.124513 0.766756 0.629747 48.478100 0.178775 -0.641636 0.745884 -0.000000 0.000000 0.000000 0.000000 1.000000
0.976937 0.021322 -0.212461 0.000000 0.119529 0.769892 0.626880 48.478100 0.176939 -0.637818 0.749587 0.000000 0.000000 0.000000 0.000000 1.000000
0.979089 0.023968 -0.202014 -0.000000 0.108258 0.779358 0.617156 48.478100 0.172233 -0.626120 0.760467 0.000000 0.000000 0.000000 0.000000 1.000000
0.984650 0.036654 -0.170649 0.000000 0.078789 0.779081 0.621953 48.478100 0.155747 -0.625851 0.764234 0.000000 0.000000 0.000000 0.000000 1.000000
0.987339 0.052318 -0.149750 0.000000 0.054557 0.774449 0.630279 48.478100 0.148949 -0.630469 0.761789 0.000000 0.000000 0.000000 0.000000 1.000000
0.990213 0.061039 -0.125510 0.000000 0.034009 0.766653 0.641161 48.478100 0.135358 -0.639154 0.757074 -0.000000 0.000000 0.000000 0.000000 1.000000
0.993749 0.070929 -0.086213 0.000000 0.005090 0.742645 0.669666 48.478100 0.111524 -0.665918 0.737642 0.000000 0.000000 0.000000 0.000000 1.000000
0.994401 0.082363 -0.066202 0.000000 -0.013234 0.718627 0.695270 48.478100 0.104839 -0.690501 0.715693 -0.000000 0.000000 0.000000 0.000000 1.000000
0.995957 0.085007 -0.029039 0.000000 -0.036722 0.680309 0.732005 48.478100 0.081981 -0.727979 0.680680 -0.000000 0.000000 0.000000 0.000000 1.000000
0.996755 0.080386 0.004211 0.000000 -0.054971 0.641548 0.765111 48.478100 0.058802 -0.762860 0.643885 0.000000 0.000000 0.000000 0.000000 1.000000
0.997962 0.063171 0.008975 0.000000 -0.044000 0.579487 0.813793 48.478100 0.046208 -0.812530 0.581086 -0.000000 0.000000 0.000000 0.000000 1.000000
0.998196 0.036443 -0.047721 -0.000000 0.020704 0.537124 0.843249 48.478100 0.056363 -0.842716 0.535400 0.000000 0.000000 0.000000 0.000000 1.000000
0.988750 0.013787 -0.148938 -0.000000 0.118739 0.533187 0.837623 48.478100 0.090960 -0.845885 0.525552 0.000000 0.000000 0.000000 0.000000 1.000000
0.969710 -0.001807 -0.244253 0.000000 0.191479 0.626474 0.755557 48.478100 0.151653 -0.779440 0.607844 0.000000 0.000000 0.000000 0.000000 1.000000
0.948207 -0.002466 -0.317645 0.000000 0.218886 0.729745 0.647735 48.478100 0.230202 -0.683715 0.692489 0.000000 0.000000 0.000000 0.000000 1.000000
0.951307 -0.005674 -0.308193 0.000000 0.177661 0.827150 0.533161 48.478100 0.251896 -0.561953 0.787881 0.000000 0.000000 0.000000 0.000000 1.000000
0.981447 -0.029834 -0.189398 0.000000 0.111718 0.891790 0.438440 48.478100 0.155823 -0.451464 0.878578 0.000000 0.000000 0.000000 0.000000 1.000000
0.994580 -0.060740 -0.084390 0.000000 0.095284 0.857293 0.505934 48.478100 0.041616 -0.511233 0.858434 0.000000 0.000000 0.000000 0.000000 1.000000
0.998083 -0.049441 -0.037228 0.000000 0.061886 0.803667 0.591852 48.478100 0.000658 -0.593022 0.805186 0.000000 0.000000 0.000000 0.000000 1.000000
0.998243 -0.054768 -0.022604 0.000000 0.056343 0.759474 0.648093 48.478100 -0.018328 -0.648228 0.761226 0.000000 0.000000 0.000000 0.000000 1.000000
0.997542 -0.065893 -0.023837 0.000000 0.064192 0.722930 0.687933 48.478100 -0.028097 -0.687773 0.725382 0.000000 0.000000 0.000000 0.000000 1.000000
0.996391 -0.078690 -0.031817 0.000000 0.077498 0.690508 0.719161 48.478100 -0.034621 -0.719032 0.694114 -0.000000 0.000000 0.000000 0.000000 1.000000
0.995356 -0.088788 -0.037199 0.000000 0.086711 0.659069 0.747067 48.478100 -0.041814 -0.746823 0.663707 0.000000 0.000000 0.000000 0.000000 1.000000</float_array>
        <technique_common>
          <accessor source="#mixamorig_LeftLeg-Matrix-animation-output-transform-array" count="46" stride="16">
            <param type="float4x4"/>
          </accessor>
        </technique_common>
      </source>
      <source id="mixamorig_LeftLeg-Interpolations">
        <Name_array id="mixamorig_LeftLeg-Interpolations-array" count="46">
 LINEAR LINEAR LINEAR LINEAR LINEAR LINEAR LINEAR LINEAR LINEAR LINEAR LINEAR
LINEAR LINEAR LINEAR LINEAR LINEAR LINEAR LINEAR LINEAR LINEAR LINEAR LINEAR LINEAR
LINEAR LINEAR LINEAR LINEAR LINEAR LINEAR LINEAR LINEAR LINEAR LINEAR LINEAR LINEAR
LINEAR LINEAR LINEAR LINEAR LINEAR LINEAR LINEAR LINEAR LINEAR LINEAR LINEAR</Name_array>
        <technique_common>
          <accessor source="#mixamorig_LeftLeg-Interpolations-array" count="46">
            <param type="name"/>
          </accessor>
        </technique_common>
      </source>
      <sampler id="mixamorig_LeftLeg-Matrix-animation-transform">
        <input semantic="INPUT" source="#mixamorig_LeftLeg-Matrix-animation-input"/>
        <input semantic="OUTPUT" source="#mixamorig_LeftLeg-Matrix-animation-output-transform"/>
        <input semantic="INTERPOLATION" source="#mixamorig_LeftLeg-Interpolations"/>
      </sampler>
      <channel source="#mixamorig_LeftLeg-Matrix-animation-transform" target="mixamorig_LeftLeg/matrix"/>
    </animation>
    <animation id="mixamorig_LeftFoot-anim" name="mixamorig_LeftFoot">
      <source id="mixamorig_LeftFoot-Matrix-animation-input">
        <float_array id="mixamorig_LeftFoot-Matrix-animation-input-array" count="46">

0.000000 0.033333 0.066667 0.100000 0.133333 0.166667 0.200000 0.233333 0.266667 0.300000 0.333333 0.366667 0.400000 0.433333 0.466667 0.500000
0.533333 0.566667 0.600000 0.633333 0.666667 0.700000 0.733333 0.766667 0.800000 0.833333 0.866667 0.900000 0.933333 0.966667 1.000000 1.033333
1.066667 1.100000 1.133333 1.166667 1.200000 1.233333 1.266667 1.300000 1.333333 1.366667 1.400000 1.433333 1.466667 1.500000</float_array>
        <technique_common>
          <accessor source="#mixamorig_LeftFoot-Matrix-animation-input-array" count="46">
            <param name="TIME" type="float"/>
          </accessor>
        </technique_common>
      </source>
      <source id="mixamorig_LeftFoot-Matrix-animation-output-transform">
        <float_array id="mixamorig_LeftFoot-Matrix-animation-output-transform-array" count="736">

0.878552 0.209005 -0.429493 0.000000 -0.477634 0.391075 -0.786719 51.588001 0.003536 0.896313 0.443407 0.000000 0.000000 0.000000 0.000000 1.000000
0.879477 0.210255 -0.426980 0.000000 -0.475936 0.392276 -0.787149 51.588001 0.001992 0.895495 0.445067 0.000000 0.000000 0.000000 0.000000 1.000000
0.876380 0.220777 -0.428038 0.000000 -0.481621 0.400993 -0.779260 51.588001 -0.000402 0.889079 0.457753 0.000000 0.000000 0.000000 0.000000 1.000000
0.871478 0.235417 -0.430239 -0.000000 -0.490430 0.414451 -0.766621 51.588001 -0.002162 0.879096 0.476641 0.000000 0.000000 0.000000 0.000000 1.000000
0.866972 0.249581 -0.431357 -0.000000 -0.498351 0.430255 -0.752679 51.588001 -0.002261 0.867519 0.497398 0.000000 0.000000 0.000000 0.000000 1.000000
0.864246 0.260410 -0.430425 0.000000 -0.503069 0.447417 -0.739418 51.588001 0.000028 0.855573 0.517683 -0.000000 0.000000 0.000000 0.000000 1.000000
0.860214 0.270306 -0.432397 0.000000 -0.509901 0.465524 -0.723387 51.588001 0.005756 0.842747 0.538279 0.000000 0.000000 0.000000 0.000000 1.000000
0.849724 0.284658 -0.443778 0.000000 -0.526951 0.485803 -0.697365 51.588001 0.017078 0.826417 0.562800 0.000000 0.000000 0.000000 0.000000 1.000000
0.848354 0.287244 -0.444731 -0.000000 -0.528352 0.512902 -0.676591 51.588001 0.033756 0.808964 0.586889 0.000000 0.000000 0.000000 0.000000 1.000000
0.909969 0.196728 -0.365042 0.000000 -0.413055 0.507806 -0.755988 51.588001 0.036646 0.838708 0.543347 -0.000000 0.000000 0.000000 0.000000 1.000000
0.945318 0.144656 -0.292314 0.000000 -0.323939 0.520599 -0.789962 51.588001 0.037906 0.841458 0.538991 0.000000 0.000000 0.000000 0.000000 1.000000
0.963862 0.135797 -0.229193 0.000000 -0.264097 0.600001 -0.755150 51.588001 0.034969 0.788390 0.614182 0.000000 0.000000 0.000000 0.000000 1.000000
0.979916 0.104335 -0.169939 -0.000000 -0.194187 0.693075 -0.694218 51.588001 0.045349 0.713275 0.699416 0.000000 0.000000 0.000000 0.000000 1.000000
0.997708 -0.002013 -0.067633 0.000000 -0.037683 0.813659 -0.580120 51.588001 0.056198 0.581339 0.811718 0.000000 0.000000 0.000000 0.000000 1.000000
0.994285 -0.100391 0.036326 0.000000 0.106451 0.906303 -0.409002 51.588001 0.008138 0.410532 0.911810 0.000000 0.000000 0.000000 0.000000 1.000000
0.994243 -0.102261 0.031990 0.000000 0.106928 0.927839 -0.357325 51.588001 0.006859 0.358689 0.933432 -0.000000 0.000000 0.000000 0.000000 1.000000
0.998563 -0.050626 -0.017587 0.000000 0.036539 0.883166 -0.467635 51.588001 0.039207 0.466320 0.883747 -0.000000 0.000000 0.000000 0.000000 1.000000
0.997527 -0.007864 -0.069836 0.000000 -0.037129 0.784750 -0.618700 51.588001 0.059669 0.619763 0.782517 -0.000000 0.000000 0.000000 0.000000 1.000000
0.994238 0.009053 -0.106817 -0.000000 -0.086417 0.657309 -0.748650 51.588001 0.063434 0.753567 0.654303 0.000000 0.000000 0.000000 0.000000 1.000000
0.992987 0.004902 -0.118118 0.000000 -0.101588 0.546387 -0.831349 51.588001 0.060463 0.837518 0.543054 0.000000 0.000000 0.000000 0.000000 1.000000
0.993906 -0.006140 -0.110063 0.000000 -0.092859 0.491410 -0.865964 51.588001 0.059404 0.870906 0.487845 -0.000000 0.000000 0.000000 0.000000 1.000000
0.993679 0.001367 -0.112253 -0.000000 -0.094606 0.548494 -0.830785 51.588001 0.060434 0.836153 0.545156 0.000000 0.000000 0.000000 0.000000 1.000000
0.994535 0.003031 -0.104358 0.000000 -0.084061 0.616048 -0.783210 51.588001 0.061916 0.787703 0.612936 0.000000 0.000000 0.000000 0.000000 1.000000
0.995866 0.000038 -0.090834 0.000000 -0.066190 0.685148 -0.725390 51.588001 0.062208 0.728404 0.682318 0.000000 0.000000 0.000000 0.000000 1.000000
0.997059 -0.005948 -0.076405 0.000000 -0.046758 0.742702 -0.667987 51.588001 0.060719 0.669595 0.740240 -0.000000 0.000000 0.000000 0.000000 1.000000
0.997636 -0.010393 -0.067924 0.000000 -0.034853 0.775371 -0.630543 51.588001 0.059219 0.631420 0.773176 -0.000000 0.000000 0.000000 0.000000 1.000000
0.996784 -0.002094 -0.080113 -0.000000 -0.048842 0.776678 -0.628002 51.588001 0.063537 0.629895 0.774077 0.000000 0.000000 0.000000 0.000000 1.000000
0.995082 0.010165 -0.098535 -0.000000 -0.070193 0.774236 -0.628992 51.588001 0.069896 0.632815 0.771142 0.000000 0.000000 0.000000 0.000000 1.000000
0.992214 0.025889 -0.121822 0.000000 -0.098109 0.765005 -0.636508 51.588001 0.076716 0.643504 0.761589 0.000000 0.000000 0.000000 0.000000 1.000000
0.988801 0.039048 -0.144038 0.000000 -0.124528 0.747798 -0.652143 51.588001 0.082246 0.662777 0.744287 -0.000000 0.000000 0.000000 0.000000 1.000000
0.983398 0.054925 -0.172951 -0.000000 -0.159918 0.712756 -0.682938 51.588001 0.085761 0.699258 0.709706 -0.000000 0.000000 0.000000 0.000000 1.000000
0.976485 0.064747 -0.205632 0.000000 -0.199573 0.632214 -0.748649 51.588001 0.081530 0.772084 0.630270 0.000000 0.000000 0.000000 0.000000 1.000000
0.970180 0.068723 -0.232441 -0.000000 -0.232198 0.538624 -0.809918 51.588001 0.069539 0.839739 0.538520 -0.000000 0.000000 0.000000 0.000000 1.000000
0.960605 0.085543 -0.264426 0.000000 -0.270848 0.501398 -0.821730 51.588001 0.062289 0.860977 0.504815 -0.000000 0.000000 0.000000 0.000000 1.000000
0.951186 0.108658 -0.288857 0.000000 -0.299947 0.545788 -0.782399 51.588001 0.072641 0.830848 0.551738 0.000000 0.000000 0.000000 0.000000 1.000000
0.939749 0.136722 -0.313335 0.000000 -0.331524 0.588191 -0.737647 51.588001 0.083448 0.797081 0.598079 0.000000 0.000000 0.000000 0.000000 1.000000
0.924417 0.179194 -0.336664 0.000000 -0.372819 0.610614 -0.698682 51.588001 0.080372 0.771388 0.631269 -0.000000 0.000000 0.000000 0.000000 1.000000
0.925233 0.197247 -0.324096 0.000000 -0.371414 0.645245 -0.667615 51.588001 0.077436 0.738073 0.670262 0.000000 0.000000 0.000000 0.000000 1.000000
0.898961 0.239443 -0.366792 0.000000 -0.431197 0.631061 -0.644850 51.588001 0.077063 0.737855 0.670546 0.000000 0.000000 0.000000 0.000000 1.000000
0.836456 0.307387 -0.453713 0.000000 -0.543767 0.568620 -0.617243 51.588001 0.068258 0.763011 0.642772 0.000000 0.000000 0.000000 0.000000 1.000000
0.821463 0.306890 -0.480643 0.000000 -0.569006 0.497009 -0.655144 51.588001 0.037826 0.811665 0.582897 0.000000 0.000000 0.000000 0.000000 1.000000
0.841231 0.268370 -0.469370 0.000000 -0.539758 0.467433 -0.700120 51.588001 0.031508 0.842309 0.538074 0.000000 0.000000 0.000000 0.000000 1.000000
0.852924 0.247293 -0.459747 -0.000000 -0.521501 0.443465 -0.728955 51.588001 0.023616 0.861501 0.507206 0.000000 0.000000 0.000000 0.000000 1.000000
0.861104 0.234099 -0.451328 0.000000 -0.508188 0.423585 -0.749880 51.588001 0.015630 0.875085 0.483718 0.000000 0.000000 0.000000 0.000000 1.000000
0.868645 0.223265 -0.442276 0.000000 -0.495364 0.406483 -0.767715 51.588001 0.008374 0.885960 0.463687 0.000000 0.000000 0.000000 0.000000 1.000000
0.878552 0.209005 -0.429492 -0.000000 -0.477634 0.391076 -0.786718 51.588001 0.003536 0.896313 0.443409 0.000000 0.000000 0.000000 0.000000 1.000000</float_array>
        <technique_common>
          <accessor source="#mixamorig_LeftFoot-Matrix-animation-output-transform-array" count="46" stride="16">
            <param type="float4x4"/>
          </accessor>
        </technique_common>
      </source>
      <source id="mixamorig_LeftFoot-Interpolations">
        <Name_array id="mixamorig_LeftFoot-Interpolations-array" count="46">
 LINEAR LINEAR LINEAR LINEAR LINEAR LINEAR LINEAR LINEAR LINEAR LINEAR LINEAR
LINEAR LINEAR LINEAR LINEAR LINEAR LINEAR LINEAR LINEAR LINEAR LINEAR LINEAR LINEAR
LINEAR LINEAR LINEAR LINEAR LINEAR LINEAR LINEAR LINEAR LINEAR LINEAR LINEAR LINEAR
LINEAR LINEAR LINEAR LINEAR LINEAR LINEAR LINEAR LINEAR LINEAR LINEAR LINEAR</Name_array>
        <technique_common>
          <accessor source="#mixamorig_LeftFoot-Interpolations-array" count="46">
            <param type="name"/>
          </accessor>
        </technique_common>
      </source>
      <sampler id="mixamorig_LeftFoot-Matrix-animation-transform">
        <input semantic="INPUT" source="#mixamorig_LeftFoot-Matrix-animation-input"/>
        <input semantic="OUTPUT" source="#mixamorig_LeftFoot-Matrix-animation-output-transform"/>
        <input semantic="INTERPOLATION" source="#mixamorig_LeftFoot-Interpolations"/>
      </sampler>
      <channel source="#mixamorig_LeftFoot-Matrix-animation-transform" target="mixamorig_LeftFoot/matrix"/>
    </animation>
    <animation id="mixamorig_LeftToeBase-anim" name="mixamorig_LeftToeBase">
      <source id="mixamorig_LeftToeBase-Matrix-animation-input">
        <float_array id="mixamorig_LeftToeBase-Matrix-animation-input-array" count="46">

0.000000 0.033333 0.066667 0.100000 0.133333 0.166667 0.200000 0.233333 0.266667 0.300000 0.333333 0.366667 0.400000 0.433333 0.466667 0.500000
0.533333 0.566667 0.600000 0.633333 0.666667 0.700000 0.733333 0.766667 0.800000 0.833333 0.866667 0.900000 0.933333 0.966667 1.000000 1.033333
1.066667 1.100000 1.133333 1.166667 1.200000 1.233333 1.266667 1.300000 1.333333 1.366667 1.400000 1.433333 1.466667 1.500000</float_array>
        <technique_common>
          <accessor source="#mixamorig_LeftToeBase-Matrix-animation-input-array" count="46">
            <param name="TIME" type="float"/>
          </accessor>
        </technique_common>
      </source>
      <source id="mixamorig_LeftToeBase-Matrix-animation-output-transform">
        <float_array id="mixamorig_LeftToeBase-Matrix-animation-output-transform-array" count="736">

0.999603 0.012295 -0.025358 -0.000000 -0.026254 0.733301 -0.679397 21.400000 0.010242 0.679793 0.733332 0.000000 0.000000 0.000000 0.000000 1.000000
0.999603 0.012296 -0.025358 0.000000 -0.026255 0.733301 -0.679397 21.400000 0.010242 0.679793 0.733332 0.000000 0.000000 0.000000 0.000000 1.000000
0.999602 0.012291 -0.025387 0.000000 -0.026273 0.733190 -0.679516 21.400000 0.010262 0.679913 0.733221 0.000000 0.000000 0.000000 0.000000 1.000000
0.999601 0.012287 -0.025418 0.000000 -0.026293 0.733073 -0.679642 21.400000 0.010283 0.680040 0.733103 0.000000 0.000000 0.000000 0.000000 1.000000
0.999601 0.012283 -0.025449 0.000000 -0.026313 0.732955 -0.679768 21.400000 0.010303 0.680166 0.732985 0.000000 0.000000 0.000000 0.000000 1.000000
0.999600 0.012280 -0.025478 0.000000 -0.026332 0.732844 -0.679887 21.400000 0.010322 0.680286 0.732874 0.000000 0.000000 0.000000 0.000000 1.000000
0.999599 0.012279 -0.025504 0.000000 -0.026350 0.732747 -0.679991 21.400000 0.010338 0.680391 0.732777 -0.000000 0.000000 0.000000 0.000000 1.000000
0.999599 0.012275 -0.025524 0.000000 -0.026362 0.732669 -0.680075 21.400000 0.010353 0.680475 0.732698 -0.000000 0.000000 0.000000 0.000000 1.000000
0.998517 -0.004057 -0.054296 0.000000 -0.033994 0.732517 -0.679900 21.400000 0.042531 0.680737 0.731292 -0.000000 0.000000 0.000000 0.000000 1.000000
0.974655 -0.088754 -0.205352 0.000000 -0.077651 0.726644 -0.682612 21.400000 0.209802 0.681257 0.701336 0.000000 0.000000 0.000000 0.000000 1.000000
0.939598 -0.131374 -0.316064 0.000000 -0.132337 0.712161 -0.689430 21.400000 0.315662 0.689614 0.651760 -0.000000 0.000000 0.000000 0.000000 1.000000
0.893166 -0.052102 -0.446698 0.000000 -0.302582 0.665210 -0.682597 21.400000 0.332713 0.744836 0.578378 0.000000 0.000000 0.000000 0.000000 1.000000
0.880471 0.080591 -0.467200 0.000000 -0.417496 0.598750 -0.683517 21.400000 0.224651 0.796871 0.560829 0.000000 0.000000 0.000000 0.000000 1.000000
0.823105 0.089590 -0.560778 0.000000 -0.504597 0.568418 -0.649832 21.400000 0.260538 0.817847 0.513075 0.000000 0.000000 0.000000 0.000000 1.000000
0.830111 -0.036572 -0.556398 0.000000 -0.384184 0.685688 -0.618251 21.400000 0.404126 0.726976 0.555147 0.000000 0.000000 0.000000 0.000000 1.000000
0.801856 -0.357554 -0.478730 -0.000000 -0.174418 0.626240 -0.759870 21.400000 0.571494 0.692805 0.439790 0.000000 0.000000 0.000000 0.000000 1.000000
0.776105 -0.473908 -0.416019 0.000000 -0.151740 0.499984 -0.852638 21.400000 0.612075 0.724863 0.316129 -0.000000 0.000000 0.000000 0.000000 1.000000
0.764249 -0.510080 -0.394641 0.000000 -0.176636 0.422969 -0.888761 21.400000 0.620260 0.748943 0.233155 0.000000 0.000000 0.000000 0.000000 1.000000
0.763333 -0.492083 -0.418541 0.000000 -0.224189 0.405837 -0.886022 21.400000 0.605856 0.770163 0.199469 -0.000000 0.000000 0.000000 0.000000 1.000000
0.770748 -0.454873 -0.446137 0.000000 -0.267145 0.404977 -0.874429 21.400000 0.578430 0.793148 0.190618 0.000000 0.000000 0.000000 0.000000 1.000000
0.756945 -0.463443 -0.460711 0.000000 -0.331008 0.335961 -0.881796 21.400000 0.563443 0.819970 0.100901 0.000000 0.000000 0.000000 0.000000 1.000000
0.749003 -0.467166 -0.469841 0.000000 -0.369222 0.294516 -0.881439 21.400000 0.550154 0.833677 0.048106 -0.000000 0.000000 0.000000 0.000000 1.000000
0.739092 -0.474333 -0.478280 0.000000 -0.416307 0.236544 -0.877915 21.400000 0.529558 0.847971 -0.022640 -0.000000 0.000000 0.000000 0.000000 1.000000
0.729444 -0.482405 -0.484971 0.000000 -0.462282 0.174916 -0.869310 21.400000 0.504188 0.858306 -0.095416 0.000000 0.000000 0.000000 0.000000 1.000000
0.721803 -0.488886 -0.489888 0.000000 -0.498783 0.123260 -0.857918 21.400000 0.479808 0.863596 -0.154879 0.000000 0.000000 0.000000 0.000000 1.000000
0.717146 -0.491554 -0.494040 0.000000 -0.518892 0.096626 -0.849361 21.400000 0.465244 0.865470 -0.185769 0.000000 0.000000 0.000000 0.000000 1.000000
0.714356 -0.488901 -0.500670 -0.000000 -0.522042 0.104138 -0.846539 21.400000 0.466012 0.866101 -0.180835 0.000000 0.000000 0.000000 0.000000 1.000000
0.710433 -0.486731 -0.508310 0.000000 -0.524274 0.115809 -0.843638 21.400000 0.469491 0.865842 -0.172906 -0.000000 0.000000 0.000000 0.000000 1.000000
0.707574 -0.484759 -0.514148 -0.000000 -0.521477 0.132799 -0.842868 21.400000 0.476866 0.864508 -0.158826 0.000000 0.000000 0.000000 0.000000 1.000000
0.705867 -0.482552 -0.518551 0.000000 -0.514896 0.153197 -0.843453 21.400000 0.486450 0.862365 -0.140328 -0.000000 0.000000 0.000000 0.000000 1.000000
0.717685 -0.483293 -0.501354 0.000000 -0.480055 0.178176 -0.858953 21.400000 0.504455 0.857135 -0.104132 0.000000 0.000000 0.000000 0.000000 1.000000
0.734707 -0.490635 -0.468490 0.000000 -0.405806 0.235547 -0.883085 21.400000 0.543624 0.838925 -0.026045 0.000000 0.000000 0.000000 0.000000 1.000000
0.756085 -0.478247 -0.446783 0.000000 -0.327717 0.314257 -0.890979 21.400000 0.566513 0.820075 0.080875 0.000000 0.000000 0.000000 0.000000 1.000000
0.782556 -0.390565 -0.484835 0.000000 -0.336381 0.390050 -0.857152 21.400000 0.523883 0.833858 0.173858 -0.000000 0.000000 0.000000 0.000000 1.000000
0.828809 -0.252555 -0.499292 0.000000 -0.383029 0.394392 -0.835311 21.400000 0.407879 0.883556 0.230139 0.000000 0.000000 0.000000 0.000000 1.000000
0.882837 -0.083357 -0.462224 0.000000 -0.387752 0.425993 -0.817422 21.400000 0.265042 0.900878 0.343761 -0.000000 0.000000 0.000000 0.000000 1.000000
0.939203 0.095486 -0.329819 0.000000 -0.325003 0.557112 -0.764198 21.400000 0.110775 0.824929 0.554275 -0.000000 0.000000 0.000000 0.000000 1.000000
0.961900 0.192158 -0.194481 0.000000 -0.273083 0.641013 -0.717306 21.400000 -0.013172 0.743086 0.669066 -0.000000 0.000000 0.000000 0.000000 1.000000
0.971366 0.168816 -0.167179 0.000000 -0.237573 0.682354 -0.691341 21.400000 -0.002634 0.711263 0.702921 -0.000000 0.000000 0.000000 0.000000 1.000000
0.993574 0.056453 -0.098100 -0.000000 -0.108649 0.718569 -0.686916 21.400000 0.031713 0.693160 0.720085 0.000000 0.000000 0.000000 0.000000 1.000000
0.999598 0.012287 -0.025563 0.000000 -0.026388 0.733358 -0.679331 21.400000 0.010400 0.679732 0.733387 -0.000000 0.000000 0.000000 0.000000 1.000000
0.999598 0.012284 -0.025551 0.000000 -0.026377 0.733366 -0.679322 21.400000 0.010393 0.679723 0.733395 0.000000 0.000000 0.000000 0.000000 1.000000
0.999598 0.012283 -0.025551 0.000000 -0.026375 0.733366 -0.679322 21.400000 0.010394 0.679723 0.733395 0.000000 0.000000 0.000000 0.000000 1.000000
0.999598 0.012283 -0.025551 -0.000000 -0.026376 0.733366 -0.679322 21.400000 0.010394 0.679723 0.733395 -0.000000 0.000000 0.000000 0.000000 1.000000
0.999598 0.012282 -0.025551 0.000000 -0.026375 0.733366 -0.679322 21.400000 0.010394 0.679723 0.733395 0.000000 0.000000 0.000000 0.000000 1.000000
0.999598 0.012283 -0.025551 0.000000 -0.026376 0.733366 -0.679322 21.400000 0.010394 0.679723 0.733395 -0.000000 0.000000 0.000000 0.000000 1.000000</float_array>
        <technique_common>
          <accessor source="#mixamorig_LeftToeBase-Matrix-animation-output-transform-array" count="46" stride="16">
            <param type="float4x4"/>
          </accessor>
        </technique_common>
      </source>
      <source id="mixamorig_LeftToeBase-Interpolations">
        <Name_array id="mixamorig_LeftToeBase-Interpolations-array" count="46">
 LINEAR LINEAR LINEAR LINEAR LINEAR LINEAR LINEAR LINEAR LINEAR LINEAR LINEAR
LINEAR LINEAR LINEAR LINEAR LINEAR LINEAR LINEAR LINEAR LINEAR LINEAR LINEAR LINEAR
LINEAR LINEAR LINEAR LINEAR LINEAR LINEAR LINEAR LINEAR LINEAR LINEAR LINEAR LINEAR
LINEAR LINEAR LINEAR LINEAR LINEAR LINEAR LINEAR LINEAR LINEAR LINEAR LINEAR</Name_array>
        <technique_common>
          <accessor source="#mixamorig_LeftToeBase-Interpolations-array" count="46">
            <param type="name"/>
          </accessor>
        </technique_common>
      </source>
      <sampler id="mixamorig_LeftToeBase-Matrix-animation-transform">
        <input semantic="INPUT" source="#mixamorig_LeftToeBase-Matrix-animation-input"/>
        <input semantic="OUTPUT" source="#mixamorig_LeftToeBase-Matrix-animation-output-transform"/>
        <input semantic="INTERPOLATION" source="#mixamorig_LeftToeBase-Interpolations"/>
      </sampler>
      <channel source="#mixamorig_LeftToeBase-Matrix-animation-transform" target="mixamorig_LeftToeBase/matrix"/>
    </animation>
    <animation id="mixamorig_RightUpLeg-anim" name="mixamorig_RightUpLeg">
      <source id="mixamorig_RightUpLeg-Matrix-animation-input">
        <float_array id="mixamorig_RightUpLeg-Matrix-animation-input-array" count="46">

0.000000 0.033333 0.066667 0.100000 0.133333 0.166667 0.200000 0.233333 0.266667 0.300000 0.333333 0.366667 0.400000 0.433333 0.466667 0.500000
0.533333 0.566667 0.600000 0.633333 0.666667 0.700000 0.733333 0.766667 0.800000 0.833333 0.866667 0.900000 0.933333 0.966667 1.000000 1.033333
1.066667 1.100000 1.133333 1.166667 1.200000 1.233333 1.266667 1.300000 1.333333 1.366667 1.400000 1.433333 1.466667 1.500000</float_array>
        <technique_common>
          <accessor source="#mixamorig_RightUpLeg-Matrix-animation-input-array" count="46">
            <param name="TIME" type="float"/>
          </accessor>
        </technique_common>
      </source>
      <source id="mixamorig_RightUpLeg-Matrix-animation-output-transform">
        <float_array id="mixamorig_RightUpLeg-Matrix-animation-output-transform-array" count="736">

-0.666307 -0.625819 -0.405445 -9.418100 -0.031542 -0.519586 0.853836 -4.875100 -0.745010 0.581705 0.326464 1.897700 0.000000 0.000000 0.000000 1.000000
-0.673751 -0.605630 -0.423405 -9.418100 -0.049601 -0.534618 0.843637 -4.875100 -0.737292 0.589403 0.330159 1.897700 0.000000 0.000000 0.000000 1.000000
-0.682972 -0.582524 -0.440699 -9.418100 -0.073348 -0.545587 0.834838 -4.875100 -0.726753 0.602495 0.329893 1.897700 0.000000 0.000000 0.000000 1.000000
-0.703202 -0.559001 -0.439347 -9.418100 -0.081558 -0.550436 0.830884 -4.875100 -0.706297 0.620111 0.341477 1.897700 0.000000 0.000000 0.000000 1.000000
-0.773544 -0.545210 -0.323072 -9.418100 -0.009960 -0.499263 0.866393 -4.875100 -0.633664 0.673411 0.380772 1.897700 0.000000 0.000000 0.000000 1.000000
-0.811831 -0.535317 -0.233165 -9.418100 0.053425 -0.465756 0.883299 -4.875100 -0.581443 0.704633 0.406714 1.897700 0.000000 0.000000 0.000000 1.000000
-0.817521 -0.553093 -0.160462 -9.418100 0.131866 -0.451005 0.882726 -4.875100 -0.560599 0.700487 0.441641 1.897700 0.000000 0.000000 0.000000 1.000000
-0.794995 -0.592379 -0.130652 -9.418100 0.195435 -0.454009 0.869299 -4.875100 -0.574272 0.665555 0.476706 1.897700 0.000000 0.000000 0.000000 1.000000
-0.716148 -0.677208 -0.168886 -9.418100 0.224773 -0.452862 0.862782 -4.875100 -0.660765 0.579918 0.476534 1.897700 0.000000 0.000000 0.000000 1.000000
-0.679831 -0.700700 -0.216445 -9.418100 0.219475 -0.476002 0.851618 -4.875100 -0.699757 0.531452 0.477387 1.897700 0.000000 0.000000 0.000000 1.000000
-0.708720 -0.655925 -0.259766 -9.418100 0.180540 -0.524571 0.832004 -4.875100 -0.681998 0.542760 0.490195 1.897700 0.000000 0.000000 0.000000 1.000000
-0.688016 -0.656043 -0.310229 -9.418100 0.087109 -0.499061 0.862178 -4.875100 -0.720449 0.566168 0.400509 1.897700 0.000000 0.000000 0.000000 1.000000
-0.667612 -0.676693 -0.310452 -9.418100 0.021977 -0.434719 0.900298 -4.875100 -0.744185 0.594227 0.305095 1.897700 0.000000 0.000000 0.000000 1.000000
-0.690792 -0.669949 -0.271983 -9.418100 -0.007606 -0.369405 0.929237 -4.875100 -0.723014 0.643978 0.250087 1.897700 0.000000 0.000000 0.000000 1.000000
-0.770573 -0.602941 -0.206592 -9.418100 -0.017540 -0.303958 0.952524 -4.875100 -0.637111 0.737613 0.223646 1.897700 0.000000 0.000000 0.000000 1.000000
-0.858320 -0.491543 -0.147215 -9.418100 -0.021250 -0.252607 0.967336 -4.875100 -0.512675 0.833412 0.206372 1.897700 0.000000 0.000000 0.000000 1.000000
-0.924243 -0.358868 -0.130340 -9.418100 -0.049959 -0.224772 0.973130 -4.875100 -0.378522 0.905920 0.189815 1.897700 0.000000 0.000000 0.000000 1.000000
-0.964603 -0.227074 -0.134081 -9.418100 -0.087313 -0.204755 0.974911 -4.875100 -0.248831 0.952110 0.177681 1.897700 0.000000 0.000000 0.000000 1.000000
-0.981738 -0.129261 -0.139576 -9.418100 -0.116436 -0.171931 0.978204 -4.875100 -0.150441 0.976592 0.153741 1.897700 0.000000 0.000000 0.000000 1.000000
-0.987681 -0.067455 -0.141198 -9.418100 -0.131558 -0.130649 0.982661 -4.875100 -0.084733 0.989131 0.120165 1.897700 0.000000 0.000000 0.000000 1.000000
-0.990127 -0.026488 -0.137644 -9.418100 -0.134965 -0.084957 0.987202 -4.875100 -0.037843 0.996033 0.080543 1.897700 0.000000 0.000000 0.000000 1.000000
-0.992134 -0.000885 -0.125173 -9.418100 -0.125053 -0.037404 0.991445 -4.875100 -0.005559 0.999300 0.036999 1.897700 0.000000 0.000000 0.000000 1.000000
-0.994126 0.011624 -0.107598 -9.418100 -0.107442 0.013304 0.994122 -4.875100 0.012987 0.999844 -0.011977 1.897700 0.000000 0.000000 0.000000 1.000000
-0.995504 0.015377 -0.093466 -9.418100 -0.092307 0.063903 0.993678 -4.875100 0.021252 0.997838 -0.062196 1.897700 0.000000 0.000000 0.000000 1.000000
-0.996502 0.011134 -0.082828 -9.418100 -0.081059 0.112506 0.990339 -4.875100 0.020345 0.993589 -0.111210 1.897700 0.000000 0.000000 0.000000 1.000000
-0.997497 -0.000960 -0.070704 -9.418100 -0.070001 0.154644 0.985487 -4.875100 0.009988 0.987970 -0.154324 1.897700 0.000000 0.000000 0.000000 1.000000
-0.998358 -0.032865 -0.046910 -9.418100 -0.051934 0.173991 0.983377 -4.875100 -0.024157 0.984199 -0.175412 1.897700 0.000000 0.000000 0.000000 1.000000
-0.997074 -0.073339 -0.021578 -9.418100 -0.035003 0.187027 0.981731 -4.875100 -0.067963 0.979613 -0.189047 1.897700 0.000000 0.000000 0.000000 1.000000
-0.992737 -0.120144 0.006284 -9.418100 -0.017357 0.194716 0.980706 -4.875100 -0.119050 0.973474 -0.195387 1.897700 0.000000 0.000000 0.000000 1.000000
-0.983417 -0.176240 0.042775 -9.418100 0.008773 0.189355 0.981870 -4.875100 -0.181144 0.965963 -0.184668 1.897700 0.000000 0.000000 0.000000 1.000000
-0.968429 -0.236095 0.080026 -9.418100 0.037295 0.180193 0.982924 -4.875100 -0.246483 0.954877 -0.165699 1.897700 0.000000 0.000000 0.000000 1.000000
-0.939761 -0.318213 0.124857 -9.418100 0.079747 0.151089 0.985298 -4.875100 -0.332400 0.935902 -0.116611 1.897700 0.000000 0.000000 0.000000 1.000000
-0.882348 -0.428681 0.194152 -9.418100 0.163758 0.107090 0.980671 -4.875100 -0.441187 0.897086 -0.024291 1.897700 0.000000 0.000000 0.000000 1.000000
-0.810282 -0.536959 0.234772 -9.418100 0.251062 0.043929 0.966974 -4.875100 -0.529539 0.842464 0.099216 1.897700 0.000000 0.000000 0.000000 1.000000
-0.756809 -0.622414 0.199602 -9.418100 0.297820 -0.056526 0.952947 -4.875100 -0.581845 0.780644 0.228147 1.897700 0.000000 0.000000 0.000000 1.000000
-0.724392 -0.676033 0.135038 -9.418100 0.298418 -0.130918 0.945414 -4.875100 -0.621452 0.725148 0.296577 1.897700 0.000000 0.000000 0.000000 1.000000
-0.704651 -0.707326 0.056177 -9.418100 0.268215 -0.192228 0.943986 -4.875100 -0.656907 0.680248 0.325170 1.897700 0.000000 0.000000 0.000000 1.000000
-0.706457 -0.707748 -0.003431 -9.418100 0.265664 -0.269667 0.925582 -4.875100 -0.656004 0.652972 0.378532 1.897700 0.000000 0.000000 0.000000 1.000000
-0.712602 -0.698654 -0.063885 -9.418100 0.261176 -0.348696 0.900110 -4.875100 -0.651142 0.624735 0.430953 1.897700 0.000000 0.000000 0.000000 1.000000
-0.725249 -0.684301 -0.075806 -9.418100 0.298801 -0.412037 0.860781 -4.875100 -0.620268 0.601630 0.503299 1.897700 0.000000 0.000000 0.000000 1.000000
-0.713838 -0.680685 -0.164631 -9.418100 0.223968 -0.444633 0.867260 -4.875100 -0.663531 0.582210 0.469848 1.897700 0.000000 0.000000 0.000000 1.000000
-0.684330 -0.681061 -0.260477 -9.418100 0.089506 -0.432981 0.896948 -4.875100 -0.723658 0.590494 0.357262 1.897700 0.000000 0.000000 0.000000 1.000000
-0.674078 -0.665742 -0.320010 -9.418100 0.009832 -0.441279 0.897316 -4.875100 -0.738595 0.601714 0.304002 1.897700 0.000000 0.000000 0.000000 1.000000
-0.662801 -0.643142 -0.383487 -9.418100 -0.052391 -0.471052 0.880548 -4.875100 -0.746960 0.603720 0.278519 1.897700 0.000000 0.000000 0.000000 1.000000
-0.657873 -0.633246 -0.407678 -9.418100 -0.062408 -0.493615 0.867439 -4.875100 -0.750538 0.596107 0.285216 1.897700 0.000000 0.000000 0.000000 1.000000
-0.666307 -0.625819 -0.405444 -9.418100 -0.031543 -0.519585 0.853836 -4.875100 -0.745010 0.581706 0.326463 1.897700 0.000000 0.000000 0.000000 1.000000</float_array>
        <technique_common>
          <accessor source="#mixamorig_RightUpLeg-Matrix-animation-output-transform-array" count="46" stride="16">
            <param type="float4x4"/>
          </accessor>
        </technique_common>
      </source>
      <source id="mixamorig_RightUpLeg-Interpolations">
        <Name_array id="mixamorig_RightUpLeg-Interpolations-array" count="46">
 LINEAR LINEAR LINEAR LINEAR LINEAR LINEAR LINEAR LINEAR LINEAR LINEAR LINEAR
LINEAR LINEAR LINEAR LINEAR LINEAR LINEAR LINEAR LINEAR LINEAR LINEAR LINEAR LINEAR
LINEAR LINEAR LINEAR LINEAR LINEAR LINEAR LINEAR LINEAR LINEAR LINEAR LINEAR LINEAR
LINEAR LINEAR LINEAR LINEAR LINEAR LINEAR LINEAR LINEAR LINEAR LINEAR LINEAR</Name_array>
        <technique_common>
          <accessor source="#mixamorig_RightUpLeg-Interpolations-array" count="46">
            <param type="name"/>
          </accessor>
        </technique_common>
      </source>
      <sampler id="mixamorig_RightUpLeg-Matrix-animation-transform">
        <input semantic="INPUT" source="#mixamorig_RightUpLeg-Matrix-animation-input"/>
        <input semantic="OUTPUT" source="#mixamorig_RightUpLeg-Matrix-animation-output-transform"/>
        <input semantic="INTERPOLATION" source="#mixamorig_RightUpLeg-Interpolations"/>
      </sampler>
      <channel source="#mixamorig_RightUpLeg-Matrix-animation-transform" target="mixamorig_RightUpLeg/matrix"/>
    </animation>
    <animation id="mixamorig_RightLeg-anim" name="mixamorig_RightLeg">
      <source id="mixamorig_RightLeg-Matrix-animation-input">
        <float_array id="mixamorig_RightLeg-Matrix-animation-input-array" count="46">

0.000000 0.033333 0.066667 0.100000 0.133333 0.166667 0.200000 0.233333 0.266667 0.300000 0.333333 0.366667 0.400000 0.433333 0.466667 0.500000
0.533333 0.566667 0.600000 0.633333 0.666667 0.700000 0.733333 0.766667 0.800000 0.833333 0.866667 0.900000 0.933333 0.966667 1.000000 1.033333
1.066667 1.100000 1.133333 1.166667 1.200000 1.233333 1.266667 1.300000 1.333333 1.366667 1.400000 1.433333 1.466667 1.500000</float_array>
        <technique_common>
          <accessor source="#mixamorig_RightLeg-Matrix-animation-input-array" count="46">
            <param name="TIME" type="float"/>
          </accessor>
        </technique_common>
      </source>
      <source id="mixamorig_RightLeg-Matrix-animation-output-transform">
        <float_array id="mixamorig_RightLeg-Matrix-animation-output-transform-array" count="736">

0.967904 0.095726 -0.232376 0.000000 0.121029 0.632806 0.764793 48.478100 0.220259 -0.768371 0.600910 0.000000 0.000000 0.000000 0.000000 1.000000
0.972599 0.092896 -0.213125 0.000000 0.102937 0.649889 0.753026 48.478100 0.208461 -0.754330 0.622519 -0.000000 0.000000 0.000000 0.000000 1.000000
0.976875 0.092307 -0.192858 0.000000 0.086932 0.652614 0.752687 48.478100 0.195340 -0.752047 0.629498 0.000000 0.000000 0.000000 0.000000 1.000000
0.983070 0.087904 -0.160769 0.000000 0.066915 0.644576 0.761606 48.478100 0.170576 -0.759470 0.627782 0.000000 0.000000 0.000000 0.000000 1.000000
0.992997 0.068867 -0.095994 -0.000000 0.038050 0.582811 0.811716 48.478100 0.111846 -0.809684 0.576109 -0.000000 0.000000 0.000000 0.000000 1.000000
0.995390 0.050266 -0.081676 -0.000000 0.043036 0.526973 0.848791 48.478100 0.085707 -0.848394 0.522381 0.000000 0.000000 0.000000 0.000000 1.000000
0.993727 0.019809 -0.110068 0.000000 0.085969 0.494198 0.865088 48.478100 0.071532 -0.869124 0.489395 0.000000 0.000000 0.000000 0.000000 1.000000
0.987379 -0.035293 -0.154393 -0.000000 0.151799 0.488908 0.859026 48.478100 0.045167 -0.871621 0.488095 0.000000 0.000000 0.000000 0.000000 1.000000
0.978231 -0.112485 -0.174390 0.000000 0.207413 0.502941 0.839065 48.478100 -0.006674 -0.856970 0.515323 0.000000 0.000000 0.000000 0.000000 1.000000
0.986770 -0.146439 -0.069573 0.000000 0.143260 0.586673 0.797052 48.478100 -0.075903 -0.796474 0.599890 0.000000 0.000000 0.000000 0.000000 1.000000
0.985701 -0.119211 0.119091 0.000000 0.005509 0.729172 0.684308 48.478100 -0.168415 -0.673867 0.719402 0.000000 0.000000 0.000000 0.000000 1.000000
0.996023 -0.078028 0.043008 0.000000 0.026251 0.718298 0.695240 48.478100 -0.085141 -0.691347 0.717489 0.000000 0.000000 0.000000 0.000000 1.000000
0.992718 -0.059192 -0.104913 -0.000000 0.118497 0.636399 0.762204 48.478100 0.021650 -0.769085 0.638779 0.000000 0.000000 0.000000 0.000000 1.000000
0.976220 -0.035036 -0.213931 0.000000 0.196862 0.556491 0.807195 48.478100 0.090770 -0.830115 0.550155 -0.000000 0.000000 0.000000 0.000000 1.000000
0.954328 -0.009600 -0.298608 -0.000000 0.270476 0.452271 0.849879 48.478100 0.126893 -0.891829 0.434212 0.000000 0.000000 0.000000 0.000000 1.000000
0.935224 0.015039 -0.353736 -0.000000 0.327744 0.341183 0.881010 48.478100 0.133938 -0.939877 0.314154 0.000000 0.000000 0.000000 0.000000 1.000000
0.925848 0.035439 -0.376230 -0.000000 0.356048 0.251802 0.899903 48.478100 0.126628 -0.967130 0.220513 0.000000 0.000000 0.000000 0.000000 1.000000
0.919645 0.052210 -0.389265 0.000000 0.374830 0.179297 0.909591 48.478100 0.117284 -0.982409 0.145320 0.000000 0.000000 0.000000 0.000000 1.000000
0.910885 0.066607 -0.407250 0.000000 0.396697 0.130505 0.908625 48.478100 0.113669 -0.989208 0.092452 -0.000000 0.000000 0.000000 0.000000 1.000000
0.898736 0.078600 -0.431389 0.000000 0.423215 0.101923 0.900278 48.478100 0.114730 -0.991682 0.058337 0.000000 0.000000 0.000000 0.000000 1.000000
0.887847 0.086245 -0.451983 0.000000 0.445009 0.088871 0.891105 48.478100 0.117022 -0.992302 0.040524 -0.000000 0.000000 0.000000 0.000000 1.000000
0.881901 0.088558 -0.463042 -0.000000 0.455989 0.089114 0.885513 48.478100 0.119683 -0.992077 0.038208 0.000000 0.000000 0.000000 0.000000 1.000000
0.878229 0.086608 -0.470332 -0.000000 0.462238 0.098554 0.881262 48.478100 0.122677 -0.991356 0.046520 0.000000 0.000000 0.000000 0.000000 1.000000
0.871932 0.081676 -0.482766 -0.000000 0.473471 0.110545 0.873845 48.478100 0.124740 -0.990509 0.057716 0.000000 0.000000 0.000000 0.000000 1.000000
0.863268 0.074291 -0.499249 0.000000 0.488789 0.123698 0.863588 48.478100 0.125913 -0.989535 0.070472 -0.000000 0.000000 0.000000 0.000000 1.000000
0.855614 0.064503 -0.513580 -0.000000 0.502256 0.136446 0.853886 48.478100 0.125155 -0.988545 0.084348 0.000000 0.000000 0.000000 0.000000 1.000000
0.855608 0.049275 -0.515273 0.000000 0.504423 0.144011 0.851363 48.478100 0.116156 -0.988349 0.098362 0.000000 0.000000 0.000000 0.000000 1.000000
0.856001 0.031700 -0.516001 0.000000 0.506342 0.149972 0.849192 48.478100 0.104305 -0.988182 0.112325 -0.000000 0.000000 0.000000 0.000000 1.000000
0.858042 0.012152 -0.513437 0.000000 0.505711 0.154339 0.848785 48.478100 0.089558 -0.987943 0.126284 -0.000000 0.000000 0.000000 0.000000 1.000000
0.869297 -0.009152 -0.494205 0.000000 0.489524 0.154445 0.858203 48.478100 0.068473 -0.987959 0.138739 0.000000 0.000000 0.000000 0.000000 1.000000
0.884271 -0.030924 -0.465950 0.000000 0.464936 0.151442 0.872296 48.478100 0.043590 -0.987982 0.148294 -0.000000 0.000000 0.000000 0.000000 1.000000
0.910768 -0.053637 -0.409419 0.000000 0.412849 0.136437 0.900523 48.478100 0.007559 -0.989196 0.146407 -0.000000 0.000000 0.000000 0.000000 1.000000
0.936955 -0.074399 -0.341439 0.000000 0.348083 0.112334 0.930709 48.478100 -0.030888 -0.990881 0.131149 0.000000 0.000000 0.000000 0.000000 1.000000
0.960282 -0.091633 -0.263557 0.000000 0.272634 0.107009 0.956148 48.478100 -0.059412 -0.990027 0.127741 -0.000000 0.000000 0.000000 0.000000 1.000000
0.973980 -0.102490 -0.202133 0.000000 0.217195 0.167428 0.961662 48.478100 -0.064718 -0.980542 0.185332 0.000000 0.000000 0.000000 0.000000 1.000000
0.981390 -0.106558 -0.159747 0.000000 0.183211 0.270430 0.945146 48.478100 -0.057512 -0.956824 0.284920 -0.000000 0.000000 0.000000 0.000000 1.000000
0.984545 -0.103843 -0.141023 0.000000 0.170811 0.391625 0.904131 48.478100 -0.038659 -0.914246 0.403310 0.000000 0.000000 0.000000 0.000000 1.000000
0.992787 -0.093298 -0.075294 -0.000000 0.113509 0.529307 0.840803 48.478100 -0.038592 -0.843285 0.536079 0.000000 0.000000 0.000000 0.000000 1.000000
0.996544 -0.082207 -0.011944 0.000000 0.063524 0.661486 0.747263 48.478100 -0.053529 -0.745439 0.664422 -0.000000 0.000000 0.000000 0.000000 1.000000
0.995540 -0.070775 0.062377 0.000000 0.016824 0.783785 0.620805 48.478100 -0.092827 -0.616987 0.781480 0.000000 0.000000 0.000000 0.000000 1.000000
0.998681 -0.044577 -0.025478 0.000000 0.050767 0.783154 0.619752 48.478100 -0.007673 -0.620228 0.784384 0.000000 0.000000 0.000000 0.000000 1.000000
0.978818 -0.017688 -0.203969 0.000000 0.165597 0.654228 0.737945 48.478100 0.120390 -0.756090 0.643299 0.000000 0.000000 0.000000 0.000000 1.000000
0.965650 0.024461 -0.258691 -0.000000 0.196783 0.581315 0.789525 48.478100 0.169694 -0.813311 0.556533 -0.000000 0.000000 0.000000 0.000000 1.000000
0.962921 0.084906 -0.256075 -0.000000 0.165255 0.564638 0.808625 48.478100 0.213247 -0.820960 0.529670 0.000000 0.000000 0.000000 0.000000 1.000000
0.962064 0.101413 -0.253274 -0.000000 0.150472 0.577140 0.802663 48.478100 0.227575 -0.810324 0.539986 0.000000 0.000000 0.000000 0.000000 1.000000
0.967904 0.095726 -0.232377 0.000000 0.121029 0.632806 0.764793 48.478100 0.220260 -0.768370 0.600910 0.000000 0.000000 0.000000 0.000000 1.000000</float_array>
        <technique_common>
          <accessor source="#mixamorig_RightLeg-Matrix-animation-output-transform-array" count="46" stride="16">
            <param type="float4x4"/>
          </accessor>
        </technique_common>
      </source>
      <source id="mixamorig_RightLeg-Interpolations">
        <Name_array id="mixamorig_RightLeg-Interpolations-array" count="46">
 LINEAR LINEAR LINEAR LINEAR LINEAR LINEAR LINEAR LINEAR LINEAR LINEAR LINEAR
LINEAR LINEAR LINEAR LINEAR LINEAR LINEAR LINEAR LINEAR LINEAR LINEAR LINEAR LINEAR
LINEAR LINEAR LINEAR LINEAR LINEAR LINEAR LINEAR LINEAR LINEAR LINEAR LINEAR LINEAR
LINEAR LINEAR LINEAR LINEAR LINEAR LINEAR LINEAR LINEAR LINEAR LINEAR LINEAR</Name_array>
        <technique_common>
          <accessor source="#mixamorig_RightLeg-Interpolations-array" count="46">
            <param type="name"/>
          </accessor>
        </technique_common>
      </source>
      <sampler id="mixamorig_RightLeg-Matrix-animation-transform">
        <input semantic="INPUT" source="#mixamorig_RightLeg-Matrix-animation-input"/>
        <input semantic="OUTPUT" source="#mixamorig_RightLeg-Matrix-animation-output-transform"/>
        <input semantic="INTERPOLATION" source="#mixamorig_RightLeg-Interpolations"/>
      </sampler>
      <channel source="#mixamorig_RightLeg-Matrix-animation-transform" target="mixamorig_RightLeg/matrix"/>
    </animation>
    <animation id="mixamorig_RightFoot-anim" name="mixamorig_RightFoot">
      <source id="mixamorig_RightFoot-Matrix-animation-input">
        <float_array id="mixamorig_RightFoot-Matrix-animation-input-array" count="46">

0.000000 0.033333 0.066667 0.100000 0.133333 0.166667 0.200000 0.233333 0.266667 0.300000 0.333333 0.366667 0.400000 0.433333 0.466667 0.500000
0.533333 0.566667 0.600000 0.633333 0.666667 0.700000 0.733333 0.766667 0.800000 0.833333 0.866667 0.900000 0.933333 0.966667 1.000000 1.033333
1.066667 1.100000 1.133333 1.166667 1.200000 1.233333 1.266667 1.300000 1.333333 1.366667 1.400000 1.433333 1.466667 1.500000</float_array>
        <technique_common>
          <accessor source="#mixamorig_RightFoot-Matrix-animation-input-array" count="46">
            <param name="TIME" type="float"/>
          </accessor>
        </technique_common>
      </source>
      <source id="mixamorig_RightFoot-Matrix-animation-output-transform">
        <float_array id="mixamorig_RightFoot-Matrix-animation-output-transform-array" count="736">

0.989110 -0.033526 0.143311 0.000000 0.130454 0.650536 -0.748187 51.588001 -0.068146 0.758735 0.647825 0.000000 0.000000 0.000000 0.000000 1.000000
0.988405 -0.038463 0.146886 0.000000 0.135309 0.662050 -0.737144 51.588001 -0.068893 0.748472 0.659578 0.000000 0.000000 0.000000 0.000000 1.000000
0.988440 -0.038368 0.146680 0.000000 0.135035 0.662680 -0.736627 51.588001 -0.068940 0.747919 0.660201 -0.000000 0.000000 0.000000 0.000000 1.000000
0.987702 -0.046401 0.149304 0.000000 0.142061 0.665154 -0.733068 51.588001 -0.065295 0.745263 0.663565 0.000000 0.000000 0.000000 0.000000 1.000000
0.984449 -0.088430 0.151790 0.000000 0.164212 0.770190 -0.616313 51.588001 -0.062406 0.631655 0.772734 0.000000 0.000000 0.000000 0.000000 1.000000
0.976848 -0.117464 0.178804 0.000000 0.202386 0.778300 -0.594382 51.588001 -0.069344 0.616808 0.784053 0.000000 0.000000 0.000000 0.000000 1.000000
0.961452 -0.152090 0.229084 0.000000 0.263908 0.744346 -0.613434 51.588001 -0.077221 0.650244 0.755791 0.000000 0.000000 0.000000 0.000000 1.000000
0.960276 -0.151960 0.234046 0.000000 0.272502 0.691304 -0.669209 51.588001 -0.060104 0.706404 0.705253 -0.000000 0.000000 0.000000 0.000000 1.000000
0.995004 -0.012709 0.099026 0.000000 0.080378 0.690312 -0.719033 51.588001 -0.059221 0.723400 0.687885 0.000000 0.000000 0.000000 0.000000 1.000000
0.997343 0.015485 0.071185 0.000000 0.041079 0.687431 -0.725087 51.588001 -0.060163 0.726085 0.684968 0.000000 0.000000 0.000000 0.000000 1.000000
0.989599 -0.052807 0.133810 -0.000000 0.128251 0.745182 -0.654412 51.588001 -0.065155 0.664767 0.744204 0.000000 0.000000 0.000000 0.000000 1.000000
0.983489 -0.078074 0.163262 0.000000 0.166580 0.743095 -0.648121 51.588001 -0.070718 0.664616 0.743831 0.000000 0.000000 0.000000 0.000000 1.000000
0.992198 -0.024385 0.122263 0.000000 0.104787 0.694446 -0.711874 51.588001 -0.067546 0.719131 0.691583 0.000000 0.000000 0.000000 0.000000 1.000000
0.996675 0.020837 0.078776 0.000000 0.046937 0.643461 -0.764039 51.588001 -0.066609 0.765195 0.640343 0.000000 0.000000 0.000000 0.000000 1.000000
0.997696 0.061433 0.028789 -0.000000 -0.012406 0.582386 -0.812818 51.588001 -0.066701 0.810588 0.581806 0.000000 0.000000 0.000000 0.000000 1.000000
0.995622 0.091010 -0.021305 0.000000 -0.066065 0.523950 -0.849183 51.588001 -0.066121 0.846873 0.527669 0.000000 0.000000 0.000000 0.000000 1.000000
0.992896 0.104259 -0.057332 0.000000 -0.100882 0.482184 -0.870242 51.588001 -0.063086 0.869844 0.489277 0.000000 0.000000 0.000000 0.000000 1.000000
0.990128 0.110242 -0.086560 0.000000 -0.127310 0.448999 -0.884416 51.588001 -0.058634 0.886706 0.458601 0.000000 0.000000 0.000000 0.000000 1.000000
0.987275 0.114619 -0.110230 0.000000 -0.148898 0.422921 -0.893850 51.588001 -0.055834 0.898888 0.434606 0.000000 0.000000 0.000000 0.000000 1.000000
0.984356 0.119693 -0.129295 0.000000 -0.167216 0.403415 -0.899608 51.588001 -0.055517 0.907155 0.417119 -0.000000 0.000000 0.000000 0.000000 1.000000
0.982606 0.122404 -0.139649 0.000000 -0.177013 0.390067 -0.903612 51.588001 -0.056133 0.912614 0.404949 0.000000 0.000000 0.000000 0.000000 1.000000
0.982872 0.121062 -0.138945 0.000000 -0.175294 0.381506 -0.907593 51.588001 -0.056867 0.916404 0.396193 0.000000 0.000000 0.000000 0.000000 1.000000
0.984191 0.118248 -0.131854 0.000000 -0.167366 0.377404 -0.910799 51.588001 -0.057937 0.918468 0.391229 0.000000 0.000000 0.000000 0.000000 1.000000
0.984852 0.117738 -0.127299 0.000000 -0.162879 0.376331 -0.912055 51.588001 -0.059477 0.918974 0.389808 0.000000 0.000000 0.000000 0.000000 1.000000
0.984876 0.119032 -0.125897 -0.000000 -0.162189 0.377831 -0.911558 51.588001 -0.060937 0.918191 0.391422 -0.000000 0.000000 0.000000 0.000000 1.000000
0.984770 0.120448 -0.125379 0.000000 -0.162485 0.381030 -0.910173 51.588001 -0.061855 0.916684 0.394798 0.000000 0.000000 0.000000 0.000000 1.000000
0.984770 0.122359 -0.123516 0.000000 -0.161919 0.386682 -0.907887 51.588001 -0.063327 0.914060 0.400605 0.000000 0.000000 0.000000 0.000000 1.000000
0.984440 0.125404 -0.123091 -0.000000 -0.163277 0.393897 -0.904536 51.588001 -0.064947 0.910560 0.408243 0.000000 0.000000 0.000000 0.000000 1.000000
0.984103 0.128692 -0.122393 0.000000 -0.164546 0.401365 -0.901017 51.588001 -0.066830 0.906832 0.416160 0.000000 0.000000 0.000000 0.000000 1.000000
0.984869 0.128872 -0.115863 0.000000 -0.159053 0.406744 -0.899590 51.588001 -0.068805 0.904407 0.421087 -0.000000 0.000000 0.000000 0.000000 1.000000
0.986343 0.126661 -0.105281 0.000000 -0.148655 0.409402 -0.900162 51.588001 -0.070913 0.903519 0.422640 -0.000000 0.000000 0.000000 0.000000 1.000000
0.989950 0.116274 -0.080497 -0.000000 -0.121264 0.405063 -0.906211 51.588001 -0.072762 0.906865 0.415092 0.000000 0.000000 0.000000 0.000000 1.000000
0.994772 0.095131 -0.037133 -0.000000 -0.071773 0.392625 -0.916894 51.588001 -0.072646 0.914765 0.397401 -0.000000 0.000000 0.000000 0.000000 1.000000
0.997632 0.065697 0.020375 0.000000 -0.006734 0.388079 -0.921601 51.588001 -0.068453 0.919282 0.387602 0.000000 0.000000 0.000000 0.000000 1.000000
0.996857 0.037223 0.069932 0.000000 0.047892 0.420008 -0.906256 51.588001 -0.063106 0.906757 0.416905 0.000000 0.000000 0.000000 0.000000 1.000000
0.994534 0.011601 0.103768 0.000000 0.085007 0.487129 -0.869183 51.588001 -0.060632 0.873253 0.483480 0.000000 0.000000 0.000000 0.000000 1.000000
0.993022 -0.006440 0.117756 -0.000000 0.100551 0.567994 -0.816868 51.588001 -0.061624 0.823008 0.564678 0.000000 0.000000 0.000000 0.000000 1.000000
0.988504 -0.045480 0.144194 -0.000000 0.138899 0.649905 -0.747215 51.588001 -0.059730 0.758653 0.648751 0.000000 0.000000 0.000000 0.000000 1.000000
0.990126 -0.049287 0.131231 0.000000 0.125248 0.731481 -0.670260 51.588001 -0.062957 0.680078 0.730431 0.000000 0.000000 0.000000 0.000000 1.000000
0.985186 -0.091270 0.145185 -0.000000 0.150223 0.867662 -0.473916 51.588001 -0.082717 0.488705 0.868519 0.000000 0.000000 0.000000 0.000000 1.000000
0.981381 -0.112839 0.155431 0.000000 0.174724 0.860557 -0.478449 51.588001 -0.079769 0.496698 0.864250 0.000000 0.000000 0.000000 0.000000 1.000000
0.985244 -0.083667 0.149314 0.000000 0.161016 0.748907 -0.642816 51.588001 -0.058040 0.657373 0.751327 0.000000 0.000000 0.000000 0.000000 1.000000
0.992242 -0.039375 0.117917 0.000000 0.113098 0.679696 -0.724722 51.588001 -0.051612 0.732436 0.678877 -0.000000 0.000000 0.000000 0.000000 1.000000
0.992643 -0.017211 0.119846 0.000000 0.104718 0.618887 -0.778469 51.588001 -0.060773 0.785292 0.616136 0.000000 0.000000 0.000000 0.000000 1.000000
0.992503 -0.011006 0.121728 -0.000000 0.102871 0.613047 -0.783321 51.588001 -0.066003 0.789970 0.609583 0.000000 0.000000 0.000000 0.000000 1.000000
0.989110 -0.033526 0.143311 -0.000000 0.130454 0.650537 -0.748186 51.588001 -0.068146 0.758734 0.647826 0.000000 0.000000 0.000000 0.000000 1.000000</float_array>
        <technique_common>
          <accessor source="#mixamorig_RightFoot-Matrix-animation-output-transform-array" count="46" stride="16">
            <param type="float4x4"/>
          </accessor>
        </technique_common>
      </source>
      <source id="mixamorig_RightFoot-Interpolations">
        <Name_array id="mixamorig_RightFoot-Interpolations-array" count="46">
 LINEAR LINEAR LINEAR LINEAR LINEAR LINEAR LINEAR LINEAR LINEAR LINEAR LINEAR
LINEAR LINEAR LINEAR LINEAR LINEAR LINEAR LINEAR LINEAR LINEAR LINEAR LINEAR LINEAR
LINEAR LINEAR LINEAR LINEAR LINEAR LINEAR LINEAR LINEAR LINEAR LINEAR LINEAR LINEAR
LINEAR LINEAR LINEAR LINEAR LINEAR LINEAR LINEAR LINEAR LINEAR LINEAR LINEAR</Name_array>
        <technique_common>
          <accessor source="#mixamorig_RightFoot-Interpolations-array" count="46">
            <param type="name"/>
          </accessor>
        </technique_common>
      </source>
      <sampler id="mixamorig_RightFoot-Matrix-animation-transform">
        <input semantic="INPUT" source="#mixamorig_RightFoot-Matrix-animation-input"/>
        <input semantic="OUTPUT" source="#mixamorig_RightFoot-Matrix-animation-output-transform"/>
        <input semantic="INTERPOLATION" source="#mixamorig_RightFoot-Interpolations"/>
      </sampler>
      <channel source="#mixamorig_RightFoot-Matrix-animation-transform" target="mixamorig_RightFoot/matrix"/>
    </animation>
    <animation id="mixamorig_RightToeBase-anim" name="mixamorig_RightToeBase">
      <source id="mixamorig_RightToeBase-Matrix-animation-input">
        <float_array id="mixamorig_RightToeBase-Matrix-animation-input-array" count="46">

0.000000 0.033333 0.066667 0.100000 0.133333 0.166667 0.200000 0.233333 0.266667 0.300000 0.333333 0.366667 0.400000 0.433333 0.466667 0.500000
0.533333 0.566667 0.600000 0.633333 0.666667 0.700000 0.733333 0.766667 0.800000 0.833333 0.866667 0.900000 0.933333 0.966667 1.000000 1.033333
1.066667 1.100000 1.133333 1.166667 1.200000 1.233333 1.266667 1.300000 1.333333 1.366667 1.400000 1.433333 1.466667 1.500000</float_array>
        <technique_common>
          <accessor source="#mixamorig_RightToeBase-Matrix-animation-input-array" count="46">
            <param name="TIME" type="float"/>
          </accessor>
        </technique_common>
      </source>
      <source id="mixamorig_RightToeBase-Matrix-animation-output-transform">
        <float_array id="mixamorig_RightToeBase-Matrix-animation-output-transform-array" count="736">

0.997689 -0.066135 -0.015591 -0.000000 0.035707 0.705528 -0.707782 21.400000 0.057809 0.705590 0.706259 0.000000 0.000000 0.000000 0.000000 1.000000
0.997689 -0.066135 -0.015591 0.000000 0.035707 0.705528 -0.707782 21.400000 0.057809 0.705589 0.706259 0.000000 0.000000 0.000000 0.000000 1.000000
0.997689 -0.066135 -0.015593 0.000000 0.035706 0.705529 -0.707781 21.400000 0.057810 0.705589 0.706260 0.000000 0.000000 0.000000 0.000000 1.000000
0.997767 -0.063912 -0.019392 0.000000 0.030293 0.691827 -0.721427 21.400000 0.059524 0.719229 0.692219 0.000000 0.000000 0.000000 0.000000 1.000000
0.998756 -0.049873 0.000160 0.000000 0.028328 0.564645 -0.824847 21.400000 0.041047 0.823825 0.565355 0.000000 0.000000 0.000000 0.000000 1.000000
0.998734 -0.029457 0.040776 -0.000000 0.050154 0.645442 -0.762161 21.400000 -0.003867 0.763241 0.646102 -0.000000 0.000000 0.000000 0.000000 1.000000
0.999229 -0.022297 -0.032321 0.000000 -0.006845 0.711621 -0.702530 21.400000 0.038665 0.702209 0.710920 0.000000 0.000000 0.000000 0.000000 1.000000
0.999828 -0.012605 0.013620 0.000000 0.018544 0.706384 -0.707586 21.400000 -0.000702 0.707717 0.706496 -0.000000 0.000000 0.000000 0.000000 1.000000
0.999478 -0.009665 0.030819 -0.000000 0.030317 0.609783 -0.791988 21.400000 -0.011139 0.792509 0.609758 0.000000 0.000000 0.000000 0.000000 1.000000
0.997267 0.027378 0.068629 0.000000 0.037954 0.607096 -0.793722 21.400000 -0.063395 0.794157 0.604397 -0.000000 0.000000 0.000000 0.000000 1.000000
0.986385 0.086669 0.139762 0.000000 0.042647 0.685980 -0.726370 21.400000 -0.158828 0.722441 0.672944 0.000000 0.000000 0.000000 0.000000 1.000000
0.982712 0.098023 0.157065 0.000000 0.031513 0.747406 -0.663620 21.400000 -0.182441 0.657096 0.731396 0.000000 0.000000 0.000000 0.000000 1.000000
0.982714 0.098024 0.157052 0.000000 0.031505 0.747402 -0.663625 21.400000 -0.182432 0.657101 0.731394 -0.000000 0.000000 0.000000 0.000000 1.000000
0.982716 0.098024 0.157039 0.000000 0.031495 0.747405 -0.663622 21.400000 -0.182423 0.657098 0.731399 0.000000 0.000000 0.000000 0.000000 1.000000
0.982718 0.098025 0.157024 -0.000000 0.031483 0.747409 -0.663618 21.400000 -0.182412 0.657093 0.731406 -0.000000 0.000000 0.000000 0.000000 1.000000
0.982720 0.098024 0.157013 -0.000000 0.031473 0.747419 -0.663607 21.400000 -0.182404 0.657082 0.731418 -0.000000 0.000000 0.000000 0.000000 1.000000
0.982722 0.098024 0.156996 -0.000000 0.031460 0.747428 -0.663597 21.400000 -0.182392 0.657071 0.731430 0.000000 0.000000 0.000000 0.000000 1.000000
0.982725 0.098024 0.156982 0.000000 0.031447 0.747440 -0.663585 21.400000 -0.182381 0.657058 0.731445 0.000000 0.000000 0.000000 0.000000 1.000000
0.982727 0.098022 0.156967 0.000000 0.031434 0.747455 -0.663568 21.400000 -0.182370 0.657040 0.731464 -0.000000 0.000000 0.000000 0.000000 1.000000
0.982732 0.098021 0.156939 0.000000 0.031411 0.747473 -0.663549 21.400000 -0.182350 0.657021 0.731487 0.000000 0.000000 0.000000 0.000000 1.000000
0.982735 0.098018 0.156919 0.000000 0.031394 0.747496 -0.663524 21.400000 -0.182334 0.656995 0.731513 0.000000 0.000000 0.000000 0.000000 1.000000
0.982738 0.098018 0.156901 0.000000 0.031377 0.747510 -0.663509 21.400000 -0.182320 0.656978 0.731532 0.000000 0.000000 0.000000 0.000000 1.000000
0.982740 0.098018 0.156890 0.000000 0.031367 0.747522 -0.663496 21.400000 -0.182313 0.656965 0.731545 0.000000 0.000000 0.000000 0.000000 1.000000
0.982742 0.098019 0.156877 0.000000 0.031355 0.747531 -0.663487 21.400000 -0.182304 0.656955 0.731557 0.000000 0.000000 0.000000 0.000000 1.000000
0.982744 0.098020 0.156863 0.000000 0.031343 0.747538 -0.663479 21.400000 -0.182295 0.656946 0.731567 0.000000 0.000000 0.000000 0.000000 1.000000
0.982745 0.098020 0.156857 0.000000 0.031335 0.747549 -0.663467 21.400000 -0.182291 0.656934 0.731579 -0.000000 0.000000 0.000000 0.000000 1.000000
0.982747 0.098021 0.156847 -0.000000 0.031326 0.747555 -0.663461 21.400000 -0.182285 0.656927 0.731587 -0.000000 0.000000 0.000000 0.000000 1.000000
0.982748 0.098022 0.156839 0.000000 0.031319 0.747560 -0.663455 21.400000 -0.182280 0.656921 0.731593 0.000000 0.000000 0.000000 0.000000 1.000000
0.982748 0.098022 0.156837 0.000000 0.031315 0.747567 -0.663448 21.400000 -0.182278 0.656913 0.731601 0.000000 0.000000 0.000000 0.000000 1.000000
0.982749 0.098022 0.156830 0.000000 0.031310 0.747568 -0.663447 21.400000 -0.182274 0.656913 0.731602 0.000000 0.000000 0.000000 0.000000 1.000000
0.982749 0.098023 0.156830 0.000000 0.031310 0.747570 -0.663445 21.400000 -0.182274 0.656910 0.731604 0.000000 0.000000 0.000000 0.000000 1.000000
0.982749 0.098023 0.156832 0.000000 0.031311 0.747570 -0.663445 21.400000 -0.182275 0.656910 0.731604 0.000000 0.000000 0.000000 0.000000 1.000000
0.982748 0.098023 0.156837 0.000000 0.031315 0.747567 -0.663447 21.400000 -0.182279 0.656913 0.731601 0.000000 0.000000 0.000000 0.000000 1.000000
0.982747 0.098023 0.156841 0.000000 0.031319 0.747561 -0.663454 21.400000 -0.182282 0.656920 0.731594 -0.000000 0.000000 0.000000 0.000000 1.000000
0.982746 0.098022 0.156851 0.000000 0.031328 0.747554 -0.663462 21.400000 -0.182289 0.656928 0.731585 0.000000 0.000000 0.000000 0.000000 1.000000
0.982742 0.098023 0.156873 0.000000 0.031346 0.747539 -0.663478 21.400000 -0.182305 0.656945 0.731566 0.000000 0.000000 0.000000 0.000000 1.000000
0.982737 0.098027 0.156906 0.000000 0.031375 0.747507 -0.663512 21.400000 -0.182331 0.656981 0.731527 0.000000 0.000000 0.000000 0.000000 1.000000
0.982729 0.098031 0.156951 0.000000 0.031411 0.747475 -0.663547 21.400000 -0.182365 0.657017 0.731486 0.000000 0.000000 0.000000 0.000000 1.000000
0.980173 0.098649 0.171843 0.000000 0.042900 0.741031 -0.670099 21.400000 -0.193445 0.664185 0.722106 0.000000 0.000000 0.000000 0.000000 1.000000
0.977125 0.109120 0.182536 0.000000 0.062126 0.674417 -0.735732 21.400000 -0.203389 0.730243 0.652210 0.000000 0.000000 0.000000 0.000000 1.000000
0.987855 0.070212 0.138610 0.000000 0.056974 0.666265 -0.743535 21.400000 -0.144556 0.742402 0.654173 0.000000 0.000000 0.000000 0.000000 1.000000
0.998774 -0.000011 0.049511 0.000000 0.036723 0.670891 -0.740646 21.400000 -0.033209 0.741556 0.670069 0.000000 0.000000 0.000000 0.000000 1.000000
0.999112 -0.041882 0.004652 0.000000 0.031366 0.665402 -0.745826 21.400000 0.028141 0.745309 0.666125 0.000000 0.000000 0.000000 0.000000 1.000000
0.997872 -0.063194 -0.016055 0.000000 0.033303 0.705679 -0.707748 21.400000 0.056055 0.705707 0.706282 0.000000 0.000000 0.000000 0.000000 1.000000
0.997689 -0.066135 -0.015594 0.000000 0.035706 0.705527 -0.707783 21.400000 0.057811 0.705591 0.706258 0.000000 0.000000 0.000000 0.000000 1.000000
0.997689 -0.066135 -0.015595 0.000000 0.035705 0.705528 -0.707782 21.400000 0.057811 0.705590 0.706258 0.000000 0.000000 0.000000 0.000000 1.000000</float_array>
        <technique_common>
          <accessor source="#mixamorig_RightToeBase-Matrix-animation-output-transform-array" count="46" stride="16">
            <param type="float4x4"/>
          </accessor>
        </technique_common>
      </source>
      <source id="mixamorig_RightToeBase-Interpolations">
        <Name_array id="mixamorig_RightToeBase-Interpolations-array" count="46">
 LINEAR LINEAR LINEAR LINEAR LINEAR LINEAR LINEAR LINEAR LINEAR LINEAR LINEAR
LINEAR LINEAR LINEAR LINEAR LINEAR LINEAR LINEAR LINEAR LINEAR LINEAR LINEAR LINEAR
LINEAR LINEAR LINEAR LINEAR LINEAR LINEAR LINEAR LINEAR LINEAR LINEAR LINEAR LINEAR
LINEAR LINEAR LINEAR LINEAR LINEAR LINEAR LINEAR LINEAR LINEAR LINEAR LINEAR</Name_array>
        <technique_common>
          <accessor source="#mixamorig_RightToeBase-Interpolations-array" count="46">
            <param type="name"/>
          </accessor>
        </technique_common>
      </source>
      <sampler id="mixamorig_RightToeBase-Matrix-animation-transform">
        <input semantic="INPUT" source="#mixamorig_RightToeBase-Matrix-animation-input"/>
        <input semantic="OUTPUT" source="#mixamorig_RightToeBase-Matrix-animation-output-transform"/>
        <input semantic="INTERPOLATION" source="#mixamorig_RightToeBase-Interpolations"/>
      </sampler>
      <channel source="#mixamorig_RightToeBase-Matrix-animation-transform" target="mixamorig_RightToeBase/matrix"/>
    </animation>
  </library_animations>
  <library_visual_scenes>
    <visual_scene id="RootNode" name="RootNode">
      <node id="mixamorig_Hips" name="mixamorig_Hips" sid="mixamorig_Hips" type="JOINT">
        <matrix sid="matrix">0.579455 0.118825 0.806295 -2.396585 0.019104 0.987062 -0.159195 100.216492 -0.814780 0.107650 0.569688 -1.441206 0.000000 0.000000 0.000000 1.000000</matrix>
        <node id="mixamorig_Spine" name="mixamorig_Spine" sid="mixamorig_Spine" type="JOINT">
          <matrix sid="matrix">0.996451 -0.051782 -0.066363 0.000000 0.042933 0.990785 -0.128456 13.214800 0.072404 0.125151 0.989492 0.000000 0.000000 0.000000 0.000000 1.000000</matrix>
          <node id="mixamorig_Spine1" name="mixamorig_Spine1" sid="mixamorig_Spine1" type="JOINT">
            <matrix sid="matrix">0.998853 0.040920 -0.024858 0.000000 -0.041447 0.998918 -0.021078 9.224200 0.023968 0.022084 0.999469 0.000000 0.000000 0.000000 0.000000 1.000000</matrix>
            <node id="mixamorig_Spine2" name="mixamorig_Spine2" sid="mixamorig_Spine2" type="JOINT">
              <matrix sid="matrix">0.999565 0.018795 -0.022732 -0.000000 -0.018883 0.999815 -0.003640 11.063000 0.022659 0.004068 0.999735 -0.000000 0.000000 0.000000 0.000000 1.000000</matrix>
              <node id="mixamorig_Neck" name="mixamorig_Neck" sid="mixamorig_Neck" type="JOINT">
                <matrix sid="matrix">0.985070 -0.027001 -0.170026 -0.006000 0.032878 0.998952 0.031849 23.723499 0.168988 -0.036964 0.984925 -1.446200 0.000000 0.000000 0.000000 1.000000</matrix>
                <node id="mixamorig_Head" name="mixamorig_Head" sid="mixamorig_Head" type="JOINT">
                  <matrix sid="matrix">0.912383 -0.079625 -0.401518 -0.000000 0.112643 0.991866 0.059267 10.037100 0.393533 -0.099302 0.913932 3.529500 0.000000 0.000000 0.000000 1.000000</matrix>
                  <node id="mixamorig_HeadTop_End" name="mixamorig_HeadTop_End" sid="mixamorig_HeadTop_End" type="JOINT">
                    <matrix sid="matrix">1.000000 -0.000000 0.000000 0.000000 0.000000 1.000000 0.000000 17.783001 0.000000 0.000000 1.000000 3.803600 0.000000 0.000000 0.000000 1.000000</matrix>
                  </node>
                  <node id="mixamorig_RightEye" name="mixamorig_RightEye" sid="mixamorig_RightEye" type="JOINT">
                    <matrix sid="matrix">1.000000 0.000000 -0.000000 -3.293300 -0.000000 0.000000 -1.000000 4.765900 0.000000 1.000000 0.000000 6.339300 0.000000 0.000000 0.000000 1.000000</matrix>
                  </node>
                </node>
              </node>
              <node id="mixamorig_LeftShoulder" name="mixamorig_LeftShoulder" sid="mixamorig_LeftShoulder" type="JOINT">
                <matrix sid="matrix">-0.348181 0.812062 -0.468321 11.304900 -0.110047 -0.531535 -0.839858 19.886000 -0.930946 -0.240885 0.274435 -3.966000 0.000000 0.000000 0.000000 1.000000</matrix>
                <node id="mixamorig_LeftArm" name="mixamorig_LeftArm" sid="mixamorig_LeftArm" type="JOINT">
                  <matrix sid="matrix">0.997273 -0.001761 0.073779 -0.000000 0.032636 0.907175 -0.419486 12.686800 -0.066192 0.420750 0.904758 0.000000 0.000000 0.000000 0.000000 1.000000</matrix>
                  <node id="mixamorig_LeftForeArm" name="mixamorig_LeftForeArm" sid="mixamorig_LeftForeArm" type="JOINT">
                    <matrix sid="matrix">0.266617 -0.963801 -0.001719 0.000000 0.960680 0.265896 -0.079960 30.736700 0.077523 0.019668 0.996797 -0.000000 0.000000 0.000000 0.000000 1.000000</matrix>
                    <node id="mixamorig_LeftHand" name="mixamorig_LeftHand" sid="mixamorig_LeftHand" type="JOINT">
                      <matrix sid="matrix">0.884762 -0.464485 0.038080 0.000000 0.464148 0.870855 -0.161796 26.713100 0.041989 0.160826 0.986089 0.000000 0.000000 0.000000 0.000000 1.000000</matrix>
                      <node id="mixamorig_LeftHandThumb1" name="mixamorig_LeftHandThumb1" sid="mixamorig_LeftHandThumb1" type="JOINT">
                        <matrix sid="matrix">0.975549 0.095620 0.197891 -2.604400 0.108173 0.574892 -0.811047 4.344900 -0.191319 0.812623 0.550492 2.566800 0.000000 0.000000 0.000000 1.000000</matrix>
                        <node id="mixamorig_LeftHandThumb2" name="mixamorig_LeftHandThumb2" sid="mixamorig_LeftHandThumb2" type="JOINT">
                          <matrix sid="matrix">0.951177 -0.055129 0.303681 0.000000 -0.005302 0.980855 0.194667 4.523200 -0.308599 -0.186773 0.932675 0.000000 0.000000 0.000000 0.000000 1.000000</matrix>
                          <node id="mixamorig_LeftHandThumb3" name="mixamorig_LeftHandThumb3" sid="mixamorig_LeftHandThumb3" type="JOINT">
                            <matrix sid="matrix">0.926700 0.297562 -0.229530 -0.000000 -0.228316 0.930924 0.285047 3.636400 0.298494 -0.211747 0.930626 0.000000 0.000000 0.000000 0.000000 1.000000</matrix>
                            <node id="mixamorig_LeftHandThumb4" name="mixamorig_LeftHandThumb4" sid="mixamorig_LeftHandThumb4" type="JOINT">
                              <matrix sid="matrix">1.000000 -0.000000 0.000000 0.000000 -0.000000 1.000000 0.000000 3.907300 0.000000 0.000000 1.000000 0.000000 0.000000 0.000000 0.000000 1.000000</matrix>
                            </node>
                          </node>
                        </node>
                      </node>
                      <node id="mixamorig_LeftHandIndex1" name="mixamorig_LeftHandIndex1" sid="mixamorig_LeftHandIndex1" type="JOINT">
                        <matrix sid="matrix">0.998596 0.024266 -0.047094 -3.402400 -0.052964 0.477689 -0.876931 12.111600 0.001217 0.878194 0.478304 0.315900 0.000000 0.000000 0.000000 1.000000</matrix>
                        <node id="mixamorig_LeftHandIndex2" name="mixamorig_LeftHandIndex2" sid="mixamorig_LeftHandIndex2" type="JOINT">
                          <matrix sid="matrix">0.997059 -0.030316 0.070390 0.000000 0.076640 0.395833 -0.915119 4.509100 -0.000119 0.917822 0.396992 0.000000 0.000000 0.000000 0.000000 1.000000</matrix>
                          <node id="mixamorig_LeftHandIndex3" name="mixamorig_LeftHandIndex3" sid="mixamorig_LeftHandIndex3" type="JOINT">
                            <matrix sid="matrix">0.999412 0.032620 0.010570 0.000000 -0.007477 0.508152 -0.861235 2.907200 -0.033464 0.860650 0.508097 0.000000 0.000000 0.000000 0.000000 1.000000</matrix>
                            <node id="mixamorig_LeftHandIndex4" name="mixamorig_LeftHandIndex4" sid="mixamorig_LeftHandIndex4" type="JOINT">
                              <matrix sid="matrix">1.000000 0.000000 0.000000 -0.000000 0.000000 1.000000 0.000000 2.981700 0.000000 0.000000 1.000000 0.000000 0.000000 0.000000 0.000000 1.000000</matrix>
                            </node>
                          </node>
                        </node>
                      </node>
                      <node id="mixamorig_LeftHandMiddle1" name="mixamorig_LeftHandMiddle1" sid="mixamorig_LeftHandMiddle1" type="JOINT">
                        <matrix sid="matrix">0.999765 -0.019255 -0.009923 0.000000 -0.002090 0.370195 -0.928952 13.093800 0.021561 0.928755 0.370068 -0.000000 0.000000 0.000000 0.000000 1.000000</matrix>
                        <node id="mixamorig_LeftHandMiddle2" name="mixamorig_LeftHandMiddle2" sid="mixamorig_LeftHandMiddle2" type="JOINT">
                          <matrix sid="matrix">0.996341 -0.009520 0.084930 0.000000 0.085451 0.095428 -0.991762 3.620200 0.001337 0.995391 0.095892 0.000000 0.000000 0.000000 0.000000 1.000000</matrix>
                          <node id="mixamorig_LeftHandMiddle3" name="mixamorig_LeftHandMiddle3" sid="mixamorig_LeftHandMiddle3" type="JOINT">
                            <matrix sid="matrix">0.999600 0.028256 0.000912 0.000000 -0.023285 0.841192 -0.540236 2.832500 -0.016032 0.539998 0.841513 0.000000 0.000000 0.000000 0.000000 1.000000</matrix>
                            <node id="mixamorig_LeftHandMiddle4" name="mixamorig_LeftHandMiddle4" sid="mixamorig_LeftHandMiddle4" type="JOINT">
                              <matrix sid="matrix">1.000000 -0.000000 -0.000000 -0.000000 0.000000 1.000000 0.000000 4.715600 0.000000 0.000000 1.000000 0.000000 0.000000 0.000000 0.000000 1.000000</matrix>
                            </node>
                          </node>
                        </node>
                      </node>
                      <node id="mixamorig_LeftHandRing1" name="mixamorig_LeftHandRing1" sid="mixamorig_LeftHandRing1" type="JOINT">
                        <matrix sid="matrix">0.996641 0.030230 -0.076113 3.523100 -0.080440 0.186895 -0.979081 12.918800 -0.015372 0.981915 0.188699 -0.015900 0.000000 0.000000 0.000000 1.000000</matrix>
                        <node id="mixamorig_LeftHandRing2" name="mixamorig_LeftHandRing2" sid="mixamorig_LeftHandRing2" type="JOINT">
                          <matrix sid="matrix">0.999725 -0.017709 0.015378 0.000000 0.019830 0.288065 -0.957406 2.936000 0.012525 0.957447 0.288336 -0.000000 0.000000 0.000000 0.000000 1.000000</matrix>
                          <node id="mixamorig_LeftHandRing3" name="mixamorig_LeftHandRing3" sid="mixamorig_LeftHandRing3" type="JOINT">
                            <matrix sid="matrix">0.999780 0.015515 -0.014097 0.000000 -0.020932 0.775373 -0.631157 3.435600 0.001138 0.631313 0.775527 0.000000 0.000000 0.000000 0.000000 1.000000</matrix>
                            <node id="mixamorig_LeftHandRing4" name="mixamorig_LeftHandRing4" sid="mixamorig_LeftHandRing4" type="JOINT">
                              <matrix sid="matrix">1.000000 -0.000000 0.000000 0.000000 0.000000 1.000000 -0.000000 3.120600 0.000000 0.000000 1.000000 0.000000 0.000000 0.000000 0.000000 1.000000</matrix>
                            </node>
                          </node>
                        </node>
                      </node>
                      <node id="mixamorig_LeftHandPinky1" name="mixamorig_LeftHandPinky1" sid="mixamorig_LeftHandPinky1" type="JOINT">
                        <matrix sid="matrix">0.997630 -0.068770 -0.002150 6.518400 0.001739 0.056436 -0.998405 11.479300 0.068781 0.996035 0.056422 0.316100 0.000000 0.000000 0.000000 1.000000</matrix>
                        <node id="mixamorig_LeftHandPinky2" name="mixamorig_LeftHandPinky2" sid="mixamorig_LeftHandPinky2" type="JOINT">
                          <matrix sid="matrix">0.999999 -0.001027 0.000547 0.000000 0.001042 0.581907 -0.813255 2.474700 0.000517 0.813255 0.581908 0.000000 0.000000 0.000000 0.000000 1.000000</matrix>
                          <node id="mixamorig_LeftHandPinky3" name="mixamorig_LeftHandPinky3" sid="mixamorig_LeftHandPinky3" type="JOINT">
                            <matrix sid="matrix">1.000000 -0.000533 0.000113 0.000000 0.000529 0.900092 -0.435699 2.073800 0.000130 0.435699 0.900092 0.000000 0.000000 0.000000 0.000000 1.000000</matrix>
                            <node id="mixamorig_LeftHandPinky4" name="mixamorig_LeftHandPinky4" sid="mixamorig_LeftHandPinky4" type="JOINT">
                              <matrix sid="matrix">1.000000 0.000000 -0.000000 0.000000 0.000000 1.000000 -0.000000 2.978900 0.000000 0.000000 1.000000 -0.000000 0.000000 0.000000 0.000000 1.000000</matrix>
                            </node>
                          </node>
                        </node>
                      </node>
                    </node>
                  </node>
                </node>
              </node>
              <node id="mixamorig_RightShoulder" name="mixamorig_RightShoulder" sid="mixamorig_RightShoulder" type="JOINT">
                <matrix sid="matrix">0.154161 -0.847391 0.508097 -11.278600 0.030685 -0.509890 -0.859692 19.886000 0.987569 0.148122 -0.052603 -3.966000 0.000000 0.000000 0.000000 1.000000</matrix>
                <node id="mixamorig_RightArm" name="mixamorig_RightArm" sid="mixamorig_RightArm" type="JOINT">
                  <matrix sid="matrix">0.956850 0.255186 -0.138991 0.000000 -0.286731 0.906774 -0.309105 12.686800 0.047155 0.335621 0.940816 -0.000000 0.000000 0.000000 0.000000 1.000000</matrix>
                  <node id="mixamorig_RightForeArm" name="mixamorig_RightForeArm" sid="mixamorig_RightForeArm" type="JOINT">
                    <matrix sid="matrix">-0.061236 0.998000 0.015695 -0.000000 -0.849639 -0.043868 -0.525537 30.736700 -0.523797 -0.045517 0.850626 0.000000 0.000000 0.000000 0.000000 1.000000</matrix>
                    <node id="mixamorig_RightHand" name="mixamorig_RightHand" sid="mixamorig_RightHand" type="JOINT">
                      <matrix sid="matrix">0.999978 0.006543 -0.000844 -0.000000 -0.006581 0.998358 -0.056895 26.713100 0.000470 0.056899 0.998380 0.000000 0.000000 0.000000 0.000000 1.000000</matrix>
                      <node id="mixamorig_RightHandThumb1" name="mixamorig_RightHandThumb1" sid="mixamorig_RightHandThumb1" type="JOINT">
                        <matrix sid="matrix">0.859878 0.403244 -0.313058 2.712200 -0.509086 0.631711 -0.584614 6.800000 -0.037980 0.662069 0.748480 2.789800 0.000000 0.000000 0.000000 1.000000</matrix>
                        <node id="mixamorig_RightHandThumb2" name="mixamorig_RightHandThumb2" sid="mixamorig_RightHandThumb2" type="JOINT">
                          <matrix sid="matrix">0.922602 -0.321535 -0.213123 0.000000 0.322991 0.945959 -0.028934 4.523200 0.210909 -0.042142 0.976597 -0.000000 0.000000 0.000000 0.000000 1.000000</matrix>
                          <node id="mixamorig_RightHandThumb3" name="mixamorig_RightHandThumb3" sid="mixamorig_RightHandThumb3" type="JOINT">
                            <matrix sid="matrix">0.589492 -0.441783 -0.676260 0.000000 -0.025590 0.826556 -0.562273 3.636400 0.807369 0.348761 0.475942 0.000000 0.000000 0.000000 0.000000 1.000000</matrix>
                            <node id="mixamorig_RightHandThumb4" name="mixamorig_RightHandThumb4" sid="mixamorig_RightHandThumb4" type="JOINT">
                              <matrix sid="matrix">1.000000 -0.000000 -0.000000 0.000000 0.000000 1.000000 0.000000 3.907300 0.000000 -0.000000 1.000000 0.000000 0.000000 0.000000 0.000000 1.000000</matrix>
                            </node>
                          </node>
                        </node>
                      </node>
                      <node id="mixamorig_RightHandIndex1" name="mixamorig_RightHandIndex1" sid="mixamorig_RightHandIndex1" type="JOINT">
                        <matrix sid="matrix">0.988738 0.082880 -0.124609 3.526400 -0.136020 0.150447 -0.979216 14.497500 -0.062410 0.985138 0.160026 1.249000 0.000000 0.000000 0.000000 1.000000</matrix>
                        <node id="mixamorig_RightHandIndex2" name="mixamorig_RightHandIndex2" sid="mixamorig_RightHandIndex2" type="JOINT">
                          <matrix sid="matrix">0.997069 0.029244 -0.070693 -0.000000 -0.076503 0.382220 -0.920899 4.509100 0.000089 0.923609 0.383337 -0.000000 0.000000 0.000000 0.000000 1.000000</matrix>
                          <node id="mixamorig_RightHandIndex3" name="mixamorig_RightHandIndex3" sid="mixamorig_RightHandIndex3" type="JOINT">
                            <matrix sid="matrix">0.999404 -0.034506 -0.000035 0.000000 0.012010 0.348805 -0.937118 2.907200 0.032349 0.936560 0.349011 0.000000 0.000000 0.000000 0.000000 1.000000</matrix>
                            <node id="mixamorig_RightHandIndex4" name="mixamorig_RightHandIndex4" sid="mixamorig_RightHandIndex4" type="JOINT">
                              <matrix sid="matrix">1.000000 -0.000000 0.000000 0.000000 -0.000000 1.000000 0.000000 2.981700 0.000000 0.000000 1.000000 0.000000 0.000000 0.000000 0.000000 1.000000</matrix>
                            </node>
                          </node>
                        </node>
                      </node>
                      <node id="mixamorig_RightHandMiddle1" name="mixamorig_RightHandMiddle1" sid="mixamorig_RightHandMiddle1" type="JOINT">
                        <matrix sid="matrix">0.994537 0.092939 0.047534 0.000000 0.042220 0.058332 -0.997404 15.099700 -0.095470 0.993962 0.054089 0.000000 0.000000 0.000000 0.000000 1.000000</matrix>
                        <node id="mixamorig_RightHandMiddle2" name="mixamorig_RightHandMiddle2" sid="mixamorig_RightHandMiddle2" type="JOINT">
                          <matrix sid="matrix">0.996348 0.020940 -0.082775 -0.000000 -0.085374 0.230842 -0.969239 3.620200 -0.001187 0.972766 0.231786 0.000000 0.000000 0.000000 0.000000 1.000000</matrix>
                          <node id="mixamorig_RightHandMiddle3" name="mixamorig_RightHandMiddle3" sid="mixamorig_RightHandMiddle3" type="JOINT">
                            <matrix sid="matrix">0.999609 -0.027931 -0.001530 -0.000000 0.009396 0.386793 -0.922119 2.832500 0.026347 0.921743 0.386904 -0.000000 0.000000 0.000000 0.000000 1.000000</matrix>
                            <node id="mixamorig_RightHandMiddle4" name="mixamorig_RightHandMiddle4" sid="mixamorig_RightHandMiddle4" type="JOINT">
                              <matrix sid="matrix">1.000000 0.000000 0.000000 0.000000 0.000000 1.000000 0.000000 4.715600 0.000000 0.000000 1.000000 -0.000000 0.000000 0.000000 0.000000 1.000000</matrix>
                            </node>
                          </node>
                        </node>
                      </node>
                      <node id="mixamorig_RightHandRing1" name="mixamorig_RightHandRing1" sid="mixamorig_RightHandRing1" type="JOINT">
                        <matrix sid="matrix">0.994618 0.078614 0.067494 -3.512100 0.068267 -0.007183 -0.997641 15.621700 -0.077944 0.996879 -0.012512 0.773000 0.000000 0.000000 0.000000 1.000000</matrix>
                        <node id="mixamorig_RightHandRing2" name="mixamorig_RightHandRing2" sid="mixamorig_RightHandRing2" type="JOINT">
                          <matrix sid="matrix">0.999747 0.022426 -0.001539 0.000000 -0.011786 0.464624 -0.885430 2.936000 -0.019141 0.885224 0.464771 -0.000000 0.000000 0.000000 0.000000 1.000000</matrix>
                          <node id="mixamorig_RightHandRing3" name="mixamorig_RightHandRing3" sid="mixamorig_RightHandRing3" type="JOINT">
                            <matrix sid="matrix">0.999784 -0.004479 0.020276 0.000000 0.020684 0.300567 -0.953536 3.435600 -0.001823 0.953750 0.300595 0.000000 0.000000 0.000000 0.000000 1.000000</matrix>
                            <node id="mixamorig_RightHandRing4" name="mixamorig_RightHandRing4" sid="mixamorig_RightHandRing4" type="JOINT">
                              <matrix sid="matrix">1.000000 0.000000 0.000000 -0.000000 -0.000000 1.000000 -0.000000 3.120600 -0.000000 -0.000000 1.000000 0.000000 0.000000 0.000000 0.000000 1.000000</matrix>
                            </node>
                          </node>
                        </node>
                      </node>
                      <node id="mixamorig_RightHandPinky1" name="mixamorig_RightHandPinky1" sid="mixamorig_RightHandPinky1" type="JOINT">
                        <matrix sid="matrix">0.977785 0.143232 0.153039 -6.433200 0.143732 0.073272 -0.986900 14.089700 -0.152569 0.986973 0.051057 1.001200 0.000000 0.000000 0.000000 1.000000</matrix>
                        <node id="mixamorig_RightHandPinky2" name="mixamorig_RightHandPinky2" sid="mixamorig_RightHandPinky2" type="JOINT">
                          <matrix sid="matrix">0.999999 0.001123 -0.000891 0.000000 -0.001165 0.273865 -0.961768 2.474700 -0.000836 0.961768 0.273866 0.000000 0.000000 0.000000 0.000000 1.000000</matrix>
                          <node id="mixamorig_RightHandPinky3" name="mixamorig_RightHandPinky3" sid="mixamorig_RightHandPinky3" type="JOINT">
                            <matrix sid="matrix">1.000000 0.000839 -0.000460 0.000000 -0.000900 0.661982 -0.749519 2.073800 -0.000324 0.749520 0.661982 0.000000 0.000000 0.000000 0.000000 1.000000</matrix>
                            <node id="mixamorig_RightHandPinky4" name="mixamorig_RightHandPinky4" sid="mixamorig_RightHandPinky4" type="JOINT">
                              <matrix sid="matrix">1.000000 0.000000 -0.000000 0.000000 0.000000 1.000000 0.000000 2.978900 0.000000 0.000000 1.000000 0.000000 0.000000 0.000000 0.000000 1.000000</matrix>
                            </node>
                          </node>
                        </node>
                      </node>
                    </node>
                  </node>
                </node>
              </node>
            </node>
          </node>
        </node>
        <node id="mixamorig_LeftUpLeg" name="mixamorig_LeftUpLeg" sid="mixamorig_LeftUpLeg" type="JOINT">
          <matrix sid="matrix">-0.771049 0.558240 0.306352 9.418100 -0.309021 -0.748684 0.586497 -4.875100 0.556767 0.357549 0.749780 1.897700 0.000000 0.000000 0.000000 1.000000</matrix>
          <node id="mixamorig_LeftLeg" name="mixamorig_LeftLeg" sid="mixamorig_LeftLeg" type="JOINT">
            <matrix sid="matrix">0.995356 -0.088789 -0.037199 0.000000 0.086711 0.659067 0.747069 48.478100 -0.041814 -0.746825 0.663705 0.000000 0.000000 0.000000 0.000000 1.000000</matrix>
            <node id="mixamorig_LeftFoot" name="mixamorig_LeftFoot" sid="mixamorig_LeftFoot" type="JOINT">
              <matrix sid="matrix">0.878552 0.209005 -0.429493 0.000000 -0.477634 0.391075 -0.786719 51.588001 0.003536 0.896313 0.443407 0.000000 0.000000 0.000000 0.000000 1.000000</matrix>
              <node id="mixamorig_LeftToeBase" name="mixamorig_LeftToeBase" sid="mixamorig_LeftToeBase" type="JOINT">
                <matrix sid="matrix">0.999603 0.012295 -0.025358 -0.000000 -0.026254 0.733301 -0.679397 21.400000 0.010242 0.679793 0.733332 0.000000 0.000000 0.000000 0.000000 1.000000</matrix>
                <node id="mixamorig_LeftToe_End" name="mixamorig_LeftToe_End" sid="mixamorig_LeftToe_End" type="JOINT">
                  <matrix sid="matrix">1.000000 0.000000 0.000000 0.000000 0.000000 1.000000 -0.000000 12.650800 0.000000 -0.000000 1.000000 0.000000 0.000000 0.000000 0.000000 1.000000</matrix>
                </node>
              </node>
            </node>
          </node>
        </node>
        <node id="mixamorig_RightUpLeg" name="mixamorig_RightUpLeg" sid="mixamorig_RightUpLeg" type="JOINT">
          <matrix sid="matrix">-0.666307 -0.625819 -0.405445 -9.418100 -0.031542 -0.519586 0.853836 -4.875100 -0.745010 0.581705 0.326464 1.897700 0.000000 0.000000 0.000000 1.000000</matrix>
          <node id="mixamorig_RightLeg" name="mixamorig_RightLeg" sid="mixamorig_RightLeg" type="JOINT">
            <matrix sid="matrix">0.967904 0.095726 -0.232376 0.000000 0.121029 0.632806 0.764793 48.478100 0.220259 -0.768371 0.600910 0.000000 0.000000 0.000000 0.000000 1.000000</matrix>
            <node id="mixamorig_RightFoot" name="mixamorig_RightFoot" sid="mixamorig_RightFoot" type="JOINT">
              <matrix sid="matrix">0.989110 -0.033526 0.143311 0.000000 0.130454 0.650536 -0.748187 51.588001 -0.068146 0.758735 0.647825 0.000000 0.000000 0.000000 0.000000 1.000000</matrix>
              <node id="mixamorig_RightToeBase" name="mixamorig_RightToeBase" sid="mixamorig_RightToeBase" type="JOINT">
                <matrix sid="matrix">0.997689 -0.066135 -0.015591 -0.000000 0.035707 0.705528 -0.707782 21.400000 0.057809 0.705590 0.706259 0.000000 0.000000 0.000000 0.000000 1.000000</matrix>
                <node id="mixamorig_RightToe_End" name="mixamorig_RightToe_End" sid="mixamorig_RightToe_End" type="JOINT">
                  <matrix sid="matrix">1.000000 0.000000 0.000000 -0.000000 0.000000 1.000000 0.000000 12.651100 0.000000 0.000000 1.000000 0.000000 0.000000 0.000000 0.000000 1.000000</matrix>
                </node>
              </node>
            </node>
          </node>
        </node>
      </node>
    </visual_scene>
  </library_visual_scenes>
  <scene>
    <instance_visual_scene url="#RootNode"/>
  </scene>
</COLLADA>
