<?xml version="1.0" encoding="utf-8"?>
<COLLADA xmlns="http://www.collada.org/2005/11/COLLADASchema" version="1.4.1">
  <asset>
    <contributor>
      <author>Mixamo</author>
      <authoring_tool>COLLADA Mixamo exporter</authoring_tool>
      <comments/>
    </contributor>
    <created>2025-11-06T08:43:15Z</created>
    <modified>2025-11-06T08:43:15Z</modified>
    <revision/>
    <title/>
    <unit meter="0.010000"/>
    <up_axis>Y_UP</up_axis>
  </asset>
  <library_animations>
    <animation id="mixamorig_Hips-anim" name="mixamorig_Hips">
      <source id="mixamorig_Hips-Matrix-animation-input">
        <float_array id="mixamorig_Hips-Matrix-animation-input-array" count="32">

0.000000 0.033333 0.066667 0.100000 0.133333 0.166667 0.200000 0.233333 0.266667 0.300000 0.333333 0.366667 0.400000 0.433333 0.466667 0.500000
0.533333 0.566667 0.600000 0.633333 0.666667 0.700000 0.733333 0.766667 0.800000 0.833333 0.866667 0.900000 0.933333 0.966667 1.000000 1.033333</float_array>
        <technique_common>
          <accessor source="#mixamorig_Hips-Matrix-animation-input-array" count="32">
            <param name="TIME" type="float"/>
          </accessor>
        </technique_common>
      </source>
      <source id="mixamorig_Hips-Matrix-animation-output-transform">
        <float_array id="mixamorig_Hips-Matrix-animation-output-transform-array" count="512">

0.997010 0.059314 0.049529 -0.294793 -0.058493 0.998128 -0.017864 114.125046 -0.050496 0.014914 0.998613 -1.924282 0.000000 0.000000 0.000000 1.000000
0.998147 0.055834 0.024197 -0.388267 -0.055411 0.998305 -0.017816 115.050873 -0.025151 0.016443 0.999548 -2.080986 0.000000 0.000000 0.000000 1.000000
0.998553 0.053687 0.003145 -0.464570 -0.053632 0.998439 -0.015564 115.393623 -0.003976 0.015373 0.999874 -2.412607 0.000000 0.000000 0.000000 1.000000
0.998672 0.050216 -0.011527 -0.481708 -0.050353 0.998660 -0.011968 115.230865 0.010910 0.012533 0.999862 -2.598541 0.000000 0.000000 0.000000 1.000000
0.998791 0.043933 -0.022064 -0.494599 -0.044163 0.998974 -0.010076 114.676453 0.021599 0.011038 0.999706 -3.087062 0.000000 0.000000 0.000000 1.000000
0.998758 0.037217 -0.033121 -0.420624 -0.037611 0.999228 -0.011345 113.825577 0.032674 0.012577 0.999387 -3.684589 0.000000 0.000000 0.000000 1.000000
0.998311 0.034364 -0.046834 -0.212973 -0.035026 0.999297 -0.013385 112.723755 0.046341 0.015003 0.998813 -4.009441 0.000000 0.000000 0.000000 1.000000
0.997599 0.033667 -0.060522 0.143234 -0.034520 0.999318 -0.013104 111.272575 0.060039 0.015162 0.998081 -3.683655 0.000000 0.000000 0.000000 1.000000
0.997033 0.030595 -0.070629 0.770330 -0.031530 0.999429 -0.012166 109.593117 0.070216 0.014357 0.997428 -2.613466 0.000000 0.000000 0.000000 1.000000
0.996847 0.023540 -0.075778 1.389948 -0.024805 0.999568 -0.015788 108.529129 0.075374 0.017618 0.997000 -1.345699 0.000000 0.000000 0.000000 1.000000
0.997138 0.012974 -0.074484 2.039761 -0.014789 0.999606 -0.023860 108.059731 0.074145 0.024894 0.996937 -0.488904 0.000000 0.000000 0.000000 1.000000
0.997730 0.003997 -0.067228 2.618350 -0.005950 0.999565 -0.028877 107.957954 0.067083 0.029211 0.997320 -0.225962 0.000000 0.000000 0.000000 1.000000
0.998265 -0.004528 -0.058712 3.189600 0.002990 0.999650 -0.026268 108.897102 0.058811 0.026047 0.997929 -0.414232 0.000000 0.000000 0.000000 1.000000
0.998665 -0.007306 -0.051132 3.650249 0.006306 0.999786 -0.019707 110.660912 0.051265 0.019359 0.998497 -0.722740 0.000000 0.000000 0.000000 1.000000
0.999243 -0.004387 -0.038642 3.906667 0.003811 0.999881 -0.014955 112.517868 0.038703 0.014797 0.999141 -1.124653 0.000000 0.000000 0.000000 1.000000
0.999900 0.001859 -0.014015 4.080844 -0.002071 0.999883 -0.015159 114.340500 0.013985 0.015187 0.999787 -1.246805 0.000000 0.000000 0.000000 1.000000
0.999783 0.004834 0.020282 4.163559 -0.004423 0.999785 -0.020278 115.583427 -0.020376 0.020184 0.999589 -1.740761 0.000000 0.000000 0.000000 1.000000
0.998574 0.000662 0.053385 4.185216 0.000780 0.999635 -0.026997 116.080391 -0.053383 0.027000 0.998209 -2.373469 0.000000 0.000000 0.000000 1.000000
0.997041 -0.007799 0.076477 4.203550 0.010228 0.999454 -0.031416 115.860107 -0.076190 0.032105 0.996576 -2.794935 0.000000 0.000000 0.000000 1.000000
0.995860 -0.014599 0.089726 4.264601 0.017580 0.999316 -0.032527 114.993027 -0.089190 0.033969 0.995435 -3.218152 0.000000 0.000000 0.000000 1.000000
0.994907 -0.016986 0.099351 4.274177 0.020272 0.999277 -0.032163 113.817543 -0.098733 0.034014 0.994533 -3.699947 0.000000 0.000000 0.000000 1.000000
0.993621 -0.017293 0.111436 4.204139 0.021033 0.999251 -0.032475 112.215775 -0.110791 0.034612 0.993241 -4.015500 0.000000 0.000000 0.000000 1.000000
0.991678 -0.018272 0.127443 3.963080 0.022824 0.999149 -0.034345 110.493713 -0.126707 0.036968 0.991251 -4.105246 0.000000 0.000000 0.000000 1.000000
0.989586 -0.017648 0.142856 3.404908 0.023322 0.999000 -0.038143 108.984848 -0.142040 0.041077 0.989008 -3.431388 0.000000 0.000000 0.000000 1.000000
0.988784 -0.008171 0.149129 2.735039 0.015002 0.998886 -0.044739 108.150726 -0.148597 0.046474 0.987805 -2.433779 0.000000 0.000000 0.000000 1.000000
0.989239 0.016846 0.145336 2.027642 -0.009186 0.998541 -0.053218 107.510239 -0.146021 0.051310 0.987950 -2.314506 0.000000 0.000000 0.000000 1.000000
0.990014 0.040623 0.134990 1.392102 -0.032960 0.997742 -0.058524 107.944130 -0.137063 0.053490 0.989117 -2.242122 0.000000 0.000000 0.000000 1.000000
0.990083 0.060427 0.126826 0.643760 -0.053772 0.997023 -0.055256 108.739799 -0.129787 0.047888 0.990385 -2.435220 0.000000 0.000000 0.000000 1.000000
0.990278 0.070729 0.119780 0.199167 -0.065876 0.996857 -0.044004 110.056618 -0.122516 0.035686 0.991825 -2.582915 0.000000 0.000000 0.000000 1.000000
0.991845 0.070559 0.106138 -0.059574 -0.067627 0.997230 -0.030978 111.577606 -0.108030 0.023548 0.993869 -2.296046 0.000000 0.000000 0.000000 1.000000
0.994541 0.064553 0.081983 -0.212133 -0.062968 0.997778 -0.021779 113.000473 -0.083207 0.016498 0.996396 -1.923644 0.000000 0.000000 0.000000 1.000000
0.997010 0.059314 0.049529 -0.294791 -0.058493 0.998128 -0.017864 114.125038 -0.050496 0.014914 0.998613 -1.924281 0.000000 0.000000 0.000000 1.000000</float_array>
        <technique_common>
          <accessor source="#mixamorig_Hips-Matrix-animation-output-transform-array" count="32" stride="16">
            <param type="float4x4"/>
          </accessor>
        </technique_common>
      </source>
      <source id="mixamorig_Hips-Interpolations">
        <Name_array id="mixamorig_Hips-Interpolations-array" count="32">
 LINEAR LINEAR LINEAR LINEAR LINEAR LINEAR LINEAR LINEAR LINEAR LINEAR LINEAR
LINEAR LINEAR LINEAR LINEAR LINEAR LINEAR LINEAR LINEAR LINEAR LINEAR LINEAR LINEAR
LINEAR LINEAR LINEAR LINEAR LINEAR LINEAR LINEAR LINEAR LINEAR</Name_array>
        <technique_common>
          <accessor source="#mixamorig_Hips-Interpolations-array" count="32">
            <param type="name"/>
          </accessor>
        </technique_common>
      </source>
      <sampler id="mixamorig_Hips-Matrix-animation-transform">
        <input semantic="INPUT" source="#mixamorig_Hips-Matrix-animation-input"/>
        <input semantic="OUTPUT" source="#mixamorig_Hips-Matrix-animation-output-transform"/>
        <input semantic="INTERPOLATION" source="#mixamorig_Hips-Interpolations"/>
      </sampler>
      <channel source="#mixamorig_Hips-Matrix-animation-transform" target="mixamorig_Hips/matrix"/>
    </animation>
    <animation id="mixamorig_Spine-anim" name="mixamorig_Spine">
      <source id="mixamorig_Spine-Matrix-animation-input">
        <float_array id="mixamorig_Spine-Matrix-animation-input-array" count="32">

0.000000 0.033333 0.066667 0.100000 0.133333 0.166667 0.200000 0.233333 0.266667 0.300000 0.333333 0.366667 0.400000 0.433333 0.466667 0.500000
0.533333 0.566667 0.600000 0.633333 0.666667 0.700000 0.733333 0.766667 0.800000 0.833333 0.866667 0.900000 0.933333 0.966667 1.000000 1.033333</float_array>
        <technique_common>
          <accessor source="#mixamorig_Spine-Matrix-animation-input-array" count="32">
            <param name="TIME" type="float"/>
          </accessor>
        </technique_common>
      </source>
      <source id="mixamorig_Spine-Matrix-animation-output-transform">
        <float_array id="mixamorig_Spine-Matrix-animation-output-transform-array" count="512">

0.999269 -0.038048 0.003789 0.000000 0.038060 0.999270 -0.003211 13.214800 -0.003664 0.003352 0.999988 0.000000 0.000000 0.000000 0.000000 1.000000
0.999438 -0.031469 0.011507 0.000000 0.031510 0.999498 -0.003373 13.214800 -0.011395 0.003734 0.999928 0.000000 0.000000 0.000000 0.000000 1.000000
0.999559 -0.023747 0.017841 0.000000 0.023844 0.999702 -0.005248 13.214800 -0.017711 0.005671 0.999827 0.000000 0.000000 0.000000 0.000000 1.000000
0.999619 -0.016341 0.022257 0.000000 0.016484 0.999845 -0.006254 13.214800 -0.022151 0.006618 0.999733 0.000000 0.000000 0.000000 0.000000 1.000000
0.999638 -0.008577 0.025499 0.000000 0.008776 0.999932 -0.007699 13.214800 -0.025431 0.007920 0.999645 0.000000 0.000000 0.000000 0.000000 1.000000
0.999588 -0.001498 0.028672 0.000000 0.001730 0.999966 -0.008089 13.214800 -0.028658 0.008135 0.999556 0.000000 0.000000 0.000000 0.000000 1.000000
0.999459 0.002582 0.032781 0.000000 -0.002323 0.999966 -0.007957 13.214800 -0.032800 0.007877 0.999431 0.000000 0.000000 0.000000 0.000000 1.000000
0.999297 0.004922 0.037158 -0.000000 -0.004644 0.999961 -0.007566 13.214800 -0.037194 0.007389 0.999281 0.000000 0.000000 0.000000 0.000000 1.000000
0.999153 0.007550 0.040455 0.000000 -0.007293 0.999952 -0.006518 13.214800 -0.040502 0.006217 0.999160 0.000000 0.000000 0.000000 0.000000 1.000000
0.999063 0.009943 0.042127 0.000000 -0.009837 0.999948 -0.002732 13.214800 -0.042152 0.002315 0.999109 0.000000 0.000000 0.000000 0.000000 1.000000
0.999057 0.013421 0.041290 0.000000 -0.013535 0.999905 0.002478 13.214800 -0.041253 -0.003035 0.999144 0.000000 0.000000 0.000000 0.000000 1.000000
0.999157 0.015700 0.037931 0.000000 -0.015883 0.999864 0.004517 13.214800 -0.037855 -0.005116 0.999270 -0.000000 0.000000 0.000000 0.000000 1.000000
0.999236 0.020342 0.033369 0.000000 -0.020446 0.999787 0.002769 13.214800 -0.033306 -0.003450 0.999439 0.000000 0.000000 0.000000 0.000000 1.000000
0.999293 0.024916 0.028172 0.000000 -0.024931 0.999689 0.000196 13.214800 -0.028159 -0.000898 0.999603 -0.000000 0.000000 0.000000 0.000000 1.000000
0.999397 0.027369 0.021386 0.000000 -0.027338 0.999625 -0.001702 13.214800 -0.021425 0.001116 0.999770 0.000000 0.000000 0.000000 0.000000 1.000000
0.999586 0.026117 0.012101 0.000000 -0.026093 0.999657 -0.002066 13.214800 -0.012151 0.001750 0.999925 0.000000 0.000000 0.000000 0.000000 1.000000
0.999729 0.023231 0.001541 0.000000 -0.023227 0.999727 -0.002617 13.214800 -0.001602 0.002580 0.999995 -0.000000 0.000000 0.000000 0.000000 1.000000
0.999765 0.020300 -0.007606 -0.000000 -0.020325 0.999788 -0.003186 13.214800 0.007540 0.003340 0.999966 0.000000 0.000000 0.000000 0.000000 1.000000
0.999759 0.017263 -0.013566 0.000000 -0.017316 0.999843 -0.003761 13.214800 0.013499 0.003996 0.999901 0.000000 0.000000 0.000000 0.000000 1.000000
0.999786 0.011825 -0.016961 0.000000 -0.011918 0.999914 -0.005420 13.214800 0.016895 0.005621 0.999841 -0.000000 0.000000 0.000000 0.000000 1.000000
0.999801 0.005046 -0.019291 -0.000000 -0.005185 0.999961 -0.007127 13.214800 0.019255 0.007226 0.999788 0.000000 0.000000 0.000000 0.000000 1.000000
0.999754 -0.001728 -0.022121 0.000000 0.001548 0.999966 -0.008120 13.214800 0.022135 0.008083 0.999722 -0.000000 0.000000 0.000000 0.000000 1.000000
0.999637 -0.005371 -0.026390 0.000000 0.005153 0.999952 -0.008329 13.214800 0.026433 0.008190 0.999617 0.000000 0.000000 0.000000 0.000000 1.000000
0.999507 -0.005096 -0.030981 0.000000 0.004906 0.999969 -0.006223 13.214800 0.031012 0.006068 0.999501 0.000000 0.000000 0.000000 0.000000 1.000000
0.999450 -0.006660 -0.032484 0.000000 0.006614 0.999977 -0.001531 13.214800 0.032493 0.001316 0.999471 -0.000000 0.000000 0.000000 0.000000 1.000000
0.999327 -0.017363 -0.032325 -0.000000 0.017470 0.999843 0.003051 13.214800 0.032267 -0.003614 0.999473 0.000000 0.000000 0.000000 0.000000 1.000000
0.999224 -0.026205 -0.029401 0.000000 0.026372 0.999638 0.005312 13.214800 0.029251 -0.006083 0.999554 0.000000 0.000000 0.000000 0.000000 1.000000
0.999054 -0.034772 -0.026101 0.000000 0.034888 0.999383 0.004021 13.214800 0.025945 -0.004927 0.999651 0.000000 0.000000 0.000000 0.000000 1.000000
0.998878 -0.041948 -0.021996 -0.000000 0.041978 0.999118 0.000884 13.214800 0.021940 -0.001807 0.999758 0.000000 0.000000 0.000000 0.000000 1.000000
0.998912 -0.043988 -0.015512 0.000000 0.043969 0.999032 -0.001558 13.214800 0.015566 0.000874 0.999878 0.000000 0.000000 0.000000 0.000000 1.000000
0.999123 -0.041353 -0.006529 0.000000 0.041339 0.999142 -0.002326 13.214800 0.006620 0.002054 0.999976 0.000000 0.000000 0.000000 0.000000 1.000000
0.999269 -0.038048 0.003789 -0.000000 0.038060 0.999270 -0.003210 13.214800 -0.003664 0.003352 0.999988 0.000000 0.000000 0.000000 0.000000 1.000000</float_array>
        <technique_common>
          <accessor source="#mixamorig_Spine-Matrix-animation-output-transform-array" count="32" stride="16">
            <param type="float4x4"/>
          </accessor>
        </technique_common>
      </source>
      <source id="mixamorig_Spine-Interpolations">
        <Name_array id="mixamorig_Spine-Interpolations-array" count="32">
 LINEAR LINEAR LINEAR LINEAR LINEAR LINEAR LINEAR LINEAR LINEAR LINEAR LINEAR
LINEAR LINEAR LINEAR LINEAR LINEAR LINEAR LINEAR LINEAR LINEAR LINEAR LINEAR LINEAR
LINEAR LINEAR LINEAR LINEAR LINEAR LINEAR LINEAR LINEAR LINEAR</Name_array>
        <technique_common>
          <accessor source="#mixamorig_Spine-Interpolations-array" count="32">
            <param type="name"/>
          </accessor>
        </technique_common>
      </source>
      <sampler id="mixamorig_Spine-Matrix-animation-transform">
        <input semantic="INPUT" source="#mixamorig_Spine-Matrix-animation-input"/>
        <input semantic="OUTPUT" source="#mixamorig_Spine-Matrix-animation-output-transform"/>
        <input semantic="INTERPOLATION" source="#mixamorig_Spine-Interpolations"/>
      </sampler>
      <channel source="#mixamorig_Spine-Matrix-animation-transform" target="mixamorig_Spine/matrix"/>
    </animation>
    <animation id="mixamorig_Spine1-anim" name="mixamorig_Spine1">
      <source id="mixamorig_Spine1-Matrix-animation-input">
        <float_array id="mixamorig_Spine1-Matrix-animation-input-array" count="32">

0.000000 0.033333 0.066667 0.100000 0.133333 0.166667 0.200000 0.233333 0.266667 0.300000 0.333333 0.366667 0.400000 0.433333 0.466667 0.500000
0.533333 0.566667 0.600000 0.633333 0.666667 0.700000 0.733333 0.766667 0.800000 0.833333 0.866667 0.900000 0.933333 0.966667 1.000000 1.033333</float_array>
        <technique_common>
          <accessor source="#mixamorig_Spine1-Matrix-animation-input-array" count="32">
            <param name="TIME" type="float"/>
          </accessor>
        </technique_common>
      </source>
      <source id="mixamorig_Spine1-Matrix-animation-output-transform">
        <float_array id="mixamorig_Spine1-Matrix-animation-output-transform-array" count="512">

0.999893 -0.008306 0.012032 0.000000 0.008388 0.999942 -0.006728 9.224200 -0.011975 0.006828 0.999905 0.000000 0.000000 0.000000 0.000000 1.000000
0.999725 -0.002244 0.023324 -0.000000 0.002418 0.999969 -0.007435 9.224200 -0.023306 0.007489 0.999700 0.000000 0.000000 0.000000 0.000000 1.000000
0.999451 0.001128 0.033100 -0.000000 -0.000753 0.999935 -0.011334 9.224200 -0.033110 0.011302 0.999388 0.000000 0.000000 0.000000 0.000000 1.000000
0.999168 0.002778 0.040686 0.000000 -0.002239 0.999909 -0.013276 9.224200 -0.040719 0.013173 0.999084 -0.000000 0.000000 0.000000 0.000000 1.000000
0.998866 0.005651 0.047277 0.000000 -0.004899 0.999860 -0.016001 9.224200 -0.047361 0.015751 0.998754 0.000000 0.000000 0.000000 0.000000 1.000000
0.998454 0.009676 0.054738 -0.000000 -0.008777 0.999823 -0.016632 9.224200 -0.054889 0.016125 0.998362 -0.000000 0.000000 0.000000 0.000000 1.000000
0.997878 0.014067 0.063580 -0.000000 -0.013050 0.999781 -0.016383 9.224200 -0.063796 0.015519 0.997842 0.000000 0.000000 0.000000 0.000000 1.000000
0.997226 0.017746 0.072286 0.000000 -0.016653 0.999738 -0.015694 9.224200 -0.072546 0.014446 0.997260 0.000000 0.000000 0.000000 0.000000 1.000000
0.996676 0.020898 0.078740 0.000000 -0.019885 0.999709 -0.013627 9.224200 -0.079002 0.012016 0.996802 0.000000 0.000000 0.000000 0.000000 1.000000
0.996392 0.024545 0.081247 0.000000 -0.024127 0.999690 -0.006120 9.224200 -0.081372 0.004138 0.996675 -0.000000 0.000000 0.000000 0.000000 1.000000
0.996438 0.030549 0.078600 0.000000 -0.030976 0.999511 0.004217 9.224200 -0.078433 -0.006636 0.996897 0.000000 0.000000 0.000000 0.000000 1.000000
0.996901 0.034643 0.070622 0.000000 -0.035317 0.999342 0.008308 9.224200 -0.070288 -0.010776 0.997469 0.000000 0.000000 0.000000 0.000000 1.000000
0.997694 0.032637 0.059514 -0.000000 -0.033011 0.999441 0.005322 9.224200 -0.059307 -0.007274 0.998213 0.000000 0.000000 0.000000 0.000000 1.000000
0.998467 0.028290 0.047567 0.000000 -0.028352 0.999598 0.000636 9.224200 -0.047530 -0.001984 0.998868 0.000000 0.000000 0.000000 0.000000 1.000000
0.999197 0.020965 0.034147 0.000000 -0.020878 0.999778 -0.002911 9.224200 -0.034201 0.002196 0.999413 0.000000 0.000000 0.000000 0.000000 1.000000
0.999760 0.012696 0.017878 0.000000 -0.012631 0.999913 -0.003759 9.224200 -0.017924 0.003532 0.999833 0.000000 0.000000 0.000000 0.000000 1.000000
0.999970 0.007749 0.000187 0.000000 -0.007748 0.999956 -0.005197 9.224200 -0.000228 0.005195 0.999986 0.000000 0.000000 0.000000 0.000000 1.000000
0.999865 0.006913 -0.014929 0.000000 -0.007012 0.999954 -0.006603 9.224200 0.014883 0.006707 0.999867 0.000000 0.000000 0.000000 0.000000 1.000000
0.999655 0.008179 -0.024972 0.000000 -0.008377 0.999934 -0.007821 9.224200 0.024906 0.008027 0.999658 -0.000000 0.000000 0.000000 0.000000 1.000000
0.999492 0.006807 -0.031136 0.000000 -0.007154 0.999913 -0.011066 9.224200 0.031058 0.011283 0.999454 0.000000 0.000000 0.000000 0.000000 1.000000
0.999315 0.004991 -0.036679 0.000000 -0.005519 0.999882 -0.014308 9.224200 0.036604 0.014501 0.999225 0.000000 0.000000 0.000000 0.000000 1.000000
0.999037 0.001706 -0.043848 0.000000 -0.002414 0.999867 -0.016107 9.224200 0.043815 0.016197 0.998908 0.000000 0.000000 0.000000 0.000000 1.000000
0.998634 -0.002558 -0.052194 0.000000 0.001700 0.999863 -0.016474 9.224200 0.052229 0.016363 0.998501 0.000000 0.000000 0.000000 0.000000 1.000000
0.998239 -0.006169 -0.058995 -0.000000 0.005445 0.999908 -0.012418 9.224200 0.059066 0.012074 0.998181 0.000000 0.000000 0.000000 0.000000 1.000000
0.998083 -0.010691 -0.060953 0.000000 0.010518 0.999940 -0.003159 9.224200 0.060983 0.002512 0.998136 0.000000 0.000000 0.000000 0.000000 1.000000
0.998267 -0.016001 -0.056627 0.000000 0.016390 0.999845 0.006416 9.224200 0.056516 -0.007333 0.998375 -0.000000 0.000000 0.000000 0.000000 1.000000
0.998548 -0.023893 -0.048282 -0.000000 0.024455 0.999640 0.011072 9.224200 0.048000 -0.012237 0.998772 0.000000 0.000000 0.000000 0.000000 1.000000
0.998849 -0.027758 -0.039112 0.000000 0.028119 0.999567 0.008708 9.224200 0.038854 -0.009797 0.999197 0.000000 0.000000 0.000000 0.000000 1.000000
0.999175 -0.027690 -0.029705 0.000000 0.027780 0.999611 0.002593 9.224200 0.029622 -0.003416 0.999555 0.000000 0.000000 0.000000 0.000000 1.000000
0.999571 -0.022877 -0.018288 0.000000 0.022836 0.999736 -0.002419 9.224200 0.018339 0.002001 0.999830 0.000000 0.000000 0.000000 0.000000 1.000000
0.999871 -0.015520 -0.004020 -0.000000 0.015502 0.999870 -0.004382 9.224200 0.004087 0.004319 0.999982 0.000000 0.000000 0.000000 0.000000 1.000000
0.999893 -0.008306 0.012032 0.000000 0.008388 0.999942 -0.006728 9.224200 -0.011975 0.006828 0.999905 0.000000 0.000000 0.000000 0.000000 1.000000</float_array>
        <technique_common>
          <accessor source="#mixamorig_Spine1-Matrix-animation-output-transform-array" count="32" stride="16">
            <param type="float4x4"/>
          </accessor>
        </technique_common>
      </source>
      <source id="mixamorig_Spine1-Interpolations">
        <Name_array id="mixamorig_Spine1-Interpolations-array" count="32">
 LINEAR LINEAR LINEAR LINEAR LINEAR LINEAR LINEAR LINEAR LINEAR LINEAR LINEAR
LINEAR LINEAR LINEAR LINEAR LINEAR LINEAR LINEAR LINEAR LINEAR LINEAR LINEAR LINEAR
LINEAR LINEAR LINEAR LINEAR LINEAR LINEAR LINEAR LINEAR LINEAR</Name_array>
        <technique_common>
          <accessor source="#mixamorig_Spine1-Interpolations-array" count="32">
            <param type="name"/>
          </accessor>
        </technique_common>
      </source>
      <sampler id="mixamorig_Spine1-Matrix-animation-transform">
        <input semantic="INPUT" source="#mixamorig_Spine1-Matrix-animation-input"/>
        <input semantic="OUTPUT" source="#mixamorig_Spine1-Matrix-animation-output-transform"/>
        <input semantic="INTERPOLATION" source="#mixamorig_Spine1-Interpolations"/>
      </sampler>
      <channel source="#mixamorig_Spine1-Matrix-animation-transform" target="mixamorig_Spine1/matrix"/>
    </animation>
    <animation id="mixamorig_Spine2-anim" name="mixamorig_Spine2">
      <source id="mixamorig_Spine2-Matrix-animation-input">
        <float_array id="mixamorig_Spine2-Matrix-animation-input-array" count="32">

0.000000 0.033333 0.066667 0.100000 0.133333 0.166667 0.200000 0.233333 0.266667 0.300000 0.333333 0.366667 0.400000 0.433333 0.466667 0.500000
0.533333 0.566667 0.600000 0.633333 0.666667 0.700000 0.733333 0.766667 0.800000 0.833333 0.866667 0.900000 0.933333 0.966667 1.000000 1.033333</float_array>
        <technique_common>
          <accessor source="#mixamorig_Spine2-Matrix-animation-input-array" count="32">
            <param name="TIME" type="float"/>
          </accessor>
        </technique_common>
      </source>
      <source id="mixamorig_Spine2-Matrix-animation-output-transform">
        <float_array id="mixamorig_Spine2-Matrix-animation-output-transform-array" count="512">

0.999894 -0.008193 0.012019 0.000000 0.008274 0.999943 -0.006724 11.063000 -0.011963 0.006823 0.999905 0.000000 0.000000 0.000000 0.000000 1.000000
0.999726 -0.002130 0.023311 0.000000 0.002304 0.999970 -0.007426 11.063000 -0.023294 0.007478 0.999701 0.000000 0.000000 0.000000 0.000000 1.000000
0.999452 0.001241 0.033088 -0.000000 -0.000867 0.999936 -0.011321 11.063000 -0.033100 0.011287 0.999388 -0.000000 0.000000 0.000000 0.000000 1.000000
0.999168 0.002891 0.040675 0.000000 -0.002354 0.999909 -0.013260 11.063000 -0.040709 0.013154 0.999084 0.000000 0.000000 0.000000 0.000000 1.000000
0.998866 0.005764 0.047267 0.000000 -0.005014 0.999860 -0.015983 11.063000 -0.047353 0.015728 0.998754 -0.000000 0.000000 0.000000 0.000000 1.000000
0.998453 0.009789 0.054729 0.000000 -0.008892 0.999822 -0.016611 11.063000 -0.054881 0.016099 0.998363 0.000000 0.000000 0.000000 0.000000 1.000000
0.997877 0.014181 0.063570 0.000000 -0.013165 0.999779 -0.016359 11.063000 -0.063788 0.015488 0.997843 0.000000 0.000000 0.000000 0.000000 1.000000
0.997225 0.017859 0.072276 0.000000 -0.016769 0.999737 -0.015666 11.063000 -0.072537 0.014411 0.997262 0.000000 0.000000 0.000000 0.000000 1.000000
0.996675 0.021010 0.078729 0.000000 -0.020000 0.999708 -0.013597 11.063000 -0.078992 0.011977 0.996803 0.000000 0.000000 0.000000 0.000000 1.000000
0.996390 0.024657 0.081233 0.000000 -0.024242 0.999688 -0.006089 11.063000 -0.081358 0.004098 0.996677 0.000000 0.000000 0.000000 0.000000 1.000000
0.996436 0.030661 0.078583 0.000000 -0.031090 0.999508 0.004248 11.063000 -0.078414 -0.006676 0.996899 0.000000 0.000000 0.000000 0.000000 1.000000
0.996899 0.034755 0.070603 -0.000000 -0.035430 0.999337 0.008336 11.063000 -0.070267 -0.010812 0.997470 0.000000 0.000000 0.000000 0.000000 1.000000
0.997691 0.032749 0.059496 -0.000000 -0.033125 0.999437 0.005346 11.063000 -0.059287 -0.007304 0.998214 -0.000000 0.000000 0.000000 0.000000 1.000000
0.998465 0.028403 0.047552 -0.000000 -0.028466 0.999595 0.000655 11.063000 -0.047514 -0.002008 0.998869 0.000000 0.000000 0.000000 0.000000 1.000000
0.999195 0.021079 0.034133 -0.000000 -0.020992 0.999775 -0.002897 11.063000 -0.034186 0.002178 0.999413 -0.000000 0.000000 0.000000 0.000000 1.000000
0.999758 0.012810 0.017863 -0.000000 -0.012745 0.999912 -0.003752 11.063000 -0.017910 0.003523 0.999833 0.000000 0.000000 0.000000 0.000000 1.000000
0.999969 0.007863 0.000174 -0.000000 -0.007862 0.999956 -0.005196 11.063000 -0.000214 0.005195 0.999986 -0.000000 0.000000 0.000000 0.000000 1.000000
0.999864 0.007027 -0.014943 -0.000000 -0.007126 0.999953 -0.006608 11.063000 0.014896 0.006714 0.999867 -0.000000 0.000000 0.000000 0.000000 1.000000
0.999653 0.008293 -0.024984 0.000000 -0.008491 0.999933 -0.007830 11.063000 0.024918 0.008039 0.999657 -0.000000 0.000000 0.000000 0.000000 1.000000
0.999491 0.006920 -0.031147 -0.000000 -0.007268 0.999912 -0.011077 11.063000 0.031068 0.011298 0.999453 -0.000000 0.000000 0.000000 0.000000 1.000000
0.999314 0.005105 -0.036690 -0.000000 -0.005633 0.999882 -0.014322 11.063000 0.036612 0.014518 0.999224 0.000000 0.000000 0.000000 0.000000 1.000000
0.999036 0.001820 -0.043858 -0.000000 -0.002529 0.999867 -0.016123 11.063000 0.043822 0.016218 0.998908 0.000000 0.000000 0.000000 0.000000 1.000000
0.998633 -0.002444 -0.052203 0.000000 0.001585 0.999863 -0.016494 11.063000 0.052237 0.016388 0.998500 0.000000 0.000000 0.000000 0.000000 1.000000
0.998239 -0.006055 -0.059006 0.000000 0.005330 0.999908 -0.012439 11.063000 0.059076 0.012103 0.998180 0.000000 0.000000 0.000000 0.000000 1.000000
0.998084 -0.010579 -0.060968 0.000000 0.010404 0.999941 -0.003182 11.063000 0.060998 0.002541 0.998135 -0.000000 0.000000 0.000000 0.000000 1.000000
0.998268 -0.015888 -0.056645 0.000000 0.016276 0.999847 0.006395 11.063000 0.056535 -0.007305 0.998374 0.000000 0.000000 0.000000 0.000000 1.000000
0.998550 -0.023781 -0.048302 0.000000 0.024341 0.999643 0.011053 11.063000 0.048022 -0.012212 0.998772 0.000000 0.000000 0.000000 0.000000 1.000000
0.998852 -0.027646 -0.039131 -0.000000 0.028006 0.999570 0.008692 11.063000 0.038874 -0.009777 0.999196 0.000000 0.000000 0.000000 0.000000 1.000000
0.999178 -0.027577 -0.029722 0.000000 0.027666 0.999614 0.002580 11.063000 0.029639 -0.003400 0.999555 0.000000 0.000000 0.000000 0.000000 1.000000
0.999573 -0.022763 -0.018303 0.000000 0.022722 0.999739 -0.002427 11.063000 0.018353 0.002010 0.999830 0.000000 0.000000 0.000000 0.000000 1.000000
0.999873 -0.015406 -0.004034 0.000000 0.015389 0.999872 -0.004384 11.063000 0.004101 0.004322 0.999982 0.000000 0.000000 0.000000 0.000000 1.000000
0.999894 -0.008193 0.012019 0.000000 0.008274 0.999943 -0.006724 11.063000 -0.011963 0.006823 0.999905 0.000000 0.000000 0.000000 0.000000 1.000000</float_array>
        <technique_common>
          <accessor source="#mixamorig_Spine2-Matrix-animation-output-transform-array" count="32" stride="16">
            <param type="float4x4"/>
          </accessor>
        </technique_common>
      </source>
      <source id="mixamorig_Spine2-Interpolations">
        <Name_array id="mixamorig_Spine2-Interpolations-array" count="32">
 LINEAR LINEAR LINEAR LINEAR LINEAR LINEAR LINEAR LINEAR LINEAR LINEAR LINEAR
LINEAR LINEAR LINEAR LINEAR LINEAR LINEAR LINEAR LINEAR LINEAR LINEAR LINEAR LINEAR
LINEAR LINEAR LINEAR LINEAR LINEAR LINEAR LINEAR LINEAR LINEAR</Name_array>
        <technique_common>
          <accessor source="#mixamorig_Spine2-Interpolations-array" count="32">
            <param type="name"/>
          </accessor>
        </technique_common>
      </source>
      <sampler id="mixamorig_Spine2-Matrix-animation-transform">
        <input semantic="INPUT" source="#mixamorig_Spine2-Matrix-animation-input"/>
        <input semantic="OUTPUT" source="#mixamorig_Spine2-Matrix-animation-output-transform"/>
        <input semantic="INTERPOLATION" source="#mixamorig_Spine2-Interpolations"/>
      </sampler>
      <channel source="#mixamorig_Spine2-Matrix-animation-transform" target="mixamorig_Spine2/matrix"/>
    </animation>
    <animation id="mixamorig_Neck-anim" name="mixamorig_Neck">
      <source id="mixamorig_Neck-Matrix-animation-input">
        <float_array id="mixamorig_Neck-Matrix-animation-input-array" count="32">

0.000000 0.033333 0.066667 0.100000 0.133333 0.166667 0.200000 0.233333 0.266667 0.300000 0.333333 0.366667 0.400000 0.433333 0.466667 0.500000
0.533333 0.566667 0.600000 0.633333 0.666667 0.700000 0.733333 0.766667 0.800000 0.833333 0.866667 0.900000 0.933333 0.966667 1.000000 1.033333</float_array>
        <technique_common>
          <accessor source="#mixamorig_Neck-Matrix-animation-input-array" count="32">
            <param name="TIME" type="float"/>
          </accessor>
        </technique_common>
      </source>
      <source id="mixamorig_Neck-Matrix-animation-output-transform">
        <float_array id="mixamorig_Neck-Matrix-animation-output-transform-array" count="512">

0.999746 0.021083 -0.007958 -0.006000 -0.021083 0.999778 0.000075 23.723499 0.007958 0.000093 0.999968 -1.446200 0.000000 0.000000 0.000000 1.000000
0.999909 0.008095 -0.010777 -0.006000 -0.008196 0.999922 -0.009394 23.723499 0.010700 0.009482 0.999898 -1.446200 0.000000 0.000000 0.000000 1.000000
0.999848 -0.009064 -0.014863 -0.006000 0.008909 0.999906 -0.010458 23.723499 0.014956 0.010324 0.999835 -1.446200 0.000000 0.000000 0.000000 1.000000
0.999628 -0.021022 -0.017352 -0.006000 0.020548 0.999423 -0.027058 23.723499 0.017911 0.026692 0.999483 -1.446200 0.000000 0.000000 0.000000 1.000000
0.999162 -0.035487 -0.020381 -0.006000 0.034733 0.998740 -0.036233 23.723499 0.021641 0.035495 0.999136 -1.446200 0.000000 0.000000 0.000000 1.000000
0.998259 -0.053529 -0.024755 -0.006000 0.052377 0.997611 -0.045039 23.723499 0.027107 0.043664 0.998678 -1.446200 0.000000 0.000000 0.000000 1.000000
0.996879 -0.072846 -0.030426 -0.006000 0.071410 0.996392 -0.045870 23.723499 0.033657 0.043555 0.998484 -1.446200 0.000000 0.000000 0.000000 1.000000
0.995707 -0.085504 -0.035455 -0.006000 0.084353 0.995897 -0.032777 23.723499 0.038112 0.029645 0.998834 -1.446200 0.000000 0.000000 0.000000 1.000000
0.995584 -0.086101 -0.037401 -0.006000 0.085813 0.996268 -0.009246 23.723499 0.038058 0.005996 0.999258 -1.446200 0.000000 0.000000 0.000000 1.000000
0.996181 -0.079903 -0.035187 -0.006000 0.079600 0.996777 -0.009944 23.723499 0.035869 0.007105 0.999331 -1.446200 0.000000 0.000000 0.000000 1.000000
0.996334 -0.079391 -0.031871 -0.006000 0.078656 0.996620 -0.023687 23.723499 0.033644 0.021093 0.999211 -1.446200 0.000000 0.000000 0.000000 1.000000
0.997093 -0.071280 -0.026913 -0.006000 0.070757 0.997295 -0.019919 23.723499 0.028260 0.017957 0.999439 -1.446200 0.000000 0.000000 0.000000 1.000000
0.998647 -0.048600 -0.018487 -0.006000 0.048308 0.998706 -0.015924 23.723499 0.019237 0.015010 0.999702 -1.446200 0.000000 0.000000 0.000000 1.000000
0.999337 -0.034502 -0.011603 -0.006000 0.034222 0.999138 -0.023502 23.723499 0.012404 0.023089 0.999656 -1.446200 0.000000 0.000000 0.000000 1.000000
0.999735 -0.022408 -0.005258 -0.006000 0.022219 0.999187 -0.033641 23.723499 0.006008 0.033515 0.999420 -1.446200 0.000000 0.000000 0.000000 1.000000
0.999933 -0.011586 0.000595 -0.006000 0.011602 0.998588 -0.051836 23.723499 0.000006 0.051840 0.998655 -1.446200 0.000000 0.000000 0.000000 1.000000
0.999961 -0.007402 0.004883 -0.006000 0.007667 0.998368 -0.056599 23.723499 -0.004456 0.056635 0.998385 -1.446200 0.000000 0.000000 0.000000 1.000000
0.999949 -0.006031 0.008138 -0.006000 0.006476 0.998420 -0.055822 23.723499 -0.007788 0.055872 0.998408 -1.446200 0.000000 0.000000 0.000000 1.000000
0.999937 -0.003519 0.010673 -0.006000 0.004131 0.998313 -0.057913 23.723499 -0.010451 0.057953 0.998265 -1.446200 0.000000 0.000000 0.000000 1.000000
0.999837 0.011058 0.014284 -0.006000 -0.010273 0.998496 -0.053859 23.723499 -0.014858 0.053703 0.998446 -1.446200 0.000000 0.000000 0.000000 1.000000
0.999647 0.021206 0.016033 -0.006000 -0.020341 0.998423 -0.052315 23.723499 -0.017117 0.051970 0.998502 -1.446200 0.000000 0.000000 0.000000 1.000000
0.999268 0.033675 0.018132 -0.006000 -0.032847 0.998484 -0.044158 23.723499 -0.019592 0.043530 0.998860 -1.446200 0.000000 0.000000 0.000000 1.000000
0.998653 0.047332 0.021257 -0.006000 -0.046837 0.998633 -0.023220 23.723499 -0.022327 0.022193 0.999504 -1.446200 0.000000 0.000000 0.000000 1.000000
0.998376 0.052244 0.022726 -0.006000 -0.052175 0.998631 -0.003609 23.723499 -0.022883 0.002417 0.999735 -1.446200 0.000000 0.000000 0.000000 1.000000
0.998296 0.053920 0.022328 -0.006000 -0.053877 0.998544 -0.002539 23.723499 -0.022433 0.001331 0.999747 -1.446200 0.000000 0.000000 0.000000 1.000000
0.998775 0.045768 0.018820 -0.006000 -0.045788 0.998951 0.000644 23.723499 -0.018770 -0.001505 0.999823 -1.446200 0.000000 0.000000 0.000000 1.000000
0.998939 0.043302 0.015680 -0.006000 -0.043465 0.999003 0.010229 23.723499 -0.015221 -0.010899 0.999825 -1.446200 0.000000 0.000000 0.000000 1.000000
0.999538 0.028922 0.009387 -0.006000 -0.029169 0.999199 0.027379 23.723499 -0.008588 -0.027640 0.999581 -1.446200 0.000000 0.000000 0.000000 1.000000
0.999810 0.019127 0.003694 -0.006000 -0.019249 0.999153 0.036359 23.723499 -0.002995 -0.036424 0.999332 -1.446200 0.000000 0.000000 0.000000 1.000000
0.999933 0.011452 -0.001796 -0.006000 -0.011394 0.999499 0.029515 23.723499 0.002133 -0.029492 0.999563 -1.446200 0.000000 0.000000 0.000000 1.000000
0.999932 0.009976 -0.006056 -0.006000 -0.009906 0.999886 0.011424 23.723499 0.006169 -0.011363 0.999916 -1.446200 0.000000 0.000000 0.000000 1.000000
0.999746 0.021083 -0.007959 -0.006000 -0.021083 0.999778 0.000075 23.723499 0.007958 0.000092 0.999968 -1.446200 0.000000 0.000000 0.000000 1.000000</float_array>
        <technique_common>
          <accessor source="#mixamorig_Neck-Matrix-animation-output-transform-array" count="32" stride="16">
            <param type="float4x4"/>
          </accessor>
        </technique_common>
      </source>
      <source id="mixamorig_Neck-Interpolations">
        <Name_array id="mixamorig_Neck-Interpolations-array" count="32">
 LINEAR LINEAR LINEAR LINEAR LINEAR LINEAR LINEAR LINEAR LINEAR LINEAR LINEAR
LINEAR LINEAR LINEAR LINEAR LINEAR LINEAR LINEAR LINEAR LINEAR LINEAR LINEAR LINEAR
LINEAR LINEAR LINEAR LINEAR LINEAR LINEAR LINEAR LINEAR LINEAR</Name_array>
        <technique_common>
          <accessor source="#mixamorig_Neck-Interpolations-array" count="32">
            <param type="name"/>
          </accessor>
        </technique_common>
      </source>
      <sampler id="mixamorig_Neck-Matrix-animation-transform">
        <input semantic="INPUT" source="#mixamorig_Neck-Matrix-animation-input"/>
        <input semantic="OUTPUT" source="#mixamorig_Neck-Matrix-animation-output-transform"/>
        <input semantic="INTERPOLATION" source="#mixamorig_Neck-Interpolations"/>
      </sampler>
      <channel source="#mixamorig_Neck-Matrix-animation-transform" target="mixamorig_Neck/matrix"/>
    </animation>
    <animation id="mixamorig_Head-anim" name="mixamorig_Head">
      <source id="mixamorig_Head-Matrix-animation-input">
        <float_array id="mixamorig_Head-Matrix-animation-input-array" count="32">

0.000000 0.033333 0.066667 0.100000 0.133333 0.166667 0.200000 0.233333 0.266667 0.300000 0.333333 0.366667 0.400000 0.433333 0.466667 0.500000
0.533333 0.566667 0.600000 0.633333 0.666667 0.700000 0.733333 0.766667 0.800000 0.833333 0.866667 0.900000 0.933333 0.966667 1.000000 1.033333</float_array>
        <technique_common>
          <accessor source="#mixamorig_Head-Matrix-animation-input-array" count="32">
            <param name="TIME" type="float"/>
          </accessor>
        </technique_common>
      </source>
      <source id="mixamorig_Head-Matrix-animation-output-transform">
        <float_array id="mixamorig_Head-Matrix-animation-output-transform-array" count="512">

0.998050 -0.033250 -0.052817 0.000000 0.030730 0.998383 -0.047823 10.037100 0.054322 0.046107 0.997458 3.529500 0.000000 0.000000 0.000000 1.000000
0.998313 -0.027046 -0.051370 0.000000 0.024995 0.998880 -0.040165 10.037100 0.052399 0.038813 0.997872 3.529500 0.000000 0.000000 0.000000 1.000000
0.998764 -0.015367 -0.047267 0.000000 0.013615 0.999216 -0.037166 10.037100 0.047802 0.036477 0.998191 3.529500 0.000000 0.000000 0.000000 1.000000
0.999017 -0.007256 -0.043735 0.000000 0.006089 0.999624 -0.026748 10.037100 0.043913 0.026455 0.998685 3.529500 0.000000 0.000000 0.000000 1.000000
0.999175 0.000758 -0.040598 0.000000 -0.001576 0.999796 -0.020114 10.037100 0.040575 0.020162 0.998973 3.529500 0.000000 0.000000 0.000000 1.000000
0.999234 0.008478 -0.038206 0.000000 -0.008978 0.999876 -0.012931 10.037100 0.038092 0.013265 0.999186 3.529500 0.000000 0.000000 0.000000 1.000000
0.999212 0.013339 -0.037377 0.000000 -0.013677 0.999868 -0.008804 10.037100 0.037255 0.009308 0.999262 3.529500 0.000000 0.000000 0.000000 1.000000
0.999150 0.010153 -0.039958 0.000000 -0.010711 0.999848 -0.013780 10.037100 0.039812 0.014196 0.999106 3.529500 0.000000 0.000000 0.000000 1.000000
0.998933 -0.003274 -0.046072 0.000000 0.002056 0.999648 -0.026442 10.037100 0.046142 0.026319 0.998588 3.529500 0.000000 0.000000 0.000000 1.000000
0.998476 -0.021051 -0.051009 0.000000 0.019928 0.999550 -0.022423 10.037100 0.051459 0.021372 0.998446 3.529500 0.000000 0.000000 0.000000 1.000000
0.998235 -0.032220 -0.049890 -0.000000 0.031583 0.999410 -0.013522 10.037100 0.050296 0.011923 0.998663 3.529500 0.000000 0.000000 0.000000 1.000000
0.998225 -0.040334 -0.043820 0.000000 0.039453 0.999005 -0.020803 10.037100 0.044615 0.019037 0.998823 3.529500 0.000000 0.000000 0.000000 1.000000
0.998204 -0.048961 -0.034508 0.000000 0.047931 0.998398 -0.030082 10.037100 0.035926 0.028374 0.998952 3.529500 0.000000 0.000000 0.000000 1.000000
0.998543 -0.049893 -0.020539 0.000000 0.049164 0.998191 -0.034594 10.037100 0.022228 0.033534 0.999190 3.529500 0.000000 0.000000 0.000000 1.000000
0.998705 -0.050341 -0.007298 -0.000000 0.050026 0.998012 -0.038322 10.037100 0.009212 0.037907 0.999239 3.529500 0.000000 0.000000 0.000000 1.000000
0.998553 -0.053703 0.002758 -0.000000 0.053763 0.998061 -0.031377 10.037100 -0.001067 0.031480 0.999504 3.529500 0.000000 0.000000 0.000000 1.000000
0.998294 -0.057564 0.009730 -0.000000 0.057790 0.998021 -0.024769 10.037100 -0.008285 0.025289 0.999646 3.529500 0.000000 0.000000 0.000000 1.000000
0.997974 -0.062093 0.013902 -0.000000 0.062313 0.997929 -0.015970 10.037100 -0.012882 0.016804 0.999776 3.529500 0.000000 0.000000 0.000000 1.000000
0.997666 -0.066417 0.015871 0.000000 0.066487 0.997780 -0.003920 10.037100 -0.015576 0.004966 0.999866 3.529500 0.000000 0.000000 0.000000 1.000000
0.997179 -0.073652 0.014440 -0.000000 0.073612 0.997282 0.003239 10.037100 -0.014640 -0.002167 0.999890 3.529500 0.000000 0.000000 0.000000 1.000000
0.997132 -0.074326 0.014256 0.000000 0.074194 0.997197 0.009617 10.037100 -0.014931 -0.008532 0.999852 3.529500 0.000000 0.000000 0.000000 1.000000
0.997315 -0.071916 0.013805 0.000000 0.071821 0.997391 0.007226 10.037100 -0.014288 -0.006215 0.999879 3.529500 0.000000 0.000000 0.000000 1.000000
0.997661 -0.067196 0.012520 -0.000000 0.067266 0.997721 -0.005228 10.037100 -0.012140 0.006058 0.999908 3.529500 0.000000 0.000000 0.000000 1.000000
0.998297 -0.057129 0.011787 0.000000 0.057345 0.998177 -0.018831 10.037100 -0.010689 0.019475 0.999753 3.529500 0.000000 0.000000 0.000000 1.000000
0.998812 -0.047867 0.009104 -0.000000 0.048039 0.998652 -0.019676 10.037100 -0.008150 0.020090 0.999765 3.529500 0.000000 0.000000 0.000000 1.000000
0.999262 -0.038054 0.005220 0.000000 0.038161 0.999023 -0.022303 10.037100 -0.004366 0.022486 0.999738 3.529500 0.000000 0.000000 0.000000 1.000000
0.999308 -0.037080 -0.002826 -0.000000 0.036988 0.998930 -0.027761 10.037100 0.003853 0.027637 0.999611 3.529500 0.000000 0.000000 0.000000 1.000000
0.999355 -0.034233 -0.010818 0.000000 0.033781 0.998646 -0.039549 10.037100 0.012157 0.039158 0.999159 3.529500 0.000000 0.000000 0.000000 1.000000
0.999168 -0.035088 -0.020776 0.000000 0.034041 0.998230 -0.048762 10.037100 0.022450 0.048014 0.998594 3.529500 0.000000 0.000000 0.000000 1.000000
0.998901 -0.035036 -0.031144 0.000000 0.033407 0.998121 -0.051360 10.037100 0.032885 0.050264 0.998194 3.529500 0.000000 0.000000 0.000000 1.000000
0.998551 -0.034099 -0.041642 -0.000000 0.032041 0.998278 -0.049128 10.037100 0.043246 0.047722 0.997924 3.529500 0.000000 0.000000 0.000000 1.000000
0.998050 -0.033250 -0.052817 0.000000 0.030730 0.998383 -0.047824 10.037100 0.054322 0.046108 0.997458 3.529500 0.000000 0.000000 0.000000 1.000000</float_array>
        <technique_common>
          <accessor source="#mixamorig_Head-Matrix-animation-output-transform-array" count="32" stride="16">
            <param type="float4x4"/>
          </accessor>
        </technique_common>
      </source>
      <source id="mixamorig_Head-Interpolations">
        <Name_array id="mixamorig_Head-Interpolations-array" count="32">
 LINEAR LINEAR LINEAR LINEAR LINEAR LINEAR LINEAR LINEAR LINEAR LINEAR LINEAR
LINEAR LINEAR LINEAR LINEAR LINEAR LINEAR LINEAR LINEAR LINEAR LINEAR LINEAR LINEAR
LINEAR LINEAR LINEAR LINEAR LINEAR LINEAR LINEAR LINEAR LINEAR</Name_array>
        <technique_common>
          <accessor source="#mixamorig_Head-Interpolations-array" count="32">
            <param type="name"/>
          </accessor>
        </technique_common>
      </source>
      <sampler id="mixamorig_Head-Matrix-animation-transform">
        <input semantic="INPUT" source="#mixamorig_Head-Matrix-animation-input"/>
        <input semantic="OUTPUT" source="#mixamorig_Head-Matrix-animation-output-transform"/>
        <input semantic="INTERPOLATION" source="#mixamorig_Head-Interpolations"/>
      </sampler>
      <channel source="#mixamorig_Head-Matrix-animation-transform" target="mixamorig_Head/matrix"/>
    </animation>
    <animation id="mixamorig_LeftShoulder-anim" name="mixamorig_LeftShoulder">
      <source id="mixamorig_LeftShoulder-Matrix-animation-input">
        <float_array id="mixamorig_LeftShoulder-Matrix-animation-input-array" count="32">

0.000000 0.033333 0.066667 0.100000 0.133333 0.166667 0.200000 0.233333 0.266667 0.300000 0.333333 0.366667 0.400000 0.433333 0.466667 0.500000
0.533333 0.566667 0.600000 0.633333 0.666667 0.700000 0.733333 0.766667 0.800000 0.833333 0.866667 0.900000 0.933333 0.966667 1.000000 1.033333</float_array>
        <technique_common>
          <accessor source="#mixamorig_LeftShoulder-Matrix-animation-input-array" count="32">
            <param name="TIME" type="float"/>
          </accessor>
        </technique_common>
      </source>
      <source id="mixamorig_LeftShoulder-Matrix-animation-output-transform">
        <float_array id="mixamorig_LeftShoulder-Matrix-animation-output-transform-array" count="512">

0.240144 0.704716 -0.667613 11.304900 0.023964 -0.691832 -0.721661 19.886000 -0.970442 0.157304 -0.183027 -3.966000 0.000000 0.000000 0.000000 1.000000
0.219216 0.718013 -0.660608 11.304900 0.029059 -0.681581 -0.731166 19.886000 -0.975244 0.141086 -0.170278 -3.966000 0.000000 0.000000 0.000000 1.000000
0.210078 0.717872 -0.663722 11.304900 0.030673 -0.683377 -0.729421 19.886000 -0.977203 0.132877 -0.165582 -3.966000 0.000000 0.000000 0.000000 1.000000
0.194349 0.724308 -0.661518 11.304900 0.034048 -0.678952 -0.733393 19.886000 -0.980341 0.120011 -0.156615 -3.966000 0.000000 0.000000 0.000000 1.000000
0.187945 0.732827 -0.653943 11.304900 0.035866 -0.670485 -0.741056 19.886000 -0.981525 0.115823 -0.152298 -3.966000 0.000000 0.000000 0.000000 1.000000
0.192081 0.736068 -0.649083 11.304900 0.035445 -0.666170 -0.744957 19.886000 -0.980739 0.120086 -0.154049 -3.966000 0.000000 0.000000 0.000000 1.000000
0.187884 0.740783 -0.644934 11.304900 0.036578 -0.661450 -0.749097 19.886000 -0.981510 0.117153 -0.151371 -3.966000 0.000000 0.000000 0.000000 1.000000
0.181883 0.740226 -0.647289 11.304900 0.037593 -0.663022 -0.747655 19.886000 -0.982601 0.111652 -0.148420 -3.966000 0.000000 0.000000 0.000000 1.000000
0.187380 0.730296 -0.656930 11.304900 0.035892 -0.673419 -0.738389 19.886000 -0.981632 0.114780 -0.152397 -3.966000 0.000000 0.000000 0.000000 1.000000
0.204669 0.718817 -0.664389 11.304900 0.031803 -0.683282 -0.729462 19.886000 -0.978314 0.128168 -0.162707 -3.966000 0.000000 0.000000 0.000000 1.000000
0.200179 0.723440 -0.660729 11.304900 0.033074 -0.678984 -0.733407 19.886000 -0.979201 0.124960 -0.159845 -3.966000 0.000000 0.000000 0.000000 1.000000
0.211867 0.716940 -0.664161 11.304900 0.030339 -0.684086 -0.728770 19.886000 -0.976828 0.134252 -0.166686 -3.966000 0.000000 0.000000 0.000000 1.000000
0.252428 0.680834 -0.687565 11.304900 0.018387 -0.713823 -0.700084 19.886000 -0.967441 0.164079 -0.192708 -3.966000 0.000000 0.000000 0.000000 1.000000
0.264169 0.677170 -0.686772 11.304900 0.015552 -0.714965 -0.698987 19.886000 -0.964351 0.173969 -0.199403 -3.966000 0.000000 0.000000 0.000000 1.000000
0.257166 0.684623 -0.682024 11.304900 0.017920 -0.709018 -0.704963 19.886000 -0.966201 0.169070 -0.194604 -3.966000 0.000000 0.000000 0.000000 1.000000
0.254131 0.688572 -0.679180 11.304900 0.019024 -0.705657 -0.708298 19.886000 -0.966983 0.167080 -0.192429 -3.966000 0.000000 0.000000 0.000000 1.000000
0.259939 0.698480 -0.666751 11.304900 0.019368 -0.694119 -0.719599 19.886000 -0.965431 0.174138 -0.193957 -3.966000 0.000000 0.000000 0.000000 1.000000
0.267897 0.705237 -0.656408 11.304900 0.019014 -0.685049 -0.728248 19.886000 -0.963260 0.182615 -0.196932 -3.966000 0.000000 0.000000 0.000000 1.000000
0.262997 0.715884 -0.646794 11.304900 0.021514 -0.674579 -0.737889 19.886000 -0.964557 0.180147 -0.192814 -3.966000 0.000000 0.000000 0.000000 1.000000
0.272054 0.714364 -0.644726 11.304900 0.019828 -0.674016 -0.738451 19.886000 -0.962078 0.188114 -0.197533 -3.966000 0.000000 0.000000 0.000000 1.000000
0.270246 0.715004 -0.644777 11.304900 0.020242 -0.673767 -0.738667 19.886000 -0.962578 0.186570 -0.196556 -3.966000 0.000000 0.000000 0.000000 1.000000
0.268750 0.716462 -0.643782 11.304900 0.020743 -0.672522 -0.739787 19.886000 -0.962986 0.185464 -0.195602 -3.966000 0.000000 0.000000 0.000000 1.000000
0.280701 0.707694 -0.648364 11.304900 0.017343 -0.679153 -0.733792 19.886000 -0.959639 0.194731 -0.202912 -3.966000 0.000000 0.000000 0.000000 1.000000
0.284360 0.706587 -0.647977 11.304900 0.016567 -0.679400 -0.733581 19.886000 -0.958574 0.197866 -0.204900 -3.966000 0.000000 0.000000 0.000000 1.000000
0.294467 0.692093 -0.659011 11.304900 0.012246 -0.692263 -0.721542 19.886000 -0.955583 0.204400 -0.212324 -3.966000 0.000000 0.000000 0.000000 1.000000
0.293512 0.690888 -0.660700 11.304900 0.012170 -0.693786 -0.720079 19.886000 -0.955878 0.203311 -0.212043 -3.966000 0.000000 0.000000 0.000000 1.000000
0.281513 0.698307 -0.658117 11.304900 0.015559 -0.689086 -0.724512 19.886000 -0.959431 0.193720 -0.204851 -3.966000 0.000000 0.000000 0.000000 1.000000
0.273673 0.700813 -0.658760 11.304900 0.017341 -0.688392 -0.725132 19.886000 -0.961667 0.187025 -0.200547 -3.966000 0.000000 0.000000 0.000000 1.000000
0.273364 0.703059 -0.656491 11.304900 0.017801 -0.686067 -0.727321 19.886000 -0.961746 0.187137 -0.200061 -3.966000 0.000000 0.000000 0.000000 1.000000
0.270866 0.697836 -0.663066 11.304900 0.017315 -0.692237 -0.721463 19.886000 -0.962461 0.183938 -0.199586 -3.966000 0.000000 0.000000 0.000000 1.000000
0.254080 0.700891 -0.666480 11.304900 0.020816 -0.692897 -0.720736 19.886000 -0.966959 0.169251 -0.190640 -3.966000 0.000000 0.000000 0.000000 1.000000
0.240144 0.704716 -0.667613 11.304900 0.023964 -0.691832 -0.721661 19.886000 -0.970442 0.157304 -0.183026 -3.966000 0.000000 0.000000 0.000000 1.000000</float_array>
        <technique_common>
          <accessor source="#mixamorig_LeftShoulder-Matrix-animation-output-transform-array" count="32" stride="16">
            <param type="float4x4"/>
          </accessor>
        </technique_common>
      </source>
      <source id="mixamorig_LeftShoulder-Interpolations">
        <Name_array id="mixamorig_LeftShoulder-Interpolations-array" count="32">
 LINEAR LINEAR LINEAR LINEAR LINEAR LINEAR LINEAR LINEAR LINEAR LINEAR LINEAR
LINEAR LINEAR LINEAR LINEAR LINEAR LINEAR LINEAR LINEAR LINEAR LINEAR LINEAR LINEAR
LINEAR LINEAR LINEAR LINEAR LINEAR LINEAR LINEAR LINEAR LINEAR</Name_array>
        <technique_common>
          <accessor source="#mixamorig_LeftShoulder-Interpolations-array" count="32">
            <param type="name"/>
          </accessor>
        </technique_common>
      </source>
      <sampler id="mixamorig_LeftShoulder-Matrix-animation-transform">
        <input semantic="INPUT" source="#mixamorig_LeftShoulder-Matrix-animation-input"/>
        <input semantic="OUTPUT" source="#mixamorig_LeftShoulder-Matrix-animation-output-transform"/>
        <input semantic="INTERPOLATION" source="#mixamorig_LeftShoulder-Interpolations"/>
      </sampler>
      <channel source="#mixamorig_LeftShoulder-Matrix-animation-transform" target="mixamorig_LeftShoulder/matrix"/>
    </animation>
    <animation id="mixamorig_LeftArm-anim" name="mixamorig_LeftArm">
      <source id="mixamorig_LeftArm-Matrix-animation-input">
        <float_array id="mixamorig_LeftArm-Matrix-animation-input-array" count="32">

0.000000 0.033333 0.066667 0.100000 0.133333 0.166667 0.200000 0.233333 0.266667 0.300000 0.333333 0.366667 0.400000 0.433333 0.466667 0.500000
0.533333 0.566667 0.600000 0.633333 0.666667 0.700000 0.733333 0.766667 0.800000 0.833333 0.866667 0.900000 0.933333 0.966667 1.000000 1.033333</float_array>
        <technique_common>
          <accessor source="#mixamorig_LeftArm-Matrix-animation-input-array" count="32">
            <param name="TIME" type="float"/>
          </accessor>
        </technique_common>
      </source>
      <source id="mixamorig_LeftArm-Matrix-animation-output-transform">
        <float_array id="mixamorig_LeftArm-Matrix-animation-output-transform-array" count="512">

0.988928 -0.030386 -0.145254 0.000000 -0.031669 0.913051 -0.406615 12.686800 0.144980 0.406713 0.901979 0.000000 0.000000 0.000000 0.000000 1.000000
0.985103 0.041497 -0.166881 0.000000 -0.112345 0.890022 -0.441859 12.686800 0.130192 0.454025 0.881426 -0.000000 0.000000 0.000000 0.000000 1.000000
0.978199 0.124913 -0.165901 -0.000000 -0.187401 0.875192 -0.446004 12.686800 0.089484 0.467371 0.879521 -0.000000 0.000000 0.000000 0.000000 1.000000
0.969154 0.185616 -0.162133 -0.000000 -0.240959 0.851801 -0.465160 12.686800 0.051764 0.489879 0.870253 0.000000 0.000000 0.000000 0.000000 1.000000
0.957364 0.233795 -0.169690 0.000000 -0.287848 0.821735 -0.491828 12.686800 0.024453 0.519703 0.853997 0.000000 0.000000 0.000000 0.000000 1.000000
0.941330 0.281491 -0.186174 0.000000 -0.337468 0.791024 -0.510290 12.686800 0.003626 0.543180 0.839609 0.000000 0.000000 0.000000 0.000000 1.000000
0.927143 0.312668 -0.206504 0.000000 -0.374672 0.765991 -0.522378 12.686800 -0.005150 0.561690 0.827332 0.000000 0.000000 0.000000 0.000000 1.000000
0.907172 0.356466 -0.223541 -0.000000 -0.420440 0.747286 -0.514582 12.686800 -0.016382 0.560800 0.827789 0.000000 0.000000 0.000000 0.000000 1.000000
0.881334 0.410427 -0.234094 0.000000 -0.471522 0.732214 -0.491457 12.686800 -0.030300 0.543518 0.838850 -0.000000 0.000000 0.000000 0.000000 1.000000
0.863785 0.442145 -0.241624 0.000000 -0.502396 0.719254 -0.479867 12.686800 -0.038382 0.535893 0.843413 0.000000 0.000000 0.000000 0.000000 1.000000
0.865157 0.437100 -0.245857 0.000000 -0.500484 0.721341 -0.478730 12.686800 -0.031906 0.537225 0.842835 -0.000000 0.000000 0.000000 0.000000 1.000000
0.867143 0.428657 -0.253606 0.000000 -0.497871 0.732045 -0.465011 12.686800 -0.013679 0.529494 0.848203 0.000000 0.000000 0.000000 0.000000 1.000000
0.873134 0.414559 -0.256471 0.000000 -0.487299 0.756553 -0.436082 12.686800 0.013252 0.505736 0.862586 0.000000 0.000000 0.000000 0.000000 1.000000
0.908956 0.338966 -0.242694 0.000000 -0.415024 0.790779 -0.449915 12.686800 0.039412 0.509677 0.859463 0.000000 0.000000 0.000000 0.000000 1.000000
0.945716 0.250274 -0.207327 0.000000 -0.320797 0.821079 -0.472143 12.686800 0.052067 0.513023 0.856794 0.000000 0.000000 0.000000 0.000000 1.000000
0.968257 0.184642 -0.168480 0.000000 -0.244119 0.843361 -0.478694 12.686800 0.053702 0.504628 0.861665 0.000000 0.000000 0.000000 0.000000 1.000000
0.980447 0.142260 -0.135961 0.000000 -0.190424 0.860109 -0.473235 12.686800 0.049619 0.489872 0.870381 0.000000 0.000000 0.000000 0.000000 1.000000
0.986460 0.119759 -0.112048 0.000000 -0.157849 0.878702 -0.450518 12.686800 0.044503 0.462105 0.885708 0.000000 0.000000 0.000000 0.000000 1.000000
0.992797 0.079492 -0.089634 0.000000 -0.110533 0.896349 -0.429349 12.686800 0.046214 0.436164 0.898680 0.000000 0.000000 0.000000 0.000000 1.000000
0.995546 0.042845 -0.083975 0.000000 -0.073116 0.913208 -0.400881 12.686800 0.059510 0.405235 0.912273 0.000000 0.000000 0.000000 0.000000 1.000000
0.996951 -0.012818 -0.076970 0.000000 -0.017084 0.926625 -0.375598 12.686800 0.076136 0.375768 0.923581 0.000000 0.000000 0.000000 0.000000 1.000000
0.994655 -0.065095 -0.080155 0.000000 0.032215 0.933142 -0.358061 12.686800 0.098104 0.353565 0.930251 -0.000000 0.000000 0.000000 0.000000 1.000000
0.990796 -0.092324 -0.098993 0.000000 0.054366 0.941142 -0.333609 12.686800 0.123967 0.325157 0.937499 0.000000 0.000000 0.000000 0.000000 1.000000
0.987883 -0.105297 -0.114016 -0.000000 0.063557 0.944685 -0.321761 12.686800 0.141590 0.310616 0.939931 0.000000 0.000000 0.000000 0.000000 1.000000
0.989042 -0.080271 -0.123905 -0.000000 0.040276 0.954141 -0.296636 12.686800 0.142034 0.288395 0.946919 0.000000 0.000000 0.000000 0.000000 1.000000
0.989660 -0.068437 -0.126056 0.000000 0.028762 0.955668 -0.293037 12.686800 0.140522 0.286381 0.947755 0.000000 0.000000 0.000000 0.000000 1.000000
0.989503 -0.092447 -0.111074 0.000000 0.053821 0.949068 -0.310441 12.686800 0.134116 0.301204 0.944081 -0.000000 0.000000 0.000000 0.000000 1.000000
0.988149 -0.121059 -0.094375 0.000000 0.085470 0.944630 -0.316810 12.686800 0.127502 0.304989 0.943782 0.000000 0.000000 0.000000 0.000000 1.000000
0.986451 -0.146307 -0.074223 0.000000 0.113372 0.934945 -0.336192 12.686800 0.118581 0.323222 0.938864 -0.000000 0.000000 0.000000 0.000000 1.000000
0.985999 -0.143315 -0.085244 0.000000 0.104818 0.930269 -0.351587 12.686800 0.129688 0.337729 0.932266 0.000000 0.000000 0.000000 0.000000 1.000000
0.986185 -0.114172 -0.120018 0.000000 0.060672 0.923142 -0.379641 12.686800 0.154138 0.367115 0.917316 0.000000 0.000000 0.000000 0.000000 1.000000
0.988928 -0.030384 -0.145254 -0.000000 -0.031671 0.913051 -0.406615 12.686800 0.144979 0.406713 0.901979 0.000000 0.000000 0.000000 0.000000 1.000000</float_array>
        <technique_common>
          <accessor source="#mixamorig_LeftArm-Matrix-animation-output-transform-array" count="32" stride="16">
            <param type="float4x4"/>
          </accessor>
        </technique_common>
      </source>
      <source id="mixamorig_LeftArm-Interpolations">
        <Name_array id="mixamorig_LeftArm-Interpolations-array" count="32">
 LINEAR LINEAR LINEAR LINEAR LINEAR LINEAR LINEAR LINEAR LINEAR LINEAR LINEAR
LINEAR LINEAR LINEAR LINEAR LINEAR LINEAR LINEAR LINEAR LINEAR LINEAR LINEAR LINEAR
LINEAR LINEAR LINEAR LINEAR LINEAR LINEAR LINEAR LINEAR LINEAR</Name_array>
        <technique_common>
          <accessor source="#mixamorig_LeftArm-Interpolations-array" count="32">
            <param type="name"/>
          </accessor>
        </technique_common>
      </source>
      <sampler id="mixamorig_LeftArm-Matrix-animation-transform">
        <input semantic="INPUT" source="#mixamorig_LeftArm-Matrix-animation-input"/>
        <input semantic="OUTPUT" source="#mixamorig_LeftArm-Matrix-animation-output-transform"/>
        <input semantic="INTERPOLATION" source="#mixamorig_LeftArm-Interpolations"/>
      </sampler>
      <channel source="#mixamorig_LeftArm-Matrix-animation-transform" target="mixamorig_LeftArm/matrix"/>
    </animation>
    <animation id="mixamorig_LeftForeArm-anim" name="mixamorig_LeftForeArm">
      <source id="mixamorig_LeftForeArm-Matrix-animation-input">
        <float_array id="mixamorig_LeftForeArm-Matrix-animation-input-array" count="32">

0.000000 0.033333 0.066667 0.100000 0.133333 0.166667 0.200000 0.233333 0.266667 0.300000 0.333333 0.366667 0.400000 0.433333 0.466667 0.500000
0.533333 0.566667 0.600000 0.633333 0.666667 0.700000 0.733333 0.766667 0.800000 0.833333 0.866667 0.900000 0.933333 0.966667 1.000000 1.033333</float_array>
        <technique_common>
          <accessor source="#mixamorig_LeftForeArm-Matrix-animation-input-array" count="32">
            <param name="TIME" type="float"/>
          </accessor>
        </technique_common>
      </source>
      <source id="mixamorig_LeftForeArm-Matrix-animation-output-transform">
        <float_array id="mixamorig_LeftForeArm-Matrix-animation-output-transform-array" count="512">

0.806392 -0.473149 0.354771 -0.000000 0.529017 0.845280 -0.075123 30.736700 -0.264336 0.248258 0.931930 0.000000 0.000000 0.000000 0.000000 1.000000
0.823779 -0.458672 0.333179 0.000000 0.506179 0.859748 -0.067945 30.736700 -0.255286 0.224620 0.940412 -0.000000 0.000000 0.000000 0.000000 1.000000
0.815224 -0.467117 0.342361 -0.000000 0.514792 0.855292 -0.058854 30.736700 -0.265327 0.224224 0.937723 0.000000 0.000000 0.000000 0.000000 1.000000
0.820847 -0.446933 0.355614 0.000000 0.496273 0.866310 -0.056752 30.736700 -0.282707 0.223066 0.932909 0.000000 0.000000 0.000000 0.000000 1.000000
0.832868 -0.418059 0.362709 0.000000 0.465125 0.883872 -0.049287 30.736700 -0.299984 0.209755 0.930598 0.000000 0.000000 0.000000 0.000000 1.000000
0.842482 -0.396337 0.364884 0.000000 0.438356 0.898054 -0.036657 30.736700 -0.313157 0.190832 0.930331 -0.000000 0.000000 0.000000 0.000000 1.000000
0.849350 -0.380803 0.365505 -0.000000 0.417306 0.908469 -0.023232 30.736700 -0.323203 0.172260 0.930519 -0.000000 0.000000 0.000000 0.000000 1.000000
0.829175 -0.417361 0.371859 0.000000 0.452792 0.891571 -0.008974 30.736700 -0.327793 0.175816 0.928246 0.000000 0.000000 0.000000 0.000000 1.000000
0.785337 -0.490573 0.377602 0.000000 0.528066 0.849189 0.004978 30.736700 -0.323097 0.195490 0.925955 -0.000000 0.000000 0.000000 0.000000 1.000000
0.763602 -0.531234 0.367018 0.000000 0.566017 0.824250 0.015418 30.736700 -0.310705 0.195966 0.930086 0.000000 0.000000 0.000000 0.000000 1.000000
0.758279 -0.543959 0.359335 0.000000 0.579459 0.814929 0.010843 30.736700 -0.298731 0.199998 0.933145 0.000000 0.000000 0.000000 0.000000 1.000000
0.746386 -0.566266 0.349645 0.000000 0.602155 0.798344 0.007537 30.736700 -0.283405 0.204915 0.936852 -0.000000 0.000000 0.000000 0.000000 1.000000
0.750708 -0.571530 0.331348 -0.000000 0.601544 0.798703 0.014785 30.736700 -0.273099 0.188221 0.943393 0.000000 0.000000 0.000000 0.000000 1.000000
0.806589 -0.501411 0.313053 0.000000 0.526469 0.850178 0.005254 30.736700 -0.268785 0.160574 0.949721 0.000000 0.000000 0.000000 0.000000 1.000000
0.843459 -0.442012 0.305290 0.000000 0.463792 0.885943 0.001337 30.736700 -0.271061 0.140464 0.952258 0.000000 0.000000 0.000000 0.000000 1.000000
0.846102 -0.435693 0.307054 -0.000000 0.457505 0.889206 0.001059 30.736700 -0.273496 0.139583 0.951691 0.000000 0.000000 0.000000 0.000000 1.000000
0.815707 -0.486822 0.312453 0.000000 0.513533 0.858061 -0.003744 30.736700 -0.266281 0.163509 0.949926 -0.000000 0.000000 0.000000 0.000000 1.000000
0.747889 -0.583105 0.317255 -0.000000 0.615003 0.788524 -0.000510 30.736700 -0.249866 0.195494 0.948340 0.000000 0.000000 0.000000 0.000000 1.000000
0.675259 -0.667703 0.313365 -0.000000 0.702356 0.711819 0.003227 30.736700 -0.225214 0.217914 0.949627 0.000000 0.000000 0.000000 0.000000 1.000000
0.603753 -0.739758 0.297054 0.000000 0.772921 0.634439 0.009015 30.736700 -0.195131 0.224156 0.954818 0.000000 0.000000 0.000000 0.000000 1.000000
0.557020 -0.782970 0.276924 -0.000000 0.812087 0.583323 0.015800 30.736700 -0.173907 0.216085 0.960762 -0.000000 0.000000 0.000000 0.000000 1.000000
0.529034 -0.808486 0.257825 0.000000 0.833463 0.552166 0.021287 30.736700 -0.159572 0.203625 0.965957 0.000000 0.000000 0.000000 0.000000 1.000000
0.513510 -0.822170 0.245650 0.000000 0.844660 0.534760 0.024111 30.736700 -0.151187 0.195109 0.969059 0.000000 0.000000 0.000000 0.000000 1.000000
0.509338 -0.825913 0.241748 0.000000 0.847859 0.529707 0.023349 30.736700 -0.147340 0.193076 0.970058 0.000000 0.000000 0.000000 0.000000 1.000000
0.502686 -0.829065 0.244865 0.000000 0.851639 0.523564 0.024345 30.736700 -0.148386 0.196298 0.969252 0.000000 0.000000 0.000000 0.000000 1.000000
0.525851 -0.809291 0.261782 -0.000000 0.836417 0.547921 0.013738 30.736700 -0.154554 0.211734 0.965029 0.000000 0.000000 0.000000 0.000000 1.000000
0.591933 -0.755039 0.282013 0.000000 0.788061 0.615568 -0.006032 30.736700 -0.169044 0.225814 0.959392 0.000000 0.000000 0.000000 0.000000 1.000000
0.662950 -0.682098 0.308608 -0.000000 0.723479 0.689704 -0.029761 30.736700 -0.192548 0.243002 0.950723 0.000000 0.000000 0.000000 0.000000 1.000000
0.739685 -0.587572 0.328061 -0.000000 0.634393 0.771480 -0.048621 30.736700 -0.224524 0.244084 0.943404 -0.000000 0.000000 0.000000 0.000000 1.000000
0.792130 -0.504732 0.343183 0.000000 0.559215 0.825464 -0.076731 30.736700 -0.244557 0.252694 0.936129 0.000000 0.000000 0.000000 0.000000 1.000000
0.821352 -0.449751 0.350864 0.000000 0.510848 0.853643 -0.101632 30.736700 -0.253803 0.262714 0.930895 0.000000 0.000000 0.000000 0.000000 1.000000
0.806391 -0.473150 0.354771 0.000000 0.529018 0.845279 -0.075123 30.736700 -0.264336 0.248259 0.931930 0.000000 0.000000 0.000000 0.000000 1.000000</float_array>
        <technique_common>
          <accessor source="#mixamorig_LeftForeArm-Matrix-animation-output-transform-array" count="32" stride="16">
            <param type="float4x4"/>
          </accessor>
        </technique_common>
      </source>
      <source id="mixamorig_LeftForeArm-Interpolations">
        <Name_array id="mixamorig_LeftForeArm-Interpolations-array" count="32">
 LINEAR LINEAR LINEAR LINEAR LINEAR LINEAR LINEAR LINEAR LINEAR LINEAR LINEAR
LINEAR LINEAR LINEAR LINEAR LINEAR LINEAR LINEAR LINEAR LINEAR LINEAR LINEAR LINEAR
LINEAR LINEAR LINEAR LINEAR LINEAR LINEAR LINEAR LINEAR LINEAR</Name_array>
        <technique_common>
          <accessor source="#mixamorig_LeftForeArm-Interpolations-array" count="32">
            <param type="name"/>
          </accessor>
        </technique_common>
      </source>
      <sampler id="mixamorig_LeftForeArm-Matrix-animation-transform">
        <input semantic="INPUT" source="#mixamorig_LeftForeArm-Matrix-animation-input"/>
        <input semantic="OUTPUT" source="#mixamorig_LeftForeArm-Matrix-animation-output-transform"/>
        <input semantic="INTERPOLATION" source="#mixamorig_LeftForeArm-Interpolations"/>
      </sampler>
      <channel source="#mixamorig_LeftForeArm-Matrix-animation-transform" target="mixamorig_LeftForeArm/matrix"/>
    </animation>
    <animation id="mixamorig_LeftHand-anim" name="mixamorig_LeftHand">
      <source id="mixamorig_LeftHand-Matrix-animation-input">
        <float_array id="mixamorig_LeftHand-Matrix-animation-input-array" count="32">

0.000000 0.033333 0.066667 0.100000 0.133333 0.166667 0.200000 0.233333 0.266667 0.300000 0.333333 0.366667 0.400000 0.433333 0.466667 0.500000
0.533333 0.566667 0.600000 0.633333 0.666667 0.700000 0.733333 0.766667 0.800000 0.833333 0.866667 0.900000 0.933333 0.966667 1.000000 1.033333</float_array>
        <technique_common>
          <accessor source="#mixamorig_LeftHand-Matrix-animation-input-array" count="32">
            <param name="TIME" type="float"/>
          </accessor>
        </technique_common>
      </source>
      <source id="mixamorig_LeftHand-Matrix-animation-output-transform">
        <float_array id="mixamorig_LeftHand-Matrix-animation-output-transform-array" count="512">

0.931570 -0.223820 0.286499 0.000000 0.156730 0.958283 0.239019 26.713100 -0.328044 -0.177760 0.927787 0.000000 0.000000 0.000000 0.000000 1.000000
0.916483 -0.239968 0.320115 0.000000 0.171550 0.958566 0.227427 26.713100 -0.361426 -0.153517 0.919676 0.000000 0.000000 0.000000 0.000000 1.000000
0.924809 -0.232642 0.301008 0.000000 0.167823 0.959561 0.226005 26.713100 -0.341413 -0.158496 0.926454 0.000000 0.000000 0.000000 0.000000 1.000000
0.925467 -0.241155 0.292156 0.000000 0.177391 0.957303 0.228263 26.713100 -0.334728 -0.159424 0.928731 0.000000 0.000000 0.000000 0.000000 1.000000
0.916124 -0.262196 0.303266 0.000000 0.198383 0.953857 0.225393 26.713100 -0.348369 -0.146325 0.925866 -0.000000 0.000000 0.000000 0.000000 1.000000
0.900251 -0.284770 0.329324 -0.000000 0.220708 0.950528 0.218598 26.713100 -0.375282 -0.124108 0.918564 0.000000 0.000000 0.000000 0.000000 1.000000
0.888515 -0.265443 0.374275 -0.000000 0.207515 0.959960 0.188188 26.713100 -0.409242 -0.089540 0.908022 0.000000 0.000000 0.000000 0.000000 1.000000
0.896045 -0.160264 0.414028 0.000000 0.120821 0.985400 0.119951 26.713100 -0.427207 -0.057458 0.902326 0.000000 0.000000 0.000000 0.000000 1.000000
0.908278 -0.026412 0.417532 0.000000 0.007489 0.998872 0.046896 26.713100 -0.418300 -0.039468 0.907451 0.000000 0.000000 0.000000 0.000000 1.000000
0.913115 0.065283 0.402442 0.000000 -0.071574 0.997435 0.000596 26.713100 -0.401371 -0.029349 0.915445 -0.000000 0.000000 0.000000 0.000000 1.000000
0.903852 0.144140 0.402835 0.000000 -0.139702 0.989363 -0.040555 26.713100 -0.404395 -0.019621 0.914374 0.000000 0.000000 0.000000 0.000000 1.000000
0.890845 0.208241 0.403771 -0.000000 -0.193325 0.978039 -0.077879 26.713100 -0.411121 -0.008681 0.911539 -0.000000 0.000000 0.000000 0.000000 1.000000
0.892742 0.221619 0.392296 0.000000 -0.202103 0.975131 -0.090957 26.713100 -0.402698 0.001917 0.915331 0.000000 0.000000 0.000000 0.000000 1.000000
0.900630 0.163280 0.402748 0.000000 -0.150141 0.986576 -0.064225 26.713100 -0.407828 -0.002626 0.913055 0.000000 0.000000 0.000000 0.000000 1.000000
0.913207 0.095336 0.396187 0.000000 -0.089539 0.995432 -0.033148 26.713100 -0.397537 -0.005204 0.917571 -0.000000 0.000000 0.000000 0.000000 1.000000
0.928059 0.044736 0.369736 0.000000 -0.041946 0.998998 -0.015587 26.713100 -0.370063 -0.001043 0.929006 0.000000 0.000000 0.000000 0.000000 1.000000
0.943316 0.018718 0.331368 0.000000 -0.015930 0.999811 -0.011126 26.713100 -0.331514 0.005216 0.943436 0.000000 0.000000 0.000000 0.000000 1.000000
0.958245 0.019786 0.285263 -0.000000 -0.015297 0.999722 -0.017957 26.713100 -0.285539 0.012843 0.958281 0.000000 0.000000 0.000000 0.000000 1.000000
0.969036 0.024904 0.245661 0.000000 -0.021065 0.999612 -0.018241 26.713100 -0.246020 0.012502 0.969184 0.000000 0.000000 0.000000 0.000000 1.000000
0.977032 0.026770 0.211407 -0.000000 -0.026674 0.999639 -0.003306 26.713100 -0.211419 -0.002409 0.977393 0.000000 0.000000 0.000000 0.000000 1.000000
0.982504 0.014175 0.185700 -0.000000 -0.019918 0.999378 0.029094 26.713100 -0.185172 -0.032283 0.982176 -0.000000 0.000000 0.000000 0.000000 1.000000
0.984394 -0.019965 0.174844 -0.000000 0.005374 0.996491 0.083529 26.713100 -0.175898 -0.081286 0.981047 0.000000 0.000000 0.000000 0.000000 1.000000
0.982500 -0.072760 0.171465 0.000000 0.045951 0.986777 0.155433 26.713100 -0.180507 -0.144833 0.972852 0.000000 0.000000 0.000000 0.000000 1.000000
0.976829 -0.127062 0.172222 0.000000 0.087356 0.971321 0.221145 26.713100 -0.195381 -0.200976 0.959914 0.000000 0.000000 0.000000 0.000000 1.000000
0.972286 -0.165646 0.164987 0.000000 0.117272 0.956042 0.268759 26.713100 -0.202253 -0.241963 0.948972 0.000000 0.000000 0.000000 0.000000 1.000000
0.968102 -0.193504 0.159171 0.000000 0.139394 0.943830 0.299592 26.713100 -0.208203 -0.267847 0.940696 -0.000000 0.000000 0.000000 0.000000 1.000000
0.965320 -0.211842 0.152580 -0.000000 0.155785 0.936392 0.314487 26.713100 -0.209496 -0.279810 0.936919 0.000000 0.000000 0.000000 0.000000 1.000000
0.966792 -0.209793 0.145943 0.000000 0.155937 0.936695 0.313507 26.713100 -0.202476 -0.280338 0.938304 0.000000 0.000000 0.000000 0.000000 1.000000
0.967068 -0.211733 0.141237 0.000000 0.160944 0.938619 0.305110 26.713100 -0.197170 -0.272330 0.941786 0.000000 0.000000 0.000000 0.000000 1.000000
0.960374 -0.214312 0.178191 0.000000 0.157763 0.945049 0.286344 26.713100 -0.229766 -0.246885 0.941411 0.000000 0.000000 0.000000 0.000000 1.000000
0.942692 -0.222604 0.248555 0.000000 0.154971 0.951805 0.264670 26.713100 -0.295493 -0.210983 0.931756 0.000000 0.000000 0.000000 0.000000 1.000000
0.931570 -0.223820 0.286499 0.000000 0.156729 0.958283 0.239018 26.713100 -0.328044 -0.177760 0.927787 -0.000000 0.000000 0.000000 0.000000 1.000000</float_array>
        <technique_common>
          <accessor source="#mixamorig_LeftHand-Matrix-animation-output-transform-array" count="32" stride="16">
            <param type="float4x4"/>
          </accessor>
        </technique_common>
      </source>
      <source id="mixamorig_LeftHand-Interpolations">
        <Name_array id="mixamorig_LeftHand-Interpolations-array" count="32">
 LINEAR LINEAR LINEAR LINEAR LINEAR LINEAR LINEAR LINEAR LINEAR LINEAR LINEAR
LINEAR LINEAR LINEAR LINEAR LINEAR LINEAR LINEAR LINEAR LINEAR LINEAR LINEAR LINEAR
LINEAR LINEAR LINEAR LINEAR LINEAR LINEAR LINEAR LINEAR LINEAR</Name_array>
        <technique_common>
          <accessor source="#mixamorig_LeftHand-Interpolations-array" count="32">
            <param type="name"/>
          </accessor>
        </technique_common>
      </source>
      <sampler id="mixamorig_LeftHand-Matrix-animation-transform">
        <input semantic="INPUT" source="#mixamorig_LeftHand-Matrix-animation-input"/>
        <input semantic="OUTPUT" source="#mixamorig_LeftHand-Matrix-animation-output-transform"/>
        <input semantic="INTERPOLATION" source="#mixamorig_LeftHand-Interpolations"/>
      </sampler>
      <channel source="#mixamorig_LeftHand-Matrix-animation-transform" target="mixamorig_LeftHand/matrix"/>
    </animation>
    <animation id="mixamorig_LeftHandThumb1-anim" name="mixamorig_LeftHandThumb1">
      <source id="mixamorig_LeftHandThumb1-Matrix-animation-input">
        <float_array id="mixamorig_LeftHandThumb1-Matrix-animation-input-array" count="32">

0.000000 0.033333 0.066667 0.100000 0.133333 0.166667 0.200000 0.233333 0.266667 0.300000 0.333333 0.366667 0.400000 0.433333 0.466667 0.500000
0.533333 0.566667 0.600000 0.633333 0.666667 0.700000 0.733333 0.766667 0.800000 0.833333 0.866667 0.900000 0.933333 0.966667 1.000000 1.033333</float_array>
        <technique_common>
          <accessor source="#mixamorig_LeftHandThumb1-Matrix-animation-input-array" count="32">
            <param name="TIME" type="float"/>
          </accessor>
        </technique_common>
      </source>
      <source id="mixamorig_LeftHandThumb1-Matrix-animation-output-transform">
        <float_array id="mixamorig_LeftHandThumb1-Matrix-animation-output-transform-array" count="512">

0.925554 -0.365699 0.098053 -2.604400 0.360103 0.770272 -0.526315 4.344900 0.116946 0.522442 0.844617 2.566800 0.000000 0.000000 0.000000 1.000000
0.925554 -0.365699 0.098053 -2.604400 0.360103 0.770272 -0.526315 4.344900 0.116945 0.522442 0.844617 2.566800 0.000000 0.000000 0.000000 1.000000
0.925554 -0.365699 0.098053 -2.604400 0.360103 0.770272 -0.526315 4.344900 0.116945 0.522442 0.844617 2.566800 0.000000 0.000000 0.000000 1.000000
0.925554 -0.365699 0.098053 -2.604400 0.360103 0.770272 -0.526315 4.344900 0.116945 0.522442 0.844617 2.566800 0.000000 0.000000 0.000000 1.000000
0.925554 -0.365699 0.098053 -2.604400 0.360103 0.770272 -0.526315 4.344900 0.116945 0.522442 0.844617 2.566800 0.000000 0.000000 0.000000 1.000000
0.925554 -0.365699 0.098054 -2.604400 0.360103 0.770272 -0.526315 4.344900 0.116945 0.522442 0.844617 2.566800 0.000000 0.000000 0.000000 1.000000
0.925554 -0.365699 0.098053 -2.604400 0.360103 0.770272 -0.526315 4.344900 0.116945 0.522442 0.844617 2.566800 0.000000 0.000000 0.000000 1.000000
0.925554 -0.365699 0.098053 -2.604400 0.360103 0.770272 -0.526315 4.344900 0.116945 0.522442 0.844617 2.566800 0.000000 0.000000 0.000000 1.000000
0.925554 -0.365699 0.098053 -2.604400 0.360103 0.770272 -0.526315 4.344900 0.116945 0.522442 0.844617 2.566800 0.000000 0.000000 0.000000 1.000000
0.925554 -0.365699 0.098053 -2.604400 0.360103 0.770272 -0.526315 4.344900 0.116945 0.522442 0.844617 2.566800 0.000000 0.000000 0.000000 1.000000
0.925554 -0.365699 0.098053 -2.604400 0.360103 0.770272 -0.526315 4.344900 0.116945 0.522442 0.844617 2.566800 0.000000 0.000000 0.000000 1.000000
0.925554 -0.365699 0.098053 -2.604400 0.360103 0.770272 -0.526315 4.344900 0.116945 0.522442 0.844617 2.566800 0.000000 0.000000 0.000000 1.000000
0.925554 -0.365699 0.098053 -2.604400 0.360103 0.770272 -0.526315 4.344900 0.116945 0.522442 0.844617 2.566800 0.000000 0.000000 0.000000 1.000000
0.925554 -0.365699 0.098053 -2.604400 0.360103 0.770272 -0.526315 4.344900 0.116945 0.522442 0.844617 2.566800 0.000000 0.000000 0.000000 1.000000
0.925554 -0.365699 0.098053 -2.604400 0.360103 0.770272 -0.526315 4.344900 0.116945 0.522442 0.844617 2.566800 0.000000 0.000000 0.000000 1.000000
0.925554 -0.365699 0.098053 -2.604400 0.360103 0.770272 -0.526315 4.344900 0.116945 0.522442 0.844617 2.566800 0.000000 0.000000 0.000000 1.000000
0.925554 -0.365699 0.098054 -2.604400 0.360103 0.770272 -0.526315 4.344900 0.116945 0.522442 0.844617 2.566800 0.000000 0.000000 0.000000 1.000000
0.925554 -0.365699 0.098054 -2.604400 0.360103 0.770272 -0.526315 4.344900 0.116945 0.522442 0.844617 2.566800 0.000000 0.000000 0.000000 1.000000
0.925554 -0.365699 0.098053 -2.604400 0.360103 0.770272 -0.526315 4.344900 0.116945 0.522442 0.844617 2.566800 0.000000 0.000000 0.000000 1.000000
0.925554 -0.365699 0.098053 -2.604400 0.360102 0.770272 -0.526315 4.344900 0.116945 0.522442 0.844617 2.566800 0.000000 0.000000 0.000000 1.000000
0.925554 -0.365699 0.098053 -2.604400 0.360103 0.770272 -0.526315 4.344900 0.116945 0.522442 0.844617 2.566800 0.000000 0.000000 0.000000 1.000000
0.925554 -0.365699 0.098053 -2.604400 0.360103 0.770272 -0.526315 4.344900 0.116945 0.522442 0.844617 2.566800 0.000000 0.000000 0.000000 1.000000
0.925554 -0.365699 0.098053 -2.604400 0.360103 0.770272 -0.526315 4.344900 0.116945 0.522442 0.844617 2.566800 0.000000 0.000000 0.000000 1.000000
0.925554 -0.365699 0.098053 -2.604400 0.360103 0.770272 -0.526315 4.344900 0.116945 0.522442 0.844617 2.566800 0.000000 0.000000 0.000000 1.000000
0.925554 -0.365699 0.098053 -2.604400 0.360103 0.770272 -0.526315 4.344900 0.116945 0.522442 0.844617 2.566800 0.000000 0.000000 0.000000 1.000000
0.925554 -0.365699 0.098053 -2.604400 0.360103 0.770272 -0.526315 4.344900 0.116945 0.522442 0.844617 2.566800 0.000000 0.000000 0.000000 1.000000
0.925554 -0.365699 0.098053 -2.604400 0.360103 0.770272 -0.526315 4.344900 0.116945 0.522442 0.844617 2.566800 0.000000 0.000000 0.000000 1.000000
0.925554 -0.365699 0.098053 -2.604400 0.360102 0.770272 -0.526315 4.344900 0.116945 0.522442 0.844617 2.566800 0.000000 0.000000 0.000000 1.000000
0.925554 -0.365699 0.098053 -2.604400 0.360103 0.770271 -0.526315 4.344900 0.116945 0.522442 0.844617 2.566800 0.000000 0.000000 0.000000 1.000000
0.925554 -0.365699 0.098053 -2.604400 0.360103 0.770272 -0.526315 4.344900 0.116945 0.522442 0.844617 2.566800 0.000000 0.000000 0.000000 1.000000
0.925554 -0.365699 0.098053 -2.604400 0.360102 0.770272 -0.526315 4.344900 0.116945 0.522442 0.844617 2.566800 0.000000 0.000000 0.000000 1.000000
0.925554 -0.365699 0.098053 -2.604400 0.360103 0.770272 -0.526315 4.344900 0.116945 0.522442 0.844617 2.566800 0.000000 0.000000 0.000000 1.000000</float_array>
        <technique_common>
          <accessor source="#mixamorig_LeftHandThumb1-Matrix-animation-output-transform-array" count="32" stride="16">
            <param type="float4x4"/>
          </accessor>
        </technique_common>
      </source>
      <source id="mixamorig_LeftHandThumb1-Interpolations">
        <Name_array id="mixamorig_LeftHandThumb1-Interpolations-array" count="32">
 LINEAR LINEAR LINEAR LINEAR LINEAR LINEAR LINEAR LINEAR LINEAR LINEAR LINEAR
LINEAR LINEAR LINEAR LINEAR LINEAR LINEAR LINEAR LINEAR LINEAR LINEAR LINEAR LINEAR
LINEAR LINEAR LINEAR LINEAR LINEAR LINEAR LINEAR LINEAR LINEAR</Name_array>
        <technique_common>
          <accessor source="#mixamorig_LeftHandThumb1-Interpolations-array" count="32">
            <param type="name"/>
          </accessor>
        </technique_common>
      </source>
      <sampler id="mixamorig_LeftHandThumb1-Matrix-animation-transform">
        <input semantic="INPUT" source="#mixamorig_LeftHandThumb1-Matrix-animation-input"/>
        <input semantic="OUTPUT" source="#mixamorig_LeftHandThumb1-Matrix-animation-output-transform"/>
        <input semantic="INTERPOLATION" source="#mixamorig_LeftHandThumb1-Interpolations"/>
      </sampler>
      <channel source="#mixamorig_LeftHandThumb1-Matrix-animation-transform" target="mixamorig_LeftHandThumb1/matrix"/>
    </animation>
    <animation id="mixamorig_LeftHandThumb2-anim" name="mixamorig_LeftHandThumb2">
      <source id="mixamorig_LeftHandThumb2-Matrix-animation-input">
        <float_array id="mixamorig_LeftHandThumb2-Matrix-animation-input-array" count="32">

0.000000 0.033333 0.066667 0.100000 0.133333 0.166667 0.200000 0.233333 0.266667 0.300000 0.333333 0.366667 0.400000 0.433333 0.466667 0.500000
0.533333 0.566667 0.600000 0.633333 0.666667 0.700000 0.733333 0.766667 0.800000 0.833333 0.866667 0.900000 0.933333 0.966667 1.000000 1.033333</float_array>
        <technique_common>
          <accessor source="#mixamorig_LeftHandThumb2-Matrix-animation-input-array" count="32">
            <param name="TIME" type="float"/>
          </accessor>
        </technique_common>
      </source>
      <source id="mixamorig_LeftHandThumb2-Matrix-animation-output-transform">
        <float_array id="mixamorig_LeftHandThumb2-Matrix-animation-output-transform-array" count="512">

0.991570 0.129574 -0.000351 0.000000 -0.129564 0.991519 0.010148 4.523200 0.001663 -0.010017 0.999948 -0.000000 0.000000 0.000000 0.000000 1.000000
0.991570 0.129574 -0.000351 0.000000 -0.129564 0.991519 0.010148 4.523200 0.001663 -0.010017 0.999948 0.000000 0.000000 0.000000 0.000000 1.000000
0.991570 0.129574 -0.000351 0.000000 -0.129564 0.991519 0.010148 4.523200 0.001663 -0.010017 0.999948 0.000000 0.000000 0.000000 0.000000 1.000000
0.991570 0.129575 -0.000351 0.000000 -0.129564 0.991519 0.010148 4.523200 0.001663 -0.010017 0.999948 0.000000 0.000000 0.000000 0.000000 1.000000
0.991570 0.129574 -0.000351 0.000000 -0.129564 0.991519 0.010148 4.523200 0.001663 -0.010017 0.999948 0.000000 0.000000 0.000000 0.000000 1.000000
0.991570 0.129575 -0.000351 0.000000 -0.129564 0.991519 0.010148 4.523200 0.001663 -0.010017 0.999948 0.000000 0.000000 0.000000 0.000000 1.000000
0.991570 0.129574 -0.000351 -0.000000 -0.129564 0.991519 0.010148 4.523200 0.001663 -0.010017 0.999948 0.000000 0.000000 0.000000 0.000000 1.000000
0.991570 0.129574 -0.000351 -0.000000 -0.129564 0.991519 0.010148 4.523200 0.001663 -0.010017 0.999948 -0.000000 0.000000 0.000000 0.000000 1.000000
0.991570 0.129574 -0.000351 0.000000 -0.129564 0.991519 0.010148 4.523200 0.001663 -0.010017 0.999948 0.000000 0.000000 0.000000 0.000000 1.000000
0.991570 0.129574 -0.000351 0.000000 -0.129564 0.991519 0.010148 4.523200 0.001663 -0.010017 0.999948 0.000000 0.000000 0.000000 0.000000 1.000000
0.991570 0.129574 -0.000351 -0.000000 -0.129564 0.991519 0.010148 4.523200 0.001663 -0.010017 0.999948 0.000000 0.000000 0.000000 0.000000 1.000000
0.991570 0.129574 -0.000351 0.000000 -0.129564 0.991519 0.010148 4.523200 0.001663 -0.010017 0.999948 -0.000000 0.000000 0.000000 0.000000 1.000000
0.991570 0.129575 -0.000351 0.000000 -0.129565 0.991519 0.010148 4.523200 0.001663 -0.010017 0.999948 0.000000 0.000000 0.000000 0.000000 1.000000
0.991570 0.129574 -0.000351 0.000000 -0.129564 0.991519 0.010148 4.523200 0.001663 -0.010017 0.999948 0.000000 0.000000 0.000000 0.000000 1.000000
0.991570 0.129574 -0.000351 -0.000000 -0.129564 0.991519 0.010148 4.523200 0.001663 -0.010017 0.999948 0.000000 0.000000 0.000000 0.000000 1.000000
0.991570 0.129574 -0.000351 -0.000000 -0.129564 0.991519 0.010149 4.523200 0.001663 -0.010017 0.999948 0.000000 0.000000 0.000000 0.000000 1.000000
0.991570 0.129574 -0.000351 0.000000 -0.129564 0.991519 0.010148 4.523200 0.001663 -0.010017 0.999948 -0.000000 0.000000 0.000000 0.000000 1.000000
0.991570 0.129574 -0.000351 0.000000 -0.129564 0.991519 0.010148 4.523200 0.001663 -0.010017 0.999948 0.000000 0.000000 0.000000 0.000000 1.000000
0.991570 0.129574 -0.000351 0.000000 -0.129564 0.991519 0.010148 4.523200 0.001663 -0.010017 0.999948 0.000000 0.000000 0.000000 0.000000 1.000000
0.991570 0.129574 -0.000351 0.000000 -0.129564 0.991519 0.010148 4.523200 0.001663 -0.010017 0.999948 0.000000 0.000000 0.000000 0.000000 1.000000
0.991570 0.129574 -0.000351 0.000000 -0.129564 0.991519 0.010148 4.523200 0.001663 -0.010017 0.999948 0.000000 0.000000 0.000000 0.000000 1.000000
0.991570 0.129574 -0.000351 -0.000000 -0.129564 0.991519 0.010148 4.523200 0.001663 -0.010017 0.999948 0.000000 0.000000 0.000000 0.000000 1.000000
0.991570 0.129574 -0.000351 0.000000 -0.129564 0.991519 0.010148 4.523200 0.001663 -0.010017 0.999948 0.000000 0.000000 0.000000 0.000000 1.000000
0.991570 0.129574 -0.000351 0.000000 -0.129564 0.991519 0.010148 4.523200 0.001663 -0.010017 0.999948 -0.000000 0.000000 0.000000 0.000000 1.000000
0.991570 0.129575 -0.000351 0.000000 -0.129564 0.991519 0.010148 4.523200 0.001663 -0.010017 0.999948 0.000000 0.000000 0.000000 0.000000 1.000000
0.991570 0.129575 -0.000351 0.000000 -0.129564 0.991519 0.010148 4.523200 0.001663 -0.010017 0.999948 0.000000 0.000000 0.000000 0.000000 1.000000
0.991570 0.129574 -0.000351 0.000000 -0.129564 0.991519 0.010148 4.523200 0.001663 -0.010017 0.999948 0.000000 0.000000 0.000000 0.000000 1.000000
0.991570 0.129574 -0.000351 0.000000 -0.129564 0.991519 0.010148 4.523200 0.001663 -0.010017 0.999948 0.000000 0.000000 0.000000 0.000000 1.000000
0.991570 0.129574 -0.000351 0.000000 -0.129564 0.991519 0.010148 4.523200 0.001663 -0.010017 0.999948 0.000000 0.000000 0.000000 0.000000 1.000000
0.991570 0.129574 -0.000351 0.000000 -0.129564 0.991519 0.010148 4.523200 0.001663 -0.010017 0.999948 -0.000000 0.000000 0.000000 0.000000 1.000000
0.991570 0.129574 -0.000351 0.000000 -0.129564 0.991519 0.010148 4.523200 0.001663 -0.010017 0.999948 0.000000 0.000000 0.000000 0.000000 1.000000
0.991570 0.129574 -0.000351 0.000000 -0.129564 0.991519 0.010148 4.523200 0.001663 -0.010017 0.999948 0.000000 0.000000 0.000000 0.000000 1.000000</float_array>
        <technique_common>
          <accessor source="#mixamorig_LeftHandThumb2-Matrix-animation-output-transform-array" count="32" stride="16">
            <param type="float4x4"/>
          </accessor>
        </technique_common>
      </source>
      <source id="mixamorig_LeftHandThumb2-Interpolations">
        <Name_array id="mixamorig_LeftHandThumb2-Interpolations-array" count="32">
 LINEAR LINEAR LINEAR LINEAR LINEAR LINEAR LINEAR LINEAR LINEAR LINEAR LINEAR
LINEAR LINEAR LINEAR LINEAR LINEAR LINEAR LINEAR LINEAR LINEAR LINEAR LINEAR LINEAR
LINEAR LINEAR LINEAR LINEAR LINEAR LINEAR LINEAR LINEAR LINEAR</Name_array>
        <technique_common>
          <accessor source="#mixamorig_LeftHandThumb2-Interpolations-array" count="32">
            <param type="name"/>
          </accessor>
        </technique_common>
      </source>
      <sampler id="mixamorig_LeftHandThumb2-Matrix-animation-transform">
        <input semantic="INPUT" source="#mixamorig_LeftHandThumb2-Matrix-animation-input"/>
        <input semantic="OUTPUT" source="#mixamorig_LeftHandThumb2-Matrix-animation-output-transform"/>
        <input semantic="INTERPOLATION" source="#mixamorig_LeftHandThumb2-Interpolations"/>
      </sampler>
      <channel source="#mixamorig_LeftHandThumb2-Matrix-animation-transform" target="mixamorig_LeftHandThumb2/matrix"/>
    </animation>
    <animation id="mixamorig_LeftHandThumb3-anim" name="mixamorig_LeftHandThumb3">
      <source id="mixamorig_LeftHandThumb3-Matrix-animation-input">
        <float_array id="mixamorig_LeftHandThumb3-Matrix-animation-input-array" count="32">

0.000000 0.033333 0.066667 0.100000 0.133333 0.166667 0.200000 0.233333 0.266667 0.300000 0.333333 0.366667 0.400000 0.433333 0.466667 0.500000
0.533333 0.566667 0.600000 0.633333 0.666667 0.700000 0.733333 0.766667 0.800000 0.833333 0.866667 0.900000 0.933333 0.966667 1.000000 1.033333</float_array>
        <technique_common>
          <accessor source="#mixamorig_LeftHandThumb3-Matrix-animation-input-array" count="32">
            <param name="TIME" type="float"/>
          </accessor>
        </technique_common>
      </source>
      <source id="mixamorig_LeftHandThumb3-Matrix-animation-output-transform">
        <float_array id="mixamorig_LeftHandThumb3-Matrix-animation-output-transform-array" count="512">

1.000000 0.000000 -0.000000 -0.000000 -0.000000 1.000000 -0.000000 3.636400 0.000000 0.000000 1.000000 0.000000 0.000000 0.000000 0.000000 1.000000
1.000000 -0.000000 -0.000000 -0.000000 0.000000 1.000000 -0.000000 3.636400 0.000000 0.000000 1.000000 0.000000 0.000000 0.000000 0.000000 1.000000
1.000000 -0.000000 -0.000000 0.000000 0.000000 1.000000 0.000000 3.636400 0.000000 -0.000000 1.000000 0.000000 0.000000 0.000000 0.000000 1.000000
1.000000 0.000000 0.000000 0.000000 -0.000000 1.000000 0.000000 3.636400 -0.000000 -0.000000 1.000000 0.000000 0.000000 0.000000 0.000000 1.000000
1.000000 -0.000000 0.000000 -0.000000 0.000000 1.000000 0.000000 3.636400 -0.000000 -0.000000 1.000000 -0.000000 0.000000 0.000000 0.000000 1.000000
1.000000 -0.000000 0.000000 0.000000 0.000000 1.000000 0.000000 3.636400 -0.000000 -0.000000 1.000000 -0.000000 0.000000 0.000000 0.000000 1.000000
1.000000 -0.000000 0.000000 0.000000 0.000000 1.000000 0.000000 3.636400 -0.000000 -0.000000 1.000000 0.000000 0.000000 0.000000 0.000000 1.000000
1.000000 -0.000000 0.000000 0.000000 0.000000 1.000000 -0.000000 3.636400 -0.000000 0.000000 1.000000 -0.000000 0.000000 0.000000 0.000000 1.000000
1.000000 -0.000000 0.000000 0.000000 0.000000 1.000000 -0.000000 3.636400 -0.000000 0.000000 1.000000 0.000000 0.000000 0.000000 0.000000 1.000000
1.000000 0.000000 -0.000000 0.000000 -0.000000 1.000000 -0.000000 3.636400 0.000000 0.000000 1.000000 0.000000 0.000000 0.000000 0.000000 1.000000
1.000000 0.000000 -0.000000 -0.000000 -0.000000 1.000000 -0.000000 3.636400 0.000000 0.000000 1.000000 0.000000 0.000000 0.000000 0.000000 1.000000
1.000000 0.000000 0.000000 0.000000 -0.000000 1.000000 0.000000 3.636400 -0.000000 -0.000000 1.000000 0.000000 0.000000 0.000000 0.000000 1.000000
1.000000 -0.000000 -0.000000 -0.000000 0.000000 1.000000 -0.000000 3.636400 0.000000 0.000000 1.000000 -0.000000 0.000000 0.000000 0.000000 1.000000
1.000000 0.000000 -0.000000 -0.000000 -0.000000 1.000000 -0.000000 3.636400 0.000000 0.000000 1.000000 0.000000 0.000000 0.000000 0.000000 1.000000
1.000000 -0.000000 0.000000 0.000000 0.000000 1.000000 0.000000 3.636400 -0.000000 -0.000000 1.000000 -0.000000 0.000000 0.000000 0.000000 1.000000
1.000000 0.000000 0.000000 0.000000 -0.000000 1.000000 -0.000000 3.636400 -0.000000 0.000000 1.000000 0.000000 0.000000 0.000000 0.000000 1.000000
1.000000 -0.000000 0.000000 -0.000000 0.000000 1.000000 0.000000 3.636400 -0.000000 -0.000000 1.000000 0.000000 0.000000 0.000000 0.000000 1.000000
1.000000 -0.000000 0.000000 0.000000 0.000000 1.000000 0.000000 3.636400 -0.000000 -0.000000 1.000000 -0.000000 0.000000 0.000000 0.000000 1.000000
1.000000 0.000000 -0.000000 0.000000 -0.000000 1.000000 0.000000 3.636400 0.000000 -0.000000 1.000000 0.000000 0.000000 0.000000 0.000000 1.000000
1.000000 0.000000 -0.000000 0.000000 -0.000000 1.000000 0.000000 3.636400 0.000000 -0.000000 1.000000 0.000000 0.000000 0.000000 0.000000 1.000000
1.000000 -0.000000 -0.000000 0.000000 0.000000 1.000000 0.000000 3.636400 0.000000 -0.000000 1.000000 -0.000000 0.000000 0.000000 0.000000 1.000000
1.000000 0.000000 0.000000 -0.000000 -0.000000 1.000000 -0.000000 3.636400 -0.000000 0.000000 1.000000 0.000000 0.000000 0.000000 0.000000 1.000000
1.000000 0.000000 0.000000 0.000000 -0.000000 1.000000 -0.000000 3.636400 -0.000000 0.000000 1.000000 0.000000 0.000000 0.000000 0.000000 1.000000
1.000000 0.000000 -0.000000 0.000000 -0.000000 1.000000 -0.000000 3.636400 0.000000 0.000000 1.000000 0.000000 0.000000 0.000000 0.000000 1.000000
1.000000 -0.000000 -0.000000 0.000000 0.000000 1.000000 -0.000000 3.636400 0.000000 0.000000 1.000000 0.000000 0.000000 0.000000 0.000000 1.000000
1.000000 -0.000000 -0.000000 0.000000 0.000000 1.000000 -0.000000 3.636400 0.000000 0.000000 1.000000 0.000000 0.000000 0.000000 0.000000 1.000000
1.000000 0.000000 0.000000 0.000000 -0.000000 1.000000 0.000000 3.636400 -0.000000 -0.000000 1.000000 0.000000 0.000000 0.000000 0.000000 1.000000
1.000000 0.000000 -0.000000 0.000000 -0.000000 1.000000 -0.000000 3.636400 0.000000 0.000000 1.000000 0.000000 0.000000 0.000000 0.000000 1.000000
1.000000 -0.000000 0.000000 -0.000000 0.000000 1.000000 -0.000000 3.636400 -0.000000 0.000000 1.000000 0.000000 0.000000 0.000000 0.000000 1.000000
1.000000 -0.000000 0.000000 0.000000 0.000000 1.000000 -0.000000 3.636400 -0.000000 0.000000 1.000000 0.000000 0.000000 0.000000 0.000000 1.000000
1.000000 0.000000 0.000000 0.000000 -0.000000 1.000000 -0.000000 3.636400 0.000000 0.000000 1.000000 0.000000 0.000000 0.000000 0.000000 1.000000
1.000000 -0.000000 -0.000000 -0.000000 0.000000 1.000000 0.000000 3.636400 0.000000 -0.000000 1.000000 0.000000 0.000000 0.000000 0.000000 1.000000</float_array>
        <technique_common>
          <accessor source="#mixamorig_LeftHandThumb3-Matrix-animation-output-transform-array" count="32" stride="16">
            <param type="float4x4"/>
          </accessor>
        </technique_common>
      </source>
      <source id="mixamorig_LeftHandThumb3-Interpolations">
        <Name_array id="mixamorig_LeftHandThumb3-Interpolations-array" count="32">
 LINEAR LINEAR LINEAR LINEAR LINEAR LINEAR LINEAR LINEAR LINEAR LINEAR LINEAR
LINEAR LINEAR LINEAR LINEAR LINEAR LINEAR LINEAR LINEAR LINEAR LINEAR LINEAR LINEAR
LINEAR LINEAR LINEAR LINEAR LINEAR LINEAR LINEAR LINEAR LINEAR</Name_array>
        <technique_common>
          <accessor source="#mixamorig_LeftHandThumb3-Interpolations-array" count="32">
            <param type="name"/>
          </accessor>
        </technique_common>
      </source>
      <sampler id="mixamorig_LeftHandThumb3-Matrix-animation-transform">
        <input semantic="INPUT" source="#mixamorig_LeftHandThumb3-Matrix-animation-input"/>
        <input semantic="OUTPUT" source="#mixamorig_LeftHandThumb3-Matrix-animation-output-transform"/>
        <input semantic="INTERPOLATION" source="#mixamorig_LeftHandThumb3-Interpolations"/>
      </sampler>
      <channel source="#mixamorig_LeftHandThumb3-Matrix-animation-transform" target="mixamorig_LeftHandThumb3/matrix"/>
    </animation>
    <animation id="mixamorig_LeftHandIndex1-anim" name="mixamorig_LeftHandIndex1">
      <source id="mixamorig_LeftHandIndex1-Matrix-animation-input">
        <float_array id="mixamorig_LeftHandIndex1-Matrix-animation-input-array" count="32">

0.000000 0.033333 0.066667 0.100000 0.133333 0.166667 0.200000 0.233333 0.266667 0.300000 0.333333 0.366667 0.400000 0.433333 0.466667 0.500000
0.533333 0.566667 0.600000 0.633333 0.666667 0.700000 0.733333 0.766667 0.800000 0.833333 0.866667 0.900000 0.933333 0.966667 1.000000 1.033333</float_array>
        <technique_common>
          <accessor source="#mixamorig_LeftHandIndex1-Matrix-animation-input-array" count="32">
            <param name="TIME" type="float"/>
          </accessor>
        </technique_common>
      </source>
      <source id="mixamorig_LeftHandIndex1-Matrix-animation-output-transform">
        <float_array id="mixamorig_LeftHandIndex1-Matrix-animation-output-transform-array" count="512">

0.997443 -0.066411 0.026383 -3.402400 0.066519 0.727964 -0.682380 12.111600 0.026112 0.682391 0.730521 0.315900 0.000000 0.000000 0.000000 1.000000
0.997289 -0.068442 0.027042 -3.402400 0.069154 0.745933 -0.662421 12.111600 0.025166 0.662495 0.748643 0.315900 0.000000 0.000000 0.000000 1.000000
0.997150 -0.070278 0.027452 -3.402400 0.071577 0.766069 -0.638761 12.111600 0.023861 0.638905 0.768915 0.315900 0.000000 0.000000 0.000000 1.000000
0.997016 -0.071998 0.027833 -3.402400 0.073908 0.786368 -0.613321 12.111600 0.022271 0.613548 0.789343 0.315900 0.000000 0.000000 0.000000 1.000000
0.996876 -0.073706 0.028380 -3.402400 0.076271 0.805078 -0.588245 12.111600 0.020509 0.588572 0.808184 0.315900 0.000000 0.000000 0.000000 1.000000
0.996715 -0.075523 0.029259 -3.402400 0.078798 0.820713 -0.565881 12.111600 0.018724 0.566328 0.823967 0.315900 0.000000 0.000000 0.000000 1.000000
0.996516 -0.077584 0.030615 -3.402400 0.081635 0.832013 -0.548717 12.111600 0.017099 0.549304 0.835448 0.315900 0.000000 0.000000 0.000000 1.000000
0.996260 -0.080030 0.032585 -3.402400 0.084941 0.837827 -0.539287 12.111600 0.015859 0.540038 0.841491 0.315900 0.000000 0.000000 0.000000 1.000000
0.995901 -0.083179 0.035538 -3.402400 0.089131 0.835520 -0.542182 12.111600 0.015406 0.543127 0.839509 0.315900 0.000000 0.000000 0.000000 1.000000
0.995318 -0.087769 0.040480 -3.402400 0.095212 0.818278 -0.566883 12.111600 0.016631 0.568083 0.822803 0.315900 0.000000 0.000000 0.000000 1.000000
0.994690 -0.092236 0.045660 -3.402400 0.101204 0.795924 -0.596878 12.111600 0.018712 0.598329 0.801032 0.315900 0.000000 0.000000 0.000000 1.000000
0.994302 -0.094839 0.048682 -3.402400 0.104719 0.783454 -0.612563 12.111600 0.019955 0.614171 0.788921 0.315900 0.000000 0.000000 0.000000 1.000000
0.994066 -0.096424 0.050346 -3.402400 0.106844 0.778697 -0.618235 12.111600 0.020409 0.619946 0.784379 0.315900 0.000000 0.000000 0.000000 1.000000
0.993890 -0.097645 0.051469 -3.402400 0.108461 0.777389 -0.619598 12.111600 0.020489 0.621395 0.783230 0.315900 0.000000 0.000000 0.000000 1.000000
0.993770 -0.098518 0.052103 -3.402400 0.109594 0.778944 -0.617443 12.111600 0.020244 0.619307 0.784888 0.315900 0.000000 0.000000 0.000000 1.000000
0.993706 -0.099058 0.052301 -3.402400 0.110265 0.782727 -0.612520 12.111600 0.019738 0.614432 0.788723 0.315900 0.000000 0.000000 0.000000 1.000000
0.993694 -0.099276 0.052120 -3.402400 0.110496 0.788087 -0.605565 12.111600 0.019043 0.607506 0.794087 0.315900 0.000000 0.000000 0.000000 1.000000
0.993730 -0.099184 0.051614 -3.402400 0.110311 0.794379 -0.597322 12.111600 0.018243 0.599270 0.800339 0.315900 0.000000 0.000000 0.000000 1.000000
0.993808 -0.098796 0.050839 -3.402400 0.109734 0.800979 -0.588549 12.111600 0.017426 0.590484 0.806861 0.315900 0.000000 0.000000 0.000000 1.000000
0.993925 -0.098130 0.049843 -3.402400 0.108792 0.807296 -0.580032 12.111600 0.016680 0.581931 0.813067 0.315900 0.000000 0.000000 0.000000 1.000000
0.994074 -0.097204 0.048674 -3.402400 0.107511 0.812771 -0.572577 12.111600 0.016096 0.574417 0.818405 0.315900 0.000000 0.000000 0.000000 1.000000
0.994250 -0.096038 0.047375 -3.402400 0.105922 0.816871 -0.567012 12.111600 0.015755 0.568770 0.822346 0.315900 0.000000 0.000000 0.000000 1.000000
0.994447 -0.094654 0.045991 -3.402400 0.104053 0.819076 -0.564169 12.111600 0.015731 0.565822 0.824377 0.315900 0.000000 0.000000 0.000000 1.000000
0.994662 -0.093073 0.044562 -3.402400 0.101930 0.818857 -0.564875 12.111600 0.016085 0.566401 0.823973 0.315900 0.000000 0.000000 0.000000 1.000000
0.994893 -0.091266 0.043102 -3.402400 0.099511 0.815555 -0.570060 12.111600 0.016875 0.571438 0.820472 0.315900 0.000000 0.000000 0.000000 1.000000
0.995237 -0.088432 0.041013 -3.402400 0.095728 0.807225 -0.582429 12.111600 0.018399 0.583582 0.811846 0.315900 0.000000 0.000000 0.000000 1.000000
0.995706 -0.084359 0.038131 -3.402400 0.090289 0.793893 -0.601316 12.111600 0.020454 0.602177 0.798101 0.315900 0.000000 0.000000 0.000000 1.000000
0.996214 -0.079627 0.034894 -3.402400 0.083974 0.777447 -0.623318 12.111600 0.022504 0.623888 0.781190 0.315900 0.000000 0.000000 0.000000 1.000000
0.996691 -0.074833 0.031719 -3.402400 0.077599 0.760035 -0.645233 12.111600 0.024177 0.645559 0.763327 0.315900 0.000000 0.000000 0.000000 1.000000
0.997083 -0.070599 0.028999 -3.402400 0.072005 0.744136 -0.664136 12.111600 0.025308 0.664287 0.747049 0.315900 0.000000 0.000000 0.000000 1.000000
0.997346 -0.067573 0.027101 -3.402400 0.068034 0.732495 -0.677365 12.111600 0.025920 0.677411 0.735148 0.315900 0.000000 0.000000 0.000000 1.000000
0.997443 -0.066411 0.026383 -3.402400 0.066519 0.727964 -0.682380 12.111600 0.026112 0.682391 0.730521 0.315900 0.000000 0.000000 0.000000 1.000000</float_array>
        <technique_common>
          <accessor source="#mixamorig_LeftHandIndex1-Matrix-animation-output-transform-array" count="32" stride="16">
            <param type="float4x4"/>
          </accessor>
        </technique_common>
      </source>
      <source id="mixamorig_LeftHandIndex1-Interpolations">
        <Name_array id="mixamorig_LeftHandIndex1-Interpolations-array" count="32">
 LINEAR LINEAR LINEAR LINEAR LINEAR LINEAR LINEAR LINEAR LINEAR LINEAR LINEAR
LINEAR LINEAR LINEAR LINEAR LINEAR LINEAR LINEAR LINEAR LINEAR LINEAR LINEAR LINEAR
LINEAR LINEAR LINEAR LINEAR LINEAR LINEAR LINEAR LINEAR LINEAR</Name_array>
        <technique_common>
          <accessor source="#mixamorig_LeftHandIndex1-Interpolations-array" count="32">
            <param type="name"/>
          </accessor>
        </technique_common>
      </source>
      <sampler id="mixamorig_LeftHandIndex1-Matrix-animation-transform">
        <input semantic="INPUT" source="#mixamorig_LeftHandIndex1-Matrix-animation-input"/>
        <input semantic="OUTPUT" source="#mixamorig_LeftHandIndex1-Matrix-animation-output-transform"/>
        <input semantic="INTERPOLATION" source="#mixamorig_LeftHandIndex1-Interpolations"/>
      </sampler>
      <channel source="#mixamorig_LeftHandIndex1-Matrix-animation-transform" target="mixamorig_LeftHandIndex1/matrix"/>
    </animation>
    <animation id="mixamorig_LeftHandIndex2-anim" name="mixamorig_LeftHandIndex2">
      <source id="mixamorig_LeftHandIndex2-Matrix-animation-input">
        <float_array id="mixamorig_LeftHandIndex2-Matrix-animation-input-array" count="32">

0.000000 0.033333 0.066667 0.100000 0.133333 0.166667 0.200000 0.233333 0.266667 0.300000 0.333333 0.366667 0.400000 0.433333 0.466667 0.500000
0.533333 0.566667 0.600000 0.633333 0.666667 0.700000 0.733333 0.766667 0.800000 0.833333 0.866667 0.900000 0.933333 0.966667 1.000000 1.033333</float_array>
        <technique_common>
          <accessor source="#mixamorig_LeftHandIndex2-Matrix-animation-input-array" count="32">
            <param name="TIME" type="float"/>
          </accessor>
        </technique_common>
      </source>
      <source id="mixamorig_LeftHandIndex2-Matrix-animation-output-transform">
        <float_array id="mixamorig_LeftHandIndex2-Matrix-animation-output-transform-array" count="512">

0.992553 -0.107334 0.057609 -0.000000 0.071802 0.133449 -0.988451 4.509100 0.098406 0.985226 0.140161 -0.000000 0.000000 0.000000 0.000000 1.000000
0.993230 -0.103847 0.052051 0.000000 0.070777 0.185705 -0.980053 4.509100 0.092110 0.977103 0.191798 -0.000000 0.000000 0.000000 0.000000 1.000000
0.993947 -0.099686 0.046173 -0.000000 0.069268 0.242444 -0.967689 4.509100 0.085271 0.965030 0.247882 0.000000 0.000000 0.000000 0.000000 1.000000
0.994654 -0.095043 0.040375 0.000000 0.067298 0.300076 -0.951538 4.509100 0.078322 0.949169 0.304868 -0.000000 0.000000 0.000000 0.000000 1.000000
0.995309 -0.090193 0.035004 0.000000 0.064981 0.355165 -0.932542 4.509100 0.071677 0.930442 0.359360 -0.000000 0.000000 0.000000 0.000000 1.000000
0.995878 -0.085483 0.030341 -0.000000 0.062522 0.404543 -0.912379 4.509100 0.065719 0.910515 0.408220 -0.000000 0.000000 0.000000 0.000000 1.000000
0.996334 -0.081313 0.026601 -0.000000 0.060198 0.445360 -0.893326 4.509100 0.060792 0.891652 0.448622 -0.000000 0.000000 0.000000 0.000000 1.000000
0.996657 -0.078113 0.023950 0.000000 0.058331 0.475054 -0.878021 4.509100 0.057207 0.876483 0.478022 0.000000 0.000000 0.000000 0.000000 1.000000
0.996808 -0.076534 0.022707 0.000000 0.057386 0.489217 -0.870272 4.509100 0.055497 0.868798 0.492048 0.000000 0.000000 0.000000 0.000000 1.000000
0.996691 -0.077761 0.023670 0.000000 0.058122 0.478231 -0.876309 4.509100 0.056823 0.874785 0.481168 -0.000000 0.000000 0.000000 0.000000 1.000000
0.996449 -0.080197 0.025656 0.000000 0.059555 0.455864 -0.888055 4.509100 0.059524 0.886429 0.459022 0.000000 0.000000 0.000000 0.000000 1.000000
0.996285 -0.081779 0.027003 0.000000 0.060464 0.440920 -0.895508 4.509100 0.061328 0.893813 0.444226 0.000000 0.000000 0.000000 0.000000 1.000000
0.996189 -0.082675 0.027785 0.000000 0.060971 0.432305 -0.899664 4.509100 0.062368 0.897930 0.435698 0.000000 0.000000 0.000000 0.000000 1.000000
0.996116 -0.083350 0.028386 -0.000000 0.061349 0.425734 -0.902766 4.509100 0.063161 0.901001 0.429194 0.000000 0.000000 0.000000 0.000000 1.000000
0.996060 -0.083860 0.028845 0.000000 0.061632 0.420732 -0.905089 4.509100 0.063765 0.903301 0.424243 -0.000000 0.000000 0.000000 0.000000 1.000000
0.996016 -0.084257 0.029205 0.000000 0.061852 0.416815 -0.906885 4.509100 0.064238 0.905078 0.420366 -0.000000 0.000000 0.000000 0.000000 1.000000
0.995979 -0.084591 0.029512 -0.000000 0.062036 0.413492 -0.908392 4.509100 0.064639 0.906570 0.417076 0.000000 0.000000 0.000000 0.000000 1.000000
0.995942 -0.084914 0.029810 0.000000 0.062212 0.410267 -0.909841 4.509100 0.065028 0.908004 0.413884 -0.000000 0.000000 0.000000 0.000000 1.000000
0.995901 -0.085275 0.030146 0.000000 0.062409 0.406640 -0.911454 4.509100 0.065466 0.909600 0.410296 -0.000000 0.000000 0.000000 0.000000 1.000000
0.995850 -0.085723 0.030567 0.000000 0.062652 0.402112 -0.913445 4.509100 0.066012 0.911569 0.405814 0.000000 0.000000 0.000000 0.000000 1.000000
0.995782 -0.086307 0.031121 0.000000 0.062965 0.396170 -0.916016 4.509100 0.066729 0.914112 0.399933 0.000000 0.000000 0.000000 0.000000 1.000000
0.995693 -0.087071 0.031858 0.000000 0.063372 0.388303 -0.919350 4.509100 0.067678 0.917409 0.392148 0.000000 0.000000 0.000000 0.000000 1.000000
0.995574 -0.088061 0.032831 0.000000 0.063891 0.377980 -0.923606 4.509100 0.068924 0.921616 0.381934 0.000000 0.000000 0.000000 0.000000 1.000000
0.995420 -0.089315 0.034096 0.000000 0.064537 0.364664 -0.928900 4.509100 0.070531 0.926846 0.368758 0.000000 0.000000 0.000000 0.000000 1.000000
0.995219 -0.090892 0.035740 0.000000 0.065330 0.347509 -0.935398 4.509100 0.072600 0.933261 0.351786 0.000000 0.000000 0.000000 0.000000 1.000000
0.994909 -0.093224 0.038285 -0.000000 0.066457 0.321301 -0.944642 4.509100 0.075762 0.942377 0.325860 0.000000 0.000000 0.000000 0.000000 1.000000
0.994477 -0.096261 0.041828 -0.000000 0.067841 0.285465 -0.955985 4.509100 0.080084 0.953543 0.290418 0.000000 0.000000 0.000000 0.000000 1.000000
0.993975 -0.099512 0.045943 0.000000 0.069200 0.244695 -0.967128 4.509100 0.084999 0.964480 0.250107 0.000000 0.000000 0.000000 0.000000 1.000000
0.993463 -0.102554 0.050145 0.000000 0.070338 0.203929 -0.976456 4.509100 0.089913 0.973599 0.209809 0.000000 0.000000 0.000000 0.000000 1.000000
0.993007 -0.105044 0.053886 0.000000 0.071156 0.168310 -0.983163 4.509100 0.094206 0.980121 0.174607 0.000000 0.000000 0.000000 0.000000 1.000000
0.992679 -0.106716 0.056575 -0.000000 0.071638 0.143072 -0.987116 4.509100 0.097247 0.983942 0.149670 0.000000 0.000000 0.000000 0.000000 1.000000
0.992553 -0.107334 0.057609 0.000000 0.071802 0.133448 -0.988451 4.509100 0.098407 0.985226 0.140161 0.000000 0.000000 0.000000 0.000000 1.000000</float_array>
        <technique_common>
          <accessor source="#mixamorig_LeftHandIndex2-Matrix-animation-output-transform-array" count="32" stride="16">
            <param type="float4x4"/>
          </accessor>
        </technique_common>
      </source>
      <source id="mixamorig_LeftHandIndex2-Interpolations">
        <Name_array id="mixamorig_LeftHandIndex2-Interpolations-array" count="32">
 LINEAR LINEAR LINEAR LINEAR LINEAR LINEAR LINEAR LINEAR LINEAR LINEAR LINEAR
LINEAR LINEAR LINEAR LINEAR LINEAR LINEAR LINEAR LINEAR LINEAR LINEAR LINEAR LINEAR
LINEAR LINEAR LINEAR LINEAR LINEAR LINEAR LINEAR LINEAR LINEAR</Name_array>
        <technique_common>
          <accessor source="#mixamorig_LeftHandIndex2-Interpolations-array" count="32">
            <param type="name"/>
          </accessor>
        </technique_common>
      </source>
      <sampler id="mixamorig_LeftHandIndex2-Matrix-animation-transform">
        <input semantic="INPUT" source="#mixamorig_LeftHandIndex2-Matrix-animation-input"/>
        <input semantic="OUTPUT" source="#mixamorig_LeftHandIndex2-Matrix-animation-output-transform"/>
        <input semantic="INTERPOLATION" source="#mixamorig_LeftHandIndex2-Interpolations"/>
      </sampler>
      <channel source="#mixamorig_LeftHandIndex2-Matrix-animation-transform" target="mixamorig_LeftHandIndex2/matrix"/>
    </animation>
    <animation id="mixamorig_LeftHandIndex3-anim" name="mixamorig_LeftHandIndex3">
      <source id="mixamorig_LeftHandIndex3-Matrix-animation-input">
        <float_array id="mixamorig_LeftHandIndex3-Matrix-animation-input-array" count="32">

0.000000 0.033333 0.066667 0.100000 0.133333 0.166667 0.200000 0.233333 0.266667 0.300000 0.333333 0.366667 0.400000 0.433333 0.466667 0.500000
0.533333 0.566667 0.600000 0.633333 0.666667 0.700000 0.733333 0.766667 0.800000 0.833333 0.866667 0.900000 0.933333 0.966667 1.000000 1.033333</float_array>
        <technique_common>
          <accessor source="#mixamorig_LeftHandIndex3-Matrix-animation-input-array" count="32">
            <param name="TIME" type="float"/>
          </accessor>
        </technique_common>
      </source>
      <source id="mixamorig_LeftHandIndex3-Matrix-animation-output-transform">
        <float_array id="mixamorig_LeftHandIndex3-Matrix-animation-output-transform-array" count="512">

1.000000 0.000000 0.000000 -0.000000 -0.000000 1.000000 0.000000 2.907200 -0.000000 -0.000000 1.000000 0.000000 0.000000 0.000000 0.000000 1.000000
1.000000 -0.000000 0.000000 0.000000 0.000000 1.000000 -0.000000 2.907200 -0.000000 0.000000 1.000000 0.000000 0.000000 0.000000 0.000000 1.000000
1.000000 0.000000 -0.000000 -0.000000 -0.000000 1.000000 0.000000 2.907200 0.000000 -0.000000 1.000000 0.000000 0.000000 0.000000 0.000000 1.000000
1.000000 -0.000000 0.000000 0.000000 0.000000 1.000000 0.000000 2.907200 -0.000000 -0.000000 1.000000 -0.000000 0.000000 0.000000 0.000000 1.000000
1.000000 -0.000000 -0.000000 0.000000 0.000000 1.000000 0.000000 2.907200 0.000000 -0.000000 1.000000 0.000000 0.000000 0.000000 0.000000 1.000000
1.000000 -0.000000 0.000000 -0.000000 0.000000 1.000000 0.000000 2.907200 -0.000000 -0.000000 1.000000 0.000000 0.000000 0.000000 0.000000 1.000000
1.000000 -0.000000 0.000000 -0.000000 0.000000 1.000000 0.000000 2.907200 -0.000000 -0.000000 1.000000 -0.000000 0.000000 0.000000 0.000000 1.000000
1.000000 -0.000000 -0.000000 0.000000 0.000000 1.000000 -0.000000 2.907200 0.000000 0.000000 1.000000 0.000000 0.000000 0.000000 0.000000 1.000000
1.000000 -0.000000 0.000000 0.000000 0.000000 1.000000 0.000000 2.907200 0.000000 -0.000000 1.000000 0.000000 0.000000 0.000000 0.000000 1.000000
1.000000 -0.000000 0.000000 0.000000 0.000000 1.000000 0.000000 2.907200 0.000000 -0.000000 1.000000 0.000000 0.000000 0.000000 0.000000 1.000000
1.000000 -0.000000 -0.000000 -0.000000 0.000000 1.000000 0.000000 2.907200 -0.000000 -0.000000 1.000000 0.000000 0.000000 0.000000 0.000000 1.000000
1.000000 -0.000000 -0.000000 0.000000 0.000000 1.000000 0.000000 2.907200 0.000000 -0.000000 1.000000 0.000000 0.000000 0.000000 0.000000 1.000000
1.000000 -0.000000 0.000000 -0.000000 0.000000 1.000000 -0.000000 2.907200 -0.000000 0.000000 1.000000 0.000000 0.000000 0.000000 0.000000 1.000000
1.000000 -0.000000 0.000000 0.000000 0.000000 1.000000 0.000000 2.907200 -0.000000 -0.000000 1.000000 0.000000 0.000000 0.000000 0.000000 1.000000
1.000000 -0.000000 0.000000 0.000000 0.000000 1.000000 0.000000 2.907200 0.000000 -0.000000 1.000000 0.000000 0.000000 0.000000 0.000000 1.000000
1.000000 -0.000000 0.000000 -0.000000 0.000000 1.000000 0.000000 2.907200 -0.000000 -0.000000 1.000000 -0.000000 0.000000 0.000000 0.000000 1.000000
1.000000 -0.000000 -0.000000 -0.000000 0.000000 1.000000 0.000000 2.907200 0.000000 -0.000000 1.000000 0.000000 0.000000 0.000000 0.000000 1.000000
1.000000 0.000000 -0.000000 0.000000 -0.000000 1.000000 -0.000000 2.907200 0.000000 0.000000 1.000000 0.000000 0.000000 0.000000 0.000000 1.000000
1.000000 -0.000000 0.000000 0.000000 0.000000 1.000000 0.000000 2.907200 -0.000000 -0.000000 1.000000 0.000000 0.000000 0.000000 0.000000 1.000000
1.000000 0.000000 0.000000 0.000000 -0.000000 1.000000 -0.000000 2.907200 -0.000000 0.000000 1.000000 -0.000000 0.000000 0.000000 0.000000 1.000000
1.000000 -0.000000 -0.000000 0.000000 0.000000 1.000000 0.000000 2.907200 0.000000 -0.000000 1.000000 0.000000 0.000000 0.000000 0.000000 1.000000
1.000000 -0.000000 0.000000 -0.000000 0.000000 1.000000 0.000000 2.907200 -0.000000 -0.000000 1.000000 -0.000000 0.000000 0.000000 0.000000 1.000000
1.000000 -0.000000 0.000000 0.000000 0.000000 1.000000 0.000000 2.907200 -0.000000 -0.000000 1.000000 0.000000 0.000000 0.000000 0.000000 1.000000
1.000000 0.000000 0.000000 0.000000 -0.000000 1.000000 0.000000 2.907200 -0.000000 -0.000000 1.000000 0.000000 0.000000 0.000000 0.000000 1.000000
1.000000 -0.000000 -0.000000 -0.000000 0.000000 1.000000 0.000000 2.907200 0.000000 -0.000000 1.000000 0.000000 0.000000 0.000000 0.000000 1.000000
1.000000 -0.000000 -0.000000 0.000000 0.000000 1.000000 -0.000000 2.907200 0.000000 0.000000 1.000000 0.000000 0.000000 0.000000 0.000000 1.000000
1.000000 -0.000000 0.000000 0.000000 0.000000 1.000000 0.000000 2.907200 -0.000000 -0.000000 1.000000 0.000000 0.000000 0.000000 0.000000 1.000000
1.000000 -0.000000 0.000000 -0.000000 0.000000 1.000000 0.000000 2.907200 -0.000000 -0.000000 1.000000 -0.000000 0.000000 0.000000 0.000000 1.000000
1.000000 -0.000000 -0.000000 -0.000000 0.000000 1.000000 0.000000 2.907200 0.000000 -0.000000 1.000000 0.000000 0.000000 0.000000 0.000000 1.000000
1.000000 -0.000000 0.000000 0.000000 0.000000 1.000000 0.000000 2.907200 0.000000 -0.000000 1.000000 0.000000 0.000000 0.000000 0.000000 1.000000
1.000000 0.000000 0.000000 0.000000 -0.000000 1.000000 0.000000 2.907200 -0.000000 -0.000000 1.000000 0.000000 0.000000 0.000000 0.000000 1.000000
1.000000 0.000000 -0.000000 0.000000 -0.000000 1.000000 0.000000 2.907200 0.000000 -0.000000 1.000000 0.000000 0.000000 0.000000 0.000000 1.000000</float_array>
        <technique_common>
          <accessor source="#mixamorig_LeftHandIndex3-Matrix-animation-output-transform-array" count="32" stride="16">
            <param type="float4x4"/>
          </accessor>
        </technique_common>
      </source>
      <source id="mixamorig_LeftHandIndex3-Interpolations">
        <Name_array id="mixamorig_LeftHandIndex3-Interpolations-array" count="32">
 LINEAR LINEAR LINEAR LINEAR LINEAR LINEAR LINEAR LINEAR LINEAR LINEAR LINEAR
LINEAR LINEAR LINEAR LINEAR LINEAR LINEAR LINEAR LINEAR LINEAR LINEAR LINEAR LINEAR
LINEAR LINEAR LINEAR LINEAR LINEAR LINEAR LINEAR LINEAR LINEAR</Name_array>
        <technique_common>
          <accessor source="#mixamorig_LeftHandIndex3-Interpolations-array" count="32">
            <param type="name"/>
          </accessor>
        </technique_common>
      </source>
      <sampler id="mixamorig_LeftHandIndex3-Matrix-animation-transform">
        <input semantic="INPUT" source="#mixamorig_LeftHandIndex3-Matrix-animation-input"/>
        <input semantic="OUTPUT" source="#mixamorig_LeftHandIndex3-Matrix-animation-output-transform"/>
        <input semantic="INTERPOLATION" source="#mixamorig_LeftHandIndex3-Interpolations"/>
      </sampler>
      <channel source="#mixamorig_LeftHandIndex3-Matrix-animation-transform" target="mixamorig_LeftHandIndex3/matrix"/>
    </animation>
    <animation id="mixamorig_LeftHandMiddle1-anim" name="mixamorig_LeftHandMiddle1">
      <source id="mixamorig_LeftHandMiddle1-Matrix-animation-input">
        <float_array id="mixamorig_LeftHandMiddle1-Matrix-animation-input-array" count="32">

0.000000 0.033333 0.066667 0.100000 0.133333 0.166667 0.200000 0.233333 0.266667 0.300000 0.333333 0.366667 0.400000 0.433333 0.466667 0.500000
0.533333 0.566667 0.600000 0.633333 0.666667 0.700000 0.733333 0.766667 0.800000 0.833333 0.866667 0.900000 0.933333 0.966667 1.000000 1.033333</float_array>
        <technique_common>
          <accessor source="#mixamorig_LeftHandMiddle1-Matrix-animation-input-array" count="32">
            <param name="TIME" type="float"/>
          </accessor>
        </technique_common>
      </source>
      <source id="mixamorig_LeftHandMiddle1-Matrix-animation-output-transform">
        <float_array id="mixamorig_LeftHandMiddle1-Matrix-animation-output-transform-array" count="512">

0.985795 -0.166064 0.025101 0.000000 0.097233 0.442445 -0.891509 13.093800 0.136941 0.881286 0.452308 0.000000 0.000000 0.000000 0.000000 1.000000
0.985743 -0.166576 0.023754 0.000000 0.099900 0.465796 -0.879235 13.093800 0.135395 0.869073 0.475795 0.000000 0.000000 0.000000 0.000000 1.000000
0.985753 -0.166780 0.021799 -0.000000 0.102435 0.492474 -0.864278 13.093800 0.133409 0.854198 0.502541 0.000000 0.000000 0.000000 0.000000 1.000000
0.985801 -0.166759 0.019695 0.000000 0.104890 0.519938 -0.847740 13.093800 0.131128 0.837768 0.530047 0.000000 0.000000 0.000000 0.000000 1.000000
0.985855 -0.166647 0.017871 0.000000 0.107326 0.545803 -0.831012 13.093800 0.128732 0.821175 0.555968 -0.000000 0.000000 0.000000 0.000000 1.000000
0.985877 -0.166631 0.016731 -0.000000 0.109823 0.567859 -0.815767 13.093800 0.126431 0.806084 0.578139 0.000000 0.000000 0.000000 0.000000 1.000000
0.985827 -0.166938 0.016650 0.000000 0.112480 0.584053 -0.803884 13.093800 0.124474 0.794364 0.594553 -0.000000 0.000000 0.000000 0.000000 1.000000
0.985656 -0.167807 0.017989 0.000000 0.115410 0.592415 -0.797324 13.093800 0.123139 0.787963 0.603284 0.000000 0.000000 0.000000 0.000000 1.000000
0.985265 -0.169669 0.021571 -0.000000 0.118907 0.588853 -0.799445 13.093800 0.122939 0.790230 0.600351 -0.000000 0.000000 0.000000 0.000000 1.000000
0.984422 -0.173344 0.029422 0.000000 0.123656 0.563618 -0.816728 13.093800 0.124992 0.807643 0.576273 0.000000 0.000000 0.000000 0.000000 1.000000
0.983461 -0.177065 0.038121 0.000000 0.128191 0.531778 -0.837126 13.093800 0.127954 0.828167 0.545681 0.000000 0.000000 0.000000 0.000000 1.000000
0.982886 -0.179113 0.043051 0.000000 0.130854 0.514355 -0.847535 13.093800 0.129661 0.838664 0.528990 -0.000000 0.000000 0.000000 0.000000 1.000000
0.982577 -0.180205 0.045490 0.000000 0.132530 0.507736 -0.851258 13.093800 0.130304 0.842455 0.522772 0.000000 0.000000 0.000000 0.000000 1.000000
0.982376 -0.180934 0.046909 0.000000 0.133863 0.505876 -0.852156 13.093800 0.130454 0.843417 0.521181 0.000000 0.000000 0.000000 0.000000 1.000000
0.982275 -0.181345 0.047432 -0.000000 0.134859 0.507956 -0.850761 13.093800 0.130188 0.842078 0.523408 0.000000 0.000000 0.000000 0.000000 1.000000
0.982263 -0.181471 0.047195 -0.000000 0.135521 0.513121 -0.847550 13.093800 0.129589 0.838913 0.528613 0.000000 0.000000 0.000000 0.000000 1.000000
0.982328 -0.181341 0.046336 -0.000000 0.135850 0.520509 -0.842980 13.093800 0.128748 0.834378 0.535945 -0.000000 0.000000 0.000000 0.000000 1.000000
0.982457 -0.180981 0.044992 -0.000000 0.135850 0.529255 -0.837516 13.093800 0.127763 0.828936 0.544557 0.000000 0.000000 0.000000 0.000000 1.000000
0.982635 -0.180429 0.043297 -0.000000 0.135524 0.538513 -0.831647 13.093800 0.126737 0.823073 0.553614 0.000000 0.000000 0.000000 0.000000 1.000000
0.982847 -0.179718 0.041383 0.000000 0.134879 0.547456 -0.825893 13.093800 0.125773 0.817309 0.562306 0.000000 0.000000 0.000000 0.000000 1.000000
0.983078 -0.178906 0.039375 -0.000000 0.133929 0.555277 -0.820811 13.093800 0.124984 0.812194 0.569841 0.000000 0.000000 0.000000 0.000000 1.000000
0.983314 -0.178032 0.037404 -0.000000 0.132683 0.561192 -0.816982 13.093800 0.124458 0.808312 0.575449 0.000000 0.000000 0.000000 0.000000 1.000000
0.983539 -0.177156 0.035587 0.000000 0.131153 0.564422 -0.815001 13.093800 0.124297 0.806253 0.578365 -0.000000 0.000000 0.000000 0.000000 1.000000
0.983742 -0.176329 0.034047 0.000000 0.129349 0.564185 -0.815453 13.093800 0.124579 0.806600 0.577820 0.000000 0.000000 0.000000 0.000000 1.000000
0.983917 -0.175575 0.032886 -0.000000 0.127222 0.559549 -0.818974 13.093800 0.125390 0.809986 0.572887 0.000000 0.000000 0.000000 0.000000 1.000000
0.984136 -0.174564 0.031691 -0.000000 0.123823 0.547873 -0.827347 13.093800 0.127063 0.818146 0.560796 0.000000 0.000000 0.000000 0.000000 1.000000
0.984437 -0.173117 0.030235 0.000000 0.118904 0.529451 -0.839967 13.093800 0.129405 0.830489 0.541795 0.000000 0.000000 0.000000 0.000000 1.000000
0.984787 -0.171378 0.028718 0.000000 0.113172 0.507148 -0.854396 13.093800 0.131860 0.844648 0.518828 0.000000 0.000000 0.000000 0.000000 1.000000
0.985146 -0.169532 0.027312 -0.000000 0.107367 0.484000 -0.868456 13.093800 0.134012 0.858489 0.495013 0.000000 0.000000 0.000000 0.000000 1.000000
0.985470 -0.167825 0.026162 0.000000 0.102259 0.463235 -0.880316 13.093800 0.135620 0.870200 0.473665 0.000000 0.000000 0.000000 0.000000 1.000000
0.985705 -0.166559 0.025387 0.000000 0.098623 0.448238 -0.888457 13.093800 0.136601 0.878260 0.458257 0.000000 0.000000 0.000000 0.000000 1.000000
0.985795 -0.166064 0.025101 0.000000 0.097233 0.442445 -0.891509 13.093800 0.136942 0.881286 0.452308 0.000000 0.000000 0.000000 0.000000 1.000000</float_array>
        <technique_common>
          <accessor source="#mixamorig_LeftHandMiddle1-Matrix-animation-output-transform-array" count="32" stride="16">
            <param type="float4x4"/>
          </accessor>
        </technique_common>
      </source>
      <source id="mixamorig_LeftHandMiddle1-Interpolations">
        <Name_array id="mixamorig_LeftHandMiddle1-Interpolations-array" count="32">
 LINEAR LINEAR LINEAR LINEAR LINEAR LINEAR LINEAR LINEAR LINEAR LINEAR LINEAR
LINEAR LINEAR LINEAR LINEAR LINEAR LINEAR LINEAR LINEAR LINEAR LINEAR LINEAR LINEAR
LINEAR LINEAR LINEAR LINEAR LINEAR LINEAR LINEAR LINEAR LINEAR</Name_array>
        <technique_common>
          <accessor source="#mixamorig_LeftHandMiddle1-Interpolations-array" count="32">
            <param type="name"/>
          </accessor>
        </technique_common>
      </source>
      <sampler id="mixamorig_LeftHandMiddle1-Matrix-animation-transform">
        <input semantic="INPUT" source="#mixamorig_LeftHandMiddle1-Matrix-animation-input"/>
        <input semantic="OUTPUT" source="#mixamorig_LeftHandMiddle1-Matrix-animation-output-transform"/>
        <input semantic="INTERPOLATION" source="#mixamorig_LeftHandMiddle1-Interpolations"/>
      </sampler>
      <channel source="#mixamorig_LeftHandMiddle1-Matrix-animation-transform" target="mixamorig_LeftHandMiddle1/matrix"/>
    </animation>
    <animation id="mixamorig_LeftHandMiddle2-anim" name="mixamorig_LeftHandMiddle2">
      <source id="mixamorig_LeftHandMiddle2-Matrix-animation-input">
        <float_array id="mixamorig_LeftHandMiddle2-Matrix-animation-input-array" count="32">

0.000000 0.033333 0.066667 0.100000 0.133333 0.166667 0.200000 0.233333 0.266667 0.300000 0.333333 0.366667 0.400000 0.433333 0.466667 0.500000
0.533333 0.566667 0.600000 0.633333 0.666667 0.700000 0.733333 0.766667 0.800000 0.833333 0.866667 0.900000 0.933333 0.966667 1.000000 1.033333</float_array>
        <technique_common>
          <accessor source="#mixamorig_LeftHandMiddle2-Matrix-animation-input-array" count="32">
            <param name="TIME" type="float"/>
          </accessor>
        </technique_common>
      </source>
      <source id="mixamorig_LeftHandMiddle2-Matrix-animation-output-transform">
        <float_array id="mixamorig_LeftHandMiddle2-Matrix-animation-output-transform-array" count="512">

0.987077 -0.108855 0.117601 0.000000 0.091556 -0.219207 -0.971373 3.620200 0.131518 0.969587 -0.206408 0.000000 0.000000 0.000000 0.000000 1.000000
0.987700 -0.109254 0.111854 0.000000 0.092662 -0.167211 -0.981557 3.620200 0.125942 0.979849 -0.155030 0.000000 0.000000 0.000000 0.000000 1.000000
0.988377 -0.109346 0.105617 0.000000 0.093616 -0.109619 -0.989555 3.620200 0.119782 0.987941 -0.098108 -0.000000 0.000000 0.000000 0.000000 1.000000
0.989083 -0.109052 0.099110 0.000000 0.094136 -0.049861 -0.994310 3.620200 0.113373 0.992785 -0.039051 -0.000000 0.000000 0.000000 0.000000 1.000000
0.989768 -0.108388 0.092798 -0.000000 0.094268 0.008507 -0.995511 3.620200 0.107112 0.994072 0.018638 -0.000000 0.000000 0.000000 0.000000 1.000000
0.990391 -0.107457 0.087062 0.000000 0.094066 0.061925 -0.993638 3.620200 0.101382 0.992279 0.071438 0.000000 0.000000 0.000000 0.000000 1.000000
0.990912 -0.106431 0.082260 0.000000 0.093655 0.106917 -0.989847 3.620200 0.096555 0.988555 0.115913 0.000000 0.000000 0.000000 0.000000 1.000000
0.991295 -0.105529 0.078731 0.000000 0.093209 0.140155 -0.985733 3.620200 0.092989 0.984490 0.148771 0.000000 0.000000 0.000000 0.000000 1.000000
0.991477 -0.105055 0.077047 -0.000000 0.092962 0.156165 -0.983347 3.620200 0.091273 0.982128 0.164600 0.000000 0.000000 0.000000 0.000000 1.000000
0.991336 -0.105424 0.078351 0.000000 0.093154 0.143737 -0.985222 3.620200 0.092604 0.983984 0.152312 0.000000 0.000000 0.000000 0.000000 1.000000
0.991047 -0.106127 0.081015 0.000000 0.093512 0.118624 -0.988526 3.620200 0.095299 0.987251 0.127486 -0.000000 0.000000 0.000000 0.000000 1.000000
0.990855 -0.106554 0.082785 0.000000 0.093711 0.101983 -0.990362 3.620200 0.097084 0.989063 0.111036 -0.000000 0.000000 0.000000 0.000000 1.000000
0.990744 -0.106784 0.083800 0.000000 0.093810 0.092441 -0.991289 3.620200 0.098107 0.989976 0.101603 -0.000000 0.000000 0.000000 0.000000 1.000000
0.990660 -0.106954 0.084576 0.000000 0.093881 0.085185 -0.991932 3.620200 0.098886 0.990608 0.094431 -0.000000 0.000000 0.000000 0.000000 1.000000
0.990597 -0.107077 0.085162 0.000000 0.093928 0.079676 -0.992386 3.620200 0.099477 0.991053 0.088985 -0.000000 0.000000 0.000000 0.000000 1.000000
0.990547 -0.107172 0.085621 0.000000 0.093963 0.075370 -0.992719 3.620200 0.099939 0.991380 0.084727 -0.000000 0.000000 0.000000 0.000000 1.000000
0.990505 -0.107251 0.086012 0.000000 0.093993 0.071722 -0.992986 3.620200 0.100330 0.991642 0.081122 0.000000 0.000000 0.000000 0.000000 1.000000
0.990463 -0.107327 0.086392 0.000000 0.094022 0.068186 -0.993232 3.620200 0.100710 0.991883 0.077627 0.000000 0.000000 0.000000 0.000000 1.000000
0.990417 -0.107412 0.086816 -0.000000 0.094050 0.064218 -0.993494 3.620200 0.101138 0.992138 0.073704 0.000000 0.000000 0.000000 0.000000 1.000000
0.990359 -0.107511 0.087347 0.000000 0.094085 0.059268 -0.993798 3.620200 0.101667 0.992436 0.068812 0.000000 0.000000 0.000000 0.000000 1.000000
0.990284 -0.107639 0.088045 0.000000 0.094128 0.052790 -0.994160 3.620200 0.102363 0.992787 0.062409 -0.000000 0.000000 0.000000 0.000000 1.000000
0.990184 -0.107801 0.088962 0.000000 0.094172 0.044236 -0.994573 3.620200 0.103280 0.993188 0.053954 0.000000 0.000000 0.000000 0.000000 1.000000
0.990055 -0.107999 0.090157 0.000000 0.094213 0.033056 -0.995003 3.620200 0.104479 0.993601 0.042902 0.000000 0.000000 0.000000 0.000000 1.000000
0.989887 -0.108235 0.091701 -0.000000 0.094254 0.018701 -0.995373 3.620200 0.106019 0.993949 0.028713 0.000000 0.000000 0.000000 0.000000 1.000000
0.989672 -0.108504 0.093681 -0.000000 0.094272 0.000320 -0.995546 3.620200 0.107991 0.994096 0.010546 0.000000 0.000000 0.000000 0.000000 1.000000
0.989346 -0.108842 0.096689 -0.000000 0.094230 -0.027521 -0.995170 3.620200 0.110977 0.993678 -0.016971 0.000000 0.000000 0.000000 0.000000 1.000000
0.988903 -0.109164 0.100769 0.000000 0.094041 -0.065135 -0.993435 3.620200 0.115011 0.991887 -0.054146 -0.000000 0.000000 0.000000 0.000000 1.000000
0.988404 -0.109342 0.105362 0.000000 0.093641 -0.107310 -0.989806 3.620200 0.119533 0.988195 -0.095827 0.000000 0.000000 0.000000 0.000000 1.000000
0.987919 -0.109322 0.109843 -0.000000 0.092989 -0.148844 -0.984479 3.620200 0.123974 0.982799 -0.136880 0.000000 0.000000 0.000000 0.000000 1.000000
0.987494 -0.109155 0.113759 0.000000 0.092310 -0.184630 -0.978463 3.620200 0.127807 0.976728 -0.172245 0.000000 0.000000 0.000000 0.000000 1.000000
0.987193 -0.108952 0.116535 0.000000 0.091768 -0.209706 -0.973449 3.620200 0.130497 0.971675 -0.197022 -0.000000 0.000000 0.000000 0.000000 1.000000
0.987078 -0.108855 0.117593 0.000000 0.091548 -0.219208 -0.971374 3.620200 0.131517 0.969587 -0.206410 -0.000000 0.000000 0.000000 0.000000 1.000000</float_array>
        <technique_common>
          <accessor source="#mixamorig_LeftHandMiddle2-Matrix-animation-output-transform-array" count="32" stride="16">
            <param type="float4x4"/>
          </accessor>
        </technique_common>
      </source>
      <source id="mixamorig_LeftHandMiddle2-Interpolations">
        <Name_array id="mixamorig_LeftHandMiddle2-Interpolations-array" count="32">
 LINEAR LINEAR LINEAR LINEAR LINEAR LINEAR LINEAR LINEAR LINEAR LINEAR LINEAR
LINEAR LINEAR LINEAR LINEAR LINEAR LINEAR LINEAR LINEAR LINEAR LINEAR LINEAR LINEAR
LINEAR LINEAR LINEAR LINEAR LINEAR LINEAR LINEAR LINEAR LINEAR</Name_array>
        <technique_common>
          <accessor source="#mixamorig_LeftHandMiddle2-Interpolations-array" count="32">
            <param type="name"/>
          </accessor>
        </technique_common>
      </source>
      <sampler id="mixamorig_LeftHandMiddle2-Matrix-animation-transform">
        <input semantic="INPUT" source="#mixamorig_LeftHandMiddle2-Matrix-animation-input"/>
        <input semantic="OUTPUT" source="#mixamorig_LeftHandMiddle2-Matrix-animation-output-transform"/>
        <input semantic="INTERPOLATION" source="#mixamorig_LeftHandMiddle2-Interpolations"/>
      </sampler>
      <channel source="#mixamorig_LeftHandMiddle2-Matrix-animation-transform" target="mixamorig_LeftHandMiddle2/matrix"/>
    </animation>
    <animation id="mixamorig_LeftHandMiddle3-anim" name="mixamorig_LeftHandMiddle3">
      <source id="mixamorig_LeftHandMiddle3-Matrix-animation-input">
        <float_array id="mixamorig_LeftHandMiddle3-Matrix-animation-input-array" count="32">

0.000000 0.033333 0.066667 0.100000 0.133333 0.166667 0.200000 0.233333 0.266667 0.300000 0.333333 0.366667 0.400000 0.433333 0.466667 0.500000
0.533333 0.566667 0.600000 0.633333 0.666667 0.700000 0.733333 0.766667 0.800000 0.833333 0.866667 0.900000 0.933333 0.966667 1.000000 1.033333</float_array>
        <technique_common>
          <accessor source="#mixamorig_LeftHandMiddle3-Matrix-animation-input-array" count="32">
            <param name="TIME" type="float"/>
          </accessor>
        </technique_common>
      </source>
      <source id="mixamorig_LeftHandMiddle3-Matrix-animation-output-transform">
        <float_array id="mixamorig_LeftHandMiddle3-Matrix-animation-output-transform-array" count="512">

1.000000 0.000000 -0.000000 0.000000 -0.000000 1.000000 -0.000000 2.832500 0.000000 0.000000 1.000000 0.000000 0.000000 0.000000 0.000000 1.000000
1.000000 -0.000000 0.000000 0.000000 0.000000 1.000000 -0.000000 2.832500 -0.000000 0.000000 1.000000 -0.000000 0.000000 0.000000 0.000000 1.000000
1.000000 -0.000000 0.000000 0.000000 0.000000 1.000000 -0.000000 2.832500 -0.000000 0.000000 1.000000 0.000000 0.000000 0.000000 0.000000 1.000000
1.000000 0.000000 0.000000 0.000000 -0.000000 1.000000 -0.000000 2.832500 -0.000000 0.000000 1.000000 0.000000 0.000000 0.000000 0.000000 1.000000
1.000000 0.000000 -0.000000 -0.000000 -0.000000 1.000000 -0.000000 2.832500 0.000000 0.000000 1.000000 0.000000 0.000000 0.000000 0.000000 1.000000
1.000000 0.000000 -0.000000 0.000000 -0.000000 1.000000 -0.000000 2.832500 -0.000000 0.000000 1.000000 0.000000 0.000000 0.000000 0.000000 1.000000
1.000000 -0.000000 -0.000000 0.000000 0.000000 1.000000 0.000000 2.832500 0.000000 -0.000000 1.000000 0.000000 0.000000 0.000000 0.000000 1.000000
1.000000 -0.000000 -0.000000 0.000000 0.000000 1.000000 0.000000 2.832500 0.000000 -0.000000 1.000000 0.000000 0.000000 0.000000 0.000000 1.000000
1.000000 0.000000 0.000000 0.000000 -0.000000 1.000000 -0.000000 2.832500 -0.000000 0.000000 1.000000 0.000000 0.000000 0.000000 0.000000 1.000000
1.000000 -0.000000 0.000000 -0.000000 0.000000 1.000000 0.000000 2.832500 -0.000000 -0.000000 1.000000 0.000000 0.000000 0.000000 0.000000 1.000000
1.000000 0.000000 -0.000000 0.000000 -0.000000 1.000000 -0.000000 2.832500 -0.000000 0.000000 1.000000 0.000000 0.000000 0.000000 0.000000 1.000000
1.000000 -0.000000 -0.000000 0.000000 0.000000 1.000000 -0.000000 2.832500 0.000000 0.000000 1.000000 0.000000 0.000000 0.000000 0.000000 1.000000
1.000000 -0.000000 0.000000 0.000000 0.000000 1.000000 0.000000 2.832500 -0.000000 -0.000000 1.000000 0.000000 0.000000 0.000000 0.000000 1.000000
1.000000 0.000000 0.000000 0.000000 -0.000000 1.000000 -0.000000 2.832500 0.000000 0.000000 1.000000 -0.000000 0.000000 0.000000 0.000000 1.000000
1.000000 0.000000 0.000000 -0.000000 -0.000000 1.000000 -0.000000 2.832500 -0.000000 0.000000 1.000000 -0.000000 0.000000 0.000000 0.000000 1.000000
1.000000 0.000000 0.000000 0.000000 -0.000000 1.000000 -0.000000 2.832500 0.000000 0.000000 1.000000 -0.000000 0.000000 0.000000 0.000000 1.000000
1.000000 -0.000000 0.000000 -0.000000 0.000000 1.000000 0.000000 2.832500 -0.000000 -0.000000 1.000000 0.000000 0.000000 0.000000 0.000000 1.000000
1.000000 0.000000 0.000000 0.000000 -0.000000 1.000000 -0.000000 2.832500 -0.000000 0.000000 1.000000 -0.000000 0.000000 0.000000 0.000000 1.000000
1.000000 0.000000 -0.000000 0.000000 -0.000000 1.000000 0.000000 2.832500 0.000000 -0.000000 1.000000 0.000000 0.000000 0.000000 0.000000 1.000000
1.000000 -0.000000 -0.000000 0.000000 0.000000 1.000000 0.000000 2.832500 0.000000 -0.000000 1.000000 0.000000 0.000000 0.000000 0.000000 1.000000
1.000000 0.000000 -0.000000 0.000000 -0.000000 1.000000 0.000000 2.832500 0.000000 -0.000000 1.000000 -0.000000 0.000000 0.000000 0.000000 1.000000
1.000000 0.000000 0.000000 -0.000000 -0.000000 1.000000 -0.000000 2.832500 -0.000000 0.000000 1.000000 0.000000 0.000000 0.000000 0.000000 1.000000
1.000000 0.000000 -0.000000 -0.000000 -0.000000 1.000000 0.000000 2.832500 0.000000 -0.000000 1.000000 0.000000 0.000000 0.000000 0.000000 1.000000
1.000000 0.000000 0.000000 0.000000 -0.000000 1.000000 0.000000 2.832500 -0.000000 -0.000000 1.000000 -0.000000 0.000000 0.000000 0.000000 1.000000
1.000000 0.000000 0.000000 0.000000 -0.000000 1.000000 -0.000000 2.832500 0.000000 0.000000 1.000000 0.000000 0.000000 0.000000 0.000000 1.000000
1.000000 0.000000 0.000000 0.000000 -0.000000 1.000000 -0.000000 2.832500 0.000000 0.000000 1.000000 -0.000000 0.000000 0.000000 0.000000 1.000000
1.000000 0.000000 0.000000 0.000000 -0.000000 1.000000 -0.000000 2.832500 0.000000 0.000000 1.000000 0.000000 0.000000 0.000000 0.000000 1.000000
1.000000 0.000000 -0.000000 0.000000 -0.000000 1.000000 0.000000 2.832500 0.000000 -0.000000 1.000000 -0.000000 0.000000 0.000000 0.000000 1.000000
1.000000 0.000000 0.000000 0.000000 -0.000000 1.000000 -0.000000 2.832500 0.000000 0.000000 1.000000 0.000000 0.000000 0.000000 0.000000 1.000000
1.000000 0.000000 -0.000000 0.000000 -0.000000 1.000000 -0.000000 2.832500 -0.000000 0.000000 1.000000 0.000000 0.000000 0.000000 0.000000 1.000000
1.000000 0.000000 0.000000 -0.000000 -0.000000 1.000000 0.000000 2.832500 -0.000000 -0.000000 1.000000 0.000000 0.000000 0.000000 0.000000 1.000000
1.000000 0.000000 -0.000000 0.000000 -0.000000 1.000000 -0.000000 2.832500 -0.000000 0.000000 1.000000 0.000000 0.000000 0.000000 0.000000 1.000000</float_array>
        <technique_common>
          <accessor source="#mixamorig_LeftHandMiddle3-Matrix-animation-output-transform-array" count="32" stride="16">
            <param type="float4x4"/>
          </accessor>
        </technique_common>
      </source>
      <source id="mixamorig_LeftHandMiddle3-Interpolations">
        <Name_array id="mixamorig_LeftHandMiddle3-Interpolations-array" count="32">
 LINEAR LINEAR LINEAR LINEAR LINEAR LINEAR LINEAR LINEAR LINEAR LINEAR LINEAR
LINEAR LINEAR LINEAR LINEAR LINEAR LINEAR LINEAR LINEAR LINEAR LINEAR LINEAR LINEAR
LINEAR LINEAR LINEAR LINEAR LINEAR LINEAR LINEAR LINEAR LINEAR</Name_array>
        <technique_common>
          <accessor source="#mixamorig_LeftHandMiddle3-Interpolations-array" count="32">
            <param type="name"/>
          </accessor>
        </technique_common>
      </source>
      <sampler id="mixamorig_LeftHandMiddle3-Matrix-animation-transform">
        <input semantic="INPUT" source="#mixamorig_LeftHandMiddle3-Matrix-animation-input"/>
        <input semantic="OUTPUT" source="#mixamorig_LeftHandMiddle3-Matrix-animation-output-transform"/>
        <input semantic="INTERPOLATION" source="#mixamorig_LeftHandMiddle3-Interpolations"/>
      </sampler>
      <channel source="#mixamorig_LeftHandMiddle3-Matrix-animation-transform" target="mixamorig_LeftHandMiddle3/matrix"/>
    </animation>
    <animation id="mixamorig_LeftHandRing1-anim" name="mixamorig_LeftHandRing1">
      <source id="mixamorig_LeftHandRing1-Matrix-animation-input">
        <float_array id="mixamorig_LeftHandRing1-Matrix-animation-input-array" count="32">

0.000000 0.033333 0.066667 0.100000 0.133333 0.166667 0.200000 0.233333 0.266667 0.300000 0.333333 0.366667 0.400000 0.433333 0.466667 0.500000
0.533333 0.566667 0.600000 0.633333 0.666667 0.700000 0.733333 0.766667 0.800000 0.833333 0.866667 0.900000 0.933333 0.966667 1.000000 1.033333</float_array>
        <technique_common>
          <accessor source="#mixamorig_LeftHandRing1-Matrix-animation-input-array" count="32">
            <param name="TIME" type="float"/>
          </accessor>
        </technique_common>
      </source>
      <source id="mixamorig_LeftHandRing1-Matrix-animation-output-transform">
        <float_array id="mixamorig_LeftHandRing1-Matrix-animation-output-transform-array" count="512">

0.978254 -0.154391 -0.138500 3.523100 -0.059170 0.432272 -0.899800 12.918800 0.198791 0.888428 0.413736 -0.015900 0.000000 0.000000 0.000000 1.000000
0.978846 -0.150102 -0.139033 3.523100 -0.056311 0.455650 -0.888376 12.918800 0.196697 0.877412 0.437559 -0.015900 0.000000 0.000000 0.000000 1.000000
0.979488 -0.144971 -0.139956 3.523100 -0.053535 0.482376 -0.874327 12.918800 0.194263 0.863885 0.464720 -0.015900 0.000000 0.000000 0.000000 1.000000
0.980163 -0.139431 -0.140853 3.523100 -0.050867 0.509905 -0.858726 12.918800 0.191555 0.848856 0.492697 -0.015900 0.000000 0.000000 0.000000 1.000000
0.980844 -0.134002 -0.141381 3.523100 -0.048295 0.535848 -0.842932 12.918800 0.188713 0.833613 0.519112 -0.015900 0.000000 0.000000 0.000000 1.000000
0.981499 -0.129245 -0.141266 3.523100 -0.045780 0.557990 -0.828584 12.918800 0.185915 0.819721 0.541750 -0.015900 0.000000 0.000000 0.000000 1.000000
0.982091 -0.125752 -0.140297 3.523100 -0.043256 0.574267 -0.817524 12.918800 0.183374 0.808952 0.558543 -0.015900 0.000000 0.000000 0.000000 1.000000
0.982583 -0.124124 -0.138291 3.523100 -0.040628 0.582695 -0.811675 12.918800 0.181330 0.803156 0.567503 -0.015900 0.000000 0.000000 0.000000 1.000000
0.982911 -0.125471 -0.134697 3.523100 -0.037665 0.579162 -0.814342 12.918800 0.180188 0.805499 0.564539 -0.015900 0.000000 0.000000 0.000000 1.000000
0.982943 -0.132125 -0.127929 3.523100 -0.033818 0.553895 -0.831899 12.918800 0.180774 0.822036 0.539979 -0.015900 0.000000 0.000000 0.000000 1.000000
0.982795 -0.139991 -0.120481 3.523100 -0.030140 0.522012 -0.852406 12.918800 0.182222 0.841372 0.508812 -0.015900 0.000000 0.000000 0.000000 1.000000
0.982716 -0.144183 -0.116108 3.523100 -0.027923 0.504575 -0.862916 12.918800 0.183003 0.851243 0.491828 -0.015900 0.000000 0.000000 0.000000 1.000000
0.982738 -0.145858 -0.113808 3.523100 -0.026473 0.497962 -0.866795 12.918800 0.183101 0.854845 0.485504 -0.015900 0.000000 0.000000 0.000000 1.000000
0.982813 -0.146467 -0.112361 3.523100 -0.025287 0.496117 -0.867888 12.918800 0.182861 0.855813 0.483886 -0.015900 0.000000 0.000000 0.000000 1.000000
0.982937 -0.146163 -0.111676 3.523100 -0.024386 0.498216 -0.866710 12.918800 0.182320 0.854644 0.486151 -0.015900 0.000000 0.000000 0.000000 1.000000
0.983085 -0.145184 -0.111647 3.523100 -0.023747 0.503408 -0.863723 12.918800 0.181602 0.851764 0.491445 -0.015900 0.000000 0.000000 0.000000 1.000000
0.983245 -0.143696 -0.112163 3.523100 -0.023377 0.510826 -0.859366 12.918800 0.180783 0.847589 0.498908 -0.015900 0.000000 0.000000 0.000000 1.000000
0.983409 -0.141816 -0.113115 3.523100 -0.023309 0.519604 -0.854089 12.918800 0.179899 0.842556 0.507677 -0.015900 0.000000 0.000000 0.000000 1.000000
0.983556 -0.139752 -0.114401 3.523100 -0.023527 0.528892 -0.848363 12.918800 0.179066 0.837104 0.516907 -0.015900 0.000000 0.000000 0.000000 1.000000
0.983670 -0.137679 -0.115921 3.523100 -0.024026 0.537860 -0.842691 12.918800 0.178370 0.831715 0.525769 -0.015900 0.000000 0.000000 0.000000 1.000000
0.983734 -0.135792 -0.117595 3.523100 -0.024800 0.545701 -0.837613 12.918800 0.177913 0.826905 0.533456 -0.015900 0.000000 0.000000 0.000000 1.000000
0.983731 -0.134279 -0.119342 3.523100 -0.025844 0.551623 -0.833693 12.918800 0.177780 0.823214 0.539178 -0.015900 0.000000 0.000000 0.000000 1.000000
0.983646 -0.133335 -0.121089 3.523100 -0.027150 0.554847 -0.831509 12.918800 0.178055 0.821198 0.542153 -0.015900 0.000000 0.000000 0.000000 1.000000
0.983464 -0.133150 -0.122759 3.523100 -0.028722 0.554586 -0.831631 12.918800 0.178812 0.821404 0.541591 -0.015900 0.000000 0.000000 0.000000 1.000000
0.983164 -0.133930 -0.124302 3.523100 -0.030617 0.549905 -0.834666 12.918800 0.180142 0.824419 0.536547 -0.015900 0.000000 0.000000 0.000000 1.000000
0.982608 -0.136115 -0.126310 3.523100 -0.033712 0.538146 -0.842177 12.918800 0.182606 0.831788 0.524197 -0.015900 0.000000 0.000000 0.000000 1.000000
0.981786 -0.139530 -0.128948 3.523100 -0.038259 0.519610 -0.853547 12.918800 0.186098 0.842933 0.504808 -0.015900 0.000000 0.000000 0.000000 1.000000
0.980833 -0.143535 -0.131771 3.523100 -0.043657 0.497194 -0.866541 12.918800 0.189894 0.855685 0.481398 -0.015900 0.000000 0.000000 0.000000 1.000000
0.979882 -0.147542 -0.134401 3.523100 -0.049225 0.473948 -0.879176 12.918800 0.193414 0.868104 0.457150 -0.015900 0.000000 0.000000 0.000000 1.000000
0.979057 -0.151006 -0.136542 3.523100 -0.054208 0.453114 -0.889803 12.918800 0.196235 0.878570 0.435439 -0.015900 0.000000 0.000000 0.000000 1.000000
0.978479 -0.153433 -0.137973 3.523100 -0.057802 0.438075 -0.897078 12.918800 0.198084 0.885748 0.419778 -0.015900 0.000000 0.000000 0.000000 1.000000
0.978254 -0.154391 -0.138500 3.523100 -0.059170 0.432271 -0.899800 12.918800 0.198790 0.888428 0.413736 -0.015900 0.000000 0.000000 0.000000 1.000000</float_array>
        <technique_common>
          <accessor source="#mixamorig_LeftHandRing1-Matrix-animation-output-transform-array" count="32" stride="16">
            <param type="float4x4"/>
          </accessor>
        </technique_common>
      </source>
      <source id="mixamorig_LeftHandRing1-Interpolations">
        <Name_array id="mixamorig_LeftHandRing1-Interpolations-array" count="32">
 LINEAR LINEAR LINEAR LINEAR LINEAR LINEAR LINEAR LINEAR LINEAR LINEAR LINEAR
LINEAR LINEAR LINEAR LINEAR LINEAR LINEAR LINEAR LINEAR LINEAR LINEAR LINEAR LINEAR
LINEAR LINEAR LINEAR LINEAR LINEAR LINEAR LINEAR LINEAR LINEAR</Name_array>
        <technique_common>
          <accessor source="#mixamorig_LeftHandRing1-Interpolations-array" count="32">
            <param type="name"/>
          </accessor>
        </technique_common>
      </source>
      <sampler id="mixamorig_LeftHandRing1-Matrix-animation-transform">
        <input semantic="INPUT" source="#mixamorig_LeftHandRing1-Matrix-animation-input"/>
        <input semantic="OUTPUT" source="#mixamorig_LeftHandRing1-Matrix-animation-output-transform"/>
        <input semantic="INTERPOLATION" source="#mixamorig_LeftHandRing1-Interpolations"/>
      </sampler>
      <channel source="#mixamorig_LeftHandRing1-Matrix-animation-transform" target="mixamorig_LeftHandRing1/matrix"/>
    </animation>
    <animation id="mixamorig_LeftHandRing2-anim" name="mixamorig_LeftHandRing2">
      <source id="mixamorig_LeftHandRing2-Matrix-animation-input">
        <float_array id="mixamorig_LeftHandRing2-Matrix-animation-input-array" count="32">

0.000000 0.033333 0.066667 0.100000 0.133333 0.166667 0.200000 0.233333 0.266667 0.300000 0.333333 0.366667 0.400000 0.433333 0.466667 0.500000
0.533333 0.566667 0.600000 0.633333 0.666667 0.700000 0.733333 0.766667 0.800000 0.833333 0.866667 0.900000 0.933333 0.966667 1.000000 1.033333</float_array>
        <technique_common>
          <accessor source="#mixamorig_LeftHandRing2-Matrix-animation-input-array" count="32">
            <param name="TIME" type="float"/>
          </accessor>
        </technique_common>
      </source>
      <source id="mixamorig_LeftHandRing2-Matrix-animation-output-transform">
        <float_array id="mixamorig_LeftHandRing2-Matrix-animation-output-transform-array" count="512">

0.994230 -0.055244 0.091948 0.000000 0.074190 -0.264942 -0.961406 2.936000 0.077473 0.962680 -0.259315 0.000000 0.000000 0.000000 0.000000 1.000000
0.994414 -0.056782 0.088980 -0.000000 0.074969 -0.213488 -0.974065 2.936000 0.074305 0.975294 -0.208039 0.000000 0.000000 0.000000 0.000000 1.000000
0.994627 -0.058278 0.085561 0.000000 0.075556 -0.156340 -0.984809 2.936000 0.070770 0.985982 -0.151097 0.000000 0.000000 0.000000 0.000000 1.000000
0.994845 -0.059617 0.082026 0.000000 0.076018 -0.096875 -0.992389 2.936000 0.067109 0.993509 -0.091844 0.000000 0.000000 0.000000 0.000000 1.000000
0.995062 -0.060714 0.078516 0.000000 0.076260 -0.038629 -0.996339 2.936000 0.063525 0.997407 -0.033808 0.000000 0.000000 0.000000 0.000000 1.000000
0.995264 -0.061538 0.075252 0.000000 0.076298 0.014817 -0.996975 2.936000 0.060236 0.997995 0.019442 -0.000000 0.000000 0.000000 0.000000 1.000000
0.995436 -0.062095 0.072464 0.000000 0.076192 0.059938 -0.995290 2.936000 0.057460 0.996269 0.064396 0.000000 0.000000 0.000000 0.000000 1.000000
0.995565 -0.062428 0.070381 0.000000 0.076033 0.093333 -0.992727 2.936000 0.055405 0.993676 0.097666 -0.000000 0.000000 0.000000 0.000000 1.000000
0.995628 -0.062560 0.069362 0.000000 0.075922 0.109438 -0.991090 2.936000 0.054412 0.992023 0.113709 0.000000 0.000000 0.000000 0.000000 1.000000
0.995579 -0.062460 0.070155 0.000000 0.076012 0.096935 -0.992384 2.936000 0.055183 0.993329 0.101254 -0.000000 0.000000 0.000000 0.000000 1.000000
0.995481 -0.062220 0.071732 0.000000 0.076144 0.071694 -0.994516 2.936000 0.056736 0.995484 0.076108 0.000000 0.000000 0.000000 0.000000 1.000000
0.995417 -0.062040 0.072770 0.000000 0.076208 0.054986 -0.995575 2.936000 0.057764 0.996558 0.059462 0.000000 0.000000 0.000000 0.000000 1.000000
0.995381 -0.061929 0.073364 -0.000000 0.076239 0.045410 -0.996055 2.936000 0.058353 0.997047 0.049922 -0.000000 0.000000 0.000000 0.000000 1.000000
0.995353 -0.061842 0.073817 0.000000 0.076261 0.038132 -0.996358 2.936000 0.058802 0.997357 0.042670 -0.000000 0.000000 0.000000 0.000000 1.000000
0.995331 -0.061774 0.074160 0.000000 0.076275 0.032608 -0.996553 2.936000 0.059143 0.997557 0.037168 0.000000 0.000000 0.000000 0.000000 1.000000
0.995315 -0.061718 0.074426 -0.000000 0.076283 0.028290 -0.996685 2.936000 0.059408 0.997693 0.032866 0.000000 0.000000 0.000000 0.000000 1.000000
0.995301 -0.061669 0.074649 -0.000000 0.076287 0.024634 -0.996782 2.936000 0.059632 0.997793 0.029223 0.000000 0.000000 0.000000 0.000000 1.000000
0.995288 -0.061622 0.074865 -0.000000 0.076289 0.021091 -0.996863 2.936000 0.059850 0.997877 0.025692 0.000000 0.000000 0.000000 0.000000 1.000000
0.995273 -0.061566 0.075105 0.000000 0.076289 0.017113 -0.996939 2.936000 0.060092 0.997956 0.021729 -0.000000 0.000000 0.000000 0.000000 1.000000
0.995255 -0.061497 0.075407 0.000000 0.076291 0.012155 -0.997012 2.936000 0.060396 0.998033 0.016789 0.000000 0.000000 0.000000 0.000000 1.000000
0.995230 -0.061407 0.075806 -0.000000 0.076296 0.005667 -0.997069 2.936000 0.060797 0.998097 0.010325 -0.000000 0.000000 0.000000 0.000000 1.000000
0.995197 -0.061283 0.076336 -0.000000 0.076302 -0.002897 -0.997081 2.936000 0.061325 0.998116 0.001793 -0.000000 0.000000 0.000000 0.000000 1.000000
0.995155 -0.061114 0.077022 0.000000 0.076299 -0.014085 -0.996985 2.936000 0.062014 0.998031 -0.009353 0.000000 0.000000 0.000000 0.000000 1.000000
0.995101 -0.060884 0.077897 0.000000 0.076281 -0.028441 -0.996681 2.936000 0.062898 0.997740 -0.023658 0.000000 0.000000 0.000000 0.000000 1.000000
0.995032 -0.060573 0.079013 0.000000 0.076239 -0.046809 -0.995990 2.936000 0.064028 0.997066 -0.041959 0.000000 0.000000 0.000000 0.000000 1.000000
0.994928 -0.060061 0.080689 0.000000 0.076135 -0.074601 -0.994303 2.936000 0.065738 0.995403 -0.069650 0.000000 0.000000 0.000000 0.000000 1.000000
0.994789 -0.059295 0.082935 0.000000 0.075921 -0.112090 -0.990794 2.936000 0.068046 0.991927 -0.107004 0.000000 0.000000 0.000000 0.000000 1.000000
0.994635 -0.058334 0.085427 0.000000 0.075579 -0.154045 -0.985169 2.936000 0.070629 0.986340 -0.148810 0.000000 0.000000 0.000000 0.000000 1.000000
0.994480 -0.057284 0.087911 0.000000 0.075193 -0.195280 -0.977861 2.936000 0.073183 0.979073 -0.189895 0.000000 0.000000 0.000000 0.000000 1.000000
0.994351 -0.056287 0.089993 -0.000000 0.074741 -0.230741 -0.970140 2.936000 0.075371 0.971386 -0.225230 0.000000 0.000000 0.000000 0.000000 1.000000
0.994262 -0.055538 0.091421 0.000000 0.074357 -0.255550 -0.963932 2.936000 0.076898 0.965199 -0.249954 -0.000000 0.000000 0.000000 0.000000 1.000000
0.994230 -0.055244 0.091954 -0.000000 0.074197 -0.264943 -0.961405 2.936000 0.077475 0.962680 -0.259315 0.000000 0.000000 0.000000 0.000000 1.000000</float_array>
        <technique_common>
          <accessor source="#mixamorig_LeftHandRing2-Matrix-animation-output-transform-array" count="32" stride="16">
            <param type="float4x4"/>
          </accessor>
        </technique_common>
      </source>
      <source id="mixamorig_LeftHandRing2-Interpolations">
        <Name_array id="mixamorig_LeftHandRing2-Interpolations-array" count="32">
 LINEAR LINEAR LINEAR LINEAR LINEAR LINEAR LINEAR LINEAR LINEAR LINEAR LINEAR
LINEAR LINEAR LINEAR LINEAR LINEAR LINEAR LINEAR LINEAR LINEAR LINEAR LINEAR LINEAR
LINEAR LINEAR LINEAR LINEAR LINEAR LINEAR LINEAR LINEAR LINEAR</Name_array>
        <technique_common>
          <accessor source="#mixamorig_LeftHandRing2-Interpolations-array" count="32">
            <param type="name"/>
          </accessor>
        </technique_common>
      </source>
      <sampler id="mixamorig_LeftHandRing2-Matrix-animation-transform">
        <input semantic="INPUT" source="#mixamorig_LeftHandRing2-Matrix-animation-input"/>
        <input semantic="OUTPUT" source="#mixamorig_LeftHandRing2-Matrix-animation-output-transform"/>
        <input semantic="INTERPOLATION" source="#mixamorig_LeftHandRing2-Interpolations"/>
      </sampler>
      <channel source="#mixamorig_LeftHandRing2-Matrix-animation-transform" target="mixamorig_LeftHandRing2/matrix"/>
    </animation>
    <animation id="mixamorig_LeftHandRing3-anim" name="mixamorig_LeftHandRing3">
      <source id="mixamorig_LeftHandRing3-Matrix-animation-input">
        <float_array id="mixamorig_LeftHandRing3-Matrix-animation-input-array" count="32">

0.000000 0.033333 0.066667 0.100000 0.133333 0.166667 0.200000 0.233333 0.266667 0.300000 0.333333 0.366667 0.400000 0.433333 0.466667 0.500000
0.533333 0.566667 0.600000 0.633333 0.666667 0.700000 0.733333 0.766667 0.800000 0.833333 0.866667 0.900000 0.933333 0.966667 1.000000 1.033333</float_array>
        <technique_common>
          <accessor source="#mixamorig_LeftHandRing3-Matrix-animation-input-array" count="32">
            <param name="TIME" type="float"/>
          </accessor>
        </technique_common>
      </source>
      <source id="mixamorig_LeftHandRing3-Matrix-animation-output-transform">
        <float_array id="mixamorig_LeftHandRing3-Matrix-animation-output-transform-array" count="512">

1.000000 0.000000 0.000000 -0.000000 -0.000000 1.000000 -0.000000 3.435600 0.000000 0.000000 1.000000 0.000000 0.000000 0.000000 0.000000 1.000000
1.000000 -0.000000 0.000000 0.000000 0.000000 1.000000 -0.000000 3.435600 -0.000000 0.000000 1.000000 0.000000 0.000000 0.000000 0.000000 1.000000
1.000000 0.000000 -0.000000 -0.000000 -0.000000 1.000000 0.000000 3.435600 0.000000 -0.000000 1.000000 0.000000 0.000000 0.000000 0.000000 1.000000
1.000000 0.000000 -0.000000 -0.000000 -0.000000 1.000000 -0.000000 3.435600 0.000000 0.000000 1.000000 0.000000 0.000000 0.000000 0.000000 1.000000
1.000000 0.000000 -0.000000 0.000000 -0.000000 1.000000 -0.000000 3.435600 -0.000000 0.000000 1.000000 0.000000 0.000000 0.000000 0.000000 1.000000
1.000000 0.000000 0.000000 0.000000 -0.000000 1.000000 -0.000000 3.435600 -0.000000 0.000000 1.000000 0.000000 0.000000 0.000000 0.000000 1.000000
1.000000 0.000000 0.000000 -0.000000 -0.000000 1.000000 -0.000000 3.435600 -0.000000 0.000000 1.000000 0.000000 0.000000 0.000000 0.000000 1.000000
1.000000 0.000000 0.000000 -0.000000 -0.000000 1.000000 -0.000000 3.435600 0.000000 0.000000 1.000000 0.000000 0.000000 0.000000 0.000000 1.000000
1.000000 0.000000 -0.000000 0.000000 -0.000000 1.000000 -0.000000 3.435600 -0.000000 0.000000 1.000000 0.000000 0.000000 0.000000 0.000000 1.000000
1.000000 0.000000 0.000000 0.000000 -0.000000 1.000000 -0.000000 3.435600 0.000000 0.000000 1.000000 0.000000 0.000000 0.000000 0.000000 1.000000
1.000000 0.000000 0.000000 0.000000 -0.000000 1.000000 -0.000000 3.435600 0.000000 0.000000 1.000000 0.000000 0.000000 0.000000 0.000000 1.000000
1.000000 -0.000000 -0.000000 0.000000 0.000000 1.000000 -0.000000 3.435600 0.000000 0.000000 1.000000 0.000000 0.000000 0.000000 0.000000 1.000000
1.000000 -0.000000 0.000000 0.000000 0.000000 1.000000 -0.000000 3.435600 -0.000000 0.000000 1.000000 0.000000 0.000000 0.000000 0.000000 1.000000
1.000000 -0.000000 0.000000 0.000000 0.000000 1.000000 -0.000000 3.435600 -0.000000 0.000000 1.000000 0.000000 0.000000 0.000000 0.000000 1.000000
1.000000 0.000000 0.000000 0.000000 -0.000000 1.000000 -0.000000 3.435600 0.000000 0.000000 1.000000 0.000000 0.000000 0.000000 0.000000 1.000000
1.000000 -0.000000 -0.000000 0.000000 0.000000 1.000000 0.000000 3.435600 0.000000 -0.000000 1.000000 0.000000 0.000000 0.000000 0.000000 1.000000
1.000000 0.000000 0.000000 -0.000000 -0.000000 1.000000 -0.000000 3.435600 -0.000000 0.000000 1.000000 0.000000 0.000000 0.000000 0.000000 1.000000
1.000000 0.000000 0.000000 0.000000 -0.000000 1.000000 -0.000000 3.435600 -0.000000 0.000000 1.000000 -0.000000 0.000000 0.000000 0.000000 1.000000
1.000000 0.000000 0.000000 0.000000 -0.000000 1.000000 -0.000000 3.435600 0.000000 0.000000 1.000000 -0.000000 0.000000 0.000000 0.000000 1.000000
1.000000 0.000000 -0.000000 0.000000 -0.000000 1.000000 0.000000 3.435600 0.000000 -0.000000 1.000000 0.000000 0.000000 0.000000 0.000000 1.000000
1.000000 0.000000 -0.000000 0.000000 -0.000000 1.000000 -0.000000 3.435600 0.000000 0.000000 1.000000 0.000000 0.000000 0.000000 0.000000 1.000000
1.000000 -0.000000 -0.000000 0.000000 0.000000 1.000000 0.000000 3.435600 0.000000 -0.000000 1.000000 0.000000 0.000000 0.000000 0.000000 1.000000
1.000000 0.000000 0.000000 0.000000 -0.000000 1.000000 -0.000000 3.435600 -0.000000 0.000000 1.000000 -0.000000 0.000000 0.000000 0.000000 1.000000
1.000000 0.000000 -0.000000 0.000000 -0.000000 1.000000 0.000000 3.435600 0.000000 -0.000000 1.000000 0.000000 0.000000 0.000000 0.000000 1.000000
1.000000 0.000000 0.000000 0.000000 -0.000000 1.000000 -0.000000 3.435600 -0.000000 0.000000 1.000000 0.000000 0.000000 0.000000 0.000000 1.000000
1.000000 0.000000 -0.000000 0.000000 -0.000000 1.000000 0.000000 3.435600 0.000000 -0.000000 1.000000 0.000000 0.000000 0.000000 0.000000 1.000000
1.000000 0.000000 0.000000 0.000000 -0.000000 1.000000 -0.000000 3.435600 0.000000 0.000000 1.000000 0.000000 0.000000 0.000000 0.000000 1.000000
1.000000 0.000000 -0.000000 0.000000 -0.000000 1.000000 -0.000000 3.435600 -0.000000 0.000000 1.000000 0.000000 0.000000 0.000000 0.000000 1.000000
1.000000 0.000000 0.000000 0.000000 -0.000000 1.000000 -0.000000 3.435600 -0.000000 0.000000 1.000000 0.000000 0.000000 0.000000 0.000000 1.000000
1.000000 -0.000000 0.000000 -0.000000 0.000000 1.000000 0.000000 3.435600 -0.000000 -0.000000 1.000000 0.000000 0.000000 0.000000 0.000000 1.000000
1.000000 0.000000 -0.000000 0.000000 -0.000000 1.000000 -0.000000 3.435600 -0.000000 0.000000 1.000000 0.000000 0.000000 0.000000 0.000000 1.000000
1.000000 -0.000000 -0.000000 0.000000 0.000000 1.000000 -0.000000 3.435600 0.000000 0.000000 1.000000 0.000000 0.000000 0.000000 0.000000 1.000000</float_array>
        <technique_common>
          <accessor source="#mixamorig_LeftHandRing3-Matrix-animation-output-transform-array" count="32" stride="16">
            <param type="float4x4"/>
          </accessor>
        </technique_common>
      </source>
      <source id="mixamorig_LeftHandRing3-Interpolations">
        <Name_array id="mixamorig_LeftHandRing3-Interpolations-array" count="32">
 LINEAR LINEAR LINEAR LINEAR LINEAR LINEAR LINEAR LINEAR LINEAR LINEAR LINEAR
LINEAR LINEAR LINEAR LINEAR LINEAR LINEAR LINEAR LINEAR LINEAR LINEAR LINEAR LINEAR
LINEAR LINEAR LINEAR LINEAR LINEAR LINEAR LINEAR LINEAR LINEAR</Name_array>
        <technique_common>
          <accessor source="#mixamorig_LeftHandRing3-Interpolations-array" count="32">
            <param type="name"/>
          </accessor>
        </technique_common>
      </source>
      <sampler id="mixamorig_LeftHandRing3-Matrix-animation-transform">
        <input semantic="INPUT" source="#mixamorig_LeftHandRing3-Matrix-animation-input"/>
        <input semantic="OUTPUT" source="#mixamorig_LeftHandRing3-Matrix-animation-output-transform"/>
        <input semantic="INTERPOLATION" source="#mixamorig_LeftHandRing3-Interpolations"/>
      </sampler>
      <channel source="#mixamorig_LeftHandRing3-Matrix-animation-transform" target="mixamorig_LeftHandRing3/matrix"/>
    </animation>
    <animation id="mixamorig_LeftHandPinky1-anim" name="mixamorig_LeftHandPinky1">
      <source id="mixamorig_LeftHandPinky1-Matrix-animation-input">
        <float_array id="mixamorig_LeftHandPinky1-Matrix-animation-input-array" count="32">

0.000000 0.033333 0.066667 0.100000 0.133333 0.166667 0.200000 0.233333 0.266667 0.300000 0.333333 0.366667 0.400000 0.433333 0.466667 0.500000
0.533333 0.566667 0.600000 0.633333 0.666667 0.700000 0.733333 0.766667 0.800000 0.833333 0.866667 0.900000 0.933333 0.966667 1.000000 1.033333</float_array>
        <technique_common>
          <accessor source="#mixamorig_LeftHandPinky1-Matrix-animation-input-array" count="32">
            <param name="TIME" type="float"/>
          </accessor>
        </technique_common>
      </source>
      <source id="mixamorig_LeftHandPinky1-Matrix-animation-output-transform">
        <float_array id="mixamorig_LeftHandPinky1-Matrix-animation-output-transform-array" count="512">

0.956994 -0.212908 -0.197060 6.518400 -0.134663 0.275642 -0.951781 11.479300 0.256960 0.937385 0.235117 0.316100 0.000000 0.000000 0.000000 1.000000
0.957989 -0.206420 -0.199116 6.518400 -0.131670 0.300231 -0.944735 11.479300 0.254793 0.931264 0.260438 0.316100 0.000000 0.000000 0.000000 1.000000
0.959085 -0.198666 -0.201712 6.518400 -0.128749 0.328486 -0.935693 11.479300 0.252150 0.923379 0.289468 0.316100 0.000000 0.000000 0.000000 1.000000
0.960234 -0.190316 -0.204280 6.518400 -0.125936 0.357763 -0.925281 11.479300 0.249179 0.914213 0.319569 0.316100 0.000000 0.000000 0.000000 1.000000
0.961381 -0.182093 -0.206372 6.518400 -0.123271 0.385524 -0.914426 11.479300 0.246072 0.904551 0.348188 0.316100 0.000000 0.000000 0.000000 1.000000
0.962482 -0.174727 -0.207602 6.518400 -0.120755 0.409334 -0.904358 11.479300 0.242994 0.895498 0.372877 0.316100 0.000000 0.000000 0.000000 1.000000
0.963495 -0.168987 -0.207656 6.518400 -0.118355 0.426874 -0.896533 11.479300 0.240145 0.888382 0.391290 0.316100 0.000000 0.000000 0.000000 1.000000
0.964373 -0.165657 -0.206256 6.518400 -0.116007 0.435889 -0.892493 11.479300 0.237752 0.884623 0.401142 0.316100 0.000000 0.000000 0.000000 1.000000
0.965054 -0.166148 -0.202648 6.518400 -0.113550 0.431814 -0.894787 11.479300 0.236173 0.886528 0.397857 0.316100 0.000000 0.000000 0.000000 1.000000
0.965413 -0.173361 -0.194741 6.518400 -0.110613 0.404033 -0.908032 11.479300 0.236099 0.898167 0.370883 0.316100 0.000000 0.000000 0.000000 1.000000
0.965543 -0.182267 -0.185754 6.518400 -0.107856 0.369324 -0.923021 11.479300 0.236840 0.911251 0.336940 0.316100 0.000000 0.000000 0.000000 1.000000
0.965649 -0.186896 -0.180534 6.518400 -0.106145 0.350444 -0.930550 11.479300 0.237183 0.917747 0.318567 0.316100 0.000000 0.000000 0.000000 1.000000
0.965819 -0.188500 -0.177933 6.518400 -0.104958 0.343261 -0.933357 11.479300 0.237016 0.920130 0.311744 0.316100 0.000000 0.000000 0.000000 1.000000
0.966036 -0.188798 -0.176434 6.518400 -0.103940 0.341207 -0.934224 11.479300 0.236580 0.920833 0.309994 0.316100 0.000000 0.000000 0.000000 1.000000
0.966283 -0.188034 -0.175900 6.518400 -0.103112 0.343393 -0.933514 11.479300 0.235936 0.920176 0.312426 0.316100 0.000000 0.000000 0.000000 1.000000
0.966535 -0.186473 -0.176176 6.518400 -0.102481 0.348913 -0.931535 11.479300 0.235177 0.918416 0.318127 0.316100 0.000000 0.000000 0.000000 1.000000
0.966780 -0.184302 -0.177111 6.518400 -0.102083 0.356847 -0.928568 11.479300 0.234339 0.915802 0.326179 0.316100 0.000000 0.000000 0.000000 1.000000
0.967003 -0.181750 -0.178527 6.518400 -0.101914 0.366273 -0.924910 11.479300 0.233492 0.912585 0.335664 0.316100 0.000000 0.000000 0.000000 1.000000
0.967178 -0.179058 -0.180293 6.518400 -0.101997 0.376288 -0.920871 11.479300 0.232732 0.909036 0.345674 0.316100 0.000000 0.000000 0.000000 1.000000
0.967284 -0.176465 -0.182266 6.518400 -0.102336 0.385998 -0.916806 11.479300 0.232139 0.905464 0.355311 0.316100 0.000000 0.000000 0.000000 1.000000
0.967304 -0.174223 -0.184308 6.518400 -0.102922 0.394526 -0.913103 11.479300 0.231798 0.902217 0.363695 0.316100 0.000000 0.000000 0.000000 1.000000
0.967206 -0.172631 -0.186309 6.518400 -0.103749 0.401015 -0.910178 11.479300 0.231837 0.899659 0.369954 0.316100 0.000000 0.000000 0.000000 1.000000
0.966977 -0.171918 -0.188149 6.518400 -0.104830 0.404603 -0.908464 11.479300 0.232307 0.898187 0.373220 0.316100 0.000000 0.000000 0.000000 1.000000
0.966596 -0.172343 -0.189710 6.518400 -0.106176 0.404429 -0.908385 11.479300 0.233278 0.898184 0.372621 0.316100 0.000000 0.000000 0.000000 1.000000
0.966030 -0.174202 -0.190891 6.518400 -0.107855 0.399485 -0.910373 11.479300 0.234847 0.900036 0.367126 0.316100 0.000000 0.000000 0.000000 1.000000
0.965017 -0.178448 -0.192091 6.518400 -0.110662 0.386972 -0.915427 11.479300 0.237690 0.904660 0.353687 0.316100 0.000000 0.000000 0.000000 1.000000
0.963523 -0.184912 -0.193473 6.518400 -0.114845 0.367297 -0.922986 11.479300 0.241733 0.911538 0.332663 0.316100 0.000000 0.000000 0.000000 1.000000
0.961780 -0.192462 -0.194777 6.518400 -0.119872 0.343607 -0.931432 11.479300 0.246192 0.919180 0.307404 0.316100 0.000000 0.000000 0.000000 1.000000
0.960024 -0.200019 -0.195823 6.518400 -0.125120 0.319165 -0.939403 11.479300 0.250398 0.926351 0.281379 0.316100 0.000000 0.000000 0.000000 1.000000
0.958490 -0.206570 -0.196537 6.518400 -0.129868 0.297361 -0.945892 11.479300 0.253835 0.932151 0.258191 0.316100 0.000000 0.000000 0.000000 1.000000
0.957405 -0.211172 -0.196932 6.518400 -0.133321 0.281681 -0.950201 11.479300 0.256128 0.935982 0.241529 0.316100 0.000000 0.000000 0.000000 1.000000
0.956997 -0.212917 -0.197034 6.518400 -0.134636 0.275638 -0.951786 11.479300 0.256962 0.937385 0.235118 0.316100 0.000000 0.000000 0.000000 1.000000</float_array>
        <technique_common>
          <accessor source="#mixamorig_LeftHandPinky1-Matrix-animation-output-transform-array" count="32" stride="16">
            <param type="float4x4"/>
          </accessor>
        </technique_common>
      </source>
      <source id="mixamorig_LeftHandPinky1-Interpolations">
        <Name_array id="mixamorig_LeftHandPinky1-Interpolations-array" count="32">
 LINEAR LINEAR LINEAR LINEAR LINEAR LINEAR LINEAR LINEAR LINEAR LINEAR LINEAR
LINEAR LINEAR LINEAR LINEAR LINEAR LINEAR LINEAR LINEAR LINEAR LINEAR LINEAR LINEAR
LINEAR LINEAR LINEAR LINEAR LINEAR LINEAR LINEAR LINEAR LINEAR</Name_array>
        <technique_common>
          <accessor source="#mixamorig_LeftHandPinky1-Interpolations-array" count="32">
            <param type="name"/>
          </accessor>
        </technique_common>
      </source>
      <sampler id="mixamorig_LeftHandPinky1-Matrix-animation-transform">
        <input semantic="INPUT" source="#mixamorig_LeftHandPinky1-Matrix-animation-input"/>
        <input semantic="OUTPUT" source="#mixamorig_LeftHandPinky1-Matrix-animation-output-transform"/>
        <input semantic="INTERPOLATION" source="#mixamorig_LeftHandPinky1-Interpolations"/>
      </sampler>
      <channel source="#mixamorig_LeftHandPinky1-Matrix-animation-transform" target="mixamorig_LeftHandPinky1/matrix"/>
    </animation>
    <animation id="mixamorig_LeftHandPinky2-anim" name="mixamorig_LeftHandPinky2">
      <source id="mixamorig_LeftHandPinky2-Matrix-animation-input">
        <float_array id="mixamorig_LeftHandPinky2-Matrix-animation-input-array" count="32">

0.000000 0.033333 0.066667 0.100000 0.133333 0.166667 0.200000 0.233333 0.266667 0.300000 0.333333 0.366667 0.400000 0.433333 0.466667 0.500000
0.533333 0.566667 0.600000 0.633333 0.666667 0.700000 0.733333 0.766667 0.800000 0.833333 0.866667 0.900000 0.933333 0.966667 1.000000 1.033333</float_array>
        <technique_common>
          <accessor source="#mixamorig_LeftHandPinky2-Matrix-animation-input-array" count="32">
            <param name="TIME" type="float"/>
          </accessor>
        </technique_common>
      </source>
      <source id="mixamorig_LeftHandPinky2-Matrix-animation-output-transform">
        <float_array id="mixamorig_LeftHandPinky2-Matrix-animation-output-transform-array" count="512">

0.993663 -0.019217 0.110744 0.000000 0.108088 -0.106873 -0.988380 2.474700 0.030829 0.994087 -0.104119 0.000000 0.000000 0.000000 0.000000 1.000000
0.993688 -0.023930 0.109600 0.000000 0.108179 -0.054249 -0.992650 2.474700 0.029700 0.998241 -0.051317 -0.000000 0.000000 0.000000 0.000000 1.000000
0.993721 -0.029025 0.108059 0.000000 0.108210 0.003671 -0.994121 2.474700 0.028458 0.999572 0.006789 0.000000 0.000000 0.000000 0.000000 1.000000
0.993761 -0.034174 0.106164 0.000000 0.108167 0.063365 -0.992111 2.474700 0.027177 0.997405 0.066666 -0.000000 0.000000 0.000000 0.000000 1.000000
0.993807 -0.039071 0.104025 0.000000 0.108051 0.121281 -0.986720 2.474700 0.025936 0.991849 0.124752 0.000000 0.000000 0.000000 0.000000 1.000000
0.993854 -0.043437 0.101819 -0.000000 0.107882 0.173945 -0.978828 2.474700 0.024806 0.983797 0.177562 0.000000 0.000000 0.000000 0.000000 1.000000
0.993898 -0.047030 0.099776 0.000000 0.107693 0.218053 -0.969977 2.474700 0.023861 0.974803 0.221787 0.000000 0.000000 0.000000 0.000000 1.000000
0.993932 -0.049633 0.098158 0.000000 0.107525 0.250487 -0.962130 2.474700 0.023166 0.966847 0.254304 0.000000 0.000000 0.000000 0.000000 1.000000
0.993950 -0.050871 0.097344 0.000000 0.107436 0.266065 -0.957949 2.474700 0.022832 0.962612 0.269921 0.000000 0.000000 0.000000 0.000000 1.000000
0.993936 -0.049911 0.097977 0.000000 0.107505 0.253975 -0.961218 2.474700 0.023091 0.965922 0.257800 0.000000 0.000000 0.000000 0.000000 1.000000
0.993910 -0.047952 0.099217 0.000000 0.107637 0.229491 -0.967341 2.474700 0.023616 0.972129 0.233255 0.000000 0.000000 0.000000 0.000000 1.000000
0.993893 -0.046640 0.100009 0.000000 0.107716 0.213227 -0.971047 2.474700 0.023965 0.975889 0.216949 0.000000 0.000000 0.000000 0.000000 1.000000
0.993883 -0.045882 0.100452 0.000000 0.107759 0.203886 -0.973046 2.474700 0.024165 0.977919 0.207583 0.000000 0.000000 0.000000 0.000000 1.000000
0.993876 -0.045305 0.100785 0.000000 0.107790 0.196777 -0.974505 2.474700 0.024317 0.979401 0.200456 0.000000 0.000000 0.000000 0.000000 1.000000
0.993871 -0.044864 0.101034 0.000000 0.107813 0.191375 -0.975578 2.474700 0.024433 0.980491 0.195039 -0.000000 0.000000 0.000000 0.000000 1.000000
0.993867 -0.044519 0.101227 0.000000 0.107831 0.187150 -0.976395 2.474700 0.024524 0.981322 0.190802 0.000000 0.000000 0.000000 0.000000 1.000000
0.993863 -0.044226 0.101389 -0.000000 0.107845 0.183569 -0.977073 2.474700 0.024600 0.982011 0.187212 0.000000 0.000000 0.000000 0.000000 1.000000
0.993860 -0.043942 0.101545 -0.000000 0.107859 0.180098 -0.977717 2.474700 0.024675 0.982667 0.183731 0.000000 0.000000 0.000000 0.000000 1.000000
0.993856 -0.043622 0.101719 0.000000 0.107874 0.176198 -0.978426 2.474700 0.024758 0.983388 0.179821 0.000000 0.000000 0.000000 0.000000 1.000000
0.993852 -0.043223 0.101935 -0.000000 0.107892 0.171333 -0.979288 2.474700 0.024863 0.984265 0.174943 0.000000 0.000000 0.000000 0.000000 1.000000
0.993846 -0.042698 0.102213 0.000000 0.107916 0.164962 -0.980378 2.474700 0.024999 0.985375 0.168555 -0.000000 0.000000 0.000000 0.000000 1.000000
0.993838 -0.042004 0.102576 -0.000000 0.107945 0.156542 -0.981755 2.474700 0.025180 0.986778 0.160111 0.000000 0.000000 0.000000 0.000000 1.000000
0.993828 -0.041091 0.103041 0.000000 0.107981 0.145522 -0.983445 2.474700 0.025416 0.988501 0.149061 0.000000 0.000000 0.000000 0.000000 1.000000
0.993816 -0.039913 0.103623 0.000000 0.108024 0.131354 -0.985432 2.474700 0.025720 0.990532 0.134853 -0.000000 0.000000 0.000000 0.000000 1.000000
0.993800 -0.038392 0.104342 -0.000000 0.108072 0.113180 -0.987680 2.474700 0.026110 0.992833 0.116627 0.000000 0.000000 0.000000 0.000000 1.000000
0.993778 -0.036064 0.105379 -0.000000 0.108131 0.085577 -0.990446 2.474700 0.026701 0.995679 0.088944 0.000000 0.000000 0.000000 0.000000 1.000000
0.993750 -0.032871 0.106677 0.000000 0.108185 0.048146 -0.992964 2.474700 0.027504 0.998299 0.051401 -0.000000 0.000000 0.000000 0.000000 1.000000
0.993722 -0.029226 0.107991 0.000000 0.108210 0.005986 -0.994110 2.474700 0.028408 0.999555 0.009111 0.000000 0.000000 0.000000 0.000000 1.000000
0.993698 -0.025569 0.109139 0.000000 0.108197 -0.035735 -0.993487 2.474700 0.029303 0.999034 -0.032743 0.000000 0.000000 0.000000 0.000000 1.000000
0.993679 -0.022363 0.110009 0.000000 0.108155 -0.071842 -0.991535 2.474700 0.030077 0.997165 -0.068970 -0.000000 0.000000 0.000000 0.000000 1.000000
0.993667 -0.020086 0.110552 0.000000 0.108109 -0.097233 -0.989373 2.474700 0.030622 0.995059 -0.094445 0.000000 0.000000 0.000000 0.000000 1.000000
0.993663 -0.019217 0.110744 0.000000 0.108088 -0.106874 -0.988380 2.474700 0.030829 0.994087 -0.104120 -0.000000 0.000000 0.000000 0.000000 1.000000</float_array>
        <technique_common>
          <accessor source="#mixamorig_LeftHandPinky2-Matrix-animation-output-transform-array" count="32" stride="16">
            <param type="float4x4"/>
          </accessor>
        </technique_common>
      </source>
      <source id="mixamorig_LeftHandPinky2-Interpolations">
        <Name_array id="mixamorig_LeftHandPinky2-Interpolations-array" count="32">
 LINEAR LINEAR LINEAR LINEAR LINEAR LINEAR LINEAR LINEAR LINEAR LINEAR LINEAR
LINEAR LINEAR LINEAR LINEAR LINEAR LINEAR LINEAR LINEAR LINEAR LINEAR LINEAR LINEAR
LINEAR LINEAR LINEAR LINEAR LINEAR LINEAR LINEAR LINEAR LINEAR</Name_array>
        <technique_common>
          <accessor source="#mixamorig_LeftHandPinky2-Interpolations-array" count="32">
            <param type="name"/>
          </accessor>
        </technique_common>
      </source>
      <sampler id="mixamorig_LeftHandPinky2-Matrix-animation-transform">
        <input semantic="INPUT" source="#mixamorig_LeftHandPinky2-Matrix-animation-input"/>
        <input semantic="OUTPUT" source="#mixamorig_LeftHandPinky2-Matrix-animation-output-transform"/>
        <input semantic="INTERPOLATION" source="#mixamorig_LeftHandPinky2-Interpolations"/>
      </sampler>
      <channel source="#mixamorig_LeftHandPinky2-Matrix-animation-transform" target="mixamorig_LeftHandPinky2/matrix"/>
    </animation>
    <animation id="mixamorig_LeftHandPinky3-anim" name="mixamorig_LeftHandPinky3">
      <source id="mixamorig_LeftHandPinky3-Matrix-animation-input">
        <float_array id="mixamorig_LeftHandPinky3-Matrix-animation-input-array" count="32">

0.000000 0.033333 0.066667 0.100000 0.133333 0.166667 0.200000 0.233333 0.266667 0.300000 0.333333 0.366667 0.400000 0.433333 0.466667 0.500000
0.533333 0.566667 0.600000 0.633333 0.666667 0.700000 0.733333 0.766667 0.800000 0.833333 0.866667 0.900000 0.933333 0.966667 1.000000 1.033333</float_array>
        <technique_common>
          <accessor source="#mixamorig_LeftHandPinky3-Matrix-animation-input-array" count="32">
            <param name="TIME" type="float"/>
          </accessor>
        </technique_common>
      </source>
      <source id="mixamorig_LeftHandPinky3-Matrix-animation-output-transform">
        <float_array id="mixamorig_LeftHandPinky3-Matrix-animation-output-transform-array" count="512">

1.000000 0.000000 0.000000 0.000000 -0.000000 1.000000 -0.000000 2.073800 -0.000000 0.000000 1.000000 0.000000 0.000000 0.000000 0.000000 1.000000
1.000000 -0.000000 -0.000000 0.000000 0.000000 1.000000 0.000000 2.073800 0.000000 -0.000000 1.000000 0.000000 0.000000 0.000000 0.000000 1.000000
1.000000 0.000000 -0.000000 0.000000 -0.000000 1.000000 -0.000000 2.073800 0.000000 0.000000 1.000000 0.000000 0.000000 0.000000 0.000000 1.000000
1.000000 -0.000000 -0.000000 -0.000000 0.000000 1.000000 0.000000 2.073800 -0.000000 -0.000000 1.000000 0.000000 0.000000 0.000000 0.000000 1.000000
1.000000 -0.000000 0.000000 -0.000000 0.000000 1.000000 -0.000000 2.073800 -0.000000 0.000000 1.000000 0.000000 0.000000 0.000000 0.000000 1.000000
1.000000 0.000000 0.000000 -0.000000 0.000000 1.000000 0.000000 2.073800 -0.000000 -0.000000 1.000000 0.000000 0.000000 0.000000 0.000000 1.000000
1.000000 0.000000 -0.000000 0.000000 -0.000000 1.000000 0.000000 2.073800 -0.000000 -0.000000 1.000000 -0.000000 0.000000 0.000000 0.000000 1.000000
1.000000 0.000000 0.000000 0.000000 -0.000000 1.000000 0.000000 2.073800 0.000000 -0.000000 1.000000 0.000000 0.000000 0.000000 0.000000 1.000000
1.000000 -0.000000 0.000000 0.000000 0.000000 1.000000 0.000000 2.073800 0.000000 -0.000000 1.000000 -0.000000 0.000000 0.000000 0.000000 1.000000
1.000000 0.000000 0.000000 0.000000 0.000000 1.000000 0.000000 2.073800 0.000000 -0.000000 1.000000 0.000000 0.000000 0.000000 0.000000 1.000000
1.000000 -0.000000 -0.000000 0.000000 0.000000 1.000000 0.000000 2.073800 0.000000 -0.000000 1.000000 0.000000 0.000000 0.000000 0.000000 1.000000
1.000000 -0.000000 -0.000000 0.000000 0.000000 1.000000 0.000000 2.073800 0.000000 -0.000000 1.000000 0.000000 0.000000 0.000000 0.000000 1.000000
1.000000 0.000000 0.000000 0.000000 0.000000 1.000000 0.000000 2.073800 -0.000000 -0.000000 1.000000 0.000000 0.000000 0.000000 0.000000 1.000000
1.000000 0.000000 0.000000 -0.000000 0.000000 1.000000 0.000000 2.073800 0.000000 -0.000000 1.000000 -0.000000 0.000000 0.000000 0.000000 1.000000
1.000000 0.000000 0.000000 0.000000 -0.000000 1.000000 0.000000 2.073800 -0.000000 -0.000000 1.000000 0.000000 0.000000 0.000000 0.000000 1.000000
1.000000 0.000000 0.000000 0.000000 -0.000000 1.000000 0.000000 2.073800 -0.000000 -0.000000 1.000000 -0.000000 0.000000 0.000000 0.000000 1.000000
1.000000 0.000000 0.000000 -0.000000 0.000000 1.000000 0.000000 2.073800 -0.000000 -0.000000 1.000000 0.000000 0.000000 0.000000 0.000000 1.000000
1.000000 -0.000000 0.000000 0.000000 -0.000000 1.000000 0.000000 2.073800 -0.000000 -0.000000 1.000000 -0.000000 0.000000 0.000000 0.000000 1.000000
1.000000 -0.000000 0.000000 0.000000 0.000000 1.000000 0.000000 2.073800 -0.000000 -0.000000 1.000000 -0.000000 0.000000 0.000000 0.000000 1.000000
1.000000 -0.000000 0.000000 -0.000000 0.000000 1.000000 -0.000000 2.073800 -0.000000 0.000000 1.000000 0.000000 0.000000 0.000000 0.000000 1.000000
1.000000 0.000000 -0.000000 0.000000 -0.000000 1.000000 -0.000000 2.073800 0.000000 0.000000 1.000000 0.000000 0.000000 0.000000 0.000000 1.000000
1.000000 -0.000000 0.000000 0.000000 0.000000 1.000000 0.000000 2.073800 -0.000000 -0.000000 1.000000 0.000000 0.000000 0.000000 0.000000 1.000000
1.000000 -0.000000 -0.000000 0.000000 0.000000 1.000000 0.000000 2.073800 0.000000 -0.000000 1.000000 0.000000 0.000000 0.000000 0.000000 1.000000
1.000000 0.000000 -0.000000 -0.000000 -0.000000 1.000000 -0.000000 2.073800 0.000000 0.000000 1.000000 0.000000 0.000000 0.000000 0.000000 1.000000
1.000000 0.000000 -0.000000 0.000000 -0.000000 1.000000 0.000000 2.073800 0.000000 -0.000000 1.000000 0.000000 0.000000 0.000000 0.000000 1.000000
1.000000 0.000000 0.000000 0.000000 0.000000 1.000000 -0.000000 2.073800 -0.000000 0.000000 1.000000 0.000000 0.000000 0.000000 0.000000 1.000000
1.000000 0.000000 0.000000 0.000000 -0.000000 1.000000 0.000000 2.073800 -0.000000 -0.000000 1.000000 0.000000 0.000000 0.000000 0.000000 1.000000
1.000000 0.000000 -0.000000 0.000000 -0.000000 1.000000 0.000000 2.073800 0.000000 -0.000000 1.000000 0.000000 0.000000 0.000000 0.000000 1.000000
1.000000 -0.000000 0.000000 0.000000 0.000000 1.000000 0.000000 2.073800 -0.000000 -0.000000 1.000000 0.000000 0.000000 0.000000 0.000000 1.000000
1.000000 0.000000 0.000000 0.000000 -0.000000 1.000000 0.000000 2.073800 -0.000000 -0.000000 1.000000 0.000000 0.000000 0.000000 0.000000 1.000000
1.000000 0.000000 -0.000000 -0.000000 0.000000 1.000000 0.000000 2.073800 -0.000000 -0.000000 1.000000 -0.000000 0.000000 0.000000 0.000000 1.000000
1.000000 -0.000000 0.000000 -0.000000 0.000000 1.000000 0.000000 2.073800 -0.000000 -0.000000 1.000000 0.000000 0.000000 0.000000 0.000000 1.000000</float_array>
        <technique_common>
          <accessor source="#mixamorig_LeftHandPinky3-Matrix-animation-output-transform-array" count="32" stride="16">
            <param type="float4x4"/>
          </accessor>
        </technique_common>
      </source>
      <source id="mixamorig_LeftHandPinky3-Interpolations">
        <Name_array id="mixamorig_LeftHandPinky3-Interpolations-array" count="32">
 LINEAR LINEAR LINEAR LINEAR LINEAR LINEAR LINEAR LINEAR LINEAR LINEAR LINEAR
LINEAR LINEAR LINEAR LINEAR LINEAR LINEAR LINEAR LINEAR LINEAR LINEAR LINEAR LINEAR
LINEAR LINEAR LINEAR LINEAR LINEAR LINEAR LINEAR LINEAR LINEAR</Name_array>
        <technique_common>
          <accessor source="#mixamorig_LeftHandPinky3-Interpolations-array" count="32">
            <param type="name"/>
          </accessor>
        </technique_common>
      </source>
      <sampler id="mixamorig_LeftHandPinky3-Matrix-animation-transform">
        <input semantic="INPUT" source="#mixamorig_LeftHandPinky3-Matrix-animation-input"/>
        <input semantic="OUTPUT" source="#mixamorig_LeftHandPinky3-Matrix-animation-output-transform"/>
        <input semantic="INTERPOLATION" source="#mixamorig_LeftHandPinky3-Interpolations"/>
      </sampler>
      <channel source="#mixamorig_LeftHandPinky3-Matrix-animation-transform" target="mixamorig_LeftHandPinky3/matrix"/>
    </animation>
    <animation id="mixamorig_RightShoulder-anim" name="mixamorig_RightShoulder">
      <source id="mixamorig_RightShoulder-Matrix-animation-input">
        <float_array id="mixamorig_RightShoulder-Matrix-animation-input-array" count="32">

0.000000 0.033333 0.066667 0.100000 0.133333 0.166667 0.200000 0.233333 0.266667 0.300000 0.333333 0.366667 0.400000 0.433333 0.466667 0.500000
0.533333 0.566667 0.600000 0.633333 0.666667 0.700000 0.733333 0.766667 0.800000 0.833333 0.866667 0.900000 0.933333 0.966667 1.000000 1.033333</float_array>
        <technique_common>
          <accessor source="#mixamorig_RightShoulder-Matrix-animation-input-array" count="32">
            <param name="TIME" type="float"/>
          </accessor>
        </technique_common>
      </source>
      <source id="mixamorig_RightShoulder-Matrix-animation-output-transform">
        <float_array id="mixamorig_RightShoulder-Matrix-animation-output-transform-array" count="512">

0.114065 -0.707439 0.697509 -11.278600 -0.039559 -0.704769 -0.708333 19.886000 0.992685 0.053203 -0.108375 -3.966000 0.000000 0.000000 0.000000 1.000000
0.127022 -0.715662 0.686799 -11.278600 -0.037782 -0.695396 -0.717633 19.886000 0.991180 0.065206 -0.115369 -3.966000 0.000000 0.000000 0.000000 1.000000
0.134070 -0.729088 0.671161 -11.278600 -0.037743 -0.680540 -0.731738 19.886000 0.990253 0.072773 -0.118758 -3.966000 0.000000 0.000000 0.000000 1.000000
0.141666 -0.740084 0.657424 -11.278600 -0.037549 -0.667662 -0.743517 19.886000 0.989202 0.080645 -0.122374 -3.966000 0.000000 0.000000 0.000000 1.000000
0.149912 -0.744838 0.650186 -11.278600 -0.036736 -0.661360 -0.749168 19.886000 0.988017 0.088424 -0.126508 -3.966000 0.000000 0.000000 0.000000 1.000000
0.156162 -0.752954 0.639275 -11.278600 -0.036701 -0.651192 -0.758025 19.886000 0.987049 0.094913 -0.129326 -3.966000 0.000000 0.000000 0.000000 1.000000
0.160571 -0.760901 0.628687 -11.278600 -0.037009 -0.641145 -0.766527 19.886000 0.986330 0.099815 -0.131109 -3.966000 0.000000 0.000000 0.000000 1.000000
0.167556 -0.772631 0.612344 -11.278600 -0.037544 -0.625676 -0.779179 19.886000 0.985147 0.107566 -0.133844 -3.966000 0.000000 0.000000 0.000000 1.000000
0.163256 -0.781113 0.602669 -11.278600 -0.039160 -0.615514 -0.787153 19.886000 0.985806 0.104907 -0.131074 -3.966000 0.000000 0.000000 0.000000 1.000000
0.151338 -0.782325 0.604206 -11.278600 -0.040748 -0.615664 -0.786954 19.886000 0.987642 0.094476 -0.125052 -3.966000 0.000000 0.000000 0.000000 1.000000
0.144921 -0.768200 0.623592 -11.278600 -0.039985 -0.634277 -0.772071 19.886000 0.988635 0.086955 -0.122637 -3.966000 0.000000 0.000000 0.000000 1.000000
0.140465 -0.756002 0.639320 -11.278600 -0.039331 -0.649473 -0.759367 19.886000 0.989304 0.081519 -0.120963 -3.966000 0.000000 0.000000 0.000000 1.000000
0.131037 -0.765666 0.629749 -11.278600 -0.041620 -0.638915 -0.768150 19.886000 0.990503 0.074446 -0.115588 -3.966000 0.000000 0.000000 0.000000 1.000000
0.124371 -0.755680 0.643024 -11.278600 -0.041660 -0.651461 -0.757538 19.886000 0.991361 0.067427 -0.112504 -3.966000 0.000000 0.000000 0.000000 1.000000
0.124605 -0.738894 0.662201 -11.278600 -0.040164 -0.670611 -0.740721 19.886000 0.991393 0.065701 -0.113238 -3.966000 0.000000 0.000000 0.000000 1.000000
0.112506 -0.726098 0.678324 -11.278600 -0.041168 -0.685478 -0.726928 19.886000 0.992798 0.053859 -0.107012 -3.966000 0.000000 0.000000 0.000000 1.000000
0.092136 -0.709855 0.698296 -11.278600 -0.043764 -0.703488 -0.709358 19.886000 0.994784 0.034797 -0.095883 -3.966000 0.000000 0.000000 0.000000 1.000000
0.076665 -0.699021 0.710980 -11.278600 -0.046170 -0.714802 -0.697801 19.886000 0.995987 0.020671 -0.087075 -3.966000 0.000000 0.000000 0.000000 1.000000
0.078956 -0.679696 0.729232 -11.278600 -0.044828 -0.733196 -0.678538 19.886000 0.995870 0.020885 -0.088360 -3.966000 0.000000 0.000000 0.000000 1.000000
0.071127 -0.683340 0.726627 -11.278600 -0.046600 -0.729953 -0.681907 19.886000 0.996378 0.014641 -0.083763 -3.966000 0.000000 0.000000 0.000000 1.000000
0.067795 -0.677516 0.732377 -11.278600 -0.047063 -0.735421 -0.675975 19.886000 0.996589 0.011360 -0.081744 -3.966000 0.000000 0.000000 0.000000 1.000000
0.066046 -0.680835 0.729453 -11.278600 -0.047533 -0.732366 -0.679250 19.886000 0.996684 0.010189 -0.080732 -3.966000 0.000000 0.000000 0.000000 1.000000
0.051545 -0.682683 0.728894 -11.278600 -0.050573 -0.730712 -0.680810 19.886000 0.997389 -0.001770 -0.072190 -3.966000 0.000000 0.000000 0.000000 1.000000
0.044295 -0.681594 0.730389 -11.278600 -0.052023 -0.731688 -0.679652 19.886000 0.997663 -0.007892 -0.067869 -3.966000 0.000000 0.000000 0.000000 1.000000
0.035226 -0.683913 0.728713 -11.278600 -0.053895 -0.729404 -0.681957 19.886000 0.997925 -0.015251 -0.062553 -3.966000 0.000000 0.000000 0.000000 1.000000
0.027898 -0.680832 0.731908 -11.278600 -0.055340 -0.732122 -0.678922 19.886000 0.998078 -0.021563 -0.058102 -3.966000 0.000000 0.000000 0.000000 1.000000
0.042035 -0.678888 0.733038 -11.278600 -0.052368 -0.734175 -0.676938 19.886000 0.997743 -0.009933 -0.066413 -3.966000 0.000000 0.000000 0.000000 1.000000
0.065936 -0.674220 0.735581 -11.278600 -0.047259 -0.738468 -0.672630 19.886000 0.996704 0.009588 -0.080555 -3.966000 0.000000 0.000000 0.000000 1.000000
0.081568 -0.671894 0.736142 -11.278600 -0.043893 -0.740308 -0.670833 19.886000 0.995701 0.022407 -0.089877 -3.966000 0.000000 0.000000 0.000000 1.000000
0.089077 -0.677490 0.730118 -11.278600 -0.042598 -0.734953 -0.676779 19.886000 0.995113 0.029184 -0.094327 -3.966000 0.000000 0.000000 0.000000 1.000000
0.102499 -0.688524 0.717934 -11.278600 -0.040516 -0.724026 -0.688582 19.886000 0.993908 0.041491 -0.102108 -3.966000 0.000000 0.000000 0.000000 1.000000
0.114065 -0.707439 0.697509 -11.278600 -0.039559 -0.704769 -0.708333 19.886000 0.992685 0.053203 -0.108375 -3.966000 0.000000 0.000000 0.000000 1.000000</float_array>
        <technique_common>
          <accessor source="#mixamorig_RightShoulder-Matrix-animation-output-transform-array" count="32" stride="16">
            <param type="float4x4"/>
          </accessor>
        </technique_common>
      </source>
      <source id="mixamorig_RightShoulder-Interpolations">
        <Name_array id="mixamorig_RightShoulder-Interpolations-array" count="32">
 LINEAR LINEAR LINEAR LINEAR LINEAR LINEAR LINEAR LINEAR LINEAR LINEAR LINEAR
LINEAR LINEAR LINEAR LINEAR LINEAR LINEAR LINEAR LINEAR LINEAR LINEAR LINEAR LINEAR
LINEAR LINEAR LINEAR LINEAR LINEAR LINEAR LINEAR LINEAR LINEAR</Name_array>
        <technique_common>
          <accessor source="#mixamorig_RightShoulder-Interpolations-array" count="32">
            <param type="name"/>
          </accessor>
        </technique_common>
      </source>
      <sampler id="mixamorig_RightShoulder-Matrix-animation-transform">
        <input semantic="INPUT" source="#mixamorig_RightShoulder-Matrix-animation-input"/>
        <input semantic="OUTPUT" source="#mixamorig_RightShoulder-Matrix-animation-output-transform"/>
        <input semantic="INTERPOLATION" source="#mixamorig_RightShoulder-Interpolations"/>
      </sampler>
      <channel source="#mixamorig_RightShoulder-Matrix-animation-transform" target="mixamorig_RightShoulder/matrix"/>
    </animation>
    <animation id="mixamorig_RightArm-anim" name="mixamorig_RightArm">
      <source id="mixamorig_RightArm-Matrix-animation-input">
        <float_array id="mixamorig_RightArm-Matrix-animation-input-array" count="32">

0.000000 0.033333 0.066667 0.100000 0.133333 0.166667 0.200000 0.233333 0.266667 0.300000 0.333333 0.366667 0.400000 0.433333 0.466667 0.500000
0.533333 0.566667 0.600000 0.633333 0.666667 0.700000 0.733333 0.766667 0.800000 0.833333 0.866667 0.900000 0.933333 0.966667 1.000000 1.033333</float_array>
        <technique_common>
          <accessor source="#mixamorig_RightArm-Matrix-animation-input-array" count="32">
            <param name="TIME" type="float"/>
          </accessor>
        </technique_common>
      </source>
      <source id="mixamorig_RightArm-Matrix-animation-output-transform">
        <float_array id="mixamorig_RightArm-Matrix-animation-output-transform-array" count="512">

0.950342 -0.179363 0.254322 0.000000 0.277927 0.856846 -0.434248 12.686800 -0.140027 0.483367 0.864146 0.000000 0.000000 0.000000 0.000000 1.000000
0.935188 -0.164600 0.313575 0.000000 0.292428 0.858358 -0.421554 12.686800 -0.199772 0.485930 0.850860 -0.000000 0.000000 0.000000 0.000000 1.000000
0.943932 -0.087614 0.318302 0.000000 0.225105 0.876072 -0.426410 12.686800 -0.241496 0.474153 0.846675 -0.000000 0.000000 0.000000 0.000000 1.000000
0.952228 0.003055 0.305374 0.000000 0.135292 0.892248 -0.430800 12.686800 -0.273785 0.451535 0.849210 0.000000 0.000000 0.000000 0.000000 1.000000
0.957873 0.100859 0.268898 0.000000 0.026501 0.901267 -0.432452 12.686800 -0.285966 0.421361 0.860627 0.000000 0.000000 0.000000 0.000000 1.000000
0.955027 0.195617 0.222840 0.000000 -0.080056 0.893714 -0.441436 12.686800 -0.285508 0.403744 0.869181 0.000000 0.000000 0.000000 0.000000 1.000000
0.946272 0.269684 0.178438 0.000000 -0.165247 0.877590 -0.450033 12.686800 -0.277962 0.396367 0.875003 0.000000 0.000000 0.000000 0.000000 1.000000
0.943972 0.296005 0.145941 0.000000 -0.199285 0.863737 -0.462866 12.686800 -0.263065 0.407848 0.874332 0.000000 0.000000 0.000000 0.000000 1.000000
0.952731 0.278818 0.120678 0.000000 -0.191302 0.859127 -0.474662 12.686800 -0.236022 0.429140 0.871856 -0.000000 0.000000 0.000000 0.000000 1.000000
0.968507 0.229328 0.096965 0.000000 -0.153904 0.857526 -0.490879 12.686800 -0.195722 0.460497 0.865815 0.000000 0.000000 0.000000 0.000000 1.000000
0.986502 0.144618 0.076813 0.000000 -0.087660 0.862602 -0.498231 12.686800 -0.138312 0.484772 0.863635 0.000000 0.000000 0.000000 0.000000 1.000000
0.996684 0.057463 0.057613 0.000000 -0.019637 0.856961 -0.515006 12.686800 -0.078966 0.512167 0.855248 0.000000 0.000000 0.000000 0.000000 1.000000
0.999322 0.004784 0.036506 -0.000000 0.016723 0.824374 -0.565798 12.686800 -0.032802 0.566025 0.823735 0.000000 0.000000 0.000000 0.000000 1.000000
0.998920 -0.040816 0.022207 0.000000 0.046059 0.806702 -0.589161 12.686800 0.006133 0.589547 0.807711 -0.000000 0.000000 0.000000 0.000000 1.000000
0.996088 -0.084617 0.025467 0.000000 0.083108 0.799136 -0.595378 12.686800 0.030028 0.595165 0.803042 -0.000000 0.000000 0.000000 0.000000 1.000000
0.993938 -0.102323 0.040216 0.000000 0.106083 0.796515 -0.595240 12.686800 0.028874 0.595897 0.802541 -0.000000 0.000000 0.000000 0.000000 1.000000
0.992085 -0.106840 0.065971 0.000000 0.125236 0.803824 -0.581535 12.686800 0.009102 0.585194 0.810842 0.000000 0.000000 0.000000 0.000000 1.000000
0.988915 -0.119236 0.088493 0.000000 0.148423 0.811116 -0.565740 12.686800 -0.004321 0.572603 0.819821 -0.000000 0.000000 0.000000 0.000000 1.000000
0.976711 -0.185845 0.107226 -0.000000 0.214227 0.816875 -0.535558 12.686800 0.011940 0.546056 0.837664 -0.000000 0.000000 0.000000 0.000000 1.000000
0.971003 -0.215058 0.104420 -0.000000 0.237504 0.817891 -0.524066 12.686800 0.027300 0.533670 0.845252 0.000000 0.000000 0.000000 0.000000 1.000000
0.960628 -0.261391 0.094176 -0.000000 0.271771 0.813571 -0.514046 12.686800 0.057748 0.519401 0.852577 0.000000 0.000000 0.000000 0.000000 1.000000
0.946608 -0.311635 0.082567 -0.000000 0.307744 0.797163 -0.519447 12.686800 0.096058 0.517122 0.850504 0.000000 0.000000 0.000000 0.000000 1.000000
0.926863 -0.367793 0.075182 0.000000 0.351405 0.779593 -0.518410 12.686800 0.132056 0.506914 0.851821 -0.000000 0.000000 0.000000 0.000000 1.000000
0.904570 -0.418982 0.078788 -0.000000 0.396833 0.759950 -0.514781 12.686800 0.155809 0.496921 0.853694 0.000000 0.000000 0.000000 0.000000 1.000000
0.893307 -0.440029 0.091522 0.000000 0.420039 0.744918 -0.518328 12.686800 0.159903 0.501468 0.850271 0.000000 0.000000 0.000000 0.000000 1.000000
0.881129 -0.463256 0.094898 0.000000 0.442273 0.736318 -0.512084 12.686800 0.167350 0.493183 0.853677 0.000000 0.000000 0.000000 0.000000 1.000000
0.878349 -0.464362 0.113447 0.000000 0.455216 0.740124 -0.494970 12.686800 0.145880 0.486399 0.861472 -0.000000 0.000000 0.000000 0.000000 1.000000
0.883877 -0.441573 0.154188 0.000000 0.458499 0.752883 -0.472171 12.686800 0.092413 0.488037 0.867917 0.000000 0.000000 0.000000 0.000000 1.000000
0.902210 -0.393689 0.176143 0.000000 0.429120 0.778389 -0.458221 12.686800 0.043289 0.488998 0.871210 -0.000000 0.000000 0.000000 0.000000 1.000000
0.930661 -0.328430 0.161257 0.000000 0.365182 0.806525 -0.464931 12.686800 0.022640 0.491581 0.870538 0.000000 0.000000 0.000000 0.000000 1.000000
0.949877 -0.263763 0.167817 0.000000 0.312107 0.830939 -0.460576 12.686800 -0.017963 0.489867 0.871612 0.000000 0.000000 0.000000 0.000000 1.000000
0.950342 -0.179363 0.254322 0.000000 0.277927 0.856846 -0.434248 12.686800 -0.140027 0.483367 0.864146 0.000000 0.000000 0.000000 0.000000 1.000000</float_array>
        <technique_common>
          <accessor source="#mixamorig_RightArm-Matrix-animation-output-transform-array" count="32" stride="16">
            <param type="float4x4"/>
          </accessor>
        </technique_common>
      </source>
      <source id="mixamorig_RightArm-Interpolations">
        <Name_array id="mixamorig_RightArm-Interpolations-array" count="32">
 LINEAR LINEAR LINEAR LINEAR LINEAR LINEAR LINEAR LINEAR LINEAR LINEAR LINEAR
LINEAR LINEAR LINEAR LINEAR LINEAR LINEAR LINEAR LINEAR LINEAR LINEAR LINEAR LINEAR
LINEAR LINEAR LINEAR LINEAR LINEAR LINEAR LINEAR LINEAR LINEAR</Name_array>
        <technique_common>
          <accessor source="#mixamorig_RightArm-Interpolations-array" count="32">
            <param type="name"/>
          </accessor>
        </technique_common>
      </source>
      <sampler id="mixamorig_RightArm-Matrix-animation-transform">
        <input semantic="INPUT" source="#mixamorig_RightArm-Matrix-animation-input"/>
        <input semantic="OUTPUT" source="#mixamorig_RightArm-Matrix-animation-output-transform"/>
        <input semantic="INTERPOLATION" source="#mixamorig_RightArm-Interpolations"/>
      </sampler>
      <channel source="#mixamorig_RightArm-Matrix-animation-transform" target="mixamorig_RightArm/matrix"/>
    </animation>
    <animation id="mixamorig_RightForeArm-anim" name="mixamorig_RightForeArm">
      <source id="mixamorig_RightForeArm-Matrix-animation-input">
        <float_array id="mixamorig_RightForeArm-Matrix-animation-input-array" count="32">

0.000000 0.033333 0.066667 0.100000 0.133333 0.166667 0.200000 0.233333 0.266667 0.300000 0.333333 0.366667 0.400000 0.433333 0.466667 0.500000
0.533333 0.566667 0.600000 0.633333 0.666667 0.700000 0.733333 0.766667 0.800000 0.833333 0.866667 0.900000 0.933333 0.966667 1.000000 1.033333</float_array>
        <technique_common>
          <accessor source="#mixamorig_RightForeArm-Matrix-animation-input-array" count="32">
            <param name="TIME" type="float"/>
          </accessor>
        </technique_common>
      </source>
      <source id="mixamorig_RightForeArm-Matrix-animation-output-transform">
        <float_array id="mixamorig_RightForeArm-Matrix-animation-output-transform-array" count="512">

0.888800 0.365968 -0.275866 0.000000 -0.419799 0.891611 -0.169704 30.736700 0.183858 0.266641 0.946096 0.000000 0.000000 0.000000 0.000000 1.000000
0.815117 0.515053 -0.265150 -0.000000 -0.567312 0.802350 -0.185452 30.736700 0.117225 0.301588 0.946204 0.000000 0.000000 0.000000 0.000000 1.000000
0.771191 0.580011 -0.262396 0.000000 -0.631164 0.750398 -0.196300 30.736700 0.083045 0.317000 0.944783 0.000000 0.000000 0.000000 0.000000 1.000000
0.749490 0.613487 -0.248794 0.000000 -0.658856 0.727909 -0.189887 30.736700 0.064606 0.306238 0.949760 -0.000000 0.000000 0.000000 0.000000 1.000000
0.741049 0.633454 -0.222671 -0.000000 -0.668304 0.727906 -0.153369 30.736700 0.064932 0.262466 0.962754 -0.000000 0.000000 0.000000 0.000000 1.000000
0.755472 0.628544 -0.184916 -0.000000 -0.651208 0.751397 -0.106446 30.736700 0.072039 0.200836 0.976973 0.000000 0.000000 0.000000 0.000000 1.000000
0.776850 0.611459 -0.150408 -0.000000 -0.624560 0.778638 -0.060397 30.736700 0.080183 0.140858 0.986777 0.000000 0.000000 0.000000 0.000000 1.000000
0.775048 0.618765 -0.128183 0.000000 -0.625946 0.779567 -0.021610 30.736700 0.086556 0.096984 0.991515 -0.000000 0.000000 0.000000 0.000000 1.000000
0.733929 0.667447 -0.125947 0.000000 -0.671983 0.740518 0.008486 30.736700 0.098930 0.078406 0.992001 0.000000 0.000000 0.000000 0.000000 1.000000
0.679101 0.721581 -0.134695 -0.000000 -0.724365 0.688469 0.036149 30.736700 0.118818 0.073020 0.990227 0.000000 0.000000 0.000000 0.000000 1.000000
0.613543 0.776999 -0.140847 0.000000 -0.776457 0.626091 0.071582 30.736700 0.143802 0.065443 0.987440 -0.000000 0.000000 0.000000 0.000000 1.000000
0.563279 0.814967 -0.136183 0.000000 -0.808913 0.577509 0.110194 30.736700 0.168451 0.048090 0.984536 -0.000000 0.000000 0.000000 0.000000 1.000000
0.588244 0.797600 -0.133431 0.000000 -0.785558 0.602766 0.139899 30.736700 0.192011 0.022523 0.981134 0.000000 0.000000 0.000000 0.000000 1.000000
0.642371 0.752180 -0.146918 0.000000 -0.734336 0.658950 0.162901 30.736700 0.219342 0.003245 0.975643 0.000000 0.000000 0.000000 0.000000 1.000000
0.708406 0.684318 -0.172828 -0.000000 -0.663281 0.729169 0.168438 30.736700 0.241286 -0.004689 0.970443 0.000000 0.000000 0.000000 0.000000 1.000000
0.792394 0.574030 -0.206400 0.000000 -0.555262 0.818834 0.145586 30.736700 0.252578 -0.000755 0.967576 0.000000 0.000000 0.000000 0.000000 1.000000
0.861871 0.452761 -0.228442 0.000000 -0.439843 0.891599 0.107656 30.736700 0.252422 0.007693 0.967587 0.000000 0.000000 0.000000 0.000000 1.000000
0.907866 0.343653 -0.240172 0.000000 -0.338538 0.938801 0.063599 30.736700 0.247330 0.023568 0.968645 0.000000 0.000000 0.000000 0.000000 1.000000
0.912962 0.321730 -0.250979 0.000000 -0.322794 0.945702 0.038098 30.736700 0.249609 0.046232 0.967243 0.000000 0.000000 0.000000 0.000000 1.000000
0.926247 0.258175 -0.274613 0.000000 -0.271476 0.962384 -0.010888 30.736700 0.261472 0.084635 0.961493 -0.000000 0.000000 0.000000 0.000000 1.000000
0.920744 0.242212 -0.305880 -0.000000 -0.261574 0.964902 -0.023313 30.736700 0.289498 0.101476 0.951785 0.000000 0.000000 0.000000 0.000000 1.000000
0.907519 0.249858 -0.337611 0.000000 -0.272175 0.962048 -0.019633 30.736700 0.319892 0.109706 0.941081 -0.000000 0.000000 0.000000 0.000000 1.000000
0.878373 0.302449 -0.370116 0.000000 -0.326791 0.945091 -0.003248 30.736700 0.348811 0.123804 0.928980 -0.000000 0.000000 0.000000 0.000000 1.000000
0.856253 0.344213 -0.385160 -0.000000 -0.368480 0.929564 0.011571 30.736700 0.362014 0.132016 0.922777 0.000000 0.000000 0.000000 0.000000 1.000000
0.857827 0.339787 -0.385588 -0.000000 -0.360439 0.932570 0.019920 30.736700 0.366356 0.121893 0.922456 0.000000 0.000000 0.000000 0.000000 1.000000
0.843478 0.373320 -0.386235 0.000000 -0.391256 0.919637 0.034443 30.736700 0.368054 0.122065 0.921757 -0.000000 0.000000 0.000000 0.000000 1.000000
0.837971 0.391048 -0.380639 0.000000 -0.413802 0.910051 0.023958 30.736700 0.355770 0.137433 0.924413 0.000000 0.000000 0.000000 0.000000 1.000000
0.841339 0.401104 -0.362304 -0.000000 -0.430385 0.902645 -0.000125 30.736700 0.326982 0.156036 0.932060 -0.000000 0.000000 0.000000 0.000000 1.000000
0.846071 0.406235 -0.345163 -0.000000 -0.439291 0.898127 -0.019762 30.736700 0.301972 0.168347 0.938335 0.000000 0.000000 0.000000 0.000000 1.000000
0.850140 0.406782 -0.334350 0.000000 -0.441263 0.896848 -0.030849 30.736700 0.287312 0.173762 0.941944 -0.000000 0.000000 0.000000 0.000000 1.000000
0.858322 0.403701 -0.316716 -0.000000 -0.445191 0.892814 -0.068474 30.736700 0.255125 0.199772 0.946046 0.000000 0.000000 0.000000 0.000000 1.000000
0.888800 0.365968 -0.275865 0.000000 -0.419798 0.891611 -0.169704 30.736700 0.183858 0.266641 0.946097 -0.000000 0.000000 0.000000 0.000000 1.000000</float_array>
        <technique_common>
          <accessor source="#mixamorig_RightForeArm-Matrix-animation-output-transform-array" count="32" stride="16">
            <param type="float4x4"/>
          </accessor>
        </technique_common>
      </source>
      <source id="mixamorig_RightForeArm-Interpolations">
        <Name_array id="mixamorig_RightForeArm-Interpolations-array" count="32">
 LINEAR LINEAR LINEAR LINEAR LINEAR LINEAR LINEAR LINEAR LINEAR LINEAR LINEAR
LINEAR LINEAR LINEAR LINEAR LINEAR LINEAR LINEAR LINEAR LINEAR LINEAR LINEAR LINEAR
LINEAR LINEAR LINEAR LINEAR LINEAR LINEAR LINEAR LINEAR LINEAR</Name_array>
        <technique_common>
          <accessor source="#mixamorig_RightForeArm-Interpolations-array" count="32">
            <param type="name"/>
          </accessor>
        </technique_common>
      </source>
      <sampler id="mixamorig_RightForeArm-Matrix-animation-transform">
        <input semantic="INPUT" source="#mixamorig_RightForeArm-Matrix-animation-input"/>
        <input semantic="OUTPUT" source="#mixamorig_RightForeArm-Matrix-animation-output-transform"/>
        <input semantic="INTERPOLATION" source="#mixamorig_RightForeArm-Interpolations"/>
      </sampler>
      <channel source="#mixamorig_RightForeArm-Matrix-animation-transform" target="mixamorig_RightForeArm/matrix"/>
    </animation>
    <animation id="mixamorig_RightHand-anim" name="mixamorig_RightHand">
      <source id="mixamorig_RightHand-Matrix-animation-input">
        <float_array id="mixamorig_RightHand-Matrix-animation-input-array" count="32">

0.000000 0.033333 0.066667 0.100000 0.133333 0.166667 0.200000 0.233333 0.266667 0.300000 0.333333 0.366667 0.400000 0.433333 0.466667 0.500000
0.533333 0.566667 0.600000 0.633333 0.666667 0.700000 0.733333 0.766667 0.800000 0.833333 0.866667 0.900000 0.933333 0.966667 1.000000 1.033333</float_array>
        <technique_common>
          <accessor source="#mixamorig_RightHand-Matrix-animation-input-array" count="32">
            <param name="TIME" type="float"/>
          </accessor>
        </technique_common>
      </source>
      <source id="mixamorig_RightHand-Matrix-animation-output-transform">
        <float_array id="mixamorig_RightHand-Matrix-animation-output-transform-array" count="512">

0.923166 0.103058 -0.370329 -0.000000 -0.059904 0.990191 0.126226 26.713100 0.379705 -0.094344 0.920284 0.000000 0.000000 0.000000 0.000000 1.000000
0.904985 -0.005982 -0.425401 -0.000000 0.042940 0.996080 0.077342 26.713100 0.423270 -0.088260 0.901694 0.000000 0.000000 0.000000 0.000000 1.000000
0.903613 -0.079517 -0.420904 -0.000000 0.117517 0.990936 0.065083 26.713100 0.411913 -0.108273 0.904768 0.000000 0.000000 0.000000 0.000000 1.000000
0.904574 -0.121039 -0.408773 0.000000 0.163887 0.983897 0.071331 26.713100 0.393557 -0.131517 0.909844 0.000000 0.000000 0.000000 0.000000 1.000000
0.916711 -0.125505 -0.379327 0.000000 0.175568 0.979348 0.100262 26.713100 0.358910 -0.158509 0.919814 0.000000 0.000000 0.000000 0.000000 1.000000
0.931490 -0.083001 -0.354171 0.000000 0.145886 0.977132 0.154693 26.713100 0.333232 -0.195764 0.922298 0.000000 0.000000 0.000000 0.000000 1.000000
0.943976 -0.008987 -0.329892 0.000000 0.088525 0.969889 0.226891 26.713100 0.317920 -0.243383 0.916347 0.000000 0.000000 0.000000 0.000000 1.000000
0.950013 0.066232 -0.305104 0.000000 0.030678 0.952708 0.302335 26.713100 0.310699 -0.296582 0.903053 0.000000 0.000000 0.000000 0.000000 1.000000
0.950988 0.117504 -0.286034 0.000000 -0.004520 0.930175 0.367089 26.713100 0.309196 -0.347804 0.885116 0.000000 0.000000 0.000000 0.000000 1.000000
0.949652 0.151230 -0.274392 0.000000 -0.029983 0.915639 0.400881 26.713100 0.311869 -0.372470 0.874073 0.000000 0.000000 0.000000 0.000000 1.000000
0.951621 0.157443 -0.263872 0.000000 -0.039558 0.914382 0.402916 26.713100 0.304716 -0.372985 0.876373 0.000000 0.000000 0.000000 0.000000 1.000000
0.951800 0.167531 -0.256924 0.000000 -0.055037 0.917341 0.394279 26.713100 0.301741 -0.361134 0.882346 0.000000 0.000000 0.000000 0.000000 1.000000
0.947486 0.208327 -0.242632 0.000000 -0.102033 0.915981 0.388032 26.713100 0.303083 -0.342898 0.889135 0.000000 0.000000 0.000000 0.000000 1.000000
0.946119 0.240934 -0.216357 0.000000 -0.147574 0.915532 0.374195 26.713100 0.288238 -0.322105 0.901758 0.000000 0.000000 0.000000 0.000000 1.000000
0.945699 0.264690 -0.188660 -0.000000 -0.185832 0.916481 0.354300 26.713100 0.266683 -0.300002 0.915903 -0.000000 0.000000 0.000000 0.000000 1.000000
0.940900 0.293736 -0.168600 0.000000 -0.225897 0.915184 0.333780 26.713100 0.252343 -0.275968 0.927451 0.000000 0.000000 0.000000 0.000000 1.000000
0.936542 0.312099 -0.159633 -0.000000 -0.253628 0.917615 0.306034 26.713100 0.241994 -0.246126 0.938542 0.000000 0.000000 0.000000 0.000000 1.000000
0.938610 0.314422 -0.141951 -0.000000 -0.266912 0.922568 0.278616 26.713100 0.218563 -0.223623 0.949854 -0.000000 0.000000 0.000000 0.000000 1.000000
0.952647 0.280941 -0.116343 0.000000 -0.247329 0.938479 0.241008 26.713100 0.176895 -0.200821 0.963524 0.000000 0.000000 0.000000 0.000000 1.000000
0.957456 0.273869 -0.090966 0.000000 -0.248388 0.942559 0.223352 26.713100 0.146910 -0.191255 0.970484 0.000000 0.000000 0.000000 0.000000 1.000000
0.967415 0.239456 -0.082274 -0.000000 -0.221838 0.958240 0.180452 26.713100 0.122049 -0.156321 0.980137 -0.000000 0.000000 0.000000 0.000000 1.000000
0.978065 0.185861 -0.094043 0.000000 -0.173531 0.976775 0.125688 26.713100 0.115220 -0.106611 0.987602 -0.000000 0.000000 0.000000 0.000000 1.000000
0.987879 0.100679 -0.118146 0.000000 -0.093058 0.993312 0.068352 26.713100 0.124238 -0.056529 0.990641 0.000000 0.000000 0.000000 0.000000 1.000000
0.989985 0.022903 -0.139305 0.000000 -0.020048 0.999560 0.021868 26.713100 0.139745 -0.018856 0.990008 0.000000 0.000000 0.000000 0.000000 1.000000
0.986680 -0.030363 -0.159814 0.000000 0.029122 0.999525 -0.010101 26.713100 0.160045 0.005312 0.987095 0.000000 0.000000 0.000000 0.000000 1.000000
0.982312 -0.094248 -0.161805 -0.000000 0.088531 0.995179 -0.042205 26.713100 0.165003 0.027133 0.985920 0.000000 0.000000 0.000000 0.000000 1.000000
0.975888 -0.119141 -0.182886 0.000000 0.111334 0.992400 -0.052417 26.713100 0.187741 0.030792 0.981736 0.000000 0.000000 0.000000 0.000000 1.000000
0.965318 -0.093187 -0.243880 0.000000 0.086639 0.995535 -0.037465 26.713100 0.246282 0.015036 0.969082 -0.000000 0.000000 0.000000 0.000000 1.000000
0.956979 -0.032610 -0.288320 0.000000 0.034498 0.999404 0.001468 26.713100 0.288100 -0.011352 0.957533 0.000000 0.000000 0.000000 0.000000 1.000000
0.959181 0.035870 -0.280510 0.000000 -0.021130 0.998241 0.055396 26.713100 0.282004 -0.047208 0.958251 -0.000000 0.000000 0.000000 0.000000 1.000000
0.955146 0.084417 -0.283848 -0.000000 -0.057044 0.993006 0.103369 26.713100 0.290589 -0.082541 0.953281 0.000000 0.000000 0.000000 0.000000 1.000000
0.923166 0.103058 -0.370329 0.000000 -0.059904 0.990191 0.126226 26.713100 0.379705 -0.094344 0.920284 0.000000 0.000000 0.000000 0.000000 1.000000</float_array>
        <technique_common>
          <accessor source="#mixamorig_RightHand-Matrix-animation-output-transform-array" count="32" stride="16">
            <param type="float4x4"/>
          </accessor>
        </technique_common>
      </source>
      <source id="mixamorig_RightHand-Interpolations">
        <Name_array id="mixamorig_RightHand-Interpolations-array" count="32">
 LINEAR LINEAR LINEAR LINEAR LINEAR LINEAR LINEAR LINEAR LINEAR LINEAR LINEAR
LINEAR LINEAR LINEAR LINEAR LINEAR LINEAR LINEAR LINEAR LINEAR LINEAR LINEAR LINEAR
LINEAR LINEAR LINEAR LINEAR LINEAR LINEAR LINEAR LINEAR LINEAR</Name_array>
        <technique_common>
          <accessor source="#mixamorig_RightHand-Interpolations-array" count="32">
            <param type="name"/>
          </accessor>
        </technique_common>
      </source>
      <sampler id="mixamorig_RightHand-Matrix-animation-transform">
        <input semantic="INPUT" source="#mixamorig_RightHand-Matrix-animation-input"/>
        <input semantic="OUTPUT" source="#mixamorig_RightHand-Matrix-animation-output-transform"/>
        <input semantic="INTERPOLATION" source="#mixamorig_RightHand-Interpolations"/>
      </sampler>
      <channel source="#mixamorig_RightHand-Matrix-animation-transform" target="mixamorig_RightHand/matrix"/>
    </animation>
    <animation id="mixamorig_RightHandThumb1-anim" name="mixamorig_RightHandThumb1">
      <source id="mixamorig_RightHandThumb1-Matrix-animation-input">
        <float_array id="mixamorig_RightHandThumb1-Matrix-animation-input-array" count="32">

0.000000 0.033333 0.066667 0.100000 0.133333 0.166667 0.200000 0.233333 0.266667 0.300000 0.333333 0.366667 0.400000 0.433333 0.466667 0.500000
0.533333 0.566667 0.600000 0.633333 0.666667 0.700000 0.733333 0.766667 0.800000 0.833333 0.866667 0.900000 0.933333 0.966667 1.000000 1.033333</float_array>
        <technique_common>
          <accessor source="#mixamorig_RightHandThumb1-Matrix-animation-input-array" count="32">
            <param name="TIME" type="float"/>
          </accessor>
        </technique_common>
      </source>
      <source id="mixamorig_RightHandThumb1-Matrix-animation-output-transform">
        <float_array id="mixamorig_RightHandThumb1-Matrix-animation-output-transform-array" count="512">

0.913795 0.403922 -0.042721 2.712200 -0.392467 0.850966 -0.349037 6.800000 -0.104629 0.335715 0.936135 2.789800 0.000000 0.000000 0.000000 1.000000
0.909293 0.413444 -0.047443 2.712200 -0.401421 0.841307 -0.362027 6.800000 -0.109764 0.348234 0.930959 2.789800 0.000000 0.000000 0.000000 1.000000
0.903124 0.426035 -0.053501 2.712200 -0.413466 0.829264 -0.375987 6.800000 -0.115817 0.361684 0.925079 2.789800 0.000000 0.000000 0.000000 1.000000
0.896025 0.439860 -0.060513 2.712200 -0.426838 0.815819 -0.390191 6.800000 -0.122262 0.375450 0.918743 2.789800 0.000000 0.000000 0.000000 1.000000
0.888835 0.453164 -0.067940 2.712200 -0.439818 0.802090 -0.403996 6.800000 -0.128583 0.388967 0.912234 2.789800 0.000000 0.000000 0.000000 1.000000
0.882497 0.464288 -0.075077 2.712200 -0.450741 0.789338 -0.416868 6.800000 -0.134286 0.401725 0.905861 2.789800 0.000000 0.000000 0.000000 1.000000
0.878039 0.471670 -0.081083 2.712200 -0.457991 0.778936 -0.428372 6.800000 -0.138892 0.413263 0.899957 2.789800 0.000000 0.000000 0.000000 1.000000
0.876515 0.473807 -0.085024 2.712200 -0.459976 0.772304 -0.438142 6.800000 -0.141930 0.423147 0.894876 2.789800 0.000000 0.000000 0.000000 1.000000
0.878907 0.469187 -0.085939 2.712200 -0.455077 0.770820 -0.445805 6.800000 -0.142922 0.430930 0.890995 2.789800 0.000000 0.000000 0.000000 1.000000
0.888176 0.452208 -0.081558 2.712200 -0.437597 0.778253 -0.450368 6.800000 -0.140187 0.435696 0.889110 2.789800 0.000000 0.000000 0.000000 1.000000
0.909256 0.410736 -0.067453 2.712200 -0.395383 0.801631 -0.448397 6.800000 -0.130100 0.434377 0.891286 2.789800 0.000000 0.000000 0.000000 1.000000
0.919314 0.389314 -0.057407 2.712200 -0.372913 0.815253 -0.443056 6.800000 -0.125686 0.428716 0.894654 2.789800 0.000000 0.000000 0.000000 1.000000
0.915700 0.398064 -0.055128 2.712200 -0.380354 0.814217 -0.438612 6.800000 -0.129709 0.422605 0.896984 2.789800 0.000000 0.000000 0.000000 1.000000
0.906100 0.419479 -0.054959 2.712200 -0.400163 0.807627 -0.433138 6.800000 -0.137306 0.414459 0.899650 2.789800 0.000000 0.000000 0.000000 1.000000
0.896174 0.440670 -0.051791 2.712200 -0.419299 0.802918 -0.423688 6.800000 -0.145122 0.401414 0.904327 2.789800 0.000000 0.000000 0.000000 1.000000
0.892276 0.449690 -0.040270 2.712200 -0.425770 0.808419 -0.406421 6.800000 -0.150209 0.379786 0.912798 2.789800 0.000000 0.000000 0.000000 1.000000
0.895623 0.444515 -0.016315 2.712200 -0.417778 0.828028 -0.373941 6.800000 -0.152713 0.341727 0.927309 2.789800 0.000000 0.000000 0.000000 1.000000
0.901286 0.433090 0.010836 2.712200 -0.404786 0.850770 -0.335169 6.800000 -0.154377 0.297697 0.942096 2.789800 0.000000 0.000000 0.000000 1.000000
0.904503 0.425467 0.029211 2.712200 -0.396756 0.864628 -0.308225 6.800000 -0.156396 0.267201 0.950865 2.789800 0.000000 0.000000 0.000000 1.000000
0.902236 0.430023 0.032418 2.712200 -0.400464 0.863360 -0.306981 6.800000 -0.159997 0.263987 0.951163 2.789800 0.000000 0.000000 0.000000 1.000000
0.895737 0.443885 0.024936 2.712200 -0.412653 0.850965 -0.324926 6.800000 -0.165449 0.280758 0.945411 2.789800 0.000000 0.000000 0.000000 1.000000
0.886795 0.462056 0.009884 2.712200 -0.429170 0.831237 -0.353352 6.800000 -0.171485 0.309109 0.935438 2.789800 0.000000 0.000000 0.000000 1.000000
0.877213 0.480004 -0.009632 2.712200 -0.446377 0.808043 -0.384466 6.800000 -0.176762 0.341558 0.923089 2.789800 0.000000 0.000000 0.000000 1.000000
0.869022 0.493898 -0.029413 2.712200 -0.460858 0.786390 -0.411341 6.800000 -0.180031 0.371019 0.911007 2.789800 0.000000 0.000000 0.000000 1.000000
0.864459 0.500744 -0.044344 2.712200 -0.469334 0.772325 -0.428065 6.800000 -0.180103 0.390857 0.902659 2.789800 0.000000 0.000000 0.000000 1.000000
0.865650 0.498075 -0.050713 2.712200 -0.468915 0.771118 -0.430693 6.800000 -0.175412 0.396609 0.901072 2.789800 0.000000 0.000000 0.000000 1.000000
0.872442 0.485976 -0.051695 2.712200 -0.460076 0.781024 -0.422293 6.800000 -0.164849 0.392210 0.904984 2.789800 0.000000 0.000000 0.000000 1.000000
0.882563 0.467544 -0.049859 2.712200 -0.445483 0.797539 -0.406789 6.800000 -0.150427 0.381228 0.912161 2.789800 0.000000 0.000000 0.000000 1.000000
0.893704 0.446176 -0.047110 2.712200 -0.428002 0.816358 -0.387780 6.800000 -0.134559 0.366724 0.920547 2.789800 0.000000 0.000000 0.000000 1.000000
0.903785 0.425642 -0.044725 2.712200 -0.410873 0.833642 -0.369087 6.800000 -0.119815 0.351951 0.928318 2.789800 0.000000 0.000000 0.000000 1.000000
0.911013 0.410104 -0.043238 2.712200 -0.397736 0.846133 -0.354775 6.800000 -0.108909 0.340402 0.933951 2.789800 0.000000 0.000000 0.000000 1.000000
0.913796 0.403922 -0.042721 2.712200 -0.392467 0.850966 -0.349037 6.800000 -0.104629 0.335715 0.936135 2.789800 0.000000 0.000000 0.000000 1.000000</float_array>
        <technique_common>
          <accessor source="#mixamorig_RightHandThumb1-Matrix-animation-output-transform-array" count="32" stride="16">
            <param type="float4x4"/>
          </accessor>
        </technique_common>
      </source>
      <source id="mixamorig_RightHandThumb1-Interpolations">
        <Name_array id="mixamorig_RightHandThumb1-Interpolations-array" count="32">
 LINEAR LINEAR LINEAR LINEAR LINEAR LINEAR LINEAR LINEAR LINEAR LINEAR LINEAR
LINEAR LINEAR LINEAR LINEAR LINEAR LINEAR LINEAR LINEAR LINEAR LINEAR LINEAR LINEAR
LINEAR LINEAR LINEAR LINEAR LINEAR LINEAR LINEAR LINEAR LINEAR</Name_array>
        <technique_common>
          <accessor source="#mixamorig_RightHandThumb1-Interpolations-array" count="32">
            <param type="name"/>
          </accessor>
        </technique_common>
      </source>
      <sampler id="mixamorig_RightHandThumb1-Matrix-animation-transform">
        <input semantic="INPUT" source="#mixamorig_RightHandThumb1-Matrix-animation-input"/>
        <input semantic="OUTPUT" source="#mixamorig_RightHandThumb1-Matrix-animation-output-transform"/>
        <input semantic="INTERPOLATION" source="#mixamorig_RightHandThumb1-Interpolations"/>
      </sampler>
      <channel source="#mixamorig_RightHandThumb1-Matrix-animation-transform" target="mixamorig_RightHandThumb1/matrix"/>
    </animation>
    <animation id="mixamorig_RightHandThumb2-anim" name="mixamorig_RightHandThumb2">
      <source id="mixamorig_RightHandThumb2-Matrix-animation-input">
        <float_array id="mixamorig_RightHandThumb2-Matrix-animation-input-array" count="32">

0.000000 0.033333 0.066667 0.100000 0.133333 0.166667 0.200000 0.233333 0.266667 0.300000 0.333333 0.366667 0.400000 0.433333 0.466667 0.500000
0.533333 0.566667 0.600000 0.633333 0.666667 0.700000 0.733333 0.766667 0.800000 0.833333 0.866667 0.900000 0.933333 0.966667 1.000000 1.033333</float_array>
        <technique_common>
          <accessor source="#mixamorig_RightHandThumb2-Matrix-animation-input-array" count="32">
            <param name="TIME" type="float"/>
          </accessor>
        </technique_common>
      </source>
      <source id="mixamorig_RightHandThumb2-Matrix-animation-output-transform">
        <float_array id="mixamorig_RightHandThumb2-Matrix-animation-output-transform-array" count="512">

0.896651 -0.284637 -0.339114 0.000000 0.200879 0.944121 -0.261309 4.523200 0.394543 0.166182 0.903725 0.000000 0.000000 0.000000 0.000000 1.000000
0.903249 -0.277941 -0.326941 -0.000000 0.199825 0.946676 -0.252734 4.523200 0.379752 0.162951 0.910624 -0.000000 0.000000 0.000000 0.000000 1.000000
0.906957 -0.266018 -0.326593 0.000000 0.191416 0.950951 -0.243005 4.523200 0.375218 0.157880 0.913392 -0.000000 0.000000 0.000000 0.000000 1.000000
0.910465 -0.259425 -0.322105 0.000000 0.187842 0.953231 -0.236781 4.523200 0.368468 0.155076 0.916615 0.000000 0.000000 0.000000 0.000000 1.000000
0.916526 -0.260668 -0.303367 -0.000000 0.193702 0.952859 -0.233535 4.523200 0.349941 0.155278 0.923813 0.000000 0.000000 0.000000 0.000000 1.000000
0.922488 -0.262714 -0.282837 0.000000 0.200491 0.952186 -0.230531 4.523200 0.329878 0.155956 0.931052 0.000000 0.000000 0.000000 0.000000 1.000000
0.924371 -0.247853 -0.290013 0.000000 0.187426 0.957178 -0.220640 4.523200 0.332280 0.149597 0.931241 0.000000 0.000000 0.000000 0.000000 1.000000
0.918154 -0.206758 -0.338002 0.000000 0.145366 0.969347 -0.198081 4.523200 0.368596 0.132735 0.920064 0.000000 0.000000 0.000000 0.000000 1.000000
0.909359 -0.184770 -0.372727 0.000000 0.121629 0.974890 -0.186535 4.523200 0.397834 0.124293 0.908999 0.000000 0.000000 0.000000 0.000000 1.000000
0.910748 -0.200607 -0.360965 0.000000 0.135751 0.970941 -0.197091 4.523200 0.390014 0.130499 0.911515 0.000000 0.000000 0.000000 0.000000 1.000000
0.911888 -0.206388 -0.354774 -0.000000 0.141282 0.969392 -0.200796 4.523200 0.385357 0.132980 0.913135 0.000000 0.000000 0.000000 0.000000 1.000000
0.903934 -0.209236 -0.372993 0.000000 0.138794 0.968465 -0.206912 4.523200 0.404524 0.135266 0.904468 0.000000 0.000000 0.000000 0.000000 1.000000
0.896983 -0.222041 -0.382255 -0.000000 0.145063 0.964665 -0.219949 4.523200 0.417586 0.141839 0.897498 0.000000 0.000000 0.000000 0.000000 1.000000
0.893585 -0.236773 -0.381373 0.000000 0.155259 0.960166 -0.232328 4.523200 0.421190 0.148393 0.894750 0.000000 0.000000 0.000000 0.000000 1.000000
0.892370 -0.252010 -0.374389 -0.000000 0.167683 0.955328 -0.243375 4.523200 0.418997 0.154402 0.894763 0.000000 0.000000 0.000000 0.000000 1.000000
0.895299 -0.269986 -0.354326 0.000000 0.185927 0.949289 -0.253537 4.523200 0.404809 0.161112 0.900096 0.000000 0.000000 0.000000 0.000000 1.000000
0.901246 -0.295709 -0.316719 -0.000000 0.215170 0.939867 -0.265240 4.523200 0.376108 0.170898 0.910679 0.000000 0.000000 0.000000 0.000000 1.000000
0.901721 -0.313123 -0.298082 0.000000 0.233455 0.933005 -0.273862 4.523200 0.363865 0.177358 0.914411 0.000000 0.000000 0.000000 0.000000 1.000000
0.895807 -0.317410 -0.311096 0.000000 0.232619 0.931284 -0.280355 4.523200 0.378706 0.178777 0.908086 0.000000 0.000000 0.000000 0.000000 1.000000
0.891364 -0.319879 -0.321167 -0.000000 0.231086 0.930215 -0.285129 4.523200 0.389961 0.179937 0.903080 -0.000000 0.000000 0.000000 0.000000 1.000000
0.888200 -0.320687 -0.329031 0.000000 0.228948 0.929801 -0.288189 4.523200 0.398352 0.180638 0.899270 0.000000 0.000000 0.000000 0.000000 1.000000
0.885614 -0.327478 -0.329312 0.000000 0.233311 0.926823 -0.294221 4.523200 0.401565 0.183734 0.897211 0.000000 0.000000 0.000000 0.000000 1.000000
0.884397 -0.336648 -0.323281 0.000000 0.241423 0.922742 -0.300436 4.523200 0.399446 0.187657 0.897345 0.000000 0.000000 0.000000 0.000000 1.000000
0.882630 -0.341797 -0.322707 0.000000 0.244988 0.920380 -0.304764 4.523200 0.401181 0.189934 0.896091 -0.000000 0.000000 0.000000 0.000000 1.000000
0.875432 -0.328867 -0.354212 0.000000 0.225213 0.925965 -0.303096 4.523200 0.427666 0.185567 0.884685 0.000000 0.000000 0.000000 0.000000 1.000000
0.875651 -0.323021 -0.359016 0.000000 0.219459 0.928350 -0.300005 4.523200 0.430201 0.183910 0.883801 0.000000 0.000000 0.000000 0.000000 1.000000
0.886263 -0.334902 -0.319965 -0.000000 0.241142 0.923415 -0.298589 4.523200 0.395458 0.187472 0.899148 0.000000 0.000000 0.000000 0.000000 1.000000
0.889794 -0.343821 -0.300089 0.000000 0.254378 0.919605 -0.299363 4.523200 0.378891 0.190035 0.905720 0.000000 0.000000 0.000000 0.000000 1.000000
0.888252 -0.342747 -0.305832 0.000000 0.251842 0.920165 -0.299787 4.523200 0.384167 0.189265 0.903656 0.000000 0.000000 0.000000 0.000000 1.000000
0.888394 -0.323341 -0.325895 -0.000000 0.231584 0.928583 -0.290004 4.523200 0.396390 0.182166 0.899828 -0.000000 0.000000 0.000000 0.000000 1.000000
0.890742 -0.303800 -0.338061 0.000000 0.214276 0.936636 -0.277127 4.523200 0.400831 0.174410 0.899397 0.000000 0.000000 0.000000 0.000000 1.000000
0.896651 -0.284637 -0.339113 0.000000 0.200879 0.944121 -0.261309 4.523200 0.394543 0.166182 0.903725 0.000000 0.000000 0.000000 0.000000 1.000000</float_array>
        <technique_common>
          <accessor source="#mixamorig_RightHandThumb2-Matrix-animation-output-transform-array" count="32" stride="16">
            <param type="float4x4"/>
          </accessor>
        </technique_common>
      </source>
      <source id="mixamorig_RightHandThumb2-Interpolations">
        <Name_array id="mixamorig_RightHandThumb2-Interpolations-array" count="32">
 LINEAR LINEAR LINEAR LINEAR LINEAR LINEAR LINEAR LINEAR LINEAR LINEAR LINEAR
LINEAR LINEAR LINEAR LINEAR LINEAR LINEAR LINEAR LINEAR LINEAR LINEAR LINEAR LINEAR
LINEAR LINEAR LINEAR LINEAR LINEAR LINEAR LINEAR LINEAR LINEAR</Name_array>
        <technique_common>
          <accessor source="#mixamorig_RightHandThumb2-Interpolations-array" count="32">
            <param type="name"/>
          </accessor>
        </technique_common>
      </source>
      <sampler id="mixamorig_RightHandThumb2-Matrix-animation-transform">
        <input semantic="INPUT" source="#mixamorig_RightHandThumb2-Matrix-animation-input"/>
        <input semantic="OUTPUT" source="#mixamorig_RightHandThumb2-Matrix-animation-output-transform"/>
        <input semantic="INTERPOLATION" source="#mixamorig_RightHandThumb2-Interpolations"/>
      </sampler>
      <channel source="#mixamorig_RightHandThumb2-Matrix-animation-transform" target="mixamorig_RightHandThumb2/matrix"/>
    </animation>
    <animation id="mixamorig_RightHandThumb3-anim" name="mixamorig_RightHandThumb3">
      <source id="mixamorig_RightHandThumb3-Matrix-animation-input">
        <float_array id="mixamorig_RightHandThumb3-Matrix-animation-input-array" count="32">

0.000000 0.033333 0.066667 0.100000 0.133333 0.166667 0.200000 0.233333 0.266667 0.300000 0.333333 0.366667 0.400000 0.433333 0.466667 0.500000
0.533333 0.566667 0.600000 0.633333 0.666667 0.700000 0.733333 0.766667 0.800000 0.833333 0.866667 0.900000 0.933333 0.966667 1.000000 1.033333</float_array>
        <technique_common>
          <accessor source="#mixamorig_RightHandThumb3-Matrix-animation-input-array" count="32">
            <param name="TIME" type="float"/>
          </accessor>
        </technique_common>
      </source>
      <source id="mixamorig_RightHandThumb3-Matrix-animation-output-transform">
        <float_array id="mixamorig_RightHandThumb3-Matrix-animation-output-transform-array" count="512">

1.000000 0.000000 -0.000000 0.000000 -0.000000 1.000000 0.000000 3.636400 0.000000 -0.000000 1.000000 -0.000000 0.000000 0.000000 0.000000 1.000000
1.000000 -0.000000 -0.000000 -0.000000 0.000000 1.000000 0.000000 3.636400 0.000000 -0.000000 1.000000 0.000000 0.000000 0.000000 0.000000 1.000000
1.000000 0.000000 -0.000000 -0.000000 -0.000000 1.000000 0.000000 3.636400 0.000000 -0.000000 1.000000 0.000000 0.000000 0.000000 0.000000 1.000000
1.000000 -0.000000 -0.000000 0.000000 0.000000 1.000000 0.000000 3.636400 0.000000 -0.000000 1.000000 0.000000 0.000000 0.000000 0.000000 1.000000
1.000000 0.000000 0.000000 0.000000 -0.000000 1.000000 -0.000000 3.636400 -0.000000 0.000000 1.000000 0.000000 0.000000 0.000000 0.000000 1.000000
1.000000 0.000000 -0.000000 -0.000000 -0.000000 1.000000 0.000000 3.636400 0.000000 -0.000000 1.000000 0.000000 0.000000 0.000000 0.000000 1.000000
1.000000 -0.000000 -0.000000 -0.000000 0.000000 1.000000 -0.000000 3.636400 0.000000 0.000000 1.000000 0.000000 0.000000 0.000000 0.000000 1.000000
1.000000 -0.000000 0.000000 0.000000 0.000000 1.000000 0.000000 3.636400 -0.000000 -0.000000 1.000000 0.000000 0.000000 0.000000 0.000000 1.000000
1.000000 0.000000 -0.000000 0.000000 -0.000000 1.000000 0.000000 3.636400 0.000000 -0.000000 1.000000 -0.000000 0.000000 0.000000 0.000000 1.000000
1.000000 -0.000000 -0.000000 0.000000 0.000000 1.000000 0.000000 3.636400 0.000000 -0.000000 1.000000 0.000000 0.000000 0.000000 0.000000 1.000000
1.000000 -0.000000 -0.000000 0.000000 0.000000 1.000000 0.000000 3.636400 0.000000 -0.000000 1.000000 0.000000 0.000000 0.000000 0.000000 1.000000
1.000000 -0.000000 -0.000000 -0.000000 0.000000 1.000000 0.000000 3.636400 0.000000 -0.000000 1.000000 0.000000 0.000000 0.000000 0.000000 1.000000
1.000000 -0.000000 0.000000 0.000000 0.000000 1.000000 -0.000000 3.636400 -0.000000 0.000000 1.000000 0.000000 0.000000 0.000000 0.000000 1.000000
1.000000 -0.000000 0.000000 0.000000 0.000000 1.000000 -0.000000 3.636400 -0.000000 0.000000 1.000000 0.000000 0.000000 0.000000 0.000000 1.000000
1.000000 0.000000 -0.000000 0.000000 -0.000000 1.000000 0.000000 3.636400 0.000000 -0.000000 1.000000 0.000000 0.000000 0.000000 0.000000 1.000000
1.000000 -0.000000 -0.000000 0.000000 0.000000 1.000000 0.000000 3.636400 0.000000 -0.000000 1.000000 0.000000 0.000000 0.000000 0.000000 1.000000
1.000000 0.000000 -0.000000 -0.000000 -0.000000 1.000000 0.000000 3.636400 0.000000 -0.000000 1.000000 0.000000 0.000000 0.000000 0.000000 1.000000
1.000000 -0.000000 -0.000000 0.000000 0.000000 1.000000 0.000000 3.636400 0.000000 -0.000000 1.000000 0.000000 0.000000 0.000000 0.000000 1.000000
1.000000 -0.000000 0.000000 0.000000 0.000000 1.000000 0.000000 3.636400 -0.000000 -0.000000 1.000000 -0.000000 0.000000 0.000000 0.000000 1.000000
1.000000 -0.000000 0.000000 0.000000 0.000000 1.000000 0.000000 3.636400 -0.000000 -0.000000 1.000000 0.000000 0.000000 0.000000 0.000000 1.000000
1.000000 0.000000 0.000000 0.000000 -0.000000 1.000000 -0.000000 3.636400 -0.000000 0.000000 1.000000 0.000000 0.000000 0.000000 0.000000 1.000000
1.000000 0.000000 -0.000000 0.000000 -0.000000 1.000000 0.000000 3.636400 0.000000 -0.000000 1.000000 -0.000000 0.000000 0.000000 0.000000 1.000000
1.000000 -0.000000 -0.000000 -0.000000 0.000000 1.000000 -0.000000 3.636400 0.000000 0.000000 1.000000 0.000000 0.000000 0.000000 0.000000 1.000000
1.000000 -0.000000 -0.000000 0.000000 0.000000 1.000000 0.000000 3.636400 0.000000 -0.000000 1.000000 0.000000 0.000000 0.000000 0.000000 1.000000
1.000000 0.000000 -0.000000 -0.000000 -0.000000 1.000000 -0.000000 3.636400 0.000000 0.000000 1.000000 0.000000 0.000000 0.000000 0.000000 1.000000
1.000000 -0.000000 -0.000000 0.000000 0.000000 1.000000 -0.000000 3.636400 0.000000 0.000000 1.000000 0.000000 0.000000 0.000000 0.000000 1.000000
1.000000 0.000000 -0.000000 -0.000000 -0.000000 1.000000 0.000000 3.636400 0.000000 -0.000000 1.000000 0.000000 0.000000 0.000000 0.000000 1.000000
1.000000 0.000000 0.000000 -0.000000 -0.000000 1.000000 -0.000000 3.636400 -0.000000 0.000000 1.000000 0.000000 0.000000 0.000000 0.000000 1.000000
1.000000 0.000000 -0.000000 0.000000 -0.000000 1.000000 0.000000 3.636400 0.000000 -0.000000 1.000000 0.000000 0.000000 0.000000 0.000000 1.000000
1.000000 -0.000000 -0.000000 0.000000 0.000000 1.000000 0.000000 3.636400 0.000000 -0.000000 1.000000 -0.000000 0.000000 0.000000 0.000000 1.000000
1.000000 0.000000 -0.000000 -0.000000 -0.000000 1.000000 -0.000000 3.636400 0.000000 0.000000 1.000000 0.000000 0.000000 0.000000 0.000000 1.000000
1.000000 -0.000000 -0.000000 -0.000000 0.000000 1.000000 -0.000000 3.636400 0.000000 0.000000 1.000000 0.000000 0.000000 0.000000 0.000000 1.000000</float_array>
        <technique_common>
          <accessor source="#mixamorig_RightHandThumb3-Matrix-animation-output-transform-array" count="32" stride="16">
            <param type="float4x4"/>
          </accessor>
        </technique_common>
      </source>
      <source id="mixamorig_RightHandThumb3-Interpolations">
        <Name_array id="mixamorig_RightHandThumb3-Interpolations-array" count="32">
 LINEAR LINEAR LINEAR LINEAR LINEAR LINEAR LINEAR LINEAR LINEAR LINEAR LINEAR
LINEAR LINEAR LINEAR LINEAR LINEAR LINEAR LINEAR LINEAR LINEAR LINEAR LINEAR LINEAR
LINEAR LINEAR LINEAR LINEAR LINEAR LINEAR LINEAR LINEAR LINEAR</Name_array>
        <technique_common>
          <accessor source="#mixamorig_RightHandThumb3-Interpolations-array" count="32">
            <param type="name"/>
          </accessor>
        </technique_common>
      </source>
      <sampler id="mixamorig_RightHandThumb3-Matrix-animation-transform">
        <input semantic="INPUT" source="#mixamorig_RightHandThumb3-Matrix-animation-input"/>
        <input semantic="OUTPUT" source="#mixamorig_RightHandThumb3-Matrix-animation-output-transform"/>
        <input semantic="INTERPOLATION" source="#mixamorig_RightHandThumb3-Interpolations"/>
      </sampler>
      <channel source="#mixamorig_RightHandThumb3-Matrix-animation-transform" target="mixamorig_RightHandThumb3/matrix"/>
    </animation>
    <animation id="mixamorig_RightHandIndex1-anim" name="mixamorig_RightHandIndex1">
      <source id="mixamorig_RightHandIndex1-Matrix-animation-input">
        <float_array id="mixamorig_RightHandIndex1-Matrix-animation-input-array" count="32">

0.000000 0.033333 0.066667 0.100000 0.133333 0.166667 0.200000 0.233333 0.266667 0.300000 0.333333 0.366667 0.400000 0.433333 0.466667 0.500000
0.533333 0.566667 0.600000 0.633333 0.666667 0.700000 0.733333 0.766667 0.800000 0.833333 0.866667 0.900000 0.933333 0.966667 1.000000 1.033333</float_array>
        <technique_common>
          <accessor source="#mixamorig_RightHandIndex1-Matrix-animation-input-array" count="32">
            <param name="TIME" type="float"/>
          </accessor>
        </technique_common>
      </source>
      <source id="mixamorig_RightHandIndex1-Matrix-animation-output-transform">
        <float_array id="mixamorig_RightHandIndex1-Matrix-animation-output-transform-array" count="512">

0.998910 0.009439 0.045723 3.526400 0.021908 0.770053 -0.637604 14.497500 -0.041227 0.637910 0.769007 1.249000 0.000000 0.000000 0.000000 1.000000
0.998863 0.012403 0.046040 3.526400 0.021192 0.749479 -0.661688 14.497500 -0.042713 0.661911 0.748364 1.249000 0.000000 0.000000 0.000000 1.000000
0.998832 0.015080 0.045908 3.526400 0.020135 0.733749 -0.679122 14.497500 -0.043926 0.679253 0.732588 1.249000 0.000000 0.000000 0.000000 1.000000
0.998803 0.016542 0.046042 3.526400 0.020265 0.716685 -0.697102 14.497500 -0.044529 0.697201 0.715492 1.249000 0.000000 0.000000 0.000000 1.000000
0.998762 0.017323 0.046626 3.526400 0.021515 0.694724 -0.718955 14.497500 -0.044847 0.719068 0.693491 1.249000 0.000000 0.000000 0.000000 1.000000
0.998718 0.018611 0.047078 3.526400 0.022346 0.672407 -0.739844 14.497500 -0.045425 0.739948 0.671129 1.249000 0.000000 0.000000 0.000000 1.000000
0.998685 0.021501 0.046542 3.526400 0.020883 0.658483 -0.752306 14.497500 -0.046823 0.752288 0.657168 1.249000 0.000000 0.000000 0.000000 1.000000
0.998674 0.025195 0.044901 3.526400 0.017238 0.658137 -0.752701 14.497500 -0.048516 0.752477 0.656830 1.249000 0.000000 0.000000 0.000000 1.000000
0.998689 0.025610 0.044316 3.526400 0.016532 0.658014 -0.752824 14.497500 -0.048440 0.752570 0.656728 1.249000 0.000000 0.000000 0.000000 1.000000
0.998685 0.024692 0.044918 3.526400 0.018211 0.648231 -0.761226 14.497500 -0.047913 0.761043 0.646929 1.249000 0.000000 0.000000 0.000000 1.000000
0.998679 0.025044 0.044874 3.526400 0.018280 0.642989 -0.765657 14.497500 -0.048029 0.765466 0.641682 1.249000 0.000000 0.000000 0.000000 1.000000
0.998675 0.026796 0.043930 3.526400 0.016559 0.640950 -0.767404 14.497500 -0.048720 0.767115 0.639657 1.249000 0.000000 0.000000 0.000000 1.000000
0.998610 0.030908 0.042698 3.526400 0.013962 0.626003 -0.779696 14.497500 -0.050828 0.779208 0.624701 1.249000 0.000000 0.000000 0.000000 1.000000
0.998521 0.035400 0.041265 3.526400 0.011181 0.609065 -0.793042 14.497500 -0.053207 0.792330 0.607768 1.249000 0.000000 0.000000 0.000000 1.000000
0.998450 0.038316 0.040375 3.526400 0.009477 0.597742 -0.801633 14.497500 -0.054849 0.800773 0.596452 1.249000 0.000000 0.000000 0.000000 1.000000
0.998413 0.039291 0.040334 3.526400 0.009335 0.590889 -0.806699 14.497500 -0.055529 0.805795 0.589585 1.249000 0.000000 0.000000 0.000000 1.000000
0.998434 0.037971 0.041094 3.526400 0.010325 0.596804 -0.802321 14.497500 -0.054990 0.801488 0.595477 1.249000 0.000000 0.000000 0.000000 1.000000
0.998553 0.033300 0.042236 3.526400 0.011848 0.629795 -0.776671 14.497500 -0.052463 0.776047 0.628489 1.249000 0.000000 0.000000 0.000000 1.000000
0.998773 0.021826 0.044462 3.526400 0.016892 0.693761 -0.720007 14.497500 -0.046561 0.719875 0.692541 1.249000 0.000000 0.000000 0.000000 1.000000
0.998929 0.002066 0.046223 3.526400 0.026402 0.794951 -0.606099 14.497500 -0.037997 0.606670 0.794045 1.249000 0.000000 0.000000 0.000000 1.000000
0.998921 -0.007487 0.045841 3.526400 0.031281 0.837994 -0.544782 14.497500 -0.034336 0.545628 0.837324 1.249000 0.000000 0.000000 0.000000 1.000000
0.998920 -0.009274 0.045533 3.526400 0.032183 0.844895 -0.533964 14.497500 -0.033519 0.534852 0.844280 1.249000 0.000000 0.000000 0.000000 1.000000
0.998924 -0.007410 0.045774 3.526400 0.031345 0.835352 -0.548820 14.497500 -0.034171 0.549665 0.834686 1.249000 0.000000 0.000000 0.000000 1.000000
0.998959 -0.004667 0.045368 3.526400 0.029065 0.831724 -0.554428 14.497500 -0.035147 0.555169 0.830994 1.249000 0.000000 0.000000 0.000000 1.000000
0.998998 -0.002711 0.044664 3.526400 0.026879 0.834375 -0.550541 14.497500 -0.035774 0.551190 0.833613 1.249000 0.000000 0.000000 0.000000 1.000000
0.998990 -0.000519 0.044922 3.526400 0.025832 0.824735 -0.564929 14.497500 -0.036756 0.565519 0.823916 1.249000 0.000000 0.000000 0.000000 1.000000
0.998934 0.000463 0.046165 3.526400 0.027082 0.803947 -0.594084 14.497500 -0.037389 0.594701 0.803077 1.249000 0.000000 0.000000 0.000000 1.000000
0.998903 0.000893 0.046821 3.526400 0.027995 0.790103 -0.612335 14.497500 -0.037540 0.612974 0.789211 1.249000 0.000000 0.000000 0.000000 1.000000
0.998919 0.003153 0.046378 3.526400 0.026231 0.785447 -0.618373 14.497500 -0.038377 0.618921 0.784515 1.249000 0.000000 0.000000 0.000000 1.000000
0.998936 0.006748 0.045618 3.526400 0.023131 0.782475 -0.622252 14.497500 -0.039894 0.622646 0.781486 1.249000 0.000000 0.000000 0.000000 1.000000
0.998932 0.009571 0.045209 3.526400 0.020988 0.777621 -0.628383 14.497500 -0.041170 0.628661 0.776589 1.249000 0.000000 0.000000 0.000000 1.000000
0.998910 0.009439 0.045723 3.526400 0.021908 0.770053 -0.637604 14.497500 -0.041227 0.637910 0.769007 1.249000 0.000000 0.000000 0.000000 1.000000</float_array>
        <technique_common>
          <accessor source="#mixamorig_RightHandIndex1-Matrix-animation-output-transform-array" count="32" stride="16">
            <param type="float4x4"/>
          </accessor>
        </technique_common>
      </source>
      <source id="mixamorig_RightHandIndex1-Interpolations">
        <Name_array id="mixamorig_RightHandIndex1-Interpolations-array" count="32">
 LINEAR LINEAR LINEAR LINEAR LINEAR LINEAR LINEAR LINEAR LINEAR LINEAR LINEAR
LINEAR LINEAR LINEAR LINEAR LINEAR LINEAR LINEAR LINEAR LINEAR LINEAR LINEAR LINEAR
LINEAR LINEAR LINEAR LINEAR LINEAR LINEAR LINEAR LINEAR LINEAR</Name_array>
        <technique_common>
          <accessor source="#mixamorig_RightHandIndex1-Interpolations-array" count="32">
            <param type="name"/>
          </accessor>
        </technique_common>
      </source>
      <sampler id="mixamorig_RightHandIndex1-Matrix-animation-transform">
        <input semantic="INPUT" source="#mixamorig_RightHandIndex1-Matrix-animation-input"/>
        <input semantic="OUTPUT" source="#mixamorig_RightHandIndex1-Matrix-animation-output-transform"/>
        <input semantic="INTERPOLATION" source="#mixamorig_RightHandIndex1-Interpolations"/>
      </sampler>
      <channel source="#mixamorig_RightHandIndex1-Matrix-animation-transform" target="mixamorig_RightHandIndex1/matrix"/>
    </animation>
    <animation id="mixamorig_RightHandIndex2-anim" name="mixamorig_RightHandIndex2">
      <source id="mixamorig_RightHandIndex2-Matrix-animation-input">
        <float_array id="mixamorig_RightHandIndex2-Matrix-animation-input-array" count="32">

0.000000 0.033333 0.066667 0.100000 0.133333 0.166667 0.200000 0.233333 0.266667 0.300000 0.333333 0.366667 0.400000 0.433333 0.466667 0.500000
0.533333 0.566667 0.600000 0.633333 0.666667 0.700000 0.733333 0.766667 0.800000 0.833333 0.866667 0.900000 0.933333 0.966667 1.000000 1.033333</float_array>
        <technique_common>
          <accessor source="#mixamorig_RightHandIndex2-Matrix-animation-input-array" count="32">
            <param name="TIME" type="float"/>
          </accessor>
        </technique_common>
      </source>
      <source id="mixamorig_RightHandIndex2-Matrix-animation-output-transform">
        <float_array id="mixamorig_RightHandIndex2-Matrix-animation-output-transform-array" count="512">

0.996308 0.085379 0.008940 0.000000 -0.025110 0.389419 -0.920719 4.509100 -0.082092 0.917095 0.390125 0.000000 0.000000 0.000000 0.000000 1.000000
0.996158 0.087277 0.007261 0.000000 -0.025746 0.371088 -0.928241 4.509100 -0.083708 0.924487 0.371909 -0.000000 0.000000 0.000000 0.000000 1.000000
0.995985 0.089348 0.005523 0.000000 -0.026453 0.352699 -0.935363 4.509100 -0.085521 0.931461 0.353647 -0.000000 0.000000 0.000000 0.000000 1.000000
0.995790 0.091585 0.003732 0.000000 -0.027220 0.334343 -0.942058 4.509100 -0.087526 0.937991 0.335428 0.000000 0.000000 0.000000 0.000000 1.000000
0.995590 0.093800 0.001681 -0.000000 -0.027782 0.311893 -0.949711 4.509100 -0.089607 0.945476 0.313124 -0.000000 0.000000 0.000000 0.000000 1.000000
0.995344 0.096381 -0.000418 0.000000 -0.028314 0.288254 -0.957135 4.509100 -0.092129 0.952691 0.289641 -0.000000 0.000000 0.000000 0.000000 1.000000
0.995113 0.098713 -0.002428 0.000000 -0.028779 0.266422 -0.963427 4.509100 -0.094456 0.958788 0.267960 0.000000 0.000000 0.000000 0.000000 1.000000
0.994985 0.099951 -0.003931 0.000000 -0.029281 0.253454 -0.966904 4.509100 -0.095646 0.962170 0.255110 0.000000 0.000000 0.000000 0.000000 1.000000
0.994926 0.100482 -0.004999 -0.000000 -0.029774 0.246611 -0.968657 4.509100 -0.096100 0.963891 0.248352 0.000000 0.000000 0.000000 0.000000 1.000000
0.994801 0.101648 -0.006195 0.000000 -0.029982 0.234203 -0.971725 4.509100 -0.097323 0.966859 0.236033 0.000000 0.000000 0.000000 0.000000 1.000000
0.994706 0.102523 -0.006999 0.000000 -0.030046 0.225030 -0.973889 4.509100 -0.098271 0.968943 0.226919 0.000000 0.000000 0.000000 0.000000 1.000000
0.994652 0.103033 -0.007138 0.000000 -0.029902 0.221138 -0.974784 4.509100 -0.098857 0.969785 0.223036 -0.000000 0.000000 0.000000 0.000000 1.000000
0.994595 0.103521 -0.008045 0.000000 -0.030297 0.215226 -0.976094 4.509100 -0.099315 0.971062 0.217199 0.000000 0.000000 0.000000 0.000000 1.000000
0.994601 0.103452 -0.008099 0.000000 -0.030492 0.216763 -0.975748 4.509100 -0.099187 0.970727 0.218748 0.000000 0.000000 0.000000 0.000000 1.000000
0.994636 0.103144 -0.007745 0.000000 -0.030513 0.221051 -0.974785 4.509100 -0.098831 0.969793 0.223013 0.000000 0.000000 0.000000 0.000000 1.000000
0.994720 0.102394 -0.006918 0.000000 -0.030398 0.229580 -0.972815 4.509100 -0.098023 0.967889 0.231480 -0.000000 0.000000 0.000000 0.000000 1.000000
0.994840 0.101290 -0.005792 0.000000 -0.030127 0.240418 -0.970202 4.509100 -0.096880 0.965370 0.242229 0.000000 0.000000 0.000000 0.000000 1.000000
0.995038 0.099411 -0.004030 -0.000000 -0.029696 0.258093 -0.965664 4.509100 -0.094957 0.960992 0.259764 -0.000000 0.000000 0.000000 0.000000 1.000000
0.995392 0.095890 -0.000936 -0.000000 -0.029007 0.291771 -0.956048 4.509100 -0.091402 0.951669 0.293208 -0.000000 0.000000 0.000000 0.000000 1.000000
0.995824 0.091232 0.003231 0.000000 -0.027661 0.335280 -0.941713 4.509100 -0.086997 0.937691 0.336403 -0.000000 0.000000 0.000000 0.000000 1.000000
0.996282 0.085806 0.007730 0.000000 -0.025841 0.383203 -0.923303 4.509100 -0.082187 0.919670 0.383995 0.000000 0.000000 0.000000 0.000000 1.000000
0.996708 0.080192 0.011948 0.000000 -0.023821 0.430503 -0.902275 4.509100 -0.077499 0.899020 0.430996 0.000000 0.000000 0.000000 0.000000 1.000000
0.997011 0.075797 0.014975 0.000000 -0.022091 0.465394 -0.884828 4.509100 -0.074037 0.881852 0.465678 -0.000000 0.000000 0.000000 0.000000 1.000000
0.997153 0.073583 0.016472 -0.000000 -0.021144 0.482548 -0.875614 4.509100 -0.072379 0.872773 0.482730 0.000000 0.000000 0.000000 0.000000 1.000000
0.997152 0.073581 0.016546 -0.000000 -0.021102 0.482839 -0.875455 4.509100 -0.072406 0.872612 0.483017 0.000000 0.000000 0.000000 0.000000 1.000000
0.997084 0.074617 0.015972 0.000000 -0.021448 0.474923 -0.879766 4.509100 -0.073231 0.876858 0.475139 0.000000 0.000000 0.000000 0.000000 1.000000
0.996958 0.076488 0.014949 -0.000000 -0.022051 0.460816 -0.887222 4.509100 -0.074751 0.884193 0.461101 0.000000 0.000000 0.000000 0.000000 1.000000
0.996761 0.079291 0.013424 0.000000 -0.022868 0.439492 -0.897955 4.509100 -0.077100 0.894740 0.439882 0.000000 0.000000 0.000000 0.000000 1.000000
0.996606 0.081454 0.011889 0.000000 -0.023697 0.422206 -0.906190 4.509100 -0.078832 0.902833 0.422704 0.000000 0.000000 0.000000 0.000000 1.000000
0.996461 0.083408 0.010447 0.000000 -0.024427 0.406237 -0.913441 4.509100 -0.080433 0.909953 0.406837 0.000000 0.000000 0.000000 0.000000 1.000000
0.996352 0.084818 0.009375 0.000000 -0.024942 0.394519 -0.918549 4.509100 -0.081608 0.914965 0.395195 0.000000 0.000000 0.000000 0.000000 1.000000
0.996309 0.085374 0.008939 -0.000000 -0.025108 0.389418 -0.920719 4.509100 -0.082086 0.917096 0.390125 0.000000 0.000000 0.000000 0.000000 1.000000</float_array>
        <technique_common>
          <accessor source="#mixamorig_RightHandIndex2-Matrix-animation-output-transform-array" count="32" stride="16">
            <param type="float4x4"/>
          </accessor>
        </technique_common>
      </source>
      <source id="mixamorig_RightHandIndex2-Interpolations">
        <Name_array id="mixamorig_RightHandIndex2-Interpolations-array" count="32">
 LINEAR LINEAR LINEAR LINEAR LINEAR LINEAR LINEAR LINEAR LINEAR LINEAR LINEAR
LINEAR LINEAR LINEAR LINEAR LINEAR LINEAR LINEAR LINEAR LINEAR LINEAR LINEAR LINEAR
LINEAR LINEAR LINEAR LINEAR LINEAR LINEAR LINEAR LINEAR LINEAR</Name_array>
        <technique_common>
          <accessor source="#mixamorig_RightHandIndex2-Interpolations-array" count="32">
            <param type="name"/>
          </accessor>
        </technique_common>
      </source>
      <sampler id="mixamorig_RightHandIndex2-Matrix-animation-transform">
        <input semantic="INPUT" source="#mixamorig_RightHandIndex2-Matrix-animation-input"/>
        <input semantic="OUTPUT" source="#mixamorig_RightHandIndex2-Matrix-animation-output-transform"/>
        <input semantic="INTERPOLATION" source="#mixamorig_RightHandIndex2-Interpolations"/>
      </sampler>
      <channel source="#mixamorig_RightHandIndex2-Matrix-animation-transform" target="mixamorig_RightHandIndex2/matrix"/>
    </animation>
    <animation id="mixamorig_RightHandIndex3-anim" name="mixamorig_RightHandIndex3">
      <source id="mixamorig_RightHandIndex3-Matrix-animation-input">
        <float_array id="mixamorig_RightHandIndex3-Matrix-animation-input-array" count="32">

0.000000 0.033333 0.066667 0.100000 0.133333 0.166667 0.200000 0.233333 0.266667 0.300000 0.333333 0.366667 0.400000 0.433333 0.466667 0.500000
0.533333 0.566667 0.600000 0.633333 0.666667 0.700000 0.733333 0.766667 0.800000 0.833333 0.866667 0.900000 0.933333 0.966667 1.000000 1.033333</float_array>
        <technique_common>
          <accessor source="#mixamorig_RightHandIndex3-Matrix-animation-input-array" count="32">
            <param name="TIME" type="float"/>
          </accessor>
        </technique_common>
      </source>
      <source id="mixamorig_RightHandIndex3-Matrix-animation-output-transform">
        <float_array id="mixamorig_RightHandIndex3-Matrix-animation-output-transform-array" count="512">

1.000000 0.000000 0.000000 -0.000000 -0.000000 1.000000 0.000000 2.907200 -0.000000 -0.000000 1.000000 0.000000 0.000000 0.000000 0.000000 1.000000
1.000000 0.000000 0.000000 -0.000000 -0.000000 1.000000 -0.000000 2.907200 0.000000 0.000000 1.000000 0.000000 0.000000 0.000000 0.000000 1.000000
1.000000 0.000000 -0.000000 0.000000 -0.000000 1.000000 -0.000000 2.907200 0.000000 0.000000 1.000000 0.000000 0.000000 0.000000 0.000000 1.000000
1.000000 0.000000 0.000000 0.000000 -0.000000 1.000000 -0.000000 2.907200 0.000000 0.000000 1.000000 0.000000 0.000000 0.000000 0.000000 1.000000
1.000000 0.000000 0.000000 0.000000 -0.000000 1.000000 -0.000000 2.907200 -0.000000 0.000000 1.000000 0.000000 0.000000 0.000000 0.000000 1.000000
1.000000 0.000000 -0.000000 0.000000 -0.000000 1.000000 -0.000000 2.907200 0.000000 0.000000 1.000000 -0.000000 0.000000 0.000000 0.000000 1.000000
1.000000 0.000000 0.000000 0.000000 -0.000000 1.000000 0.000000 2.907200 -0.000000 -0.000000 1.000000 0.000000 0.000000 0.000000 0.000000 1.000000
1.000000 0.000000 -0.000000 0.000000 -0.000000 1.000000 -0.000000 2.907200 -0.000000 0.000000 1.000000 -0.000000 0.000000 0.000000 0.000000 1.000000
1.000000 -0.000000 -0.000000 0.000000 0.000000 1.000000 -0.000000 2.907200 0.000000 0.000000 1.000000 -0.000000 0.000000 0.000000 0.000000 1.000000
1.000000 0.000000 0.000000 0.000000 -0.000000 1.000000 -0.000000 2.907200 0.000000 0.000000 1.000000 0.000000 0.000000 0.000000 0.000000 1.000000
1.000000 0.000000 0.000000 -0.000000 -0.000000 1.000000 -0.000000 2.907200 0.000000 0.000000 1.000000 -0.000000 0.000000 0.000000 0.000000 1.000000
1.000000 0.000000 -0.000000 0.000000 -0.000000 1.000000 -0.000000 2.907200 -0.000000 0.000000 1.000000 0.000000 0.000000 0.000000 0.000000 1.000000
1.000000 0.000000 -0.000000 -0.000000 -0.000000 1.000000 -0.000000 2.907200 0.000000 0.000000 1.000000 0.000000 0.000000 0.000000 0.000000 1.000000
1.000000 -0.000000 -0.000000 0.000000 0.000000 1.000000 -0.000000 2.907200 0.000000 0.000000 1.000000 0.000000 0.000000 0.000000 0.000000 1.000000
1.000000 0.000000 0.000000 -0.000000 -0.000000 1.000000 0.000000 2.907200 -0.000000 -0.000000 1.000000 0.000000 0.000000 0.000000 0.000000 1.000000
1.000000 -0.000000 0.000000 -0.000000 0.000000 1.000000 0.000000 2.907200 -0.000000 -0.000000 1.000000 0.000000 0.000000 0.000000 0.000000 1.000000
1.000000 0.000000 0.000000 0.000000 -0.000000 1.000000 -0.000000 2.907200 -0.000000 0.000000 1.000000 0.000000 0.000000 0.000000 0.000000 1.000000
1.000000 -0.000000 0.000000 0.000000 0.000000 1.000000 -0.000000 2.907200 -0.000000 0.000000 1.000000 0.000000 0.000000 0.000000 0.000000 1.000000
1.000000 0.000000 0.000000 -0.000000 -0.000000 1.000000 -0.000000 2.907200 -0.000000 0.000000 1.000000 0.000000 0.000000 0.000000 0.000000 1.000000
1.000000 0.000000 0.000000 0.000000 -0.000000 1.000000 -0.000000 2.907200 0.000000 0.000000 1.000000 0.000000 0.000000 0.000000 0.000000 1.000000
1.000000 0.000000 -0.000000 0.000000 -0.000000 1.000000 0.000000 2.907200 0.000000 -0.000000 1.000000 -0.000000 0.000000 0.000000 0.000000 1.000000
1.000000 0.000000 -0.000000 -0.000000 -0.000000 1.000000 -0.000000 2.907200 0.000000 0.000000 1.000000 0.000000 0.000000 0.000000 0.000000 1.000000
1.000000 0.000000 -0.000000 0.000000 -0.000000 1.000000 -0.000000 2.907200 -0.000000 0.000000 1.000000 -0.000000 0.000000 0.000000 0.000000 1.000000
1.000000 0.000000 0.000000 0.000000 -0.000000 1.000000 -0.000000 2.907200 0.000000 0.000000 1.000000 -0.000000 0.000000 0.000000 0.000000 1.000000
1.000000 0.000000 -0.000000 0.000000 -0.000000 1.000000 -0.000000 2.907200 0.000000 0.000000 1.000000 0.000000 0.000000 0.000000 0.000000 1.000000
1.000000 0.000000 0.000000 0.000000 -0.000000 1.000000 -0.000000 2.907200 -0.000000 0.000000 1.000000 0.000000 0.000000 0.000000 0.000000 1.000000
1.000000 0.000000 0.000000 0.000000 -0.000000 1.000000 -0.000000 2.907200 0.000000 0.000000 1.000000 -0.000000 0.000000 0.000000 0.000000 1.000000
1.000000 0.000000 -0.000000 0.000000 -0.000000 1.000000 -0.000000 2.907200 0.000000 0.000000 1.000000 0.000000 0.000000 0.000000 0.000000 1.000000
1.000000 -0.000000 -0.000000 0.000000 0.000000 1.000000 0.000000 2.907200 0.000000 -0.000000 1.000000 0.000000 0.000000 0.000000 0.000000 1.000000
1.000000 0.000000 -0.000000 0.000000 -0.000000 1.000000 -0.000000 2.907200 -0.000000 0.000000 1.000000 0.000000 0.000000 0.000000 0.000000 1.000000
1.000000 0.000000 0.000000 -0.000000 -0.000000 1.000000 -0.000000 2.907200 0.000000 0.000000 1.000000 0.000000 0.000000 0.000000 0.000000 1.000000
1.000000 0.000000 -0.000000 -0.000000 -0.000000 1.000000 -0.000000 2.907200 0.000000 0.000000 1.000000 -0.000000 0.000000 0.000000 0.000000 1.000000</float_array>
        <technique_common>
          <accessor source="#mixamorig_RightHandIndex3-Matrix-animation-output-transform-array" count="32" stride="16">
            <param type="float4x4"/>
          </accessor>
        </technique_common>
      </source>
      <source id="mixamorig_RightHandIndex3-Interpolations">
        <Name_array id="mixamorig_RightHandIndex3-Interpolations-array" count="32">
 LINEAR LINEAR LINEAR LINEAR LINEAR LINEAR LINEAR LINEAR LINEAR LINEAR LINEAR
LINEAR LINEAR LINEAR LINEAR LINEAR LINEAR LINEAR LINEAR LINEAR LINEAR LINEAR LINEAR
LINEAR LINEAR LINEAR LINEAR LINEAR LINEAR LINEAR LINEAR LINEAR</Name_array>
        <technique_common>
          <accessor source="#mixamorig_RightHandIndex3-Interpolations-array" count="32">
            <param type="name"/>
          </accessor>
        </technique_common>
      </source>
      <sampler id="mixamorig_RightHandIndex3-Matrix-animation-transform">
        <input semantic="INPUT" source="#mixamorig_RightHandIndex3-Matrix-animation-input"/>
        <input semantic="OUTPUT" source="#mixamorig_RightHandIndex3-Matrix-animation-output-transform"/>
        <input semantic="INTERPOLATION" source="#mixamorig_RightHandIndex3-Interpolations"/>
      </sampler>
      <channel source="#mixamorig_RightHandIndex3-Matrix-animation-transform" target="mixamorig_RightHandIndex3/matrix"/>
    </animation>
    <animation id="mixamorig_RightHandMiddle1-anim" name="mixamorig_RightHandMiddle1">
      <source id="mixamorig_RightHandMiddle1-Matrix-animation-input">
        <float_array id="mixamorig_RightHandMiddle1-Matrix-animation-input-array" count="32">

0.000000 0.033333 0.066667 0.100000 0.133333 0.166667 0.200000 0.233333 0.266667 0.300000 0.333333 0.366667 0.400000 0.433333 0.466667 0.500000
0.533333 0.566667 0.600000 0.633333 0.666667 0.700000 0.733333 0.766667 0.800000 0.833333 0.866667 0.900000 0.933333 0.966667 1.000000 1.033333</float_array>
        <technique_common>
          <accessor source="#mixamorig_RightHandMiddle1-Matrix-animation-input-array" count="32">
            <param name="TIME" type="float"/>
          </accessor>
        </technique_common>
      </source>
      <source id="mixamorig_RightHandMiddle1-Matrix-animation-output-transform">
        <float_array id="mixamorig_RightHandMiddle1-Matrix-animation-output-transform-array" count="512">

0.996345 0.055949 0.064547 0.000000 0.012248 0.654263 -0.756168 15.099700 -0.084538 0.754194 0.651187 0.000000 0.000000 0.000000 0.000000 1.000000
0.996159 0.060648 0.063156 0.000000 0.010329 0.634859 -0.772559 15.099700 -0.086949 0.770244 0.631794 0.000000 0.000000 0.000000 0.000000 1.000000
0.996032 0.063933 0.061902 0.000000 0.009228 0.617645 -0.786403 15.099700 -0.088511 0.783854 0.614605 0.000000 0.000000 0.000000 0.000000 1.000000
0.995935 0.066582 0.060664 0.000000 0.008512 0.600908 -0.799273 15.099700 -0.089671 0.796540 0.597899 -0.000000 0.000000 0.000000 0.000000 1.000000
0.995805 0.069625 0.059373 0.000000 0.007930 0.580762 -0.814035 15.099700 -0.091159 0.811090 0.577774 0.000000 0.000000 0.000000 0.000000 1.000000
0.995662 0.072695 0.058082 0.000000 0.007613 0.558479 -0.829484 15.099700 -0.092737 0.826327 0.555503 0.000000 0.000000 0.000000 0.000000 1.000000
0.995508 0.076002 0.056463 0.000000 0.006312 0.541750 -0.840516 15.099700 -0.094470 0.837097 0.538836 0.000000 0.000000 0.000000 0.000000 1.000000
0.995396 0.078684 0.054732 0.000000 0.004227 0.534433 -0.845200 15.099700 -0.095755 0.841540 0.531640 -0.000000 0.000000 0.000000 0.000000 1.000000
0.995349 0.080123 0.053488 -0.000000 0.002971 0.529426 -0.848351 15.099700 -0.096290 0.844564 0.526725 0.000000 0.000000 0.000000 0.000000 1.000000
0.995367 0.080120 0.053150 0.000000 0.003648 0.520934 -0.853589 15.099700 -0.096077 0.849829 0.518228 0.000000 0.000000 0.000000 0.000000 1.000000
0.995366 0.080371 0.052785 0.000000 0.003822 0.515455 -0.856908 15.099700 -0.096079 0.853139 0.512760 -0.000000 0.000000 0.000000 0.000000 1.000000
0.995393 0.080375 0.052282 -0.000000 0.003428 0.515083 -0.857133 15.099700 -0.095822 0.853363 0.512435 0.000000 0.000000 0.000000 0.000000 1.000000
0.995322 0.081758 0.051471 0.000000 0.002907 0.507184 -0.861833 15.099700 -0.096567 0.857951 0.504574 0.000000 0.000000 0.000000 0.000000 1.000000
0.995222 0.083507 0.050591 0.000000 0.002409 0.496990 -0.867753 15.099700 -0.097607 0.863729 0.494414 0.000000 0.000000 0.000000 0.000000 1.000000
0.995144 0.084758 0.050047 0.000000 0.001979 0.491122 -0.871088 15.099700 -0.098411 0.866957 0.488570 0.000000 0.000000 0.000000 0.000000 1.000000
0.995097 0.085373 0.049941 0.000000 0.001945 0.487940 -0.872875 15.099700 -0.098889 0.868692 0.485381 -0.000000 0.000000 0.000000 0.000000 1.000000
0.995128 0.084599 0.050633 0.000000 0.002550 0.491297 -0.870988 15.099700 -0.098561 0.866874 0.488688 0.000000 0.000000 0.000000 0.000000 1.000000
0.995283 0.081743 0.052242 0.000000 0.003535 0.507592 -0.861590 15.099700 -0.096946 0.857711 0.504909 0.000000 0.000000 0.000000 0.000000 1.000000
0.995549 0.076814 0.054599 0.000000 0.004564 0.539378 -0.842052 15.099700 -0.094130 0.838553 0.536627 0.000000 0.000000 0.000000 0.000000 1.000000
0.995931 0.068252 0.058841 0.000000 0.007217 0.590451 -0.807041 15.099700 -0.089825 0.804183 0.587556 0.000000 0.000000 0.000000 0.000000 1.000000
0.996320 0.057793 0.063299 0.000000 0.010716 0.648718 -0.760953 15.099700 -0.085041 0.758831 0.645712 -0.000000 0.000000 0.000000 0.000000 1.000000
0.996518 0.051384 0.065659 0.000000 0.012992 0.682197 -0.731053 15.099700 -0.082357 0.729361 0.679154 0.000000 0.000000 0.000000 0.000000 1.000000
0.996642 0.046823 0.067174 0.000000 0.014670 0.704988 -0.709068 15.099700 -0.080557 0.707672 0.701933 -0.000000 0.000000 0.000000 0.000000 1.000000
0.996729 0.043544 0.068083 0.000000 0.015843 0.720813 -0.692949 15.099700 -0.079249 0.691761 0.717765 0.000000 0.000000 0.000000 0.000000 1.000000
0.996807 0.041404 0.068282 0.000000 0.016406 0.730655 -0.682550 15.099700 -0.078150 0.681490 0.727642 0.000000 0.000000 0.000000 0.000000 1.000000
0.996763 0.042456 0.068265 0.000000 0.016152 0.726087 -0.687413 15.099700 -0.078751 0.686291 0.723051 0.000000 0.000000 0.000000 0.000000 1.000000
0.996627 0.046007 0.067950 -0.000000 0.015351 0.708908 -0.705134 15.099700 -0.080611 0.703799 0.705811 -0.000000 0.000000 0.000000 0.000000 1.000000
0.996584 0.047708 0.067409 -0.000000 0.015390 0.694662 -0.719171 15.099700 -0.081137 0.717752 0.691555 0.000000 0.000000 0.000000 0.000000 1.000000
0.996558 0.049352 0.066600 0.000000 0.014928 0.683462 -0.729833 15.099700 -0.081538 0.728316 0.680373 0.000000 0.000000 0.000000 0.000000 1.000000
0.996483 0.052145 0.065594 0.000000 0.013542 0.672287 -0.740167 15.099700 -0.082694 0.738452 0.669216 0.000000 0.000000 0.000000 0.000000 1.000000
0.996367 0.055448 0.064638 0.000000 0.011818 0.661635 -0.749733 15.099700 -0.084338 0.747773 0.658576 0.000000 0.000000 0.000000 0.000000 1.000000
0.996342 0.055952 0.064587 0.000000 0.012276 0.654264 -0.756167 15.099700 -0.084566 0.754194 0.651184 0.000000 0.000000 0.000000 0.000000 1.000000</float_array>
        <technique_common>
          <accessor source="#mixamorig_RightHandMiddle1-Matrix-animation-output-transform-array" count="32" stride="16">
            <param type="float4x4"/>
          </accessor>
        </technique_common>
      </source>
      <source id="mixamorig_RightHandMiddle1-Interpolations">
        <Name_array id="mixamorig_RightHandMiddle1-Interpolations-array" count="32">
 LINEAR LINEAR LINEAR LINEAR LINEAR LINEAR LINEAR LINEAR LINEAR LINEAR LINEAR
LINEAR LINEAR LINEAR LINEAR LINEAR LINEAR LINEAR LINEAR LINEAR LINEAR LINEAR LINEAR
LINEAR LINEAR LINEAR LINEAR LINEAR LINEAR LINEAR LINEAR LINEAR</Name_array>
        <technique_common>
          <accessor source="#mixamorig_RightHandMiddle1-Interpolations-array" count="32">
            <param type="name"/>
          </accessor>
        </technique_common>
      </source>
      <sampler id="mixamorig_RightHandMiddle1-Matrix-animation-transform">
        <input semantic="INPUT" source="#mixamorig_RightHandMiddle1-Matrix-animation-input"/>
        <input semantic="OUTPUT" source="#mixamorig_RightHandMiddle1-Matrix-animation-output-transform"/>
        <input semantic="INTERPOLATION" source="#mixamorig_RightHandMiddle1-Interpolations"/>
      </sampler>
      <channel source="#mixamorig_RightHandMiddle1-Matrix-animation-transform" target="mixamorig_RightHandMiddle1/matrix"/>
    </animation>
    <animation id="mixamorig_RightHandMiddle2-anim" name="mixamorig_RightHandMiddle2">
      <source id="mixamorig_RightHandMiddle2-Matrix-animation-input">
        <float_array id="mixamorig_RightHandMiddle2-Matrix-animation-input-array" count="32">

0.000000 0.033333 0.066667 0.100000 0.133333 0.166667 0.200000 0.233333 0.266667 0.300000 0.333333 0.366667 0.400000 0.433333 0.466667 0.500000
0.533333 0.566667 0.600000 0.633333 0.666667 0.700000 0.733333 0.766667 0.800000 0.833333 0.866667 0.900000 0.933333 0.966667 1.000000 1.033333</float_array>
        <technique_common>
          <accessor source="#mixamorig_RightHandMiddle2-Matrix-animation-input-array" count="32">
            <param name="TIME" type="float"/>
          </accessor>
        </technique_common>
      </source>
      <source id="mixamorig_RightHandMiddle2-Matrix-animation-output-transform">
        <float_array id="mixamorig_RightHandMiddle2-Matrix-animation-output-transform-array" count="512">

0.993639 0.112592 0.001884 -0.000000 -0.030778 0.287637 -0.957245 3.620200 -0.108320 0.951098 0.289272 -0.000000 0.000000 0.000000 0.000000 1.000000
0.993456 0.114211 -0.000173 0.000000 -0.031232 0.270214 -0.962294 3.620200 -0.109858 0.956002 0.272013 0.000000 0.000000 0.000000 0.000000 1.000000
0.993258 0.115902 -0.002385 -0.000000 -0.031704 0.251790 -0.967262 3.620200 -0.111507 0.960816 0.253767 0.000000 0.000000 0.000000 0.000000 1.000000
0.993051 0.117590 -0.004657 0.000000 -0.032182 0.233286 -0.971875 3.620200 -0.113196 0.965272 0.235450 0.000000 0.000000 0.000000 0.000000 1.000000
0.992831 0.119314 -0.007160 0.000000 -0.032574 0.212443 -0.976630 3.620200 -0.115005 0.969862 0.214807 -0.000000 0.000000 0.000000 0.000000 1.000000
0.992562 0.121333 -0.009902 0.000000 -0.032924 0.189246 -0.981378 3.620200 -0.117199 0.974405 0.191833 0.000000 0.000000 0.000000 0.000000 1.000000
0.992335 0.122959 -0.012336 0.000000 -0.033223 0.169300 -0.985004 3.620200 -0.119027 0.977864 0.172087 -0.000000 0.000000 0.000000 0.000000 1.000000
0.992252 0.123463 -0.013854 -0.000000 -0.033539 0.158824 -0.986737 3.620200 -0.119625 0.979557 0.161734 0.000000 0.000000 0.000000 0.000000 1.000000
0.992181 0.123907 -0.014959 0.000000 -0.033776 0.151190 -0.987927 3.620200 -0.120149 0.980708 0.154193 0.000000 0.000000 0.000000 0.000000 1.000000
0.992034 0.124884 -0.016489 0.000000 -0.033919 0.138764 -0.989744 3.620200 -0.121315 0.982420 0.141895 0.000000 0.000000 0.000000 0.000000 1.000000
0.991917 0.125653 -0.017650 0.000000 -0.033990 0.129111 -0.991047 3.620200 -0.122249 0.983637 0.132338 0.000000 0.000000 0.000000 0.000000 1.000000
0.991846 0.126122 -0.018319 0.000000 -0.034026 0.123533 -0.991757 3.620200 -0.122819 0.984293 0.126817 0.000000 0.000000 0.000000 0.000000 1.000000
0.991783 0.126514 -0.019004 0.000000 -0.034065 0.117965 -0.992433 3.620200 -0.123315 0.984926 0.121305 0.000000 0.000000 0.000000 0.000000 1.000000
0.991745 0.126735 -0.019491 0.000000 -0.034096 0.114119 -0.992882 3.620200 -0.123609 0.985350 0.117498 0.000000 0.000000 0.000000 0.000000 1.000000
0.991763 0.126634 -0.019212 0.000000 -0.034083 0.116338 -0.992625 3.620200 -0.123465 0.985104 0.119696 0.000000 0.000000 0.000000 0.000000 1.000000
0.991835 0.126202 -0.018353 0.000000 -0.034038 0.123278 -0.991788 3.620200 -0.122903 0.984315 0.126567 0.000000 0.000000 0.000000 0.000000 1.000000
0.991963 0.125388 -0.016953 -0.000000 -0.033908 0.134354 -0.990353 3.620200 -0.121901 0.982968 0.137526 -0.000000 0.000000 0.000000 0.000000 1.000000
0.992195 0.123841 -0.014553 0.000000 -0.033824 0.154968 -0.987340 3.620200 -0.120018 0.980127 0.157948 0.000000 0.000000 0.000000 0.000000 1.000000
0.992643 0.120638 -0.010270 -0.000000 -0.033871 0.195259 -0.980167 3.620200 -0.116240 0.973304 0.197909 -0.000000 0.000000 0.000000 0.000000 1.000000
0.993192 0.116396 -0.004613 -0.000000 -0.033297 0.245720 -0.968769 3.620200 -0.111628 0.962327 0.247923 0.000000 0.000000 0.000000 0.000000 1.000000
0.993746 0.111652 0.001418 0.000000 -0.032163 0.298380 -0.953905 3.620200 -0.106929 0.947894 0.300105 -0.000000 0.000000 0.000000 0.000000 1.000000
0.994234 0.107017 0.006791 0.000000 -0.030752 0.345225 -0.938016 3.620200 -0.102728 0.932399 0.346525 0.000000 0.000000 0.000000 0.000000 1.000000
0.994597 0.103238 0.010867 0.000000 -0.029487 0.381341 -0.923964 3.620200 -0.099533 0.918652 0.382325 0.000000 0.000000 0.000000 0.000000 1.000000
0.994765 0.101381 0.012801 0.000000 -0.028788 0.398242 -0.916829 3.620200 -0.098047 0.911661 0.399076 0.000000 0.000000 0.000000 0.000000 1.000000
0.994762 0.101406 0.012863 0.000000 -0.028698 0.397833 -0.917009 3.620200 -0.098107 0.911836 0.398659 -0.000000 0.000000 0.000000 0.000000 1.000000
0.994683 0.102268 0.012162 0.000000 -0.028811 0.389690 -0.920495 3.620200 -0.098876 0.915250 0.390565 0.000000 0.000000 0.000000 0.000000 1.000000
0.994471 0.104503 0.010355 0.000000 -0.029089 0.368871 -0.929025 3.620200 -0.100905 0.923587 0.369872 0.000000 0.000000 0.000000 0.000000 1.000000
0.994202 0.107230 0.007961 0.000000 -0.029438 0.342651 -0.939001 3.620200 -0.103417 0.933323 0.343821 0.000000 0.000000 0.000000 0.000000 1.000000
0.993984 0.109380 0.005710 0.000000 -0.029962 0.321678 -0.946375 3.620200 -0.105351 0.940510 0.323020 0.000000 0.000000 0.000000 0.000000 1.000000
0.993812 0.111007 0.003805 0.000000 -0.030464 0.305361 -0.951749 3.620200 -0.106813 0.945744 0.306853 -0.000000 0.000000 0.000000 0.000000 1.000000
0.993686 0.112169 0.002397 0.000000 -0.030741 0.292753 -0.955694 3.620200 -0.107901 0.949586 0.294353 0.000000 0.000000 0.000000 0.000000 1.000000
0.993640 0.112587 0.001839 0.000000 -0.030820 0.287637 -0.957243 3.620200 -0.108302 0.951099 0.289278 0.000000 0.000000 0.000000 0.000000 1.000000</float_array>
        <technique_common>
          <accessor source="#mixamorig_RightHandMiddle2-Matrix-animation-output-transform-array" count="32" stride="16">
            <param type="float4x4"/>
          </accessor>
        </technique_common>
      </source>
      <source id="mixamorig_RightHandMiddle2-Interpolations">
        <Name_array id="mixamorig_RightHandMiddle2-Interpolations-array" count="32">
 LINEAR LINEAR LINEAR LINEAR LINEAR LINEAR LINEAR LINEAR LINEAR LINEAR LINEAR
LINEAR LINEAR LINEAR LINEAR LINEAR LINEAR LINEAR LINEAR LINEAR LINEAR LINEAR LINEAR
LINEAR LINEAR LINEAR LINEAR LINEAR LINEAR LINEAR LINEAR LINEAR</Name_array>
        <technique_common>
          <accessor source="#mixamorig_RightHandMiddle2-Interpolations-array" count="32">
            <param type="name"/>
          </accessor>
        </technique_common>
      </source>
      <sampler id="mixamorig_RightHandMiddle2-Matrix-animation-transform">
        <input semantic="INPUT" source="#mixamorig_RightHandMiddle2-Matrix-animation-input"/>
        <input semantic="OUTPUT" source="#mixamorig_RightHandMiddle2-Matrix-animation-output-transform"/>
        <input semantic="INTERPOLATION" source="#mixamorig_RightHandMiddle2-Interpolations"/>
      </sampler>
      <channel source="#mixamorig_RightHandMiddle2-Matrix-animation-transform" target="mixamorig_RightHandMiddle2/matrix"/>
    </animation>
    <animation id="mixamorig_RightHandMiddle3-anim" name="mixamorig_RightHandMiddle3">
      <source id="mixamorig_RightHandMiddle3-Matrix-animation-input">
        <float_array id="mixamorig_RightHandMiddle3-Matrix-animation-input-array" count="32">

0.000000 0.033333 0.066667 0.100000 0.133333 0.166667 0.200000 0.233333 0.266667 0.300000 0.333333 0.366667 0.400000 0.433333 0.466667 0.500000
0.533333 0.566667 0.600000 0.633333 0.666667 0.700000 0.733333 0.766667 0.800000 0.833333 0.866667 0.900000 0.933333 0.966667 1.000000 1.033333</float_array>
        <technique_common>
          <accessor source="#mixamorig_RightHandMiddle3-Matrix-animation-input-array" count="32">
            <param name="TIME" type="float"/>
          </accessor>
        </technique_common>
      </source>
      <source id="mixamorig_RightHandMiddle3-Matrix-animation-output-transform">
        <float_array id="mixamorig_RightHandMiddle3-Matrix-animation-output-transform-array" count="512">

1.000000 0.000000 -0.000000 0.000000 -0.000000 1.000000 0.000000 2.832500 0.000000 -0.000000 1.000000 -0.000000 0.000000 0.000000 0.000000 1.000000
1.000000 -0.000000 -0.000000 -0.000000 -0.000000 1.000000 -0.000000 2.832500 0.000000 0.000000 1.000000 0.000000 0.000000 0.000000 0.000000 1.000000
1.000000 -0.000000 0.000000 -0.000000 0.000000 1.000000 -0.000000 2.832500 -0.000000 0.000000 1.000000 0.000000 0.000000 0.000000 0.000000 1.000000
1.000000 -0.000000 0.000000 0.000000 0.000000 1.000000 -0.000000 2.832500 -0.000000 0.000000 1.000000 0.000000 0.000000 0.000000 0.000000 1.000000
1.000000 0.000000 -0.000000 0.000000 0.000000 1.000000 -0.000000 2.832500 -0.000000 0.000000 1.000000 -0.000000 0.000000 0.000000 0.000000 1.000000
1.000000 -0.000000 0.000000 0.000000 0.000000 1.000000 -0.000000 2.832500 -0.000000 0.000000 1.000000 0.000000 0.000000 0.000000 0.000000 1.000000
1.000000 0.000000 -0.000000 -0.000000 -0.000000 1.000000 -0.000000 2.832500 0.000000 0.000000 1.000000 -0.000000 0.000000 0.000000 0.000000 1.000000
1.000000 -0.000000 -0.000000 0.000000 0.000000 1.000000 -0.000000 2.832500 0.000000 0.000000 1.000000 0.000000 0.000000 0.000000 0.000000 1.000000
1.000000 0.000000 -0.000000 0.000000 -0.000000 1.000000 0.000000 2.832500 0.000000 -0.000000 1.000000 0.000000 0.000000 0.000000 0.000000 1.000000
1.000000 0.000000 0.000000 0.000000 0.000000 1.000000 -0.000000 2.832500 0.000000 0.000000 1.000000 0.000000 0.000000 0.000000 0.000000 1.000000
1.000000 0.000000 -0.000000 0.000000 -0.000000 1.000000 0.000000 2.832500 0.000000 -0.000000 1.000000 -0.000000 0.000000 0.000000 0.000000 1.000000
1.000000 -0.000000 0.000000 0.000000 0.000000 1.000000 -0.000000 2.832500 -0.000000 0.000000 1.000000 0.000000 0.000000 0.000000 0.000000 1.000000
1.000000 -0.000000 -0.000000 0.000000 -0.000000 1.000000 -0.000000 2.832500 0.000000 0.000000 1.000000 -0.000000 0.000000 0.000000 0.000000 1.000000
1.000000 -0.000000 0.000000 -0.000000 0.000000 1.000000 -0.000000 2.832500 -0.000000 0.000000 1.000000 0.000000 0.000000 0.000000 0.000000 1.000000
1.000000 0.000000 0.000000 -0.000000 -0.000000 1.000000 0.000000 2.832500 -0.000000 -0.000000 1.000000 0.000000 0.000000 0.000000 0.000000 1.000000
1.000000 0.000000 0.000000 0.000000 -0.000000 1.000000 -0.000000 2.832500 -0.000000 0.000000 1.000000 0.000000 0.000000 0.000000 0.000000 1.000000
1.000000 -0.000000 0.000000 -0.000000 0.000000 1.000000 -0.000000 2.832500 -0.000000 0.000000 1.000000 -0.000000 0.000000 0.000000 0.000000 1.000000
1.000000 0.000000 0.000000 0.000000 0.000000 1.000000 -0.000000 2.832500 0.000000 0.000000 1.000000 0.000000 0.000000 0.000000 0.000000 1.000000
1.000000 -0.000000 0.000000 0.000000 0.000000 1.000000 -0.000000 2.832500 -0.000000 0.000000 1.000000 0.000000 0.000000 0.000000 0.000000 1.000000
1.000000 0.000000 -0.000000 0.000000 -0.000000 1.000000 -0.000000 2.832500 0.000000 0.000000 1.000000 -0.000000 0.000000 0.000000 0.000000 1.000000
1.000000 0.000000 -0.000000 -0.000000 0.000000 1.000000 -0.000000 2.832500 0.000000 0.000000 1.000000 0.000000 0.000000 0.000000 0.000000 1.000000
1.000000 -0.000000 0.000000 0.000000 -0.000000 1.000000 -0.000000 2.832500 0.000000 0.000000 1.000000 0.000000 0.000000 0.000000 0.000000 1.000000
1.000000 0.000000 0.000000 0.000000 -0.000000 1.000000 -0.000000 2.832500 0.000000 0.000000 1.000000 0.000000 0.000000 0.000000 0.000000 1.000000
1.000000 -0.000000 -0.000000 0.000000 0.000000 1.000000 -0.000000 2.832500 0.000000 0.000000 1.000000 0.000000 0.000000 0.000000 0.000000 1.000000
1.000000 0.000000 0.000000 0.000000 0.000000 1.000000 -0.000000 2.832500 0.000000 0.000000 1.000000 0.000000 0.000000 0.000000 0.000000 1.000000
1.000000 0.000000 -0.000000 0.000000 -0.000000 1.000000 -0.000000 2.832500 0.000000 0.000000 1.000000 -0.000000 0.000000 0.000000 0.000000 1.000000
1.000000 -0.000000 -0.000000 -0.000000 0.000000 1.000000 -0.000000 2.832500 0.000000 0.000000 1.000000 -0.000000 0.000000 0.000000 0.000000 1.000000
1.000000 -0.000000 0.000000 0.000000 0.000000 1.000000 -0.000000 2.832500 -0.000000 0.000000 1.000000 0.000000 0.000000 0.000000 0.000000 1.000000
1.000000 0.000000 -0.000000 -0.000000 -0.000000 1.000000 0.000000 2.832500 0.000000 -0.000000 1.000000 0.000000 0.000000 0.000000 0.000000 1.000000
1.000000 0.000000 0.000000 0.000000 -0.000000 1.000000 0.000000 2.832500 -0.000000 -0.000000 1.000000 0.000000 0.000000 0.000000 0.000000 1.000000
1.000000 0.000000 -0.000000 0.000000 0.000000 1.000000 -0.000000 2.832500 0.000000 0.000000 1.000000 -0.000000 0.000000 0.000000 0.000000 1.000000
1.000000 0.000000 -0.000000 0.000000 -0.000000 1.000000 0.000000 2.832500 0.000000 -0.000000 1.000000 0.000000 0.000000 0.000000 0.000000 1.000000</float_array>
        <technique_common>
          <accessor source="#mixamorig_RightHandMiddle3-Matrix-animation-output-transform-array" count="32" stride="16">
            <param type="float4x4"/>
          </accessor>
        </technique_common>
      </source>
      <source id="mixamorig_RightHandMiddle3-Interpolations">
        <Name_array id="mixamorig_RightHandMiddle3-Interpolations-array" count="32">
 LINEAR LINEAR LINEAR LINEAR LINEAR LINEAR LINEAR LINEAR LINEAR LINEAR LINEAR
LINEAR LINEAR LINEAR LINEAR LINEAR LINEAR LINEAR LINEAR LINEAR LINEAR LINEAR LINEAR
LINEAR LINEAR LINEAR LINEAR LINEAR LINEAR LINEAR LINEAR LINEAR</Name_array>
        <technique_common>
          <accessor source="#mixamorig_RightHandMiddle3-Interpolations-array" count="32">
            <param type="name"/>
          </accessor>
        </technique_common>
      </source>
      <sampler id="mixamorig_RightHandMiddle3-Matrix-animation-transform">
        <input semantic="INPUT" source="#mixamorig_RightHandMiddle3-Matrix-animation-input"/>
        <input semantic="OUTPUT" source="#mixamorig_RightHandMiddle3-Matrix-animation-output-transform"/>
        <input semantic="INTERPOLATION" source="#mixamorig_RightHandMiddle3-Interpolations"/>
      </sampler>
      <channel source="#mixamorig_RightHandMiddle3-Matrix-animation-transform" target="mixamorig_RightHandMiddle3/matrix"/>
    </animation>
    <animation id="mixamorig_RightHandRing1-anim" name="mixamorig_RightHandRing1">
      <source id="mixamorig_RightHandRing1-Matrix-animation-input">
        <float_array id="mixamorig_RightHandRing1-Matrix-animation-input-array" count="32">

0.000000 0.033333 0.066667 0.100000 0.133333 0.166667 0.200000 0.233333 0.266667 0.300000 0.333333 0.366667 0.400000 0.433333 0.466667 0.500000
0.533333 0.566667 0.600000 0.633333 0.666667 0.700000 0.733333 0.766667 0.800000 0.833333 0.866667 0.900000 0.933333 0.966667 1.000000 1.033333</float_array>
        <technique_common>
          <accessor source="#mixamorig_RightHandRing1-Matrix-animation-input-array" count="32">
            <param name="TIME" type="float"/>
          </accessor>
        </technique_common>
      </source>
      <source id="mixamorig_RightHandRing1-Matrix-animation-output-transform">
        <float_array id="mixamorig_RightHandRing1-Matrix-animation-output-transform-array" count="512">

0.996967 0.077692 -0.004640 -3.512100 -0.055291 0.665025 -0.744772 15.621700 -0.054777 0.742769 0.667303 0.773000 0.000000 0.000000 0.000000 1.000000
0.996697 0.080941 -0.006564 -3.512100 -0.057647 0.648299 -0.759200 15.621700 -0.057195 0.757071 0.650824 0.773000 0.000000 0.000000 0.000000 1.000000
0.996476 0.083440 -0.008567 -3.512100 -0.059623 0.632772 -0.772040 15.621700 -0.058998 0.769830 0.635517 0.773000 0.000000 0.000000 0.000000 1.000000
0.996263 0.085724 -0.010573 -3.512100 -0.061371 0.616412 -0.785028 15.621700 -0.060778 0.782743 0.619370 0.773000 0.000000 0.000000 0.000000 1.000000
0.995990 0.088541 -0.012822 -3.512100 -0.063452 0.598061 -0.798935 15.621700 -0.063070 0.796545 0.601281 0.773000 0.000000 0.000000 0.000000 1.000000
0.995747 0.090954 -0.014690 -3.512100 -0.064859 0.578765 -0.812911 15.621700 -0.065436 0.810406 0.582203 0.773000 0.000000 0.000000 0.000000 1.000000
0.995497 0.093300 -0.016748 -3.512100 -0.066594 0.562628 -0.824023 15.621700 -0.067459 0.821428 0.566308 0.773000 0.000000 0.000000 0.000000 1.000000
0.995335 0.094666 -0.018615 -3.512100 -0.068123 0.552969 -0.830412 15.621700 -0.068318 0.827807 0.556838 0.773000 0.000000 0.000000 0.000000 1.000000
0.995472 0.093125 -0.019053 -3.512100 -0.067231 0.548112 -0.833699 15.621700 -0.067195 0.831205 0.551891 0.773000 0.000000 0.000000 0.000000 1.000000
0.995564 0.092103 -0.019241 -3.512100 -0.066270 0.541203 -0.838277 15.621700 -0.066794 0.835833 0.544905 0.773000 0.000000 0.000000 0.000000 1.000000
0.995603 0.091643 -0.019420 -3.512100 -0.065729 0.535682 -0.841858 15.621700 -0.066747 0.839432 0.539350 0.773000 0.000000 0.000000 0.000000 1.000000
0.995769 0.089905 -0.018996 -3.512100 -0.064343 0.534616 -0.842642 15.621700 -0.065602 0.840299 0.538139 0.773000 0.000000 0.000000 0.000000 1.000000
0.995729 0.090287 -0.019264 -3.512100 -0.064394 0.529722 -0.845723 15.621700 -0.066153 0.843352 0.533274 0.773000 0.000000 0.000000 0.000000 1.000000
0.995563 0.091951 -0.019982 -3.512100 -0.065439 0.523959 -0.849226 15.621700 -0.067617 0.846765 0.527652 0.773000 0.000000 0.000000 0.000000 1.000000
0.995430 0.093294 -0.020365 -3.512100 -0.066321 0.522012 -0.850355 15.621700 -0.068703 0.847820 0.525814 0.773000 0.000000 0.000000 0.000000 1.000000
0.995267 0.094961 -0.020621 -3.512100 -0.067480 0.522691 -0.849847 15.621700 -0.069924 0.847217 0.526625 0.773000 0.000000 0.000000 0.000000 1.000000
0.995260 0.095200 -0.019845 -3.512100 -0.067470 0.529030 -0.845916 15.621700 -0.070032 0.843246 0.532946 0.773000 0.000000 0.000000 0.000000 1.000000
0.995454 0.093541 -0.017906 -3.512100 -0.066182 0.544210 -0.836335 15.621700 -0.068487 0.833718 0.547927 0.773000 0.000000 0.000000 0.000000 1.000000
0.997933 0.064261 0.000444 -3.512100 -0.036875 0.578274 -0.815009 15.621700 -0.052631 0.813308 0.579448 0.773000 0.000000 0.000000 0.000000 1.000000
0.999374 0.025165 0.024865 -3.512100 0.003900 0.620210 -0.784426 15.621700 -0.035162 0.784032 0.619723 0.773000 0.000000 0.000000 0.000000 1.000000
0.999306 0.029173 0.023173 -3.512100 -0.001961 0.662319 -0.749219 15.621700 -0.037205 0.748654 0.661916 0.773000 0.000000 0.000000 0.000000 1.000000
0.998708 0.049493 0.011523 -3.512100 -0.026524 0.701114 -0.712555 15.621700 -0.043345 0.711329 0.701521 0.773000 0.000000 0.000000 0.000000 1.000000
0.997823 0.065907 0.002157 -3.512100 -0.046547 0.727124 -0.684926 15.621700 -0.046710 0.683335 0.728609 0.773000 0.000000 0.000000 0.000000 1.000000
0.997827 0.065861 0.001854 -3.512100 -0.047525 0.738946 -0.672086 15.621700 -0.045635 0.670538 0.740471 0.773000 0.000000 0.000000 0.000000 1.000000
0.997985 0.063403 0.002344 -3.512100 -0.045651 0.743236 -0.667470 15.621700 -0.044062 0.666019 0.744633 0.773000 0.000000 0.000000 0.000000 1.000000
0.997889 0.064924 0.001833 -3.512100 -0.046690 0.736682 -0.674625 15.621700 -0.045150 0.673115 0.738158 0.773000 0.000000 0.000000 0.000000 1.000000
0.997686 0.067983 0.000857 -3.512100 -0.048643 0.722557 -0.689598 15.621700 -0.047500 0.687961 0.724192 0.773000 0.000000 0.000000 0.000000 1.000000
0.997619 0.068973 0.000018 -3.512100 -0.048935 0.707971 -0.704544 15.621700 -0.048608 0.702865 0.709660 0.773000 0.000000 0.000000 0.000000 1.000000
0.997502 0.070633 -0.001296 -3.512100 -0.050114 0.694547 -0.717699 15.621700 -0.049793 0.715971 0.696352 0.773000 0.000000 0.000000 0.000000 1.000000
0.997301 0.073379 -0.002668 -3.512100 -0.051973 0.679773 -0.731579 15.621700 -0.051869 0.729743 0.681752 0.773000 0.000000 0.000000 0.000000 1.000000
0.997159 0.075229 -0.003808 -3.512100 -0.053447 0.670995 -0.739533 15.621700 -0.053079 0.737635 0.673110 0.773000 0.000000 0.000000 0.000000 1.000000
0.996967 0.077693 -0.004641 -3.512100 -0.055291 0.665024 -0.744772 15.621700 -0.054777 0.742769 0.667303 0.773000 0.000000 0.000000 0.000000 1.000000</float_array>
        <technique_common>
          <accessor source="#mixamorig_RightHandRing1-Matrix-animation-output-transform-array" count="32" stride="16">
            <param type="float4x4"/>
          </accessor>
        </technique_common>
      </source>
      <source id="mixamorig_RightHandRing1-Interpolations">
        <Name_array id="mixamorig_RightHandRing1-Interpolations-array" count="32">
 LINEAR LINEAR LINEAR LINEAR LINEAR LINEAR LINEAR LINEAR LINEAR LINEAR LINEAR
LINEAR LINEAR LINEAR LINEAR LINEAR LINEAR LINEAR LINEAR LINEAR LINEAR LINEAR LINEAR
LINEAR LINEAR LINEAR LINEAR LINEAR LINEAR LINEAR LINEAR LINEAR</Name_array>
        <technique_common>
          <accessor source="#mixamorig_RightHandRing1-Interpolations-array" count="32">
            <param type="name"/>
          </accessor>
        </technique_common>
      </source>
      <sampler id="mixamorig_RightHandRing1-Matrix-animation-transform">
        <input semantic="INPUT" source="#mixamorig_RightHandRing1-Matrix-animation-input"/>
        <input semantic="OUTPUT" source="#mixamorig_RightHandRing1-Matrix-animation-output-transform"/>
        <input semantic="INTERPOLATION" source="#mixamorig_RightHandRing1-Interpolations"/>
      </sampler>
      <channel source="#mixamorig_RightHandRing1-Matrix-animation-transform" target="mixamorig_RightHandRing1/matrix"/>
    </animation>
    <animation id="mixamorig_RightHandRing2-anim" name="mixamorig_RightHandRing2">
      <source id="mixamorig_RightHandRing2-Matrix-animation-input">
        <float_array id="mixamorig_RightHandRing2-Matrix-animation-input-array" count="32">

0.000000 0.033333 0.066667 0.100000 0.133333 0.166667 0.200000 0.233333 0.266667 0.300000 0.333333 0.366667 0.400000 0.433333 0.466667 0.500000
0.533333 0.566667 0.600000 0.633333 0.666667 0.700000 0.733333 0.766667 0.800000 0.833333 0.866667 0.900000 0.933333 0.966667 1.000000 1.033333</float_array>
        <technique_common>
          <accessor source="#mixamorig_RightHandRing2-Matrix-animation-input-array" count="32">
            <param name="TIME" type="float"/>
          </accessor>
        </technique_common>
      </source>
      <source id="mixamorig_RightHandRing2-Matrix-animation-output-transform">
        <float_array id="mixamorig_RightHandRing2-Matrix-animation-output-transform-array" count="512">

0.992416 0.068107 -0.102331 -0.000000 -0.112145 0.160758 -0.980602 2.936000 -0.050336 0.984641 0.167177 -0.000000 0.000000 0.000000 0.000000 1.000000
0.992271 0.067827 -0.103914 0.000000 -0.112582 0.139870 -0.983749 2.936000 -0.052191 0.987844 0.146425 0.000000 0.000000 0.000000 0.000000 1.000000
0.992130 0.067499 -0.105465 0.000000 -0.112971 0.119250 -0.986416 2.936000 -0.054005 0.990567 0.125937 -0.000000 0.000000 0.000000 0.000000 1.000000
0.992020 0.067075 -0.106757 0.000000 -0.113125 0.099683 -0.988568 2.936000 -0.055666 0.992756 0.106475 0.000000 0.000000 0.000000 0.000000 1.000000
0.991897 0.066610 -0.108187 0.000000 -0.113290 0.078301 -0.990472 2.936000 -0.057504 0.994702 0.085213 -0.000000 0.000000 0.000000 0.000000 1.000000
0.991745 0.066092 -0.109879 0.000000 -0.113498 0.053744 -0.992084 2.936000 -0.059663 0.996365 0.060802 0.000000 0.000000 0.000000 0.000000 1.000000
0.991620 0.065592 -0.111296 0.000000 -0.113614 0.032735 -0.992986 2.936000 -0.061488 0.997309 0.039912 0.000000 0.000000 0.000000 0.000000 1.000000
0.991574 0.065197 -0.111938 0.000000 -0.113515 0.021000 -0.993314 2.936000 -0.062410 0.997651 0.028224 0.000000 0.000000 0.000000 0.000000 1.000000
0.991545 0.064856 -0.112390 0.000000 -0.113378 0.011754 -0.993482 2.936000 -0.063112 0.997825 0.019008 0.000000 0.000000 0.000000 0.000000 1.000000
0.991458 0.064468 -0.113376 0.000000 -0.113389 -0.003461 -0.993545 2.936000 -0.064444 0.997914 0.003878 0.000000 0.000000 0.000000 0.000000 1.000000
0.991397 0.064189 -0.114073 0.000000 -0.113384 -0.014289 -0.993449 2.936000 -0.065399 0.997835 -0.006888 -0.000000 0.000000 0.000000 0.000000 1.000000
0.991387 0.064096 -0.114212 0.000000 -0.113368 -0.016673 -0.993413 2.936000 -0.065578 0.997804 -0.009263 0.000000 0.000000 0.000000 0.000000 1.000000
0.991353 0.064013 -0.114552 -0.000000 -0.113352 -0.022086 -0.993309 2.936000 -0.066115 0.997705 -0.014639 0.000000 0.000000 0.000000 0.000000 1.000000
0.991325 0.063947 -0.114826 -0.000000 -0.113347 -0.026314 -0.993207 2.936000 -0.066534 0.997606 -0.018838 0.000000 0.000000 0.000000 0.000000 1.000000
0.991340 0.063958 -0.114697 0.000000 -0.113366 -0.024069 -0.993262 2.936000 -0.066288 0.997662 -0.016610 0.000000 0.000000 0.000000 0.000000 1.000000
0.991398 0.064085 -0.114115 0.000000 -0.113395 -0.014771 -0.993440 2.936000 -0.065350 0.997835 -0.007377 0.000000 0.000000 0.000000 0.000000 1.000000
0.991481 0.064450 -0.113185 -0.000000 -0.113375 -0.000713 -0.993552 2.936000 -0.064115 0.997921 0.006600 -0.000000 0.000000 0.000000 0.000000 1.000000
0.991639 0.065345 -0.111279 -0.000000 -0.113195 0.026388 -0.993222 2.936000 -0.061966 0.997514 0.033564 0.000000 0.000000 0.000000 0.000000 1.000000
0.991905 0.066771 -0.108013 -0.000000 -0.112745 0.071697 -0.991034 2.936000 -0.058429 0.995189 0.078645 -0.000000 0.000000 0.000000 0.000000 1.000000
0.992224 0.068038 -0.104220 0.000000 -0.112135 0.125342 -0.985756 2.936000 -0.054005 0.989778 0.131997 0.000000 0.000000 0.000000 0.000000 1.000000
0.992573 0.068982 -0.100203 0.000000 -0.111273 0.181893 -0.977002 2.936000 -0.049170 0.980896 0.188218 0.000000 0.000000 0.000000 0.000000 1.000000
0.992908 0.069616 -0.096374 0.000000 -0.110209 0.234922 -0.965746 2.936000 -0.044591 0.969518 0.240928 0.000000 0.000000 0.000000 0.000000 1.000000
0.993147 0.069967 -0.093618 0.000000 -0.109333 0.273091 -0.955755 2.936000 -0.041305 0.959440 0.278869 0.000000 0.000000 0.000000 0.000000 1.000000
0.993241 0.070100 -0.092511 -0.000000 -0.108979 0.288904 -0.951135 2.936000 -0.039948 0.954788 0.294591 0.000000 0.000000 0.000000 0.000000 1.000000
0.993229 0.070054 -0.092675 0.000000 -0.109049 0.287144 -0.951660 2.936000 -0.040057 0.955322 0.292839 -0.000000 0.000000 0.000000 0.000000 1.000000
0.993160 0.069865 -0.093556 0.000000 -0.109382 0.276319 -0.954821 2.936000 -0.040857 0.958523 0.282071 0.000000 0.000000 0.000000 0.000000 1.000000
0.992991 0.069337 -0.095717 0.000000 -0.110185 0.250061 -0.961940 2.936000 -0.042763 0.965744 0.255948 -0.000000 0.000000 0.000000 0.000000 1.000000
0.992811 0.068753 -0.097975 0.000000 -0.110944 0.221415 -0.968848 2.936000 -0.044918 0.972753 0.227451 0.000000 0.000000 0.000000 0.000000 1.000000
0.992682 0.068457 -0.099479 0.000000 -0.111363 0.200399 -0.973365 2.936000 -0.046698 0.977320 0.206556 0.000000 0.000000 0.000000 0.000000 1.000000
0.992561 0.068225 -0.100839 0.000000 -0.111763 0.182035 -0.976920 2.936000 -0.048294 0.980922 0.188305 -0.000000 0.000000 0.000000 0.000000 1.000000
0.992472 0.068149 -0.101764 0.000000 -0.112041 0.169600 -0.979123 2.936000 -0.049467 0.983154 0.175959 -0.000000 0.000000 0.000000 0.000000 1.000000
0.992406 0.068195 -0.102372 0.000000 -0.112200 0.160755 -0.980596 2.936000 -0.050415 0.984636 0.167186 0.000000 0.000000 0.000000 0.000000 1.000000</float_array>
        <technique_common>
          <accessor source="#mixamorig_RightHandRing2-Matrix-animation-output-transform-array" count="32" stride="16">
            <param type="float4x4"/>
          </accessor>
        </technique_common>
      </source>
      <source id="mixamorig_RightHandRing2-Interpolations">
        <Name_array id="mixamorig_RightHandRing2-Interpolations-array" count="32">
 LINEAR LINEAR LINEAR LINEAR LINEAR LINEAR LINEAR LINEAR LINEAR LINEAR LINEAR
LINEAR LINEAR LINEAR LINEAR LINEAR LINEAR LINEAR LINEAR LINEAR LINEAR LINEAR LINEAR
LINEAR LINEAR LINEAR LINEAR LINEAR LINEAR LINEAR LINEAR LINEAR</Name_array>
        <technique_common>
          <accessor source="#mixamorig_RightHandRing2-Interpolations-array" count="32">
            <param type="name"/>
          </accessor>
        </technique_common>
      </source>
      <sampler id="mixamorig_RightHandRing2-Matrix-animation-transform">
        <input semantic="INPUT" source="#mixamorig_RightHandRing2-Matrix-animation-input"/>
        <input semantic="OUTPUT" source="#mixamorig_RightHandRing2-Matrix-animation-output-transform"/>
        <input semantic="INTERPOLATION" source="#mixamorig_RightHandRing2-Interpolations"/>
      </sampler>
      <channel source="#mixamorig_RightHandRing2-Matrix-animation-transform" target="mixamorig_RightHandRing2/matrix"/>
    </animation>
    <animation id="mixamorig_RightHandRing3-anim" name="mixamorig_RightHandRing3">
      <source id="mixamorig_RightHandRing3-Matrix-animation-input">
        <float_array id="mixamorig_RightHandRing3-Matrix-animation-input-array" count="32">

0.000000 0.033333 0.066667 0.100000 0.133333 0.166667 0.200000 0.233333 0.266667 0.300000 0.333333 0.366667 0.400000 0.433333 0.466667 0.500000
0.533333 0.566667 0.600000 0.633333 0.666667 0.700000 0.733333 0.766667 0.800000 0.833333 0.866667 0.900000 0.933333 0.966667 1.000000 1.033333</float_array>
        <technique_common>
          <accessor source="#mixamorig_RightHandRing3-Matrix-animation-input-array" count="32">
            <param name="TIME" type="float"/>
          </accessor>
        </technique_common>
      </source>
      <source id="mixamorig_RightHandRing3-Matrix-animation-output-transform">
        <float_array id="mixamorig_RightHandRing3-Matrix-animation-output-transform-array" count="512">

1.000000 -0.000000 -0.000000 -0.000000 0.000000 1.000000 -0.000000 3.435600 0.000000 0.000000 1.000000 -0.000000 0.000000 0.000000 0.000000 1.000000
1.000000 -0.000000 -0.000000 0.000000 0.000000 1.000000 -0.000000 3.435600 0.000000 0.000000 1.000000 0.000000 0.000000 0.000000 0.000000 1.000000
1.000000 0.000000 -0.000000 0.000000 -0.000000 1.000000 0.000000 3.435600 0.000000 -0.000000 1.000000 0.000000 0.000000 0.000000 0.000000 1.000000
1.000000 -0.000000 0.000000 -0.000000 0.000000 1.000000 -0.000000 3.435600 -0.000000 0.000000 1.000000 -0.000000 0.000000 0.000000 0.000000 1.000000
1.000000 -0.000000 0.000000 0.000000 0.000000 1.000000 0.000000 3.435600 -0.000000 -0.000000 1.000000 0.000000 0.000000 0.000000 0.000000 1.000000
1.000000 -0.000000 0.000000 0.000000 0.000000 1.000000 0.000000 3.435600 0.000000 0.000000 1.000000 0.000000 0.000000 0.000000 0.000000 1.000000
1.000000 -0.000000 -0.000000 0.000000 0.000000 1.000000 0.000000 3.435600 -0.000000 0.000000 1.000000 0.000000 0.000000 0.000000 0.000000 1.000000
1.000000 -0.000000 0.000000 0.000000 0.000000 1.000000 -0.000000 3.435600 -0.000000 0.000000 1.000000 0.000000 0.000000 0.000000 0.000000 1.000000
1.000000 0.000000 0.000000 -0.000000 -0.000000 1.000000 0.000000 3.435600 -0.000000 -0.000000 1.000000 0.000000 0.000000 0.000000 0.000000 1.000000
1.000000 -0.000000 0.000000 -0.000000 0.000000 1.000000 0.000000 3.435600 -0.000000 0.000000 1.000000 0.000000 0.000000 0.000000 0.000000 1.000000
1.000000 0.000000 -0.000000 0.000000 -0.000000 1.000000 0.000000 3.435600 0.000000 -0.000000 1.000000 0.000000 0.000000 0.000000 0.000000 1.000000
1.000000 0.000000 -0.000000 0.000000 -0.000000 1.000000 0.000000 3.435600 0.000000 -0.000000 1.000000 0.000000 0.000000 0.000000 0.000000 1.000000
1.000000 -0.000000 0.000000 -0.000000 0.000000 1.000000 -0.000000 3.435600 -0.000000 0.000000 1.000000 0.000000 0.000000 0.000000 0.000000 1.000000
1.000000 0.000000 -0.000000 0.000000 -0.000000 1.000000 -0.000000 3.435600 0.000000 0.000000 1.000000 0.000000 0.000000 0.000000 0.000000 1.000000
1.000000 -0.000000 -0.000000 0.000000 0.000000 1.000000 -0.000000 3.435600 -0.000000 -0.000000 1.000000 0.000000 0.000000 0.000000 0.000000 1.000000
1.000000 0.000000 0.000000 0.000000 -0.000000 1.000000 -0.000000 3.435600 -0.000000 0.000000 1.000000 0.000000 0.000000 0.000000 0.000000 1.000000
1.000000 0.000000 0.000000 -0.000000 -0.000000 1.000000 0.000000 3.435600 -0.000000 -0.000000 1.000000 -0.000000 0.000000 0.000000 0.000000 1.000000
1.000000 -0.000000 0.000000 0.000000 0.000000 1.000000 0.000000 3.435600 -0.000000 -0.000000 1.000000 -0.000000 0.000000 0.000000 0.000000 1.000000
1.000000 -0.000000 0.000000 0.000000 0.000000 1.000000 -0.000000 3.435600 0.000000 -0.000000 1.000000 0.000000 0.000000 0.000000 0.000000 1.000000
1.000000 0.000000 0.000000 -0.000000 -0.000000 1.000000 -0.000000 3.435600 -0.000000 0.000000 1.000000 -0.000000 0.000000 0.000000 0.000000 1.000000
1.000000 -0.000000 -0.000000 0.000000 0.000000 1.000000 0.000000 3.435600 0.000000 0.000000 1.000000 -0.000000 0.000000 0.000000 0.000000 1.000000
1.000000 -0.000000 0.000000 0.000000 0.000000 1.000000 -0.000000 3.435600 -0.000000 0.000000 1.000000 0.000000 0.000000 0.000000 0.000000 1.000000
1.000000 -0.000000 0.000000 0.000000 0.000000 1.000000 -0.000000 3.435600 -0.000000 0.000000 1.000000 0.000000 0.000000 0.000000 0.000000 1.000000
1.000000 0.000000 -0.000000 0.000000 -0.000000 1.000000 0.000000 3.435600 0.000000 -0.000000 1.000000 0.000000 0.000000 0.000000 0.000000 1.000000
1.000000 0.000000 0.000000 0.000000 -0.000000 1.000000 -0.000000 3.435600 -0.000000 0.000000 1.000000 0.000000 0.000000 0.000000 0.000000 1.000000
1.000000 -0.000000 0.000000 -0.000000 0.000000 1.000000 -0.000000 3.435600 -0.000000 0.000000 1.000000 0.000000 0.000000 0.000000 0.000000 1.000000
1.000000 -0.000000 0.000000 0.000000 0.000000 1.000000 -0.000000 3.435600 0.000000 0.000000 1.000000 0.000000 0.000000 0.000000 0.000000 1.000000
1.000000 -0.000000 0.000000 0.000000 0.000000 1.000000 -0.000000 3.435600 -0.000000 0.000000 1.000000 -0.000000 0.000000 0.000000 0.000000 1.000000
1.000000 -0.000000 0.000000 -0.000000 0.000000 1.000000 -0.000000 3.435600 0.000000 0.000000 1.000000 0.000000 0.000000 0.000000 0.000000 1.000000
1.000000 -0.000000 -0.000000 0.000000 0.000000 1.000000 -0.000000 3.435600 0.000000 0.000000 1.000000 0.000000 0.000000 0.000000 0.000000 1.000000
1.000000 -0.000000 -0.000000 0.000000 0.000000 1.000000 0.000000 3.435600 0.000000 0.000000 1.000000 0.000000 0.000000 0.000000 0.000000 1.000000
1.000000 -0.000000 -0.000000 0.000000 0.000000 1.000000 -0.000000 3.435600 0.000000 0.000000 1.000000 0.000000 0.000000 0.000000 0.000000 1.000000</float_array>
        <technique_common>
          <accessor source="#mixamorig_RightHandRing3-Matrix-animation-output-transform-array" count="32" stride="16">
            <param type="float4x4"/>
          </accessor>
        </technique_common>
      </source>
      <source id="mixamorig_RightHandRing3-Interpolations">
        <Name_array id="mixamorig_RightHandRing3-Interpolations-array" count="32">
 LINEAR LINEAR LINEAR LINEAR LINEAR LINEAR LINEAR LINEAR LINEAR LINEAR LINEAR
LINEAR LINEAR LINEAR LINEAR LINEAR LINEAR LINEAR LINEAR LINEAR LINEAR LINEAR LINEAR
LINEAR LINEAR LINEAR LINEAR LINEAR LINEAR LINEAR LINEAR LINEAR</Name_array>
        <technique_common>
          <accessor source="#mixamorig_RightHandRing3-Interpolations-array" count="32">
            <param type="name"/>
          </accessor>
        </technique_common>
      </source>
      <sampler id="mixamorig_RightHandRing3-Matrix-animation-transform">
        <input semantic="INPUT" source="#mixamorig_RightHandRing3-Matrix-animation-input"/>
        <input semantic="OUTPUT" source="#mixamorig_RightHandRing3-Matrix-animation-output-transform"/>
        <input semantic="INTERPOLATION" source="#mixamorig_RightHandRing3-Interpolations"/>
      </sampler>
      <channel source="#mixamorig_RightHandRing3-Matrix-animation-transform" target="mixamorig_RightHandRing3/matrix"/>
    </animation>
    <animation id="mixamorig_RightHandPinky1-anim" name="mixamorig_RightHandPinky1">
      <source id="mixamorig_RightHandPinky1-Matrix-animation-input">
        <float_array id="mixamorig_RightHandPinky1-Matrix-animation-input-array" count="32">

0.000000 0.033333 0.066667 0.100000 0.133333 0.166667 0.200000 0.233333 0.266667 0.300000 0.333333 0.366667 0.400000 0.433333 0.466667 0.500000
0.533333 0.566667 0.600000 0.633333 0.666667 0.700000 0.733333 0.766667 0.800000 0.833333 0.866667 0.900000 0.933333 0.966667 1.000000 1.033333</float_array>
        <technique_common>
          <accessor source="#mixamorig_RightHandPinky1-Matrix-animation-input-array" count="32">
            <param name="TIME" type="float"/>
          </accessor>
        </technique_common>
      </source>
      <source id="mixamorig_RightHandPinky1-Matrix-animation-output-transform">
        <float_array id="mixamorig_RightHandPinky1-Matrix-animation-output-transform-array" count="512">

0.992122 0.118964 -0.039272 -6.433200 -0.112400 0.706828 -0.698398 14.089700 -0.055325 0.697310 0.714631 1.001200 0.000000 0.000000 0.000000 1.000000
0.991565 0.122617 -0.042005 -6.433200 -0.115757 0.691979 -0.712577 14.089700 -0.058307 0.711429 0.700335 1.001200 0.000000 0.000000 0.000000 1.000000
0.991240 0.124329 -0.044550 -6.433200 -0.117654 0.678037 -0.725550 14.089700 -0.060001 0.724436 0.686726 1.001200 0.000000 0.000000 0.000000 1.000000
0.990810 0.126605 -0.047619 -6.433200 -0.120448 0.665596 -0.736529 14.089700 -0.061553 0.735495 0.674728 1.001200 0.000000 0.000000 0.000000 1.000000
0.990223 0.129791 -0.051105 -6.433200 -0.124124 0.652708 -0.747372 14.089700 -0.063646 0.746409 0.662437 1.001200 0.000000 0.000000 0.000000 1.000000
0.989534 0.133513 -0.054744 -6.433200 -0.128099 0.638116 -0.759209 14.089700 -0.066431 0.758276 0.648541 1.001200 0.000000 0.000000 0.000000 1.000000
0.988876 0.136943 -0.058053 -6.433200 -0.131360 0.620982 -0.772740 14.089700 -0.069771 0.771770 0.632063 1.001200 0.000000 0.000000 0.000000 1.000000
0.988504 0.138539 -0.060548 -6.433200 -0.132878 0.604999 -0.785060 14.089700 -0.072130 0.784081 0.616453 1.001200 0.000000 0.000000 0.000000 1.000000
0.988684 0.136706 -0.061774 -6.433200 -0.132208 0.599430 -0.789433 14.089700 -0.070891 0.788667 0.610720 1.001200 0.000000 0.000000 0.000000 1.000000
0.988723 0.135869 -0.062980 -6.433200 -0.132263 0.595013 -0.792758 14.089700 -0.070238 0.792148 0.606274 1.001200 0.000000 0.000000 0.000000 1.000000
0.988864 0.134680 -0.063317 -6.433200 -0.131302 0.589278 -0.797190 14.089700 -0.070054 0.796626 0.600399 1.001200 0.000000 0.000000 0.000000 1.000000
0.989528 0.130354 -0.061977 -6.433200 -0.127223 0.584883 -0.801079 14.089700 -0.068175 0.800575 0.595342 1.001200 0.000000 0.000000 0.000000 1.000000
0.989823 0.128446 -0.061258 -6.433200 -0.124863 0.577413 -0.806848 14.089700 -0.068266 0.806285 0.587575 1.001200 0.000000 0.000000 0.000000 1.000000
0.990130 0.126533 -0.060273 -6.433200 -0.122494 0.572277 -0.810860 14.089700 -0.068108 0.810240 0.582128 1.001200 0.000000 0.000000 0.000000 1.000000
0.990403 0.124872 -0.059230 -6.433200 -0.120700 0.572721 -0.810816 14.089700 -0.067326 0.810184 0.582297 1.001200 0.000000 0.000000 0.000000 1.000000
0.990359 0.125437 -0.058779 -6.433200 -0.120993 0.576649 -0.807983 14.089700 -0.067456 0.807305 0.586267 1.001200 0.000000 0.000000 0.000000 1.000000
0.990037 0.128053 -0.058567 -6.433200 -0.122909 0.582917 -0.803182 14.089700 -0.068710 0.802378 0.592848 1.001200 0.000000 0.000000 0.000000 1.000000
0.990197 0.127737 -0.056516 -6.433200 -0.122244 0.596721 -0.793083 14.089700 -0.067582 0.792217 0.606486 1.001200 0.000000 0.000000 0.000000 1.000000
0.991103 0.122567 -0.051892 -6.433200 -0.117889 0.627389 -0.769730 14.089700 -0.061787 0.768999 0.636256 1.001200 0.000000 0.000000 0.000000 1.000000
0.991934 0.118078 -0.046085 -6.433200 -0.113616 0.667084 -0.736268 14.089700 -0.056194 0.735566 0.675119 1.001200 0.000000 0.000000 0.000000 1.000000
0.992589 0.114709 -0.040118 -6.433200 -0.110017 0.708014 -0.697576 14.089700 -0.051614 0.696820 0.715386 1.001200 0.000000 0.000000 0.000000 1.000000
0.993244 0.110793 -0.034506 -6.433200 -0.105876 0.743514 -0.660286 14.089700 -0.047499 0.659479 0.750221 1.001200 0.000000 0.000000 0.000000 1.000000
0.993798 0.106966 -0.030386 -6.433200 -0.101949 0.767346 -0.633077 14.089700 -0.044401 0.632248 0.773492 1.001200 0.000000 0.000000 0.000000 1.000000
0.994268 0.103163 -0.028070 -6.433200 -0.098041 0.775042 -0.624258 14.089700 -0.042645 0.623432 0.780714 1.001200 0.000000 0.000000 0.000000 1.000000
0.994826 0.097905 -0.027125 -6.433200 -0.093548 0.778663 -0.620429 14.089700 -0.039622 0.619756 0.783793 1.001200 0.000000 0.000000 0.000000 1.000000
0.994357 0.102253 -0.028252 -6.433200 -0.097170 0.771040 -0.629330 14.089700 -0.042568 0.628524 0.776625 1.001200 0.000000 0.000000 0.000000 1.000000
0.993848 0.106533 -0.030274 -6.433200 -0.101171 0.762087 -0.639522 14.089700 -0.045059 0.638650 0.768177 1.001200 0.000000 0.000000 0.000000 1.000000
0.993929 0.105348 -0.031737 -6.433200 -0.100497 0.751839 -0.651643 14.089700 -0.044788 0.650876 0.757861 1.001200 0.000000 0.000000 0.000000 1.000000
0.994003 0.104229 -0.033089 -6.433200 -0.099641 0.738576 -0.666766 14.089700 -0.045058 0.666064 0.744532 1.001200 0.000000 0.000000 0.000000 1.000000
0.993472 0.108480 -0.035279 -6.433200 -0.103182 0.722685 -0.683433 14.089700 -0.048643 0.682612 0.729160 1.001200 0.000000 0.000000 0.000000 1.000000
0.992929 0.112692 -0.037313 -6.433200 -0.106885 0.711952 -0.694046 14.089700 -0.051648 0.693126 0.718963 1.001200 0.000000 0.000000 0.000000 1.000000
0.992122 0.118964 -0.039272 -6.433200 -0.112400 0.706828 -0.698399 14.089700 -0.055326 0.697311 0.714631 1.001200 0.000000 0.000000 0.000000 1.000000</float_array>
        <technique_common>
          <accessor source="#mixamorig_RightHandPinky1-Matrix-animation-output-transform-array" count="32" stride="16">
            <param type="float4x4"/>
          </accessor>
        </technique_common>
      </source>
      <source id="mixamorig_RightHandPinky1-Interpolations">
        <Name_array id="mixamorig_RightHandPinky1-Interpolations-array" count="32">
 LINEAR LINEAR LINEAR LINEAR LINEAR LINEAR LINEAR LINEAR LINEAR LINEAR LINEAR
LINEAR LINEAR LINEAR LINEAR LINEAR LINEAR LINEAR LINEAR LINEAR LINEAR LINEAR LINEAR
LINEAR LINEAR LINEAR LINEAR LINEAR LINEAR LINEAR LINEAR LINEAR</Name_array>
        <technique_common>
          <accessor source="#mixamorig_RightHandPinky1-Interpolations-array" count="32">
            <param type="name"/>
          </accessor>
        </technique_common>
      </source>
      <sampler id="mixamorig_RightHandPinky1-Matrix-animation-transform">
        <input semantic="INPUT" source="#mixamorig_RightHandPinky1-Matrix-animation-input"/>
        <input semantic="OUTPUT" source="#mixamorig_RightHandPinky1-Matrix-animation-output-transform"/>
        <input semantic="INTERPOLATION" source="#mixamorig_RightHandPinky1-Interpolations"/>
      </sampler>
      <channel source="#mixamorig_RightHandPinky1-Matrix-animation-transform" target="mixamorig_RightHandPinky1/matrix"/>
    </animation>
    <animation id="mixamorig_RightHandPinky2-anim" name="mixamorig_RightHandPinky2">
      <source id="mixamorig_RightHandPinky2-Matrix-animation-input">
        <float_array id="mixamorig_RightHandPinky2-Matrix-animation-input-array" count="32">

0.000000 0.033333 0.066667 0.100000 0.133333 0.166667 0.200000 0.233333 0.266667 0.300000 0.333333 0.366667 0.400000 0.433333 0.466667 0.500000
0.533333 0.566667 0.600000 0.633333 0.666667 0.700000 0.733333 0.766667 0.800000 0.833333 0.866667 0.900000 0.933333 0.966667 1.000000 1.033333</float_array>
        <technique_common>
          <accessor source="#mixamorig_RightHandPinky2-Matrix-animation-input-array" count="32">
            <param name="TIME" type="float"/>
          </accessor>
        </technique_common>
      </source>
      <source id="mixamorig_RightHandPinky2-Matrix-animation-output-transform">
        <float_array id="mixamorig_RightHandPinky2-Matrix-animation-output-transform-array" count="512">

0.982066 0.063714 -0.177446 0.000000 -0.180412 0.044247 -0.982595 2.474700 -0.054753 0.996987 0.054948 0.000000 0.000000 0.000000 0.000000 1.000000
0.981913 0.061223 -0.179159 0.000000 -0.180750 0.021464 -0.983295 2.474700 -0.056354 0.997893 0.032142 -0.000000 0.000000 0.000000 0.000000 1.000000
0.981755 0.058463 -0.180941 0.000000 -0.181074 -0.003063 -0.983465 2.474700 -0.058050 0.998285 0.007579 0.000000 0.000000 0.000000 0.000000 1.000000
0.981652 0.056132 -0.182231 -0.000000 -0.181125 -0.024247 -0.983161 2.474700 -0.059606 0.998129 -0.013635 0.000000 0.000000 0.000000 0.000000 1.000000
0.981507 0.053253 -0.183867 0.000000 -0.181330 -0.049125 -0.982194 2.474700 -0.061338 0.997372 -0.038560 0.000000 0.000000 0.000000 0.000000 1.000000
0.981353 0.050184 -0.185548 0.000000 -0.181557 -0.074975 -0.980518 2.474700 -0.063118 0.995922 -0.064466 0.000000 0.000000 0.000000 0.000000 1.000000
0.981289 0.048198 -0.186409 -0.000000 -0.181414 -0.092885 -0.979010 2.474700 -0.064501 0.994510 -0.082403 0.000000 0.000000 0.000000 0.000000 1.000000
0.981243 0.046509 -0.187081 0.000000 -0.181233 -0.108213 -0.977469 2.474700 -0.065706 0.993039 -0.097754 0.000000 0.000000 0.000000 0.000000 1.000000
0.981220 0.045240 -0.187514 0.000000 -0.181038 -0.119576 -0.976180 2.474700 -0.066585 0.991794 -0.109140 0.000000 0.000000 0.000000 0.000000 1.000000
0.981181 0.044052 -0.187998 -0.000000 -0.180900 -0.130753 -0.974771 2.474700 -0.067522 0.990436 -0.120324 0.000000 0.000000 0.000000 0.000000 1.000000
0.981167 0.043379 -0.188227 0.000000 -0.180742 -0.137594 -0.973858 2.474700 -0.068144 0.989538 -0.127162 -0.000000 0.000000 0.000000 0.000000 1.000000
0.981205 0.043498 -0.188004 0.000000 -0.180442 -0.138499 -0.973786 2.474700 -0.068396 0.989407 -0.128047 0.000000 0.000000 0.000000 0.000000 1.000000
0.981246 0.043786 -0.187719 0.000000 -0.180165 -0.137890 -0.973923 2.474700 -0.068529 0.989479 -0.127415 0.000000 0.000000 0.000000 0.000000 1.000000
0.981266 0.043958 -0.187576 0.000000 -0.180041 -0.137316 -0.974027 2.474700 -0.068574 0.989551 -0.126829 0.000000 0.000000 0.000000 0.000000 1.000000
0.981324 0.044833 -0.187064 0.000000 -0.179890 -0.130572 -0.974982 2.474700 -0.068136 0.990425 -0.120068 0.000000 0.000000 0.000000 0.000000 1.000000
0.981345 0.045608 -0.186766 0.000000 -0.179936 -0.124258 -0.975799 2.474700 -0.067711 0.991201 -0.113733 0.000000 0.000000 0.000000 0.000000 1.000000
0.981397 0.047088 -0.186124 -0.000000 -0.179979 -0.111843 -0.977292 2.474700 -0.066836 0.992610 -0.101287 -0.000000 0.000000 0.000000 0.000000 1.000000
0.981539 0.049988 -0.184612 0.000000 -0.179790 -0.088083 -0.979753 2.474700 -0.065237 0.994858 -0.077469 -0.000000 0.000000 0.000000 0.000000 1.000000
0.981795 0.054709 -0.181894 0.000000 -0.179326 -0.048706 -0.982583 2.474700 -0.062616 0.997314 -0.038008 0.000000 0.000000 0.000000 0.000000 1.000000
0.982046 0.059929 -0.178871 0.000000 -0.179146 -0.000802 -0.983822 2.474700 -0.059103 0.998202 0.009948 0.000000 0.000000 0.000000 0.000000 1.000000
0.982374 0.065891 -0.174926 -0.000000 -0.178671 0.056001 -0.982314 2.474700 -0.054930 0.996254 0.066787 -0.000000 0.000000 0.000000 0.000000 1.000000
0.982719 0.071464 -0.170750 -0.000000 -0.177954 0.110878 -0.977772 2.474700 -0.050943 0.991261 0.121679 0.000000 0.000000 0.000000 0.000000 1.000000
0.982929 0.075114 -0.167955 0.000000 -0.177587 0.148669 -0.972811 2.474700 -0.048103 0.986030 0.159470 0.000000 0.000000 0.000000 0.000000 1.000000
0.982956 0.076276 -0.167273 -0.000000 -0.177787 0.162788 -0.970511 2.474700 -0.046797 0.983708 0.173574 0.000000 0.000000 0.000000 0.000000 1.000000
0.982946 0.076223 -0.167353 0.000000 -0.177862 0.162896 -0.970479 2.474700 -0.046712 0.983695 0.173675 -0.000000 0.000000 0.000000 0.000000 1.000000
0.982824 0.074951 -0.168641 0.000000 -0.178350 0.150940 -0.972321 2.474700 -0.047421 0.985698 0.161715 0.000000 0.000000 0.000000 0.000000 1.000000
0.982623 0.072666 -0.170798 0.000000 -0.179096 0.129478 -0.975274 2.474700 -0.048755 0.988916 0.140243 0.000000 0.000000 0.000000 0.000000 1.000000
0.982464 0.070459 -0.172628 0.000000 -0.179545 0.107806 -0.977825 2.474700 -0.050287 0.991672 0.118566 0.000000 0.000000 0.000000 0.000000 1.000000
0.982281 0.067919 -0.174674 0.000000 -0.180043 0.083161 -0.980137 2.474700 -0.052044 0.994219 0.093916 0.000000 0.000000 0.000000 0.000000 1.000000
0.982190 0.066193 -0.175845 0.000000 -0.180137 0.065670 -0.981447 2.474700 -0.053417 0.995643 0.076424 -0.000000 0.000000 0.000000 0.000000 1.000000
0.982132 0.064953 -0.176630 -0.000000 -0.180175 0.053462 -0.982181 2.474700 -0.054352 0.996455 0.064209 0.000000 0.000000 0.000000 0.000000 1.000000
0.982066 0.063713 -0.177444 0.000000 -0.180411 0.044246 -0.982596 2.474700 -0.054753 0.996987 0.054947 0.000000 0.000000 0.000000 0.000000 1.000000</float_array>
        <technique_common>
          <accessor source="#mixamorig_RightHandPinky2-Matrix-animation-output-transform-array" count="32" stride="16">
            <param type="float4x4"/>
          </accessor>
        </technique_common>
      </source>
      <source id="mixamorig_RightHandPinky2-Interpolations">
        <Name_array id="mixamorig_RightHandPinky2-Interpolations-array" count="32">
 LINEAR LINEAR LINEAR LINEAR LINEAR LINEAR LINEAR LINEAR LINEAR LINEAR LINEAR
LINEAR LINEAR LINEAR LINEAR LINEAR LINEAR LINEAR LINEAR LINEAR LINEAR LINEAR LINEAR
LINEAR LINEAR LINEAR LINEAR LINEAR LINEAR LINEAR LINEAR LINEAR</Name_array>
        <technique_common>
          <accessor source="#mixamorig_RightHandPinky2-Interpolations-array" count="32">
            <param type="name"/>
          </accessor>
        </technique_common>
      </source>
      <sampler id="mixamorig_RightHandPinky2-Matrix-animation-transform">
        <input semantic="INPUT" source="#mixamorig_RightHandPinky2-Matrix-animation-input"/>
        <input semantic="OUTPUT" source="#mixamorig_RightHandPinky2-Matrix-animation-output-transform"/>
        <input semantic="INTERPOLATION" source="#mixamorig_RightHandPinky2-Interpolations"/>
      </sampler>
      <channel source="#mixamorig_RightHandPinky2-Matrix-animation-transform" target="mixamorig_RightHandPinky2/matrix"/>
    </animation>
    <animation id="mixamorig_RightHandPinky3-anim" name="mixamorig_RightHandPinky3">
      <source id="mixamorig_RightHandPinky3-Matrix-animation-input">
        <float_array id="mixamorig_RightHandPinky3-Matrix-animation-input-array" count="32">

0.000000 0.033333 0.066667 0.100000 0.133333 0.166667 0.200000 0.233333 0.266667 0.300000 0.333333 0.366667 0.400000 0.433333 0.466667 0.500000
0.533333 0.566667 0.600000 0.633333 0.666667 0.700000 0.733333 0.766667 0.800000 0.833333 0.866667 0.900000 0.933333 0.966667 1.000000 1.033333</float_array>
        <technique_common>
          <accessor source="#mixamorig_RightHandPinky3-Matrix-animation-input-array" count="32">
            <param name="TIME" type="float"/>
          </accessor>
        </technique_common>
      </source>
      <source id="mixamorig_RightHandPinky3-Matrix-animation-output-transform">
        <float_array id="mixamorig_RightHandPinky3-Matrix-animation-output-transform-array" count="512">

1.000000 -0.000000 -0.000000 -0.000000 0.000000 1.000000 0.000000 2.073800 0.000000 -0.000000 1.000000 0.000000 0.000000 0.000000 0.000000 1.000000
1.000000 -0.000000 -0.000000 0.000000 0.000000 1.000000 0.000000 2.073800 -0.000000 -0.000000 1.000000 0.000000 0.000000 0.000000 0.000000 1.000000
1.000000 -0.000000 0.000000 0.000000 0.000000 1.000000 -0.000000 2.073800 -0.000000 0.000000 1.000000 -0.000000 0.000000 0.000000 0.000000 1.000000
1.000000 -0.000000 0.000000 0.000000 0.000000 1.000000 0.000000 2.073800 0.000000 -0.000000 1.000000 0.000000 0.000000 0.000000 0.000000 1.000000
1.000000 -0.000000 0.000000 0.000000 0.000000 1.000000 -0.000000 2.073800 -0.000000 0.000000 1.000000 -0.000000 0.000000 0.000000 0.000000 1.000000
1.000000 0.000000 -0.000000 -0.000000 -0.000000 1.000000 0.000000 2.073800 0.000000 -0.000000 1.000000 0.000000 0.000000 0.000000 0.000000 1.000000
1.000000 -0.000000 -0.000000 0.000000 0.000000 1.000000 0.000000 2.073800 0.000000 -0.000000 1.000000 -0.000000 0.000000 0.000000 0.000000 1.000000
1.000000 -0.000000 -0.000000 -0.000000 0.000000 1.000000 0.000000 2.073800 -0.000000 -0.000000 1.000000 0.000000 0.000000 0.000000 0.000000 1.000000
1.000000 -0.000000 0.000000 0.000000 0.000000 1.000000 0.000000 2.073800 -0.000000 -0.000000 1.000000 0.000000 0.000000 0.000000 0.000000 1.000000
1.000000 0.000000 -0.000000 0.000000 -0.000000 1.000000 -0.000000 2.073800 0.000000 0.000000 1.000000 0.000000 0.000000 0.000000 0.000000 1.000000
1.000000 0.000000 -0.000000 0.000000 -0.000000 1.000000 0.000000 2.073800 0.000000 -0.000000 1.000000 0.000000 0.000000 0.000000 0.000000 1.000000
1.000000 -0.000000 -0.000000 0.000000 0.000000 1.000000 0.000000 2.073800 0.000000 -0.000000 1.000000 0.000000 0.000000 0.000000 0.000000 1.000000
1.000000 -0.000000 0.000000 0.000000 0.000000 1.000000 0.000000 2.073800 0.000000 -0.000000 1.000000 -0.000000 0.000000 0.000000 0.000000 1.000000
1.000000 0.000000 0.000000 0.000000 -0.000000 1.000000 0.000000 2.073800 -0.000000 -0.000000 1.000000 0.000000 0.000000 0.000000 0.000000 1.000000
1.000000 -0.000000 -0.000000 0.000000 0.000000 1.000000 0.000000 2.073800 -0.000000 -0.000000 1.000000 0.000000 0.000000 0.000000 0.000000 1.000000
1.000000 0.000000 0.000000 -0.000000 -0.000000 1.000000 -0.000000 2.073800 -0.000000 0.000000 1.000000 0.000000 0.000000 0.000000 0.000000 1.000000
1.000000 0.000000 -0.000000 0.000000 -0.000000 1.000000 0.000000 2.073800 0.000000 -0.000000 1.000000 -0.000000 0.000000 0.000000 0.000000 1.000000
1.000000 -0.000000 0.000000 0.000000 0.000000 1.000000 0.000000 2.073800 -0.000000 -0.000000 1.000000 0.000000 0.000000 0.000000 0.000000 1.000000
1.000000 -0.000000 0.000000 0.000000 0.000000 1.000000 -0.000000 2.073800 -0.000000 0.000000 1.000000 -0.000000 0.000000 0.000000 0.000000 1.000000
1.000000 -0.000000 0.000000 -0.000000 0.000000 1.000000 0.000000 2.073800 -0.000000 -0.000000 1.000000 -0.000000 0.000000 0.000000 0.000000 1.000000
1.000000 -0.000000 -0.000000 0.000000 0.000000 1.000000 0.000000 2.073800 0.000000 -0.000000 1.000000 -0.000000 0.000000 0.000000 0.000000 1.000000
1.000000 -0.000000 -0.000000 -0.000000 0.000000 1.000000 0.000000 2.073800 0.000000 -0.000000 1.000000 -0.000000 0.000000 0.000000 0.000000 1.000000
1.000000 -0.000000 0.000000 0.000000 0.000000 1.000000 0.000000 2.073800 0.000000 -0.000000 1.000000 -0.000000 0.000000 0.000000 0.000000 1.000000
1.000000 -0.000000 -0.000000 0.000000 0.000000 1.000000 0.000000 2.073800 0.000000 -0.000000 1.000000 0.000000 0.000000 0.000000 0.000000 1.000000
1.000000 -0.000000 -0.000000 0.000000 0.000000 1.000000 -0.000000 2.073800 0.000000 0.000000 1.000000 0.000000 0.000000 0.000000 0.000000 1.000000
1.000000 -0.000000 0.000000 -0.000000 0.000000 1.000000 -0.000000 2.073800 -0.000000 0.000000 1.000000 0.000000 0.000000 0.000000 0.000000 1.000000
1.000000 -0.000000 0.000000 0.000000 0.000000 1.000000 0.000000 2.073800 0.000000 -0.000000 1.000000 0.000000 0.000000 0.000000 0.000000 1.000000
1.000000 -0.000000 -0.000000 0.000000 0.000000 1.000000 0.000000 2.073800 0.000000 -0.000000 1.000000 0.000000 0.000000 0.000000 0.000000 1.000000
1.000000 0.000000 -0.000000 0.000000 -0.000000 1.000000 0.000000 2.073800 0.000000 -0.000000 1.000000 0.000000 0.000000 0.000000 0.000000 1.000000
1.000000 -0.000000 0.000000 -0.000000 0.000000 1.000000 0.000000 2.073800 -0.000000 -0.000000 1.000000 0.000000 0.000000 0.000000 0.000000 1.000000
1.000000 -0.000000 0.000000 -0.000000 0.000000 1.000000 -0.000000 2.073800 -0.000000 0.000000 1.000000 0.000000 0.000000 0.000000 0.000000 1.000000
1.000000 0.000000 -0.000000 0.000000 -0.000000 1.000000 0.000000 2.073800 0.000000 -0.000000 1.000000 0.000000 0.000000 0.000000 0.000000 1.000000</float_array>
        <technique_common>
          <accessor source="#mixamorig_RightHandPinky3-Matrix-animation-output-transform-array" count="32" stride="16">
            <param type="float4x4"/>
          </accessor>
        </technique_common>
      </source>
      <source id="mixamorig_RightHandPinky3-Interpolations">
        <Name_array id="mixamorig_RightHandPinky3-Interpolations-array" count="32">
 LINEAR LINEAR LINEAR LINEAR LINEAR LINEAR LINEAR LINEAR LINEAR LINEAR LINEAR
LINEAR LINEAR LINEAR LINEAR LINEAR LINEAR LINEAR LINEAR LINEAR LINEAR LINEAR LINEAR
LINEAR LINEAR LINEAR LINEAR LINEAR LINEAR LINEAR LINEAR LINEAR</Name_array>
        <technique_common>
          <accessor source="#mixamorig_RightHandPinky3-Interpolations-array" count="32">
            <param type="name"/>
          </accessor>
        </technique_common>
      </source>
      <sampler id="mixamorig_RightHandPinky3-Matrix-animation-transform">
        <input semantic="INPUT" source="#mixamorig_RightHandPinky3-Matrix-animation-input"/>
        <input semantic="OUTPUT" source="#mixamorig_RightHandPinky3-Matrix-animation-output-transform"/>
        <input semantic="INTERPOLATION" source="#mixamorig_RightHandPinky3-Interpolations"/>
      </sampler>
      <channel source="#mixamorig_RightHandPinky3-Matrix-animation-transform" target="mixamorig_RightHandPinky3/matrix"/>
    </animation>
    <animation id="mixamorig_LeftUpLeg-anim" name="mixamorig_LeftUpLeg">
      <source id="mixamorig_LeftUpLeg-Matrix-animation-input">
        <float_array id="mixamorig_LeftUpLeg-Matrix-animation-input-array" count="32">

0.000000 0.033333 0.066667 0.100000 0.133333 0.166667 0.200000 0.233333 0.266667 0.300000 0.333333 0.366667 0.400000 0.433333 0.466667 0.500000
0.533333 0.566667 0.600000 0.633333 0.666667 0.700000 0.733333 0.766667 0.800000 0.833333 0.866667 0.900000 0.933333 0.966667 1.000000 1.033333</float_array>
        <technique_common>
          <accessor source="#mixamorig_LeftUpLeg-Matrix-animation-input-array" count="32">
            <param name="TIME" type="float"/>
          </accessor>
        </technique_common>
      </source>
      <source id="mixamorig_LeftUpLeg-Matrix-animation-output-transform">
        <float_array id="mixamorig_LeftUpLeg-Matrix-animation-output-transform-array" count="512">

-0.986192 0.149154 0.071957 9.418100 -0.091420 -0.852643 0.514434 -4.875100 0.138084 0.500752 0.854506 1.897700 0.000000 0.000000 0.000000 1.000000
-0.987268 0.140870 0.073873 9.418100 -0.076002 -0.825741 0.558906 -4.875100 0.139733 0.546175 0.825934 1.897700 0.000000 0.000000 0.000000 1.000000
-0.989419 0.128097 0.068127 9.418100 -0.065144 -0.811794 0.580299 -4.875100 0.129639 0.569720 0.811549 1.897700 0.000000 0.000000 0.000000 1.000000
-0.991344 0.114499 0.064240 9.418100 -0.054432 -0.803716 0.592519 -4.875100 0.119474 0.583893 0.802991 1.897700 0.000000 0.000000 0.000000 1.000000
-0.992805 0.099551 0.066536 9.418100 -0.039142 -0.794971 0.605383 -4.875100 0.113161 0.598423 0.793148 1.897700 0.000000 0.000000 0.000000 1.000000
-0.994747 0.082891 0.060062 9.418100 -0.026941 -0.778066 0.627604 -4.875100 0.098755 0.622689 0.776212 1.897700 0.000000 0.000000 0.000000 1.000000
-0.995902 0.075028 0.050504 9.418100 -0.022366 -0.745379 0.666266 -4.875100 0.087633 0.662405 0.744002 1.897700 0.000000 0.000000 0.000000 1.000000
-0.995273 0.077030 0.059146 9.418100 -0.015333 -0.726008 0.687515 -4.875100 0.095900 0.683358 0.723758 1.897700 0.000000 0.000000 0.000000 1.000000
-0.993938 0.074169 0.081150 9.418100 0.000051 -0.737835 0.674981 -4.875100 0.109939 0.670893 0.733359 1.897700 0.000000 0.000000 0.000000 1.000000
-0.993391 0.071018 0.090168 9.418100 0.008346 -0.738817 0.673854 -4.875100 0.114473 0.670153 0.733342 1.897700 0.000000 0.000000 0.000000 1.000000
-0.994323 0.057837 0.089307 9.418100 0.015859 -0.749420 0.661905 -4.875100 0.105211 0.659564 0.744248 1.897700 0.000000 0.000000 0.000000 1.000000
-0.995130 0.043363 0.088516 9.418100 0.025436 -0.754634 0.655653 -4.875100 0.095229 0.654712 0.749856 1.897700 0.000000 0.000000 0.000000 1.000000
-0.995380 0.021334 0.093612 9.418100 0.040344 -0.791813 0.609430 -4.875100 0.087124 0.610391 0.787294 1.897700 0.000000 0.000000 0.000000 1.000000
-0.994696 0.004931 0.102744 9.418100 0.050507 -0.846739 0.529606 -4.875100 0.089609 0.531986 0.841998 1.897700 0.000000 0.000000 0.000000 1.000000
-0.991811 0.001657 0.127702 9.418100 0.054455 -0.898979 0.434594 -4.875100 0.115522 0.437989 0.891527 1.897700 0.000000 0.000000 0.000000 1.000000
-0.988307 -0.001252 0.152472 9.418100 0.051787 -0.943281 0.327931 -4.875100 0.143413 0.331993 0.932316 1.897700 0.000000 0.000000 0.000000 1.000000
-0.986505 -0.005389 0.163645 9.418100 0.044280 -0.970996 0.234959 -4.875100 0.157632 0.239034 0.958131 1.897700 0.000000 0.000000 0.000000 1.000000
-0.984277 -0.006254 0.176520 9.418100 0.032348 -0.988853 0.145336 -4.875100 0.173643 0.148761 0.973508 1.897700 0.000000 0.000000 0.000000 1.000000
-0.981321 -0.009297 0.192151 9.418100 0.019630 -0.998457 0.051941 -4.875100 0.191371 0.054742 0.979990 1.897700 0.000000 0.000000 0.000000 1.000000
-0.977511 -0.004000 0.210847 9.418100 -0.000217 -0.999801 -0.019972 -4.875100 0.210884 -0.019568 0.977315 1.897700 0.000000 0.000000 0.000000 1.000000
-0.974694 0.012688 0.223183 9.418100 -0.024434 -0.998453 -0.049945 -4.875100 0.222204 -0.054134 0.973496 1.897700 0.000000 0.000000 0.000000 1.000000
-0.976398 0.030350 0.213834 9.418100 -0.043728 -0.997352 -0.058110 -4.875100 0.211504 -0.066089 0.975140 1.897700 0.000000 0.000000 0.000000 1.000000
-0.978776 0.038242 0.201335 9.418100 -0.053771 -0.995937 -0.072232 -4.875100 0.197755 -0.081525 0.976856 1.897700 0.000000 0.000000 0.000000 1.000000
-0.975547 0.046523 0.214813 9.418100 -0.074037 -0.989781 -0.121871 -4.875100 0.206948 -0.134795 0.969022 1.897700 0.000000 0.000000 0.000000 1.000000
-0.975687 0.060364 0.210693 9.418100 -0.096019 -0.981887 -0.163334 -4.875100 0.197017 -0.179593 0.963810 1.897700 0.000000 0.000000 0.000000 1.000000
-0.976110 0.100778 0.192490 9.418100 -0.110194 -0.993151 -0.038825 -4.875100 0.187259 -0.059109 0.980531 1.897700 0.000000 0.000000 0.000000 1.000000
-0.978161 0.135741 0.157402 9.418100 -0.128305 -0.990123 0.056524 -4.875100 0.163520 0.035095 0.985916 1.897700 0.000000 0.000000 0.000000 1.000000
-0.977806 0.163175 0.131416 9.418100 -0.140794 -0.976260 0.164601 -4.875100 0.155155 0.142445 0.977567 1.897700 0.000000 0.000000 0.000000 1.000000
-0.980466 0.167321 0.103389 9.418100 -0.135228 -0.955163 0.263393 -4.875100 0.142824 0.244267 0.959132 1.897700 0.000000 0.000000 0.000000 1.000000
-0.984642 0.155578 0.079224 9.418100 -0.118740 -0.929421 0.349395 -4.875100 0.127991 0.334622 0.933620 1.897700 0.000000 0.000000 0.000000 1.000000
-0.986514 0.147828 0.070271 9.418100 -0.103626 -0.896398 0.430967 -4.875100 0.126699 0.417873 0.899627 1.897700 0.000000 0.000000 0.000000 1.000000
-0.986192 0.149154 0.071958 9.418100 -0.091420 -0.852643 0.514433 -4.875100 0.138084 0.500752 0.854506 1.897700 0.000000 0.000000 0.000000 1.000000</float_array>
        <technique_common>
          <accessor source="#mixamorig_LeftUpLeg-Matrix-animation-output-transform-array" count="32" stride="16">
            <param type="float4x4"/>
          </accessor>
        </technique_common>
      </source>
      <source id="mixamorig_LeftUpLeg-Interpolations">
        <Name_array id="mixamorig_LeftUpLeg-Interpolations-array" count="32">
 LINEAR LINEAR LINEAR LINEAR LINEAR LINEAR LINEAR LINEAR LINEAR LINEAR LINEAR
LINEAR LINEAR LINEAR LINEAR LINEAR LINEAR LINEAR LINEAR LINEAR LINEAR LINEAR LINEAR
LINEAR LINEAR LINEAR LINEAR LINEAR LINEAR LINEAR LINEAR LINEAR</Name_array>
        <technique_common>
          <accessor source="#mixamorig_LeftUpLeg-Interpolations-array" count="32">
            <param type="name"/>
          </accessor>
        </technique_common>
      </source>
      <sampler id="mixamorig_LeftUpLeg-Matrix-animation-transform">
        <input semantic="INPUT" source="#mixamorig_LeftUpLeg-Matrix-animation-input"/>
        <input semantic="OUTPUT" source="#mixamorig_LeftUpLeg-Matrix-animation-output-transform"/>
        <input semantic="INTERPOLATION" source="#mixamorig_LeftUpLeg-Interpolations"/>
      </sampler>
      <channel source="#mixamorig_LeftUpLeg-Matrix-animation-transform" target="mixamorig_LeftUpLeg/matrix"/>
    </animation>
    <animation id="mixamorig_LeftLeg-anim" name="mixamorig_LeftLeg">
      <source id="mixamorig_LeftLeg-Matrix-animation-input">
        <float_array id="mixamorig_LeftLeg-Matrix-animation-input-array" count="32">

0.000000 0.033333 0.066667 0.100000 0.133333 0.166667 0.200000 0.233333 0.266667 0.300000 0.333333 0.366667 0.400000 0.433333 0.466667 0.500000
0.533333 0.566667 0.600000 0.633333 0.666667 0.700000 0.733333 0.766667 0.800000 0.833333 0.866667 0.900000 0.933333 0.966667 1.000000 1.033333</float_array>
        <technique_common>
          <accessor source="#mixamorig_LeftLeg-Matrix-animation-input-array" count="32">
            <param name="TIME" type="float"/>
          </accessor>
        </technique_common>
      </source>
      <source id="mixamorig_LeftLeg-Matrix-animation-output-transform">
        <float_array id="mixamorig_LeftLeg-Matrix-animation-output-transform-array" count="512">

0.999801 -0.014997 0.013153 0.000000 -0.007621 0.322201 0.946641 48.478100 -0.018434 -0.946552 0.322023 0.000000 0.000000 0.000000 0.000000 1.000000
0.999808 0.002679 -0.019392 -0.000000 0.016281 0.436224 0.899691 48.478100 0.010869 -0.899834 0.436097 -0.000000 0.000000 0.000000 0.000000 1.000000
0.998121 0.013448 -0.059788 0.000000 0.040918 0.580025 0.813571 48.478100 0.045620 -0.814488 0.578384 0.000000 0.000000 0.000000 0.000000 1.000000
0.996487 0.016403 -0.082124 0.000000 0.045525 0.716983 0.695602 48.478100 0.070291 -0.696897 0.713718 0.000000 0.000000 0.000000 0.000000 1.000000
0.997124 0.008918 -0.075265 0.000000 0.034926 0.827262 0.560730 48.478100 0.067264 -0.561746 0.824571 -0.000000 0.000000 0.000000 0.000000 1.000000
0.998018 -0.007315 -0.062501 -0.000000 0.034936 0.890501 0.453639 48.478100 0.052338 -0.454923 0.888991 0.000000 0.000000 0.000000 0.000000 1.000000
0.998627 -0.023216 -0.046962 -0.000000 0.041473 0.898048 0.437938 48.478100 0.032007 -0.439285 0.897778 0.000000 0.000000 0.000000 0.000000 1.000000
0.999560 -0.027268 -0.011688 0.000000 0.029533 0.877166 0.479278 48.478100 -0.002817 -0.479412 0.877585 0.000000 0.000000 0.000000 0.000000 1.000000
0.999320 -0.023158 0.028704 0.000000 0.005090 0.857438 0.514561 48.478100 -0.036528 -0.514065 0.856973 0.000000 0.000000 0.000000 0.000000 1.000000
0.996310 -0.022667 0.082774 0.000000 -0.029921 0.812230 0.582570 48.478100 -0.080437 -0.582897 0.808555 0.000000 0.000000 0.000000 0.000000 1.000000
0.997589 -0.014603 0.067838 0.000000 -0.031132 0.779509 0.625617 48.478100 -0.062016 -0.626221 0.777176 -0.000000 0.000000 0.000000 0.000000 1.000000
0.998230 -0.009107 0.058778 0.000000 -0.035199 0.706146 0.707191 48.478100 -0.047946 -0.708008 0.704575 0.000000 0.000000 0.000000 0.000000 1.000000
0.998199 -0.012231 0.058735 0.000000 -0.034375 0.685779 0.726998 48.478100 -0.049172 -0.727707 0.684123 0.000000 0.000000 0.000000 0.000000 1.000000
0.997577 -0.018423 0.067086 -0.000000 -0.034084 0.711217 0.702145 48.478100 -0.060648 -0.702731 0.708866 0.000000 0.000000 0.000000 0.000000 1.000000
0.994277 -0.026674 0.103450 0.000000 -0.047710 0.755542 0.653360 48.478100 -0.095589 -0.654557 0.749946 -0.000000 0.000000 0.000000 0.000000 1.000000
0.987826 -0.036319 0.151265 0.000000 -0.059393 0.810656 0.582502 48.478100 -0.143780 -0.584395 0.798630 -0.000000 0.000000 0.000000 0.000000 1.000000
0.979332 -0.042986 0.197637 -0.000000 -0.066517 0.854350 0.515424 48.478100 -0.191007 -0.517917 0.833833 0.000000 0.000000 0.000000 0.000000 1.000000
0.968234 -0.037727 0.247183 0.000000 -0.079116 0.891541 0.445976 48.478100 -0.237199 -0.451365 0.860236 -0.000000 0.000000 0.000000 0.000000 1.000000
0.954812 -0.033115 0.295360 0.000000 -0.085489 0.921176 0.379641 48.478100 -0.284650 -0.387736 0.876718 0.000000 0.000000 0.000000 0.000000 1.000000
0.941747 -0.025572 0.335347 0.000000 -0.100503 0.930146 0.353167 48.478100 -0.320953 -0.366298 0.873393 -0.000000 0.000000 0.000000 0.000000 1.000000
0.931763 -0.020894 0.362465 0.000000 -0.132837 0.909503 0.393902 48.478100 -0.337893 -0.415172 0.844666 0.000000 0.000000 0.000000 0.000000 1.000000
0.930382 -0.023305 0.365849 0.000000 -0.163581 0.866719 0.471211 48.478100 -0.328070 -0.498252 0.802568 0.000000 0.000000 0.000000 0.000000 1.000000
0.933021 -0.043813 0.357144 -0.000000 -0.167593 0.825408 0.539086 48.478100 -0.318408 -0.562834 0.762781 -0.000000 0.000000 0.000000 0.000000 1.000000
0.927869 -0.074104 0.365470 0.000000 -0.149982 0.823134 0.547683 48.478100 -0.341416 -0.562992 0.752646 -0.000000 0.000000 0.000000 0.000000 1.000000
0.934373 -0.086674 0.345592 0.000000 -0.123797 0.830551 0.543009 48.478100 -0.334097 -0.550156 0.765315 0.000000 0.000000 0.000000 0.000000 1.000000
0.958143 -0.106739 0.265647 0.000000 -0.131587 0.659884 0.739755 48.478100 -0.254257 -0.743747 0.618218 0.000000 0.000000 0.000000 0.000000 1.000000
0.984839 -0.092296 0.146878 -0.000000 -0.077167 0.525224 0.847458 48.478100 -0.155361 -0.845944 0.510139 0.000000 0.000000 0.000000 0.000000 1.000000
0.994927 -0.075865 0.066072 0.000000 -0.031078 0.392860 0.919073 48.478100 -0.095683 -0.916463 0.388510 0.000000 0.000000 0.000000 0.000000 1.000000
0.995804 -0.065649 0.063747 0.000000 -0.041846 0.292829 0.955249 48.478100 -0.081378 -0.953908 0.288853 0.000000 0.000000 0.000000 0.000000 1.000000
0.996202 -0.053600 0.068614 0.000000 -0.052838 0.254182 0.965712 48.478100 -0.069203 -0.965670 0.250385 0.000000 0.000000 0.000000 0.000000 1.000000
0.998607 -0.035489 0.039034 0.000000 -0.028026 0.269977 0.962459 48.478100 -0.044695 -0.962212 0.268607 0.000000 0.000000 0.000000 0.000000 1.000000
0.999801 -0.014997 0.013153 0.000000 -0.007621 0.322201 0.946640 48.478100 -0.018434 -0.946552 0.322023 0.000000 0.000000 0.000000 0.000000 1.000000</float_array>
        <technique_common>
          <accessor source="#mixamorig_LeftLeg-Matrix-animation-output-transform-array" count="32" stride="16">
            <param type="float4x4"/>
          </accessor>
        </technique_common>
      </source>
      <source id="mixamorig_LeftLeg-Interpolations">
        <Name_array id="mixamorig_LeftLeg-Interpolations-array" count="32">
 LINEAR LINEAR LINEAR LINEAR LINEAR LINEAR LINEAR LINEAR LINEAR LINEAR LINEAR
LINEAR LINEAR LINEAR LINEAR LINEAR LINEAR LINEAR LINEAR LINEAR LINEAR LINEAR LINEAR
LINEAR LINEAR LINEAR LINEAR LINEAR LINEAR LINEAR LINEAR LINEAR</Name_array>
        <technique_common>
          <accessor source="#mixamorig_LeftLeg-Interpolations-array" count="32">
            <param type="name"/>
          </accessor>
        </technique_common>
      </source>
      <sampler id="mixamorig_LeftLeg-Matrix-animation-transform">
        <input semantic="INPUT" source="#mixamorig_LeftLeg-Matrix-animation-input"/>
        <input semantic="OUTPUT" source="#mixamorig_LeftLeg-Matrix-animation-output-transform"/>
        <input semantic="INTERPOLATION" source="#mixamorig_LeftLeg-Interpolations"/>
      </sampler>
      <channel source="#mixamorig_LeftLeg-Matrix-animation-transform" target="mixamorig_LeftLeg/matrix"/>
    </animation>
    <animation id="mixamorig_LeftFoot-anim" name="mixamorig_LeftFoot">
      <source id="mixamorig_LeftFoot-Matrix-animation-input">
        <float_array id="mixamorig_LeftFoot-Matrix-animation-input-array" count="32">

0.000000 0.033333 0.066667 0.100000 0.133333 0.166667 0.200000 0.233333 0.266667 0.300000 0.333333 0.366667 0.400000 0.433333 0.466667 0.500000
0.533333 0.566667 0.600000 0.633333 0.666667 0.700000 0.733333 0.766667 0.800000 0.833333 0.866667 0.900000 0.933333 0.966667 1.000000 1.033333</float_array>
        <technique_common>
          <accessor source="#mixamorig_LeftFoot-Matrix-animation-input-array" count="32">
            <param name="TIME" type="float"/>
          </accessor>
        </technique_common>
      </source>
      <source id="mixamorig_LeftFoot-Matrix-animation-output-transform">
        <float_array id="mixamorig_LeftFoot-Matrix-animation-output-transform-array" count="512">

0.996860 -0.069008 -0.038840 0.000000 0.011881 0.615274 -0.788224 51.588001 0.078291 0.785287 0.614162 -0.000000 0.000000 0.000000 0.000000 1.000000
0.996608 -0.075921 -0.031767 0.000000 0.017360 0.571244 -0.820597 51.588001 0.080447 0.817262 0.570624 -0.000000 0.000000 0.000000 0.000000 1.000000
0.996216 -0.084332 -0.021019 0.000000 0.027212 0.532334 -0.846097 51.588001 0.082542 0.842323 0.532615 -0.000000 0.000000 0.000000 0.000000 1.000000
0.995225 -0.097523 -0.004090 -0.000000 0.047011 0.515631 -0.855520 51.588001 0.085542 0.851243 0.517753 0.000000 0.000000 0.000000 0.000000 1.000000
0.994249 -0.106896 0.006491 0.000000 0.063628 0.540874 -0.838693 51.588001 0.086142 0.834283 0.544565 0.000000 0.000000 0.000000 0.000000 1.000000
0.995231 -0.097358 -0.006050 -0.000000 0.049672 0.559189 -0.827551 51.588001 0.083952 0.823304 0.561358 0.000000 0.000000 0.000000 0.000000 1.000000
0.996498 -0.078902 -0.027684 -0.000000 0.018645 0.532408 -0.846282 51.588001 0.081513 0.842802 0.532015 0.000000 0.000000 0.000000 0.000000 1.000000
0.996627 -0.074370 -0.034700 0.000000 0.004484 0.471540 -0.881833 51.588001 0.081944 0.878703 0.470283 0.000000 0.000000 0.000000 0.000000 1.000000
0.995352 -0.096207 -0.004318 0.000000 0.040678 0.460650 -0.886649 51.588001 0.087291 0.882353 0.462422 0.000000 0.000000 0.000000 0.000000 1.000000
0.996139 -0.085779 -0.018692 0.000000 0.031562 0.548589 -0.835496 51.588001 0.081922 0.831680 0.549179 0.000000 0.000000 0.000000 0.000000 1.000000
0.995712 -0.091911 -0.010500 0.000000 0.053266 0.662422 -0.747235 51.588001 0.075634 0.743471 0.664477 0.000000 0.000000 0.000000 0.000000 1.000000
0.994869 -0.101163 -0.000890 0.000000 0.058402 0.581489 -0.811455 51.588001 0.082607 0.807240 0.584414 0.000000 0.000000 0.000000 0.000000 1.000000
0.994271 -0.106758 0.005345 -0.000000 0.059468 0.510914 -0.857572 51.588001 0.088822 0.852977 0.514336 0.000000 0.000000 0.000000 0.000000 1.000000
0.993802 -0.110650 0.010711 0.000000 0.061130 0.463461 -0.884006 51.588001 0.092851 0.879182 0.467352 0.000000 0.000000 0.000000 0.000000 1.000000
0.992961 -0.116711 0.020171 0.000000 0.068789 0.429640 -0.900376 51.588001 0.096418 0.895426 0.434645 -0.000000 0.000000 0.000000 0.000000 1.000000
0.990986 -0.128012 0.039499 0.000000 0.088528 0.404456 -0.910263 51.588001 0.100548 0.905554 0.412143 -0.000000 0.000000 0.000000 0.000000 1.000000
0.990094 -0.132515 0.046402 -0.000000 0.095891 0.396796 -0.912885 51.588001 0.102559 0.908291 0.405572 0.000000 0.000000 0.000000 0.000000 1.000000
0.989709 -0.134692 0.048314 0.000000 0.097199 0.385000 -0.917784 51.588001 0.105017 0.913035 0.394130 0.000000 0.000000 0.000000 0.000000 1.000000
0.988312 -0.141406 0.056955 -0.000000 0.104622 0.357421 -0.928065 51.588001 0.110877 0.923176 0.368038 -0.000000 0.000000 0.000000 0.000000 1.000000
0.986923 -0.147955 0.063979 0.000000 0.109858 0.326904 -0.938651 51.588001 0.117963 0.933404 0.338883 -0.000000 0.000000 0.000000 0.000000 1.000000
0.984775 -0.156934 0.074770 0.000000 0.120877 0.309074 -0.943325 51.588001 0.124930 0.938001 0.323338 0.000000 0.000000 0.000000 0.000000 1.000000
0.982717 -0.164963 0.083991 0.000000 0.132023 0.306533 -0.942660 51.588001 0.129758 0.937456 0.323014 0.000000 0.000000 0.000000 0.000000 1.000000
0.983053 -0.165387 0.079075 0.000000 0.131547 0.335999 -0.932631 51.588001 0.127676 0.927228 0.352061 0.000000 0.000000 0.000000 0.000000 1.000000
0.985167 -0.158351 0.066117 -0.000000 0.123912 0.389922 -0.912473 51.588001 0.118711 0.907130 0.403760 0.000000 0.000000 0.000000 0.000000 1.000000
0.986100 -0.154271 0.061700 0.000000 0.130535 0.489573 -0.862136 51.588001 0.102796 0.858207 0.502906 -0.000000 0.000000 0.000000 0.000000 1.000000
0.983508 -0.164727 0.074675 0.000000 0.163319 0.631481 -0.757997 51.588001 0.077707 0.757692 0.647970 -0.000000 0.000000 0.000000 0.000000 1.000000
0.989643 -0.135331 0.047874 -0.000000 0.132261 0.729983 -0.670546 51.588001 0.055799 0.669933 0.740322 -0.000000 0.000000 0.000000 0.000000 1.000000
0.978183 -0.190034 0.083936 -0.000000 0.204989 0.817315 -0.538495 51.588001 0.033730 0.543952 0.838438 0.000000 0.000000 0.000000 0.000000 1.000000
0.963819 -0.238517 0.119011 0.000000 0.264553 0.801264 -0.536645 51.588001 0.032640 0.548713 0.835374 0.000000 0.000000 0.000000 0.000000 1.000000
0.967762 -0.222969 0.117141 0.000000 0.245388 0.729866 -0.638029 51.588001 0.056764 0.646205 0.761050 -0.000000 0.000000 0.000000 0.000000 1.000000
0.988061 -0.146517 0.047632 0.000000 0.134159 0.666247 -0.733564 51.588001 0.075745 0.731197 0.677949 0.000000 0.000000 0.000000 0.000000 1.000000
0.996860 -0.069008 -0.038840 0.000000 0.011881 0.615274 -0.788224 51.588001 0.078291 0.785287 0.614162 0.000000 0.000000 0.000000 0.000000 1.000000</float_array>
        <technique_common>
          <accessor source="#mixamorig_LeftFoot-Matrix-animation-output-transform-array" count="32" stride="16">
            <param type="float4x4"/>
          </accessor>
        </technique_common>
      </source>
      <source id="mixamorig_LeftFoot-Interpolations">
        <Name_array id="mixamorig_LeftFoot-Interpolations-array" count="32">
 LINEAR LINEAR LINEAR LINEAR LINEAR LINEAR LINEAR LINEAR LINEAR LINEAR LINEAR
LINEAR LINEAR LINEAR LINEAR LINEAR LINEAR LINEAR LINEAR LINEAR LINEAR LINEAR LINEAR
LINEAR LINEAR LINEAR LINEAR LINEAR LINEAR LINEAR LINEAR LINEAR</Name_array>
        <technique_common>
          <accessor source="#mixamorig_LeftFoot-Interpolations-array" count="32">
            <param type="name"/>
          </accessor>
        </technique_common>
      </source>
      <sampler id="mixamorig_LeftFoot-Matrix-animation-transform">
        <input semantic="INPUT" source="#mixamorig_LeftFoot-Matrix-animation-input"/>
        <input semantic="OUTPUT" source="#mixamorig_LeftFoot-Matrix-animation-output-transform"/>
        <input semantic="INTERPOLATION" source="#mixamorig_LeftFoot-Interpolations"/>
      </sampler>
      <channel source="#mixamorig_LeftFoot-Matrix-animation-transform" target="mixamorig_LeftFoot/matrix"/>
    </animation>
    <animation id="mixamorig_LeftToeBase-anim" name="mixamorig_LeftToeBase">
      <source id="mixamorig_LeftToeBase-Matrix-animation-input">
        <float_array id="mixamorig_LeftToeBase-Matrix-animation-input-array" count="32">

0.000000 0.033333 0.066667 0.100000 0.133333 0.166667 0.200000 0.233333 0.266667 0.300000 0.333333 0.366667 0.400000 0.433333 0.466667 0.500000
0.533333 0.566667 0.600000 0.633333 0.666667 0.700000 0.733333 0.766667 0.800000 0.833333 0.866667 0.900000 0.933333 0.966667 1.000000 1.033333</float_array>
        <technique_common>
          <accessor source="#mixamorig_LeftToeBase-Matrix-animation-input-array" count="32">
            <param name="TIME" type="float"/>
          </accessor>
        </technique_common>
      </source>
      <source id="mixamorig_LeftToeBase-Matrix-animation-output-transform">
        <float_array id="mixamorig_LeftToeBase-Matrix-animation-output-transform-array" count="512">

0.998158 0.031270 -0.051983 0.000000 -0.058939 0.702761 -0.708980 21.400000 0.014362 0.710739 0.703310 -0.000000 0.000000 0.000000 0.000000 1.000000
0.998524 0.005091 -0.054068 0.000000 -0.042290 0.697503 -0.715333 21.400000 0.034071 0.716564 0.696689 0.000000 0.000000 0.000000 0.000000 1.000000
0.991688 -0.066493 -0.110151 0.000000 -0.034574 0.686907 -0.725923 21.400000 0.123933 0.723697 0.678898 -0.000000 0.000000 0.000000 0.000000 1.000000
0.996730 -0.023839 -0.077211 0.000000 -0.039236 0.692530 -0.720321 21.400000 0.070643 0.720995 0.689330 0.000000 0.000000 0.000000 0.000000 1.000000
0.997562 -0.011758 -0.068782 -0.000000 -0.041658 0.690424 -0.722204 21.400000 0.055980 0.723309 0.688252 0.000000 0.000000 0.000000 0.000000 1.000000
0.993085 -0.055204 -0.103609 0.000000 -0.038578 0.680083 -0.732120 21.400000 0.110878 0.731054 0.673250 0.000000 0.000000 0.000000 0.000000 1.000000
0.987327 -0.088654 -0.131629 -0.000000 -0.040238 0.662474 -0.748004 21.400000 0.153515 0.743821 0.650511 0.000000 0.000000 0.000000 0.000000 1.000000
0.990559 -0.065860 -0.120233 0.000000 -0.052611 0.627255 -0.777035 21.400000 0.126592 0.776024 0.617868 0.000000 0.000000 0.000000 0.000000 1.000000
0.989491 -0.065242 -0.129037 0.000000 -0.069741 0.566402 -0.821173 21.400000 0.126661 0.821543 0.555899 0.000000 0.000000 0.000000 0.000000 1.000000
0.989198 -0.097939 -0.109061 0.000000 -0.029195 0.597478 -0.801354 21.400000 0.143646 0.795882 0.588165 0.000000 0.000000 0.000000 0.000000 1.000000
0.989089 -0.078792 -0.124479 0.000000 -0.033253 0.703745 -0.709674 21.400000 0.143519 0.706070 0.693446 0.000000 0.000000 0.000000 0.000000 1.000000
0.989623 -0.064163 -0.128570 0.000000 -0.042176 0.725649 -0.686771 21.400000 0.137362 0.685067 0.715413 0.000000 0.000000 0.000000 0.000000 1.000000
0.988799 -0.065236 -0.134241 0.000000 -0.046284 0.721055 -0.691330 21.400000 0.141895 0.689800 0.709959 -0.000000 0.000000 0.000000 0.000000 1.000000
0.988797 -0.066987 -0.133393 0.000000 -0.045689 0.714931 -0.697701 21.400000 0.142104 0.695979 0.703861 -0.000000 0.000000 0.000000 0.000000 1.000000
0.988827 -0.067725 -0.132798 0.000000 -0.044917 0.714078 -0.698623 21.400000 0.142143 0.696782 0.703058 -0.000000 0.000000 0.000000 0.000000 1.000000
0.988776 -0.068807 -0.132619 0.000000 -0.045839 0.705119 -0.707606 21.400000 0.142200 0.705743 0.694051 0.000000 0.000000 0.000000 0.000000 1.000000
0.988645 -0.070065 -0.132935 0.000000 -0.048012 0.690996 -0.721262 21.400000 0.142393 0.719455 0.679786 0.000000 0.000000 0.000000 0.000000 1.000000
0.989431 -0.066954 -0.128618 -0.000000 -0.048188 0.684767 -0.727167 21.400000 0.136760 0.725680 0.674304 -0.000000 0.000000 0.000000 0.000000 1.000000
0.988509 -0.070914 -0.133496 0.000000 -0.049186 0.684182 -0.727651 21.400000 0.142937 0.725855 0.672832 0.000000 0.000000 0.000000 0.000000 1.000000
0.988381 -0.072364 -0.133667 0.000000 -0.050974 0.670666 -0.740006 21.400000 0.143196 0.738221 0.659185 0.000000 0.000000 0.000000 0.000000 1.000000
0.987949 -0.077119 -0.134196 0.000000 -0.058172 0.618449 -0.783669 21.400000 0.143429 0.782032 0.606510 0.000000 0.000000 0.000000 0.000000 1.000000
0.986733 -0.087165 -0.136971 0.000000 -0.071372 0.524874 -0.848182 21.400000 0.145824 0.846705 0.511689 -0.000000 0.000000 0.000000 0.000000 1.000000
0.985224 -0.098735 -0.139948 0.000000 -0.088396 0.406738 -0.909258 21.400000 0.146698 0.908193 0.392000 0.000000 0.000000 0.000000 0.000000 1.000000
0.984272 -0.099578 -0.145920 0.000000 -0.102295 0.352165 -0.930331 21.400000 0.144029 0.930626 0.336440 0.000000 0.000000 0.000000 0.000000 1.000000
0.990810 -0.101693 -0.089190 0.000000 -0.061247 0.250621 -0.966146 21.400000 0.120603 0.962729 0.242089 0.000000 0.000000 0.000000 0.000000 1.000000
0.986073 -0.106202 -0.127992 0.000000 -0.101719 0.223756 -0.969323 21.400000 0.131583 0.968842 0.209836 0.000000 0.000000 0.000000 0.000000 1.000000
0.983988 -0.053387 -0.170049 0.000000 -0.134157 0.406274 -0.903849 21.400000 0.117340 0.912190 0.392607 0.000000 0.000000 0.000000 0.000000 1.000000
0.991206 -0.000207 -0.132330 0.000000 -0.101172 0.643389 -0.758824 21.400000 0.085296 0.765539 0.637710 0.000000 0.000000 0.000000 0.000000 1.000000
0.984329 -0.025453 -0.174496 0.000000 -0.108644 0.691890 -0.713782 21.400000 0.138900 0.721554 0.678282 0.000000 0.000000 0.000000 0.000000 1.000000
0.982278 -0.039853 -0.183145 -0.000000 -0.099722 0.716231 -0.690702 21.400000 0.158701 0.696725 0.699563 0.000000 0.000000 0.000000 0.000000 1.000000
0.989229 -0.009840 -0.146048 0.000000 -0.098959 0.690234 -0.716787 21.400000 0.107861 0.723519 0.681826 -0.000000 0.000000 0.000000 0.000000 1.000000
0.998158 0.031270 -0.051983 0.000000 -0.058939 0.702761 -0.708980 21.400000 0.014362 0.710739 0.703310 0.000000 0.000000 0.000000 0.000000 1.000000</float_array>
        <technique_common>
          <accessor source="#mixamorig_LeftToeBase-Matrix-animation-output-transform-array" count="32" stride="16">
            <param type="float4x4"/>
          </accessor>
        </technique_common>
      </source>
      <source id="mixamorig_LeftToeBase-Interpolations">
        <Name_array id="mixamorig_LeftToeBase-Interpolations-array" count="32">
 LINEAR LINEAR LINEAR LINEAR LINEAR LINEAR LINEAR LINEAR LINEAR LINEAR LINEAR
LINEAR LINEAR LINEAR LINEAR LINEAR LINEAR LINEAR LINEAR LINEAR LINEAR LINEAR LINEAR
LINEAR LINEAR LINEAR LINEAR LINEAR LINEAR LINEAR LINEAR LINEAR</Name_array>
        <technique_common>
          <accessor source="#mixamorig_LeftToeBase-Interpolations-array" count="32">
            <param type="name"/>
          </accessor>
        </technique_common>
      </source>
      <sampler id="mixamorig_LeftToeBase-Matrix-animation-transform">
        <input semantic="INPUT" source="#mixamorig_LeftToeBase-Matrix-animation-input"/>
        <input semantic="OUTPUT" source="#mixamorig_LeftToeBase-Matrix-animation-output-transform"/>
        <input semantic="INTERPOLATION" source="#mixamorig_LeftToeBase-Interpolations"/>
      </sampler>
      <channel source="#mixamorig_LeftToeBase-Matrix-animation-transform" target="mixamorig_LeftToeBase/matrix"/>
    </animation>
    <animation id="mixamorig_RightUpLeg-anim" name="mixamorig_RightUpLeg">
      <source id="mixamorig_RightUpLeg-Matrix-animation-input">
        <float_array id="mixamorig_RightUpLeg-Matrix-animation-input-array" count="32">

0.000000 0.033333 0.066667 0.100000 0.133333 0.166667 0.200000 0.233333 0.266667 0.300000 0.333333 0.366667 0.400000 0.433333 0.466667 0.500000
0.533333 0.566667 0.600000 0.633333 0.666667 0.700000 0.733333 0.766667 0.800000 0.833333 0.866667 0.900000 0.933333 0.966667 1.000000 1.033333</float_array>
        <technique_common>
          <accessor source="#mixamorig_RightUpLeg-Matrix-animation-input-array" count="32">
            <param name="TIME" type="float"/>
          </accessor>
        </technique_common>
      </source>
      <source id="mixamorig_RightUpLeg-Matrix-animation-output-transform">
        <float_array id="mixamorig_RightUpLeg-Matrix-animation-output-transform-array" count="512">

-0.983370 0.069387 -0.167834 -9.418100 -0.116809 -0.949274 0.291950 -4.875100 -0.139063 0.306699 0.941593 1.897700 0.000000 0.000000 0.000000 1.000000
-0.981567 0.071911 -0.177075 -9.418100 -0.108976 -0.971727 0.209453 -4.875100 -0.157006 0.224889 0.961652 1.897700 0.000000 0.000000 0.000000 1.000000
-0.980345 0.067615 -0.185343 -9.418100 -0.093073 -0.986832 0.132291 -4.875100 -0.173957 0.146941 0.973729 1.897700 0.000000 0.000000 0.000000 1.000000
-0.978874 0.055143 -0.196888 -9.418100 -0.067068 -0.996264 0.054413 -4.875100 -0.193152 0.066468 0.978915 1.897700 0.000000 0.000000 0.000000 1.000000
-0.978348 0.039289 -0.203204 -9.418100 -0.037732 -0.999221 -0.011532 -4.875100 -0.203499 -0.003615 0.979069 1.897700 0.000000 0.000000 0.000000 1.000000
-0.977239 0.020237 -0.211173 -9.418100 -0.009019 -0.998503 -0.053953 -4.875100 -0.211948 -0.050821 0.975959 1.897700 0.000000 0.000000 0.000000 1.000000
-0.975725 0.005322 -0.218933 -9.418100 0.014962 -0.995749 -0.090885 -4.875100 -0.218486 -0.091954 0.971498 1.897700 0.000000 0.000000 0.000000 1.000000
-0.973858 -0.007704 -0.227027 -9.418100 0.037277 -0.991296 -0.126264 -4.875100 -0.224078 -0.131426 0.965669 1.897700 0.000000 0.000000 0.000000 1.000000
-0.972330 -0.023380 -0.232441 -9.418100 0.061544 -0.985468 -0.158321 -4.875100 -0.225361 -0.168246 0.959638 1.897700 0.000000 0.000000 0.000000 1.000000
-0.971746 -0.040449 -0.232538 -9.418100 0.081193 -0.982366 -0.168417 -4.875100 -0.221625 -0.182539 0.957895 1.897700 0.000000 0.000000 0.000000 1.000000
-0.972379 -0.058738 -0.225896 -9.418100 0.093181 -0.985039 -0.144968 -4.875100 -0.214001 -0.162013 0.963304 1.897700 0.000000 0.000000 0.000000 1.000000
-0.977809 -0.072715 -0.196473 -9.418100 0.094282 -0.990230 -0.102743 -4.875100 -0.187082 -0.118987 0.975111 1.897700 0.000000 0.000000 0.000000 1.000000
-0.980337 -0.088822 -0.176208 -9.418100 0.089510 -0.995978 0.004057 -4.875100 -0.175860 -0.011795 0.984345 1.897700 0.000000 0.000000 0.000000 1.000000
-0.984230 -0.091101 -0.151631 -9.418100 0.073190 -0.990099 0.119783 -4.875100 -0.161042 0.106796 0.981152 1.897700 0.000000 0.000000 0.000000 1.000000
-0.988223 -0.081154 -0.129726 -9.418100 0.046857 -0.967540 0.248334 -4.875100 -0.145668 0.239331 0.959949 1.897700 0.000000 0.000000 0.000000 1.000000
-0.991054 -0.067564 -0.115094 -9.418100 0.022862 -0.935586 0.352359 -4.875100 -0.131487 0.346575 0.928761 1.897700 0.000000 0.000000 0.000000 1.000000
-0.992359 -0.061646 -0.106882 -9.418100 0.008701 -0.899052 0.437755 -4.875100 -0.123079 0.433480 0.892719 1.897700 0.000000 0.000000 0.000000 1.000000
-0.993195 -0.065368 -0.096384 -9.418100 0.008361 -0.865504 0.500831 -4.875100 -0.116159 0.496618 0.860162 1.897700 0.000000 0.000000 0.000000 1.000000
-0.993979 -0.071179 -0.083303 -9.418100 0.015517 -0.844040 0.536055 -4.875100 -0.108467 0.531535 0.840063 1.897700 0.000000 0.000000 0.000000 1.000000
-0.994702 -0.074889 -0.070424 -9.418100 0.022238 -0.825587 0.563837 -4.875100 -0.100366 0.559284 0.822878 1.897700 0.000000 0.000000 0.000000 1.000000
-0.994974 -0.076818 -0.064238 -9.418100 0.024768 -0.810353 0.585418 -4.875100 -0.097026 0.580884 0.808183 1.897700 0.000000 0.000000 0.000000 1.000000
-0.994246 -0.082431 -0.068405 -9.418100 0.023158 -0.788908 0.614075 -4.875100 -0.104584 0.608958 0.786278 1.897700 0.000000 0.000000 0.000000 1.000000
-0.993893 -0.087433 -0.067317 -9.418100 0.022301 -0.756629 0.653464 -4.875100 -0.108069 0.647972 0.753958 1.897700 0.000000 0.000000 0.000000 1.000000
-0.994310 -0.084724 -0.064571 -9.418100 0.017106 -0.725287 0.688235 -4.875100 -0.105142 0.683214 0.722609 1.897700 0.000000 0.000000 0.000000 1.000000
-0.995041 -0.071382 -0.069263 -9.418100 0.001867 -0.709655 0.704547 -4.875100 -0.099445 0.700924 0.706269 1.897700 0.000000 0.000000 0.000000 1.000000
-0.995703 -0.047794 -0.079322 -9.418100 -0.022218 -0.708233 0.705629 -4.875100 -0.089903 0.704359 0.704128 1.897700 0.000000 0.000000 0.000000 1.000000
-0.995569 -0.019033 -0.092090 -9.418100 -0.048498 -0.735088 0.676235 -4.875100 -0.080565 0.677705 0.730907 1.897700 0.000000 0.000000 0.000000 1.000000
-0.993459 0.015729 -0.113100 -9.418100 -0.085562 -0.758456 0.646083 -4.875100 -0.075620 0.651534 0.754841 1.897700 0.000000 0.000000 0.000000 1.000000
-0.989231 0.039868 -0.140827 -9.418100 -0.114895 -0.807592 0.578441 -4.875100 -0.090670 0.588392 0.803476 1.897700 0.000000 0.000000 0.000000 1.000000
-0.986403 0.054528 -0.155033 -9.418100 -0.124536 -0.863555 0.488634 -4.875100 -0.107236 0.501297 0.858605 1.897700 0.000000 0.000000 0.000000 1.000000
-0.984402 0.063081 -0.164235 -9.418100 -0.123646 -0.912146 0.390770 -4.875100 -0.125156 0.404982 0.905718 1.897700 0.000000 0.000000 0.000000 1.000000
-0.983370 0.069387 -0.167834 -9.418100 -0.116808 -0.949274 0.291949 -4.875100 -0.139063 0.306698 0.941593 1.897700 0.000000 0.000000 0.000000 1.000000</float_array>
        <technique_common>
          <accessor source="#mixamorig_RightUpLeg-Matrix-animation-output-transform-array" count="32" stride="16">
            <param type="float4x4"/>
          </accessor>
        </technique_common>
      </source>
      <source id="mixamorig_RightUpLeg-Interpolations">
        <Name_array id="mixamorig_RightUpLeg-Interpolations-array" count="32">
 LINEAR LINEAR LINEAR LINEAR LINEAR LINEAR LINEAR LINEAR LINEAR LINEAR LINEAR
LINEAR LINEAR LINEAR LINEAR LINEAR LINEAR LINEAR LINEAR LINEAR LINEAR LINEAR LINEAR
LINEAR LINEAR LINEAR LINEAR LINEAR LINEAR LINEAR LINEAR LINEAR</Name_array>
        <technique_common>
          <accessor source="#mixamorig_RightUpLeg-Interpolations-array" count="32">
            <param type="name"/>
          </accessor>
        </technique_common>
      </source>
      <sampler id="mixamorig_RightUpLeg-Matrix-animation-transform">
        <input semantic="INPUT" source="#mixamorig_RightUpLeg-Matrix-animation-input"/>
        <input semantic="OUTPUT" source="#mixamorig_RightUpLeg-Matrix-animation-output-transform"/>
        <input semantic="INTERPOLATION" source="#mixamorig_RightUpLeg-Interpolations"/>
      </sampler>
      <channel source="#mixamorig_RightUpLeg-Matrix-animation-transform" target="mixamorig_RightUpLeg/matrix"/>
    </animation>
    <animation id="mixamorig_RightLeg-anim" name="mixamorig_RightLeg">
      <source id="mixamorig_RightLeg-Matrix-animation-input">
        <float_array id="mixamorig_RightLeg-Matrix-animation-input-array" count="32">

0.000000 0.033333 0.066667 0.100000 0.133333 0.166667 0.200000 0.233333 0.266667 0.300000 0.333333 0.366667 0.400000 0.433333 0.466667 0.500000
0.533333 0.566667 0.600000 0.633333 0.666667 0.700000 0.733333 0.766667 0.800000 0.833333 0.866667 0.900000 0.933333 0.966667 1.000000 1.033333</float_array>
        <technique_common>
          <accessor source="#mixamorig_RightLeg-Matrix-animation-input-array" count="32">
            <param name="TIME" type="float"/>
          </accessor>
        </technique_common>
      </source>
      <source id="mixamorig_RightLeg-Matrix-animation-output-transform">
        <float_array id="mixamorig_RightLeg-Matrix-animation-output-transform-array" count="512">

0.991158 0.018042 -0.131455 0.000000 0.058632 0.829188 0.555887 48.478100 0.119030 -0.558679 0.820798 0.000000 0.000000 0.000000 0.000000 1.000000
0.988468 0.016845 -0.150490 -0.000000 0.064746 0.851360 0.520572 48.478100 0.136891 -0.524312 0.840451 0.000000 0.000000 0.000000 0.000000 1.000000
0.984868 0.010495 -0.172986 0.000000 0.077340 0.866642 0.492901 48.478100 0.155090 -0.498821 0.852716 0.000000 0.000000 0.000000 0.000000 1.000000
0.979861 -0.000629 -0.199678 0.000000 0.095904 0.878588 0.467852 48.478100 0.175141 -0.477580 0.860955 0.000000 0.000000 0.000000 0.000000 1.000000
0.975761 -0.010551 -0.218586 0.000000 0.111107 0.884414 0.453286 48.478100 0.188538 -0.466585 0.864148 -0.000000 0.000000 0.000000 0.000000 1.000000
0.972112 -0.014799 -0.234051 -0.000000 0.125833 0.875095 0.467307 48.478100 0.197901 -0.483726 0.852552 0.000000 0.000000 0.000000 0.000000 1.000000
0.969685 -0.011526 -0.244088 0.000000 0.133937 0.860543 0.491454 48.478100 0.204383 -0.509247 0.835999 -0.000000 0.000000 0.000000 0.000000 1.000000
0.967663 0.001240 -0.252244 0.000000 0.135896 0.839897 0.525458 48.478100 0.212511 -0.542745 0.812568 0.000000 0.000000 0.000000 0.000000 1.000000
0.966193 0.017733 -0.257210 0.000000 0.134286 0.817014 0.560764 48.478100 0.220088 -0.576346 0.787011 0.000000 0.000000 0.000000 0.000000 1.000000
0.970886 0.037607 -0.236570 -0.000000 0.114960 0.793281 0.597904 48.478100 0.210152 -0.607693 0.765863 0.000000 0.000000 0.000000 0.000000 1.000000
0.983736 0.049342 -0.172710 0.000000 0.076342 0.755508 0.650676 48.478100 0.162589 -0.653279 0.739454 -0.000000 0.000000 0.000000 0.000000 1.000000
0.996621 0.045188 -0.068584 0.000000 0.017453 0.699455 0.714463 48.478100 0.080256 -0.713246 0.696303 -0.000000 0.000000 0.000000 0.000000 1.000000
0.999214 0.039630 0.000314 0.000000 -0.023874 0.595578 0.802942 48.478100 0.031633 -0.802319 0.596057 0.000000 0.000000 0.000000 0.000000 1.000000
0.999243 0.030113 0.024630 0.000000 -0.036512 0.507437 0.860915 48.478100 0.013427 -0.861163 0.508152 -0.000000 0.000000 0.000000 0.000000 1.000000
0.999371 0.016984 0.031143 0.000000 -0.035446 0.443669 0.895489 48.478100 0.001392 -0.896030 0.443992 -0.000000 0.000000 0.000000 0.000000 1.000000
0.999104 -0.000138 0.042319 0.000000 -0.037754 0.448879 0.892795 48.478100 -0.019119 -0.893592 0.448472 0.000000 0.000000 0.000000 0.000000 1.000000
0.998282 -0.013184 0.057082 0.000000 -0.042286 0.512202 0.857823 48.478100 -0.040547 -0.858764 0.510765 0.000000 0.000000 0.000000 0.000000 1.000000
0.997372 -0.017219 0.070370 0.000000 -0.044551 0.620187 0.783188 48.478100 -0.057128 -0.784265 0.617790 0.000000 0.000000 0.000000 0.000000 1.000000
0.997200 -0.009188 0.074221 0.000000 -0.042967 0.741910 0.669121 48.478100 -0.061213 -0.670436 0.739438 0.000000 0.000000 0.000000 0.000000 1.000000
0.997207 0.005819 0.074462 0.000000 -0.044889 0.843499 0.535251 48.478100 -0.059694 -0.537099 0.841404 -0.000000 0.000000 0.000000 0.000000 1.000000
0.997057 0.019384 0.074176 0.000000 -0.047257 0.917241 0.395519 48.478100 -0.060371 -0.397860 0.915458 0.000000 0.000000 0.000000 0.000000 1.000000
0.998103 0.025679 0.055960 0.000000 -0.042379 0.945848 0.321833 48.478100 -0.044665 -0.323594 0.945141 0.000000 0.000000 0.000000 0.000000 1.000000
0.999007 0.028081 0.034581 -0.000000 -0.038655 0.932284 0.359656 48.478100 -0.022140 -0.360636 0.932444 0.000000 0.000000 0.000000 0.000000 1.000000
0.999334 0.028747 0.022480 0.000000 -0.035926 0.883101 0.467805 48.478100 -0.006404 -0.468301 0.883546 0.000000 0.000000 0.000000 0.000000 1.000000
0.999399 0.030015 0.017370 -0.000000 -0.034601 0.829531 0.557388 48.478100 0.002321 -0.557654 0.830070 -0.000000 0.000000 0.000000 0.000000 1.000000
0.999784 0.016464 0.012719 -0.000000 -0.020804 0.794305 0.607162 48.478100 -0.000107 -0.607296 0.794476 0.000000 0.000000 0.000000 0.000000 1.000000
0.999957 0.002686 0.008900 -0.000000 -0.007624 0.784809 0.619691 48.478100 -0.005320 -0.619732 0.784795 0.000000 0.000000 0.000000 0.000000 1.000000
0.999972 0.004668 0.005922 0.000000 -0.007422 0.748005 0.663651 48.478100 -0.001332 -0.663676 0.748019 0.000000 0.000000 0.000000 0.000000 1.000000
0.999817 0.011028 -0.015630 0.000000 0.002211 0.744987 0.667075 48.478100 0.019001 -0.666987 0.744827 0.000000 0.000000 0.000000 0.000000 1.000000
0.998851 0.013386 -0.046012 -0.000000 0.019530 0.763111 0.645972 48.478100 0.043759 -0.646128 0.761973 0.000000 0.000000 0.000000 0.000000 1.000000
0.996120 0.016097 -0.086516 -0.000000 0.040079 0.792263 0.608861 48.478100 0.078344 -0.609967 0.788545 0.000000 0.000000 0.000000 0.000000 1.000000
0.991158 0.018042 -0.131456 0.000000 0.058632 0.829189 0.555885 48.478100 0.119031 -0.558677 0.820799 0.000000 0.000000 0.000000 0.000000 1.000000</float_array>
        <technique_common>
          <accessor source="#mixamorig_RightLeg-Matrix-animation-output-transform-array" count="32" stride="16">
            <param type="float4x4"/>
          </accessor>
        </technique_common>
      </source>
      <source id="mixamorig_RightLeg-Interpolations">
        <Name_array id="mixamorig_RightLeg-Interpolations-array" count="32">
 LINEAR LINEAR LINEAR LINEAR LINEAR LINEAR LINEAR LINEAR LINEAR LINEAR LINEAR
LINEAR LINEAR LINEAR LINEAR LINEAR LINEAR LINEAR LINEAR LINEAR LINEAR LINEAR LINEAR
LINEAR LINEAR LINEAR LINEAR LINEAR LINEAR LINEAR LINEAR LINEAR</Name_array>
        <technique_common>
          <accessor source="#mixamorig_RightLeg-Interpolations-array" count="32">
            <param type="name"/>
          </accessor>
        </technique_common>
      </source>
      <sampler id="mixamorig_RightLeg-Matrix-animation-transform">
        <input semantic="INPUT" source="#mixamorig_RightLeg-Matrix-animation-input"/>
        <input semantic="OUTPUT" source="#mixamorig_RightLeg-Matrix-animation-output-transform"/>
        <input semantic="INTERPOLATION" source="#mixamorig_RightLeg-Interpolations"/>
      </sampler>
      <channel source="#mixamorig_RightLeg-Matrix-animation-transform" target="mixamorig_RightLeg/matrix"/>
    </animation>
    <animation id="mixamorig_RightFoot-anim" name="mixamorig_RightFoot">
      <source id="mixamorig_RightFoot-Matrix-animation-input">
        <float_array id="mixamorig_RightFoot-Matrix-animation-input-array" count="32">

0.000000 0.033333 0.066667 0.100000 0.133333 0.166667 0.200000 0.233333 0.266667 0.300000 0.333333 0.366667 0.400000 0.433333 0.466667 0.500000
0.533333 0.566667 0.600000 0.633333 0.666667 0.700000 0.733333 0.766667 0.800000 0.833333 0.866667 0.900000 0.933333 0.966667 1.000000 1.033333</float_array>
        <technique_common>
          <accessor source="#mixamorig_RightFoot-Matrix-animation-input-array" count="32">
            <param name="TIME" type="float"/>
          </accessor>
        </technique_common>
      </source>
      <source id="mixamorig_RightFoot-Matrix-animation-output-transform">
        <float_array id="mixamorig_RightFoot-Matrix-animation-output-transform-array" count="512">

0.990612 0.126011 -0.053010 -0.000000 -0.100283 0.406290 -0.908224 51.588001 -0.092909 0.905013 0.415113 0.000000 0.000000 0.000000 0.000000 1.000000
0.989010 0.131542 -0.067496 0.000000 -0.115041 0.397917 -0.910180 51.588001 -0.092870 0.907942 0.408677 -0.000000 0.000000 0.000000 0.000000 1.000000
0.988118 0.133944 -0.075376 0.000000 -0.122430 0.389476 -0.912863 51.588001 -0.092916 0.911245 0.401247 0.000000 0.000000 0.000000 0.000000 1.000000
0.987047 0.136515 -0.084275 -0.000000 -0.130285 0.375535 -0.917605 51.588001 -0.093618 0.916699 0.388457 -0.000000 0.000000 0.000000 0.000000 1.000000
0.986569 0.136736 -0.089357 0.000000 -0.133947 0.364140 -0.921662 51.588001 -0.093485 0.921252 0.377564 0.000000 0.000000 0.000000 0.000000 1.000000
0.986706 0.135078 -0.090365 0.000000 -0.134599 0.367613 -0.920187 51.588001 -0.091077 0.920117 0.380907 0.000000 0.000000 0.000000 0.000000 1.000000
0.986682 0.133931 -0.092306 0.000000 -0.137756 0.386274 -0.912039 51.588001 -0.086495 0.912609 0.399580 0.000000 0.000000 0.000000 0.000000 1.000000
0.987117 0.132902 -0.089093 0.000000 -0.138744 0.433663 -0.890330 51.588001 -0.079690 0.891220 0.446515 0.000000 0.000000 0.000000 0.000000 1.000000
0.987492 0.134236 -0.082703 0.000000 -0.142781 0.538863 -0.830205 51.588001 -0.066878 0.831629 0.551290 -0.000000 0.000000 0.000000 0.000000 1.000000
0.993344 0.107495 -0.041384 0.000000 -0.105605 0.706449 -0.699841 51.588001 -0.045994 0.699553 0.713099 0.000000 0.000000 0.000000 0.000000 1.000000
0.996265 0.084092 -0.019587 0.000000 -0.082342 0.857065 -0.508586 51.588001 -0.025981 0.508299 0.860789 -0.000000 0.000000 0.000000 0.000000 1.000000
0.995713 0.088856 -0.025699 -0.000000 -0.092262 0.934244 -0.344494 51.588001 -0.006602 0.345388 0.938437 0.000000 0.000000 0.000000 0.000000 1.000000
0.989450 0.131761 -0.060224 -0.000000 -0.144290 0.933512 -0.328231 51.588001 0.012972 0.333458 0.942676 0.000000 0.000000 0.000000 0.000000 1.000000
0.979545 0.175463 -0.098513 0.000000 -0.200579 0.890628 -0.408105 51.588001 0.016132 0.419517 0.907604 0.000000 0.000000 0.000000 0.000000 1.000000
0.971195 0.199827 -0.129808 0.000000 -0.238261 0.806107 -0.541686 51.588001 -0.003605 0.557011 0.830498 0.000000 0.000000 0.000000 0.000000 1.000000
0.969506 0.198187 -0.144155 0.000000 -0.243132 0.704030 -0.667254 51.588001 -0.030752 0.681956 0.730747 -0.000000 0.000000 0.000000 0.000000 1.000000
0.972951 0.185128 -0.138182 -0.000000 -0.224262 0.613383 -0.757276 51.588001 -0.055434 0.767782 0.638309 0.000000 0.000000 0.000000 0.000000 1.000000
0.977371 0.170397 -0.125343 0.000000 -0.200284 0.554787 -0.807526 51.588001 -0.068061 0.814356 0.576360 0.000000 0.000000 0.000000 0.000000 1.000000
0.979960 0.161913 -0.116030 0.000000 -0.183605 0.508295 -0.841383 51.588001 -0.077254 0.845825 0.527837 0.000000 0.000000 0.000000 0.000000 1.000000
0.983736 0.148736 -0.100702 0.000000 -0.158870 0.458901 -0.874168 51.588001 -0.083808 0.875950 0.475067 0.000000 0.000000 0.000000 0.000000 1.000000
0.991312 0.118245 -0.057603 0.000000 -0.101569 0.409936 -0.906442 51.588001 -0.083569 0.904417 0.418385 0.000000 0.000000 0.000000 0.000000 1.000000
0.996411 0.084067 0.009879 0.000000 -0.020979 0.358337 -0.933357 51.588001 -0.082004 0.929800 0.358815 0.000000 0.000000 0.000000 0.000000 1.000000
0.996478 0.065995 0.051727 0.000000 0.027366 0.327158 -0.944573 51.588001 -0.079260 0.942662 0.324199 0.000000 0.000000 0.000000 0.000000 1.000000
0.996998 0.066740 0.039261 0.000000 0.013019 0.355337 -0.934648 51.588001 -0.076329 0.932353 0.353401 0.000000 0.000000 0.000000 0.000000 1.000000
0.997495 0.064023 0.030075 0.000000 -0.004669 0.483839 -0.875145 51.588001 -0.070581 0.872812 0.482925 -0.000000 0.000000 0.000000 0.000000 1.000000
0.997373 0.070134 0.018143 -0.000000 -0.029053 0.616667 -0.786688 51.588001 -0.066362 0.784094 0.617084 0.000000 0.000000 0.000000 0.000000 1.000000
0.996646 0.081585 0.006384 0.000000 -0.049753 0.666030 -0.744264 51.588001 -0.064973 0.741450 0.667855 0.000000 0.000000 0.000000 0.000000 1.000000
0.994958 0.099315 -0.013951 -0.000000 -0.071913 0.609535 -0.789491 51.588001 -0.069904 0.786514 0.613604 0.000000 0.000000 0.000000 0.000000 1.000000
0.993748 0.108501 -0.026298 0.000000 -0.081433 0.543311 -0.835573 51.588001 -0.076373 0.832491 0.548750 -0.000000 0.000000 0.000000 0.000000 1.000000
0.993129 0.112704 -0.031504 0.000000 -0.082799 0.486487 -0.869756 51.588001 -0.082698 0.866388 0.492476 0.000000 0.000000 0.000000 0.000000 1.000000
0.991807 0.120327 -0.042895 0.000000 -0.092008 0.439930 -0.893306 51.588001 -0.088618 0.889934 0.447397 -0.000000 0.000000 0.000000 0.000000 1.000000
0.990612 0.126010 -0.053009 -0.000000 -0.100282 0.406291 -0.908224 51.588001 -0.092908 0.905013 0.415114 -0.000000 0.000000 0.000000 0.000000 1.000000</float_array>
        <technique_common>
          <accessor source="#mixamorig_RightFoot-Matrix-animation-output-transform-array" count="32" stride="16">
            <param type="float4x4"/>
          </accessor>
        </technique_common>
      </source>
      <source id="mixamorig_RightFoot-Interpolations">
        <Name_array id="mixamorig_RightFoot-Interpolations-array" count="32">
 LINEAR LINEAR LINEAR LINEAR LINEAR LINEAR LINEAR LINEAR LINEAR LINEAR LINEAR
LINEAR LINEAR LINEAR LINEAR LINEAR LINEAR LINEAR LINEAR LINEAR LINEAR LINEAR LINEAR
LINEAR LINEAR LINEAR LINEAR LINEAR LINEAR LINEAR LINEAR LINEAR</Name_array>
        <technique_common>
          <accessor source="#mixamorig_RightFoot-Interpolations-array" count="32">
            <param type="name"/>
          </accessor>
        </technique_common>
      </source>
      <sampler id="mixamorig_RightFoot-Matrix-animation-transform">
        <input semantic="INPUT" source="#mixamorig_RightFoot-Matrix-animation-input"/>
        <input semantic="OUTPUT" source="#mixamorig_RightFoot-Matrix-animation-output-transform"/>
        <input semantic="INTERPOLATION" source="#mixamorig_RightFoot-Interpolations"/>
      </sampler>
      <channel source="#mixamorig_RightFoot-Matrix-animation-transform" target="mixamorig_RightFoot/matrix"/>
    </animation>
    <animation id="mixamorig_RightToeBase-anim" name="mixamorig_RightToeBase">
      <source id="mixamorig_RightToeBase-Matrix-animation-input">
        <float_array id="mixamorig_RightToeBase-Matrix-animation-input-array" count="32">

0.000000 0.033333 0.066667 0.100000 0.133333 0.166667 0.200000 0.233333 0.266667 0.300000 0.333333 0.366667 0.400000 0.433333 0.466667 0.500000
0.533333 0.566667 0.600000 0.633333 0.666667 0.700000 0.733333 0.766667 0.800000 0.833333 0.866667 0.900000 0.933333 0.966667 1.000000 1.033333</float_array>
        <technique_common>
          <accessor source="#mixamorig_RightToeBase-Matrix-animation-input-array" count="32">
            <param name="TIME" type="float"/>
          </accessor>
        </technique_common>
      </source>
      <source id="mixamorig_RightToeBase-Matrix-animation-output-transform">
        <float_array id="mixamorig_RightToeBase-Matrix-animation-output-transform-array" count="512">

0.998287 0.012812 0.057092 0.000000 0.032334 0.692426 -0.720764 21.400000 -0.048767 0.721375 0.690825 -0.000000 0.000000 0.000000 0.000000 1.000000
0.998402 0.013280 0.054923 0.000000 0.030687 0.688743 -0.724356 21.400000 -0.047447 0.724884 0.687235 0.000000 0.000000 0.000000 0.000000 1.000000
0.998348 0.015236 0.055402 -0.000000 0.029800 0.687089 -0.725962 21.400000 -0.049127 0.726414 0.685500 0.000000 0.000000 0.000000 0.000000 1.000000
0.998173 0.019189 0.057297 0.000000 0.029033 0.679296 -0.733289 21.400000 -0.052993 0.733613 0.677498 0.000000 0.000000 0.000000 0.000000 1.000000
0.998026 0.027542 0.056445 0.000000 0.025054 0.649532 -0.759921 21.400000 -0.057592 0.759835 0.647560 0.000000 0.000000 0.000000 0.000000 1.000000
0.997840 0.035368 0.055357 0.000000 0.023674 0.592454 -0.805257 21.400000 -0.061277 0.804828 0.590337 0.000000 0.000000 0.000000 0.000000 1.000000
0.997199 0.043859 0.060593 0.000000 0.029264 0.516740 -0.855642 21.400000 -0.068838 0.855018 0.514008 0.000000 0.000000 0.000000 0.000000 1.000000
0.995916 0.060255 0.067240 0.000000 0.037530 0.401072 -0.915277 21.400000 -0.082117 0.914063 0.397173 -0.000000 0.000000 0.000000 0.000000 1.000000
0.994104 0.079688 0.073528 0.000000 0.055080 0.212978 -0.975503 21.400000 -0.093395 0.973802 0.207333 0.000000 0.000000 0.000000 0.000000 1.000000
0.994152 0.087904 0.062723 0.000000 0.062126 0.009511 -0.998023 21.400000 -0.088327 0.996084 0.003995 0.000000 0.000000 0.000000 0.000000 1.000000
0.992849 0.080268 0.088356 0.000000 0.094393 -0.074806 -0.992721 21.400000 -0.073075 0.993962 -0.081848 0.000000 0.000000 0.000000 0.000000 1.000000
0.984312 0.062759 0.164895 0.000000 0.163380 0.028584 -0.986149 21.400000 -0.066603 0.997619 0.017882 0.000000 0.000000 0.000000 0.000000 1.000000
0.953691 0.093591 0.285858 -0.000000 0.247982 0.293213 -0.923326 21.400000 -0.170233 0.951455 0.256426 0.000000 0.000000 0.000000 0.000000 1.000000
0.935526 0.124531 0.330580 0.000000 0.252363 0.419227 -0.872102 21.400000 -0.247192 0.899300 0.360770 0.000000 0.000000 0.000000 0.000000 1.000000
0.918046 0.164920 0.360545 0.000000 0.263110 0.426851 -0.865200 21.400000 -0.296587 0.889157 0.348477 0.000000 0.000000 0.000000 0.000000 1.000000
0.934466 0.147395 0.324110 0.000000 0.216327 0.487977 -0.845625 21.400000 -0.282799 0.860321 0.424113 -0.000000 0.000000 0.000000 0.000000 1.000000
0.957942 0.084889 0.274119 0.000000 0.170255 0.600824 -0.781040 21.400000 -0.230999 0.794861 0.561102 -0.000000 0.000000 0.000000 0.000000 1.000000
0.994935 0.048421 0.088087 0.000000 0.034377 0.659581 -0.750847 21.400000 -0.094458 0.750072 0.654576 -0.000000 0.000000 0.000000 0.000000 1.000000
0.994587 0.048128 0.092085 0.000000 0.041836 0.625747 -0.778904 21.400000 -0.095109 0.778540 0.620346 0.000000 0.000000 0.000000 0.000000 1.000000
0.995943 0.034404 0.083150 -0.000000 0.044379 0.616049 -0.786456 21.400000 -0.078282 0.786956 0.612023 0.000000 0.000000 0.000000 0.000000 1.000000
0.996980 0.039675 0.066762 -0.000000 0.029792 0.598497 -0.800571 21.400000 -0.071720 0.800142 0.595507 0.000000 0.000000 0.000000 0.000000 1.000000
0.995721 0.033431 0.086153 0.000000 0.051721 0.570977 -0.819335 21.400000 -0.076583 0.820285 0.566804 0.000000 0.000000 0.000000 0.000000 1.000000
0.997819 0.013729 0.064567 0.000000 0.043967 0.591372 -0.805200 21.400000 -0.049237 0.806282 0.589478 0.000000 0.000000 0.000000 0.000000 1.000000
0.998551 0.009500 0.052964 0.000000 0.040172 0.523257 -0.851227 21.400000 -0.035800 0.852122 0.522118 0.000000 0.000000 0.000000 0.000000 1.000000
0.997355 0.024858 0.068296 0.000000 0.048923 0.465290 -0.883805 21.400000 -0.053747 0.884809 0.462844 0.000000 0.000000 0.000000 0.000000 1.000000
0.997388 0.017458 0.070094 0.000000 0.044378 0.617545 -0.785283 21.400000 -0.056996 0.786342 0.615157 0.000000 0.000000 0.000000 0.000000 1.000000
0.998398 0.009844 0.055718 0.000000 0.031661 0.718952 -0.694338 21.400000 -0.046893 0.694990 0.717489 -0.000000 0.000000 0.000000 0.000000 1.000000
0.998356 0.012346 0.055973 0.000000 0.032610 0.680733 -0.731805 21.400000 -0.047138 0.732428 0.679211 0.000000 0.000000 0.000000 0.000000 1.000000
0.998304 0.013011 0.056744 -0.000000 0.032394 0.685718 -0.727146 21.400000 -0.048371 0.727751 0.684133 0.000000 0.000000 0.000000 0.000000 1.000000
0.998274 0.013119 0.057238 -0.000000 0.032120 0.693999 -0.719259 21.400000 -0.049159 0.719856 0.692380 0.000000 0.000000 0.000000 0.000000 1.000000
0.998276 0.013052 0.057232 0.000000 0.032171 0.693855 -0.719396 21.400000 -0.049100 0.719997 0.692238 0.000000 0.000000 0.000000 0.000000 1.000000
0.998287 0.012812 0.057092 -0.000000 0.032334 0.692426 -0.720764 21.400000 -0.048767 0.721375 0.690825 0.000000 0.000000 0.000000 0.000000 1.000000</float_array>
        <technique_common>
          <accessor source="#mixamorig_RightToeBase-Matrix-animation-output-transform-array" count="32" stride="16">
            <param type="float4x4"/>
          </accessor>
        </technique_common>
      </source>
      <source id="mixamorig_RightToeBase-Interpolations">
        <Name_array id="mixamorig_RightToeBase-Interpolations-array" count="32">
 LINEAR LINEAR LINEAR LINEAR LINEAR LINEAR LINEAR LINEAR LINEAR LINEAR LINEAR
LINEAR LINEAR LINEAR LINEAR LINEAR LINEAR LINEAR LINEAR LINEAR LINEAR LINEAR LINEAR
LINEAR LINEAR LINEAR LINEAR LINEAR LINEAR LINEAR LINEAR LINEAR</Name_array>
        <technique_common>
          <accessor source="#mixamorig_RightToeBase-Interpolations-array" count="32">
            <param type="name"/>
          </accessor>
        </technique_common>
      </source>
      <sampler id="mixamorig_RightToeBase-Matrix-animation-transform">
        <input semantic="INPUT" source="#mixamorig_RightToeBase-Matrix-animation-input"/>
        <input semantic="OUTPUT" source="#mixamorig_RightToeBase-Matrix-animation-output-transform"/>
        <input semantic="INTERPOLATION" source="#mixamorig_RightToeBase-Interpolations"/>
      </sampler>
      <channel source="#mixamorig_RightToeBase-Matrix-animation-transform" target="mixamorig_RightToeBase/matrix"/>
    </animation>
  </library_animations>
  <library_visual_scenes>
    <visual_scene id="RootNode" name="RootNode">
      <node id="mixamorig_Hips" name="mixamorig_Hips" sid="mixamorig_Hips" type="JOINT">
        <matrix sid="matrix">0.997010 0.059314 0.049529 -0.294793 -0.058493 0.998128 -0.017864 114.125046 -0.050496 0.014914 0.998613 -1.924282 0.000000 0.000000 0.000000 1.000000</matrix>
        <node id="mixamorig_Spine" name="mixamorig_Spine" sid="mixamorig_Spine" type="JOINT">
          <matrix sid="matrix">0.999269 -0.038048 0.003789 0.000000 0.038060 0.999270 -0.003211 13.214800 -0.003664 0.003352 0.999988 0.000000 0.000000 0.000000 0.000000 1.000000</matrix>
          <node id="mixamorig_Spine1" name="mixamorig_Spine1" sid="mixamorig_Spine1" type="JOINT">
            <matrix sid="matrix">0.999893 -0.008306 0.012032 0.000000 0.008388 0.999942 -0.006728 9.224200 -0.011975 0.006828 0.999905 0.000000 0.000000 0.000000 0.000000 1.000000</matrix>
            <node id="mixamorig_Spine2" name="mixamorig_Spine2" sid="mixamorig_Spine2" type="JOINT">
              <matrix sid="matrix">0.999894 -0.008193 0.012019 0.000000 0.008274 0.999943 -0.006724 11.063000 -0.011963 0.006823 0.999905 0.000000 0.000000 0.000000 0.000000 1.000000</matrix>
              <node id="mixamorig_Neck" name="mixamorig_Neck" sid="mixamorig_Neck" type="JOINT">
                <matrix sid="matrix">0.999746 0.021083 -0.007958 -0.006000 -0.021083 0.999778 0.000075 23.723499 0.007958 0.000093 0.999968 -1.446200 0.000000 0.000000 0.000000 1.000000</matrix>
                <node id="mixamorig_Head" name="mixamorig_Head" sid="mixamorig_Head" type="JOINT">
                  <matrix sid="matrix">0.998050 -0.033250 -0.052817 0.000000 0.030730 0.998383 -0.047823 10.037100 0.054322 0.046107 0.997458 3.529500 0.000000 0.000000 0.000000 1.000000</matrix>
                  <node id="mixamorig_HeadTop_End" name="mixamorig_HeadTop_End" sid="mixamorig_HeadTop_End" type="JOINT">
                    <matrix sid="matrix">1.000000 0.000000 0.000000 0.000000 -0.000000 1.000000 0.000000 17.783001 0.000000 0.000000 1.000000 3.803600 0.000000 0.000000 0.000000 1.000000</matrix>
                  </node>
                  <node id="mixamorig_RightEye" name="mixamorig_RightEye" sid="mixamorig_RightEye" type="JOINT">
                    <matrix sid="matrix">1.000000 0.000000 -0.000000 -3.293300 -0.000000 0.000000 -1.000000 4.765900 0.000000 1.000000 0.000000 6.339300 0.000000 0.000000 0.000000 1.000000</matrix>
                  </node>
                </node>
              </node>
              <node id="mixamorig_LeftShoulder" name="mixamorig_LeftShoulder" sid="mixamorig_LeftShoulder" type="JOINT">
                <matrix sid="matrix">0.240144 0.704716 -0.667613 11.304900 0.023964 -0.691832 -0.721661 19.886000 -0.970442 0.157304 -0.183027 -3.966000 0.000000 0.000000 0.000000 1.000000</matrix>
                <node id="mixamorig_LeftArm" name="mixamorig_LeftArm" sid="mixamorig_LeftArm" type="JOINT">
                  <matrix sid="matrix">0.988928 -0.030386 -0.145254 0.000000 -0.031669 0.913051 -0.406615 12.686800 0.144980 0.406713 0.901979 0.000000 0.000000 0.000000 0.000000 1.000000</matrix>
                  <node id="mixamorig_LeftForeArm" name="mixamorig_LeftForeArm" sid="mixamorig_LeftForeArm" type="JOINT">
                    <matrix sid="matrix">0.806392 -0.473149 0.354771 -0.000000 0.529017 0.845280 -0.075123 30.736700 -0.264336 0.248258 0.931930 0.000000 0.000000 0.000000 0.000000 1.000000</matrix>
                    <node id="mixamorig_LeftHand" name="mixamorig_LeftHand" sid="mixamorig_LeftHand" type="JOINT">
                      <matrix sid="matrix">0.931570 -0.223820 0.286499 0.000000 0.156730 0.958283 0.239019 26.713100 -0.328044 -0.177760 0.927787 0.000000 0.000000 0.000000 0.000000 1.000000</matrix>
                      <node id="mixamorig_LeftHandThumb1" name="mixamorig_LeftHandThumb1" sid="mixamorig_LeftHandThumb1" type="JOINT">
                        <matrix sid="matrix">0.925554 -0.365699 0.098053 -2.604400 0.360103 0.770272 -0.526315 4.344900 0.116946 0.522442 0.844617 2.566800 0.000000 0.000000 0.000000 1.000000</matrix>
                        <node id="mixamorig_LeftHandThumb2" name="mixamorig_LeftHandThumb2" sid="mixamorig_LeftHandThumb2" type="JOINT">
                          <matrix sid="matrix">0.991570 0.129574 -0.000351 0.000000 -0.129564 0.991519 0.010148 4.523200 0.001663 -0.010017 0.999948 -0.000000 0.000000 0.000000 0.000000 1.000000</matrix>
                          <node id="mixamorig_LeftHandThumb3" name="mixamorig_LeftHandThumb3" sid="mixamorig_LeftHandThumb3" type="JOINT">
                            <matrix sid="matrix">1.000000 0.000000 -0.000000 -0.000000 -0.000000 1.000000 -0.000000 3.636400 0.000000 0.000000 1.000000 0.000000 0.000000 0.000000 0.000000 1.000000</matrix>
                            <node id="mixamorig_LeftHandThumb4" name="mixamorig_LeftHandThumb4" sid="mixamorig_LeftHandThumb4" type="JOINT">
                              <matrix sid="matrix">1.000000 0.000000 -0.000000 0.000000 0.000000 1.000000 0.000000 3.907300 -0.000000 -0.000000 1.000000 0.000000 0.000000 0.000000 0.000000 1.000000</matrix>
                            </node>
                          </node>
                        </node>
                      </node>
                      <node id="mixamorig_LeftHandIndex1" name="mixamorig_LeftHandIndex1" sid="mixamorig_LeftHandIndex1" type="JOINT">
                        <matrix sid="matrix">0.997443 -0.066411 0.026383 -3.402400 0.066519 0.727964 -0.682380 12.111600 0.026112 0.682391 0.730521 0.315900 0.000000 0.000000 0.000000 1.000000</matrix>
                        <node id="mixamorig_LeftHandIndex2" name="mixamorig_LeftHandIndex2" sid="mixamorig_LeftHandIndex2" type="JOINT">
                          <matrix sid="matrix">0.992553 -0.107334 0.057609 -0.000000 0.071802 0.133449 -0.988451 4.509100 0.098406 0.985226 0.140161 -0.000000 0.000000 0.000000 0.000000 1.000000</matrix>
                          <node id="mixamorig_LeftHandIndex3" name="mixamorig_LeftHandIndex3" sid="mixamorig_LeftHandIndex3" type="JOINT">
                            <matrix sid="matrix">1.000000 0.000000 0.000000 -0.000000 -0.000000 1.000000 0.000000 2.907200 -0.000000 -0.000000 1.000000 0.000000 0.000000 0.000000 0.000000 1.000000</matrix>
                            <node id="mixamorig_LeftHandIndex4" name="mixamorig_LeftHandIndex4" sid="mixamorig_LeftHandIndex4" type="JOINT">
                              <matrix sid="matrix">1.000000 -0.000000 0.000000 0.000000 0.000000 1.000000 0.000000 2.981700 -0.000000 -0.000000 1.000000 0.000000 0.000000 0.000000 0.000000 1.000000</matrix>
                            </node>
                          </node>
                        </node>
                      </node>
                      <node id="mixamorig_LeftHandMiddle1" name="mixamorig_LeftHandMiddle1" sid="mixamorig_LeftHandMiddle1" type="JOINT">
                        <matrix sid="matrix">0.985795 -0.166064 0.025101 0.000000 0.097233 0.442445 -0.891509 13.093800 0.136941 0.881286 0.452308 0.000000 0.000000 0.000000 0.000000 1.000000</matrix>
                        <node id="mixamorig_LeftHandMiddle2" name="mixamorig_LeftHandMiddle2" sid="mixamorig_LeftHandMiddle2" type="JOINT">
                          <matrix sid="matrix">0.987077 -0.108855 0.117601 0.000000 0.091556 -0.219207 -0.971373 3.620200 0.131518 0.969587 -0.206408 0.000000 0.000000 0.000000 0.000000 1.000000</matrix>
                          <node id="mixamorig_LeftHandMiddle3" name="mixamorig_LeftHandMiddle3" sid="mixamorig_LeftHandMiddle3" type="JOINT">
                            <matrix sid="matrix">1.000000 0.000000 -0.000000 0.000000 -0.000000 1.000000 -0.000000 2.832500 0.000000 0.000000 1.000000 0.000000 0.000000 0.000000 0.000000 1.000000</matrix>
                            <node id="mixamorig_LeftHandMiddle4" name="mixamorig_LeftHandMiddle4" sid="mixamorig_LeftHandMiddle4" type="JOINT">
                              <matrix sid="matrix">1.000000 0.000000 0.000000 0.000000 0.000000 1.000000 -0.000000 4.715600 -0.000000 0.000000 1.000000 0.000000 0.000000 0.000000 0.000000 1.000000</matrix>
                            </node>
                          </node>
                        </node>
                      </node>
                      <node id="mixamorig_LeftHandRing1" name="mixamorig_LeftHandRing1" sid="mixamorig_LeftHandRing1" type="JOINT">
                        <matrix sid="matrix">0.978254 -0.154391 -0.138500 3.523100 -0.059170 0.432272 -0.899800 12.918800 0.198791 0.888428 0.413736 -0.015900 0.000000 0.000000 0.000000 1.000000</matrix>
                        <node id="mixamorig_LeftHandRing2" name="mixamorig_LeftHandRing2" sid="mixamorig_LeftHandRing2" type="JOINT">
                          <matrix sid="matrix">0.994230 -0.055244 0.091948 0.000000 0.074190 -0.264942 -0.961406 2.936000 0.077473 0.962680 -0.259315 0.000000 0.000000 0.000000 0.000000 1.000000</matrix>
                          <node id="mixamorig_LeftHandRing3" name="mixamorig_LeftHandRing3" sid="mixamorig_LeftHandRing3" type="JOINT">
                            <matrix sid="matrix">1.000000 0.000000 0.000000 -0.000000 -0.000000 1.000000 -0.000000 3.435600 0.000000 0.000000 1.000000 0.000000 0.000000 0.000000 0.000000 1.000000</matrix>
                            <node id="mixamorig_LeftHandRing4" name="mixamorig_LeftHandRing4" sid="mixamorig_LeftHandRing4" type="JOINT">
                              <matrix sid="matrix">1.000000 -0.000000 0.000000 -0.000000 -0.000000 1.000000 -0.000000 3.120600 -0.000000 -0.000000 1.000000 0.000000 0.000000 0.000000 0.000000 1.000000</matrix>
                            </node>
                          </node>
                        </node>
                      </node>
                      <node id="mixamorig_LeftHandPinky1" name="mixamorig_LeftHandPinky1" sid="mixamorig_LeftHandPinky1" type="JOINT">
                        <matrix sid="matrix">0.956994 -0.212908 -0.197060 6.518400 -0.134663 0.275642 -0.951781 11.479300 0.256960 0.937385 0.235117 0.316100 0.000000 0.000000 0.000000 1.000000</matrix>
                        <node id="mixamorig_LeftHandPinky2" name="mixamorig_LeftHandPinky2" sid="mixamorig_LeftHandPinky2" type="JOINT">
                          <matrix sid="matrix">0.993663 -0.019217 0.110744 0.000000 0.108088 -0.106873 -0.988380 2.474700 0.030829 0.994087 -0.104119 0.000000 0.000000 0.000000 0.000000 1.000000</matrix>
                          <node id="mixamorig_LeftHandPinky3" name="mixamorig_LeftHandPinky3" sid="mixamorig_LeftHandPinky3" type="JOINT">
                            <matrix sid="matrix">1.000000 0.000000 0.000000 0.000000 -0.000000 1.000000 -0.000000 2.073800 -0.000000 0.000000 1.000000 0.000000 0.000000 0.000000 0.000000 1.000000</matrix>
                            <node id="mixamorig_LeftHandPinky4" name="mixamorig_LeftHandPinky4" sid="mixamorig_LeftHandPinky4" type="JOINT">
                              <matrix sid="matrix">1.000000 0.000000 0.000000 -0.000000 0.000000 1.000000 0.000000 2.978900 -0.000000 -0.000000 1.000000 -0.000000 0.000000 0.000000 0.000000 1.000000</matrix>
                            </node>
                          </node>
                        </node>
                      </node>
                    </node>
                  </node>
                </node>
              </node>
              <node id="mixamorig_RightShoulder" name="mixamorig_RightShoulder" sid="mixamorig_RightShoulder" type="JOINT">
                <matrix sid="matrix">0.114065 -0.707439 0.697509 -11.278600 -0.039559 -0.704769 -0.708333 19.886000 0.992685 0.053203 -0.108375 -3.966000 0.000000 0.000000 0.000000 1.000000</matrix>
                <node id="mixamorig_RightArm" name="mixamorig_RightArm" sid="mixamorig_RightArm" type="JOINT">
                  <matrix sid="matrix">0.950342 -0.179363 0.254322 0.000000 0.277927 0.856846 -0.434248 12.686800 -0.140027 0.483367 0.864146 0.000000 0.000000 0.000000 0.000000 1.000000</matrix>
                  <node id="mixamorig_RightForeArm" name="mixamorig_RightForeArm" sid="mixamorig_RightForeArm" type="JOINT">
                    <matrix sid="matrix">0.888800 0.365968 -0.275866 0.000000 -0.419799 0.891611 -0.169704 30.736700 0.183858 0.266641 0.946096 0.000000 0.000000 0.000000 0.000000 1.000000</matrix>
                    <node id="mixamorig_RightHand" name="mixamorig_RightHand" sid="mixamorig_RightHand" type="JOINT">
                      <matrix sid="matrix">0.923166 0.103058 -0.370329 -0.000000 -0.059904 0.990191 0.126226 26.713100 0.379705 -0.094344 0.920284 0.000000 0.000000 0.000000 0.000000 1.000000</matrix>
                      <node id="mixamorig_RightHandThumb1" name="mixamorig_RightHandThumb1" sid="mixamorig_RightHandThumb1" type="JOINT">
                        <matrix sid="matrix">0.913795 0.403922 -0.042721 2.712200 -0.392467 0.850966 -0.349037 6.800000 -0.104629 0.335715 0.936135 2.789800 0.000000 0.000000 0.000000 1.000000</matrix>
                        <node id="mixamorig_RightHandThumb2" name="mixamorig_RightHandThumb2" sid="mixamorig_RightHandThumb2" type="JOINT">
                          <matrix sid="matrix">0.896651 -0.284637 -0.339114 0.000000 0.200879 0.944121 -0.261309 4.523200 0.394543 0.166182 0.903725 0.000000 0.000000 0.000000 0.000000 1.000000</matrix>
                          <node id="mixamorig_RightHandThumb3" name="mixamorig_RightHandThumb3" sid="mixamorig_RightHandThumb3" type="JOINT">
                            <matrix sid="matrix">1.000000 0.000000 -0.000000 0.000000 -0.000000 1.000000 0.000000 3.636400 0.000000 -0.000000 1.000000 -0.000000 0.000000 0.000000 0.000000 1.000000</matrix>
                            <node id="mixamorig_RightHandThumb4" name="mixamorig_RightHandThumb4" sid="mixamorig_RightHandThumb4" type="JOINT">
                              <matrix sid="matrix">1.000000 -0.000000 0.000000 -0.000000 -0.000000 1.000000 -0.000000 3.907300 -0.000000 -0.000000 1.000000 0.000000 0.000000 0.000000 0.000000 1.000000</matrix>
                            </node>
                          </node>
                        </node>
                      </node>
                      <node id="mixamorig_RightHandIndex1" name="mixamorig_RightHandIndex1" sid="mixamorig_RightHandIndex1" type="JOINT">
                        <matrix sid="matrix">0.998910 0.009439 0.045723 3.526400 0.021908 0.770053 -0.637604 14.497500 -0.041227 0.637910 0.769007 1.249000 0.000000 0.000000 0.000000 1.000000</matrix>
                        <node id="mixamorig_RightHandIndex2" name="mixamorig_RightHandIndex2" sid="mixamorig_RightHandIndex2" type="JOINT">
                          <matrix sid="matrix">0.996308 0.085379 0.008940 0.000000 -0.025110 0.389419 -0.920719 4.509100 -0.082092 0.917095 0.390125 0.000000 0.000000 0.000000 0.000000 1.000000</matrix>
                          <node id="mixamorig_RightHandIndex3" name="mixamorig_RightHandIndex3" sid="mixamorig_RightHandIndex3" type="JOINT">
                            <matrix sid="matrix">1.000000 0.000000 0.000000 -0.000000 -0.000000 1.000000 0.000000 2.907200 -0.000000 -0.000000 1.000000 0.000000 0.000000 0.000000 0.000000 1.000000</matrix>
                            <node id="mixamorig_RightHandIndex4" name="mixamorig_RightHandIndex4" sid="mixamorig_RightHandIndex4" type="JOINT">
                              <matrix sid="matrix">1.000000 -0.000000 -0.000000 0.000000 0.000000 1.000000 -0.000000 2.981700 0.000000 0.000000 1.000000 0.000000 0.000000 0.000000 0.000000 1.000000</matrix>
                            </node>
                          </node>
                        </node>
                      </node>
                      <node id="mixamorig_RightHandMiddle1" name="mixamorig_RightHandMiddle1" sid="mixamorig_RightHandMiddle1" type="JOINT">
                        <matrix sid="matrix">0.996345 0.055949 0.064547 0.000000 0.012248 0.654263 -0.756168 15.099700 -0.084538 0.754194 0.651187 0.000000 0.000000 0.000000 0.000000 1.000000</matrix>
                        <node id="mixamorig_RightHandMiddle2" name="mixamorig_RightHandMiddle2" sid="mixamorig_RightHandMiddle2" type="JOINT">
                          <matrix sid="matrix">0.993639 0.112592 0.001884 -0.000000 -0.030778 0.287637 -0.957245 3.620200 -0.108320 0.951098 0.289272 -0.000000 0.000000 0.000000 0.000000 1.000000</matrix>
                          <node id="mixamorig_RightHandMiddle3" name="mixamorig_RightHandMiddle3" sid="mixamorig_RightHandMiddle3" type="JOINT">
                            <matrix sid="matrix">1.000000 0.000000 -0.000000 0.000000 -0.000000 1.000000 0.000000 2.832500 0.000000 -0.000000 1.000000 -0.000000 0.000000 0.000000 0.000000 1.000000</matrix>
                            <node id="mixamorig_RightHandMiddle4" name="mixamorig_RightHandMiddle4" sid="mixamorig_RightHandMiddle4" type="JOINT">
                              <matrix sid="matrix">1.000000 0.000000 -0.000000 -0.000000 0.000000 1.000000 -0.000000 4.715600 -0.000000 0.000000 1.000000 0.000000 0.000000 0.000000 0.000000 1.000000</matrix>
                            </node>
                          </node>
                        </node>
                      </node>
                      <node id="mixamorig_RightHandRing1" name="mixamorig_RightHandRing1" sid="mixamorig_RightHandRing1" type="JOINT">
                        <matrix sid="matrix">0.996967 0.077692 -0.004640 -3.512100 -0.055291 0.665025 -0.744772 15.621700 -0.054777 0.742769 0.667303 0.773000 0.000000 0.000000 0.000000 1.000000</matrix>
                        <node id="mixamorig_RightHandRing2" name="mixamorig_RightHandRing2" sid="mixamorig_RightHandRing2" type="JOINT">
                          <matrix sid="matrix">0.992416 0.068107 -0.102331 -0.000000 -0.112145 0.160758 -0.980602 2.936000 -0.050336 0.984641 0.167177 -0.000000 0.000000 0.000000 0.000000 1.000000</matrix>
                          <node id="mixamorig_RightHandRing3" name="mixamorig_RightHandRing3" sid="mixamorig_RightHandRing3" type="JOINT">
                            <matrix sid="matrix">1.000000 -0.000000 -0.000000 -0.000000 0.000000 1.000000 -0.000000 3.435600 0.000000 0.000000 1.000000 -0.000000 0.000000 0.000000 0.000000 1.000000</matrix>
                            <node id="mixamorig_RightHandRing4" name="mixamorig_RightHandRing4" sid="mixamorig_RightHandRing4" type="JOINT">
                              <matrix sid="matrix">1.000000 0.000000 -0.000000 0.000000 0.000000 1.000000 0.000000 3.120600 0.000000 0.000000 1.000000 -0.000000 0.000000 0.000000 0.000000 1.000000</matrix>
                            </node>
                          </node>
                        </node>
                      </node>
                      <node id="mixamorig_RightHandPinky1" name="mixamorig_RightHandPinky1" sid="mixamorig_RightHandPinky1" type="JOINT">
                        <matrix sid="matrix">0.992122 0.118964 -0.039272 -6.433200 -0.112400 0.706828 -0.698398 14.089700 -0.055325 0.697310 0.714631 1.001200 0.000000 0.000000 0.000000 1.000000</matrix>
                        <node id="mixamorig_RightHandPinky2" name="mixamorig_RightHandPinky2" sid="mixamorig_RightHandPinky2" type="JOINT">
                          <matrix sid="matrix">0.982066 0.063714 -0.177446 0.000000 -0.180412 0.044247 -0.982595 2.474700 -0.054753 0.996987 0.054948 0.000000 0.000000 0.000000 0.000000 1.000000</matrix>
                          <node id="mixamorig_RightHandPinky3" name="mixamorig_RightHandPinky3" sid="mixamorig_RightHandPinky3" type="JOINT">
                            <matrix sid="matrix">1.000000 -0.000000 -0.000000 -0.000000 0.000000 1.000000 0.000000 2.073800 0.000000 -0.000000 1.000000 0.000000 0.000000 0.000000 0.000000 1.000000</matrix>
                            <node id="mixamorig_RightHandPinky4" name="mixamorig_RightHandPinky4" sid="mixamorig_RightHandPinky4" type="JOINT">
                              <matrix sid="matrix">1.000000 0.000000 -0.000000 0.000000 -0.000000 1.000000 0.000000 2.978900 0.000000 -0.000000 1.000000 0.000000 0.000000 0.000000 0.000000 1.000000</matrix>
                            </node>
                          </node>
                        </node>
                      </node>
                    </node>
                  </node>
                </node>
              </node>
            </node>
          </node>
        </node>
        <node id="mixamorig_LeftUpLeg" name="mixamorig_LeftUpLeg" sid="mixamorig_LeftUpLeg" type="JOINT">
          <matrix sid="matrix">-0.986192 0.149154 0.071957 9.418100 -0.091420 -0.852643 0.514434 -4.875100 0.138084 0.500752 0.854506 1.897700 0.000000 0.000000 0.000000 1.000000</matrix>
          <node id="mixamorig_LeftLeg" name="mixamorig_LeftLeg" sid="mixamorig_LeftLeg" type="JOINT">
            <matrix sid="matrix">0.999801 -0.014997 0.013153 0.000000 -0.007621 0.322201 0.946641 48.478100 -0.018434 -0.946552 0.322023 0.000000 0.000000 0.000000 0.000000 1.000000</matrix>
            <node id="mixamorig_LeftFoot" name="mixamorig_LeftFoot" sid="mixamorig_LeftFoot" type="JOINT">
              <matrix sid="matrix">0.996860 -0.069008 -0.038840 0.000000 0.011881 0.615274 -0.788224 51.588001 0.078291 0.785287 0.614162 -0.000000 0.000000 0.000000 0.000000 1.000000</matrix>
              <node id="mixamorig_LeftToeBase" name="mixamorig_LeftToeBase" sid="mixamorig_LeftToeBase" type="JOINT">
                <matrix sid="matrix">0.998158 0.031270 -0.051983 0.000000 -0.058939 0.702761 -0.708980 21.400000 0.014362 0.710739 0.703310 -0.000000 0.000000 0.000000 0.000000 1.000000</matrix>
                <node id="mixamorig_LeftToe_End" name="mixamorig_LeftToe_End" sid="mixamorig_LeftToe_End" type="JOINT">
                  <matrix sid="matrix">1.000000 0.000000 -0.000000 0.000000 -0.000000 1.000000 -0.000000 12.650800 -0.000000 -0.000000 1.000000 -0.000000 0.000000 0.000000 0.000000 1.000000</matrix>
                </node>
              </node>
            </node>
          </node>
        </node>
        <node id="mixamorig_RightUpLeg" name="mixamorig_RightUpLeg" sid="mixamorig_RightUpLeg" type="JOINT">
          <matrix sid="matrix">-0.983370 0.069387 -0.167834 -9.418100 -0.116809 -0.949274 0.291950 -4.875100 -0.139063 0.306699 0.941593 1.897700 0.000000 0.000000 0.000000 1.000000</matrix>
          <node id="mixamorig_RightLeg" name="mixamorig_RightLeg" sid="mixamorig_RightLeg" type="JOINT">
            <matrix sid="matrix">0.991158 0.018042 -0.131455 0.000000 0.058632 0.829188 0.555887 48.478100 0.119030 -0.558679 0.820798 0.000000 0.000000 0.000000 0.000000 1.000000</matrix>
            <node id="mixamorig_RightFoot" name="mixamorig_RightFoot" sid="mixamorig_RightFoot" type="JOINT">
              <matrix sid="matrix">0.990612 0.126011 -0.053010 -0.000000 -0.100283 0.406290 -0.908224 51.588001 -0.092909 0.905013 0.415113 0.000000 0.000000 0.000000 0.000000 1.000000</matrix>
              <node id="mixamorig_RightToeBase" name="mixamorig_RightToeBase" sid="mixamorig_RightToeBase" type="JOINT">
                <matrix sid="matrix">0.998287 0.012812 0.057092 0.000000 0.032334 0.692426 -0.720764 21.400000 -0.048767 0.721375 0.690825 -0.000000 0.000000 0.000000 0.000000 1.000000</matrix>
                <node id="mixamorig_RightToe_End" name="mixamorig_RightToe_End" sid="mixamorig_RightToe_End" type="JOINT">
                  <matrix sid="matrix">1.000000 0.000000 -0.000000 0.000000 -0.000000 1.000000 0.000000 12.651100 0.000000 0.000000 1.000000 -0.000000 0.000000 0.000000 0.000000 1.000000</matrix>
                </node>
              </node>
            </node>
          </node>
        </node>
      </node>
    </visual_scene>
  </library_visual_scenes>
  <scene>
    <instance_visual_scene url="#RootNode"/>
  </scene>
</COLLADA>
